==================================================
System Information for: Centralized Baseline
Node Name: mdc-1057-18-2.rc.usf.edu
OS Platform: Linux-3.10.0-1160.2.1.el7.x86_64-x86_64-with-glibc2.17
CPU: 32 physical cores, 64 logical cores
Total RAM: 251.21 GB
GPUs Available: 1
  GPU 0: NVIDIA L40S (VRAM: 44.53 GB)
==================================================
Using device: cuda

Epoch 1/100  LR=0.000056
Epoch 1 Progress: 0% (9/989) - Loss: 0.9191
Epoch 1 Progress: 1% (18/989) - Loss: 0.8640
Epoch 1 Progress: 2% (27/989) - Loss: 0.8403
Epoch 1 Progress: 3% (36/989) - Loss: 0.8910
Epoch 1 Progress: 4% (45/989) - Loss: 0.8393
Epoch 1 Progress: 5% (54/989) - Loss: 0.9201
Epoch 1 Progress: 6% (63/989) - Loss: 0.8706
Epoch 1 Progress: 7% (72/989) - Loss: 0.8150
Epoch 1 Progress: 8% (81/989) - Loss: 0.7956
Epoch 1 Progress: 9% (90/989) - Loss: 0.8267
Epoch 1 Progress: 10% (99/989) - Loss: 0.7776
Epoch 1 Progress: 10% (108/989) - Loss: 0.7286
Epoch 1 Progress: 11% (117/989) - Loss: 0.8314
Epoch 1 Progress: 12% (126/989) - Loss: 0.6638
Epoch 1 Progress: 13% (135/989) - Loss: 0.6600
Epoch 1 Progress: 14% (144/989) - Loss: 0.9323
Epoch 1 Progress: 15% (153/989) - Loss: 0.6246
Epoch 1 Progress: 16% (162/989) - Loss: 0.6944
Epoch 1 Progress: 17% (171/989) - Loss: 0.6499
Epoch 1 Progress: 18% (180/989) - Loss: 0.6380
Epoch 1 Progress: 19% (189/989) - Loss: 0.6978
Epoch 1 Progress: 20% (198/989) - Loss: 0.6740
Epoch 1 Progress: 20% (207/989) - Loss: 0.6960
Epoch 1 Progress: 21% (216/989) - Loss: 0.5509
Epoch 1 Progress: 22% (225/989) - Loss: 0.7540
Epoch 1 Progress: 23% (234/989) - Loss: 0.7410
Epoch 1 Progress: 24% (243/989) - Loss: 0.6596
Epoch 1 Progress: 25% (252/989) - Loss: 0.7245
Epoch 1 Progress: 26% (261/989) - Loss: 0.6471
Epoch 1 Progress: 27% (270/989) - Loss: 0.7742
Epoch 1 Progress: 28% (279/989) - Loss: 0.4580
Epoch 1 Progress: 29% (288/989) - Loss: 0.6299
Epoch 1 Progress: 30% (297/989) - Loss: 0.6779
Epoch 1 Progress: 30% (306/989) - Loss: 0.6977
Epoch 1 Progress: 31% (315/989) - Loss: 0.7177
Epoch 1 Progress: 32% (324/989) - Loss: 0.6595
Epoch 1 Progress: 33% (333/989) - Loss: 0.5635
Epoch 1 Progress: 34% (342/989) - Loss: 0.5597
Epoch 1 Progress: 35% (351/989) - Loss: 0.5022
Epoch 1 Progress: 36% (360/989) - Loss: 0.7506
Epoch 1 Progress: 37% (369/989) - Loss: 0.5616
Epoch 1 Progress: 38% (378/989) - Loss: 0.7046
Epoch 1 Progress: 39% (387/989) - Loss: 0.5680
Epoch 1 Progress: 40% (396/989) - Loss: 0.5657
Epoch 1 Progress: 40% (405/989) - Loss: 0.5745
Epoch 1 Progress: 41% (414/989) - Loss: 0.5551
Epoch 1 Progress: 42% (423/989) - Loss: 0.9168
Epoch 1 Progress: 43% (432/989) - Loss: 0.8397
Epoch 1 Progress: 44% (441/989) - Loss: 0.7063
Epoch 1 Progress: 45% (450/989) - Loss: 0.3830
Epoch 1 Progress: 46% (459/989) - Loss: 0.4394
Epoch 1 Progress: 47% (468/989) - Loss: 0.8417
Epoch 1 Progress: 48% (477/989) - Loss: 0.4376
Epoch 1 Progress: 49% (486/989) - Loss: 0.5999
Epoch 1 Progress: 50% (495/989) - Loss: 0.3955
Epoch 1 Progress: 50% (504/989) - Loss: 0.6046
Epoch 1 Progress: 51% (513/989) - Loss: 0.4541
Epoch 1 Progress: 52% (522/989) - Loss: 0.8023
Epoch 1 Progress: 53% (531/989) - Loss: 0.4556
Epoch 1 Progress: 54% (540/989) - Loss: 0.4367
Epoch 1 Progress: 55% (549/989) - Loss: 0.4974
Epoch 1 Progress: 56% (558/989) - Loss: 0.3336
Epoch 1 Progress: 57% (567/989) - Loss: 0.6842
Epoch 1 Progress: 58% (576/989) - Loss: 0.4637
Epoch 1 Progress: 59% (585/989) - Loss: 0.6145
Epoch 1 Progress: 60% (594/989) - Loss: 0.8951
Epoch 1 Progress: 60% (603/989) - Loss: 0.3993
Epoch 1 Progress: 61% (612/989) - Loss: 0.8013
Epoch 1 Progress: 62% (621/989) - Loss: 0.3130
Epoch 1 Progress: 63% (630/989) - Loss: 0.9049
Epoch 1 Progress: 64% (639/989) - Loss: 0.3581
Epoch 1 Progress: 65% (648/989) - Loss: 0.4146
Epoch 1 Progress: 66% (657/989) - Loss: 0.3366
Epoch 1 Progress: 67% (666/989) - Loss: 0.3833
Epoch 1 Progress: 68% (675/989) - Loss: 0.5328
Epoch 1 Progress: 69% (684/989) - Loss: 0.2596
Epoch 1 Progress: 70% (693/989) - Loss: 0.5689
Epoch 1 Progress: 70% (702/989) - Loss: 0.3939
Epoch 1 Progress: 71% (711/989) - Loss: 0.7984
Epoch 1 Progress: 72% (720/989) - Loss: 0.3705
Epoch 1 Progress: 73% (729/989) - Loss: 0.7674
Epoch 1 Progress: 74% (738/989) - Loss: 0.3178
Epoch 1 Progress: 75% (747/989) - Loss: 0.3896
Epoch 1 Progress: 76% (756/989) - Loss: 0.3266
Epoch 1 Progress: 77% (765/989) - Loss: 0.4153
Epoch 1 Progress: 78% (774/989) - Loss: 0.3382
Epoch 1 Progress: 79% (783/989) - Loss: 0.3662
Epoch 1 Progress: 80% (792/989) - Loss: 0.3235
Epoch 1 Progress: 80% (801/989) - Loss: 0.7749
Epoch 1 Progress: 81% (810/989) - Loss: 0.2229
Epoch 1 Progress: 82% (819/989) - Loss: 0.4990
Epoch 1 Progress: 83% (828/989) - Loss: 0.6151
Epoch 1 Progress: 84% (837/989) - Loss: 0.4143
Epoch 1 Progress: 85% (846/989) - Loss: 0.3820
Epoch 1 Progress: 86% (855/989) - Loss: 0.2490
Epoch 1 Progress: 87% (864/989) - Loss: 0.3590
Epoch 1 Progress: 88% (873/989) - Loss: 0.4526
Epoch 1 Progress: 89% (882/989) - Loss: 0.2570
Epoch 1 Progress: 90% (891/989) - Loss: 0.3619
Epoch 1 Progress: 91% (900/989) - Loss: 0.2397
Epoch 1 Progress: 91% (909/989) - Loss: 0.3187
Epoch 1 Progress: 92% (918/989) - Loss: 0.2154
Epoch 1 Progress: 93% (927/989) - Loss: 0.4774
Epoch 1 Progress: 94% (936/989) - Loss: 0.2852
Epoch 1 Progress: 95% (945/989) - Loss: 0.3605
Epoch 1 Progress: 96% (954/989) - Loss: 0.2719
Epoch 1 Progress: 97% (963/989) - Loss: 0.2763
Epoch 1 Progress: 98% (972/989) - Loss: 0.6349
Epoch 1 Progress: 99% (981/989) - Loss: 0.7676
Epoch 1 Progress: 100% (989/989) - Loss: 0.2161
Train Loss: 0.5759 | Val Loss: 0.5389 | Val Mean Dice: 0.7012
Dice WT: 0.8262 | Dice TC: 0.5825 | Dice ET: 0.6950
Peak RAM: 1430 MB | Peak VRAM: 26387 MB | Peak GPU Util: 100.0%
Validation Dice improved from 0.0000 to 0.7012. Saving model...

Epoch 2/100  LR=0.000056
Epoch 2 Progress: 0% (9/989) - Loss: 0.3778
Epoch 2 Progress: 1% (18/989) - Loss: 0.5199
Epoch 2 Progress: 2% (27/989) - Loss: 0.4265
Epoch 2 Progress: 3% (36/989) - Loss: 0.3053
Epoch 2 Progress: 4% (45/989) - Loss: 0.3720
Epoch 2 Progress: 5% (54/989) - Loss: 0.3218
Epoch 2 Progress: 6% (63/989) - Loss: 0.2895
Epoch 2 Progress: 7% (72/989) - Loss: 0.2406
Epoch 2 Progress: 8% (81/989) - Loss: 0.2477
Epoch 2 Progress: 9% (90/989) - Loss: 0.2425
Epoch 2 Progress: 10% (99/989) - Loss: 0.2698
Epoch 2 Progress: 10% (108/989) - Loss: 0.2676
Epoch 2 Progress: 11% (117/989) - Loss: 0.1821
Epoch 2 Progress: 12% (126/989) - Loss: 0.4385
Epoch 2 Progress: 13% (135/989) - Loss: 0.2209
Epoch 2 Progress: 14% (144/989) - Loss: 0.6200
Epoch 2 Progress: 15% (153/989) - Loss: 0.2568
Epoch 2 Progress: 16% (162/989) - Loss: 0.1696
Epoch 2 Progress: 17% (171/989) - Loss: 0.2508
Epoch 2 Progress: 18% (180/989) - Loss: 0.1780
Epoch 2 Progress: 19% (189/989) - Loss: 0.7027
Epoch 2 Progress: 20% (198/989) - Loss: 0.2567
Epoch 2 Progress: 20% (207/989) - Loss: 0.2775
Epoch 2 Progress: 21% (216/989) - Loss: 0.3521
Epoch 2 Progress: 22% (225/989) - Loss: 0.2252
Epoch 2 Progress: 23% (234/989) - Loss: 0.1899
Epoch 2 Progress: 24% (243/989) - Loss: 0.3432
Epoch 2 Progress: 25% (252/989) - Loss: 0.6416
Epoch 2 Progress: 26% (261/989) - Loss: 0.2989
Epoch 2 Progress: 27% (270/989) - Loss: 0.7284
Epoch 2 Progress: 28% (279/989) - Loss: 0.3018
Epoch 2 Progress: 29% (288/989) - Loss: 0.1987
Epoch 2 Progress: 30% (297/989) - Loss: 0.1897
Epoch 2 Progress: 30% (306/989) - Loss: 0.6931
Epoch 2 Progress: 31% (315/989) - Loss: 0.1827
Epoch 2 Progress: 32% (324/989) - Loss: 0.1641
Epoch 2 Progress: 33% (333/989) - Loss: 0.1760
Epoch 2 Progress: 34% (342/989) - Loss: 0.1620
Epoch 2 Progress: 35% (351/989) - Loss: 0.3570
Epoch 2 Progress: 36% (360/989) - Loss: 0.2335
Epoch 2 Progress: 37% (369/989) - Loss: 0.4951
Epoch 2 Progress: 38% (378/989) - Loss: 0.3247
Epoch 2 Progress: 39% (387/989) - Loss: 0.1831
Epoch 2 Progress: 40% (396/989) - Loss: 0.1737
Epoch 2 Progress: 40% (405/989) - Loss: 0.3465
Epoch 2 Progress: 41% (414/989) - Loss: 0.4796
Epoch 2 Progress: 42% (423/989) - Loss: 0.2268
Epoch 2 Progress: 43% (432/989) - Loss: 0.2272
Epoch 2 Progress: 44% (441/989) - Loss: 0.4180
Epoch 2 Progress: 45% (450/989) - Loss: 0.2590
Epoch 2 Progress: 46% (459/989) - Loss: 0.1809
Epoch 2 Progress: 47% (468/989) - Loss: 0.2223
Epoch 2 Progress: 48% (477/989) - Loss: 0.1487
Epoch 2 Progress: 49% (486/989) - Loss: 0.1463
Epoch 2 Progress: 50% (495/989) - Loss: 0.2138
Epoch 2 Progress: 50% (504/989) - Loss: 0.1783
Epoch 2 Progress: 51% (513/989) - Loss: 0.2014
Epoch 2 Progress: 52% (522/989) - Loss: 0.2723
Epoch 2 Progress: 53% (531/989) - Loss: 0.3044
Epoch 2 Progress: 54% (540/989) - Loss: 0.3377
Epoch 2 Progress: 55% (549/989) - Loss: 0.2756
Epoch 2 Progress: 56% (558/989) - Loss: 0.2291
Epoch 2 Progress: 57% (567/989) - Loss: 0.2998
Epoch 2 Progress: 58% (576/989) - Loss: 0.1675
Epoch 2 Progress: 59% (585/989) - Loss: 0.3054
Epoch 2 Progress: 60% (594/989) - Loss: 0.1549
Epoch 2 Progress: 60% (603/989) - Loss: 0.1729
Epoch 2 Progress: 61% (612/989) - Loss: 0.1436
Epoch 2 Progress: 62% (621/989) - Loss: 0.1540
Epoch 2 Progress: 63% (630/989) - Loss: 0.1368
Epoch 2 Progress: 64% (639/989) - Loss: 0.1606
Epoch 2 Progress: 65% (648/989) - Loss: 0.2749
Epoch 2 Progress: 66% (657/989) - Loss: 0.1948
Epoch 2 Progress: 67% (666/989) - Loss: 0.1632
Epoch 2 Progress: 68% (675/989) - Loss: 0.1684
Epoch 2 Progress: 69% (684/989) - Loss: 0.1544
Epoch 2 Progress: 70% (693/989) - Loss: 0.2257
Epoch 2 Progress: 70% (702/989) - Loss: 0.1569
Epoch 2 Progress: 71% (711/989) - Loss: 0.4485
Epoch 2 Progress: 72% (720/989) - Loss: 0.1670
Epoch 2 Progress: 73% (729/989) - Loss: 0.3770
Epoch 2 Progress: 74% (738/989) - Loss: 0.2037
Epoch 2 Progress: 75% (747/989) - Loss: 0.1722
Epoch 2 Progress: 76% (756/989) - Loss: 0.1105
Epoch 2 Progress: 77% (765/989) - Loss: 0.2831
Epoch 2 Progress: 78% (774/989) - Loss: 0.1876
Epoch 2 Progress: 79% (783/989) - Loss: 0.2271
Epoch 2 Progress: 80% (792/989) - Loss: 0.4680
Epoch 2 Progress: 80% (801/989) - Loss: 0.5644
Epoch 2 Progress: 81% (810/989) - Loss: 0.1320
Epoch 2 Progress: 82% (819/989) - Loss: 0.4787
Epoch 2 Progress: 83% (828/989) - Loss: 0.1374
Epoch 2 Progress: 84% (837/989) - Loss: 0.4387
Epoch 2 Progress: 85% (846/989) - Loss: 0.3076
Epoch 2 Progress: 86% (855/989) - Loss: 0.6890
Epoch 2 Progress: 87% (864/989) - Loss: 0.2441
Epoch 2 Progress: 88% (873/989) - Loss: 0.2472
Epoch 2 Progress: 89% (882/989) - Loss: 0.4057
Epoch 2 Progress: 90% (891/989) - Loss: 0.1383
Epoch 2 Progress: 91% (900/989) - Loss: 0.2426
Epoch 2 Progress: 91% (909/989) - Loss: 0.1768
Epoch 2 Progress: 92% (918/989) - Loss: 0.1253
Epoch 2 Progress: 93% (927/989) - Loss: 0.1338
Epoch 2 Progress: 94% (936/989) - Loss: 0.3202
Epoch 2 Progress: 95% (945/989) - Loss: 0.2327
Epoch 2 Progress: 96% (954/989) - Loss: 0.2004
Epoch 2 Progress: 97% (963/989) - Loss: 0.1159
Epoch 2 Progress: 98% (972/989) - Loss: 0.3393
Epoch 2 Progress: 99% (981/989) - Loss: 0.1582
Epoch 2 Progress: 100% (989/989) - Loss: 0.2149
Train Loss: 0.2900 | Val Loss: 0.3463 | Val Mean Dice: 0.7740
Dice WT: 0.7765 | Dice TC: 0.7694 | Dice ET: 0.7762
Peak RAM: 1461 MB | Peak VRAM: 26387 MB | Peak GPU Util: 100.0%
Validation Dice improved from 0.7012 to 0.7740. Saving model...

Epoch 3/100  LR=0.000056
Epoch 3 Progress: 0% (9/989) - Loss: 0.1058
Epoch 3 Progress: 1% (18/989) - Loss: 0.2264
Epoch 3 Progress: 2% (27/989) - Loss: 0.1151
Epoch 3 Progress: 3% (36/989) - Loss: 0.1614
Epoch 3 Progress: 4% (45/989) - Loss: 0.8109
Epoch 3 Progress: 5% (54/989) - Loss: 0.2095
Epoch 3 Progress: 6% (63/989) - Loss: 0.5826
Epoch 3 Progress: 7% (72/989) - Loss: 0.1180
Epoch 3 Progress: 8% (81/989) - Loss: 0.2187
Epoch 3 Progress: 9% (90/989) - Loss: 0.1533
Epoch 3 Progress: 10% (99/989) - Loss: 0.1895
Epoch 3 Progress: 10% (108/989) - Loss: 0.1028
Epoch 3 Progress: 11% (117/989) - Loss: 0.1293
Epoch 3 Progress: 12% (126/989) - Loss: 0.2712
Epoch 3 Progress: 13% (135/989) - Loss: 0.1934
Epoch 3 Progress: 14% (144/989) - Loss: 0.1406
Epoch 3 Progress: 15% (153/989) - Loss: 0.1439
Epoch 3 Progress: 16% (162/989) - Loss: 0.1629
Epoch 3 Progress: 17% (171/989) - Loss: 0.1371
Epoch 3 Progress: 18% (180/989) - Loss: 0.4293
Epoch 3 Progress: 19% (189/989) - Loss: 0.2164
Epoch 3 Progress: 20% (198/989) - Loss: 0.1373
Epoch 3 Progress: 20% (207/989) - Loss: 0.3615
Epoch 3 Progress: 21% (216/989) - Loss: 0.1188
Epoch 3 Progress: 22% (225/989) - Loss: 0.1408
Epoch 3 Progress: 23% (234/989) - Loss: 0.1598
Epoch 3 Progress: 24% (243/989) - Loss: 0.1569
Epoch 3 Progress: 25% (252/989) - Loss: 0.1746
Epoch 3 Progress: 26% (261/989) - Loss: 0.2559
Epoch 3 Progress: 27% (270/989) - Loss: 0.1483
Epoch 3 Progress: 28% (279/989) - Loss: 0.1639
Epoch 3 Progress: 29% (288/989) - Loss: 0.3570
Epoch 3 Progress: 30% (297/989) - Loss: 0.1305
Epoch 3 Progress: 30% (306/989) - Loss: 0.4672
Epoch 3 Progress: 31% (315/989) - Loss: 0.1176
Epoch 3 Progress: 32% (324/989) - Loss: 0.1208
Epoch 3 Progress: 33% (333/989) - Loss: 0.1268
Epoch 3 Progress: 34% (342/989) - Loss: 0.1017
Epoch 3 Progress: 35% (351/989) - Loss: 0.5722
Epoch 3 Progress: 36% (360/989) - Loss: 0.1628
Epoch 3 Progress: 37% (369/989) - Loss: 0.3710
Epoch 3 Progress: 38% (378/989) - Loss: 0.1346
Epoch 3 Progress: 39% (387/989) - Loss: 0.3965
Epoch 3 Progress: 40% (396/989) - Loss: 0.5840
Epoch 3 Progress: 40% (405/989) - Loss: 0.1092
Epoch 3 Progress: 41% (414/989) - Loss: 0.0848
Epoch 3 Progress: 42% (423/989) - Loss: 0.1458
Epoch 3 Progress: 43% (432/989) - Loss: 0.7468
Epoch 3 Progress: 44% (441/989) - Loss: 0.2429
Epoch 3 Progress: 45% (450/989) - Loss: 0.1109
Epoch 3 Progress: 46% (459/989) - Loss: 0.1502
Epoch 3 Progress: 47% (468/989) - Loss: 0.5082
Epoch 3 Progress: 48% (477/989) - Loss: 0.5458
Epoch 3 Progress: 49% (486/989) - Loss: 0.0989
Epoch 3 Progress: 50% (495/989) - Loss: 0.1499
Epoch 3 Progress: 50% (504/989) - Loss: 0.3574
Epoch 3 Progress: 51% (513/989) - Loss: 0.4444
Epoch 3 Progress: 52% (522/989) - Loss: 0.1298
Epoch 3 Progress: 53% (531/989) - Loss: 0.6825
Epoch 3 Progress: 54% (540/989) - Loss: 0.2472
Epoch 3 Progress: 55% (549/989) - Loss: 0.1501
Epoch 3 Progress: 56% (558/989) - Loss: 0.1628
Epoch 3 Progress: 57% (567/989) - Loss: 0.2612
Epoch 3 Progress: 58% (576/989) - Loss: 0.1841
Epoch 3 Progress: 59% (585/989) - Loss: 0.2300
Epoch 3 Progress: 60% (594/989) - Loss: 0.1307
Epoch 3 Progress: 60% (603/989) - Loss: 0.6721
Epoch 3 Progress: 61% (612/989) - Loss: 0.2109
Epoch 3 Progress: 62% (621/989) - Loss: 0.1293
Epoch 3 Progress: 63% (630/989) - Loss: 0.1703
Epoch 3 Progress: 64% (639/989) - Loss: 0.2864
Epoch 3 Progress: 65% (648/989) - Loss: 0.1105
Epoch 3 Progress: 66% (657/989) - Loss: 0.2028
Epoch 3 Progress: 67% (666/989) - Loss: 0.1319
Epoch 3 Progress: 68% (675/989) - Loss: 0.1792
Epoch 3 Progress: 69% (684/989) - Loss: 0.1782
Epoch 3 Progress: 70% (693/989) - Loss: 0.1919
Epoch 3 Progress: 70% (702/989) - Loss: 0.1821
Epoch 3 Progress: 71% (711/989) - Loss: 0.1310
Epoch 3 Progress: 72% (720/989) - Loss: 0.1913
Epoch 3 Progress: 73% (729/989) - Loss: 0.2161
Epoch 3 Progress: 74% (738/989) - Loss: 0.2363
Epoch 3 Progress: 75% (747/989) - Loss: 0.1636
Epoch 3 Progress: 76% (756/989) - Loss: 0.2403
Epoch 3 Progress: 77% (765/989) - Loss: 0.2719
Epoch 3 Progress: 78% (774/989) - Loss: 0.1055
Epoch 3 Progress: 79% (783/989) - Loss: 0.1417
Epoch 3 Progress: 80% (792/989) - Loss: 0.2309
Epoch 3 Progress: 80% (801/989) - Loss: 0.1267
Epoch 3 Progress: 81% (810/989) - Loss: 0.1223
Epoch 3 Progress: 82% (819/989) - Loss: 0.0786
Epoch 3 Progress: 83% (828/989) - Loss: 0.1582
Epoch 3 Progress: 84% (837/989) - Loss: 0.5097
Epoch 3 Progress: 85% (846/989) - Loss: 0.2751
Epoch 3 Progress: 86% (855/989) - Loss: 0.5734
Epoch 3 Progress: 87% (864/989) - Loss: 0.1016
Epoch 3 Progress: 88% (873/989) - Loss: 0.3547
Epoch 3 Progress: 89% (882/989) - Loss: 0.1845
Epoch 3 Progress: 90% (891/989) - Loss: 0.1993
Epoch 3 Progress: 91% (900/989) - Loss: 0.1340
Epoch 3 Progress: 91% (909/989) - Loss: 0.4100
Epoch 3 Progress: 92% (918/989) - Loss: 0.1143
Epoch 3 Progress: 93% (927/989) - Loss: 0.1465
Epoch 3 Progress: 94% (936/989) - Loss: 0.1717
Epoch 3 Progress: 95% (945/989) - Loss: 0.1567
Epoch 3 Progress: 96% (954/989) - Loss: 0.1002
Epoch 3 Progress: 97% (963/989) - Loss: 0.1002
Epoch 3 Progress: 98% (972/989) - Loss: 0.1392
Epoch 3 Progress: 99% (981/989) - Loss: 0.5257
Epoch 3 Progress: 100% (989/989) - Loss: 0.1346
Train Loss: 0.2332 | Val Loss: 0.2650 | Val Mean Dice: 0.8025
Dice WT: 0.8719 | Dice TC: 0.7440 | Dice ET: 0.7915
Peak RAM: 1462 MB | Peak VRAM: 26387 MB | Peak GPU Util: 100.0%
Validation Dice improved from 0.7740 to 0.8025. Saving model...

Epoch 4/100  LR=0.000056
Epoch 4 Progress: 0% (9/989) - Loss: 0.2499
Epoch 4 Progress: 1% (18/989) - Loss: 0.3481
Epoch 4 Progress: 2% (27/989) - Loss: 0.3387
Epoch 4 Progress: 3% (36/989) - Loss: 0.1236
Epoch 4 Progress: 4% (45/989) - Loss: 0.1022
Epoch 4 Progress: 5% (54/989) - Loss: 0.1011
Epoch 4 Progress: 6% (63/989) - Loss: 0.0965
Epoch 4 Progress: 7% (72/989) - Loss: 0.3139
Epoch 4 Progress: 8% (81/989) - Loss: 0.2981
Epoch 4 Progress: 9% (90/989) - Loss: 0.1202
Epoch 4 Progress: 10% (99/989) - Loss: 0.6393
Epoch 4 Progress: 10% (108/989) - Loss: 0.1968
Epoch 4 Progress: 11% (117/989) - Loss: 0.2115
Epoch 4 Progress: 12% (126/989) - Loss: 0.1505
Epoch 4 Progress: 13% (135/989) - Loss: 0.1001
Epoch 4 Progress: 14% (144/989) - Loss: 0.3311
Epoch 4 Progress: 15% (153/989) - Loss: 0.4335
Epoch 4 Progress: 16% (162/989) - Loss: 0.1026
Epoch 4 Progress: 17% (171/989) - Loss: 0.5184
Epoch 4 Progress: 18% (180/989) - Loss: 0.1711
Epoch 4 Progress: 19% (189/989) - Loss: 0.1085
Epoch 4 Progress: 20% (198/989) - Loss: 0.2571
Epoch 4 Progress: 20% (207/989) - Loss: 0.2001
Epoch 4 Progress: 21% (216/989) - Loss: 0.0670
Epoch 4 Progress: 22% (225/989) - Loss: 0.1326
Epoch 4 Progress: 23% (234/989) - Loss: 0.1181
Epoch 4 Progress: 24% (243/989) - Loss: 0.6845
Epoch 4 Progress: 25% (252/989) - Loss: 0.3034
Epoch 4 Progress: 26% (261/989) - Loss: 0.0816
Epoch 4 Progress: 27% (270/989) - Loss: 0.5840
Epoch 4 Progress: 28% (279/989) - Loss: 0.1922
Epoch 4 Progress: 29% (288/989) - Loss: 0.2222
Epoch 4 Progress: 30% (297/989) - Loss: 0.1400
Epoch 4 Progress: 30% (306/989) - Loss: 0.1327
Epoch 4 Progress: 31% (315/989) - Loss: 0.6303
Epoch 4 Progress: 32% (324/989) - Loss: 0.1707
Epoch 4 Progress: 33% (333/989) - Loss: 0.1142
Epoch 4 Progress: 34% (342/989) - Loss: 0.0832
Epoch 4 Progress: 35% (351/989) - Loss: 0.1345
Epoch 4 Progress: 36% (360/989) - Loss: 0.1270
Epoch 4 Progress: 37% (369/989) - Loss: 0.1652
Epoch 4 Progress: 38% (378/989) - Loss: 0.1404
Epoch 4 Progress: 39% (387/989) - Loss: 0.0827
Epoch 4 Progress: 40% (396/989) - Loss: 0.7142
Epoch 4 Progress: 40% (405/989) - Loss: 0.0820
Epoch 4 Progress: 41% (414/989) - Loss: 0.1570
Epoch 4 Progress: 42% (423/989) - Loss: 0.1315
Epoch 4 Progress: 43% (432/989) - Loss: 0.1632
Epoch 4 Progress: 44% (441/989) - Loss: 0.1357
Epoch 4 Progress: 45% (450/989) - Loss: 0.2550
Epoch 4 Progress: 46% (459/989) - Loss: 0.2987
Epoch 4 Progress: 47% (468/989) - Loss: 0.2511
Epoch 4 Progress: 48% (477/989) - Loss: 0.1619
Epoch 4 Progress: 49% (486/989) - Loss: 0.1299
Epoch 4 Progress: 50% (495/989) - Loss: 0.1995
Epoch 4 Progress: 50% (504/989) - Loss: 0.2135
Epoch 4 Progress: 51% (513/989) - Loss: 0.5234
Epoch 4 Progress: 52% (522/989) - Loss: 0.1169
Epoch 4 Progress: 53% (531/989) - Loss: 0.1284
Epoch 4 Progress: 54% (540/989) - Loss: 0.4361
Epoch 4 Progress: 55% (549/989) - Loss: 0.1882
Epoch 4 Progress: 56% (558/989) - Loss: 0.0906
Epoch 4 Progress: 57% (567/989) - Loss: 0.1384
Epoch 4 Progress: 58% (576/989) - Loss: 0.7027
Epoch 4 Progress: 59% (585/989) - Loss: 0.1315
Epoch 4 Progress: 60% (594/989) - Loss: 0.6674
Epoch 4 Progress: 60% (603/989) - Loss: 0.1838
Epoch 4 Progress: 61% (612/989) - Loss: 0.3254
Epoch 4 Progress: 62% (621/989) - Loss: 0.5795
Epoch 4 Progress: 63% (630/989) - Loss: 0.2633
Epoch 4 Progress: 64% (639/989) - Loss: 0.1359
Epoch 4 Progress: 65% (648/989) - Loss: 0.2151
Epoch 4 Progress: 66% (657/989) - Loss: 0.1068
Epoch 4 Progress: 67% (666/989) - Loss: 0.1512
Epoch 4 Progress: 68% (675/989) - Loss: 0.1821
Epoch 4 Progress: 69% (684/989) - Loss: 0.2853
Epoch 4 Progress: 70% (693/989) - Loss: 0.0915
Epoch 4 Progress: 70% (702/989) - Loss: 0.1828
Epoch 4 Progress: 71% (711/989) - Loss: 0.2767
Epoch 4 Progress: 72% (720/989) - Loss: 0.1046
Epoch 4 Progress: 73% (729/989) - Loss: 0.6813
Epoch 4 Progress: 74% (738/989) - Loss: 0.2014
Epoch 4 Progress: 75% (747/989) - Loss: 0.1207
Epoch 4 Progress: 76% (756/989) - Loss: 0.1151
Epoch 4 Progress: 77% (765/989) - Loss: 0.3580
Epoch 4 Progress: 78% (774/989) - Loss: 0.1885
Epoch 4 Progress: 79% (783/989) - Loss: 0.1684
Epoch 4 Progress: 80% (792/989) - Loss: 0.1088
Epoch 4 Progress: 80% (801/989) - Loss: 0.7074
Epoch 4 Progress: 81% (810/989) - Loss: 0.3144
Epoch 4 Progress: 82% (819/989) - Loss: 0.0974
Epoch 4 Progress: 83% (828/989) - Loss: 0.1862
Epoch 4 Progress: 84% (837/989) - Loss: 0.1524
Epoch 4 Progress: 85% (846/989) - Loss: 0.1709
Epoch 4 Progress: 86% (855/989) - Loss: 0.1879
Epoch 4 Progress: 87% (864/989) - Loss: 0.1510
Epoch 4 Progress: 88% (873/989) - Loss: 0.1389
Epoch 4 Progress: 89% (882/989) - Loss: 0.0961
Epoch 4 Progress: 90% (891/989) - Loss: 0.1450
Epoch 4 Progress: 91% (900/989) - Loss: 0.1658
Epoch 4 Progress: 91% (909/989) - Loss: 0.4158
Epoch 4 Progress: 92% (918/989) - Loss: 0.2617
Epoch 4 Progress: 93% (927/989) - Loss: 0.0811
Epoch 4 Progress: 94% (936/989) - Loss: 0.5819
Epoch 4 Progress: 95% (945/989) - Loss: 0.3004
Epoch 4 Progress: 96% (954/989) - Loss: 0.1539
Epoch 4 Progress: 97% (963/989) - Loss: 0.1332
Epoch 4 Progress: 98% (972/989) - Loss: 0.0962
Epoch 4 Progress: 99% (981/989) - Loss: 0.1431
Epoch 4 Progress: 100% (989/989) - Loss: 0.2378
Train Loss: 0.2038 | Val Loss: 0.2105 | Val Mean Dice: 0.8527
Dice WT: 0.8866 | Dice TC: 0.8456 | Dice ET: 0.8258
Peak RAM: 1462 MB | Peak VRAM: 26387 MB | Peak GPU Util: 100.0%
Validation Dice improved from 0.8025 to 0.8527. Saving model...

Epoch 5/100  LR=0.000056
Epoch 5 Progress: 0% (9/989) - Loss: 0.1683
Epoch 5 Progress: 1% (18/989) - Loss: 0.1372
Epoch 5 Progress: 2% (27/989) - Loss: 0.1663
Epoch 5 Progress: 3% (36/989) - Loss: 0.1878
Epoch 5 Progress: 4% (45/989) - Loss: 0.5115
Epoch 5 Progress: 5% (54/989) - Loss: 0.1553
Epoch 5 Progress: 6% (63/989) - Loss: 0.1363
Epoch 5 Progress: 7% (72/989) - Loss: 0.1710
Epoch 5 Progress: 8% (81/989) - Loss: 0.0573
Epoch 5 Progress: 9% (90/989) - Loss: 0.1170
Epoch 5 Progress: 10% (99/989) - Loss: 0.1185
Epoch 5 Progress: 10% (108/989) - Loss: 0.0898
Epoch 5 Progress: 11% (117/989) - Loss: 0.4236
Epoch 5 Progress: 12% (126/989) - Loss: 0.3021
Epoch 5 Progress: 13% (135/989) - Loss: 0.2204
Epoch 5 Progress: 14% (144/989) - Loss: 0.1616
Epoch 5 Progress: 15% (153/989) - Loss: 0.3137
Epoch 5 Progress: 16% (162/989) - Loss: 0.6961
Epoch 5 Progress: 17% (171/989) - Loss: 0.1383
Epoch 5 Progress: 18% (180/989) - Loss: 0.1887
Epoch 5 Progress: 19% (189/989) - Loss: 0.1454
Epoch 5 Progress: 20% (198/989) - Loss: 0.1491
Epoch 5 Progress: 20% (207/989) - Loss: 0.1394
Epoch 5 Progress: 21% (216/989) - Loss: 0.1138
Epoch 5 Progress: 22% (225/989) - Loss: 0.0887
Epoch 5 Progress: 23% (234/989) - Loss: 0.3280
Epoch 5 Progress: 24% (243/989) - Loss: 0.1712
Epoch 5 Progress: 25% (252/989) - Loss: 0.0937
Epoch 5 Progress: 26% (261/989) - Loss: 0.1523
Epoch 5 Progress: 27% (270/989) - Loss: 0.1555
Epoch 5 Progress: 28% (279/989) - Loss: 0.0916
Epoch 5 Progress: 29% (288/989) - Loss: 0.0914
Epoch 5 Progress: 30% (297/989) - Loss: 0.1104
Epoch 5 Progress: 30% (306/989) - Loss: 0.2270
Epoch 5 Progress: 31% (315/989) - Loss: 0.1305
Epoch 5 Progress: 32% (324/989) - Loss: 0.1118
Epoch 5 Progress: 33% (333/989) - Loss: 0.1437
Epoch 5 Progress: 34% (342/989) - Loss: 0.2127
Epoch 5 Progress: 35% (351/989) - Loss: 0.2123
Epoch 5 Progress: 36% (360/989) - Loss: 0.1416
Epoch 5 Progress: 37% (369/989) - Loss: 0.0971
Epoch 5 Progress: 38% (378/989) - Loss: 0.2080
Epoch 5 Progress: 39% (387/989) - Loss: 0.5536
Epoch 5 Progress: 40% (396/989) - Loss: 0.1484
Epoch 5 Progress: 40% (405/989) - Loss: 0.0575
Epoch 5 Progress: 41% (414/989) - Loss: 0.1159
Epoch 5 Progress: 42% (423/989) - Loss: 0.1076
Epoch 5 Progress: 43% (432/989) - Loss: 0.1094
Epoch 5 Progress: 44% (441/989) - Loss: 0.1303
Epoch 5 Progress: 45% (450/989) - Loss: 0.1945
Epoch 5 Progress: 46% (459/989) - Loss: 0.1092
Epoch 5 Progress: 47% (468/989) - Loss: 0.1115
Epoch 5 Progress: 48% (477/989) - Loss: 0.1858
Epoch 5 Progress: 49% (486/989) - Loss: 0.1515
Epoch 5 Progress: 50% (495/989) - Loss: 0.1506
Epoch 5 Progress: 50% (504/989) - Loss: 0.3411
Epoch 5 Progress: 51% (513/989) - Loss: 0.0944
Epoch 5 Progress: 52% (522/989) - Loss: 0.0858
Epoch 5 Progress: 53% (531/989) - Loss: 0.1103
Epoch 5 Progress: 54% (540/989) - Loss: 0.1117
Epoch 5 Progress: 55% (549/989) - Loss: 0.5992
Epoch 5 Progress: 56% (558/989) - Loss: 0.0959
Epoch 5 Progress: 57% (567/989) - Loss: 0.6344
Epoch 5 Progress: 58% (576/989) - Loss: 0.1439
Epoch 5 Progress: 59% (585/989) - Loss: 0.1320
Epoch 5 Progress: 60% (594/989) - Loss: 0.2000
Epoch 5 Progress: 60% (603/989) - Loss: 0.2093
Epoch 5 Progress: 61% (612/989) - Loss: 0.5112
Epoch 5 Progress: 62% (621/989) - Loss: 0.1191
Epoch 5 Progress: 63% (630/989) - Loss: 0.1357
Epoch 5 Progress: 64% (639/989) - Loss: 0.1055
Epoch 5 Progress: 65% (648/989) - Loss: 0.2185
Epoch 5 Progress: 66% (657/989) - Loss: 0.1155
Epoch 5 Progress: 67% (666/989) - Loss: 0.8124
Epoch 5 Progress: 68% (675/989) - Loss: 0.0778
Epoch 5 Progress: 69% (684/989) - Loss: 0.2084
Epoch 5 Progress: 70% (693/989) - Loss: 0.1603
Epoch 5 Progress: 70% (702/989) - Loss: 0.1742
Epoch 5 Progress: 71% (711/989) - Loss: 0.1496
Epoch 5 Progress: 72% (720/989) - Loss: 0.1199
Epoch 5 Progress: 73% (729/989) - Loss: 0.4138
Epoch 5 Progress: 74% (738/989) - Loss: 0.1881
Epoch 5 Progress: 75% (747/989) - Loss: 0.1307
Epoch 5 Progress: 76% (756/989) - Loss: 0.0889
Epoch 5 Progress: 77% (765/989) - Loss: 0.0621
Epoch 5 Progress: 78% (774/989) - Loss: 0.0726
Epoch 5 Progress: 79% (783/989) - Loss: 0.4362
Epoch 5 Progress: 80% (792/989) - Loss: 0.2992
Epoch 5 Progress: 80% (801/989) - Loss: 0.1449
Epoch 5 Progress: 81% (810/989) - Loss: 0.0847
Epoch 5 Progress: 82% (819/989) - Loss: 0.0844
Epoch 5 Progress: 83% (828/989) - Loss: 0.2720
Epoch 5 Progress: 84% (837/989) - Loss: 0.0922
Epoch 5 Progress: 85% (846/989) - Loss: 0.4978
Epoch 5 Progress: 86% (855/989) - Loss: 0.1273
Epoch 5 Progress: 87% (864/989) - Loss: 0.1113
Epoch 5 Progress: 88% (873/989) - Loss: 0.1301
Epoch 5 Progress: 89% (882/989) - Loss: 0.1291
Epoch 5 Progress: 90% (891/989) - Loss: 0.1098
Epoch 5 Progress: 91% (900/989) - Loss: 0.0777
Epoch 5 Progress: 91% (909/989) - Loss: 0.2500
Epoch 5 Progress: 92% (918/989) - Loss: 0.4620
Epoch 5 Progress: 93% (927/989) - Loss: 0.1148
Epoch 5 Progress: 94% (936/989) - Loss: 0.6638
Epoch 5 Progress: 95% (945/989) - Loss: 0.4011
Epoch 5 Progress: 96% (954/989) - Loss: 0.2399
Epoch 5 Progress: 97% (963/989) - Loss: 0.1258
Epoch 5 Progress: 98% (972/989) - Loss: 0.2087
Epoch 5 Progress: 99% (981/989) - Loss: 0.6317
Epoch 5 Progress: 100% (989/989) - Loss: 0.0915
Train Loss: 0.1899 | Val Loss: 0.2055 | Val Mean Dice: 0.8332
Dice WT: 0.8571 | Dice TC: 0.8290 | Dice ET: 0.8134
Peak RAM: 1462 MB | Peak VRAM: 26387 MB | Peak GPU Util: 100.0%

Epoch 6/100  LR=0.000056
Epoch 6 Progress: 0% (9/989) - Loss: 0.0893
Epoch 6 Progress: 1% (18/989) - Loss: 0.1032
Epoch 6 Progress: 2% (27/989) - Loss: 0.1484
Epoch 6 Progress: 3% (36/989) - Loss: 0.2557
Epoch 6 Progress: 4% (45/989) - Loss: 0.1143
Epoch 6 Progress: 5% (54/989) - Loss: 0.1748
Epoch 6 Progress: 6% (63/989) - Loss: 0.2543
Epoch 6 Progress: 7% (72/989) - Loss: 0.1580
Epoch 6 Progress: 8% (81/989) - Loss: 0.0838
Epoch 6 Progress: 9% (90/989) - Loss: 0.1058
Epoch 6 Progress: 10% (99/989) - Loss: 0.1479
Epoch 6 Progress: 10% (108/989) - Loss: 0.0869
Epoch 6 Progress: 11% (117/989) - Loss: 0.1127
Epoch 6 Progress: 12% (126/989) - Loss: 0.1669
Epoch 6 Progress: 13% (135/989) - Loss: 0.1064
Epoch 6 Progress: 14% (144/989) - Loss: 0.0734
Epoch 6 Progress: 15% (153/989) - Loss: 0.1439
Epoch 6 Progress: 16% (162/989) - Loss: 0.1134
Epoch 6 Progress: 17% (171/989) - Loss: 0.0873
Epoch 6 Progress: 18% (180/989) - Loss: 0.1377
Epoch 6 Progress: 19% (189/989) - Loss: 0.1544
Epoch 6 Progress: 20% (198/989) - Loss: 0.1116
Epoch 6 Progress: 20% (207/989) - Loss: 0.0869
Epoch 6 Progress: 21% (216/989) - Loss: 0.0763
Epoch 6 Progress: 22% (225/989) - Loss: 0.1303
Epoch 6 Progress: 23% (234/989) - Loss: 0.1072
Epoch 6 Progress: 24% (243/989) - Loss: 0.0878
Epoch 6 Progress: 25% (252/989) - Loss: 0.1191
Epoch 6 Progress: 26% (261/989) - Loss: 0.4831
Epoch 6 Progress: 27% (270/989) - Loss: 0.2305
Epoch 6 Progress: 28% (279/989) - Loss: 0.2449
Epoch 6 Progress: 29% (288/989) - Loss: 0.2591
Epoch 6 Progress: 30% (297/989) - Loss: 0.1049
Epoch 6 Progress: 30% (306/989) - Loss: 0.1071
Epoch 6 Progress: 31% (315/989) - Loss: 0.1883
Epoch 6 Progress: 32% (324/989) - Loss: 0.1094
Epoch 6 Progress: 33% (333/989) - Loss: 0.0914
Epoch 6 Progress: 34% (342/989) - Loss: 0.2342
Epoch 6 Progress: 35% (351/989) - Loss: 0.4509
Epoch 6 Progress: 36% (360/989) - Loss: 0.1591
Epoch 6 Progress: 37% (369/989) - Loss: 0.1052
Epoch 6 Progress: 38% (378/989) - Loss: 0.2937
Epoch 6 Progress: 39% (387/989) - Loss: 0.9829
Epoch 6 Progress: 40% (396/989) - Loss: 0.1009
Epoch 6 Progress: 40% (405/989) - Loss: 0.1487
Epoch 6 Progress: 41% (414/989) - Loss: 0.0598
Epoch 6 Progress: 42% (423/989) - Loss: 0.1234
Epoch 6 Progress: 43% (432/989) - Loss: 0.1331
Epoch 6 Progress: 44% (441/989) - Loss: 0.2093
Epoch 6 Progress: 45% (450/989) - Loss: 0.1196
Epoch 6 Progress: 46% (459/989) - Loss: 0.0987
Epoch 6 Progress: 47% (468/989) - Loss: 0.2120
Epoch 6 Progress: 48% (477/989) - Loss: 0.0885
Epoch 6 Progress: 49% (486/989) - Loss: 0.1407
Epoch 6 Progress: 50% (495/989) - Loss: 0.3738
Epoch 6 Progress: 50% (504/989) - Loss: 0.1863
Epoch 6 Progress: 51% (513/989) - Loss: 0.7551
Epoch 6 Progress: 52% (522/989) - Loss: 0.1016
Epoch 6 Progress: 53% (531/989) - Loss: 0.1438
Epoch 6 Progress: 54% (540/989) - Loss: 0.0816
Epoch 6 Progress: 55% (549/989) - Loss: 0.1356
Epoch 6 Progress: 56% (558/989) - Loss: 0.2207
Epoch 6 Progress: 57% (567/989) - Loss: 0.1430
Epoch 6 Progress: 58% (576/989) - Loss: 0.0827
Epoch 6 Progress: 59% (585/989) - Loss: 0.1393
Epoch 6 Progress: 60% (594/989) - Loss: 0.2122
Epoch 6 Progress: 60% (603/989) - Loss: 0.0956
Epoch 6 Progress: 61% (612/989) - Loss: 0.0622
Epoch 6 Progress: 62% (621/989) - Loss: 0.1066
Epoch 6 Progress: 63% (630/989) - Loss: 0.1305
Epoch 6 Progress: 64% (639/989) - Loss: 0.1333
Epoch 6 Progress: 65% (648/989) - Loss: 0.1271
Epoch 6 Progress: 66% (657/989) - Loss: 0.0849
Epoch 6 Progress: 67% (666/989) - Loss: 0.0762
Epoch 6 Progress: 68% (675/989) - Loss: 0.5051
Epoch 6 Progress: 69% (684/989) - Loss: 0.1464
Epoch 6 Progress: 70% (693/989) - Loss: 0.2538
Epoch 6 Progress: 70% (702/989) - Loss: 0.0560
Epoch 6 Progress: 71% (711/989) - Loss: 0.1226
Epoch 6 Progress: 72% (720/989) - Loss: 0.1397
Epoch 6 Progress: 73% (729/989) - Loss: 0.1203
Epoch 6 Progress: 74% (738/989) - Loss: 0.1945
Epoch 6 Progress: 75% (747/989) - Loss: 0.0661
Epoch 6 Progress: 76% (756/989) - Loss: 0.0972
Epoch 6 Progress: 77% (765/989) - Loss: 0.6441
Epoch 6 Progress: 78% (774/989) - Loss: 0.0755
Epoch 6 Progress: 79% (783/989) - Loss: 0.1998
Epoch 6 Progress: 80% (792/989) - Loss: 0.1007
Epoch 6 Progress: 80% (801/989) - Loss: 0.1038
Epoch 6 Progress: 81% (810/989) - Loss: 0.1026
Epoch 6 Progress: 82% (819/989) - Loss: 0.0855
Epoch 6 Progress: 83% (828/989) - Loss: 0.2104
Epoch 6 Progress: 84% (837/989) - Loss: 0.0911
Epoch 6 Progress: 85% (846/989) - Loss: 0.1395
Epoch 6 Progress: 86% (855/989) - Loss: 0.1437
Epoch 6 Progress: 87% (864/989) - Loss: 0.0769
Epoch 6 Progress: 88% (873/989) - Loss: 0.0853
Epoch 6 Progress: 89% (882/989) - Loss: 0.1552
Epoch 6 Progress: 90% (891/989) - Loss: 0.1762
Epoch 6 Progress: 91% (900/989) - Loss: 0.1968
Epoch 6 Progress: 91% (909/989) - Loss: 0.1472
Epoch 6 Progress: 92% (918/989) - Loss: 0.0657
Epoch 6 Progress: 93% (927/989) - Loss: 0.2662
Epoch 6 Progress: 94% (936/989) - Loss: 0.3743
Epoch 6 Progress: 95% (945/989) - Loss: 0.1682
Epoch 6 Progress: 96% (954/989) - Loss: 0.7013
Epoch 6 Progress: 97% (963/989) - Loss: 0.4025
Epoch 6 Progress: 98% (972/989) - Loss: 0.0879
Epoch 6 Progress: 99% (981/989) - Loss: 0.3367
Epoch 6 Progress: 100% (989/989) - Loss: 0.2556
Train Loss: 0.1816 | Val Loss: 0.1838 | Val Mean Dice: 0.8468
Dice WT: 0.8839 | Dice TC: 0.8445 | Dice ET: 0.8121
Peak RAM: 1462 MB | Peak VRAM: 26387 MB | Peak GPU Util: 100.0%

Epoch 7/100  LR=0.000056
Epoch 7 Progress: 0% (9/989) - Loss: 0.4599
Epoch 7 Progress: 1% (18/989) - Loss: 0.0671
Epoch 7 Progress: 2% (27/989) - Loss: 0.1857
Epoch 7 Progress: 3% (36/989) - Loss: 0.0949
Epoch 7 Progress: 4% (45/989) - Loss: 0.2304
Epoch 7 Progress: 5% (54/989) - Loss: 0.1265
Epoch 7 Progress: 6% (63/989) - Loss: 0.1323
Epoch 7 Progress: 7% (72/989) - Loss: 0.0875
Epoch 7 Progress: 8% (81/989) - Loss: 0.0747
Epoch 7 Progress: 9% (90/989) - Loss: 0.1385
Epoch 7 Progress: 10% (99/989) - Loss: 0.0798
Epoch 7 Progress: 10% (108/989) - Loss: 0.1301
Epoch 7 Progress: 11% (117/989) - Loss: 0.1185
Epoch 7 Progress: 12% (126/989) - Loss: 0.0952
Epoch 7 Progress: 13% (135/989) - Loss: 0.1787
Epoch 7 Progress: 14% (144/989) - Loss: 0.1666
Epoch 7 Progress: 15% (153/989) - Loss: 0.1083
Epoch 7 Progress: 16% (162/989) - Loss: 0.0775
Epoch 7 Progress: 17% (171/989) - Loss: 0.1140
Epoch 7 Progress: 18% (180/989) - Loss: 0.0930
Epoch 7 Progress: 19% (189/989) - Loss: 0.3472
Epoch 7 Progress: 20% (198/989) - Loss: 0.0682
Epoch 7 Progress: 20% (207/989) - Loss: 0.1515
Epoch 7 Progress: 21% (216/989) - Loss: 0.0921
Epoch 7 Progress: 22% (225/989) - Loss: 0.0982
Epoch 7 Progress: 23% (234/989) - Loss: 0.1669
Epoch 7 Progress: 24% (243/989) - Loss: 0.1590
Epoch 7 Progress: 25% (252/989) - Loss: 0.1634
Epoch 7 Progress: 26% (261/989) - Loss: 0.1391
Epoch 7 Progress: 27% (270/989) - Loss: 0.1526
Epoch 7 Progress: 28% (279/989) - Loss: 0.1207
Epoch 7 Progress: 29% (288/989) - Loss: 0.1093
Epoch 7 Progress: 30% (297/989) - Loss: 0.1167
Epoch 7 Progress: 30% (306/989) - Loss: 0.0978
Epoch 7 Progress: 31% (315/989) - Loss: 0.1153
Epoch 7 Progress: 32% (324/989) - Loss: 0.1185
Epoch 7 Progress: 33% (333/989) - Loss: 0.1221
Epoch 7 Progress: 34% (342/989) - Loss: 0.1427
Epoch 7 Progress: 35% (351/989) - Loss: 0.1153
Epoch 7 Progress: 36% (360/989) - Loss: 0.2456
Epoch 7 Progress: 37% (369/989) - Loss: 0.1464
Epoch 7 Progress: 38% (378/989) - Loss: 0.2199
Epoch 7 Progress: 39% (387/989) - Loss: 0.3181
Epoch 7 Progress: 40% (396/989) - Loss: 0.1410
Epoch 7 Progress: 40% (405/989) - Loss: 0.1058
Epoch 7 Progress: 41% (414/989) - Loss: 0.1413
Epoch 7 Progress: 42% (423/989) - Loss: 0.1962
Epoch 7 Progress: 43% (432/989) - Loss: 0.1801
Epoch 7 Progress: 44% (441/989) - Loss: 0.2507
Epoch 7 Progress: 45% (450/989) - Loss: 0.1229
Epoch 7 Progress: 46% (459/989) - Loss: 0.3522
Epoch 7 Progress: 47% (468/989) - Loss: 0.1603
Epoch 7 Progress: 48% (477/989) - Loss: 0.2305
Epoch 7 Progress: 49% (486/989) - Loss: 0.1057
Epoch 7 Progress: 50% (495/989) - Loss: 0.2302
Epoch 7 Progress: 50% (504/989) - Loss: 0.0879
Epoch 7 Progress: 51% (513/989) - Loss: 0.0668
Epoch 7 Progress: 52% (522/989) - Loss: 0.2752
Epoch 7 Progress: 53% (531/989) - Loss: 0.1005
Epoch 7 Progress: 54% (540/989) - Loss: 0.2074
Epoch 7 Progress: 55% (549/989) - Loss: 0.1807
Epoch 7 Progress: 56% (558/989) - Loss: 0.1707
Epoch 7 Progress: 57% (567/989) - Loss: 0.1884
Epoch 7 Progress: 58% (576/989) - Loss: 0.0804
Epoch 7 Progress: 59% (585/989) - Loss: 0.1198
Epoch 7 Progress: 60% (594/989) - Loss: 0.0656
Epoch 7 Progress: 60% (603/989) - Loss: 0.1760
Epoch 7 Progress: 61% (612/989) - Loss: 0.0937
Epoch 7 Progress: 62% (621/989) - Loss: 0.0707
Epoch 7 Progress: 63% (630/989) - Loss: 0.1014
Epoch 7 Progress: 64% (639/989) - Loss: 0.0683
Epoch 7 Progress: 65% (648/989) - Loss: 0.1237
Epoch 7 Progress: 66% (657/989) - Loss: 0.0700
Epoch 7 Progress: 67% (666/989) - Loss: 0.0733
Epoch 7 Progress: 68% (675/989) - Loss: 0.1218
Epoch 7 Progress: 69% (684/989) - Loss: 0.0591
Epoch 7 Progress: 70% (693/989) - Loss: 0.1219
Epoch 7 Progress: 70% (702/989) - Loss: 0.1837
Epoch 7 Progress: 71% (711/989) - Loss: 0.0887
Epoch 7 Progress: 72% (720/989) - Loss: 0.1317
Epoch 7 Progress: 73% (729/989) - Loss: 0.1015
Epoch 7 Progress: 74% (738/989) - Loss: 0.0939
Epoch 7 Progress: 75% (747/989) - Loss: 0.0802
Epoch 7 Progress: 76% (756/989) - Loss: 0.0938
Epoch 7 Progress: 77% (765/989) - Loss: 0.0745
Epoch 7 Progress: 78% (774/989) - Loss: 0.1676
Epoch 7 Progress: 79% (783/989) - Loss: 0.1376
Epoch 7 Progress: 80% (792/989) - Loss: 0.0673
Epoch 7 Progress: 80% (801/989) - Loss: 0.0594
Epoch 7 Progress: 81% (810/989) - Loss: 0.4946
Epoch 7 Progress: 82% (819/989) - Loss: 0.1391
Epoch 7 Progress: 83% (828/989) - Loss: 0.0816
Epoch 7 Progress: 84% (837/989) - Loss: 0.0698
Epoch 7 Progress: 85% (846/989) - Loss: 0.0754
Epoch 7 Progress: 86% (855/989) - Loss: 0.1121
Epoch 7 Progress: 87% (864/989) - Loss: 0.2050
Epoch 7 Progress: 88% (873/989) - Loss: 0.0951
Epoch 7 Progress: 89% (882/989) - Loss: 0.1747
Epoch 7 Progress: 90% (891/989) - Loss: 0.0497
Epoch 7 Progress: 91% (900/989) - Loss: 0.1177
Epoch 7 Progress: 91% (909/989) - Loss: 0.1386
Epoch 7 Progress: 92% (918/989) - Loss: 0.1760
Epoch 7 Progress: 93% (927/989) - Loss: 0.1317
Epoch 7 Progress: 94% (936/989) - Loss: 0.0804
Epoch 7 Progress: 95% (945/989) - Loss: 0.1171
Epoch 7 Progress: 96% (954/989) - Loss: 0.1123
Epoch 7 Progress: 97% (963/989) - Loss: 0.1916
Epoch 7 Progress: 98% (972/989) - Loss: 0.0559
Epoch 7 Progress: 99% (981/989) - Loss: 0.1391
Epoch 7 Progress: 100% (989/989) - Loss: 0.0951
Train Loss: 0.1717 | Val Loss: 0.1706 | Val Mean Dice: 0.8548
Dice WT: 0.8984 | Dice TC: 0.8509 | Dice ET: 0.8150
Peak RAM: 1462 MB | Peak VRAM: 26387 MB | Peak GPU Util: 100.0%
Validation Dice improved from 0.8527 to 0.8548. Saving model...

Epoch 8/100  LR=0.000055
Epoch 8 Progress: 0% (9/989) - Loss: 0.1268
Epoch 8 Progress: 1% (18/989) - Loss: 0.0823
Epoch 8 Progress: 2% (27/989) - Loss: 0.1773
Epoch 8 Progress: 3% (36/989) - Loss: 0.1334
Epoch 8 Progress: 4% (45/989) - Loss: 0.1897
Epoch 8 Progress: 5% (54/989) - Loss: 0.0731
Epoch 8 Progress: 6% (63/989) - Loss: 0.6144
Epoch 8 Progress: 7% (72/989) - Loss: 0.1187
Epoch 8 Progress: 8% (81/989) - Loss: 0.1158
Epoch 8 Progress: 9% (90/989) - Loss: 0.1389
Epoch 8 Progress: 10% (99/989) - Loss: 0.1561
Epoch 8 Progress: 10% (108/989) - Loss: 0.1681
Epoch 8 Progress: 11% (117/989) - Loss: 0.2054
Epoch 8 Progress: 12% (126/989) - Loss: 0.0856
Epoch 8 Progress: 13% (135/989) - Loss: 0.2363
Epoch 8 Progress: 14% (144/989) - Loss: 0.1180
Epoch 8 Progress: 15% (153/989) - Loss: 0.1857
Epoch 8 Progress: 16% (162/989) - Loss: 0.1005
Epoch 8 Progress: 17% (171/989) - Loss: 0.1266
Epoch 8 Progress: 18% (180/989) - Loss: 0.0988
Epoch 8 Progress: 19% (189/989) - Loss: 0.1157
Epoch 8 Progress: 20% (198/989) - Loss: 0.0809
Epoch 8 Progress: 20% (207/989) - Loss: 0.2095
Epoch 8 Progress: 21% (216/989) - Loss: 0.1706
Epoch 8 Progress: 22% (225/989) - Loss: 0.4784
Epoch 8 Progress: 23% (234/989) - Loss: 0.3775
Epoch 8 Progress: 24% (243/989) - Loss: 0.1241
Epoch 8 Progress: 25% (252/989) - Loss: 0.0708
Epoch 8 Progress: 26% (261/989) - Loss: 0.1690
Epoch 8 Progress: 27% (270/989) - Loss: 0.0875
Epoch 8 Progress: 28% (279/989) - Loss: 0.1869
Epoch 8 Progress: 29% (288/989) - Loss: 0.3271
Epoch 8 Progress: 30% (297/989) - Loss: 0.1325
Epoch 8 Progress: 30% (306/989) - Loss: 0.2440
Epoch 8 Progress: 31% (315/989) - Loss: 0.1162
Epoch 8 Progress: 32% (324/989) - Loss: 0.1289
Epoch 8 Progress: 33% (333/989) - Loss: 0.1365
Epoch 8 Progress: 34% (342/989) - Loss: 0.0940
Epoch 8 Progress: 35% (351/989) - Loss: 0.1252
Epoch 8 Progress: 36% (360/989) - Loss: 0.1616
Epoch 8 Progress: 37% (369/989) - Loss: 0.6447
Epoch 8 Progress: 38% (378/989) - Loss: 0.0991
Epoch 8 Progress: 39% (387/989) - Loss: 0.0662
Epoch 8 Progress: 40% (396/989) - Loss: 0.1007
Epoch 8 Progress: 40% (405/989) - Loss: 0.1120
Epoch 8 Progress: 41% (414/989) - Loss: 0.1758
Epoch 8 Progress: 42% (423/989) - Loss: 0.1263
Epoch 8 Progress: 43% (432/989) - Loss: 0.0988
Epoch 8 Progress: 44% (441/989) - Loss: 0.1241
Epoch 8 Progress: 45% (450/989) - Loss: 0.0812
Epoch 8 Progress: 46% (459/989) - Loss: 0.2497
Epoch 8 Progress: 47% (468/989) - Loss: 0.1223
Epoch 8 Progress: 48% (477/989) - Loss: 0.3177
Epoch 8 Progress: 49% (486/989) - Loss: 0.1265
Epoch 8 Progress: 50% (495/989) - Loss: 0.0962
Epoch 8 Progress: 50% (504/989) - Loss: 0.0776
Epoch 8 Progress: 51% (513/989) - Loss: 0.2912
Epoch 8 Progress: 52% (522/989) - Loss: 0.0518
Epoch 8 Progress: 53% (531/989) - Loss: 0.1534
Epoch 8 Progress: 54% (540/989) - Loss: 0.1235
Epoch 8 Progress: 55% (549/989) - Loss: 0.1700
Epoch 8 Progress: 56% (558/989) - Loss: 0.3265
Epoch 8 Progress: 57% (567/989) - Loss: 0.1241
Epoch 8 Progress: 58% (576/989) - Loss: 0.0725
Epoch 8 Progress: 59% (585/989) - Loss: 0.0367
Epoch 8 Progress: 60% (594/989) - Loss: 0.1153
Epoch 8 Progress: 60% (603/989) - Loss: 0.1010
Epoch 8 Progress: 61% (612/989) - Loss: 0.1407
Epoch 8 Progress: 62% (621/989) - Loss: 0.0973
Epoch 8 Progress: 63% (630/989) - Loss: 0.1223
Epoch 8 Progress: 64% (639/989) - Loss: 0.0920
Epoch 8 Progress: 65% (648/989) - Loss: 0.2371
Epoch 8 Progress: 66% (657/989) - Loss: 0.1716
Epoch 8 Progress: 67% (666/989) - Loss: 0.5555
Epoch 8 Progress: 68% (675/989) - Loss: 0.1365
Epoch 8 Progress: 69% (684/989) - Loss: 0.1212
Epoch 8 Progress: 70% (693/989) - Loss: 0.3203
Epoch 8 Progress: 70% (702/989) - Loss: 0.1388
Epoch 8 Progress: 71% (711/989) - Loss: 0.1363
Epoch 8 Progress: 72% (720/989) - Loss: 0.1462
Epoch 8 Progress: 73% (729/989) - Loss: 0.1054
Epoch 8 Progress: 74% (738/989) - Loss: 0.0825
Epoch 8 Progress: 75% (747/989) - Loss: 0.0795
Epoch 8 Progress: 76% (756/989) - Loss: 0.1705
Epoch 8 Progress: 77% (765/989) - Loss: 0.1016
Epoch 8 Progress: 78% (774/989) - Loss: 0.0845
Epoch 8 Progress: 79% (783/989) - Loss: 0.1645
Epoch 8 Progress: 80% (792/989) - Loss: 0.0836
Epoch 8 Progress: 80% (801/989) - Loss: 0.5609
Epoch 8 Progress: 81% (810/989) - Loss: 0.2327
Epoch 8 Progress: 82% (819/989) - Loss: 0.0825
Epoch 8 Progress: 83% (828/989) - Loss: 0.1011
Epoch 8 Progress: 84% (837/989) - Loss: 0.1625
Epoch 8 Progress: 85% (846/989) - Loss: 0.0575
Epoch 8 Progress: 86% (855/989) - Loss: 0.1214
Epoch 8 Progress: 87% (864/989) - Loss: 0.1193
Epoch 8 Progress: 88% (873/989) - Loss: 0.1102
Epoch 8 Progress: 89% (882/989) - Loss: 0.0603
Epoch 8 Progress: 90% (891/989) - Loss: 0.2108
Epoch 8 Progress: 91% (900/989) - Loss: 0.1121
Epoch 8 Progress: 91% (909/989) - Loss: 0.1564
Epoch 8 Progress: 92% (918/989) - Loss: 0.1532
Epoch 8 Progress: 93% (927/989) - Loss: 0.0436
Epoch 8 Progress: 94% (936/989) - Loss: 0.0881
Epoch 8 Progress: 95% (945/989) - Loss: 0.1485
Epoch 8 Progress: 96% (954/989) - Loss: 0.1722
Epoch 8 Progress: 97% (963/989) - Loss: 0.4013
Epoch 8 Progress: 98% (972/989) - Loss: 0.1167
Epoch 8 Progress: 99% (981/989) - Loss: 0.1065
Epoch 8 Progress: 100% (989/989) - Loss: 0.1530
Train Loss: 0.1658 | Val Loss: 0.1661 | Val Mean Dice: 0.8546
Dice WT: 0.8652 | Dice TC: 0.8718 | Dice ET: 0.8266
Peak RAM: 1462 MB | Peak VRAM: 26387 MB | Peak GPU Util: 100.0%

Epoch 9/100  LR=0.000055
Epoch 9 Progress: 0% (9/989) - Loss: 0.0570
Epoch 9 Progress: 1% (18/989) - Loss: 0.1007
Epoch 9 Progress: 2% (27/989) - Loss: 0.5504
Epoch 9 Progress: 3% (36/989) - Loss: 0.2208
Epoch 9 Progress: 4% (45/989) - Loss: 0.1203
Epoch 9 Progress: 5% (54/989) - Loss: 0.1024
Epoch 9 Progress: 6% (63/989) - Loss: 0.1260
Epoch 9 Progress: 7% (72/989) - Loss: 0.2698
Epoch 9 Progress: 8% (81/989) - Loss: 0.7538
Epoch 9 Progress: 9% (90/989) - Loss: 0.0699
Epoch 9 Progress: 10% (99/989) - Loss: 0.1275
Epoch 9 Progress: 10% (108/989) - Loss: 0.0696
Epoch 9 Progress: 11% (117/989) - Loss: 0.1675
Epoch 9 Progress: 12% (126/989) - Loss: 0.0844
Epoch 9 Progress: 13% (135/989) - Loss: 0.6917
Epoch 9 Progress: 14% (144/989) - Loss: 0.1057
Epoch 9 Progress: 15% (153/989) - Loss: 0.1066
Epoch 9 Progress: 16% (162/989) - Loss: 0.0654
Epoch 9 Progress: 17% (171/989) - Loss: 0.0752
Epoch 9 Progress: 18% (180/989) - Loss: 0.1556
Epoch 9 Progress: 19% (189/989) - Loss: 0.3458
Epoch 9 Progress: 20% (198/989) - Loss: 0.1319
Epoch 9 Progress: 20% (207/989) - Loss: 0.0899
Epoch 9 Progress: 21% (216/989) - Loss: 0.3298
Epoch 9 Progress: 22% (225/989) - Loss: 0.1805
Epoch 9 Progress: 23% (234/989) - Loss: 0.1084
Epoch 9 Progress: 24% (243/989) - Loss: 0.0546
Epoch 9 Progress: 25% (252/989) - Loss: 0.1842
Epoch 9 Progress: 26% (261/989) - Loss: 0.2578
Epoch 9 Progress: 27% (270/989) - Loss: 0.1481
Epoch 9 Progress: 28% (279/989) - Loss: 0.1843
Epoch 9 Progress: 29% (288/989) - Loss: 0.1063
Epoch 9 Progress: 30% (297/989) - Loss: 0.1068
Epoch 9 Progress: 30% (306/989) - Loss: 0.1166
Epoch 9 Progress: 31% (315/989) - Loss: 0.0759
Epoch 9 Progress: 32% (324/989) - Loss: 0.1178
Epoch 9 Progress: 33% (333/989) - Loss: 0.0962
Epoch 9 Progress: 34% (342/989) - Loss: 0.0934
Epoch 9 Progress: 35% (351/989) - Loss: 0.1367
Epoch 9 Progress: 36% (360/989) - Loss: 0.2898
Epoch 9 Progress: 37% (369/989) - Loss: 0.0919
Epoch 9 Progress: 38% (378/989) - Loss: 0.1908
Epoch 9 Progress: 39% (387/989) - Loss: 0.1096
Epoch 9 Progress: 40% (396/989) - Loss: 0.1101
Epoch 9 Progress: 40% (405/989) - Loss: 0.1692
Epoch 9 Progress: 41% (414/989) - Loss: 0.1689
Epoch 9 Progress: 42% (423/989) - Loss: 0.0964
Epoch 9 Progress: 43% (432/989) - Loss: 0.2218
Epoch 9 Progress: 44% (441/989) - Loss: 0.5229
Epoch 9 Progress: 45% (450/989) - Loss: 0.1011
Epoch 9 Progress: 46% (459/989) - Loss: 0.0881
Epoch 9 Progress: 47% (468/989) - Loss: 0.1543
Epoch 9 Progress: 48% (477/989) - Loss: 0.0811
Epoch 9 Progress: 49% (486/989) - Loss: 0.0521
Epoch 9 Progress: 50% (495/989) - Loss: 0.0917
Epoch 9 Progress: 50% (504/989) - Loss: 0.1452
Epoch 9 Progress: 51% (513/989) - Loss: 0.4679
Epoch 9 Progress: 52% (522/989) - Loss: 0.1400
Epoch 9 Progress: 53% (531/989) - Loss: 0.0985
Epoch 9 Progress: 54% (540/989) - Loss: 0.1973
Epoch 9 Progress: 55% (549/989) - Loss: 0.1223
Epoch 9 Progress: 56% (558/989) - Loss: 0.0594
Epoch 9 Progress: 57% (567/989) - Loss: 0.1293
Epoch 9 Progress: 58% (576/989) - Loss: 0.0759
Epoch 9 Progress: 59% (585/989) - Loss: 0.0974
Epoch 9 Progress: 60% (594/989) - Loss: 0.0750
Epoch 9 Progress: 60% (603/989) - Loss: 0.3307
Epoch 9 Progress: 61% (612/989) - Loss: 0.1082
Epoch 9 Progress: 62% (621/989) - Loss: 0.0335
Epoch 9 Progress: 63% (630/989) - Loss: 0.1258
Epoch 9 Progress: 64% (639/989) - Loss: 0.1079
Epoch 9 Progress: 65% (648/989) - Loss: 0.3853
Epoch 9 Progress: 66% (657/989) - Loss: 0.1157
Epoch 9 Progress: 67% (666/989) - Loss: 0.0828
Epoch 9 Progress: 68% (675/989) - Loss: 0.1360
Epoch 9 Progress: 69% (684/989) - Loss: 0.0590
Epoch 9 Progress: 70% (693/989) - Loss: 0.0536
Epoch 9 Progress: 70% (702/989) - Loss: 0.1214
Epoch 9 Progress: 71% (711/989) - Loss: 0.1124
Epoch 9 Progress: 72% (720/989) - Loss: 0.1951
Epoch 9 Progress: 73% (729/989) - Loss: 0.0773
Epoch 9 Progress: 74% (738/989) - Loss: 0.0498
Epoch 9 Progress: 75% (747/989) - Loss: 0.1898
Epoch 9 Progress: 76% (756/989) - Loss: 0.2324
Epoch 9 Progress: 77% (765/989) - Loss: 0.3628
Epoch 9 Progress: 78% (774/989) - Loss: 0.1148
Epoch 9 Progress: 79% (783/989) - Loss: 0.4699
Epoch 9 Progress: 80% (792/989) - Loss: 0.0961
Epoch 9 Progress: 80% (801/989) - Loss: 0.1290
Epoch 9 Progress: 81% (810/989) - Loss: 0.0777
Epoch 9 Progress: 82% (819/989) - Loss: 0.1015
Epoch 9 Progress: 83% (828/989) - Loss: 0.3602
Epoch 9 Progress: 84% (837/989) - Loss: 0.1301
Epoch 9 Progress: 85% (846/989) - Loss: 0.0928
Epoch 9 Progress: 86% (855/989) - Loss: 0.1251
Epoch 9 Progress: 87% (864/989) - Loss: 0.1807
Epoch 9 Progress: 88% (873/989) - Loss: 0.0612
Epoch 9 Progress: 89% (882/989) - Loss: 0.1485
Epoch 9 Progress: 90% (891/989) - Loss: 0.1062
Epoch 9 Progress: 91% (900/989) - Loss: 0.1592
Epoch 9 Progress: 91% (909/989) - Loss: 0.2085
Epoch 9 Progress: 92% (918/989) - Loss: 0.2486
Epoch 9 Progress: 93% (927/989) - Loss: 0.1084
Epoch 9 Progress: 94% (936/989) - Loss: 0.0867
Epoch 9 Progress: 95% (945/989) - Loss: 0.0588
Epoch 9 Progress: 96% (954/989) - Loss: 0.5895
Epoch 9 Progress: 97% (963/989) - Loss: 0.1183
Epoch 9 Progress: 98% (972/989) - Loss: 0.1196
Epoch 9 Progress: 99% (981/989) - Loss: 0.3230
Epoch 9 Progress: 100% (989/989) - Loss: 0.0761
Train Loss: 0.1637 | Val Loss: 0.1741 | Val Mean Dice: 0.8454
Dice WT: 0.8662 | Dice TC: 0.8543 | Dice ET: 0.8158
Peak RAM: 1462 MB | Peak VRAM: 26387 MB | Peak GPU Util: 100.0%

Epoch 10/100  LR=0.000055
Epoch 10 Progress: 0% (9/989) - Loss: 0.1739
Epoch 10 Progress: 1% (18/989) - Loss: 0.1859
Epoch 10 Progress: 2% (27/989) - Loss: 0.1452
Epoch 10 Progress: 3% (36/989) - Loss: 0.2195
Epoch 10 Progress: 4% (45/989) - Loss: 0.0459
Epoch 10 Progress: 5% (54/989) - Loss: 0.1305
Epoch 10 Progress: 6% (63/989) - Loss: 0.1233
Epoch 10 Progress: 7% (72/989) - Loss: 0.2904
Epoch 10 Progress: 8% (81/989) - Loss: 0.2152
Epoch 10 Progress: 9% (90/989) - Loss: 0.1329
Epoch 10 Progress: 10% (99/989) - Loss: 0.0936
Epoch 10 Progress: 10% (108/989) - Loss: 0.1153
Epoch 10 Progress: 11% (117/989) - Loss: 0.0824
Epoch 10 Progress: 12% (126/989) - Loss: 0.0944
Epoch 10 Progress: 13% (135/989) - Loss: 0.1274
Epoch 10 Progress: 14% (144/989) - Loss: 0.2457
Epoch 10 Progress: 15% (153/989) - Loss: 0.0999
Epoch 10 Progress: 16% (162/989) - Loss: 0.1478
Epoch 10 Progress: 17% (171/989) - Loss: 0.1135
Epoch 10 Progress: 18% (180/989) - Loss: 0.1184
Epoch 10 Progress: 19% (189/989) - Loss: 0.1444
Epoch 10 Progress: 20% (198/989) - Loss: 0.1075
Epoch 10 Progress: 20% (207/989) - Loss: 0.0397
Epoch 10 Progress: 21% (216/989) - Loss: 0.1397
Epoch 10 Progress: 22% (225/989) - Loss: 0.1177
Epoch 10 Progress: 23% (234/989) - Loss: 0.2500
Epoch 10 Progress: 24% (243/989) - Loss: 0.2408
Epoch 10 Progress: 25% (252/989) - Loss: 0.1654
Epoch 10 Progress: 26% (261/989) - Loss: 0.7129
Epoch 10 Progress: 27% (270/989) - Loss: 0.0671
Epoch 10 Progress: 28% (279/989) - Loss: 0.1757
Epoch 10 Progress: 29% (288/989) - Loss: 0.0846
Epoch 10 Progress: 30% (297/989) - Loss: 0.3704
Epoch 10 Progress: 30% (306/989) - Loss: 0.2903
Epoch 10 Progress: 31% (315/989) - Loss: 0.1809
Epoch 10 Progress: 32% (324/989) - Loss: 0.0827
Epoch 10 Progress: 33% (333/989) - Loss: 0.0636
Epoch 10 Progress: 34% (342/989) - Loss: 0.4349
Epoch 10 Progress: 35% (351/989) - Loss: 0.0945
Epoch 10 Progress: 36% (360/989) - Loss: 0.0847
Epoch 10 Progress: 37% (369/989) - Loss: 0.0848
Epoch 10 Progress: 38% (378/989) - Loss: 0.1692
Epoch 10 Progress: 39% (387/989) - Loss: 0.1290
Epoch 10 Progress: 40% (396/989) - Loss: 0.1762
Epoch 10 Progress: 40% (405/989) - Loss: 0.1315
Epoch 10 Progress: 41% (414/989) - Loss: 0.0594
Epoch 10 Progress: 42% (423/989) - Loss: 0.0652
Epoch 10 Progress: 43% (432/989) - Loss: 0.2075
Epoch 10 Progress: 44% (441/989) - Loss: 0.4872
Epoch 10 Progress: 45% (450/989) - Loss: 0.2429
Epoch 10 Progress: 46% (459/989) - Loss: 0.4808
Epoch 10 Progress: 47% (468/989) - Loss: 0.4482
Epoch 10 Progress: 48% (477/989) - Loss: 0.1094
Epoch 10 Progress: 49% (486/989) - Loss: 0.2071
Epoch 10 Progress: 50% (495/989) - Loss: 0.0622
Epoch 10 Progress: 50% (504/989) - Loss: 0.1070
Epoch 10 Progress: 51% (513/989) - Loss: 0.3568
Epoch 10 Progress: 52% (522/989) - Loss: 0.1074
Epoch 10 Progress: 53% (531/989) - Loss: 0.1127
Epoch 10 Progress: 54% (540/989) - Loss: 0.0830
Epoch 10 Progress: 55% (549/989) - Loss: 0.0983
Epoch 10 Progress: 56% (558/989) - Loss: 0.1419
Epoch 10 Progress: 57% (567/989) - Loss: 0.1299
Epoch 10 Progress: 58% (576/989) - Loss: 0.0639
Epoch 10 Progress: 59% (585/989) - Loss: 0.1208
Epoch 10 Progress: 60% (594/989) - Loss: 0.0891
Epoch 10 Progress: 60% (603/989) - Loss: 0.0773
Epoch 10 Progress: 61% (612/989) - Loss: 0.0889
Epoch 10 Progress: 62% (621/989) - Loss: 0.1107
Epoch 10 Progress: 63% (630/989) - Loss: 0.1344
Epoch 10 Progress: 64% (639/989) - Loss: 0.1004
Epoch 10 Progress: 65% (648/989) - Loss: 0.1473
Epoch 10 Progress: 66% (657/989) - Loss: 0.0713
Epoch 10 Progress: 67% (666/989) - Loss: 0.0554
Epoch 10 Progress: 68% (675/989) - Loss: 0.4325
Epoch 10 Progress: 69% (684/989) - Loss: 0.0923
Epoch 10 Progress: 70% (693/989) - Loss: 0.0969
Epoch 10 Progress: 70% (702/989) - Loss: 0.0787
Epoch 10 Progress: 71% (711/989) - Loss: 0.1827
Epoch 10 Progress: 72% (720/989) - Loss: 0.1374
Epoch 10 Progress: 73% (729/989) - Loss: 0.1685
Epoch 10 Progress: 74% (738/989) - Loss: 0.0844
Epoch 10 Progress: 75% (747/989) - Loss: 0.1531
Epoch 10 Progress: 76% (756/989) - Loss: 0.1374
Epoch 10 Progress: 77% (765/989) - Loss: 0.7343
Epoch 10 Progress: 78% (774/989) - Loss: 0.0684
Epoch 10 Progress: 79% (783/989) - Loss: 0.1613
Epoch 10 Progress: 80% (792/989) - Loss: 0.0708
Epoch 10 Progress: 80% (801/989) - Loss: 0.1240
Epoch 10 Progress: 81% (810/989) - Loss: 0.2172
Epoch 10 Progress: 82% (819/989) - Loss: 0.1960
Epoch 10 Progress: 83% (828/989) - Loss: 0.1757
Epoch 10 Progress: 84% (837/989) - Loss: 0.0951
Epoch 10 Progress: 85% (846/989) - Loss: 0.0668
Epoch 10 Progress: 86% (855/989) - Loss: 0.1915
Epoch 10 Progress: 87% (864/989) - Loss: 0.1285
Epoch 10 Progress: 88% (873/989) - Loss: 0.3767
Epoch 10 Progress: 89% (882/989) - Loss: 0.0794
Epoch 10 Progress: 90% (891/989) - Loss: 0.1756
Epoch 10 Progress: 91% (900/989) - Loss: 0.1181
Epoch 10 Progress: 91% (909/989) - Loss: 0.1209
Epoch 10 Progress: 92% (918/989) - Loss: 0.0855
Epoch 10 Progress: 93% (927/989) - Loss: 0.1624
Epoch 10 Progress: 94% (936/989) - Loss: 0.1214
Epoch 10 Progress: 95% (945/989) - Loss: 0.3886
Epoch 10 Progress: 96% (954/989) - Loss: 0.0892
Epoch 10 Progress: 97% (963/989) - Loss: 0.1203
Epoch 10 Progress: 98% (972/989) - Loss: 0.1003
Epoch 10 Progress: 99% (981/989) - Loss: 0.1441
Epoch 10 Progress: 100% (989/989) - Loss: 0.0884
Train Loss: 0.1605 | Val Loss: 0.1543 | Val Mean Dice: 0.8565
Dice WT: 0.8848 | Dice TC: 0.8678 | Dice ET: 0.8169
Peak RAM: 1462 MB | Peak VRAM: 26387 MB | Peak GPU Util: 100.0%
Validation Dice improved from 0.8548 to 0.8565. Saving model...

Epoch 11/100  LR=0.000055
Epoch 11 Progress: 0% (9/989) - Loss: 0.1136
Epoch 11 Progress: 1% (18/989) - Loss: 0.0686
Epoch 11 Progress: 2% (27/989) - Loss: 0.1740
Epoch 11 Progress: 3% (36/989) - Loss: 0.0981
Epoch 11 Progress: 4% (45/989) - Loss: 0.1208
Epoch 11 Progress: 5% (54/989) - Loss: 0.1921
Epoch 11 Progress: 6% (63/989) - Loss: 0.1165
Epoch 11 Progress: 7% (72/989) - Loss: 0.1190
Epoch 11 Progress: 8% (81/989) - Loss: 0.1025
Epoch 11 Progress: 9% (90/989) - Loss: 0.1656
Epoch 11 Progress: 10% (99/989) - Loss: 0.6887
Epoch 11 Progress: 10% (108/989) - Loss: 0.0953
Epoch 11 Progress: 11% (117/989) - Loss: 0.7316
Epoch 11 Progress: 12% (126/989) - Loss: 0.4722
Epoch 11 Progress: 13% (135/989) - Loss: 0.1817
Epoch 11 Progress: 14% (144/989) - Loss: 0.2356
Epoch 11 Progress: 15% (153/989) - Loss: 0.0471
Epoch 11 Progress: 16% (162/989) - Loss: 0.0659
Epoch 11 Progress: 17% (171/989) - Loss: 0.1216
Epoch 11 Progress: 18% (180/989) - Loss: 0.0621
Epoch 11 Progress: 19% (189/989) - Loss: 0.0948
Epoch 11 Progress: 20% (198/989) - Loss: 0.0609
Epoch 11 Progress: 20% (207/989) - Loss: 0.1249
Epoch 11 Progress: 21% (216/989) - Loss: 0.1459
Epoch 11 Progress: 22% (225/989) - Loss: 0.2335
Epoch 11 Progress: 23% (234/989) - Loss: 0.1095
Epoch 11 Progress: 24% (243/989) - Loss: 0.1192
Epoch 11 Progress: 25% (252/989) - Loss: 0.1191
Epoch 11 Progress: 26% (261/989) - Loss: 0.0407
Epoch 11 Progress: 27% (270/989) - Loss: 0.0547
Epoch 11 Progress: 28% (279/989) - Loss: 0.0916
Epoch 11 Progress: 29% (288/989) - Loss: 0.2116
Epoch 11 Progress: 30% (297/989) - Loss: 0.1723
Epoch 11 Progress: 30% (306/989) - Loss: 0.0910
Epoch 11 Progress: 31% (315/989) - Loss: 0.1661
Epoch 11 Progress: 32% (324/989) - Loss: 0.1759
Epoch 11 Progress: 33% (333/989) - Loss: 0.0559
Epoch 11 Progress: 34% (342/989) - Loss: 0.0817
Epoch 11 Progress: 35% (351/989) - Loss: 0.0638
Epoch 11 Progress: 36% (360/989) - Loss: 0.1651
Epoch 11 Progress: 37% (369/989) - Loss: 0.0538
Epoch 11 Progress: 38% (378/989) - Loss: 0.5117
Epoch 11 Progress: 39% (387/989) - Loss: 0.1959
Epoch 11 Progress: 40% (396/989) - Loss: 0.2725
Epoch 11 Progress: 40% (405/989) - Loss: 0.1146
Epoch 11 Progress: 41% (414/989) - Loss: 0.0364
Epoch 11 Progress: 42% (423/989) - Loss: 0.0997
Epoch 11 Progress: 43% (432/989) - Loss: 0.1331
Epoch 11 Progress: 44% (441/989) - Loss: 0.1489
Epoch 11 Progress: 45% (450/989) - Loss: 0.0966
Epoch 11 Progress: 46% (459/989) - Loss: 0.5310
Epoch 11 Progress: 47% (468/989) - Loss: 0.0996
Epoch 11 Progress: 48% (477/989) - Loss: 0.0871
Epoch 11 Progress: 49% (486/989) - Loss: 0.4572
Epoch 11 Progress: 50% (495/989) - Loss: 0.1159
Epoch 11 Progress: 50% (504/989) - Loss: 0.0848
Epoch 11 Progress: 51% (513/989) - Loss: 0.1045
Epoch 11 Progress: 52% (522/989) - Loss: 0.2166
Epoch 11 Progress: 53% (531/989) - Loss: 0.1109
Epoch 11 Progress: 54% (540/989) - Loss: 0.1294
Epoch 11 Progress: 55% (549/989) - Loss: 0.3019
Epoch 11 Progress: 56% (558/989) - Loss: 0.0871
Epoch 11 Progress: 57% (567/989) - Loss: 0.0758
Epoch 11 Progress: 58% (576/989) - Loss: 0.3243
Epoch 11 Progress: 59% (585/989) - Loss: 0.1314
Epoch 11 Progress: 60% (594/989) - Loss: 0.0969
Epoch 11 Progress: 60% (603/989) - Loss: 0.1014
Epoch 11 Progress: 61% (612/989) - Loss: 0.0701
Epoch 11 Progress: 62% (621/989) - Loss: 0.1117
Epoch 11 Progress: 63% (630/989) - Loss: 0.0770
Epoch 11 Progress: 64% (639/989) - Loss: 0.3283
Epoch 11 Progress: 65% (648/989) - Loss: 0.0826
Epoch 11 Progress: 66% (657/989) - Loss: 0.6422
Epoch 11 Progress: 67% (666/989) - Loss: 0.1151
Epoch 11 Progress: 68% (675/989) - Loss: 0.1319
Epoch 11 Progress: 69% (684/989) - Loss: 0.0450
Epoch 11 Progress: 70% (693/989) - Loss: 0.0564
Epoch 11 Progress: 70% (702/989) - Loss: 0.7628
Epoch 11 Progress: 71% (711/989) - Loss: 0.1330
Epoch 11 Progress: 72% (720/989) - Loss: 0.1525
Epoch 11 Progress: 73% (729/989) - Loss: 0.1402
Epoch 11 Progress: 74% (738/989) - Loss: 0.2024
Epoch 11 Progress: 75% (747/989) - Loss: 0.1908
Epoch 11 Progress: 76% (756/989) - Loss: 0.1102
Epoch 11 Progress: 77% (765/989) - Loss: 0.1277
Epoch 11 Progress: 78% (774/989) - Loss: 0.1399
Epoch 11 Progress: 79% (783/989) - Loss: 0.1001
Epoch 11 Progress: 80% (792/989) - Loss: 0.1623
Epoch 11 Progress: 80% (801/989) - Loss: 0.0444
Epoch 11 Progress: 81% (810/989) - Loss: 0.0939
Epoch 11 Progress: 82% (819/989) - Loss: 0.1563
Epoch 11 Progress: 83% (828/989) - Loss: 0.0755
Epoch 11 Progress: 84% (837/989) - Loss: 0.0526
Epoch 11 Progress: 85% (846/989) - Loss: 0.1707
Epoch 11 Progress: 86% (855/989) - Loss: 0.2064
Epoch 11 Progress: 87% (864/989) - Loss: 0.0358
Epoch 11 Progress: 88% (873/989) - Loss: 0.0910
Epoch 11 Progress: 89% (882/989) - Loss: 0.0794
Epoch 11 Progress: 90% (891/989) - Loss: 0.0854
Epoch 11 Progress: 91% (900/989) - Loss: 0.1284
Epoch 11 Progress: 91% (909/989) - Loss: 0.1495
Epoch 11 Progress: 92% (918/989) - Loss: 0.1263
Epoch 11 Progress: 93% (927/989) - Loss: 0.0866
Epoch 11 Progress: 94% (936/989) - Loss: 0.0993
Epoch 11 Progress: 95% (945/989) - Loss: 0.1773
Epoch 11 Progress: 96% (954/989) - Loss: 0.0715
Epoch 11 Progress: 97% (963/989) - Loss: 0.7705
Epoch 11 Progress: 98% (972/989) - Loss: 0.0788
Epoch 11 Progress: 99% (981/989) - Loss: 0.1294
Epoch 11 Progress: 100% (989/989) - Loss: 0.1367
Train Loss: 0.1597 | Val Loss: 0.1436 | Val Mean Dice: 0.8722
Dice WT: 0.8943 | Dice TC: 0.8836 | Dice ET: 0.8388
Peak RAM: 1462 MB | Peak VRAM: 26387 MB | Peak GPU Util: 100.0%
Validation Dice improved from 0.8565 to 0.8722. Saving model...

Epoch 12/100  LR=0.000054
Epoch 12 Progress: 0% (9/989) - Loss: 0.2231
Epoch 12 Progress: 1% (18/989) - Loss: 0.1289
Epoch 12 Progress: 2% (27/989) - Loss: 0.1091
Epoch 12 Progress: 3% (36/989) - Loss: 0.0763
Epoch 12 Progress: 4% (45/989) - Loss: 0.0883
Epoch 12 Progress: 5% (54/989) - Loss: 0.0984
Epoch 12 Progress: 6% (63/989) - Loss: 0.1340
Epoch 12 Progress: 7% (72/989) - Loss: 0.0765
Epoch 12 Progress: 8% (81/989) - Loss: 0.2872
Epoch 12 Progress: 9% (90/989) - Loss: 0.1727
Epoch 12 Progress: 10% (99/989) - Loss: 0.3440
Epoch 12 Progress: 10% (108/989) - Loss: 0.2043
Epoch 12 Progress: 11% (117/989) - Loss: 0.1050
Epoch 12 Progress: 12% (126/989) - Loss: 0.1460
Epoch 12 Progress: 13% (135/989) - Loss: 0.1581
Epoch 12 Progress: 14% (144/989) - Loss: 0.1340
Epoch 12 Progress: 15% (153/989) - Loss: 1.0254
Epoch 12 Progress: 16% (162/989) - Loss: 0.1913
Epoch 12 Progress: 17% (171/989) - Loss: 0.2057
Epoch 12 Progress: 18% (180/989) - Loss: 0.1141
Epoch 12 Progress: 19% (189/989) - Loss: 0.0875
Epoch 12 Progress: 20% (198/989) - Loss: 0.1757
Epoch 12 Progress: 20% (207/989) - Loss: 0.3487
Epoch 12 Progress: 21% (216/989) - Loss: 0.0385
Epoch 12 Progress: 22% (225/989) - Loss: 0.1657
Epoch 12 Progress: 23% (234/989) - Loss: 0.2012
Epoch 12 Progress: 24% (243/989) - Loss: 0.1321
Epoch 12 Progress: 25% (252/989) - Loss: 0.0875
Epoch 12 Progress: 26% (261/989) - Loss: 0.1422
Epoch 12 Progress: 27% (270/989) - Loss: 0.1665
Epoch 12 Progress: 28% (279/989) - Loss: 0.1264
Epoch 12 Progress: 29% (288/989) - Loss: 0.4703
Epoch 12 Progress: 30% (297/989) - Loss: 0.0835
Epoch 12 Progress: 30% (306/989) - Loss: 0.1237
Epoch 12 Progress: 31% (315/989) - Loss: 0.0755
Epoch 12 Progress: 32% (324/989) - Loss: 0.1158
Epoch 12 Progress: 33% (333/989) - Loss: 0.1616
Epoch 12 Progress: 34% (342/989) - Loss: 0.0463
Epoch 12 Progress: 35% (351/989) - Loss: 0.0748
Epoch 12 Progress: 36% (360/989) - Loss: 0.2366
Epoch 12 Progress: 37% (369/989) - Loss: 0.0770
Epoch 12 Progress: 38% (378/989) - Loss: 0.3666
Epoch 12 Progress: 39% (387/989) - Loss: 0.0600
Epoch 12 Progress: 40% (396/989) - Loss: 0.0809
Epoch 12 Progress: 40% (405/989) - Loss: 0.1085
Epoch 12 Progress: 41% (414/989) - Loss: 0.1700
Epoch 12 Progress: 42% (423/989) - Loss: 0.1633
Epoch 12 Progress: 43% (432/989) - Loss: 0.0566
Epoch 12 Progress: 44% (441/989) - Loss: 0.1215
Epoch 12 Progress: 45% (450/989) - Loss: 0.0481
Epoch 12 Progress: 46% (459/989) - Loss: 0.1637
Epoch 12 Progress: 47% (468/989) - Loss: 0.1198
Epoch 12 Progress: 48% (477/989) - Loss: 0.1065
Epoch 12 Progress: 49% (486/989) - Loss: 0.0856
Epoch 12 Progress: 50% (495/989) - Loss: 0.1369
Epoch 12 Progress: 50% (504/989) - Loss: 0.0902
Epoch 12 Progress: 51% (513/989) - Loss: 0.4467
Epoch 12 Progress: 52% (522/989) - Loss: 0.0541
Epoch 12 Progress: 53% (531/989) - Loss: 0.1081
Epoch 12 Progress: 54% (540/989) - Loss: 0.1443
Epoch 12 Progress: 55% (549/989) - Loss: 0.1498
Epoch 12 Progress: 56% (558/989) - Loss: 0.5171
Epoch 12 Progress: 57% (567/989) - Loss: 0.1454
Epoch 12 Progress: 58% (576/989) - Loss: 0.1103
Epoch 12 Progress: 59% (585/989) - Loss: 0.1440
Epoch 12 Progress: 60% (594/989) - Loss: 0.1203
Epoch 12 Progress: 60% (603/989) - Loss: 0.1296
Epoch 12 Progress: 61% (612/989) - Loss: 0.1374
Epoch 12 Progress: 62% (621/989) - Loss: 0.3049
Epoch 12 Progress: 63% (630/989) - Loss: 0.0875
Epoch 12 Progress: 64% (639/989) - Loss: 0.2388
Epoch 12 Progress: 65% (648/989) - Loss: 0.0785
Epoch 12 Progress: 66% (657/989) - Loss: 0.1260
Epoch 12 Progress: 67% (666/989) - Loss: 0.2824
Epoch 12 Progress: 68% (675/989) - Loss: 0.1498
Epoch 12 Progress: 69% (684/989) - Loss: 0.0746
Epoch 12 Progress: 70% (693/989) - Loss: 0.0830
Epoch 12 Progress: 70% (702/989) - Loss: 0.0636
Epoch 12 Progress: 71% (711/989) - Loss: 0.1216
Epoch 12 Progress: 72% (720/989) - Loss: 0.1415
Epoch 12 Progress: 73% (729/989) - Loss: 0.1897
Epoch 12 Progress: 74% (738/989) - Loss: 0.0831
Epoch 12 Progress: 75% (747/989) - Loss: 0.2002
Epoch 12 Progress: 76% (756/989) - Loss: 0.2575
Epoch 12 Progress: 77% (765/989) - Loss: 0.0927
Epoch 12 Progress: 78% (774/989) - Loss: 0.0710
Epoch 12 Progress: 79% (783/989) - Loss: 0.3498
Epoch 12 Progress: 80% (792/989) - Loss: 0.0899
Epoch 12 Progress: 80% (801/989) - Loss: 0.0777
Epoch 12 Progress: 81% (810/989) - Loss: 0.0505
Epoch 12 Progress: 82% (819/989) - Loss: 0.1091
Epoch 12 Progress: 83% (828/989) - Loss: 0.1484
Epoch 12 Progress: 84% (837/989) - Loss: 0.1600
Epoch 12 Progress: 85% (846/989) - Loss: 0.0797
Epoch 12 Progress: 86% (855/989) - Loss: 0.8361
Epoch 12 Progress: 87% (864/989) - Loss: 0.0656
Epoch 12 Progress: 88% (873/989) - Loss: 0.6610
Epoch 12 Progress: 89% (882/989) - Loss: 0.2615
Epoch 12 Progress: 90% (891/989) - Loss: 0.0664
Epoch 12 Progress: 91% (900/989) - Loss: 0.1021
Epoch 12 Progress: 91% (909/989) - Loss: 0.0988
Epoch 12 Progress: 92% (918/989) - Loss: 0.1481
Epoch 12 Progress: 93% (927/989) - Loss: 0.1530
Epoch 12 Progress: 94% (936/989) - Loss: 0.2747
Epoch 12 Progress: 95% (945/989) - Loss: 0.0904
Epoch 12 Progress: 96% (954/989) - Loss: 0.0672
Epoch 12 Progress: 97% (963/989) - Loss: 0.0815
Epoch 12 Progress: 98% (972/989) - Loss: 0.0858
Epoch 12 Progress: 99% (981/989) - Loss: 1.0000
Epoch 12 Progress: 100% (989/989) - Loss: 0.0586
Train Loss: 0.1597 | Val Loss: 0.1511 | Val Mean Dice: 0.8608
Dice WT: 0.8739 | Dice TC: 0.8823 | Dice ET: 0.8263
Peak RAM: 1463 MB | Peak VRAM: 26387 MB | Peak GPU Util: 100.0%

Epoch 13/100  LR=0.000054
Epoch 13 Progress: 0% (9/989) - Loss: 0.1097
Epoch 13 Progress: 1% (18/989) - Loss: 0.0940
Epoch 13 Progress: 2% (27/989) - Loss: 0.1459
Epoch 13 Progress: 3% (36/989) - Loss: 0.0749
Epoch 13 Progress: 4% (45/989) - Loss: 0.1512
Epoch 13 Progress: 5% (54/989) - Loss: 0.1446
Epoch 13 Progress: 6% (63/989) - Loss: 0.0759
Epoch 13 Progress: 7% (72/989) - Loss: 0.0518
Epoch 13 Progress: 8% (81/989) - Loss: 0.0902
Epoch 13 Progress: 9% (90/989) - Loss: 0.2571
Epoch 13 Progress: 10% (99/989) - Loss: 0.1575
Epoch 13 Progress: 10% (108/989) - Loss: 0.1515
Epoch 13 Progress: 11% (117/989) - Loss: 0.0749
Epoch 13 Progress: 12% (126/989) - Loss: 0.1914
Epoch 13 Progress: 13% (135/989) - Loss: 0.0576
Epoch 13 Progress: 14% (144/989) - Loss: 0.1133
Epoch 13 Progress: 15% (153/989) - Loss: 0.4524
Epoch 13 Progress: 16% (162/989) - Loss: 0.1090
Epoch 13 Progress: 17% (171/989) - Loss: 0.0990
Epoch 13 Progress: 18% (180/989) - Loss: 0.0956
Epoch 13 Progress: 19% (189/989) - Loss: 0.0620
Epoch 13 Progress: 20% (198/989) - Loss: 0.0865
Epoch 13 Progress: 20% (207/989) - Loss: 0.4037
Epoch 13 Progress: 21% (216/989) - Loss: 0.0961
Epoch 13 Progress: 22% (225/989) - Loss: 0.0977
Epoch 13 Progress: 23% (234/989) - Loss: 0.0494
Epoch 13 Progress: 24% (243/989) - Loss: 0.1415
Epoch 13 Progress: 25% (252/989) - Loss: 0.0399
Epoch 13 Progress: 26% (261/989) - Loss: 0.1427
Epoch 13 Progress: 27% (270/989) - Loss: 0.0708
Epoch 13 Progress: 28% (279/989) - Loss: 0.1044
Epoch 13 Progress: 29% (288/989) - Loss: 0.0553
Epoch 13 Progress: 30% (297/989) - Loss: 0.1164
Epoch 13 Progress: 30% (306/989) - Loss: 0.0615
Epoch 13 Progress: 31% (315/989) - Loss: 0.0603
Epoch 13 Progress: 32% (324/989) - Loss: 0.1334
Epoch 13 Progress: 33% (333/989) - Loss: 0.0974
Epoch 13 Progress: 34% (342/989) - Loss: 0.0425
Epoch 13 Progress: 35% (351/989) - Loss: 0.0679
Epoch 13 Progress: 36% (360/989) - Loss: 0.1754
Epoch 13 Progress: 37% (369/989) - Loss: 0.1322
Epoch 13 Progress: 38% (378/989) - Loss: 0.2398
Epoch 13 Progress: 39% (387/989) - Loss: 0.1301
Epoch 13 Progress: 40% (396/989) - Loss: 0.0353
Epoch 13 Progress: 40% (405/989) - Loss: 0.0762
Epoch 13 Progress: 41% (414/989) - Loss: 0.0790
Epoch 13 Progress: 42% (423/989) - Loss: 0.4710
Epoch 13 Progress: 43% (432/989) - Loss: 0.2294
Epoch 13 Progress: 44% (441/989) - Loss: 0.1308
Epoch 13 Progress: 45% (450/989) - Loss: 0.2487
Epoch 13 Progress: 46% (459/989) - Loss: 0.1361
Epoch 13 Progress: 47% (468/989) - Loss: 0.0670
Epoch 13 Progress: 48% (477/989) - Loss: 0.1155
Epoch 13 Progress: 49% (486/989) - Loss: 0.1048
Epoch 13 Progress: 50% (495/989) - Loss: 0.1342
Epoch 13 Progress: 50% (504/989) - Loss: 0.1004
Epoch 13 Progress: 51% (513/989) - Loss: 0.1663
Epoch 13 Progress: 52% (522/989) - Loss: 0.1887
Epoch 13 Progress: 53% (531/989) - Loss: 0.0769
Epoch 13 Progress: 54% (540/989) - Loss: 0.1758
Epoch 13 Progress: 55% (549/989) - Loss: 0.0962
Epoch 13 Progress: 56% (558/989) - Loss: 0.0877
Epoch 13 Progress: 57% (567/989) - Loss: 0.0778
Epoch 13 Progress: 58% (576/989) - Loss: 0.0866
Epoch 13 Progress: 59% (585/989) - Loss: 0.1606
Epoch 13 Progress: 60% (594/989) - Loss: 0.2117
Epoch 13 Progress: 60% (603/989) - Loss: 0.0564
Epoch 13 Progress: 61% (612/989) - Loss: 0.0618
Epoch 13 Progress: 62% (621/989) - Loss: 0.1437
Epoch 13 Progress: 63% (630/989) - Loss: 0.0985
Epoch 13 Progress: 64% (639/989) - Loss: 0.2519
Epoch 13 Progress: 65% (648/989) - Loss: 0.1463
Epoch 13 Progress: 66% (657/989) - Loss: 0.1164
Epoch 13 Progress: 67% (666/989) - Loss: 0.1938
Epoch 13 Progress: 68% (675/989) - Loss: 0.1054
Epoch 13 Progress: 69% (684/989) - Loss: 0.0844
Epoch 13 Progress: 70% (693/989) - Loss: 0.1571
Epoch 13 Progress: 70% (702/989) - Loss: 0.1059
Epoch 13 Progress: 71% (711/989) - Loss: 0.1033
Epoch 13 Progress: 72% (720/989) - Loss: 0.0685
Epoch 13 Progress: 73% (729/989) - Loss: 0.2101
Epoch 13 Progress: 74% (738/989) - Loss: 0.0878
Epoch 13 Progress: 75% (747/989) - Loss: 0.1011
Epoch 13 Progress: 76% (756/989) - Loss: 0.1522
Epoch 13 Progress: 77% (765/989) - Loss: 0.2352
Epoch 13 Progress: 78% (774/989) - Loss: 0.1928
Epoch 13 Progress: 79% (783/989) - Loss: 0.1298
Epoch 13 Progress: 80% (792/989) - Loss: 0.1645
Epoch 13 Progress: 80% (801/989) - Loss: 0.0712
Epoch 13 Progress: 81% (810/989) - Loss: 0.1139
Epoch 13 Progress: 82% (819/989) - Loss: 0.0964
Epoch 13 Progress: 83% (828/989) - Loss: 0.4156
Epoch 13 Progress: 84% (837/989) - Loss: 0.4304
Epoch 13 Progress: 85% (846/989) - Loss: 0.0766
Epoch 13 Progress: 86% (855/989) - Loss: 0.1581
Epoch 13 Progress: 87% (864/989) - Loss: 0.1201
Epoch 13 Progress: 88% (873/989) - Loss: 0.1012
Epoch 13 Progress: 89% (882/989) - Loss: 0.1766
Epoch 13 Progress: 90% (891/989) - Loss: 0.1416
Epoch 13 Progress: 91% (900/989) - Loss: 0.2233
Epoch 13 Progress: 91% (909/989) - Loss: 0.0346
Epoch 13 Progress: 92% (918/989) - Loss: 0.1033
Epoch 13 Progress: 93% (927/989) - Loss: 0.1751
Epoch 13 Progress: 94% (936/989) - Loss: 0.0631
Epoch 13 Progress: 95% (945/989) - Loss: 0.1336
Epoch 13 Progress: 96% (954/989) - Loss: 0.1283
Epoch 13 Progress: 97% (963/989) - Loss: 0.0983
Epoch 13 Progress: 98% (972/989) - Loss: 0.1001
Epoch 13 Progress: 99% (981/989) - Loss: 0.1303
Epoch 13 Progress: 100% (989/989) - Loss: 0.0726
Train Loss: 0.1530 | Val Loss: 0.1560 | Val Mean Dice: 0.8543
Dice WT: 0.8832 | Dice TC: 0.8649 | Dice ET: 0.8147
Peak RAM: 1463 MB | Peak VRAM: 26387 MB | Peak GPU Util: 100.0%

Epoch 14/100  LR=0.000054
Epoch 14 Progress: 0% (9/989) - Loss: 0.0973
Epoch 14 Progress: 1% (18/989) - Loss: 0.0726
Epoch 14 Progress: 2% (27/989) - Loss: 0.1142
Epoch 14 Progress: 3% (36/989) - Loss: 0.0938
Epoch 14 Progress: 4% (45/989) - Loss: 0.1058
Epoch 14 Progress: 5% (54/989) - Loss: 0.1072
Epoch 14 Progress: 6% (63/989) - Loss: 0.0864
Epoch 14 Progress: 7% (72/989) - Loss: 0.0822
Epoch 14 Progress: 8% (81/989) - Loss: 0.1632
Epoch 14 Progress: 9% (90/989) - Loss: 0.0883
Epoch 14 Progress: 10% (99/989) - Loss: 0.1454
Epoch 14 Progress: 10% (108/989) - Loss: 0.3220
Epoch 14 Progress: 11% (117/989) - Loss: 0.0752
Epoch 14 Progress: 12% (126/989) - Loss: 0.3161
Epoch 14 Progress: 13% (135/989) - Loss: 0.0722
Epoch 14 Progress: 14% (144/989) - Loss: 0.1654
Epoch 14 Progress: 15% (153/989) - Loss: 0.0679
Epoch 14 Progress: 16% (162/989) - Loss: 0.5504
Epoch 14 Progress: 17% (171/989) - Loss: 0.2048
Epoch 14 Progress: 18% (180/989) - Loss: 0.2603
Epoch 14 Progress: 19% (189/989) - Loss: 0.0813
Epoch 14 Progress: 20% (198/989) - Loss: 0.1010
Epoch 14 Progress: 20% (207/989) - Loss: 0.0427
Epoch 14 Progress: 21% (216/989) - Loss: 0.1032
Epoch 14 Progress: 22% (225/989) - Loss: 0.0793
Epoch 14 Progress: 23% (234/989) - Loss: 0.0957
Epoch 14 Progress: 24% (243/989) - Loss: 0.0559
Epoch 14 Progress: 25% (252/989) - Loss: 0.1468
Epoch 14 Progress: 26% (261/989) - Loss: 0.1806
Epoch 14 Progress: 27% (270/989) - Loss: 0.1660
Epoch 14 Progress: 28% (279/989) - Loss: 0.4152
Epoch 14 Progress: 29% (288/989) - Loss: 0.0564
Epoch 14 Progress: 30% (297/989) - Loss: 0.4096
Epoch 14 Progress: 30% (306/989) - Loss: 0.0814
Epoch 14 Progress: 31% (315/989) - Loss: 0.0768
Epoch 14 Progress: 32% (324/989) - Loss: 0.1200
Epoch 14 Progress: 33% (333/989) - Loss: 0.1040
Epoch 14 Progress: 34% (342/989) - Loss: 0.0498
Epoch 14 Progress: 35% (351/989) - Loss: 0.0744
Epoch 14 Progress: 36% (360/989) - Loss: 0.0860
Epoch 14 Progress: 37% (369/989) - Loss: 0.1368
Epoch 14 Progress: 38% (378/989) - Loss: 0.0767
Epoch 14 Progress: 39% (387/989) - Loss: 0.2386
Epoch 14 Progress: 40% (396/989) - Loss: 0.0630
Epoch 14 Progress: 40% (405/989) - Loss: 0.0977
Epoch 14 Progress: 41% (414/989) - Loss: 0.5286
Epoch 14 Progress: 42% (423/989) - Loss: 0.4798
Epoch 14 Progress: 43% (432/989) - Loss: 0.0790
Epoch 14 Progress: 44% (441/989) - Loss: 0.1040
Epoch 14 Progress: 45% (450/989) - Loss: 0.1255
Epoch 14 Progress: 46% (459/989) - Loss: 0.1332
Epoch 14 Progress: 47% (468/989) - Loss: 0.1498
Epoch 14 Progress: 48% (477/989) - Loss: 0.0710
Epoch 14 Progress: 49% (486/989) - Loss: 0.0574
Epoch 14 Progress: 50% (495/989) - Loss: 0.1607
Epoch 14 Progress: 50% (504/989) - Loss: 0.1491
Epoch 14 Progress: 51% (513/989) - Loss: 0.1373
Epoch 14 Progress: 52% (522/989) - Loss: 0.1029
Epoch 14 Progress: 53% (531/989) - Loss: 0.1168
Epoch 14 Progress: 54% (540/989) - Loss: 0.0859
Epoch 14 Progress: 55% (549/989) - Loss: 0.1069
Epoch 14 Progress: 56% (558/989) - Loss: 0.0481
Epoch 14 Progress: 57% (567/989) - Loss: 0.1889
Epoch 14 Progress: 58% (576/989) - Loss: 0.0521
Epoch 14 Progress: 59% (585/989) - Loss: 0.1585
Epoch 14 Progress: 60% (594/989) - Loss: 0.0441
Epoch 14 Progress: 60% (603/989) - Loss: 0.2000
Epoch 14 Progress: 61% (612/989) - Loss: 0.1093
Epoch 14 Progress: 62% (621/989) - Loss: 0.1392
Epoch 14 Progress: 63% (630/989) - Loss: 0.0965
Epoch 14 Progress: 64% (639/989) - Loss: 0.0897
Epoch 14 Progress: 65% (648/989) - Loss: 0.1663
Epoch 14 Progress: 66% (657/989) - Loss: 0.1216
Epoch 14 Progress: 67% (666/989) - Loss: 0.0424
Epoch 14 Progress: 68% (675/989) - Loss: 0.3399
Epoch 14 Progress: 69% (684/989) - Loss: 0.1119
Epoch 14 Progress: 70% (693/989) - Loss: 0.1190
Epoch 14 Progress: 70% (702/989) - Loss: 0.1696
Epoch 14 Progress: 71% (711/989) - Loss: 0.5423
Epoch 14 Progress: 72% (720/989) - Loss: 0.1035
Epoch 14 Progress: 73% (729/989) - Loss: 0.0548
Epoch 14 Progress: 74% (738/989) - Loss: 0.1199
Epoch 14 Progress: 75% (747/989) - Loss: 0.0609
Epoch 14 Progress: 76% (756/989) - Loss: 0.1733
Epoch 14 Progress: 77% (765/989) - Loss: 0.2062
Epoch 14 Progress: 78% (774/989) - Loss: 0.0795
Epoch 14 Progress: 79% (783/989) - Loss: 0.1691
Epoch 14 Progress: 80% (792/989) - Loss: 0.1620
Epoch 14 Progress: 80% (801/989) - Loss: 0.0901
Epoch 14 Progress: 81% (810/989) - Loss: 0.1197
Epoch 14 Progress: 82% (819/989) - Loss: 0.1204
Epoch 14 Progress: 83% (828/989) - Loss: 0.0969
Epoch 14 Progress: 84% (837/989) - Loss: 0.1857
Epoch 14 Progress: 85% (846/989) - Loss: 0.1107
Epoch 14 Progress: 86% (855/989) - Loss: 0.0422
Epoch 14 Progress: 87% (864/989) - Loss: 0.1105
Epoch 14 Progress: 88% (873/989) - Loss: 0.0658
Epoch 14 Progress: 89% (882/989) - Loss: 0.2411
Epoch 14 Progress: 90% (891/989) - Loss: 0.1129
Epoch 14 Progress: 91% (900/989) - Loss: 0.1145
Epoch 14 Progress: 91% (909/989) - Loss: 0.0443
Epoch 14 Progress: 92% (918/989) - Loss: 0.1010
Epoch 14 Progress: 93% (927/989) - Loss: 0.0776
Epoch 14 Progress: 94% (936/989) - Loss: 0.0857
Epoch 14 Progress: 95% (945/989) - Loss: 0.1338
Epoch 14 Progress: 96% (954/989) - Loss: 0.0886
Epoch 14 Progress: 97% (963/989) - Loss: 0.2042
Epoch 14 Progress: 98% (972/989) - Loss: 0.1646
Epoch 14 Progress: 99% (981/989) - Loss: 0.0840
Epoch 14 Progress: 100% (989/989) - Loss: 0.2256
Train Loss: 0.1489 | Val Loss: 0.1392 | Val Mean Dice: 0.8768
Dice WT: 0.9077 | Dice TC: 0.8838 | Dice ET: 0.8389
Peak RAM: 1463 MB | Peak VRAM: 26387 MB | Peak GPU Util: 100.0%
Validation Dice improved from 0.8722 to 0.8768. Saving model...

Epoch 15/100  LR=0.000053
Epoch 15 Progress: 0% (9/989) - Loss: 0.0364
Epoch 15 Progress: 1% (18/989) - Loss: 0.0891
Epoch 15 Progress: 2% (27/989) - Loss: 0.0958
Epoch 15 Progress: 3% (36/989) - Loss: 0.1956
Epoch 15 Progress: 4% (45/989) - Loss: 0.1380
Epoch 15 Progress: 5% (54/989) - Loss: 0.2058
Epoch 15 Progress: 6% (63/989) - Loss: 0.0962
Epoch 15 Progress: 7% (72/989) - Loss: 0.0735
Epoch 15 Progress: 8% (81/989) - Loss: 0.0373
Epoch 15 Progress: 9% (90/989) - Loss: 0.1326
Epoch 15 Progress: 10% (99/989) - Loss: 0.2697
Epoch 15 Progress: 10% (108/989) - Loss: 0.0780
Epoch 15 Progress: 11% (117/989) - Loss: 0.0792
Epoch 15 Progress: 12% (126/989) - Loss: 0.1356
Epoch 15 Progress: 13% (135/989) - Loss: 0.1292
Epoch 15 Progress: 14% (144/989) - Loss: 0.1019
Epoch 15 Progress: 15% (153/989) - Loss: 0.4466
Epoch 15 Progress: 16% (162/989) - Loss: 0.0652
Epoch 15 Progress: 17% (171/989) - Loss: 0.0548
Epoch 15 Progress: 18% (180/989) - Loss: 0.0873
Epoch 15 Progress: 19% (189/989) - Loss: 0.0982
Epoch 15 Progress: 20% (198/989) - Loss: 0.1201
Epoch 15 Progress: 20% (207/989) - Loss: 0.6199
Epoch 15 Progress: 21% (216/989) - Loss: 0.0599
Epoch 15 Progress: 22% (225/989) - Loss: 0.1076
Epoch 15 Progress: 23% (234/989) - Loss: 0.0844
Epoch 15 Progress: 24% (243/989) - Loss: 0.0786
Epoch 15 Progress: 25% (252/989) - Loss: 0.1200
Epoch 15 Progress: 26% (261/989) - Loss: 0.1035
Epoch 15 Progress: 27% (270/989) - Loss: 0.1044
Epoch 15 Progress: 28% (279/989) - Loss: 0.2697
Epoch 15 Progress: 29% (288/989) - Loss: 0.1462
Epoch 15 Progress: 30% (297/989) - Loss: 0.1791
Epoch 15 Progress: 30% (306/989) - Loss: 0.1042
Epoch 15 Progress: 31% (315/989) - Loss: 0.2083
Epoch 15 Progress: 32% (324/989) - Loss: 0.1652
Epoch 15 Progress: 33% (333/989) - Loss: 0.1107
Epoch 15 Progress: 34% (342/989) - Loss: 0.2411
Epoch 15 Progress: 35% (351/989) - Loss: 0.0628
Epoch 15 Progress: 36% (360/989) - Loss: 0.2815
Epoch 15 Progress: 37% (369/989) - Loss: 0.3898
Epoch 15 Progress: 38% (378/989) - Loss: 0.1365
Epoch 15 Progress: 39% (387/989) - Loss: 0.3297
Epoch 15 Progress: 40% (396/989) - Loss: 0.1077
Epoch 15 Progress: 40% (405/989) - Loss: 0.3172
Epoch 15 Progress: 41% (414/989) - Loss: 0.2456
Epoch 15 Progress: 42% (423/989) - Loss: 0.0948
Epoch 15 Progress: 43% (432/989) - Loss: 0.2113
Epoch 15 Progress: 44% (441/989) - Loss: 0.1248
Epoch 15 Progress: 45% (450/989) - Loss: 0.2062
Epoch 15 Progress: 46% (459/989) - Loss: 0.0741
Epoch 15 Progress: 47% (468/989) - Loss: 0.1443
Epoch 15 Progress: 48% (477/989) - Loss: 0.1267
Epoch 15 Progress: 49% (486/989) - Loss: 0.0680
Epoch 15 Progress: 50% (495/989) - Loss: 0.0690
Epoch 15 Progress: 50% (504/989) - Loss: 0.1106
Epoch 15 Progress: 51% (513/989) - Loss: 0.0963
Epoch 15 Progress: 52% (522/989) - Loss: 0.1026
Epoch 15 Progress: 53% (531/989) - Loss: 0.0822
Epoch 15 Progress: 54% (540/989) - Loss: 0.0657
Epoch 15 Progress: 55% (549/989) - Loss: 0.1189
Epoch 15 Progress: 56% (558/989) - Loss: 0.0439
Epoch 15 Progress: 57% (567/989) - Loss: 0.0820
Epoch 15 Progress: 58% (576/989) - Loss: 0.0717
Epoch 15 Progress: 59% (585/989) - Loss: 0.1834
Epoch 15 Progress: 60% (594/989) - Loss: 0.1345
Epoch 15 Progress: 60% (603/989) - Loss: 0.1337
Epoch 15 Progress: 61% (612/989) - Loss: 0.1747
Epoch 15 Progress: 62% (621/989) - Loss: 0.1006
Epoch 15 Progress: 63% (630/989) - Loss: 0.4087
Epoch 15 Progress: 64% (639/989) - Loss: 0.0904
Epoch 15 Progress: 65% (648/989) - Loss: 0.1088
Epoch 15 Progress: 66% (657/989) - Loss: 0.1273
Epoch 15 Progress: 67% (666/989) - Loss: 0.1318
Epoch 15 Progress: 68% (675/989) - Loss: 0.0546
Epoch 15 Progress: 69% (684/989) - Loss: 0.0727
Epoch 15 Progress: 70% (693/989) - Loss: 0.3177
Epoch 15 Progress: 70% (702/989) - Loss: 0.0729
Epoch 15 Progress: 71% (711/989) - Loss: 0.1755
Epoch 15 Progress: 72% (720/989) - Loss: 0.1084
Epoch 15 Progress: 73% (729/989) - Loss: 0.2311
Epoch 15 Progress: 74% (738/989) - Loss: 0.0517
Epoch 15 Progress: 75% (747/989) - Loss: 0.1602
Epoch 15 Progress: 76% (756/989) - Loss: 0.0856
Epoch 15 Progress: 77% (765/989) - Loss: 0.1512
Epoch 15 Progress: 78% (774/989) - Loss: 0.1566
Epoch 15 Progress: 79% (783/989) - Loss: 0.1474
Epoch 15 Progress: 80% (792/989) - Loss: 0.1096
Epoch 15 Progress: 80% (801/989) - Loss: 0.0744
Epoch 15 Progress: 81% (810/989) - Loss: 0.0939
Epoch 15 Progress: 82% (819/989) - Loss: 0.3096
Epoch 15 Progress: 83% (828/989) - Loss: 0.0636
Epoch 15 Progress: 84% (837/989) - Loss: 0.1448
Epoch 15 Progress: 85% (846/989) - Loss: 0.0456
Epoch 15 Progress: 86% (855/989) - Loss: 0.0659
Epoch 15 Progress: 87% (864/989) - Loss: 0.0856
Epoch 15 Progress: 88% (873/989) - Loss: 0.1294
Epoch 15 Progress: 89% (882/989) - Loss: 0.1621
Epoch 15 Progress: 90% (891/989) - Loss: 0.0801
Epoch 15 Progress: 91% (900/989) - Loss: 0.1105
Epoch 15 Progress: 91% (909/989) - Loss: 0.1442
Epoch 15 Progress: 92% (918/989) - Loss: 0.1241
Epoch 15 Progress: 93% (927/989) - Loss: 0.0610
Epoch 15 Progress: 94% (936/989) - Loss: 0.0858
Epoch 15 Progress: 95% (945/989) - Loss: 0.2967
Epoch 15 Progress: 96% (954/989) - Loss: 0.0680
Epoch 15 Progress: 97% (963/989) - Loss: 0.1204
Epoch 15 Progress: 98% (972/989) - Loss: 0.2717
Epoch 15 Progress: 99% (981/989) - Loss: 0.0623
Epoch 15 Progress: 100% (989/989) - Loss: 0.0951
Train Loss: 0.1494 | Val Loss: 0.1693 | Val Mean Dice: 0.8505
Dice WT: 0.8800 | Dice TC: 0.8568 | Dice ET: 0.8147
Peak RAM: 1463 MB | Peak VRAM: 26387 MB | Peak GPU Util: 100.0%

Epoch 16/100  LR=0.000053
Epoch 16 Progress: 0% (9/989) - Loss: 0.0809
Epoch 16 Progress: 1% (18/989) - Loss: 0.5314
Epoch 16 Progress: 2% (27/989) - Loss: 0.0775
Epoch 16 Progress: 3% (36/989) - Loss: 0.0891
Epoch 16 Progress: 4% (45/989) - Loss: 0.0631
Epoch 16 Progress: 5% (54/989) - Loss: 0.2322
Epoch 16 Progress: 6% (63/989) - Loss: 0.0668
Epoch 16 Progress: 7% (72/989) - Loss: 0.3667
Epoch 16 Progress: 8% (81/989) - Loss: 0.1753
Epoch 16 Progress: 9% (90/989) - Loss: 0.0855
Epoch 16 Progress: 10% (99/989) - Loss: 0.0856
Epoch 16 Progress: 10% (108/989) - Loss: 0.1105
Epoch 16 Progress: 11% (117/989) - Loss: 0.2388
Epoch 16 Progress: 12% (126/989) - Loss: 0.0661
Epoch 16 Progress: 13% (135/989) - Loss: 0.1704
Epoch 16 Progress: 14% (144/989) - Loss: 0.1259
Epoch 16 Progress: 15% (153/989) - Loss: 0.1150
Epoch 16 Progress: 16% (162/989) - Loss: 0.0875
Epoch 16 Progress: 17% (171/989) - Loss: 0.4955
Epoch 16 Progress: 18% (180/989) - Loss: 0.1380
Epoch 16 Progress: 19% (189/989) - Loss: 0.2509
Epoch 16 Progress: 20% (198/989) - Loss: 0.1616
Epoch 16 Progress: 20% (207/989) - Loss: 0.1680
Epoch 16 Progress: 21% (216/989) - Loss: 0.3330
Epoch 16 Progress: 22% (225/989) - Loss: 0.1652
Epoch 16 Progress: 23% (234/989) - Loss: 0.1196
Epoch 16 Progress: 24% (243/989) - Loss: 0.0794
Epoch 16 Progress: 25% (252/989) - Loss: 0.0818
Epoch 16 Progress: 26% (261/989) - Loss: 0.1214
Epoch 16 Progress: 27% (270/989) - Loss: 0.1813
Epoch 16 Progress: 28% (279/989) - Loss: 0.2042
Epoch 16 Progress: 29% (288/989) - Loss: 0.1015
Epoch 16 Progress: 30% (297/989) - Loss: 0.0900
Epoch 16 Progress: 30% (306/989) - Loss: 0.0734
Epoch 16 Progress: 31% (315/989) - Loss: 0.1282
Epoch 16 Progress: 32% (324/989) - Loss: 0.1016
Epoch 16 Progress: 33% (333/989) - Loss: 0.1336
Epoch 16 Progress: 34% (342/989) - Loss: 0.0975
Epoch 16 Progress: 35% (351/989) - Loss: 0.1438
Epoch 16 Progress: 36% (360/989) - Loss: 0.1328
Epoch 16 Progress: 37% (369/989) - Loss: 0.0961
Epoch 16 Progress: 38% (378/989) - Loss: 0.0952
Epoch 16 Progress: 39% (387/989) - Loss: 0.0644
Epoch 16 Progress: 40% (396/989) - Loss: 0.0878
Epoch 16 Progress: 40% (405/989) - Loss: 0.0659
Epoch 16 Progress: 41% (414/989) - Loss: 0.1144
Epoch 16 Progress: 42% (423/989) - Loss: 0.1117
Epoch 16 Progress: 43% (432/989) - Loss: 0.1348
Epoch 16 Progress: 44% (441/989) - Loss: 0.0699
Epoch 16 Progress: 45% (450/989) - Loss: 0.2234
Epoch 16 Progress: 46% (459/989) - Loss: 0.0859
Epoch 16 Progress: 47% (468/989) - Loss: 0.1112
Epoch 16 Progress: 48% (477/989) - Loss: 0.1352
Epoch 16 Progress: 49% (486/989) - Loss: 0.0794
Epoch 16 Progress: 50% (495/989) - Loss: 0.0978
Epoch 16 Progress: 50% (504/989) - Loss: 0.1291
Epoch 16 Progress: 51% (513/989) - Loss: 0.0339
Epoch 16 Progress: 52% (522/989) - Loss: 0.0812
Epoch 16 Progress: 53% (531/989) - Loss: 0.0789
Epoch 16 Progress: 54% (540/989) - Loss: 0.2266
Epoch 16 Progress: 55% (549/989) - Loss: 0.1284
Epoch 16 Progress: 56% (558/989) - Loss: 0.1715
Epoch 16 Progress: 57% (567/989) - Loss: 0.0707
Epoch 16 Progress: 58% (576/989) - Loss: 0.3967
Epoch 16 Progress: 59% (585/989) - Loss: 0.0716
Epoch 16 Progress: 60% (594/989) - Loss: 0.2636
Epoch 16 Progress: 60% (603/989) - Loss: 0.3841
Epoch 16 Progress: 61% (612/989) - Loss: 0.0982
Epoch 16 Progress: 62% (621/989) - Loss: 0.0492
Epoch 16 Progress: 63% (630/989) - Loss: 0.1939
Epoch 16 Progress: 64% (639/989) - Loss: 0.1437
Epoch 16 Progress: 65% (648/989) - Loss: 0.1339
Epoch 16 Progress: 66% (657/989) - Loss: 0.1253
Epoch 16 Progress: 67% (666/989) - Loss: 0.0890
Epoch 16 Progress: 68% (675/989) - Loss: 0.0935
Epoch 16 Progress: 69% (684/989) - Loss: 0.0962
Epoch 16 Progress: 70% (693/989) - Loss: 0.2421
Epoch 16 Progress: 70% (702/989) - Loss: 0.0696
Epoch 16 Progress: 71% (711/989) - Loss: 0.1315
Epoch 16 Progress: 72% (720/989) - Loss: 0.0879
Epoch 16 Progress: 73% (729/989) - Loss: 0.1411
Epoch 16 Progress: 74% (738/989) - Loss: 0.2160
Epoch 16 Progress: 75% (747/989) - Loss: 0.1202
Epoch 16 Progress: 76% (756/989) - Loss: 0.1147
Epoch 16 Progress: 77% (765/989) - Loss: 0.1617
Epoch 16 Progress: 78% (774/989) - Loss: 0.0467
Epoch 16 Progress: 79% (783/989) - Loss: 0.0994
Epoch 16 Progress: 80% (792/989) - Loss: 0.1121
Epoch 16 Progress: 80% (801/989) - Loss: 0.2021
Epoch 16 Progress: 81% (810/989) - Loss: 0.1742
Epoch 16 Progress: 82% (819/989) - Loss: 0.3938
Epoch 16 Progress: 83% (828/989) - Loss: 0.1373
Epoch 16 Progress: 84% (837/989) - Loss: 0.1105
Epoch 16 Progress: 85% (846/989) - Loss: 0.0986
Epoch 16 Progress: 86% (855/989) - Loss: 0.0674
Epoch 16 Progress: 87% (864/989) - Loss: 0.6192
Epoch 16 Progress: 88% (873/989) - Loss: 0.1498
Epoch 16 Progress: 89% (882/989) - Loss: 0.1661
Epoch 16 Progress: 90% (891/989) - Loss: 0.0653
Epoch 16 Progress: 91% (900/989) - Loss: 0.1190
Epoch 16 Progress: 91% (909/989) - Loss: 0.1026
Epoch 16 Progress: 92% (918/989) - Loss: 0.1222
Epoch 16 Progress: 93% (927/989) - Loss: 0.1408
Epoch 16 Progress: 94% (936/989) - Loss: 0.3677
Epoch 16 Progress: 95% (945/989) - Loss: 0.2467
Epoch 16 Progress: 96% (954/989) - Loss: 0.2089
Epoch 16 Progress: 97% (963/989) - Loss: 0.1395
Epoch 16 Progress: 98% (972/989) - Loss: 0.1498
Epoch 16 Progress: 99% (981/989) - Loss: 0.1545
Epoch 16 Progress: 100% (989/989) - Loss: 0.0732
Train Loss: 0.1508 | Val Loss: 0.1510 | Val Mean Dice: 0.8617
Dice WT: 0.8854 | Dice TC: 0.8771 | Dice ET: 0.8228
Peak RAM: 1463 MB | Peak VRAM: 26387 MB | Peak GPU Util: 100.0%

Epoch 17/100  LR=0.000053
Epoch 17 Progress: 0% (9/989) - Loss: 0.0847
Epoch 17 Progress: 1% (18/989) - Loss: 0.1831
Epoch 17 Progress: 2% (27/989) - Loss: 0.0968
Epoch 17 Progress: 3% (36/989) - Loss: 0.1050
Epoch 17 Progress: 4% (45/989) - Loss: 0.1109
Epoch 17 Progress: 5% (54/989) - Loss: 0.1336
Epoch 17 Progress: 6% (63/989) - Loss: 0.1248
Epoch 17 Progress: 7% (72/989) - Loss: 0.1172
Epoch 17 Progress: 8% (81/989) - Loss: 0.1311
Epoch 17 Progress: 9% (90/989) - Loss: 0.3064
Epoch 17 Progress: 10% (99/989) - Loss: 0.1488
Epoch 17 Progress: 10% (108/989) - Loss: 0.0549
Epoch 17 Progress: 11% (117/989) - Loss: 0.1277
Epoch 17 Progress: 12% (126/989) - Loss: 0.1038
Epoch 17 Progress: 13% (135/989) - Loss: 0.1735
Epoch 17 Progress: 14% (144/989) - Loss: 0.0549
Epoch 17 Progress: 15% (153/989) - Loss: 0.1729
Epoch 17 Progress: 16% (162/989) - Loss: 0.1132
Epoch 17 Progress: 17% (171/989) - Loss: 0.1127
Epoch 17 Progress: 18% (180/989) - Loss: 0.1893
Epoch 17 Progress: 19% (189/989) - Loss: 0.0901
Epoch 17 Progress: 20% (198/989) - Loss: 0.1934
Epoch 17 Progress: 20% (207/989) - Loss: 0.1333
Epoch 17 Progress: 21% (216/989) - Loss: 0.2924
Epoch 17 Progress: 22% (225/989) - Loss: 0.0533
Epoch 17 Progress: 23% (234/989) - Loss: 0.2875
Epoch 17 Progress: 24% (243/989) - Loss: 0.2985
Epoch 17 Progress: 25% (252/989) - Loss: 0.1847
Epoch 17 Progress: 26% (261/989) - Loss: 0.1000
Epoch 17 Progress: 27% (270/989) - Loss: 0.2073
Epoch 17 Progress: 28% (279/989) - Loss: 0.1218
Epoch 17 Progress: 29% (288/989) - Loss: 0.0883
Epoch 17 Progress: 30% (297/989) - Loss: 0.1310
Epoch 17 Progress: 30% (306/989) - Loss: 0.0643
Epoch 17 Progress: 31% (315/989) - Loss: 0.1896
Epoch 17 Progress: 32% (324/989) - Loss: 0.1530
Epoch 17 Progress: 33% (333/989) - Loss: 0.1022
Epoch 17 Progress: 34% (342/989) - Loss: 0.0769
Epoch 17 Progress: 35% (351/989) - Loss: 0.0913
Epoch 17 Progress: 36% (360/989) - Loss: 0.0949
Epoch 17 Progress: 37% (369/989) - Loss: 0.0764
Epoch 17 Progress: 38% (378/989) - Loss: 0.2211
Epoch 17 Progress: 39% (387/989) - Loss: 0.4624
Epoch 17 Progress: 40% (396/989) - Loss: 0.1188
Epoch 17 Progress: 40% (405/989) - Loss: 0.1126
Epoch 17 Progress: 41% (414/989) - Loss: 0.2241
Epoch 17 Progress: 42% (423/989) - Loss: 0.2253
Epoch 17 Progress: 43% (432/989) - Loss: 0.0819
Epoch 17 Progress: 44% (441/989) - Loss: 0.2014
Epoch 17 Progress: 45% (450/989) - Loss: 0.2350
Epoch 17 Progress: 46% (459/989) - Loss: 0.0764
Epoch 17 Progress: 47% (468/989) - Loss: 0.0554
Epoch 17 Progress: 48% (477/989) - Loss: 0.1049
Epoch 17 Progress: 49% (486/989) - Loss: 0.5636
Epoch 17 Progress: 50% (495/989) - Loss: 0.1604
Epoch 17 Progress: 50% (504/989) - Loss: 0.1080
Epoch 17 Progress: 51% (513/989) - Loss: 0.0467
Epoch 17 Progress: 52% (522/989) - Loss: 0.3021
Epoch 17 Progress: 53% (531/989) - Loss: 0.0779
Epoch 17 Progress: 54% (540/989) - Loss: 0.2461
Epoch 17 Progress: 55% (549/989) - Loss: 0.1860
Epoch 17 Progress: 56% (558/989) - Loss: 0.1199
Epoch 17 Progress: 57% (567/989) - Loss: 0.0740
Epoch 17 Progress: 58% (576/989) - Loss: 0.1585
Epoch 17 Progress: 59% (585/989) - Loss: 0.0905
Epoch 17 Progress: 60% (594/989) - Loss: 0.1582
Epoch 17 Progress: 60% (603/989) - Loss: 0.0770
Epoch 17 Progress: 61% (612/989) - Loss: 0.0486
Epoch 17 Progress: 62% (621/989) - Loss: 0.0586
Epoch 17 Progress: 63% (630/989) - Loss: 0.0861
Epoch 17 Progress: 64% (639/989) - Loss: 0.2043
Epoch 17 Progress: 65% (648/989) - Loss: 0.0925
Epoch 17 Progress: 66% (657/989) - Loss: 0.1596
Epoch 17 Progress: 67% (666/989) - Loss: 0.0704
Epoch 17 Progress: 68% (675/989) - Loss: 0.2169
Epoch 17 Progress: 69% (684/989) - Loss: 0.1371
Epoch 17 Progress: 70% (693/989) - Loss: 0.0665
Epoch 17 Progress: 70% (702/989) - Loss: 0.1581
Epoch 17 Progress: 71% (711/989) - Loss: 0.1632
Epoch 17 Progress: 72% (720/989) - Loss: 0.1635
Epoch 17 Progress: 73% (729/989) - Loss: 0.3338
Epoch 17 Progress: 74% (738/989) - Loss: 0.0527
Epoch 17 Progress: 75% (747/989) - Loss: 0.0762
Epoch 17 Progress: 76% (756/989) - Loss: 0.1450
Epoch 17 Progress: 77% (765/989) - Loss: 0.1485
Epoch 17 Progress: 78% (774/989) - Loss: 0.2316
Epoch 17 Progress: 79% (783/989) - Loss: 0.5590
Epoch 17 Progress: 80% (792/989) - Loss: 0.2173
Epoch 17 Progress: 80% (801/989) - Loss: 0.1313
Epoch 17 Progress: 81% (810/989) - Loss: 0.1894
Epoch 17 Progress: 82% (819/989) - Loss: 0.0599
Epoch 17 Progress: 83% (828/989) - Loss: 0.1375
Epoch 17 Progress: 84% (837/989) - Loss: 0.0988
Epoch 17 Progress: 85% (846/989) - Loss: 0.1998
Epoch 17 Progress: 86% (855/989) - Loss: 0.1724
Epoch 17 Progress: 87% (864/989) - Loss: 0.1505
Epoch 17 Progress: 88% (873/989) - Loss: 0.2007
Epoch 17 Progress: 89% (882/989) - Loss: 0.0952
Epoch 17 Progress: 90% (891/989) - Loss: 0.0564
Epoch 17 Progress: 91% (900/989) - Loss: 0.1127
Epoch 17 Progress: 91% (909/989) - Loss: 0.2589
Epoch 17 Progress: 92% (918/989) - Loss: 0.1364
Epoch 17 Progress: 93% (927/989) - Loss: 0.0856
Epoch 17 Progress: 94% (936/989) - Loss: 0.2959
Epoch 17 Progress: 95% (945/989) - Loss: 0.0395
Epoch 17 Progress: 96% (954/989) - Loss: 0.1092
Epoch 17 Progress: 97% (963/989) - Loss: 0.0429
Epoch 17 Progress: 98% (972/989) - Loss: 0.1156
Epoch 17 Progress: 99% (981/989) - Loss: 0.0778
Epoch 17 Progress: 100% (989/989) - Loss: 0.1183
Train Loss: 0.1501 | Val Loss: 0.1587 | Val Mean Dice: 0.8540
Dice WT: 0.8777 | Dice TC: 0.8772 | Dice ET: 0.8071
Peak RAM: 1463 MB | Peak VRAM: 26387 MB | Peak GPU Util: 100.0%

Epoch 18/100  LR=0.000052
Epoch 18 Progress: 0% (9/989) - Loss: 0.0725
Epoch 18 Progress: 1% (18/989) - Loss: 0.1309
Epoch 18 Progress: 2% (27/989) - Loss: 0.1079
Epoch 18 Progress: 3% (36/989) - Loss: 0.3484
Epoch 18 Progress: 4% (45/989) - Loss: 0.0383
Epoch 18 Progress: 5% (54/989) - Loss: 0.0795
Epoch 18 Progress: 6% (63/989) - Loss: 0.1127
Epoch 18 Progress: 7% (72/989) - Loss: 0.1384
Epoch 18 Progress: 8% (81/989) - Loss: 0.1455
Epoch 18 Progress: 9% (90/989) - Loss: 0.1575
Epoch 18 Progress: 10% (99/989) - Loss: 0.0765
Epoch 18 Progress: 10% (108/989) - Loss: 0.1056
Epoch 18 Progress: 11% (117/989) - Loss: 0.2796
Epoch 18 Progress: 12% (126/989) - Loss: 0.1707
Epoch 18 Progress: 13% (135/989) - Loss: 0.2603
Epoch 18 Progress: 14% (144/989) - Loss: 0.8787
Epoch 18 Progress: 15% (153/989) - Loss: 0.1256
Epoch 18 Progress: 16% (162/989) - Loss: 0.1045
Epoch 18 Progress: 17% (171/989) - Loss: 0.0670
Epoch 18 Progress: 18% (180/989) - Loss: 0.0775
Epoch 18 Progress: 19% (189/989) - Loss: 0.1210
Epoch 18 Progress: 20% (198/989) - Loss: 0.1164
Epoch 18 Progress: 20% (207/989) - Loss: 0.0886
Epoch 18 Progress: 21% (216/989) - Loss: 0.0561
Epoch 18 Progress: 22% (225/989) - Loss: 0.0913
Epoch 18 Progress: 23% (234/989) - Loss: 0.0606
Epoch 18 Progress: 24% (243/989) - Loss: 0.6364
Epoch 18 Progress: 25% (252/989) - Loss: 0.0735
Epoch 18 Progress: 26% (261/989) - Loss: 0.0454
Epoch 18 Progress: 27% (270/989) - Loss: 0.2092
Epoch 18 Progress: 28% (279/989) - Loss: 0.0932
Epoch 18 Progress: 29% (288/989) - Loss: 0.1836
Epoch 18 Progress: 30% (297/989) - Loss: 0.0864
Epoch 18 Progress: 30% (306/989) - Loss: 0.0559
Epoch 18 Progress: 31% (315/989) - Loss: 0.4935
Epoch 18 Progress: 32% (324/989) - Loss: 0.1195
Epoch 18 Progress: 33% (333/989) - Loss: 0.0388
Epoch 18 Progress: 34% (342/989) - Loss: 0.1737
Epoch 18 Progress: 35% (351/989) - Loss: 0.0733
Epoch 18 Progress: 36% (360/989) - Loss: 0.4474
Epoch 18 Progress: 37% (369/989) - Loss: 0.1379
Epoch 18 Progress: 38% (378/989) - Loss: 0.1522
Epoch 18 Progress: 39% (387/989) - Loss: 0.0526
Epoch 18 Progress: 40% (396/989) - Loss: 0.2273
Epoch 18 Progress: 40% (405/989) - Loss: 0.1396
Epoch 18 Progress: 41% (414/989) - Loss: 0.0780
Epoch 18 Progress: 42% (423/989) - Loss: 0.0720
Epoch 18 Progress: 43% (432/989) - Loss: 0.1489
Epoch 18 Progress: 44% (441/989) - Loss: 0.1820
Epoch 18 Progress: 45% (450/989) - Loss: 0.0720
Epoch 18 Progress: 46% (459/989) - Loss: 0.0402
Epoch 18 Progress: 47% (468/989) - Loss: 0.0923
Epoch 18 Progress: 48% (477/989) - Loss: 0.6906
Epoch 18 Progress: 49% (486/989) - Loss: 0.0538
Epoch 18 Progress: 50% (495/989) - Loss: 0.0702
Epoch 18 Progress: 50% (504/989) - Loss: 0.0931
Epoch 18 Progress: 51% (513/989) - Loss: 0.0495
Epoch 18 Progress: 52% (522/989) - Loss: 0.0982
Epoch 18 Progress: 53% (531/989) - Loss: 0.2975
Epoch 18 Progress: 54% (540/989) - Loss: 0.1238
Epoch 18 Progress: 55% (549/989) - Loss: 0.1188
Epoch 18 Progress: 56% (558/989) - Loss: 0.1071
Epoch 18 Progress: 57% (567/989) - Loss: 0.0606
Epoch 18 Progress: 58% (576/989) - Loss: 0.0420
Epoch 18 Progress: 59% (585/989) - Loss: 0.1625
Epoch 18 Progress: 60% (594/989) - Loss: 0.0401
Epoch 18 Progress: 60% (603/989) - Loss: 0.2201
Epoch 18 Progress: 61% (612/989) - Loss: 0.0887
Epoch 18 Progress: 62% (621/989) - Loss: 0.0396
Epoch 18 Progress: 63% (630/989) - Loss: 0.1161
Epoch 18 Progress: 64% (639/989) - Loss: 0.2086
Epoch 18 Progress: 65% (648/989) - Loss: 0.1258
Epoch 18 Progress: 66% (657/989) - Loss: 0.0831
Epoch 18 Progress: 67% (666/989) - Loss: 0.1702
Epoch 18 Progress: 68% (675/989) - Loss: 0.1964
Epoch 18 Progress: 69% (684/989) - Loss: 0.1097
Epoch 18 Progress: 70% (693/989) - Loss: 0.1066
Epoch 18 Progress: 70% (702/989) - Loss: 0.1444
Epoch 18 Progress: 71% (711/989) - Loss: 0.2632
Epoch 18 Progress: 72% (720/989) - Loss: 0.1086
Epoch 18 Progress: 73% (729/989) - Loss: 0.2141
Epoch 18 Progress: 74% (738/989) - Loss: 0.0860
Epoch 18 Progress: 75% (747/989) - Loss: 0.0510
Epoch 18 Progress: 76% (756/989) - Loss: 0.0487
Epoch 18 Progress: 77% (765/989) - Loss: 0.0886
Epoch 18 Progress: 78% (774/989) - Loss: 0.0624
Epoch 18 Progress: 79% (783/989) - Loss: 0.1112
Epoch 18 Progress: 80% (792/989) - Loss: 0.1521
Epoch 18 Progress: 80% (801/989) - Loss: 0.0547
Epoch 18 Progress: 81% (810/989) - Loss: 0.4398
Epoch 18 Progress: 82% (819/989) - Loss: 0.0763
Epoch 18 Progress: 83% (828/989) - Loss: 0.0758
Epoch 18 Progress: 84% (837/989) - Loss: 0.0779
Epoch 18 Progress: 85% (846/989) - Loss: 0.0688
Epoch 18 Progress: 86% (855/989) - Loss: 0.1701
Epoch 18 Progress: 87% (864/989) - Loss: 0.0743
Epoch 18 Progress: 88% (873/989) - Loss: 0.0723
Epoch 18 Progress: 89% (882/989) - Loss: 0.0806
Epoch 18 Progress: 90% (891/989) - Loss: 0.1555
Epoch 18 Progress: 91% (900/989) - Loss: 0.1062
Epoch 18 Progress: 91% (909/989) - Loss: 0.0620
Epoch 18 Progress: 92% (918/989) - Loss: 0.4530
Epoch 18 Progress: 93% (927/989) - Loss: 0.2838
Epoch 18 Progress: 94% (936/989) - Loss: 0.4296
Epoch 18 Progress: 95% (945/989) - Loss: 0.2147
Epoch 18 Progress: 96% (954/989) - Loss: 0.1418
Epoch 18 Progress: 97% (963/989) - Loss: 0.1036
Epoch 18 Progress: 98% (972/989) - Loss: 0.0448
Epoch 18 Progress: 99% (981/989) - Loss: 0.2153
Epoch 18 Progress: 100% (989/989) - Loss: 0.0757
Train Loss: 0.1440 | Val Loss: 0.1247 | Val Mean Dice: 0.8887
Dice WT: 0.9149 | Dice TC: 0.9011 | Dice ET: 0.8502
Peak RAM: 1463 MB | Peak VRAM: 26387 MB | Peak GPU Util: 100.0%
Validation Dice improved from 0.8768 to 0.8887. Saving model...

Epoch 19/100  LR=0.000052
Epoch 19 Progress: 0% (9/989) - Loss: 0.0954
Epoch 19 Progress: 1% (18/989) - Loss: 0.0976
Epoch 19 Progress: 2% (27/989) - Loss: 0.0768
Epoch 19 Progress: 3% (36/989) - Loss: 0.0987
Epoch 19 Progress: 4% (45/989) - Loss: 0.2329
Epoch 19 Progress: 5% (54/989) - Loss: 0.1123
Epoch 19 Progress: 6% (63/989) - Loss: 0.1092
Epoch 19 Progress: 7% (72/989) - Loss: 0.1432
Epoch 19 Progress: 8% (81/989) - Loss: 0.1539
Epoch 19 Progress: 9% (90/989) - Loss: 0.0896
Epoch 19 Progress: 10% (99/989) - Loss: 0.0753
Epoch 19 Progress: 10% (108/989) - Loss: 0.1679
Epoch 19 Progress: 11% (117/989) - Loss: 0.1138
Epoch 19 Progress: 12% (126/989) - Loss: 0.1384
Epoch 19 Progress: 13% (135/989) - Loss: 0.0766
Epoch 19 Progress: 14% (144/989) - Loss: 0.1799
Epoch 19 Progress: 15% (153/989) - Loss: 0.0572
Epoch 19 Progress: 16% (162/989) - Loss: 0.1464
Epoch 19 Progress: 17% (171/989) - Loss: 0.1210
Epoch 19 Progress: 18% (180/989) - Loss: 0.0510
Epoch 19 Progress: 19% (189/989) - Loss: 0.1954
Epoch 19 Progress: 20% (198/989) - Loss: 0.0501
Epoch 19 Progress: 20% (207/989) - Loss: 0.0889
Epoch 19 Progress: 21% (216/989) - Loss: 0.3016
Epoch 19 Progress: 22% (225/989) - Loss: 0.0988
Epoch 19 Progress: 23% (234/989) - Loss: 0.0932
Epoch 19 Progress: 24% (243/989) - Loss: 0.1259
Epoch 19 Progress: 25% (252/989) - Loss: 0.1135
Epoch 19 Progress: 26% (261/989) - Loss: 0.4119
Epoch 19 Progress: 27% (270/989) - Loss: 0.1078
Epoch 19 Progress: 28% (279/989) - Loss: 0.3304
Epoch 19 Progress: 29% (288/989) - Loss: 0.1143
Epoch 19 Progress: 30% (297/989) - Loss: 0.1550
Epoch 19 Progress: 30% (306/989) - Loss: 0.0568
Epoch 19 Progress: 31% (315/989) - Loss: 0.6209
Epoch 19 Progress: 32% (324/989) - Loss: 0.2231
Epoch 19 Progress: 33% (333/989) - Loss: 0.1110
Epoch 19 Progress: 34% (342/989) - Loss: 0.0936
Epoch 19 Progress: 35% (351/989) - Loss: 0.1174
Epoch 19 Progress: 36% (360/989) - Loss: 0.0381
Epoch 19 Progress: 37% (369/989) - Loss: 0.1265
Epoch 19 Progress: 38% (378/989) - Loss: 0.0791
Epoch 19 Progress: 39% (387/989) - Loss: 0.0684
Epoch 19 Progress: 40% (396/989) - Loss: 0.2500
Epoch 19 Progress: 40% (405/989) - Loss: 0.7007
Epoch 19 Progress: 41% (414/989) - Loss: 0.0600
Epoch 19 Progress: 42% (423/989) - Loss: 0.1364
Epoch 19 Progress: 43% (432/989) - Loss: 0.0771
Epoch 19 Progress: 44% (441/989) - Loss: 0.1458
Epoch 19 Progress: 45% (450/989) - Loss: 0.1308
Epoch 19 Progress: 46% (459/989) - Loss: 0.1964
Epoch 19 Progress: 47% (468/989) - Loss: 0.1044
Epoch 19 Progress: 48% (477/989) - Loss: 0.0752
Epoch 19 Progress: 49% (486/989) - Loss: 0.1041
Epoch 19 Progress: 50% (495/989) - Loss: 0.1053
Epoch 19 Progress: 50% (504/989) - Loss: 0.0969
Epoch 19 Progress: 51% (513/989) - Loss: 0.0982
Epoch 19 Progress: 52% (522/989) - Loss: 0.3882
Epoch 19 Progress: 53% (531/989) - Loss: 0.1261
Epoch 19 Progress: 54% (540/989) - Loss: 0.1527
Epoch 19 Progress: 55% (549/989) - Loss: 0.1024
Epoch 19 Progress: 56% (558/989) - Loss: 0.1328
Epoch 19 Progress: 57% (567/989) - Loss: 0.1752
Epoch 19 Progress: 58% (576/989) - Loss: 0.0589
Epoch 19 Progress: 59% (585/989) - Loss: 0.3260
Epoch 19 Progress: 60% (594/989) - Loss: 0.1717
Epoch 19 Progress: 60% (603/989) - Loss: 0.1825
Epoch 19 Progress: 61% (612/989) - Loss: 0.1156
Epoch 19 Progress: 62% (621/989) - Loss: 0.1124
Epoch 19 Progress: 63% (630/989) - Loss: 0.1205
Epoch 19 Progress: 64% (639/989) - Loss: 0.0788
Epoch 19 Progress: 65% (648/989) - Loss: 0.4487
Epoch 19 Progress: 66% (657/989) - Loss: 0.0641
Epoch 19 Progress: 67% (666/989) - Loss: 0.1317
Epoch 19 Progress: 68% (675/989) - Loss: 0.0324
Epoch 19 Progress: 69% (684/989) - Loss: 0.0955
Epoch 19 Progress: 70% (693/989) - Loss: 0.1596
Epoch 19 Progress: 70% (702/989) - Loss: 0.0793
Epoch 19 Progress: 71% (711/989) - Loss: 0.3947
Epoch 19 Progress: 72% (720/989) - Loss: 0.1337
Epoch 19 Progress: 73% (729/989) - Loss: 0.0925
Epoch 19 Progress: 74% (738/989) - Loss: 0.1681
Epoch 19 Progress: 75% (747/989) - Loss: 0.1592
Epoch 19 Progress: 76% (756/989) - Loss: 0.0958
Epoch 19 Progress: 77% (765/989) - Loss: 0.3178
Epoch 19 Progress: 78% (774/989) - Loss: 0.2435
Epoch 19 Progress: 79% (783/989) - Loss: 0.0818
Epoch 19 Progress: 80% (792/989) - Loss: 0.3468
Epoch 19 Progress: 80% (801/989) - Loss: 0.0911
Epoch 19 Progress: 81% (810/989) - Loss: 0.1000
Epoch 19 Progress: 82% (819/989) - Loss: 0.1396
Epoch 19 Progress: 83% (828/989) - Loss: 0.6815
Epoch 19 Progress: 84% (837/989) - Loss: 0.2321
Epoch 19 Progress: 85% (846/989) - Loss: 0.1875
Epoch 19 Progress: 86% (855/989) - Loss: 0.2011
Epoch 19 Progress: 87% (864/989) - Loss: 0.0904
Epoch 19 Progress: 88% (873/989) - Loss: 0.1848
Epoch 19 Progress: 89% (882/989) - Loss: 0.1493
Epoch 19 Progress: 90% (891/989) - Loss: 0.1943
Epoch 19 Progress: 91% (900/989) - Loss: 0.0903
Epoch 19 Progress: 91% (909/989) - Loss: 0.0919
Epoch 19 Progress: 92% (918/989) - Loss: 0.3592
Epoch 19 Progress: 93% (927/989) - Loss: 0.0595
Epoch 19 Progress: 94% (936/989) - Loss: 0.0399
Epoch 19 Progress: 95% (945/989) - Loss: 0.2144
Epoch 19 Progress: 96% (954/989) - Loss: 0.1047
Epoch 19 Progress: 97% (963/989) - Loss: 0.1257
Epoch 19 Progress: 98% (972/989) - Loss: 0.0955
Epoch 19 Progress: 99% (981/989) - Loss: 0.1153
Epoch 19 Progress: 100% (989/989) - Loss: 0.2552
Train Loss: 0.1432 | Val Loss: 0.1356 | Val Mean Dice: 0.8723
Dice WT: 0.8744 | Dice TC: 0.8962 | Dice ET: 0.8462
Peak RAM: 1463 MB | Peak VRAM: 26387 MB | Peak GPU Util: 100.0%

Epoch 20/100  LR=0.000051
Epoch 20 Progress: 0% (9/989) - Loss: 0.1021
Epoch 20 Progress: 1% (18/989) - Loss: 0.1250
Epoch 20 Progress: 2% (27/989) - Loss: 0.1250
Epoch 20 Progress: 3% (36/989) - Loss: 0.0645
Epoch 20 Progress: 4% (45/989) - Loss: 0.1063
Epoch 20 Progress: 5% (54/989) - Loss: 0.3148
Epoch 20 Progress: 6% (63/989) - Loss: 0.2597
Epoch 20 Progress: 7% (72/989) - Loss: 0.2859
Epoch 20 Progress: 8% (81/989) - Loss: 0.1117
Epoch 20 Progress: 9% (90/989) - Loss: 0.1747
Epoch 20 Progress: 10% (99/989) - Loss: 0.1122
Epoch 20 Progress: 10% (108/989) - Loss: 0.0617
Epoch 20 Progress: 11% (117/989) - Loss: 0.1057
Epoch 20 Progress: 12% (126/989) - Loss: 0.1126
Epoch 20 Progress: 13% (135/989) - Loss: 0.0440
Epoch 20 Progress: 14% (144/989) - Loss: 0.1324
Epoch 20 Progress: 15% (153/989) - Loss: 0.4442
Epoch 20 Progress: 16% (162/989) - Loss: 0.1716
Epoch 20 Progress: 17% (171/989) - Loss: 0.0738
Epoch 20 Progress: 18% (180/989) - Loss: 0.1087
Epoch 20 Progress: 19% (189/989) - Loss: 0.2491
Epoch 20 Progress: 20% (198/989) - Loss: 0.0970
Epoch 20 Progress: 20% (207/989) - Loss: 0.2065
Epoch 20 Progress: 21% (216/989) - Loss: 0.0679
Epoch 20 Progress: 22% (225/989) - Loss: 0.1584
Epoch 20 Progress: 23% (234/989) - Loss: 0.0609
Epoch 20 Progress: 24% (243/989) - Loss: 0.1324
Epoch 20 Progress: 25% (252/989) - Loss: 0.1389
Epoch 20 Progress: 26% (261/989) - Loss: 0.0698
Epoch 20 Progress: 27% (270/989) - Loss: 0.0702
Epoch 20 Progress: 28% (279/989) - Loss: 0.1858
Epoch 20 Progress: 29% (288/989) - Loss: 0.0388
Epoch 20 Progress: 30% (297/989) - Loss: 0.1833
Epoch 20 Progress: 30% (306/989) - Loss: 0.1042
Epoch 20 Progress: 31% (315/989) - Loss: 0.0860
Epoch 20 Progress: 32% (324/989) - Loss: 0.0845
Epoch 20 Progress: 33% (333/989) - Loss: 0.0900
Epoch 20 Progress: 34% (342/989) - Loss: 0.0830
Epoch 20 Progress: 35% (351/989) - Loss: 0.0793
Epoch 20 Progress: 36% (360/989) - Loss: 0.1839
Epoch 20 Progress: 37% (369/989) - Loss: 0.0806
Epoch 20 Progress: 38% (378/989) - Loss: 0.1582
Epoch 20 Progress: 39% (387/989) - Loss: 0.1556
Epoch 20 Progress: 40% (396/989) - Loss: 0.1553
Epoch 20 Progress: 40% (405/989) - Loss: 0.1383
Epoch 20 Progress: 41% (414/989) - Loss: 0.0868
Epoch 20 Progress: 42% (423/989) - Loss: 0.1491
Epoch 20 Progress: 43% (432/989) - Loss: 0.0673
Epoch 20 Progress: 44% (441/989) - Loss: 0.0826
Epoch 20 Progress: 45% (450/989) - Loss: 0.0914
Epoch 20 Progress: 46% (459/989) - Loss: 0.1154
Epoch 20 Progress: 47% (468/989) - Loss: 0.3383
Epoch 20 Progress: 48% (477/989) - Loss: 0.0898
Epoch 20 Progress: 49% (486/989) - Loss: 0.1187
Epoch 20 Progress: 50% (495/989) - Loss: 0.0544
Epoch 20 Progress: 50% (504/989) - Loss: 0.0987
Epoch 20 Progress: 51% (513/989) - Loss: 0.2315
Epoch 20 Progress: 52% (522/989) - Loss: 0.1396
Epoch 20 Progress: 53% (531/989) - Loss: 0.0956
Epoch 20 Progress: 54% (540/989) - Loss: 0.2951
Epoch 20 Progress: 55% (549/989) - Loss: 0.1469
Epoch 20 Progress: 56% (558/989) - Loss: 0.0731
Epoch 20 Progress: 57% (567/989) - Loss: 0.3738
Epoch 20 Progress: 58% (576/989) - Loss: 0.1187
Epoch 20 Progress: 59% (585/989) - Loss: 0.1785
Epoch 20 Progress: 60% (594/989) - Loss: 0.0955
Epoch 20 Progress: 60% (603/989) - Loss: 0.0463
Epoch 20 Progress: 61% (612/989) - Loss: 0.1552
Epoch 20 Progress: 62% (621/989) - Loss: 0.1942
Epoch 20 Progress: 63% (630/989) - Loss: 0.0763
Epoch 20 Progress: 64% (639/989) - Loss: 0.0709
Epoch 20 Progress: 65% (648/989) - Loss: 0.0664
Epoch 20 Progress: 66% (657/989) - Loss: 0.0866
Epoch 20 Progress: 67% (666/989) - Loss: 0.0908
Epoch 20 Progress: 68% (675/989) - Loss: 0.0705
Epoch 20 Progress: 69% (684/989) - Loss: 0.0721
Epoch 20 Progress: 70% (693/989) - Loss: 0.1224
Epoch 20 Progress: 70% (702/989) - Loss: 0.0405
Epoch 20 Progress: 71% (711/989) - Loss: 0.4741
Epoch 20 Progress: 72% (720/989) - Loss: 0.0547
Epoch 20 Progress: 73% (729/989) - Loss: 0.0749
Epoch 20 Progress: 74% (738/989) - Loss: 0.1343
Epoch 20 Progress: 75% (747/989) - Loss: 0.0860
Epoch 20 Progress: 76% (756/989) - Loss: 0.0538
Epoch 20 Progress: 77% (765/989) - Loss: 0.0802
Epoch 20 Progress: 78% (774/989) - Loss: 0.1096
Epoch 20 Progress: 79% (783/989) - Loss: 0.3778
Epoch 20 Progress: 80% (792/989) - Loss: 0.1656
Epoch 20 Progress: 80% (801/989) - Loss: 0.1059
Epoch 20 Progress: 81% (810/989) - Loss: 0.0672
Epoch 20 Progress: 82% (819/989) - Loss: 0.1306
Epoch 20 Progress: 83% (828/989) - Loss: 0.0529
Epoch 20 Progress: 84% (837/989) - Loss: 0.1561
Epoch 20 Progress: 85% (846/989) - Loss: 0.1785
Epoch 20 Progress: 86% (855/989) - Loss: 0.1688
Epoch 20 Progress: 87% (864/989) - Loss: 0.0650
Epoch 20 Progress: 88% (873/989) - Loss: 0.1331
Epoch 20 Progress: 89% (882/989) - Loss: 0.1231
Epoch 20 Progress: 90% (891/989) - Loss: 0.4855
Epoch 20 Progress: 91% (900/989) - Loss: 0.3232
Epoch 20 Progress: 91% (909/989) - Loss: 0.3130
Epoch 20 Progress: 92% (918/989) - Loss: 0.1171
Epoch 20 Progress: 93% (927/989) - Loss: 0.1626
Epoch 20 Progress: 94% (936/989) - Loss: 0.3643
Epoch 20 Progress: 95% (945/989) - Loss: 0.0766
Epoch 20 Progress: 96% (954/989) - Loss: 0.0981
Epoch 20 Progress: 97% (963/989) - Loss: 0.1049
Epoch 20 Progress: 98% (972/989) - Loss: 0.0786
Epoch 20 Progress: 99% (981/989) - Loss: 0.0716
Epoch 20 Progress: 100% (989/989) - Loss: 0.1334
Train Loss: 0.1429 | Val Loss: 0.1341 | Val Mean Dice: 0.8755
Dice WT: 0.8988 | Dice TC: 0.8907 | Dice ET: 0.8370
Peak RAM: 1463 MB | Peak VRAM: 26387 MB | Peak GPU Util: 100.0%

Epoch 21/100  LR=0.000051
Epoch 21 Progress: 0% (9/989) - Loss: 0.0629
Epoch 21 Progress: 1% (18/989) - Loss: 0.2866
Epoch 21 Progress: 2% (27/989) - Loss: 0.0845
Epoch 21 Progress: 3% (36/989) - Loss: 0.0890
Epoch 21 Progress: 4% (45/989) - Loss: 0.2579
Epoch 21 Progress: 5% (54/989) - Loss: 0.1090
Epoch 21 Progress: 6% (63/989) - Loss: 0.1449
Epoch 21 Progress: 7% (72/989) - Loss: 0.2142
Epoch 21 Progress: 8% (81/989) - Loss: 0.1038
Epoch 21 Progress: 9% (90/989) - Loss: 0.1202
Epoch 21 Progress: 10% (99/989) - Loss: 0.0963
Epoch 21 Progress: 10% (108/989) - Loss: 0.1240
Epoch 21 Progress: 11% (117/989) - Loss: 0.0871
Epoch 21 Progress: 12% (126/989) - Loss: 0.0997
Epoch 21 Progress: 13% (135/989) - Loss: 0.2507
Epoch 21 Progress: 14% (144/989) - Loss: 0.1166
Epoch 21 Progress: 15% (153/989) - Loss: 0.0583
Epoch 21 Progress: 16% (162/989) - Loss: 0.1273
Epoch 21 Progress: 17% (171/989) - Loss: 0.1485
Epoch 21 Progress: 18% (180/989) - Loss: 0.0499
Epoch 21 Progress: 19% (189/989) - Loss: 0.1223
Epoch 21 Progress: 20% (198/989) - Loss: 0.1154
Epoch 21 Progress: 20% (207/989) - Loss: 0.1295
Epoch 21 Progress: 21% (216/989) - Loss: 0.0377
Epoch 21 Progress: 22% (225/989) - Loss: 0.2131
Epoch 21 Progress: 23% (234/989) - Loss: 0.0584
Epoch 21 Progress: 24% (243/989) - Loss: 0.0575
Epoch 21 Progress: 25% (252/989) - Loss: 0.1688
Epoch 21 Progress: 26% (261/989) - Loss: 0.2920
Epoch 21 Progress: 27% (270/989) - Loss: 0.2406
Epoch 21 Progress: 28% (279/989) - Loss: 0.0734
Epoch 21 Progress: 29% (288/989) - Loss: 0.0854
Epoch 21 Progress: 30% (297/989) - Loss: 0.0549
Epoch 21 Progress: 30% (306/989) - Loss: 0.6373
Epoch 21 Progress: 31% (315/989) - Loss: 0.1296
Epoch 21 Progress: 32% (324/989) - Loss: 0.4487
Epoch 21 Progress: 33% (333/989) - Loss: 0.1176
Epoch 21 Progress: 34% (342/989) - Loss: 0.0379
Epoch 21 Progress: 35% (351/989) - Loss: 0.0975
Epoch 21 Progress: 36% (360/989) - Loss: 0.0566
Epoch 21 Progress: 37% (369/989) - Loss: 0.1236
Epoch 21 Progress: 38% (378/989) - Loss: 0.1490
Epoch 21 Progress: 39% (387/989) - Loss: 0.0779
Epoch 21 Progress: 40% (396/989) - Loss: 0.2038
Epoch 21 Progress: 40% (405/989) - Loss: 0.0727
Epoch 21 Progress: 41% (414/989) - Loss: 0.0604
Epoch 21 Progress: 42% (423/989) - Loss: 0.1214
Epoch 21 Progress: 43% (432/989) - Loss: 0.1237
Epoch 21 Progress: 44% (441/989) - Loss: 0.0625
Epoch 21 Progress: 45% (450/989) - Loss: 0.2100
Epoch 21 Progress: 46% (459/989) - Loss: 0.0915
Epoch 21 Progress: 47% (468/989) - Loss: 0.0719
Epoch 21 Progress: 48% (477/989) - Loss: 0.1109
Epoch 21 Progress: 49% (486/989) - Loss: 0.1014
Epoch 21 Progress: 50% (495/989) - Loss: 0.0452
Epoch 21 Progress: 50% (504/989) - Loss: 0.0781
Epoch 21 Progress: 51% (513/989) - Loss: 0.5155
Epoch 21 Progress: 52% (522/989) - Loss: 0.1622
Epoch 21 Progress: 53% (531/989) - Loss: 0.0392
Epoch 21 Progress: 54% (540/989) - Loss: 0.1668
Epoch 21 Progress: 55% (549/989) - Loss: 0.0723
Epoch 21 Progress: 56% (558/989) - Loss: 0.0534
Epoch 21 Progress: 57% (567/989) - Loss: 0.0754
Epoch 21 Progress: 58% (576/989) - Loss: 0.1037
Epoch 21 Progress: 59% (585/989) - Loss: 0.4768
Epoch 21 Progress: 60% (594/989) - Loss: 0.1090
Epoch 21 Progress: 60% (603/989) - Loss: 0.0662
Epoch 21 Progress: 61% (612/989) - Loss: 0.2680
Epoch 21 Progress: 62% (621/989) - Loss: 0.1047
Epoch 21 Progress: 63% (630/989) - Loss: 0.1678
Epoch 21 Progress: 64% (639/989) - Loss: 0.1292
Epoch 21 Progress: 65% (648/989) - Loss: 0.0675
Epoch 21 Progress: 66% (657/989) - Loss: 0.1252
Epoch 21 Progress: 67% (666/989) - Loss: 0.0870
Epoch 21 Progress: 68% (675/989) - Loss: 0.1548
Epoch 21 Progress: 69% (684/989) - Loss: 0.0562
Epoch 21 Progress: 70% (693/989) - Loss: 0.0373
Epoch 21 Progress: 70% (702/989) - Loss: 0.1149
Epoch 21 Progress: 71% (711/989) - Loss: 0.0806
Epoch 21 Progress: 72% (720/989) - Loss: 0.0750
Epoch 21 Progress: 73% (729/989) - Loss: 0.0765
Epoch 21 Progress: 74% (738/989) - Loss: 0.1361
Epoch 21 Progress: 75% (747/989) - Loss: 0.4076
Epoch 21 Progress: 76% (756/989) - Loss: 0.1771
Epoch 21 Progress: 77% (765/989) - Loss: 0.1010
Epoch 21 Progress: 78% (774/989) - Loss: 0.3341
Epoch 21 Progress: 79% (783/989) - Loss: 0.1048
Epoch 21 Progress: 80% (792/989) - Loss: 0.0839
Epoch 21 Progress: 80% (801/989) - Loss: 0.0735
Epoch 21 Progress: 81% (810/989) - Loss: 0.1152
Epoch 21 Progress: 82% (819/989) - Loss: 0.1256
Epoch 21 Progress: 83% (828/989) - Loss: 0.0759
Epoch 21 Progress: 84% (837/989) - Loss: 0.0688
Epoch 21 Progress: 85% (846/989) - Loss: 0.1055
Epoch 21 Progress: 86% (855/989) - Loss: 0.1246
Epoch 21 Progress: 87% (864/989) - Loss: 0.1751
Epoch 21 Progress: 88% (873/989) - Loss: 0.1975
Epoch 21 Progress: 89% (882/989) - Loss: 0.2778
Epoch 21 Progress: 90% (891/989) - Loss: 0.2750
Epoch 21 Progress: 91% (900/989) - Loss: 0.1728
Epoch 21 Progress: 91% (909/989) - Loss: 0.0980
Epoch 21 Progress: 92% (918/989) - Loss: 0.0834
Epoch 21 Progress: 93% (927/989) - Loss: 0.0691
Epoch 21 Progress: 94% (936/989) - Loss: 0.1228
Epoch 21 Progress: 95% (945/989) - Loss: 0.0568
Epoch 21 Progress: 96% (954/989) - Loss: 0.1024
Epoch 21 Progress: 97% (963/989) - Loss: 0.0710
Epoch 21 Progress: 98% (972/989) - Loss: 0.6112
Epoch 21 Progress: 99% (981/989) - Loss: 0.0466
Epoch 21 Progress: 100% (989/989) - Loss: 0.1228
Train Loss: 0.1423 | Val Loss: 0.1359 | Val Mean Dice: 0.8736
Dice WT: 0.8831 | Dice TC: 0.8939 | Dice ET: 0.8438
Peak RAM: 1463 MB | Peak VRAM: 26387 MB | Peak GPU Util: 100.0%

Epoch 22/100  LR=0.000050
Epoch 22 Progress: 0% (9/989) - Loss: 0.1077
Epoch 22 Progress: 1% (18/989) - Loss: 0.0889
Epoch 22 Progress: 2% (27/989) - Loss: 0.1351
Epoch 22 Progress: 3% (36/989) - Loss: 0.0900
Epoch 22 Progress: 4% (45/989) - Loss: 0.0943
Epoch 22 Progress: 5% (54/989) - Loss: 0.0919
Epoch 22 Progress: 6% (63/989) - Loss: 0.0908
Epoch 22 Progress: 7% (72/989) - Loss: 0.1295
Epoch 22 Progress: 8% (81/989) - Loss: 0.1349
Epoch 22 Progress: 9% (90/989) - Loss: 0.1574
Epoch 22 Progress: 10% (99/989) - Loss: 0.0516
Epoch 22 Progress: 10% (108/989) - Loss: 0.1641
Epoch 22 Progress: 11% (117/989) - Loss: 0.2078
Epoch 22 Progress: 12% (126/989) - Loss: 0.1095
Epoch 22 Progress: 13% (135/989) - Loss: 0.0709
Epoch 22 Progress: 14% (144/989) - Loss: 0.0643
Epoch 22 Progress: 15% (153/989) - Loss: 0.1820
Epoch 22 Progress: 16% (162/989) - Loss: 0.0732
Epoch 22 Progress: 17% (171/989) - Loss: 0.1460
Epoch 22 Progress: 18% (180/989) - Loss: 0.0752
Epoch 22 Progress: 19% (189/989) - Loss: 0.0729
Epoch 22 Progress: 20% (198/989) - Loss: 0.1096
Epoch 22 Progress: 20% (207/989) - Loss: 0.0749
Epoch 22 Progress: 21% (216/989) - Loss: 0.0867
Epoch 22 Progress: 22% (225/989) - Loss: 0.0517
Epoch 22 Progress: 23% (234/989) - Loss: 0.0680
Epoch 22 Progress: 24% (243/989) - Loss: 0.0938
Epoch 22 Progress: 25% (252/989) - Loss: 0.0437
Epoch 22 Progress: 26% (261/989) - Loss: 0.1529
Epoch 22 Progress: 27% (270/989) - Loss: 0.3877
Epoch 22 Progress: 28% (279/989) - Loss: 0.0838
Epoch 22 Progress: 29% (288/989) - Loss: 0.1075
Epoch 22 Progress: 30% (297/989) - Loss: 0.1284
Epoch 22 Progress: 30% (306/989) - Loss: 0.0781
Epoch 22 Progress: 31% (315/989) - Loss: 0.1692
Epoch 22 Progress: 32% (324/989) - Loss: 0.3266
Epoch 22 Progress: 33% (333/989) - Loss: 0.1376
Epoch 22 Progress: 34% (342/989) - Loss: 0.0319
Epoch 22 Progress: 35% (351/989) - Loss: 0.0564
Epoch 22 Progress: 36% (360/989) - Loss: 0.3309
Epoch 22 Progress: 37% (369/989) - Loss: 0.1075
Epoch 22 Progress: 38% (378/989) - Loss: 0.0953
Epoch 22 Progress: 39% (387/989) - Loss: 0.1025
Epoch 22 Progress: 40% (396/989) - Loss: 0.0807
Epoch 22 Progress: 40% (405/989) - Loss: 0.0786
Epoch 22 Progress: 41% (414/989) - Loss: 0.2020
Epoch 22 Progress: 42% (423/989) - Loss: 0.1126
Epoch 22 Progress: 43% (432/989) - Loss: 0.6945
Epoch 22 Progress: 44% (441/989) - Loss: 0.1413
Epoch 22 Progress: 45% (450/989) - Loss: 0.0629
Epoch 22 Progress: 46% (459/989) - Loss: 0.1620
Epoch 22 Progress: 47% (468/989) - Loss: 0.1402
Epoch 22 Progress: 48% (477/989) - Loss: 0.1165
Epoch 22 Progress: 49% (486/989) - Loss: 0.3986
Epoch 22 Progress: 50% (495/989) - Loss: 0.1673
Epoch 22 Progress: 50% (504/989) - Loss: 0.0829
Epoch 22 Progress: 51% (513/989) - Loss: 0.3536
Epoch 22 Progress: 52% (522/989) - Loss: 0.0937
Epoch 22 Progress: 53% (531/989) - Loss: 0.0660
Epoch 22 Progress: 54% (540/989) - Loss: 0.0610
Epoch 22 Progress: 55% (549/989) - Loss: 0.1022
Epoch 22 Progress: 56% (558/989) - Loss: 0.2134
Epoch 22 Progress: 57% (567/989) - Loss: 0.0433
Epoch 22 Progress: 58% (576/989) - Loss: 0.2275
Epoch 22 Progress: 59% (585/989) - Loss: 0.1051
Epoch 22 Progress: 60% (594/989) - Loss: 0.0446
Epoch 22 Progress: 60% (603/989) - Loss: 0.0706
Epoch 22 Progress: 61% (612/989) - Loss: 0.1323
Epoch 22 Progress: 62% (621/989) - Loss: 0.2669
Epoch 22 Progress: 63% (630/989) - Loss: 0.0492
Epoch 22 Progress: 64% (639/989) - Loss: 0.2230
Epoch 22 Progress: 65% (648/989) - Loss: 0.0757
Epoch 22 Progress: 66% (657/989) - Loss: 0.1500
Epoch 22 Progress: 67% (666/989) - Loss: 0.0954
Epoch 22 Progress: 68% (675/989) - Loss: 0.1184
Epoch 22 Progress: 69% (684/989) - Loss: 0.3363
Epoch 22 Progress: 70% (693/989) - Loss: 0.0927
Epoch 22 Progress: 70% (702/989) - Loss: 0.0772
Epoch 22 Progress: 71% (711/989) - Loss: 0.0903
Epoch 22 Progress: 72% (720/989) - Loss: 0.2072
Epoch 22 Progress: 73% (729/989) - Loss: 0.0926
Epoch 22 Progress: 74% (738/989) - Loss: 0.0374
Epoch 22 Progress: 75% (747/989) - Loss: 0.1449
Epoch 22 Progress: 76% (756/989) - Loss: 0.0436
Epoch 22 Progress: 77% (765/989) - Loss: 0.0873
Epoch 22 Progress: 78% (774/989) - Loss: 0.1286
Epoch 22 Progress: 79% (783/989) - Loss: 0.1349
Epoch 22 Progress: 80% (792/989) - Loss: 0.1576
Epoch 22 Progress: 80% (801/989) - Loss: 0.0608
Epoch 22 Progress: 81% (810/989) - Loss: 0.1270
Epoch 22 Progress: 82% (819/989) - Loss: 0.0656
Epoch 22 Progress: 83% (828/989) - Loss: 0.0769
Epoch 22 Progress: 84% (837/989) - Loss: 0.5402
Epoch 22 Progress: 85% (846/989) - Loss: 0.1004
Epoch 22 Progress: 86% (855/989) - Loss: 0.1672
Epoch 22 Progress: 87% (864/989) - Loss: 0.1294
Epoch 22 Progress: 88% (873/989) - Loss: 0.1244
Epoch 22 Progress: 89% (882/989) - Loss: 0.0554
Epoch 22 Progress: 90% (891/989) - Loss: 0.0679
Epoch 22 Progress: 91% (900/989) - Loss: 0.5992
Epoch 22 Progress: 91% (909/989) - Loss: 0.2318
Epoch 22 Progress: 92% (918/989) - Loss: 0.1306
Epoch 22 Progress: 93% (927/989) - Loss: 0.0834
Epoch 22 Progress: 94% (936/989) - Loss: 0.1048
Epoch 22 Progress: 95% (945/989) - Loss: 0.1550
Epoch 22 Progress: 96% (954/989) - Loss: 0.3256
Epoch 22 Progress: 97% (963/989) - Loss: 0.0365
Epoch 22 Progress: 98% (972/989) - Loss: 0.0885
Epoch 22 Progress: 99% (981/989) - Loss: 0.0843
Epoch 22 Progress: 100% (989/989) - Loss: 0.1318
Train Loss: 0.1414 | Val Loss: 0.1605 | Val Mean Dice: 0.8468
Dice WT: 0.8704 | Dice TC: 0.8602 | Dice ET: 0.8098
Peak RAM: 1463 MB | Peak VRAM: 26387 MB | Peak GPU Util: 100.0%

Epoch 23/100  LR=0.000050
Epoch 23 Progress: 0% (9/989) - Loss: 0.1421
Epoch 23 Progress: 1% (18/989) - Loss: 0.2912
Epoch 23 Progress: 2% (27/989) - Loss: 0.1017
Epoch 23 Progress: 3% (36/989) - Loss: 0.0947
Epoch 23 Progress: 4% (45/989) - Loss: 0.1844
Epoch 23 Progress: 5% (54/989) - Loss: 0.0879
Epoch 23 Progress: 6% (63/989) - Loss: 0.4298
Epoch 23 Progress: 7% (72/989) - Loss: 0.1755
Epoch 23 Progress: 8% (81/989) - Loss: 0.0836
Epoch 23 Progress: 9% (90/989) - Loss: 0.3408
Epoch 23 Progress: 10% (99/989) - Loss: 0.1879
Epoch 23 Progress: 10% (108/989) - Loss: 0.5560
Epoch 23 Progress: 11% (117/989) - Loss: 0.0451
Epoch 23 Progress: 12% (126/989) - Loss: 0.2161
Epoch 23 Progress: 13% (135/989) - Loss: 0.0762
Epoch 23 Progress: 14% (144/989) - Loss: 0.0660
Epoch 23 Progress: 15% (153/989) - Loss: 0.2235
Epoch 23 Progress: 16% (162/989) - Loss: 0.0881
Epoch 23 Progress: 17% (171/989) - Loss: 0.0684
Epoch 23 Progress: 18% (180/989) - Loss: 0.0690
Epoch 23 Progress: 19% (189/989) - Loss: 0.1132
Epoch 23 Progress: 20% (198/989) - Loss: 0.1043
Epoch 23 Progress: 20% (207/989) - Loss: 0.1220
Epoch 23 Progress: 21% (216/989) - Loss: 0.0710
Epoch 23 Progress: 22% (225/989) - Loss: 0.1586
Epoch 23 Progress: 23% (234/989) - Loss: 0.0912
Epoch 23 Progress: 24% (243/989) - Loss: 0.1997
Epoch 23 Progress: 25% (252/989) - Loss: 0.0967
Epoch 23 Progress: 26% (261/989) - Loss: 0.0837
Epoch 23 Progress: 27% (270/989) - Loss: 0.1134
Epoch 23 Progress: 28% (279/989) - Loss: 0.2790
Epoch 23 Progress: 29% (288/989) - Loss: 0.0622
Epoch 23 Progress: 30% (297/989) - Loss: 0.1427
Epoch 23 Progress: 30% (306/989) - Loss: 0.2905
Epoch 23 Progress: 31% (315/989) - Loss: 0.0654
Epoch 23 Progress: 32% (324/989) - Loss: 0.0679
Epoch 23 Progress: 33% (333/989) - Loss: 0.0777
Epoch 23 Progress: 34% (342/989) - Loss: 0.0700
Epoch 23 Progress: 35% (351/989) - Loss: 0.1075
Epoch 23 Progress: 36% (360/989) - Loss: 0.2047
Epoch 23 Progress: 37% (369/989) - Loss: 0.1427
Epoch 23 Progress: 38% (378/989) - Loss: 0.0569
Epoch 23 Progress: 39% (387/989) - Loss: 0.1385
Epoch 23 Progress: 40% (396/989) - Loss: 0.1280
Epoch 23 Progress: 40% (405/989) - Loss: 0.1297
Epoch 23 Progress: 41% (414/989) - Loss: 0.0702
Epoch 23 Progress: 42% (423/989) - Loss: 0.1529
Epoch 23 Progress: 43% (432/989) - Loss: 0.1065
Epoch 23 Progress: 44% (441/989) - Loss: 0.0711
Epoch 23 Progress: 45% (450/989) - Loss: 0.0928
Epoch 23 Progress: 46% (459/989) - Loss: 0.3246
Epoch 23 Progress: 47% (468/989) - Loss: 0.1828
Epoch 23 Progress: 48% (477/989) - Loss: 0.0783
Epoch 23 Progress: 49% (486/989) - Loss: 0.0683
Epoch 23 Progress: 50% (495/989) - Loss: 0.1879
Epoch 23 Progress: 50% (504/989) - Loss: 0.1008
Epoch 23 Progress: 51% (513/989) - Loss: 0.1081
Epoch 23 Progress: 52% (522/989) - Loss: 0.2074
Epoch 23 Progress: 53% (531/989) - Loss: 0.0378
Epoch 23 Progress: 54% (540/989) - Loss: 0.0735
Epoch 23 Progress: 55% (549/989) - Loss: 0.1209
Epoch 23 Progress: 56% (558/989) - Loss: 0.1656
Epoch 23 Progress: 57% (567/989) - Loss: 0.0557
Epoch 23 Progress: 58% (576/989) - Loss: 0.0889
Epoch 23 Progress: 59% (585/989) - Loss: 0.1122
Epoch 23 Progress: 60% (594/989) - Loss: 0.0672
Epoch 23 Progress: 60% (603/989) - Loss: 0.0947
Epoch 23 Progress: 61% (612/989) - Loss: 0.1497
Epoch 23 Progress: 62% (621/989) - Loss: 0.1286
Epoch 23 Progress: 63% (630/989) - Loss: 0.1545
Epoch 23 Progress: 64% (639/989) - Loss: 0.1564
Epoch 23 Progress: 65% (648/989) - Loss: 0.3098
Epoch 23 Progress: 66% (657/989) - Loss: 0.0909
Epoch 23 Progress: 67% (666/989) - Loss: 0.0639
Epoch 23 Progress: 68% (675/989) - Loss: 0.0879
Epoch 23 Progress: 69% (684/989) - Loss: 0.0996
Epoch 23 Progress: 70% (693/989) - Loss: 0.1416
Epoch 23 Progress: 70% (702/989) - Loss: 0.0906
Epoch 23 Progress: 71% (711/989) - Loss: 0.2554
Epoch 23 Progress: 72% (720/989) - Loss: 0.5126
Epoch 23 Progress: 73% (729/989) - Loss: 0.1499
Epoch 23 Progress: 74% (738/989) - Loss: 0.1612
Epoch 23 Progress: 75% (747/989) - Loss: 0.1596
Epoch 23 Progress: 76% (756/989) - Loss: 0.0821
Epoch 23 Progress: 77% (765/989) - Loss: 0.2247
Epoch 23 Progress: 78% (774/989) - Loss: 0.1205
Epoch 23 Progress: 79% (783/989) - Loss: 0.0467
Epoch 23 Progress: 80% (792/989) - Loss: 0.0471
Epoch 23 Progress: 80% (801/989) - Loss: 0.2277
Epoch 23 Progress: 81% (810/989) - Loss: 0.1968
Epoch 23 Progress: 82% (819/989) - Loss: 0.1174
Epoch 23 Progress: 83% (828/989) - Loss: 0.1410
Epoch 23 Progress: 84% (837/989) - Loss: 0.0858
Epoch 23 Progress: 85% (846/989) - Loss: 0.1241
Epoch 23 Progress: 86% (855/989) - Loss: 0.0588
Epoch 23 Progress: 87% (864/989) - Loss: 0.0827
Epoch 23 Progress: 88% (873/989) - Loss: 0.4263
Epoch 23 Progress: 89% (882/989) - Loss: 0.0999
Epoch 23 Progress: 90% (891/989) - Loss: 0.1213
Epoch 23 Progress: 91% (900/989) - Loss: 0.0611
Epoch 23 Progress: 91% (909/989) - Loss: 0.0381
Epoch 23 Progress: 92% (918/989) - Loss: 0.2227
Epoch 23 Progress: 93% (927/989) - Loss: 0.4491
Epoch 23 Progress: 94% (936/989) - Loss: 0.1027
Epoch 23 Progress: 95% (945/989) - Loss: 0.1026
Epoch 23 Progress: 96% (954/989) - Loss: 0.1143
Epoch 23 Progress: 97% (963/989) - Loss: 0.0692
Epoch 23 Progress: 98% (972/989) - Loss: 0.4696
Epoch 23 Progress: 99% (981/989) - Loss: 0.1329
Epoch 23 Progress: 100% (989/989) - Loss: 0.1701
Train Loss: 0.1418 | Val Loss: 0.1249 | Val Mean Dice: 0.8890
Dice WT: 0.9145 | Dice TC: 0.9016 | Dice ET: 0.8508
Peak RAM: 1463 MB | Peak VRAM: 26387 MB | Peak GPU Util: 100.0%
Validation Dice improved from 0.8887 to 0.8890. Saving model...

Epoch 24/100  LR=0.000049
Epoch 24 Progress: 0% (9/989) - Loss: 0.0596
Epoch 24 Progress: 1% (18/989) - Loss: 0.1213
Epoch 24 Progress: 2% (27/989) - Loss: 0.2663
Epoch 24 Progress: 3% (36/989) - Loss: 0.1306
Epoch 24 Progress: 4% (45/989) - Loss: 0.1677
Epoch 24 Progress: 5% (54/989) - Loss: 0.1286
Epoch 24 Progress: 6% (63/989) - Loss: 0.0572
Epoch 24 Progress: 7% (72/989) - Loss: 0.0790
Epoch 24 Progress: 8% (81/989) - Loss: 0.1082
Epoch 24 Progress: 9% (90/989) - Loss: 0.0977
Epoch 24 Progress: 10% (99/989) - Loss: 0.4065
Epoch 24 Progress: 10% (108/989) - Loss: 0.0855
Epoch 24 Progress: 11% (117/989) - Loss: 0.0829
Epoch 24 Progress: 12% (126/989) - Loss: 0.1426
Epoch 24 Progress: 13% (135/989) - Loss: 0.1072
Epoch 24 Progress: 14% (144/989) - Loss: 0.1129
Epoch 24 Progress: 15% (153/989) - Loss: 0.0746
Epoch 24 Progress: 16% (162/989) - Loss: 0.0562
Epoch 24 Progress: 17% (171/989) - Loss: 0.0718
Epoch 24 Progress: 18% (180/989) - Loss: 0.2884
Epoch 24 Progress: 19% (189/989) - Loss: 0.0817
Epoch 24 Progress: 20% (198/989) - Loss: 0.0944
Epoch 24 Progress: 20% (207/989) - Loss: 0.1909
Epoch 24 Progress: 21% (216/989) - Loss: 0.0377
Epoch 24 Progress: 22% (225/989) - Loss: 0.2286
Epoch 24 Progress: 23% (234/989) - Loss: 0.5462
Epoch 24 Progress: 24% (243/989) - Loss: 0.0588
Epoch 24 Progress: 25% (252/989) - Loss: 0.0709
Epoch 24 Progress: 26% (261/989) - Loss: 0.1742
Epoch 24 Progress: 27% (270/989) - Loss: 0.1876
Epoch 24 Progress: 28% (279/989) - Loss: 0.1276
Epoch 24 Progress: 29% (288/989) - Loss: 0.0849
Epoch 24 Progress: 30% (297/989) - Loss: 0.2836
Epoch 24 Progress: 30% (306/989) - Loss: 0.0333
Epoch 24 Progress: 31% (315/989) - Loss: 0.2455
Epoch 24 Progress: 32% (324/989) - Loss: 0.1097
Epoch 24 Progress: 33% (333/989) - Loss: 0.0818
Epoch 24 Progress: 34% (342/989) - Loss: 0.1213
Epoch 24 Progress: 35% (351/989) - Loss: 0.1099
Epoch 24 Progress: 36% (360/989) - Loss: 0.1398
Epoch 24 Progress: 37% (369/989) - Loss: 0.4306
Epoch 24 Progress: 38% (378/989) - Loss: 0.0604
Epoch 24 Progress: 39% (387/989) - Loss: 0.0943
Epoch 24 Progress: 40% (396/989) - Loss: 0.1497
Epoch 24 Progress: 40% (405/989) - Loss: 0.1191
Epoch 24 Progress: 41% (414/989) - Loss: 0.0446
Epoch 24 Progress: 42% (423/989) - Loss: 0.1034
Epoch 24 Progress: 43% (432/989) - Loss: 0.0592
Epoch 24 Progress: 44% (441/989) - Loss: 0.0870
Epoch 24 Progress: 45% (450/989) - Loss: 0.2717
Epoch 24 Progress: 46% (459/989) - Loss: 0.4458
Epoch 24 Progress: 47% (468/989) - Loss: 0.0777
Epoch 24 Progress: 48% (477/989) - Loss: 0.0821
Epoch 24 Progress: 49% (486/989) - Loss: 0.1293
Epoch 24 Progress: 50% (495/989) - Loss: 0.1009
Epoch 24 Progress: 50% (504/989) - Loss: 0.1575
Epoch 24 Progress: 51% (513/989) - Loss: 0.4546
Epoch 24 Progress: 52% (522/989) - Loss: 0.0999
Epoch 24 Progress: 53% (531/989) - Loss: 0.1527
Epoch 24 Progress: 54% (540/989) - Loss: 0.1796
Epoch 24 Progress: 55% (549/989) - Loss: 0.1507
Epoch 24 Progress: 56% (558/989) - Loss: 0.0522
Epoch 24 Progress: 57% (567/989) - Loss: 0.1106
Epoch 24 Progress: 58% (576/989) - Loss: 0.1131
Epoch 24 Progress: 59% (585/989) - Loss: 0.1792
Epoch 24 Progress: 60% (594/989) - Loss: 0.0717
Epoch 24 Progress: 60% (603/989) - Loss: 0.1617
Epoch 24 Progress: 61% (612/989) - Loss: 0.1416
Epoch 24 Progress: 62% (621/989) - Loss: 0.2748
Epoch 24 Progress: 63% (630/989) - Loss: 0.0738
Epoch 24 Progress: 64% (639/989) - Loss: 0.1138
Epoch 24 Progress: 65% (648/989) - Loss: 0.1823
Epoch 24 Progress: 66% (657/989) - Loss: 0.0808
Epoch 24 Progress: 67% (666/989) - Loss: 0.0803
Epoch 24 Progress: 68% (675/989) - Loss: 0.1131
Epoch 24 Progress: 69% (684/989) - Loss: 0.0844
Epoch 24 Progress: 70% (693/989) - Loss: 0.1040
Epoch 24 Progress: 70% (702/989) - Loss: 0.0551
Epoch 24 Progress: 71% (711/989) - Loss: 0.0793
Epoch 24 Progress: 72% (720/989) - Loss: 0.2268
Epoch 24 Progress: 73% (729/989) - Loss: 0.0816
Epoch 24 Progress: 74% (738/989) - Loss: 0.1729
Epoch 24 Progress: 75% (747/989) - Loss: 0.1519
Epoch 24 Progress: 76% (756/989) - Loss: 0.0700
Epoch 24 Progress: 77% (765/989) - Loss: 0.2104
Epoch 24 Progress: 78% (774/989) - Loss: 0.0652
Epoch 24 Progress: 79% (783/989) - Loss: 0.0720
Epoch 24 Progress: 80% (792/989) - Loss: 0.1848
Epoch 24 Progress: 80% (801/989) - Loss: 0.1631
Epoch 24 Progress: 81% (810/989) - Loss: 0.0889
Epoch 24 Progress: 82% (819/989) - Loss: 0.0984
Epoch 24 Progress: 83% (828/989) - Loss: 0.0825
Epoch 24 Progress: 84% (837/989) - Loss: 0.1097
Epoch 24 Progress: 85% (846/989) - Loss: 0.6723
Epoch 24 Progress: 86% (855/989) - Loss: 0.0856
Epoch 24 Progress: 87% (864/989) - Loss: 0.0960
Epoch 24 Progress: 88% (873/989) - Loss: 0.1012
Epoch 24 Progress: 89% (882/989) - Loss: 0.0322
Epoch 24 Progress: 90% (891/989) - Loss: 0.4394
Epoch 24 Progress: 91% (900/989) - Loss: 0.1028
Epoch 24 Progress: 91% (909/989) - Loss: 0.0917
Epoch 24 Progress: 92% (918/989) - Loss: 0.2623
Epoch 24 Progress: 93% (927/989) - Loss: 0.1033
Epoch 24 Progress: 94% (936/989) - Loss: 0.1977
Epoch 24 Progress: 95% (945/989) - Loss: 0.0315
Epoch 24 Progress: 96% (954/989) - Loss: 0.1595
Epoch 24 Progress: 97% (963/989) - Loss: 0.0559
Epoch 24 Progress: 98% (972/989) - Loss: 0.1203
Epoch 24 Progress: 99% (981/989) - Loss: 0.1042
Epoch 24 Progress: 100% (989/989) - Loss: 0.1346
Train Loss: 0.1392 | Val Loss: 0.1318 | Val Mean Dice: 0.8740
Dice WT: 0.8817 | Dice TC: 0.8985 | Dice ET: 0.8419
Peak RAM: 1463 MB | Peak VRAM: 26387 MB | Peak GPU Util: 100.0%

Epoch 25/100  LR=0.000049
Epoch 25 Progress: 0% (9/989) - Loss: 0.1570
Epoch 25 Progress: 1% (18/989) - Loss: 0.0726
Epoch 25 Progress: 2% (27/989) - Loss: 0.0820
Epoch 25 Progress: 3% (36/989) - Loss: 0.0821
Epoch 25 Progress: 4% (45/989) - Loss: 0.0897
Epoch 25 Progress: 5% (54/989) - Loss: 0.1257
Epoch 25 Progress: 6% (63/989) - Loss: 0.0384
Epoch 25 Progress: 7% (72/989) - Loss: 0.0828
Epoch 25 Progress: 8% (81/989) - Loss: 0.0668
Epoch 25 Progress: 9% (90/989) - Loss: 0.0903
Epoch 25 Progress: 10% (99/989) - Loss: 0.1389
Epoch 25 Progress: 10% (108/989) - Loss: 0.0593
Epoch 25 Progress: 11% (117/989) - Loss: 0.0515
Epoch 25 Progress: 12% (126/989) - Loss: 0.1082
Epoch 25 Progress: 13% (135/989) - Loss: 0.1089
Epoch 25 Progress: 14% (144/989) - Loss: 0.4295
Epoch 25 Progress: 15% (153/989) - Loss: 0.0525
Epoch 25 Progress: 16% (162/989) - Loss: 0.1224
Epoch 25 Progress: 17% (171/989) - Loss: 0.1309
Epoch 25 Progress: 18% (180/989) - Loss: 0.1005
Epoch 25 Progress: 19% (189/989) - Loss: 0.1482
Epoch 25 Progress: 20% (198/989) - Loss: 0.1058
Epoch 25 Progress: 20% (207/989) - Loss: 0.0717
Epoch 25 Progress: 21% (216/989) - Loss: 0.1113
Epoch 25 Progress: 22% (225/989) - Loss: 0.0678
Epoch 25 Progress: 23% (234/989) - Loss: 0.0912
Epoch 25 Progress: 24% (243/989) - Loss: 0.0524
Epoch 25 Progress: 25% (252/989) - Loss: 0.0393
Epoch 25 Progress: 26% (261/989) - Loss: 0.1186
Epoch 25 Progress: 27% (270/989) - Loss: 0.1142
Epoch 25 Progress: 28% (279/989) - Loss: 0.2330
Epoch 25 Progress: 29% (288/989) - Loss: 0.0718
Epoch 25 Progress: 30% (297/989) - Loss: 0.1798
Epoch 25 Progress: 30% (306/989) - Loss: 0.0661
Epoch 25 Progress: 31% (315/989) - Loss: 0.1126
Epoch 25 Progress: 32% (324/989) - Loss: 0.2009
Epoch 25 Progress: 33% (333/989) - Loss: 0.1309
Epoch 25 Progress: 34% (342/989) - Loss: 0.0434
Epoch 25 Progress: 35% (351/989) - Loss: 0.0963
Epoch 25 Progress: 36% (360/989) - Loss: 0.0558
Epoch 25 Progress: 37% (369/989) - Loss: 0.1584
Epoch 25 Progress: 38% (378/989) - Loss: 0.2014
Epoch 25 Progress: 39% (387/989) - Loss: 0.3965
Epoch 25 Progress: 40% (396/989) - Loss: 0.1402
Epoch 25 Progress: 40% (405/989) - Loss: 0.1237
Epoch 25 Progress: 41% (414/989) - Loss: 0.0967
Epoch 25 Progress: 42% (423/989) - Loss: 0.0870
Epoch 25 Progress: 43% (432/989) - Loss: 0.1338
Epoch 25 Progress: 44% (441/989) - Loss: 0.1108
Epoch 25 Progress: 45% (450/989) - Loss: 0.0499
Epoch 25 Progress: 46% (459/989) - Loss: 0.0490
Epoch 25 Progress: 47% (468/989) - Loss: 0.1203
Epoch 25 Progress: 48% (477/989) - Loss: 0.1655
Epoch 25 Progress: 49% (486/989) - Loss: 0.1625
Epoch 25 Progress: 50% (495/989) - Loss: 0.1072
Epoch 25 Progress: 50% (504/989) - Loss: 0.6938
Epoch 25 Progress: 51% (513/989) - Loss: 0.1184
Epoch 25 Progress: 52% (522/989) - Loss: 0.4004
Epoch 25 Progress: 53% (531/989) - Loss: 0.1576
Epoch 25 Progress: 54% (540/989) - Loss: 0.0722
Epoch 25 Progress: 55% (549/989) - Loss: 0.1267
Epoch 25 Progress: 56% (558/989) - Loss: 0.1233
Epoch 25 Progress: 57% (567/989) - Loss: 0.2216
Epoch 25 Progress: 58% (576/989) - Loss: 0.0799
Epoch 25 Progress: 59% (585/989) - Loss: 0.6073
Epoch 25 Progress: 60% (594/989) - Loss: 0.0927
Epoch 25 Progress: 60% (603/989) - Loss: 0.4806
Epoch 25 Progress: 61% (612/989) - Loss: 0.0857
Epoch 25 Progress: 62% (621/989) - Loss: 0.0878
Epoch 25 Progress: 63% (630/989) - Loss: 0.1321
Epoch 25 Progress: 64% (639/989) - Loss: 0.8817
Epoch 25 Progress: 65% (648/989) - Loss: 0.4133
Epoch 25 Progress: 66% (657/989) - Loss: 0.2447
Epoch 25 Progress: 67% (666/989) - Loss: 0.0650
Epoch 25 Progress: 68% (675/989) - Loss: 0.0796
Epoch 25 Progress: 69% (684/989) - Loss: 0.0975
Epoch 25 Progress: 70% (693/989) - Loss: 0.0608
Epoch 25 Progress: 70% (702/989) - Loss: 0.1956
Epoch 25 Progress: 71% (711/989) - Loss: 0.0663
Epoch 25 Progress: 72% (720/989) - Loss: 0.1782
Epoch 25 Progress: 73% (729/989) - Loss: 0.0665
Epoch 25 Progress: 74% (738/989) - Loss: 0.1011
Epoch 25 Progress: 75% (747/989) - Loss: 0.0744
Epoch 25 Progress: 76% (756/989) - Loss: 0.1204
Epoch 25 Progress: 77% (765/989) - Loss: 0.0801
Epoch 25 Progress: 78% (774/989) - Loss: 0.1080
Epoch 25 Progress: 79% (783/989) - Loss: 0.1227
Epoch 25 Progress: 80% (792/989) - Loss: 0.2816
Epoch 25 Progress: 80% (801/989) - Loss: 0.1395
Epoch 25 Progress: 81% (810/989) - Loss: 0.0521
Epoch 25 Progress: 82% (819/989) - Loss: 0.1639
Epoch 25 Progress: 83% (828/989) - Loss: 0.1533
Epoch 25 Progress: 84% (837/989) - Loss: 0.0811
Epoch 25 Progress: 85% (846/989) - Loss: 0.1089
Epoch 25 Progress: 86% (855/989) - Loss: 0.1184
Epoch 25 Progress: 87% (864/989) - Loss: 0.0812
Epoch 25 Progress: 88% (873/989) - Loss: 0.0716
Epoch 25 Progress: 89% (882/989) - Loss: 0.0486
Epoch 25 Progress: 90% (891/989) - Loss: 0.1326
Epoch 25 Progress: 91% (900/989) - Loss: 0.0812
Epoch 25 Progress: 91% (909/989) - Loss: 0.1197
Epoch 25 Progress: 92% (918/989) - Loss: 0.0570
Epoch 25 Progress: 93% (927/989) - Loss: 0.1065
Epoch 25 Progress: 94% (936/989) - Loss: 0.1778
Epoch 25 Progress: 95% (945/989) - Loss: 0.0991
Epoch 25 Progress: 96% (954/989) - Loss: 0.0364
Epoch 25 Progress: 97% (963/989) - Loss: 0.4265
Epoch 25 Progress: 98% (972/989) - Loss: 0.0921
Epoch 25 Progress: 99% (981/989) - Loss: 0.0729
Epoch 25 Progress: 100% (989/989) - Loss: 0.2476
Train Loss: 0.1384 | Val Loss: 0.1193 | Val Mean Dice: 0.8896
Dice WT: 0.9081 | Dice TC: 0.9095 | Dice ET: 0.8513
Peak RAM: 1463 MB | Peak VRAM: 26387 MB | Peak GPU Util: 100.0%
Validation Dice improved from 0.8890 to 0.8896. Saving model...

Epoch 26/100  LR=0.000048
Epoch 26 Progress: 0% (9/989) - Loss: 0.1382
Epoch 26 Progress: 1% (18/989) - Loss: 0.1833
Epoch 26 Progress: 2% (27/989) - Loss: 0.1146
Epoch 26 Progress: 3% (36/989) - Loss: 0.4986
Epoch 26 Progress: 4% (45/989) - Loss: 0.0492
Epoch 26 Progress: 5% (54/989) - Loss: 0.1019
Epoch 26 Progress: 6% (63/989) - Loss: 0.1737
Epoch 26 Progress: 7% (72/989) - Loss: 0.1944
Epoch 26 Progress: 8% (81/989) - Loss: 0.1694
Epoch 26 Progress: 9% (90/989) - Loss: 0.0781
Epoch 26 Progress: 10% (99/989) - Loss: 0.0420
Epoch 26 Progress: 10% (108/989) - Loss: 0.1091
Epoch 26 Progress: 11% (117/989) - Loss: 0.0408
Epoch 26 Progress: 12% (126/989) - Loss: 0.2056
Epoch 26 Progress: 13% (135/989) - Loss: 0.0328
Epoch 26 Progress: 14% (144/989) - Loss: 0.4393
Epoch 26 Progress: 15% (153/989) - Loss: 0.1073
Epoch 26 Progress: 16% (162/989) - Loss: 0.1237
Epoch 26 Progress: 17% (171/989) - Loss: 0.5243
Epoch 26 Progress: 18% (180/989) - Loss: 0.1482
Epoch 26 Progress: 19% (189/989) - Loss: 0.0450
Epoch 26 Progress: 20% (198/989) - Loss: 0.0806
Epoch 26 Progress: 20% (207/989) - Loss: 0.0573
Epoch 26 Progress: 21% (216/989) - Loss: 0.0765
Epoch 26 Progress: 22% (225/989) - Loss: 0.1164
Epoch 26 Progress: 23% (234/989) - Loss: 0.1453
Epoch 26 Progress: 24% (243/989) - Loss: 0.0689
Epoch 26 Progress: 25% (252/989) - Loss: 0.1598
Epoch 26 Progress: 26% (261/989) - Loss: 0.1894
Epoch 26 Progress: 27% (270/989) - Loss: 0.1251
Epoch 26 Progress: 28% (279/989) - Loss: 0.1682
Epoch 26 Progress: 29% (288/989) - Loss: 0.0880
Epoch 26 Progress: 30% (297/989) - Loss: 0.0653
Epoch 26 Progress: 30% (306/989) - Loss: 0.7919
Epoch 26 Progress: 31% (315/989) - Loss: 0.0883
Epoch 26 Progress: 32% (324/989) - Loss: 0.0661
Epoch 26 Progress: 33% (333/989) - Loss: 0.0607
Epoch 26 Progress: 34% (342/989) - Loss: 0.4789
Epoch 26 Progress: 35% (351/989) - Loss: 0.0432
Epoch 26 Progress: 36% (360/989) - Loss: 0.0969
Epoch 26 Progress: 37% (369/989) - Loss: 0.0708
Epoch 26 Progress: 38% (378/989) - Loss: 0.0842
Epoch 26 Progress: 39% (387/989) - Loss: 0.1663
Epoch 26 Progress: 40% (396/989) - Loss: 0.0551
Epoch 26 Progress: 40% (405/989) - Loss: 0.0934
Epoch 26 Progress: 41% (414/989) - Loss: 0.1491
Epoch 26 Progress: 42% (423/989) - Loss: 0.4085
Epoch 26 Progress: 43% (432/989) - Loss: 0.0917
Epoch 26 Progress: 44% (441/989) - Loss: 0.1037
Epoch 26 Progress: 45% (450/989) - Loss: 0.1054
Epoch 26 Progress: 46% (459/989) - Loss: 0.1056
Epoch 26 Progress: 47% (468/989) - Loss: 0.2008
Epoch 26 Progress: 48% (477/989) - Loss: 0.0543
Epoch 26 Progress: 49% (486/989) - Loss: 0.0863
Epoch 26 Progress: 50% (495/989) - Loss: 0.5010
Epoch 26 Progress: 50% (504/989) - Loss: 0.1225
Epoch 26 Progress: 51% (513/989) - Loss: 0.1197
Epoch 26 Progress: 52% (522/989) - Loss: 0.0790
Epoch 26 Progress: 53% (531/989) - Loss: 0.5457
Epoch 26 Progress: 54% (540/989) - Loss: 0.1528
Epoch 26 Progress: 55% (549/989) - Loss: 0.0935
Epoch 26 Progress: 56% (558/989) - Loss: 0.1284
Epoch 26 Progress: 57% (567/989) - Loss: 0.0891
Epoch 26 Progress: 58% (576/989) - Loss: 0.0590
Epoch 26 Progress: 59% (585/989) - Loss: 0.0671
Epoch 26 Progress: 60% (594/989) - Loss: 0.1066
Epoch 26 Progress: 60% (603/989) - Loss: 0.1493
Epoch 26 Progress: 61% (612/989) - Loss: 0.1292
Epoch 26 Progress: 62% (621/989) - Loss: 0.1564
Epoch 26 Progress: 63% (630/989) - Loss: 0.0868
Epoch 26 Progress: 64% (639/989) - Loss: 0.1949
Epoch 26 Progress: 65% (648/989) - Loss: 0.1096
Epoch 26 Progress: 66% (657/989) - Loss: 0.1509
Epoch 26 Progress: 67% (666/989) - Loss: 0.2698
Epoch 26 Progress: 68% (675/989) - Loss: 0.1017
Epoch 26 Progress: 69% (684/989) - Loss: 0.1835
Epoch 26 Progress: 70% (693/989) - Loss: 0.1614
Epoch 26 Progress: 70% (702/989) - Loss: 0.0846
Epoch 26 Progress: 71% (711/989) - Loss: 0.0910
Epoch 26 Progress: 72% (720/989) - Loss: 0.1301
Epoch 26 Progress: 73% (729/989) - Loss: 0.1233
Epoch 26 Progress: 74% (738/989) - Loss: 0.1034
Epoch 26 Progress: 75% (747/989) - Loss: 0.0698
Epoch 26 Progress: 76% (756/989) - Loss: 0.1046
Epoch 26 Progress: 77% (765/989) - Loss: 0.1087
Epoch 26 Progress: 78% (774/989) - Loss: 0.0942
Epoch 26 Progress: 79% (783/989) - Loss: 0.4047
Epoch 26 Progress: 80% (792/989) - Loss: 0.0549
Epoch 26 Progress: 80% (801/989) - Loss: 0.1139
Epoch 26 Progress: 81% (810/989) - Loss: 0.1570
Epoch 26 Progress: 82% (819/989) - Loss: 0.0749
Epoch 26 Progress: 83% (828/989) - Loss: 0.1134
Epoch 26 Progress: 84% (837/989) - Loss: 0.0609
Epoch 26 Progress: 85% (846/989) - Loss: 0.1525
Epoch 26 Progress: 86% (855/989) - Loss: 0.0634
Epoch 26 Progress: 87% (864/989) - Loss: 0.0802
Epoch 26 Progress: 88% (873/989) - Loss: 0.0763
Epoch 26 Progress: 89% (882/989) - Loss: 0.0685
Epoch 26 Progress: 90% (891/989) - Loss: 0.0653
Epoch 26 Progress: 91% (900/989) - Loss: 0.0686
Epoch 26 Progress: 91% (909/989) - Loss: 0.0837
Epoch 26 Progress: 92% (918/989) - Loss: 0.0791
Epoch 26 Progress: 93% (927/989) - Loss: 0.0482
Epoch 26 Progress: 94% (936/989) - Loss: 0.1638
Epoch 26 Progress: 95% (945/989) - Loss: 0.5361
Epoch 26 Progress: 96% (954/989) - Loss: 0.1484
Epoch 26 Progress: 97% (963/989) - Loss: 0.1103
Epoch 26 Progress: 98% (972/989) - Loss: 0.1836
Epoch 26 Progress: 99% (981/989) - Loss: 0.1360
Epoch 26 Progress: 100% (989/989) - Loss: 0.1622
Train Loss: 0.1381 | Val Loss: 0.1354 | Val Mean Dice: 0.8738
Dice WT: 0.8709 | Dice TC: 0.9043 | Dice ET: 0.8460
Peak RAM: 1463 MB | Peak VRAM: 26387 MB | Peak GPU Util: 100.0%

Epoch 27/100  LR=0.000047
Epoch 27 Progress: 0% (9/989) - Loss: 0.1213
Epoch 27 Progress: 1% (18/989) - Loss: 0.5218
Epoch 27 Progress: 2% (27/989) - Loss: 0.0739
Epoch 27 Progress: 3% (36/989) - Loss: 0.0795
Epoch 27 Progress: 4% (45/989) - Loss: 0.4262
Epoch 27 Progress: 5% (54/989) - Loss: 0.0610
Epoch 27 Progress: 6% (63/989) - Loss: 0.0379
Epoch 27 Progress: 7% (72/989) - Loss: 0.1895
Epoch 27 Progress: 8% (81/989) - Loss: 0.0806
Epoch 27 Progress: 9% (90/989) - Loss: 0.1001
Epoch 27 Progress: 10% (99/989) - Loss: 0.1050
Epoch 27 Progress: 10% (108/989) - Loss: 0.0739
Epoch 27 Progress: 11% (117/989) - Loss: 0.1173
Epoch 27 Progress: 12% (126/989) - Loss: 0.0623
Epoch 27 Progress: 13% (135/989) - Loss: 0.0838
Epoch 27 Progress: 14% (144/989) - Loss: 0.0762
Epoch 27 Progress: 15% (153/989) - Loss: 0.0644
Epoch 27 Progress: 16% (162/989) - Loss: 0.0358
Epoch 27 Progress: 17% (171/989) - Loss: 0.1480
Epoch 27 Progress: 18% (180/989) - Loss: 0.2455
Epoch 27 Progress: 19% (189/989) - Loss: 0.0688
Epoch 27 Progress: 20% (198/989) - Loss: 0.1415
Epoch 27 Progress: 20% (207/989) - Loss: 0.1819
Epoch 27 Progress: 21% (216/989) - Loss: 0.0748
Epoch 27 Progress: 22% (225/989) - Loss: 0.1996
Epoch 27 Progress: 23% (234/989) - Loss: 0.1052
Epoch 27 Progress: 24% (243/989) - Loss: 0.1418
Epoch 27 Progress: 25% (252/989) - Loss: 0.0848
Epoch 27 Progress: 26% (261/989) - Loss: 0.0651
Epoch 27 Progress: 27% (270/989) - Loss: 0.1324
Epoch 27 Progress: 28% (279/989) - Loss: 0.1165
Epoch 27 Progress: 29% (288/989) - Loss: 0.3955
Epoch 27 Progress: 30% (297/989) - Loss: 0.0732
Epoch 27 Progress: 30% (306/989) - Loss: 0.1263
Epoch 27 Progress: 31% (315/989) - Loss: 0.0559
Epoch 27 Progress: 32% (324/989) - Loss: 0.2100
Epoch 27 Progress: 33% (333/989) - Loss: 0.1127
Epoch 27 Progress: 34% (342/989) - Loss: 0.1107
Epoch 27 Progress: 35% (351/989) - Loss: 0.1039
Epoch 27 Progress: 36% (360/989) - Loss: 0.1076
Epoch 27 Progress: 37% (369/989) - Loss: 0.0761
Epoch 27 Progress: 38% (378/989) - Loss: 0.4575
Epoch 27 Progress: 39% (387/989) - Loss: 0.2964
Epoch 27 Progress: 40% (396/989) - Loss: 0.1603
Epoch 27 Progress: 40% (405/989) - Loss: 0.1397
Epoch 27 Progress: 41% (414/989) - Loss: 0.0895
Epoch 27 Progress: 42% (423/989) - Loss: 0.1131
Epoch 27 Progress: 43% (432/989) - Loss: 0.1895
Epoch 27 Progress: 44% (441/989) - Loss: 0.1564
Epoch 27 Progress: 45% (450/989) - Loss: 0.1041
Epoch 27 Progress: 46% (459/989) - Loss: 0.3668
Epoch 27 Progress: 47% (468/989) - Loss: 0.1559
Epoch 27 Progress: 48% (477/989) - Loss: 0.0689
Epoch 27 Progress: 49% (486/989) - Loss: 0.0776
Epoch 27 Progress: 50% (495/989) - Loss: 0.0639
Epoch 27 Progress: 50% (504/989) - Loss: 0.1417
Epoch 27 Progress: 51% (513/989) - Loss: 0.7044
Epoch 27 Progress: 52% (522/989) - Loss: 0.0632
Epoch 27 Progress: 53% (531/989) - Loss: 0.0444
Epoch 27 Progress: 54% (540/989) - Loss: 0.7151
Epoch 27 Progress: 55% (549/989) - Loss: 0.1810
Epoch 27 Progress: 56% (558/989) - Loss: 0.0441
Epoch 27 Progress: 57% (567/989) - Loss: 0.0909
Epoch 27 Progress: 58% (576/989) - Loss: 0.1021
Epoch 27 Progress: 59% (585/989) - Loss: 0.2157
Epoch 27 Progress: 60% (594/989) - Loss: 0.7923
Epoch 27 Progress: 60% (603/989) - Loss: 0.0716
Epoch 27 Progress: 61% (612/989) - Loss: 0.0664
Epoch 27 Progress: 62% (621/989) - Loss: 0.0769
Epoch 27 Progress: 63% (630/989) - Loss: 0.0896
Epoch 27 Progress: 64% (639/989) - Loss: 0.0692
Epoch 27 Progress: 65% (648/989) - Loss: 0.8803
Epoch 27 Progress: 66% (657/989) - Loss: 0.0582
Epoch 27 Progress: 67% (666/989) - Loss: 0.1448
Epoch 27 Progress: 68% (675/989) - Loss: 0.0474
Epoch 27 Progress: 69% (684/989) - Loss: 0.0829
Epoch 27 Progress: 70% (693/989) - Loss: 0.0702
Epoch 27 Progress: 70% (702/989) - Loss: 0.0369
Epoch 27 Progress: 71% (711/989) - Loss: 0.0910
Epoch 27 Progress: 72% (720/989) - Loss: 0.1697
Epoch 27 Progress: 73% (729/989) - Loss: 0.1047
Epoch 27 Progress: 74% (738/989) - Loss: 0.0951
Epoch 27 Progress: 75% (747/989) - Loss: 0.2465
Epoch 27 Progress: 76% (756/989) - Loss: 0.4963
Epoch 27 Progress: 77% (765/989) - Loss: 0.0862
Epoch 27 Progress: 78% (774/989) - Loss: 0.0902
Epoch 27 Progress: 79% (783/989) - Loss: 0.1109
Epoch 27 Progress: 80% (792/989) - Loss: 0.1656
Epoch 27 Progress: 80% (801/989) - Loss: 0.1075
Epoch 27 Progress: 81% (810/989) - Loss: 0.0676
Epoch 27 Progress: 82% (819/989) - Loss: 0.0917
Epoch 27 Progress: 83% (828/989) - Loss: 0.1177
Epoch 27 Progress: 84% (837/989) - Loss: 0.1196
Epoch 27 Progress: 85% (846/989) - Loss: 0.0879
Epoch 27 Progress: 86% (855/989) - Loss: 0.1317
Epoch 27 Progress: 87% (864/989) - Loss: 0.0555
Epoch 27 Progress: 88% (873/989) - Loss: 0.1082
Epoch 27 Progress: 89% (882/989) - Loss: 0.1249
Epoch 27 Progress: 90% (891/989) - Loss: 0.1389
Epoch 27 Progress: 91% (900/989) - Loss: 0.0889
Epoch 27 Progress: 91% (909/989) - Loss: 0.1540
Epoch 27 Progress: 92% (918/989) - Loss: 0.3122
Epoch 27 Progress: 93% (927/989) - Loss: 0.1424
Epoch 27 Progress: 94% (936/989) - Loss: 0.1285
Epoch 27 Progress: 95% (945/989) - Loss: 0.0861
Epoch 27 Progress: 96% (954/989) - Loss: 0.1541
Epoch 27 Progress: 97% (963/989) - Loss: 0.1236
Epoch 27 Progress: 98% (972/989) - Loss: 0.1757
Epoch 27 Progress: 99% (981/989) - Loss: 0.0775
Epoch 27 Progress: 100% (989/989) - Loss: 0.0883
Train Loss: 0.1351 | Val Loss: 0.1250 | Val Mean Dice: 0.8851
Dice WT: 0.9042 | Dice TC: 0.9046 | Dice ET: 0.8465
Peak RAM: 1463 MB | Peak VRAM: 26387 MB | Peak GPU Util: 100.0%

Epoch 28/100  LR=0.000047
Epoch 28 Progress: 0% (9/989) - Loss: 0.1548
Epoch 28 Progress: 1% (18/989) - Loss: 0.0329
Epoch 28 Progress: 2% (27/989) - Loss: 0.0892
Epoch 28 Progress: 3% (36/989) - Loss: 0.1080
Epoch 28 Progress: 4% (45/989) - Loss: 0.0864
Epoch 28 Progress: 5% (54/989) - Loss: 0.0637
Epoch 28 Progress: 6% (63/989) - Loss: 0.1771
Epoch 28 Progress: 7% (72/989) - Loss: 0.1126
Epoch 28 Progress: 8% (81/989) - Loss: 0.3530
Epoch 28 Progress: 9% (90/989) - Loss: 0.1093
Epoch 28 Progress: 10% (99/989) - Loss: 0.1584
Epoch 28 Progress: 10% (108/989) - Loss: 0.1287
Epoch 28 Progress: 11% (117/989) - Loss: 0.2616
Epoch 28 Progress: 12% (126/989) - Loss: 0.0822
Epoch 28 Progress: 13% (135/989) - Loss: 0.1414
Epoch 28 Progress: 14% (144/989) - Loss: 0.1210
Epoch 28 Progress: 15% (153/989) - Loss: 0.1155
Epoch 28 Progress: 16% (162/989) - Loss: 0.0907
Epoch 28 Progress: 17% (171/989) - Loss: 0.0689
Epoch 28 Progress: 18% (180/989) - Loss: 0.0772
Epoch 28 Progress: 19% (189/989) - Loss: 0.0542
Epoch 28 Progress: 20% (198/989) - Loss: 0.0654
Epoch 28 Progress: 20% (207/989) - Loss: 0.1318
Epoch 28 Progress: 21% (216/989) - Loss: 0.1347
Epoch 28 Progress: 22% (225/989) - Loss: 0.0862
Epoch 28 Progress: 23% (234/989) - Loss: 0.0772
Epoch 28 Progress: 24% (243/989) - Loss: 0.2860
Epoch 28 Progress: 25% (252/989) - Loss: 0.1214
Epoch 28 Progress: 26% (261/989) - Loss: 0.1344
Epoch 28 Progress: 27% (270/989) - Loss: 0.1501
Epoch 28 Progress: 28% (279/989) - Loss: 0.0872
Epoch 28 Progress: 29% (288/989) - Loss: 0.0810
Epoch 28 Progress: 30% (297/989) - Loss: 0.4640
Epoch 28 Progress: 30% (306/989) - Loss: 0.0532
Epoch 28 Progress: 31% (315/989) - Loss: 0.0641
Epoch 28 Progress: 32% (324/989) - Loss: 0.0818
Epoch 28 Progress: 33% (333/989) - Loss: 0.0497
Epoch 28 Progress: 34% (342/989) - Loss: 0.0905
Epoch 28 Progress: 35% (351/989) - Loss: 0.0975
Epoch 28 Progress: 36% (360/989) - Loss: 0.1251
Epoch 28 Progress: 37% (369/989) - Loss: 0.0607
Epoch 28 Progress: 38% (378/989) - Loss: 0.3079
Epoch 28 Progress: 39% (387/989) - Loss: 0.0932
Epoch 28 Progress: 40% (396/989) - Loss: 0.8463
Epoch 28 Progress: 40% (405/989) - Loss: 0.5104
Epoch 28 Progress: 41% (414/989) - Loss: 0.1069
Epoch 28 Progress: 42% (423/989) - Loss: 0.1200
Epoch 28 Progress: 43% (432/989) - Loss: 0.1082
Epoch 28 Progress: 44% (441/989) - Loss: 0.0364
Epoch 28 Progress: 45% (450/989) - Loss: 0.8019
Epoch 28 Progress: 46% (459/989) - Loss: 0.0671
Epoch 28 Progress: 47% (468/989) - Loss: 0.1675
Epoch 28 Progress: 48% (477/989) - Loss: 0.0861
Epoch 28 Progress: 49% (486/989) - Loss: 0.0522
Epoch 28 Progress: 50% (495/989) - Loss: 0.6968
Epoch 28 Progress: 50% (504/989) - Loss: 0.1214
Epoch 28 Progress: 51% (513/989) - Loss: 0.0883
Epoch 28 Progress: 52% (522/989) - Loss: 0.0852
Epoch 28 Progress: 53% (531/989) - Loss: 0.1778
Epoch 28 Progress: 54% (540/989) - Loss: 0.0813
Epoch 28 Progress: 55% (549/989) - Loss: 0.1285
Epoch 28 Progress: 56% (558/989) - Loss: 0.0749
Epoch 28 Progress: 57% (567/989) - Loss: 0.1282
Epoch 28 Progress: 58% (576/989) - Loss: 0.1503
Epoch 28 Progress: 59% (585/989) - Loss: 0.1098
Epoch 28 Progress: 60% (594/989) - Loss: 0.4588
Epoch 28 Progress: 60% (603/989) - Loss: 0.0800
Epoch 28 Progress: 61% (612/989) - Loss: 0.0365
Epoch 28 Progress: 62% (621/989) - Loss: 0.0850
Epoch 28 Progress: 63% (630/989) - Loss: 0.1262
Epoch 28 Progress: 64% (639/989) - Loss: 0.0843
Epoch 28 Progress: 65% (648/989) - Loss: 0.1585
Epoch 28 Progress: 66% (657/989) - Loss: 0.0655
Epoch 28 Progress: 67% (666/989) - Loss: 0.0972
Epoch 28 Progress: 68% (675/989) - Loss: 0.1666
Epoch 28 Progress: 69% (684/989) - Loss: 0.1114
Epoch 28 Progress: 70% (693/989) - Loss: 0.1577
Epoch 28 Progress: 70% (702/989) - Loss: 0.1062
Epoch 28 Progress: 71% (711/989) - Loss: 0.0462
Epoch 28 Progress: 72% (720/989) - Loss: 0.0813
Epoch 28 Progress: 73% (729/989) - Loss: 0.0817
Epoch 28 Progress: 74% (738/989) - Loss: 0.0948
Epoch 28 Progress: 75% (747/989) - Loss: 0.0765
Epoch 28 Progress: 76% (756/989) - Loss: 0.0697
Epoch 28 Progress: 77% (765/989) - Loss: 0.0796
Epoch 28 Progress: 78% (774/989) - Loss: 0.2492
Epoch 28 Progress: 79% (783/989) - Loss: 0.1299
Epoch 28 Progress: 80% (792/989) - Loss: 0.0972
Epoch 28 Progress: 80% (801/989) - Loss: 0.0890
Epoch 28 Progress: 81% (810/989) - Loss: 0.1061
Epoch 28 Progress: 82% (819/989) - Loss: 0.0638
Epoch 28 Progress: 83% (828/989) - Loss: 0.0523
Epoch 28 Progress: 84% (837/989) - Loss: 0.4310
Epoch 28 Progress: 85% (846/989) - Loss: 0.1211
Epoch 28 Progress: 86% (855/989) - Loss: 0.1530
Epoch 28 Progress: 87% (864/989) - Loss: 0.1277
Epoch 28 Progress: 88% (873/989) - Loss: 0.1185
Epoch 28 Progress: 89% (882/989) - Loss: 0.2233
Epoch 28 Progress: 90% (891/989) - Loss: 0.1010
Epoch 28 Progress: 91% (900/989) - Loss: 0.1903
Epoch 28 Progress: 91% (909/989) - Loss: 0.1076
Epoch 28 Progress: 92% (918/989) - Loss: 0.5382
Epoch 28 Progress: 93% (927/989) - Loss: 0.1023
Epoch 28 Progress: 94% (936/989) - Loss: 0.4488
Epoch 28 Progress: 95% (945/989) - Loss: 0.1014
Epoch 28 Progress: 96% (954/989) - Loss: 0.0916
Epoch 28 Progress: 97% (963/989) - Loss: 0.0448
Epoch 28 Progress: 98% (972/989) - Loss: 0.1008
Epoch 28 Progress: 99% (981/989) - Loss: 0.1429
Epoch 28 Progress: 100% (989/989) - Loss: 0.1045
Train Loss: 0.1379 | Val Loss: 0.1282 | Val Mean Dice: 0.8833
Dice WT: 0.9102 | Dice TC: 0.8999 | Dice ET: 0.8399
Peak RAM: 1463 MB | Peak VRAM: 26387 MB | Peak GPU Util: 100.0%

Epoch 29/100  LR=0.000046
Epoch 29 Progress: 0% (9/989) - Loss: 0.1297
Epoch 29 Progress: 1% (18/989) - Loss: 0.1580
Epoch 29 Progress: 2% (27/989) - Loss: 0.0821
Epoch 29 Progress: 3% (36/989) - Loss: 0.1668
Epoch 29 Progress: 4% (45/989) - Loss: 0.0543
Epoch 29 Progress: 5% (54/989) - Loss: 0.0998
Epoch 29 Progress: 6% (63/989) - Loss: 0.1065
Epoch 29 Progress: 7% (72/989) - Loss: 0.1278
Epoch 29 Progress: 8% (81/989) - Loss: 0.2783
Epoch 29 Progress: 9% (90/989) - Loss: 0.0832
Epoch 29 Progress: 10% (99/989) - Loss: 0.2074
Epoch 29 Progress: 10% (108/989) - Loss: 0.0482
Epoch 29 Progress: 11% (117/989) - Loss: 0.1305
Epoch 29 Progress: 12% (126/989) - Loss: 0.1383
Epoch 29 Progress: 13% (135/989) - Loss: 0.0693
Epoch 29 Progress: 14% (144/989) - Loss: 0.1150
Epoch 29 Progress: 15% (153/989) - Loss: 0.1011
Epoch 29 Progress: 16% (162/989) - Loss: 0.1151
Epoch 29 Progress: 17% (171/989) - Loss: 0.0628
Epoch 29 Progress: 18% (180/989) - Loss: 0.0802
Epoch 29 Progress: 19% (189/989) - Loss: 0.2572
Epoch 29 Progress: 20% (198/989) - Loss: 0.0940
Epoch 29 Progress: 20% (207/989) - Loss: 0.0913
Epoch 29 Progress: 21% (216/989) - Loss: 0.1217
Epoch 29 Progress: 22% (225/989) - Loss: 0.0900
Epoch 29 Progress: 23% (234/989) - Loss: 0.1835
Epoch 29 Progress: 24% (243/989) - Loss: 0.1089
Epoch 29 Progress: 25% (252/989) - Loss: 0.3989
Epoch 29 Progress: 26% (261/989) - Loss: 0.1659
Epoch 29 Progress: 27% (270/989) - Loss: 0.2138
Epoch 29 Progress: 28% (279/989) - Loss: 0.5699
Epoch 29 Progress: 29% (288/989) - Loss: 0.1617
Epoch 29 Progress: 30% (297/989) - Loss: 0.2045
Epoch 29 Progress: 30% (306/989) - Loss: 0.0714
Epoch 29 Progress: 31% (315/989) - Loss: 0.0549
Epoch 29 Progress: 32% (324/989) - Loss: 0.1551
Epoch 29 Progress: 33% (333/989) - Loss: 0.1296
Epoch 29 Progress: 34% (342/989) - Loss: 0.0772
Epoch 29 Progress: 35% (351/989) - Loss: 0.5774
Epoch 29 Progress: 36% (360/989) - Loss: 0.1789
Epoch 29 Progress: 37% (369/989) - Loss: 0.0929
Epoch 29 Progress: 38% (378/989) - Loss: 0.4271
Epoch 29 Progress: 39% (387/989) - Loss: 0.1809
Epoch 29 Progress: 40% (396/989) - Loss: 0.1075
Epoch 29 Progress: 40% (405/989) - Loss: 0.1300
Epoch 29 Progress: 41% (414/989) - Loss: 0.0752
Epoch 29 Progress: 42% (423/989) - Loss: 0.0980
Epoch 29 Progress: 43% (432/989) - Loss: 0.4075
Epoch 29 Progress: 44% (441/989) - Loss: 0.4608
Epoch 29 Progress: 45% (450/989) - Loss: 0.0695
Epoch 29 Progress: 46% (459/989) - Loss: 0.0834
Epoch 29 Progress: 47% (468/989) - Loss: 0.0810
Epoch 29 Progress: 48% (477/989) - Loss: 0.0449
Epoch 29 Progress: 49% (486/989) - Loss: 0.0879
Epoch 29 Progress: 50% (495/989) - Loss: 0.3028
Epoch 29 Progress: 50% (504/989) - Loss: 0.1232
Epoch 29 Progress: 51% (513/989) - Loss: 0.1023
Epoch 29 Progress: 52% (522/989) - Loss: 0.1300
Epoch 29 Progress: 53% (531/989) - Loss: 0.1002
Epoch 29 Progress: 54% (540/989) - Loss: 0.0624
Epoch 29 Progress: 55% (549/989) - Loss: 0.0717
Epoch 29 Progress: 56% (558/989) - Loss: 0.0829
Epoch 29 Progress: 57% (567/989) - Loss: 0.0721
Epoch 29 Progress: 58% (576/989) - Loss: 0.0994
Epoch 29 Progress: 59% (585/989) - Loss: 0.1763
Epoch 29 Progress: 60% (594/989) - Loss: 0.0692
Epoch 29 Progress: 60% (603/989) - Loss: 0.0875
Epoch 29 Progress: 61% (612/989) - Loss: 0.0582
Epoch 29 Progress: 62% (621/989) - Loss: 0.0843
Epoch 29 Progress: 63% (630/989) - Loss: 0.2967
Epoch 29 Progress: 64% (639/989) - Loss: 0.1158
Epoch 29 Progress: 65% (648/989) - Loss: 0.0904
Epoch 29 Progress: 66% (657/989) - Loss: 0.1095
Epoch 29 Progress: 67% (666/989) - Loss: 0.0624
Epoch 29 Progress: 68% (675/989) - Loss: 0.4002
Epoch 29 Progress: 69% (684/989) - Loss: 0.0989
Epoch 29 Progress: 70% (693/989) - Loss: 0.0742
Epoch 29 Progress: 70% (702/989) - Loss: 0.1211
Epoch 29 Progress: 71% (711/989) - Loss: 0.0846
Epoch 29 Progress: 72% (720/989) - Loss: 0.0960
Epoch 29 Progress: 73% (729/989) - Loss: 0.2320
Epoch 29 Progress: 74% (738/989) - Loss: 0.0510
Epoch 29 Progress: 75% (747/989) - Loss: 0.1061
Epoch 29 Progress: 76% (756/989) - Loss: 0.2829
Epoch 29 Progress: 77% (765/989) - Loss: 0.0473
Epoch 29 Progress: 78% (774/989) - Loss: 0.4191
Epoch 29 Progress: 79% (783/989) - Loss: 0.2073
Epoch 29 Progress: 80% (792/989) - Loss: 0.1232
Epoch 29 Progress: 80% (801/989) - Loss: 0.1269
Epoch 29 Progress: 81% (810/989) - Loss: 0.1353
Epoch 29 Progress: 82% (819/989) - Loss: 0.1339
Epoch 29 Progress: 83% (828/989) - Loss: 0.0823
Epoch 29 Progress: 84% (837/989) - Loss: 0.1487
Epoch 29 Progress: 85% (846/989) - Loss: 0.1081
Epoch 29 Progress: 86% (855/989) - Loss: 0.1644
Epoch 29 Progress: 87% (864/989) - Loss: 0.1747
Epoch 29 Progress: 88% (873/989) - Loss: 0.1191
Epoch 29 Progress: 89% (882/989) - Loss: 0.2174
Epoch 29 Progress: 90% (891/989) - Loss: 0.1387
Epoch 29 Progress: 91% (900/989) - Loss: 0.2052
Epoch 29 Progress: 91% (909/989) - Loss: 0.1072
Epoch 29 Progress: 92% (918/989) - Loss: 0.0808
Epoch 29 Progress: 93% (927/989) - Loss: 0.0538
Epoch 29 Progress: 94% (936/989) - Loss: 0.0945
Epoch 29 Progress: 95% (945/989) - Loss: 0.1153
Epoch 29 Progress: 96% (954/989) - Loss: 0.0853
Epoch 29 Progress: 97% (963/989) - Loss: 0.0374
Epoch 29 Progress: 98% (972/989) - Loss: 0.0707
Epoch 29 Progress: 99% (981/989) - Loss: 0.1486
Epoch 29 Progress: 100% (989/989) - Loss: 0.1267
Train Loss: 0.1363 | Val Loss: 0.1321 | Val Mean Dice: 0.8755
Dice WT: 0.8953 | Dice TC: 0.8923 | Dice ET: 0.8388
Peak RAM: 1463 MB | Peak VRAM: 26387 MB | Peak GPU Util: 100.0%

Epoch 30/100  LR=0.000045
Epoch 30 Progress: 0% (9/989) - Loss: 0.1388
Epoch 30 Progress: 1% (18/989) - Loss: 0.0836
Epoch 30 Progress: 2% (27/989) - Loss: 0.1124
Epoch 30 Progress: 3% (36/989) - Loss: 0.0608
Epoch 30 Progress: 4% (45/989) - Loss: 0.0296
Epoch 30 Progress: 5% (54/989) - Loss: 0.3758
Epoch 30 Progress: 6% (63/989) - Loss: 0.1538
Epoch 30 Progress: 7% (72/989) - Loss: 0.0845
Epoch 30 Progress: 8% (81/989) - Loss: 0.0292
Epoch 30 Progress: 9% (90/989) - Loss: 0.0602
Epoch 30 Progress: 10% (99/989) - Loss: 0.0845
Epoch 30 Progress: 10% (108/989) - Loss: 0.0931
Epoch 30 Progress: 11% (117/989) - Loss: 0.2642
Epoch 30 Progress: 12% (126/989) - Loss: 0.1703
Epoch 30 Progress: 13% (135/989) - Loss: 0.0735
Epoch 30 Progress: 14% (144/989) - Loss: 0.0959
Epoch 30 Progress: 15% (153/989) - Loss: 0.0994
Epoch 30 Progress: 16% (162/989) - Loss: 0.1274
Epoch 30 Progress: 17% (171/989) - Loss: 0.1785
Epoch 30 Progress: 18% (180/989) - Loss: 0.0484
Epoch 30 Progress: 19% (189/989) - Loss: 0.1306
Epoch 30 Progress: 20% (198/989) - Loss: 0.0670
Epoch 30 Progress: 20% (207/989) - Loss: 0.0896
Epoch 30 Progress: 21% (216/989) - Loss: 0.0924
Epoch 30 Progress: 22% (225/989) - Loss: 0.1609
Epoch 30 Progress: 23% (234/989) - Loss: 0.1345
Epoch 30 Progress: 24% (243/989) - Loss: 0.1677
Epoch 30 Progress: 25% (252/989) - Loss: 0.0781
Epoch 30 Progress: 26% (261/989) - Loss: 0.1095
Epoch 30 Progress: 27% (270/989) - Loss: 0.0745
Epoch 30 Progress: 28% (279/989) - Loss: 0.0815
Epoch 30 Progress: 29% (288/989) - Loss: 0.0968
Epoch 30 Progress: 30% (297/989) - Loss: 0.1139
Epoch 30 Progress: 30% (306/989) - Loss: 0.0909
Epoch 30 Progress: 31% (315/989) - Loss: 0.1957
Epoch 30 Progress: 32% (324/989) - Loss: 0.1134
Epoch 30 Progress: 33% (333/989) - Loss: 0.0830
Epoch 30 Progress: 34% (342/989) - Loss: 0.0685
Epoch 30 Progress: 35% (351/989) - Loss: 0.1092
Epoch 30 Progress: 36% (360/989) - Loss: 0.0920
Epoch 30 Progress: 37% (369/989) - Loss: 0.1224
Epoch 30 Progress: 38% (378/989) - Loss: 0.0498
Epoch 30 Progress: 39% (387/989) - Loss: 0.0646
Epoch 30 Progress: 40% (396/989) - Loss: 0.0690
Epoch 30 Progress: 40% (405/989) - Loss: 0.6446
Epoch 30 Progress: 41% (414/989) - Loss: 0.0982
Epoch 30 Progress: 42% (423/989) - Loss: 0.1252
Epoch 30 Progress: 43% (432/989) - Loss: 0.0648
Epoch 30 Progress: 44% (441/989) - Loss: 0.0657
Epoch 30 Progress: 45% (450/989) - Loss: 0.4779
Epoch 30 Progress: 46% (459/989) - Loss: 0.0591
Epoch 30 Progress: 47% (468/989) - Loss: 0.6140
Epoch 30 Progress: 48% (477/989) - Loss: 0.0660
Epoch 30 Progress: 49% (486/989) - Loss: 0.1190
Epoch 30 Progress: 50% (495/989) - Loss: 0.1521
Epoch 30 Progress: 50% (504/989) - Loss: 0.1622
Epoch 30 Progress: 51% (513/989) - Loss: 0.1249
Epoch 30 Progress: 52% (522/989) - Loss: 0.0840
Epoch 30 Progress: 53% (531/989) - Loss: 0.0992
Epoch 30 Progress: 54% (540/989) - Loss: 0.0865
Epoch 30 Progress: 55% (549/989) - Loss: 0.0215
Epoch 30 Progress: 56% (558/989) - Loss: 0.0491
Epoch 30 Progress: 57% (567/989) - Loss: 0.0804
Epoch 30 Progress: 58% (576/989) - Loss: 0.0978
Epoch 30 Progress: 59% (585/989) - Loss: 0.2163
Epoch 30 Progress: 60% (594/989) - Loss: 0.0599
Epoch 30 Progress: 60% (603/989) - Loss: 0.1039
Epoch 30 Progress: 61% (612/989) - Loss: 0.0403
Epoch 30 Progress: 62% (621/989) - Loss: 0.2126
Epoch 30 Progress: 63% (630/989) - Loss: 0.1687
Epoch 30 Progress: 64% (639/989) - Loss: 0.0272
Epoch 30 Progress: 65% (648/989) - Loss: 0.1201
Epoch 30 Progress: 66% (657/989) - Loss: 0.0763
Epoch 30 Progress: 67% (666/989) - Loss: 0.0754
Epoch 30 Progress: 68% (675/989) - Loss: 0.0403
Epoch 30 Progress: 69% (684/989) - Loss: 0.1632
Epoch 30 Progress: 70% (693/989) - Loss: 0.1637
Epoch 30 Progress: 70% (702/989) - Loss: 0.2220
Epoch 30 Progress: 71% (711/989) - Loss: 0.1497
Epoch 30 Progress: 72% (720/989) - Loss: 0.0727
Epoch 30 Progress: 73% (729/989) - Loss: 0.4806
Epoch 30 Progress: 74% (738/989) - Loss: 0.0292
Epoch 30 Progress: 75% (747/989) - Loss: 0.0742
Epoch 30 Progress: 76% (756/989) - Loss: 0.0981
Epoch 30 Progress: 77% (765/989) - Loss: 0.1458
Epoch 30 Progress: 78% (774/989) - Loss: 0.0815
Epoch 30 Progress: 79% (783/989) - Loss: 0.2019
Epoch 30 Progress: 80% (792/989) - Loss: 0.1193
Epoch 30 Progress: 80% (801/989) - Loss: 0.1294
Epoch 30 Progress: 81% (810/989) - Loss: 0.1410
Epoch 30 Progress: 82% (819/989) - Loss: 0.2207
Epoch 30 Progress: 83% (828/989) - Loss: 0.3845
Epoch 30 Progress: 84% (837/989) - Loss: 0.1105
Epoch 30 Progress: 85% (846/989) - Loss: 0.0700
Epoch 30 Progress: 86% (855/989) - Loss: 0.1477
Epoch 30 Progress: 87% (864/989) - Loss: 0.0406
Epoch 30 Progress: 88% (873/989) - Loss: 0.0910
Epoch 30 Progress: 89% (882/989) - Loss: 0.0710
Epoch 30 Progress: 90% (891/989) - Loss: 0.0779
Epoch 30 Progress: 91% (900/989) - Loss: 0.1308
Epoch 30 Progress: 91% (909/989) - Loss: 0.0637
Epoch 30 Progress: 92% (918/989) - Loss: 0.0920
Epoch 30 Progress: 93% (927/989) - Loss: 0.2227
Epoch 30 Progress: 94% (936/989) - Loss: 0.1603
Epoch 30 Progress: 95% (945/989) - Loss: 0.1746
Epoch 30 Progress: 96% (954/989) - Loss: 0.1272
Epoch 30 Progress: 97% (963/989) - Loss: 0.1029
Epoch 30 Progress: 98% (972/989) - Loss: 0.0870
Epoch 30 Progress: 99% (981/989) - Loss: 0.0701
Epoch 30 Progress: 100% (989/989) - Loss: 0.2416
Train Loss: 0.1340 | Val Loss: 0.1211 | Val Mean Dice: 0.8910
Dice WT: 0.9073 | Dice TC: 0.9096 | Dice ET: 0.8560
Peak RAM: 1462 MB | Peak VRAM: 26387 MB | Peak GPU Util: 100.0%
Validation Dice improved from 0.8896 to 0.8910. Saving model...

Epoch 31/100  LR=0.000045
Epoch 31 Progress: 0% (9/989) - Loss: 0.0912
Epoch 31 Progress: 1% (18/989) - Loss: 0.0720
Epoch 31 Progress: 2% (27/989) - Loss: 0.0538
Epoch 31 Progress: 3% (36/989) - Loss: 0.0691
Epoch 31 Progress: 4% (45/989) - Loss: 0.0330
Epoch 31 Progress: 5% (54/989) - Loss: 0.0769
Epoch 31 Progress: 6% (63/989) - Loss: 0.0726
Epoch 31 Progress: 7% (72/989) - Loss: 0.1298
Epoch 31 Progress: 8% (81/989) - Loss: 0.2485
Epoch 31 Progress: 9% (90/989) - Loss: 0.1711
Epoch 31 Progress: 10% (99/989) - Loss: 0.1204
Epoch 31 Progress: 10% (108/989) - Loss: 0.0498
Epoch 31 Progress: 11% (117/989) - Loss: 0.2367
Epoch 31 Progress: 12% (126/989) - Loss: 0.1010
Epoch 31 Progress: 13% (135/989) - Loss: 0.1111
Epoch 31 Progress: 14% (144/989) - Loss: 0.1347
Epoch 31 Progress: 15% (153/989) - Loss: 0.2504
Epoch 31 Progress: 16% (162/989) - Loss: 0.0934
Epoch 31 Progress: 17% (171/989) - Loss: 0.0704
Epoch 31 Progress: 18% (180/989) - Loss: 0.1119
Epoch 31 Progress: 19% (189/989) - Loss: 0.0753
Epoch 31 Progress: 20% (198/989) - Loss: 0.0662
Epoch 31 Progress: 20% (207/989) - Loss: 0.2095
Epoch 31 Progress: 21% (216/989) - Loss: 0.1464
Epoch 31 Progress: 22% (225/989) - Loss: 0.0878
Epoch 31 Progress: 23% (234/989) - Loss: 0.1693
Epoch 31 Progress: 24% (243/989) - Loss: 0.0850
Epoch 31 Progress: 25% (252/989) - Loss: 0.1190
Epoch 31 Progress: 26% (261/989) - Loss: 0.0797
Epoch 31 Progress: 27% (270/989) - Loss: 0.0977
Epoch 31 Progress: 28% (279/989) - Loss: 0.0831
Epoch 31 Progress: 29% (288/989) - Loss: 0.2583
Epoch 31 Progress: 30% (297/989) - Loss: 0.0818
Epoch 31 Progress: 30% (306/989) - Loss: 0.1241
Epoch 31 Progress: 31% (315/989) - Loss: 0.0822
Epoch 31 Progress: 32% (324/989) - Loss: 0.0546
Epoch 31 Progress: 33% (333/989) - Loss: 0.3045
Epoch 31 Progress: 34% (342/989) - Loss: 0.0841
Epoch 31 Progress: 35% (351/989) - Loss: 0.0310
Epoch 31 Progress: 36% (360/989) - Loss: 0.0904
Epoch 31 Progress: 37% (369/989) - Loss: 0.1375
Epoch 31 Progress: 38% (378/989) - Loss: 0.0410
Epoch 31 Progress: 39% (387/989) - Loss: 0.1091
Epoch 31 Progress: 40% (396/989) - Loss: 0.2550
Epoch 31 Progress: 40% (405/989) - Loss: 0.1592
Epoch 31 Progress: 41% (414/989) - Loss: 0.0774
Epoch 31 Progress: 42% (423/989) - Loss: 0.7051
Epoch 31 Progress: 43% (432/989) - Loss: 0.1456
Epoch 31 Progress: 44% (441/989) - Loss: 0.0706
Epoch 31 Progress: 45% (450/989) - Loss: 0.2653
Epoch 31 Progress: 46% (459/989) - Loss: 0.1271
Epoch 31 Progress: 47% (468/989) - Loss: 0.1190
Epoch 31 Progress: 48% (477/989) - Loss: 0.0537
Epoch 31 Progress: 49% (486/989) - Loss: 0.1838
Epoch 31 Progress: 50% (495/989) - Loss: 0.0890
Epoch 31 Progress: 50% (504/989) - Loss: 0.0807
Epoch 31 Progress: 51% (513/989) - Loss: 0.4289
Epoch 31 Progress: 52% (522/989) - Loss: 0.0576
Epoch 31 Progress: 53% (531/989) - Loss: 0.0593
Epoch 31 Progress: 54% (540/989) - Loss: 0.1165
Epoch 31 Progress: 55% (549/989) - Loss: 0.1750
Epoch 31 Progress: 56% (558/989) - Loss: 0.0568
Epoch 31 Progress: 57% (567/989) - Loss: 0.1990
Epoch 31 Progress: 58% (576/989) - Loss: 0.0938
Epoch 31 Progress: 59% (585/989) - Loss: 0.1559
Epoch 31 Progress: 60% (594/989) - Loss: 0.2023
Epoch 31 Progress: 60% (603/989) - Loss: 0.1666
Epoch 31 Progress: 61% (612/989) - Loss: 0.1017
Epoch 31 Progress: 62% (621/989) - Loss: 0.0776
Epoch 31 Progress: 63% (630/989) - Loss: 0.1606
Epoch 31 Progress: 64% (639/989) - Loss: 0.1865
Epoch 31 Progress: 65% (648/989) - Loss: 0.1271
Epoch 31 Progress: 66% (657/989) - Loss: 0.1466
Epoch 31 Progress: 67% (666/989) - Loss: 0.1083
Epoch 31 Progress: 68% (675/989) - Loss: 0.1340
Epoch 31 Progress: 69% (684/989) - Loss: 0.4464
Epoch 31 Progress: 70% (693/989) - Loss: 0.1244
Epoch 31 Progress: 70% (702/989) - Loss: 0.1038
Epoch 31 Progress: 71% (711/989) - Loss: 0.0724
Epoch 31 Progress: 72% (720/989) - Loss: 0.1080
Epoch 31 Progress: 73% (729/989) - Loss: 0.1062
Epoch 31 Progress: 74% (738/989) - Loss: 0.0881
Epoch 31 Progress: 75% (747/989) - Loss: 0.0637
Epoch 31 Progress: 76% (756/989) - Loss: 0.1297
Epoch 31 Progress: 77% (765/989) - Loss: 0.1535
Epoch 31 Progress: 78% (774/989) - Loss: 0.0787
Epoch 31 Progress: 79% (783/989) - Loss: 0.1626
Epoch 31 Progress: 80% (792/989) - Loss: 0.0646
Epoch 31 Progress: 80% (801/989) - Loss: 0.4632
Epoch 31 Progress: 81% (810/989) - Loss: 0.0717
Epoch 31 Progress: 82% (819/989) - Loss: 0.1389
Epoch 31 Progress: 83% (828/989) - Loss: 0.1592
Epoch 31 Progress: 84% (837/989) - Loss: 0.0621
Epoch 31 Progress: 85% (846/989) - Loss: 0.0743
Epoch 31 Progress: 86% (855/989) - Loss: 0.0475
Epoch 31 Progress: 87% (864/989) - Loss: 0.0587
Epoch 31 Progress: 88% (873/989) - Loss: 0.1261
Epoch 31 Progress: 89% (882/989) - Loss: 0.7696
Epoch 31 Progress: 90% (891/989) - Loss: 0.1039
Epoch 31 Progress: 91% (900/989) - Loss: 0.1608
Epoch 31 Progress: 91% (909/989) - Loss: 0.0396
Epoch 31 Progress: 92% (918/989) - Loss: 0.0496
Epoch 31 Progress: 93% (927/989) - Loss: 0.0879
Epoch 31 Progress: 94% (936/989) - Loss: 0.0623
Epoch 31 Progress: 95% (945/989) - Loss: 0.2244
Epoch 31 Progress: 96% (954/989) - Loss: 0.7766
Epoch 31 Progress: 97% (963/989) - Loss: 0.1290
Epoch 31 Progress: 98% (972/989) - Loss: 0.0769
Epoch 31 Progress: 99% (981/989) - Loss: 0.3466
Epoch 31 Progress: 100% (989/989) - Loss: 0.0783
Train Loss: 0.1341 | Val Loss: 0.1242 | Val Mean Dice: 0.8849
Dice WT: 0.9062 | Dice TC: 0.9020 | Dice ET: 0.8464
Peak RAM: 1359 MB | Peak VRAM: 26387 MB | Peak GPU Util: 100.0%

Epoch 32/100  LR=0.000044
Epoch 32 Progress: 0% (9/989) - Loss: 0.2427
Epoch 32 Progress: 1% (18/989) - Loss: 0.0789
Epoch 32 Progress: 2% (27/989) - Loss: 0.0866
Epoch 32 Progress: 3% (36/989) - Loss: 0.0945
Epoch 32 Progress: 4% (45/989) - Loss: 0.0510
Epoch 32 Progress: 5% (54/989) - Loss: 0.0450
Epoch 32 Progress: 6% (63/989) - Loss: 0.0632
Epoch 32 Progress: 7% (72/989) - Loss: 0.0406
Epoch 32 Progress: 8% (81/989) - Loss: 0.0558
Epoch 32 Progress: 9% (90/989) - Loss: 0.1031
Epoch 32 Progress: 10% (99/989) - Loss: 0.0699
Epoch 32 Progress: 10% (108/989) - Loss: 0.1905
Epoch 32 Progress: 11% (117/989) - Loss: 0.0526
Epoch 32 Progress: 12% (126/989) - Loss: 0.1477
Epoch 32 Progress: 13% (135/989) - Loss: 0.0750
Epoch 32 Progress: 14% (144/989) - Loss: 0.1406
Epoch 32 Progress: 15% (153/989) - Loss: 0.1769
Epoch 32 Progress: 16% (162/989) - Loss: 0.0549
Epoch 32 Progress: 17% (171/989) - Loss: 0.2074
Epoch 32 Progress: 18% (180/989) - Loss: 0.1341
Epoch 32 Progress: 19% (189/989) - Loss: 0.1275
Epoch 32 Progress: 20% (198/989) - Loss: 0.0720
Epoch 32 Progress: 20% (207/989) - Loss: 0.1051
Epoch 32 Progress: 21% (216/989) - Loss: 0.1493
Epoch 32 Progress: 22% (225/989) - Loss: 0.0377
Epoch 32 Progress: 23% (234/989) - Loss: 0.1517
Epoch 32 Progress: 24% (243/989) - Loss: 0.0966
Epoch 32 Progress: 25% (252/989) - Loss: 0.0824
Epoch 32 Progress: 26% (261/989) - Loss: 0.0981
Epoch 32 Progress: 27% (270/989) - Loss: 0.0969
Epoch 32 Progress: 28% (279/989) - Loss: 0.0792
Epoch 32 Progress: 29% (288/989) - Loss: 0.1562
Epoch 32 Progress: 30% (297/989) - Loss: 0.1584
Epoch 32 Progress: 30% (306/989) - Loss: 0.0655
Epoch 32 Progress: 31% (315/989) - Loss: 0.0797
Epoch 32 Progress: 32% (324/989) - Loss: 0.0319
Epoch 32 Progress: 33% (333/989) - Loss: 0.0863
Epoch 32 Progress: 34% (342/989) - Loss: 0.1592
Epoch 32 Progress: 35% (351/989) - Loss: 0.0462
Epoch 32 Progress: 36% (360/989) - Loss: 0.0847
Epoch 32 Progress: 37% (369/989) - Loss: 0.1009
Epoch 32 Progress: 38% (378/989) - Loss: 0.0416
Epoch 32 Progress: 39% (387/989) - Loss: 0.2355
Epoch 32 Progress: 40% (396/989) - Loss: 0.0844
Epoch 32 Progress: 40% (405/989) - Loss: 0.1375
Epoch 32 Progress: 41% (414/989) - Loss: 0.1984
Epoch 32 Progress: 42% (423/989) - Loss: 0.1936
Epoch 32 Progress: 43% (432/989) - Loss: 0.0471
Epoch 32 Progress: 44% (441/989) - Loss: 0.1139
Epoch 32 Progress: 45% (450/989) - Loss: 0.0746
Epoch 32 Progress: 46% (459/989) - Loss: 0.0742
Epoch 32 Progress: 47% (468/989) - Loss: 0.0705
Epoch 32 Progress: 48% (477/989) - Loss: 0.0976
Epoch 32 Progress: 49% (486/989) - Loss: 0.1031
Epoch 32 Progress: 50% (495/989) - Loss: 0.1244
Epoch 32 Progress: 50% (504/989) - Loss: 0.0710
Epoch 32 Progress: 51% (513/989) - Loss: 0.3874
Epoch 32 Progress: 52% (522/989) - Loss: 0.1112
Epoch 32 Progress: 53% (531/989) - Loss: 0.3393
Epoch 32 Progress: 54% (540/989) - Loss: 0.0722
Epoch 32 Progress: 55% (549/989) - Loss: 0.2123
Epoch 32 Progress: 56% (558/989) - Loss: 0.0977
Epoch 32 Progress: 57% (567/989) - Loss: 0.1239
Epoch 32 Progress: 58% (576/989) - Loss: 0.0682
Epoch 32 Progress: 59% (585/989) - Loss: 0.0738
Epoch 32 Progress: 60% (594/989) - Loss: 0.4519
Epoch 32 Progress: 60% (603/989) - Loss: 0.2211
Epoch 32 Progress: 61% (612/989) - Loss: 0.0905
Epoch 32 Progress: 62% (621/989) - Loss: 0.0436
Epoch 32 Progress: 63% (630/989) - Loss: 0.2451
Epoch 32 Progress: 64% (639/989) - Loss: 0.0693
Epoch 32 Progress: 65% (648/989) - Loss: 0.1002
Epoch 32 Progress: 66% (657/989) - Loss: 0.0484
Epoch 32 Progress: 67% (666/989) - Loss: 0.0697
Epoch 32 Progress: 68% (675/989) - Loss: 0.0607
Epoch 32 Progress: 69% (684/989) - Loss: 0.1055
Epoch 32 Progress: 70% (693/989) - Loss: 0.1515
Epoch 32 Progress: 70% (702/989) - Loss: 0.2079
Epoch 32 Progress: 71% (711/989) - Loss: 0.2252
Epoch 32 Progress: 72% (720/989) - Loss: 0.0723
Epoch 32 Progress: 73% (729/989) - Loss: 0.1040
Epoch 32 Progress: 74% (738/989) - Loss: 0.0314
Epoch 32 Progress: 75% (747/989) - Loss: 0.0826
Epoch 32 Progress: 76% (756/989) - Loss: 0.0734
Epoch 32 Progress: 77% (765/989) - Loss: 0.0975
Epoch 32 Progress: 78% (774/989) - Loss: 0.1004
Epoch 32 Progress: 79% (783/989) - Loss: 0.2368
Epoch 32 Progress: 80% (792/989) - Loss: 0.1144
Epoch 32 Progress: 80% (801/989) - Loss: 0.2683
Epoch 32 Progress: 81% (810/989) - Loss: 0.0726
Epoch 32 Progress: 82% (819/989) - Loss: 0.0646
Epoch 32 Progress: 83% (828/989) - Loss: 0.1036
Epoch 32 Progress: 84% (837/989) - Loss: 0.0771
Epoch 32 Progress: 85% (846/989) - Loss: 0.0644
Epoch 32 Progress: 86% (855/989) - Loss: 0.4790
Epoch 32 Progress: 87% (864/989) - Loss: 0.0793
Epoch 32 Progress: 88% (873/989) - Loss: 0.1835
Epoch 32 Progress: 89% (882/989) - Loss: 0.0377
Epoch 32 Progress: 90% (891/989) - Loss: 0.1303
Epoch 32 Progress: 91% (900/989) - Loss: 0.1105
Epoch 32 Progress: 91% (909/989) - Loss: 0.1953
Epoch 32 Progress: 92% (918/989) - Loss: 0.1432
Epoch 32 Progress: 93% (927/989) - Loss: 0.0862
Epoch 32 Progress: 94% (936/989) - Loss: 0.1297
Epoch 32 Progress: 95% (945/989) - Loss: 0.0855
Epoch 32 Progress: 96% (954/989) - Loss: 0.1993
Epoch 32 Progress: 97% (963/989) - Loss: 0.0736
Epoch 32 Progress: 98% (972/989) - Loss: 0.1050
Epoch 32 Progress: 99% (981/989) - Loss: 0.0418
Epoch 32 Progress: 100% (989/989) - Loss: 0.0846
Train Loss: 0.1320 | Val Loss: 0.1249 | Val Mean Dice: 0.8820
Dice WT: 0.8951 | Dice TC: 0.9040 | Dice ET: 0.8468
Peak RAM: 1359 MB | Peak VRAM: 26387 MB | Peak GPU Util: 100.0%

Epoch 33/100  LR=0.000043
Epoch 33 Progress: 0% (9/989) - Loss: 0.0274
Epoch 33 Progress: 1% (18/989) - Loss: 0.0558
Epoch 33 Progress: 2% (27/989) - Loss: 0.0779
Epoch 33 Progress: 3% (36/989) - Loss: 0.0436
Epoch 33 Progress: 4% (45/989) - Loss: 0.1366
Epoch 33 Progress: 5% (54/989) - Loss: 0.1186
Epoch 33 Progress: 6% (63/989) - Loss: 0.0594
Epoch 33 Progress: 7% (72/989) - Loss: 0.0926
Epoch 33 Progress: 8% (81/989) - Loss: 0.0837
Epoch 33 Progress: 9% (90/989) - Loss: 0.0574
Epoch 33 Progress: 10% (99/989) - Loss: 0.0818
Epoch 33 Progress: 10% (108/989) - Loss: 0.0728
Epoch 33 Progress: 11% (117/989) - Loss: 0.0460
Epoch 33 Progress: 12% (126/989) - Loss: 0.0370
Epoch 33 Progress: 13% (135/989) - Loss: 0.0951
Epoch 33 Progress: 14% (144/989) - Loss: 0.0725
Epoch 33 Progress: 15% (153/989) - Loss: 0.2670
Epoch 33 Progress: 16% (162/989) - Loss: 0.0835
Epoch 33 Progress: 17% (171/989) - Loss: 0.1069
Epoch 33 Progress: 18% (180/989) - Loss: 0.0389
Epoch 33 Progress: 19% (189/989) - Loss: 0.1637
Epoch 33 Progress: 20% (198/989) - Loss: 0.1683
Epoch 33 Progress: 20% (207/989) - Loss: 0.1146
Epoch 33 Progress: 21% (216/989) - Loss: 0.1273
Epoch 33 Progress: 22% (225/989) - Loss: 0.5007
Epoch 33 Progress: 23% (234/989) - Loss: 0.0796
Epoch 33 Progress: 24% (243/989) - Loss: 0.1401
Epoch 33 Progress: 25% (252/989) - Loss: 0.1614
Epoch 33 Progress: 26% (261/989) - Loss: 0.0844
Epoch 33 Progress: 27% (270/989) - Loss: 0.0747
Epoch 33 Progress: 28% (279/989) - Loss: 0.0955
Epoch 33 Progress: 29% (288/989) - Loss: 0.0983
Epoch 33 Progress: 30% (297/989) - Loss: 0.0614
Epoch 33 Progress: 30% (306/989) - Loss: 0.1198
Epoch 33 Progress: 31% (315/989) - Loss: 0.1228
Epoch 33 Progress: 32% (324/989) - Loss: 0.0592
Epoch 33 Progress: 33% (333/989) - Loss: 0.1007
Epoch 33 Progress: 34% (342/989) - Loss: 0.0866
Epoch 33 Progress: 35% (351/989) - Loss: 0.1428
Epoch 33 Progress: 36% (360/989) - Loss: 0.2051
Epoch 33 Progress: 37% (369/989) - Loss: 0.1062
Epoch 33 Progress: 38% (378/989) - Loss: 0.0973
Epoch 33 Progress: 39% (387/989) - Loss: 0.4937
Epoch 33 Progress: 40% (396/989) - Loss: 0.1113
Epoch 33 Progress: 40% (405/989) - Loss: 0.1013
Epoch 33 Progress: 41% (414/989) - Loss: 0.0760
Epoch 33 Progress: 42% (423/989) - Loss: 0.1505
Epoch 33 Progress: 43% (432/989) - Loss: 0.0346
Epoch 33 Progress: 44% (441/989) - Loss: 0.0529
Epoch 33 Progress: 45% (450/989) - Loss: 0.1648
Epoch 33 Progress: 46% (459/989) - Loss: 0.0552
Epoch 33 Progress: 47% (468/989) - Loss: 0.0566
Epoch 33 Progress: 48% (477/989) - Loss: 0.0740
Epoch 33 Progress: 49% (486/989) - Loss: 0.1958
Epoch 33 Progress: 50% (495/989) - Loss: 0.2243
Epoch 33 Progress: 50% (504/989) - Loss: 0.1109
Epoch 33 Progress: 51% (513/989) - Loss: 0.0848
Epoch 33 Progress: 52% (522/989) - Loss: 0.0813
Epoch 33 Progress: 53% (531/989) - Loss: 0.0362
Epoch 33 Progress: 54% (540/989) - Loss: 0.0703
Epoch 33 Progress: 55% (549/989) - Loss: 0.2280
Epoch 33 Progress: 56% (558/989) - Loss: 0.5193
Epoch 33 Progress: 57% (567/989) - Loss: 0.0818
Epoch 33 Progress: 58% (576/989) - Loss: 0.0760
Epoch 33 Progress: 59% (585/989) - Loss: 0.0971
Epoch 33 Progress: 60% (594/989) - Loss: 0.0675
Epoch 33 Progress: 60% (603/989) - Loss: 0.0782
Epoch 33 Progress: 61% (612/989) - Loss: 0.1183
Epoch 33 Progress: 62% (621/989) - Loss: 0.0725
Epoch 33 Progress: 63% (630/989) - Loss: 0.0842
Epoch 33 Progress: 64% (639/989) - Loss: 0.0600
Epoch 33 Progress: 65% (648/989) - Loss: 0.1457
Epoch 33 Progress: 66% (657/989) - Loss: 0.0664
Epoch 33 Progress: 67% (666/989) - Loss: 0.1824
Epoch 33 Progress: 68% (675/989) - Loss: 0.0784
Epoch 33 Progress: 69% (684/989) - Loss: 0.0933
Epoch 33 Progress: 70% (693/989) - Loss: 0.1530
Epoch 33 Progress: 70% (702/989) - Loss: 0.1254
Epoch 33 Progress: 71% (711/989) - Loss: 0.0708
Epoch 33 Progress: 72% (720/989) - Loss: 0.1215
Epoch 33 Progress: 73% (729/989) - Loss: 0.1667
Epoch 33 Progress: 74% (738/989) - Loss: 0.0788
Epoch 33 Progress: 75% (747/989) - Loss: 0.0532
Epoch 33 Progress: 76% (756/989) - Loss: 0.4429
Epoch 33 Progress: 77% (765/989) - Loss: 0.4314
Epoch 33 Progress: 78% (774/989) - Loss: 0.1938
Epoch 33 Progress: 79% (783/989) - Loss: 0.0298
Epoch 33 Progress: 80% (792/989) - Loss: 0.1254
Epoch 33 Progress: 80% (801/989) - Loss: 0.0879
Epoch 33 Progress: 81% (810/989) - Loss: 0.1552
Epoch 33 Progress: 82% (819/989) - Loss: 0.1934
Epoch 33 Progress: 83% (828/989) - Loss: 0.0573
Epoch 33 Progress: 84% (837/989) - Loss: 0.1149
Epoch 33 Progress: 85% (846/989) - Loss: 0.0922
Epoch 33 Progress: 86% (855/989) - Loss: 0.0317
Epoch 33 Progress: 87% (864/989) - Loss: 0.1992
Epoch 33 Progress: 88% (873/989) - Loss: 0.1360
Epoch 33 Progress: 89% (882/989) - Loss: 0.1104
Epoch 33 Progress: 90% (891/989) - Loss: 0.0652
Epoch 33 Progress: 91% (900/989) - Loss: 0.0928
Epoch 33 Progress: 91% (909/989) - Loss: 0.1242
Epoch 33 Progress: 92% (918/989) - Loss: 0.0322
Epoch 33 Progress: 93% (927/989) - Loss: 0.0675
Epoch 33 Progress: 94% (936/989) - Loss: 0.0884
Epoch 33 Progress: 95% (945/989) - Loss: 0.0798
Epoch 33 Progress: 96% (954/989) - Loss: 0.0437
Epoch 33 Progress: 97% (963/989) - Loss: 0.0756
Epoch 33 Progress: 98% (972/989) - Loss: 0.0377
Epoch 33 Progress: 99% (981/989) - Loss: 0.0971
Epoch 33 Progress: 100% (989/989) - Loss: 0.1197
Train Loss: 0.1317 | Val Loss: 0.1270 | Val Mean Dice: 0.8811
Dice WT: 0.8833 | Dice TC: 0.9089 | Dice ET: 0.8510
Peak RAM: 1359 MB | Peak VRAM: 26387 MB | Peak GPU Util: 100.0%

Epoch 34/100  LR=0.000042
Epoch 34 Progress: 0% (9/989) - Loss: 0.0714
Epoch 34 Progress: 1% (18/989) - Loss: 0.0703
Epoch 34 Progress: 2% (27/989) - Loss: 0.1108
Epoch 34 Progress: 3% (36/989) - Loss: 0.1389
Epoch 34 Progress: 4% (45/989) - Loss: 0.0468
Epoch 34 Progress: 5% (54/989) - Loss: 0.1252
Epoch 34 Progress: 6% (63/989) - Loss: 0.1742
Epoch 34 Progress: 7% (72/989) - Loss: 0.2042
Epoch 34 Progress: 8% (81/989) - Loss: 0.0756
Epoch 34 Progress: 9% (90/989) - Loss: 0.1012
Epoch 34 Progress: 10% (99/989) - Loss: 0.1154
Epoch 34 Progress: 10% (108/989) - Loss: 0.1786
Epoch 34 Progress: 11% (117/989) - Loss: 0.1261
Epoch 34 Progress: 12% (126/989) - Loss: 0.0646
Epoch 34 Progress: 13% (135/989) - Loss: 0.0529
Epoch 34 Progress: 14% (144/989) - Loss: 0.1263
Epoch 34 Progress: 15% (153/989) - Loss: 0.1119
Epoch 34 Progress: 16% (162/989) - Loss: 0.1787
Epoch 34 Progress: 17% (171/989) - Loss: 0.3365
Epoch 34 Progress: 18% (180/989) - Loss: 0.0550
Epoch 34 Progress: 19% (189/989) - Loss: 0.4418
Epoch 34 Progress: 20% (198/989) - Loss: 0.7404
Epoch 34 Progress: 20% (207/989) - Loss: 0.1610
Epoch 34 Progress: 21% (216/989) - Loss: 0.1104
Epoch 34 Progress: 22% (225/989) - Loss: 0.1461
Epoch 34 Progress: 23% (234/989) - Loss: 0.0373
Epoch 34 Progress: 24% (243/989) - Loss: 0.1222
Epoch 34 Progress: 25% (252/989) - Loss: 0.0680
Epoch 34 Progress: 26% (261/989) - Loss: 0.1168
Epoch 34 Progress: 27% (270/989) - Loss: 0.0866
Epoch 34 Progress: 28% (279/989) - Loss: 0.2214
Epoch 34 Progress: 29% (288/989) - Loss: 0.0775
Epoch 34 Progress: 30% (297/989) - Loss: 0.1160
Epoch 34 Progress: 30% (306/989) - Loss: 0.1545
Epoch 34 Progress: 31% (315/989) - Loss: 0.0578
Epoch 34 Progress: 32% (324/989) - Loss: 0.6760
Epoch 34 Progress: 33% (333/989) - Loss: 0.0628
Epoch 34 Progress: 34% (342/989) - Loss: 0.0698
Epoch 34 Progress: 35% (351/989) - Loss: 0.7732
Epoch 34 Progress: 36% (360/989) - Loss: 0.0809
Epoch 34 Progress: 37% (369/989) - Loss: 0.1170
Epoch 34 Progress: 38% (378/989) - Loss: 0.0578
Epoch 34 Progress: 39% (387/989) - Loss: 0.0800
Epoch 34 Progress: 40% (396/989) - Loss: 0.1351
Epoch 34 Progress: 40% (405/989) - Loss: 0.0658
Epoch 34 Progress: 41% (414/989) - Loss: 0.0837
Epoch 34 Progress: 42% (423/989) - Loss: 0.0955
Epoch 34 Progress: 43% (432/989) - Loss: 0.1174
Epoch 34 Progress: 44% (441/989) - Loss: 0.1376
Epoch 34 Progress: 45% (450/989) - Loss: 0.0412
Epoch 34 Progress: 46% (459/989) - Loss: 0.0789
Epoch 34 Progress: 47% (468/989) - Loss: 0.2468
Epoch 34 Progress: 48% (477/989) - Loss: 0.0396
Epoch 34 Progress: 49% (486/989) - Loss: 0.0652
Epoch 34 Progress: 50% (495/989) - Loss: 0.2694
Epoch 34 Progress: 50% (504/989) - Loss: 0.1172
Epoch 34 Progress: 51% (513/989) - Loss: 0.0924
Epoch 34 Progress: 52% (522/989) - Loss: 0.0787
Epoch 34 Progress: 53% (531/989) - Loss: 0.1134
Epoch 34 Progress: 54% (540/989) - Loss: 0.0508
Epoch 34 Progress: 55% (549/989) - Loss: 0.0753
Epoch 34 Progress: 56% (558/989) - Loss: 0.1114
Epoch 34 Progress: 57% (567/989) - Loss: 0.0884
Epoch 34 Progress: 58% (576/989) - Loss: 0.0310
Epoch 34 Progress: 59% (585/989) - Loss: 0.1448
Epoch 34 Progress: 60% (594/989) - Loss: 0.5582
Epoch 34 Progress: 60% (603/989) - Loss: 0.0832
Epoch 34 Progress: 61% (612/989) - Loss: 0.0902
Epoch 34 Progress: 62% (621/989) - Loss: 0.0750
Epoch 34 Progress: 63% (630/989) - Loss: 0.0919
Epoch 34 Progress: 64% (639/989) - Loss: 0.1297
Epoch 34 Progress: 65% (648/989) - Loss: 0.0352
Epoch 34 Progress: 66% (657/989) - Loss: 0.1070
Epoch 34 Progress: 67% (666/989) - Loss: 0.1498
Epoch 34 Progress: 68% (675/989) - Loss: 0.2001
Epoch 34 Progress: 69% (684/989) - Loss: 0.0665
Epoch 34 Progress: 70% (693/989) - Loss: 0.1264
Epoch 34 Progress: 70% (702/989) - Loss: 0.0917
Epoch 34 Progress: 71% (711/989) - Loss: 0.1099
Epoch 34 Progress: 72% (720/989) - Loss: 0.0515
Epoch 34 Progress: 73% (729/989) - Loss: 0.5014
Epoch 34 Progress: 74% (738/989) - Loss: 0.1147
Epoch 34 Progress: 75% (747/989) - Loss: 0.0425
Epoch 34 Progress: 76% (756/989) - Loss: 0.0442
Epoch 34 Progress: 77% (765/989) - Loss: 0.0397
Epoch 34 Progress: 78% (774/989) - Loss: 0.2724
Epoch 34 Progress: 79% (783/989) - Loss: 0.0720
Epoch 34 Progress: 80% (792/989) - Loss: 0.1826
Epoch 34 Progress: 80% (801/989) - Loss: 0.0802
Epoch 34 Progress: 81% (810/989) - Loss: 0.0902
Epoch 34 Progress: 82% (819/989) - Loss: 0.0568
Epoch 34 Progress: 83% (828/989) - Loss: 0.1367
Epoch 34 Progress: 84% (837/989) - Loss: 0.2520
Epoch 34 Progress: 85% (846/989) - Loss: 0.1496
Epoch 34 Progress: 86% (855/989) - Loss: 0.1239
Epoch 34 Progress: 87% (864/989) - Loss: 0.1055
Epoch 34 Progress: 88% (873/989) - Loss: 0.0903
Epoch 34 Progress: 89% (882/989) - Loss: 0.2441
Epoch 34 Progress: 90% (891/989) - Loss: 0.0707
Epoch 34 Progress: 91% (900/989) - Loss: 0.0873
Epoch 34 Progress: 91% (909/989) - Loss: 0.0812
Epoch 34 Progress: 92% (918/989) - Loss: 0.0650
Epoch 34 Progress: 93% (927/989) - Loss: 0.4580
Epoch 34 Progress: 94% (936/989) - Loss: 0.2661
Epoch 34 Progress: 95% (945/989) - Loss: 0.0743
Epoch 34 Progress: 96% (954/989) - Loss: 0.0879
Epoch 34 Progress: 97% (963/989) - Loss: 0.0693
Epoch 34 Progress: 98% (972/989) - Loss: 0.0420
Epoch 34 Progress: 99% (981/989) - Loss: 0.1070
Epoch 34 Progress: 100% (989/989) - Loss: 0.0548
Train Loss: 0.1322 | Val Loss: 0.1275 | Val Mean Dice: 0.8869
Dice WT: 0.9036 | Dice TC: 0.9063 | Dice ET: 0.8508
Peak RAM: 1359 MB | Peak VRAM: 26387 MB | Peak GPU Util: 100.0%

Epoch 35/100  LR=0.000042
Epoch 35 Progress: 0% (9/989) - Loss: 0.0568
Epoch 35 Progress: 1% (18/989) - Loss: 0.1240
Epoch 35 Progress: 2% (27/989) - Loss: 0.1308
Epoch 35 Progress: 3% (36/989) - Loss: 0.3095
Epoch 35 Progress: 4% (45/989) - Loss: 0.1510
Epoch 35 Progress: 5% (54/989) - Loss: 0.2028
Epoch 35 Progress: 6% (63/989) - Loss: 0.0813
Epoch 35 Progress: 7% (72/989) - Loss: 0.1063
Epoch 35 Progress: 8% (81/989) - Loss: 0.0695
Epoch 35 Progress: 9% (90/989) - Loss: 0.1312
Epoch 35 Progress: 10% (99/989) - Loss: 0.4426
Epoch 35 Progress: 10% (108/989) - Loss: 0.1122
Epoch 35 Progress: 11% (117/989) - Loss: 0.0852
Epoch 35 Progress: 12% (126/989) - Loss: 0.4368
Epoch 35 Progress: 13% (135/989) - Loss: 0.1077
Epoch 35 Progress: 14% (144/989) - Loss: 0.1205
Epoch 35 Progress: 15% (153/989) - Loss: 0.0777
Epoch 35 Progress: 16% (162/989) - Loss: 0.0998
Epoch 35 Progress: 17% (171/989) - Loss: 0.0788
Epoch 35 Progress: 18% (180/989) - Loss: 0.0997
Epoch 35 Progress: 19% (189/989) - Loss: 0.1239
Epoch 35 Progress: 20% (198/989) - Loss: 0.0329
Epoch 35 Progress: 20% (207/989) - Loss: 0.0645
Epoch 35 Progress: 21% (216/989) - Loss: 0.0647
Epoch 35 Progress: 22% (225/989) - Loss: 0.1238
Epoch 35 Progress: 23% (234/989) - Loss: 0.0910
Epoch 35 Progress: 24% (243/989) - Loss: 0.2175
Epoch 35 Progress: 25% (252/989) - Loss: 0.1068
Epoch 35 Progress: 26% (261/989) - Loss: 0.0619
Epoch 35 Progress: 27% (270/989) - Loss: 0.1634
Epoch 35 Progress: 28% (279/989) - Loss: 0.2265
Epoch 35 Progress: 29% (288/989) - Loss: 0.1521
Epoch 35 Progress: 30% (297/989) - Loss: 0.1762
Epoch 35 Progress: 30% (306/989) - Loss: 0.1114
Epoch 35 Progress: 31% (315/989) - Loss: 0.1885
Epoch 35 Progress: 32% (324/989) - Loss: 0.1597
Epoch 35 Progress: 33% (333/989) - Loss: 0.0525
Epoch 35 Progress: 34% (342/989) - Loss: 0.0969
Epoch 35 Progress: 35% (351/989) - Loss: 0.1442
Epoch 35 Progress: 36% (360/989) - Loss: 0.1893
Epoch 35 Progress: 37% (369/989) - Loss: 0.0985
Epoch 35 Progress: 38% (378/989) - Loss: 0.1861
Epoch 35 Progress: 39% (387/989) - Loss: 0.0874
Epoch 35 Progress: 40% (396/989) - Loss: 0.0826
Epoch 35 Progress: 40% (405/989) - Loss: 0.1329
Epoch 35 Progress: 41% (414/989) - Loss: 0.0698
Epoch 35 Progress: 42% (423/989) - Loss: 0.0703
Epoch 35 Progress: 43% (432/989) - Loss: 0.0624
Epoch 35 Progress: 44% (441/989) - Loss: 0.0752
Epoch 35 Progress: 45% (450/989) - Loss: 0.0779
Epoch 35 Progress: 46% (459/989) - Loss: 0.3340
Epoch 35 Progress: 47% (468/989) - Loss: 0.0899
Epoch 35 Progress: 48% (477/989) - Loss: 0.1250
Epoch 35 Progress: 49% (486/989) - Loss: 0.0382
Epoch 35 Progress: 50% (495/989) - Loss: 0.1359
Epoch 35 Progress: 50% (504/989) - Loss: 0.0905
Epoch 35 Progress: 51% (513/989) - Loss: 0.0589
Epoch 35 Progress: 52% (522/989) - Loss: 0.1053
Epoch 35 Progress: 53% (531/989) - Loss: 0.7793
Epoch 35 Progress: 54% (540/989) - Loss: 0.1626
Epoch 35 Progress: 55% (549/989) - Loss: 0.1473
Epoch 35 Progress: 56% (558/989) - Loss: 0.0685
Epoch 35 Progress: 57% (567/989) - Loss: 0.0619
Epoch 35 Progress: 58% (576/989) - Loss: 0.0987
Epoch 35 Progress: 59% (585/989) - Loss: 0.4315
Epoch 35 Progress: 60% (594/989) - Loss: 0.2072
Epoch 35 Progress: 60% (603/989) - Loss: 0.0952
Epoch 35 Progress: 61% (612/989) - Loss: 0.0969
Epoch 35 Progress: 62% (621/989) - Loss: 0.0690
Epoch 35 Progress: 63% (630/989) - Loss: 0.0702
Epoch 35 Progress: 64% (639/989) - Loss: 0.1364
Epoch 35 Progress: 65% (648/989) - Loss: 0.1117
Epoch 35 Progress: 66% (657/989) - Loss: 0.1765
Epoch 35 Progress: 67% (666/989) - Loss: 0.1294
Epoch 35 Progress: 68% (675/989) - Loss: 0.0356
Epoch 35 Progress: 69% (684/989) - Loss: 0.0943
Epoch 35 Progress: 70% (693/989) - Loss: 0.1836
Epoch 35 Progress: 70% (702/989) - Loss: 0.0792
Epoch 35 Progress: 71% (711/989) - Loss: 0.1161
Epoch 35 Progress: 72% (720/989) - Loss: 0.1715
Epoch 35 Progress: 73% (729/989) - Loss: 0.3111
Epoch 35 Progress: 74% (738/989) - Loss: 0.1109
Epoch 35 Progress: 75% (747/989) - Loss: 0.5022
Epoch 35 Progress: 76% (756/989) - Loss: 0.2303
Epoch 35 Progress: 77% (765/989) - Loss: 0.0576
Epoch 35 Progress: 78% (774/989) - Loss: 0.1311
Epoch 35 Progress: 79% (783/989) - Loss: 0.2719
Epoch 35 Progress: 80% (792/989) - Loss: 0.1339
Epoch 35 Progress: 80% (801/989) - Loss: 0.0497
Epoch 35 Progress: 81% (810/989) - Loss: 0.2066
Epoch 35 Progress: 82% (819/989) - Loss: 0.0607
Epoch 35 Progress: 83% (828/989) - Loss: 0.1251
Epoch 35 Progress: 84% (837/989) - Loss: 0.1556
Epoch 35 Progress: 85% (846/989) - Loss: 0.0691
Epoch 35 Progress: 86% (855/989) - Loss: 0.1044
Epoch 35 Progress: 87% (864/989) - Loss: 0.1296
Epoch 35 Progress: 88% (873/989) - Loss: 0.0527
Epoch 35 Progress: 89% (882/989) - Loss: 0.0741
Epoch 35 Progress: 90% (891/989) - Loss: 0.0898
Epoch 35 Progress: 91% (900/989) - Loss: 0.1857
Epoch 35 Progress: 91% (909/989) - Loss: 0.1931
Epoch 35 Progress: 92% (918/989) - Loss: 0.1542
Epoch 35 Progress: 93% (927/989) - Loss: 0.1111
Epoch 35 Progress: 94% (936/989) - Loss: 0.2853
Epoch 35 Progress: 95% (945/989) - Loss: 0.1584
Epoch 35 Progress: 96% (954/989) - Loss: 0.2418
Epoch 35 Progress: 97% (963/989) - Loss: 0.1009
Epoch 35 Progress: 98% (972/989) - Loss: 0.0850
Epoch 35 Progress: 99% (981/989) - Loss: 0.1512
Epoch 35 Progress: 100% (989/989) - Loss: 0.0407
Train Loss: 0.1320 | Val Loss: 0.1190 | Val Mean Dice: 0.8897
Dice WT: 0.9045 | Dice TC: 0.9096 | Dice ET: 0.8549
Peak RAM: 1359 MB | Peak VRAM: 26387 MB | Peak GPU Util: 100.0%

Epoch 36/100  LR=0.000041
Epoch 36 Progress: 0% (9/989) - Loss: 0.0755
Epoch 36 Progress: 1% (18/989) - Loss: 0.2576
Epoch 36 Progress: 2% (27/989) - Loss: 0.0715
Epoch 36 Progress: 3% (36/989) - Loss: 0.0884
Epoch 36 Progress: 4% (45/989) - Loss: 0.0694
Epoch 36 Progress: 5% (54/989) - Loss: 0.1407
Epoch 36 Progress: 6% (63/989) - Loss: 0.1120
Epoch 36 Progress: 7% (72/989) - Loss: 0.0457
Epoch 36 Progress: 8% (81/989) - Loss: 0.0556
Epoch 36 Progress: 9% (90/989) - Loss: 0.0759
Epoch 36 Progress: 10% (99/989) - Loss: 0.1873
Epoch 36 Progress: 10% (108/989) - Loss: 0.0639
Epoch 36 Progress: 11% (117/989) - Loss: 0.1203
Epoch 36 Progress: 12% (126/989) - Loss: 0.1244
Epoch 36 Progress: 13% (135/989) - Loss: 0.0586
Epoch 36 Progress: 14% (144/989) - Loss: 0.0489
Epoch 36 Progress: 15% (153/989) - Loss: 0.0882
Epoch 36 Progress: 16% (162/989) - Loss: 0.3053
Epoch 36 Progress: 17% (171/989) - Loss: 0.1005
Epoch 36 Progress: 18% (180/989) - Loss: 0.0784
Epoch 36 Progress: 19% (189/989) - Loss: 0.1689
Epoch 36 Progress: 20% (198/989) - Loss: 0.1063
Epoch 36 Progress: 20% (207/989) - Loss: 0.1166
Epoch 36 Progress: 21% (216/989) - Loss: 0.0729
Epoch 36 Progress: 22% (225/989) - Loss: 0.1846
Epoch 36 Progress: 23% (234/989) - Loss: 0.1263
Epoch 36 Progress: 24% (243/989) - Loss: 0.0797
Epoch 36 Progress: 25% (252/989) - Loss: 0.0709
Epoch 36 Progress: 26% (261/989) - Loss: 0.1538
Epoch 36 Progress: 27% (270/989) - Loss: 0.1540
Epoch 36 Progress: 28% (279/989) - Loss: 0.0790
Epoch 36 Progress: 29% (288/989) - Loss: 0.0779
Epoch 36 Progress: 30% (297/989) - Loss: 0.0765
Epoch 36 Progress: 30% (306/989) - Loss: 0.2085
Epoch 36 Progress: 31% (315/989) - Loss: 0.0743
Epoch 36 Progress: 32% (324/989) - Loss: 0.0768
Epoch 36 Progress: 33% (333/989) - Loss: 0.1379
Epoch 36 Progress: 34% (342/989) - Loss: 0.0598
Epoch 36 Progress: 35% (351/989) - Loss: 0.1841
Epoch 36 Progress: 36% (360/989) - Loss: 0.0906
Epoch 36 Progress: 37% (369/989) - Loss: 0.1042
Epoch 36 Progress: 38% (378/989) - Loss: 0.0792
Epoch 36 Progress: 39% (387/989) - Loss: 0.0679
Epoch 36 Progress: 40% (396/989) - Loss: 0.4266
Epoch 36 Progress: 40% (405/989) - Loss: 0.1428
Epoch 36 Progress: 41% (414/989) - Loss: 0.1664
Epoch 36 Progress: 42% (423/989) - Loss: 0.0863
Epoch 36 Progress: 43% (432/989) - Loss: 0.1329
Epoch 36 Progress: 44% (441/989) - Loss: 0.0993
Epoch 36 Progress: 45% (450/989) - Loss: 0.1011
Epoch 36 Progress: 46% (459/989) - Loss: 0.1292
Epoch 36 Progress: 47% (468/989) - Loss: 0.1180
Epoch 36 Progress: 48% (477/989) - Loss: 0.0916
Epoch 36 Progress: 49% (486/989) - Loss: 0.0349
Epoch 36 Progress: 50% (495/989) - Loss: 0.0604
Epoch 36 Progress: 50% (504/989) - Loss: 0.1407
Epoch 36 Progress: 51% (513/989) - Loss: 0.1457
Epoch 36 Progress: 52% (522/989) - Loss: 0.1896
Epoch 36 Progress: 53% (531/989) - Loss: 0.1047
Epoch 36 Progress: 54% (540/989) - Loss: 0.1342
Epoch 36 Progress: 55% (549/989) - Loss: 0.1442
Epoch 36 Progress: 56% (558/989) - Loss: 0.1080
Epoch 36 Progress: 57% (567/989) - Loss: 0.1058
Epoch 36 Progress: 58% (576/989) - Loss: 0.1669
Epoch 36 Progress: 59% (585/989) - Loss: 0.1392
Epoch 36 Progress: 60% (594/989) - Loss: 0.2025
Epoch 36 Progress: 60% (603/989) - Loss: 0.1144
Epoch 36 Progress: 61% (612/989) - Loss: 0.0551
Epoch 36 Progress: 62% (621/989) - Loss: 0.1911
Epoch 36 Progress: 63% (630/989) - Loss: 0.0456
Epoch 36 Progress: 64% (639/989) - Loss: 0.0902
Epoch 36 Progress: 65% (648/989) - Loss: 0.1675
Epoch 36 Progress: 66% (657/989) - Loss: 0.0588
Epoch 36 Progress: 67% (666/989) - Loss: 0.0622
Epoch 36 Progress: 68% (675/989) - Loss: 0.1237
Epoch 36 Progress: 69% (684/989) - Loss: 0.1618
Epoch 36 Progress: 70% (693/989) - Loss: 0.1354
Epoch 36 Progress: 70% (702/989) - Loss: 0.1942
Epoch 36 Progress: 71% (711/989) - Loss: 0.1567
Epoch 36 Progress: 72% (720/989) - Loss: 0.0970
Epoch 36 Progress: 73% (729/989) - Loss: 0.2306
Epoch 36 Progress: 74% (738/989) - Loss: 0.0801
Epoch 36 Progress: 75% (747/989) - Loss: 0.6332
Epoch 36 Progress: 76% (756/989) - Loss: 0.0762
Epoch 36 Progress: 77% (765/989) - Loss: 0.0648
Epoch 36 Progress: 78% (774/989) - Loss: 0.5032
Epoch 36 Progress: 79% (783/989) - Loss: 0.2256
Epoch 36 Progress: 80% (792/989) - Loss: 0.0696
Epoch 36 Progress: 80% (801/989) - Loss: 0.0610
Epoch 36 Progress: 81% (810/989) - Loss: 0.0820
Epoch 36 Progress: 82% (819/989) - Loss: 0.0425
Epoch 36 Progress: 83% (828/989) - Loss: 0.1008
Epoch 36 Progress: 84% (837/989) - Loss: 0.0946
Epoch 36 Progress: 85% (846/989) - Loss: 0.1263
Epoch 36 Progress: 86% (855/989) - Loss: 0.0494
Epoch 36 Progress: 87% (864/989) - Loss: 0.1431
Epoch 36 Progress: 88% (873/989) - Loss: 0.0815
Epoch 36 Progress: 89% (882/989) - Loss: 0.0932
Epoch 36 Progress: 90% (891/989) - Loss: 0.0994
Epoch 36 Progress: 91% (900/989) - Loss: 0.1211
Epoch 36 Progress: 91% (909/989) - Loss: 0.0470
Epoch 36 Progress: 92% (918/989) - Loss: 0.0726
Epoch 36 Progress: 93% (927/989) - Loss: 0.1439
Epoch 36 Progress: 94% (936/989) - Loss: 0.1088
Epoch 36 Progress: 95% (945/989) - Loss: 0.0464
Epoch 36 Progress: 96% (954/989) - Loss: 0.1276
Epoch 36 Progress: 97% (963/989) - Loss: 0.1325
Epoch 36 Progress: 98% (972/989) - Loss: 0.1186
Epoch 36 Progress: 99% (981/989) - Loss: 0.0812
Epoch 36 Progress: 100% (989/989) - Loss: 0.0591
Train Loss: 0.1299 | Val Loss: 0.1189 | Val Mean Dice: 0.8912
Dice WT: 0.9155 | Dice TC: 0.9067 | Dice ET: 0.8513
Peak RAM: 1359 MB | Peak VRAM: 26387 MB | Peak GPU Util: 100.0%
Validation Dice improved from 0.8910 to 0.8912. Saving model...

Epoch 37/100  LR=0.000040
Epoch 37 Progress: 0% (9/989) - Loss: 0.1623
Epoch 37 Progress: 1% (18/989) - Loss: 0.0245
Epoch 37 Progress: 2% (27/989) - Loss: 0.3196
Epoch 37 Progress: 3% (36/989) - Loss: 0.1587
Epoch 37 Progress: 4% (45/989) - Loss: 0.0740
Epoch 37 Progress: 5% (54/989) - Loss: 0.0978
Epoch 37 Progress: 6% (63/989) - Loss: 0.0967
Epoch 37 Progress: 7% (72/989) - Loss: 0.0938
Epoch 37 Progress: 8% (81/989) - Loss: 0.0547
Epoch 37 Progress: 9% (90/989) - Loss: 0.1369
Epoch 37 Progress: 10% (99/989) - Loss: 0.1463
Epoch 37 Progress: 10% (108/989) - Loss: 0.0768
Epoch 37 Progress: 11% (117/989) - Loss: 0.1047
Epoch 37 Progress: 12% (126/989) - Loss: 0.0731
Epoch 37 Progress: 13% (135/989) - Loss: 0.0750
Epoch 37 Progress: 14% (144/989) - Loss: 0.0644
Epoch 37 Progress: 15% (153/989) - Loss: 0.2314
Epoch 37 Progress: 16% (162/989) - Loss: 0.1327
Epoch 37 Progress: 17% (171/989) - Loss: 0.0945
Epoch 37 Progress: 18% (180/989) - Loss: 0.1210
Epoch 37 Progress: 19% (189/989) - Loss: 0.1247
Epoch 37 Progress: 20% (198/989) - Loss: 0.0343
Epoch 37 Progress: 20% (207/989) - Loss: 0.0980
Epoch 37 Progress: 21% (216/989) - Loss: 0.0757
Epoch 37 Progress: 22% (225/989) - Loss: 0.0630
Epoch 37 Progress: 23% (234/989) - Loss: 0.0358
Epoch 37 Progress: 24% (243/989) - Loss: 0.4015
Epoch 37 Progress: 25% (252/989) - Loss: 0.2885
Epoch 37 Progress: 26% (261/989) - Loss: 0.2607
Epoch 37 Progress: 27% (270/989) - Loss: 0.0954
Epoch 37 Progress: 28% (279/989) - Loss: 0.1192
Epoch 37 Progress: 29% (288/989) - Loss: 0.1050
Epoch 37 Progress: 30% (297/989) - Loss: 0.0448
Epoch 37 Progress: 30% (306/989) - Loss: 0.2609
Epoch 37 Progress: 31% (315/989) - Loss: 0.1341
Epoch 37 Progress: 32% (324/989) - Loss: 0.0593
Epoch 37 Progress: 33% (333/989) - Loss: 0.0672
Epoch 37 Progress: 34% (342/989) - Loss: 0.1033
Epoch 37 Progress: 35% (351/989) - Loss: 0.0660
Epoch 37 Progress: 36% (360/989) - Loss: 0.1256
Epoch 37 Progress: 37% (369/989) - Loss: 0.1143
Epoch 37 Progress: 38% (378/989) - Loss: 0.0871
Epoch 37 Progress: 39% (387/989) - Loss: 0.1306
Epoch 37 Progress: 40% (396/989) - Loss: 0.0822
Epoch 37 Progress: 40% (405/989) - Loss: 0.1662
Epoch 37 Progress: 41% (414/989) - Loss: 0.1192
Epoch 37 Progress: 42% (423/989) - Loss: 0.3816
Epoch 37 Progress: 43% (432/989) - Loss: 0.0726
Epoch 37 Progress: 44% (441/989) - Loss: 0.0534
Epoch 37 Progress: 45% (450/989) - Loss: 0.0754
Epoch 37 Progress: 46% (459/989) - Loss: 0.0652
Epoch 37 Progress: 47% (468/989) - Loss: 0.1193
Epoch 37 Progress: 48% (477/989) - Loss: 0.1471
Epoch 37 Progress: 49% (486/989) - Loss: 0.1126
Epoch 37 Progress: 50% (495/989) - Loss: 0.0826
Epoch 37 Progress: 50% (504/989) - Loss: 0.0927
Epoch 37 Progress: 51% (513/989) - Loss: 0.0875
Epoch 37 Progress: 52% (522/989) - Loss: 0.1482
Epoch 37 Progress: 53% (531/989) - Loss: 0.0756
Epoch 37 Progress: 54% (540/989) - Loss: 0.0996
Epoch 37 Progress: 55% (549/989) - Loss: 0.0791
Epoch 37 Progress: 56% (558/989) - Loss: 0.0798
Epoch 37 Progress: 57% (567/989) - Loss: 0.1066
Epoch 37 Progress: 58% (576/989) - Loss: 0.0745
Epoch 37 Progress: 59% (585/989) - Loss: 0.0356
Epoch 37 Progress: 60% (594/989) - Loss: 0.1000
Epoch 37 Progress: 60% (603/989) - Loss: 0.1479
Epoch 37 Progress: 61% (612/989) - Loss: 0.0839
Epoch 37 Progress: 62% (621/989) - Loss: 0.0803
Epoch 37 Progress: 63% (630/989) - Loss: 0.1237
Epoch 37 Progress: 64% (639/989) - Loss: 0.1138
Epoch 37 Progress: 65% (648/989) - Loss: 0.0959
Epoch 37 Progress: 66% (657/989) - Loss: 0.1084
Epoch 37 Progress: 67% (666/989) - Loss: 0.2211
Epoch 37 Progress: 68% (675/989) - Loss: 0.0906
Epoch 37 Progress: 69% (684/989) - Loss: 0.1336
Epoch 37 Progress: 70% (693/989) - Loss: 0.1042
Epoch 37 Progress: 70% (702/989) - Loss: 0.0633
Epoch 37 Progress: 71% (711/989) - Loss: 0.1397
Epoch 37 Progress: 72% (720/989) - Loss: 0.0766
Epoch 37 Progress: 73% (729/989) - Loss: 0.1646
Epoch 37 Progress: 74% (738/989) - Loss: 0.1225
Epoch 37 Progress: 75% (747/989) - Loss: 0.1357
Epoch 37 Progress: 76% (756/989) - Loss: 0.1074
Epoch 37 Progress: 77% (765/989) - Loss: 0.1503
Epoch 37 Progress: 78% (774/989) - Loss: 0.0476
Epoch 37 Progress: 79% (783/989) - Loss: 0.0781
Epoch 37 Progress: 80% (792/989) - Loss: 0.1618
Epoch 37 Progress: 80% (801/989) - Loss: 0.0523
Epoch 37 Progress: 81% (810/989) - Loss: 0.0696
Epoch 37 Progress: 82% (819/989) - Loss: 0.0732
Epoch 37 Progress: 83% (828/989) - Loss: 0.1286
Epoch 37 Progress: 84% (837/989) - Loss: 0.0787
Epoch 37 Progress: 85% (846/989) - Loss: 0.4556
Epoch 37 Progress: 86% (855/989) - Loss: 0.1315
Epoch 37 Progress: 87% (864/989) - Loss: 0.0903
Epoch 37 Progress: 88% (873/989) - Loss: 0.1297
Epoch 37 Progress: 89% (882/989) - Loss: 0.0941
Epoch 37 Progress: 90% (891/989) - Loss: 0.0665
Epoch 37 Progress: 91% (900/989) - Loss: 0.1214
Epoch 37 Progress: 91% (909/989) - Loss: 0.1007
Epoch 37 Progress: 92% (918/989) - Loss: 0.0919
Epoch 37 Progress: 93% (927/989) - Loss: 0.0812
Epoch 37 Progress: 94% (936/989) - Loss: 0.1123
Epoch 37 Progress: 95% (945/989) - Loss: 0.1358
Epoch 37 Progress: 96% (954/989) - Loss: 0.0591
Epoch 37 Progress: 97% (963/989) - Loss: 0.1844
Epoch 37 Progress: 98% (972/989) - Loss: 0.0386
Epoch 37 Progress: 99% (981/989) - Loss: 0.0854
Epoch 37 Progress: 100% (989/989) - Loss: 0.0601
Train Loss: 0.1290 | Val Loss: 0.1301 | Val Mean Dice: 0.8788
Dice WT: 0.8809 | Dice TC: 0.9057 | Dice ET: 0.8496
Peak RAM: 1359 MB | Peak VRAM: 26387 MB | Peak GPU Util: 100.0%

Epoch 38/100  LR=0.000039
Epoch 38 Progress: 0% (9/989) - Loss: 0.0947
Epoch 38 Progress: 1% (18/989) - Loss: 0.1026
Epoch 38 Progress: 2% (27/989) - Loss: 0.1186
Epoch 38 Progress: 3% (36/989) - Loss: 0.1405
Epoch 38 Progress: 4% (45/989) - Loss: 0.0879
Epoch 38 Progress: 5% (54/989) - Loss: 0.1156
Epoch 38 Progress: 6% (63/989) - Loss: 0.1158
Epoch 38 Progress: 7% (72/989) - Loss: 0.1330
Epoch 38 Progress: 8% (81/989) - Loss: 0.1959
Epoch 38 Progress: 9% (90/989) - Loss: 0.1154
Epoch 38 Progress: 10% (99/989) - Loss: 0.1083
Epoch 38 Progress: 10% (108/989) - Loss: 0.6785
Epoch 38 Progress: 11% (117/989) - Loss: 0.0653
Epoch 38 Progress: 12% (126/989) - Loss: 0.0667
Epoch 38 Progress: 13% (135/989) - Loss: 0.0470
Epoch 38 Progress: 14% (144/989) - Loss: 0.2346
Epoch 38 Progress: 15% (153/989) - Loss: 0.0750
Epoch 38 Progress: 16% (162/989) - Loss: 0.1274
Epoch 38 Progress: 17% (171/989) - Loss: 0.4484
Epoch 38 Progress: 18% (180/989) - Loss: 0.1775
Epoch 38 Progress: 19% (189/989) - Loss: 0.1407
Epoch 38 Progress: 20% (198/989) - Loss: 0.5356
Epoch 38 Progress: 20% (207/989) - Loss: 0.1813
Epoch 38 Progress: 21% (216/989) - Loss: 0.0686
Epoch 38 Progress: 22% (225/989) - Loss: 0.0924
Epoch 38 Progress: 23% (234/989) - Loss: 0.1473
Epoch 38 Progress: 24% (243/989) - Loss: 0.0874
Epoch 38 Progress: 25% (252/989) - Loss: 0.0580
Epoch 38 Progress: 26% (261/989) - Loss: 0.1366
Epoch 38 Progress: 27% (270/989) - Loss: 0.1470
Epoch 38 Progress: 28% (279/989) - Loss: 0.0851
Epoch 38 Progress: 29% (288/989) - Loss: 0.0990
Epoch 38 Progress: 30% (297/989) - Loss: 0.1246
Epoch 38 Progress: 30% (306/989) - Loss: 0.0591
Epoch 38 Progress: 31% (315/989) - Loss: 0.0939
Epoch 38 Progress: 32% (324/989) - Loss: 0.1770
Epoch 38 Progress: 33% (333/989) - Loss: 0.1152
Epoch 38 Progress: 34% (342/989) - Loss: 0.1013
Epoch 38 Progress: 35% (351/989) - Loss: 0.0754
Epoch 38 Progress: 36% (360/989) - Loss: 0.0899
Epoch 38 Progress: 37% (369/989) - Loss: 0.1119
Epoch 38 Progress: 38% (378/989) - Loss: 0.0832
Epoch 38 Progress: 39% (387/989) - Loss: 0.0941
Epoch 38 Progress: 40% (396/989) - Loss: 0.1042
Epoch 38 Progress: 40% (405/989) - Loss: 0.5085
Epoch 38 Progress: 41% (414/989) - Loss: 0.1463
Epoch 38 Progress: 42% (423/989) - Loss: 0.1020
Epoch 38 Progress: 43% (432/989) - Loss: 0.1266
Epoch 38 Progress: 44% (441/989) - Loss: 0.1550
Epoch 38 Progress: 45% (450/989) - Loss: 0.0783
Epoch 38 Progress: 46% (459/989) - Loss: 0.0712
Epoch 38 Progress: 47% (468/989) - Loss: 0.1576
Epoch 38 Progress: 48% (477/989) - Loss: 0.1810
Epoch 38 Progress: 49% (486/989) - Loss: 0.0750
Epoch 38 Progress: 50% (495/989) - Loss: 0.1550
Epoch 38 Progress: 50% (504/989) - Loss: 0.1084
Epoch 38 Progress: 51% (513/989) - Loss: 0.2699
Epoch 38 Progress: 52% (522/989) - Loss: 0.3428
Epoch 38 Progress: 53% (531/989) - Loss: 0.4843
Epoch 38 Progress: 54% (540/989) - Loss: 0.0315
Epoch 38 Progress: 55% (549/989) - Loss: 0.1216
Epoch 38 Progress: 56% (558/989) - Loss: 0.1561
Epoch 38 Progress: 57% (567/989) - Loss: 0.1218
Epoch 38 Progress: 58% (576/989) - Loss: 0.0769
Epoch 38 Progress: 59% (585/989) - Loss: 0.1038
Epoch 38 Progress: 60% (594/989) - Loss: 0.1528
Epoch 38 Progress: 60% (603/989) - Loss: 0.0441
Epoch 38 Progress: 61% (612/989) - Loss: 0.1958
Epoch 38 Progress: 62% (621/989) - Loss: 0.2530
Epoch 38 Progress: 63% (630/989) - Loss: 0.1070
Epoch 38 Progress: 64% (639/989) - Loss: 0.0837
Epoch 38 Progress: 65% (648/989) - Loss: 0.1535
Epoch 38 Progress: 66% (657/989) - Loss: 0.1360
Epoch 38 Progress: 67% (666/989) - Loss: 0.0422
Epoch 38 Progress: 68% (675/989) - Loss: 0.1016
Epoch 38 Progress: 69% (684/989) - Loss: 0.1946
Epoch 38 Progress: 70% (693/989) - Loss: 0.1234
Epoch 38 Progress: 70% (702/989) - Loss: 0.1043
Epoch 38 Progress: 71% (711/989) - Loss: 0.0956
Epoch 38 Progress: 72% (720/989) - Loss: 0.0295
Epoch 38 Progress: 73% (729/989) - Loss: 0.1674
Epoch 38 Progress: 74% (738/989) - Loss: 0.0547
Epoch 38 Progress: 75% (747/989) - Loss: 0.0395
Epoch 38 Progress: 76% (756/989) - Loss: 0.1253
Epoch 38 Progress: 77% (765/989) - Loss: 0.0862
Epoch 38 Progress: 78% (774/989) - Loss: 0.1302
Epoch 38 Progress: 79% (783/989) - Loss: 0.0585
Epoch 38 Progress: 80% (792/989) - Loss: 0.0433
Epoch 38 Progress: 80% (801/989) - Loss: 0.0664
Epoch 38 Progress: 81% (810/989) - Loss: 0.0924
Epoch 38 Progress: 82% (819/989) - Loss: 0.1612
Epoch 38 Progress: 83% (828/989) - Loss: 0.1002
Epoch 38 Progress: 84% (837/989) - Loss: 0.2655
Epoch 38 Progress: 85% (846/989) - Loss: 0.0837
Epoch 38 Progress: 86% (855/989) - Loss: 0.1498
Epoch 38 Progress: 87% (864/989) - Loss: 0.0496
Epoch 38 Progress: 88% (873/989) - Loss: 0.0526
Epoch 38 Progress: 89% (882/989) - Loss: 0.0518
Epoch 38 Progress: 90% (891/989) - Loss: 0.1097
Epoch 38 Progress: 91% (900/989) - Loss: 0.1119
Epoch 38 Progress: 91% (909/989) - Loss: 0.1130
Epoch 38 Progress: 92% (918/989) - Loss: 0.0551
Epoch 38 Progress: 93% (927/989) - Loss: 0.0937
Epoch 38 Progress: 94% (936/989) - Loss: 0.0681
Epoch 38 Progress: 95% (945/989) - Loss: 0.1059
Epoch 38 Progress: 96% (954/989) - Loss: 0.0902
Epoch 38 Progress: 97% (963/989) - Loss: 0.0683
Epoch 38 Progress: 98% (972/989) - Loss: 0.1295
Epoch 38 Progress: 99% (981/989) - Loss: 0.0789
Epoch 38 Progress: 100% (989/989) - Loss: 0.0613
Train Loss: 0.1297 | Val Loss: 0.1184 | Val Mean Dice: 0.8884
Dice WT: 0.9026 | Dice TC: 0.9110 | Dice ET: 0.8516
Peak RAM: 1359 MB | Peak VRAM: 26387 MB | Peak GPU Util: 100.0%

Epoch 39/100  LR=0.000038
Epoch 39 Progress: 0% (9/989) - Loss: 0.1229
Epoch 39 Progress: 1% (18/989) - Loss: 0.1226
Epoch 39 Progress: 2% (27/989) - Loss: 0.0416
Epoch 39 Progress: 3% (36/989) - Loss: 0.0679
Epoch 39 Progress: 4% (45/989) - Loss: 0.0397
Epoch 39 Progress: 5% (54/989) - Loss: 0.1550
Epoch 39 Progress: 6% (63/989) - Loss: 0.1253
Epoch 39 Progress: 7% (72/989) - Loss: 0.0652
Epoch 39 Progress: 8% (81/989) - Loss: 0.0881
Epoch 39 Progress: 9% (90/989) - Loss: 0.0969
Epoch 39 Progress: 10% (99/989) - Loss: 0.1665
Epoch 39 Progress: 10% (108/989) - Loss: 0.1342
Epoch 39 Progress: 11% (117/989) - Loss: 0.1181
Epoch 39 Progress: 12% (126/989) - Loss: 0.2566
Epoch 39 Progress: 13% (135/989) - Loss: 0.4604
Epoch 39 Progress: 14% (144/989) - Loss: 0.1785
Epoch 39 Progress: 15% (153/989) - Loss: 0.2522
Epoch 39 Progress: 16% (162/989) - Loss: 0.2155
Epoch 39 Progress: 17% (171/989) - Loss: 0.6046
Epoch 39 Progress: 18% (180/989) - Loss: 0.0893
Epoch 39 Progress: 19% (189/989) - Loss: 0.0903
Epoch 39 Progress: 20% (198/989) - Loss: 0.0615
Epoch 39 Progress: 20% (207/989) - Loss: 0.0845
Epoch 39 Progress: 21% (216/989) - Loss: 0.0502
Epoch 39 Progress: 22% (225/989) - Loss: 0.1508
Epoch 39 Progress: 23% (234/989) - Loss: 0.1816
Epoch 39 Progress: 24% (243/989) - Loss: 0.4157
Epoch 39 Progress: 25% (252/989) - Loss: 0.2401
Epoch 39 Progress: 26% (261/989) - Loss: 0.1771
Epoch 39 Progress: 27% (270/989) - Loss: 0.2009
Epoch 39 Progress: 28% (279/989) - Loss: 0.1146
Epoch 39 Progress: 29% (288/989) - Loss: 0.0645
Epoch 39 Progress: 30% (297/989) - Loss: 0.1709
Epoch 39 Progress: 30% (306/989) - Loss: 0.1215
Epoch 39 Progress: 31% (315/989) - Loss: 0.1842
Epoch 39 Progress: 32% (324/989) - Loss: 0.2944
Epoch 39 Progress: 33% (333/989) - Loss: 0.1162
Epoch 39 Progress: 34% (342/989) - Loss: 0.1040
Epoch 39 Progress: 35% (351/989) - Loss: 0.0912
Epoch 39 Progress: 36% (360/989) - Loss: 0.0736
Epoch 39 Progress: 37% (369/989) - Loss: 0.0835
Epoch 39 Progress: 38% (378/989) - Loss: 0.1471
Epoch 39 Progress: 39% (387/989) - Loss: 0.1014
Epoch 39 Progress: 40% (396/989) - Loss: 0.1058
Epoch 39 Progress: 40% (405/989) - Loss: 0.1718
Epoch 39 Progress: 41% (414/989) - Loss: 0.1337
Epoch 39 Progress: 42% (423/989) - Loss: 0.0288
Epoch 39 Progress: 43% (432/989) - Loss: 0.1518
Epoch 39 Progress: 44% (441/989) - Loss: 0.0712
Epoch 39 Progress: 45% (450/989) - Loss: 0.0857
Epoch 39 Progress: 46% (459/989) - Loss: 0.0732
Epoch 39 Progress: 47% (468/989) - Loss: 0.0882
Epoch 39 Progress: 48% (477/989) - Loss: 0.0980
Epoch 39 Progress: 49% (486/989) - Loss: 0.0966
Epoch 39 Progress: 50% (495/989) - Loss: 0.0590
Epoch 39 Progress: 50% (504/989) - Loss: 0.0985
Epoch 39 Progress: 51% (513/989) - Loss: 0.0472
Epoch 39 Progress: 52% (522/989) - Loss: 0.2631
Epoch 39 Progress: 53% (531/989) - Loss: 0.2242
Epoch 39 Progress: 54% (540/989) - Loss: 0.1045
Epoch 39 Progress: 55% (549/989) - Loss: 0.0469
Epoch 39 Progress: 56% (558/989) - Loss: 0.1286
Epoch 39 Progress: 57% (567/989) - Loss: 0.2595
Epoch 39 Progress: 58% (576/989) - Loss: 0.1969
Epoch 39 Progress: 59% (585/989) - Loss: 0.0787
Epoch 39 Progress: 60% (594/989) - Loss: 0.0848
Epoch 39 Progress: 60% (603/989) - Loss: 0.0614
Epoch 39 Progress: 61% (612/989) - Loss: 0.2449
Epoch 39 Progress: 62% (621/989) - Loss: 0.0356
Epoch 39 Progress: 63% (630/989) - Loss: 0.0605
Epoch 39 Progress: 64% (639/989) - Loss: 0.1123
Epoch 39 Progress: 65% (648/989) - Loss: 0.0553
Epoch 39 Progress: 66% (657/989) - Loss: 0.0668
Epoch 39 Progress: 67% (666/989) - Loss: 0.0396
Epoch 39 Progress: 68% (675/989) - Loss: 0.0298
Epoch 39 Progress: 69% (684/989) - Loss: 0.0515
Epoch 39 Progress: 70% (693/989) - Loss: 0.3510
Epoch 39 Progress: 70% (702/989) - Loss: 0.0387
Epoch 39 Progress: 71% (711/989) - Loss: 0.2079
Epoch 39 Progress: 72% (720/989) - Loss: 0.1709
Epoch 39 Progress: 73% (729/989) - Loss: 0.1639
Epoch 39 Progress: 74% (738/989) - Loss: 0.1126
Epoch 39 Progress: 75% (747/989) - Loss: 0.0492
Epoch 39 Progress: 76% (756/989) - Loss: 0.0739
Epoch 39 Progress: 77% (765/989) - Loss: 0.1037
Epoch 39 Progress: 78% (774/989) - Loss: 0.0991
Epoch 39 Progress: 79% (783/989) - Loss: 0.0766
Epoch 39 Progress: 80% (792/989) - Loss: 0.1589
Epoch 39 Progress: 80% (801/989) - Loss: 0.0837
Epoch 39 Progress: 81% (810/989) - Loss: 0.4625
Epoch 39 Progress: 82% (819/989) - Loss: 0.0345
Epoch 39 Progress: 83% (828/989) - Loss: 0.0629
Epoch 39 Progress: 84% (837/989) - Loss: 0.0546
Epoch 39 Progress: 85% (846/989) - Loss: 0.0734
Epoch 39 Progress: 86% (855/989) - Loss: 0.1255
Epoch 39 Progress: 87% (864/989) - Loss: 0.1521
Epoch 39 Progress: 88% (873/989) - Loss: 0.0894
Epoch 39 Progress: 89% (882/989) - Loss: 0.1200
Epoch 39 Progress: 90% (891/989) - Loss: 0.0658
Epoch 39 Progress: 91% (900/989) - Loss: 0.1078
Epoch 39 Progress: 91% (909/989) - Loss: 0.0959
Epoch 39 Progress: 92% (918/989) - Loss: 0.1137
Epoch 39 Progress: 93% (927/989) - Loss: 0.0658
Epoch 39 Progress: 94% (936/989) - Loss: 0.1449
Epoch 39 Progress: 95% (945/989) - Loss: 0.1238
Epoch 39 Progress: 96% (954/989) - Loss: 0.2279
Epoch 39 Progress: 97% (963/989) - Loss: 0.0533
Epoch 39 Progress: 98% (972/989) - Loss: 0.0928
Epoch 39 Progress: 99% (981/989) - Loss: 0.0761
Epoch 39 Progress: 100% (989/989) - Loss: 0.1072
Train Loss: 0.1289 | Val Loss: 0.1249 | Val Mean Dice: 0.8820
Dice WT: 0.8984 | Dice TC: 0.9034 | Dice ET: 0.8441
Peak RAM: 1359 MB | Peak VRAM: 26387 MB | Peak GPU Util: 100.0%

Epoch 40/100  LR=0.000038
Epoch 40 Progress: 0% (9/989) - Loss: 0.0843
Epoch 40 Progress: 1% (18/989) - Loss: 0.0774
Epoch 40 Progress: 2% (27/989) - Loss: 0.1187
Epoch 40 Progress: 3% (36/989) - Loss: 0.1858
Epoch 40 Progress: 4% (45/989) - Loss: 0.0596
Epoch 40 Progress: 5% (54/989) - Loss: 0.0711
Epoch 40 Progress: 6% (63/989) - Loss: 0.0768
Epoch 40 Progress: 7% (72/989) - Loss: 0.1094
Epoch 40 Progress: 8% (81/989) - Loss: 0.2008
Epoch 40 Progress: 9% (90/989) - Loss: 0.2570
Epoch 40 Progress: 10% (99/989) - Loss: 0.0303
Epoch 40 Progress: 10% (108/989) - Loss: 0.1397
Epoch 40 Progress: 11% (117/989) - Loss: 0.0724
Epoch 40 Progress: 12% (126/989) - Loss: 0.0928
Epoch 40 Progress: 13% (135/989) - Loss: 0.0390
Epoch 40 Progress: 14% (144/989) - Loss: 0.0515
Epoch 40 Progress: 15% (153/989) - Loss: 0.0512
Epoch 40 Progress: 16% (162/989) - Loss: 0.1392
Epoch 40 Progress: 17% (171/989) - Loss: 0.2599
Epoch 40 Progress: 18% (180/989) - Loss: 0.1094
Epoch 40 Progress: 19% (189/989) - Loss: 0.1000
Epoch 40 Progress: 20% (198/989) - Loss: 0.2700
Epoch 40 Progress: 20% (207/989) - Loss: 0.2707
Epoch 40 Progress: 21% (216/989) - Loss: 0.1554
Epoch 40 Progress: 22% (225/989) - Loss: 0.1194
Epoch 40 Progress: 23% (234/989) - Loss: 0.0879
Epoch 40 Progress: 24% (243/989) - Loss: 0.0283
Epoch 40 Progress: 25% (252/989) - Loss: 0.0596
Epoch 40 Progress: 26% (261/989) - Loss: 0.0845
Epoch 40 Progress: 27% (270/989) - Loss: 0.1110
Epoch 40 Progress: 28% (279/989) - Loss: 0.1288
Epoch 40 Progress: 29% (288/989) - Loss: 0.1191
Epoch 40 Progress: 30% (297/989) - Loss: 0.1314
Epoch 40 Progress: 30% (306/989) - Loss: 0.3585
Epoch 40 Progress: 31% (315/989) - Loss: 0.0547
Epoch 40 Progress: 32% (324/989) - Loss: 0.1086
Epoch 40 Progress: 33% (333/989) - Loss: 0.1100
Epoch 40 Progress: 34% (342/989) - Loss: 0.1138
Epoch 40 Progress: 35% (351/989) - Loss: 0.0555
Epoch 40 Progress: 36% (360/989) - Loss: 0.0374
Epoch 40 Progress: 37% (369/989) - Loss: 0.1248
Epoch 40 Progress: 38% (378/989) - Loss: 0.1092
Epoch 40 Progress: 39% (387/989) - Loss: 0.0927
Epoch 40 Progress: 40% (396/989) - Loss: 0.0516
Epoch 40 Progress: 40% (405/989) - Loss: 0.1075
Epoch 40 Progress: 41% (414/989) - Loss: 0.1173
Epoch 40 Progress: 42% (423/989) - Loss: 0.2299
Epoch 40 Progress: 43% (432/989) - Loss: 0.0723
Epoch 40 Progress: 44% (441/989) - Loss: 0.0989
Epoch 40 Progress: 45% (450/989) - Loss: 0.0842
Epoch 40 Progress: 46% (459/989) - Loss: 0.0984
Epoch 40 Progress: 47% (468/989) - Loss: 0.4326
Epoch 40 Progress: 48% (477/989) - Loss: 0.0688
Epoch 40 Progress: 49% (486/989) - Loss: 0.0320
Epoch 40 Progress: 50% (495/989) - Loss: 0.0949
Epoch 40 Progress: 50% (504/989) - Loss: 0.1080
Epoch 40 Progress: 51% (513/989) - Loss: 0.0761
Epoch 40 Progress: 52% (522/989) - Loss: 0.2218
Epoch 40 Progress: 53% (531/989) - Loss: 0.2003
Epoch 40 Progress: 54% (540/989) - Loss: 0.4531
Epoch 40 Progress: 55% (549/989) - Loss: 0.0760
Epoch 40 Progress: 56% (558/989) - Loss: 0.1129
Epoch 40 Progress: 57% (567/989) - Loss: 0.0664
Epoch 40 Progress: 58% (576/989) - Loss: 0.2561
Epoch 40 Progress: 59% (585/989) - Loss: 0.1320
Epoch 40 Progress: 60% (594/989) - Loss: 0.0545
Epoch 40 Progress: 60% (603/989) - Loss: 0.0546
Epoch 40 Progress: 61% (612/989) - Loss: 0.6881
Epoch 40 Progress: 62% (621/989) - Loss: 0.0347
Epoch 40 Progress: 63% (630/989) - Loss: 0.1390
Epoch 40 Progress: 64% (639/989) - Loss: 0.2215
Epoch 40 Progress: 65% (648/989) - Loss: 0.1319
Epoch 40 Progress: 66% (657/989) - Loss: 0.0638
Epoch 40 Progress: 67% (666/989) - Loss: 0.1024
Epoch 40 Progress: 68% (675/989) - Loss: 0.1534
Epoch 40 Progress: 69% (684/989) - Loss: 0.1179
Epoch 40 Progress: 70% (693/989) - Loss: 0.1478
Epoch 40 Progress: 70% (702/989) - Loss: 0.1303
Epoch 40 Progress: 71% (711/989) - Loss: 0.0988
Epoch 40 Progress: 72% (720/989) - Loss: 0.0552
Epoch 40 Progress: 73% (729/989) - Loss: 0.1199
Epoch 40 Progress: 74% (738/989) - Loss: 0.1866
Epoch 40 Progress: 75% (747/989) - Loss: 0.1267
Epoch 40 Progress: 76% (756/989) - Loss: 0.0943
Epoch 40 Progress: 77% (765/989) - Loss: 0.0823
Epoch 40 Progress: 78% (774/989) - Loss: 0.0968
Epoch 40 Progress: 79% (783/989) - Loss: 0.1404
Epoch 40 Progress: 80% (792/989) - Loss: 0.0916
Epoch 40 Progress: 80% (801/989) - Loss: 0.3705
Epoch 40 Progress: 81% (810/989) - Loss: 0.0971
Epoch 40 Progress: 82% (819/989) - Loss: 0.0699
Epoch 40 Progress: 83% (828/989) - Loss: 0.0688
Epoch 40 Progress: 84% (837/989) - Loss: 0.1105
Epoch 40 Progress: 85% (846/989) - Loss: 0.1094
Epoch 40 Progress: 86% (855/989) - Loss: 0.7212
Epoch 40 Progress: 87% (864/989) - Loss: 0.2561
Epoch 40 Progress: 88% (873/989) - Loss: 0.0699
Epoch 40 Progress: 89% (882/989) - Loss: 0.0761
Epoch 40 Progress: 90% (891/989) - Loss: 0.0944
Epoch 40 Progress: 91% (900/989) - Loss: 0.0560
Epoch 40 Progress: 91% (909/989) - Loss: 0.2206
Epoch 40 Progress: 92% (918/989) - Loss: 0.0570
Epoch 40 Progress: 93% (927/989) - Loss: 0.1288
Epoch 40 Progress: 94% (936/989) - Loss: 0.1071
Epoch 40 Progress: 95% (945/989) - Loss: 0.0572
Epoch 40 Progress: 96% (954/989) - Loss: 0.1618
Epoch 40 Progress: 97% (963/989) - Loss: 0.0678
Epoch 40 Progress: 98% (972/989) - Loss: 0.0433
Epoch 40 Progress: 99% (981/989) - Loss: 0.1619
Epoch 40 Progress: 100% (989/989) - Loss: 0.2470
Train Loss: 0.1278 | Val Loss: 0.1213 | Val Mean Dice: 0.8933
Dice WT: 0.9150 | Dice TC: 0.9089 | Dice ET: 0.8562
Peak RAM: 1359 MB | Peak VRAM: 26387 MB | Peak GPU Util: 100.0%
Validation Dice improved from 0.8912 to 0.8933. Saving model...

Epoch 41/100  LR=0.000037
Epoch 41 Progress: 0% (9/989) - Loss: 0.0426
Epoch 41 Progress: 1% (18/989) - Loss: 0.0934
Epoch 41 Progress: 2% (27/989) - Loss: 0.0586
Epoch 41 Progress: 3% (36/989) - Loss: 0.2368
Epoch 41 Progress: 4% (45/989) - Loss: 0.0551
Epoch 41 Progress: 5% (54/989) - Loss: 0.2214
Epoch 41 Progress: 6% (63/989) - Loss: 0.0373
Epoch 41 Progress: 7% (72/989) - Loss: 0.1046
Epoch 41 Progress: 8% (81/989) - Loss: 0.0917
Epoch 41 Progress: 9% (90/989) - Loss: 0.1183
Epoch 41 Progress: 10% (99/989) - Loss: 0.1112
Epoch 41 Progress: 10% (108/989) - Loss: 0.0393
Epoch 41 Progress: 11% (117/989) - Loss: 0.1755
Epoch 41 Progress: 12% (126/989) - Loss: 0.1177
Epoch 41 Progress: 13% (135/989) - Loss: 0.0826
Epoch 41 Progress: 14% (144/989) - Loss: 0.0624
Epoch 41 Progress: 15% (153/989) - Loss: 0.1313
Epoch 41 Progress: 16% (162/989) - Loss: 0.2139
Epoch 41 Progress: 17% (171/989) - Loss: 0.0535
Epoch 41 Progress: 18% (180/989) - Loss: 0.0588
Epoch 41 Progress: 19% (189/989) - Loss: 0.0447
Epoch 41 Progress: 20% (198/989) - Loss: 0.1059
Epoch 41 Progress: 20% (207/989) - Loss: 0.0706
Epoch 41 Progress: 21% (216/989) - Loss: 0.1391
Epoch 41 Progress: 22% (225/989) - Loss: 0.2636
Epoch 41 Progress: 23% (234/989) - Loss: 0.1317
Epoch 41 Progress: 24% (243/989) - Loss: 0.0814
Epoch 41 Progress: 25% (252/989) - Loss: 0.0829
Epoch 41 Progress: 26% (261/989) - Loss: 0.0571
Epoch 41 Progress: 27% (270/989) - Loss: 0.0703
Epoch 41 Progress: 28% (279/989) - Loss: 0.0748
Epoch 41 Progress: 29% (288/989) - Loss: 0.0714
Epoch 41 Progress: 30% (297/989) - Loss: 0.0354
Epoch 41 Progress: 30% (306/989) - Loss: 0.1455
Epoch 41 Progress: 31% (315/989) - Loss: 0.1209
Epoch 41 Progress: 32% (324/989) - Loss: 0.1264
Epoch 41 Progress: 33% (333/989) - Loss: 0.1027
Epoch 41 Progress: 34% (342/989) - Loss: 0.0747
Epoch 41 Progress: 35% (351/989) - Loss: 0.1171
Epoch 41 Progress: 36% (360/989) - Loss: 0.2477
Epoch 41 Progress: 37% (369/989) - Loss: 0.1270
Epoch 41 Progress: 38% (378/989) - Loss: 0.1099
Epoch 41 Progress: 39% (387/989) - Loss: 0.1428
Epoch 41 Progress: 40% (396/989) - Loss: 0.0988
Epoch 41 Progress: 40% (405/989) - Loss: 0.1529
Epoch 41 Progress: 41% (414/989) - Loss: 0.1133
Epoch 41 Progress: 42% (423/989) - Loss: 0.0390
Epoch 41 Progress: 43% (432/989) - Loss: 0.1947
Epoch 41 Progress: 44% (441/989) - Loss: 0.0850
Epoch 41 Progress: 45% (450/989) - Loss: 0.0712
Epoch 41 Progress: 46% (459/989) - Loss: 0.1024
Epoch 41 Progress: 47% (468/989) - Loss: 0.0924
Epoch 41 Progress: 48% (477/989) - Loss: 0.0619
Epoch 41 Progress: 49% (486/989) - Loss: 0.0838
Epoch 41 Progress: 50% (495/989) - Loss: 0.0757
Epoch 41 Progress: 50% (504/989) - Loss: 0.0592
Epoch 41 Progress: 51% (513/989) - Loss: 0.0829
Epoch 41 Progress: 52% (522/989) - Loss: 0.0615
Epoch 41 Progress: 53% (531/989) - Loss: 0.1062
Epoch 41 Progress: 54% (540/989) - Loss: 0.2497
Epoch 41 Progress: 55% (549/989) - Loss: 0.0633
Epoch 41 Progress: 56% (558/989) - Loss: 0.1321
Epoch 41 Progress: 57% (567/989) - Loss: 0.1907
Epoch 41 Progress: 58% (576/989) - Loss: 0.0925
Epoch 41 Progress: 59% (585/989) - Loss: 0.0961
Epoch 41 Progress: 60% (594/989) - Loss: 0.1354
Epoch 41 Progress: 60% (603/989) - Loss: 0.0397
Epoch 41 Progress: 61% (612/989) - Loss: 0.0826
Epoch 41 Progress: 62% (621/989) - Loss: 0.1948
Epoch 41 Progress: 63% (630/989) - Loss: 0.2414
Epoch 41 Progress: 64% (639/989) - Loss: 0.0773
Epoch 41 Progress: 65% (648/989) - Loss: 0.0769
Epoch 41 Progress: 66% (657/989) - Loss: 0.1311
Epoch 41 Progress: 67% (666/989) - Loss: 0.0609
Epoch 41 Progress: 68% (675/989) - Loss: 0.1066
Epoch 41 Progress: 69% (684/989) - Loss: 0.2181
Epoch 41 Progress: 70% (693/989) - Loss: 0.2266
Epoch 41 Progress: 70% (702/989) - Loss: 0.1440
Epoch 41 Progress: 71% (711/989) - Loss: 0.1519
Epoch 41 Progress: 72% (720/989) - Loss: 0.7735
Epoch 41 Progress: 73% (729/989) - Loss: 0.0521
Epoch 41 Progress: 74% (738/989) - Loss: 0.4622
Epoch 41 Progress: 75% (747/989) - Loss: 0.0421
Epoch 41 Progress: 76% (756/989) - Loss: 0.0943
Epoch 41 Progress: 77% (765/989) - Loss: 0.1664
Epoch 41 Progress: 78% (774/989) - Loss: 0.0880
Epoch 41 Progress: 79% (783/989) - Loss: 0.1028
Epoch 41 Progress: 80% (792/989) - Loss: 0.0592
Epoch 41 Progress: 80% (801/989) - Loss: 0.2037
Epoch 41 Progress: 81% (810/989) - Loss: 0.0883
Epoch 41 Progress: 82% (819/989) - Loss: 0.0628
Epoch 41 Progress: 83% (828/989) - Loss: 0.4470
Epoch 41 Progress: 84% (837/989) - Loss: 0.2109
Epoch 41 Progress: 85% (846/989) - Loss: 0.0684
Epoch 41 Progress: 86% (855/989) - Loss: 0.1808
Epoch 41 Progress: 87% (864/989) - Loss: 0.1188
Epoch 41 Progress: 88% (873/989) - Loss: 0.1284
Epoch 41 Progress: 89% (882/989) - Loss: 0.1451
Epoch 41 Progress: 90% (891/989) - Loss: 0.0602
Epoch 41 Progress: 91% (900/989) - Loss: 0.2969
Epoch 41 Progress: 91% (909/989) - Loss: 0.0784
Epoch 41 Progress: 92% (918/989) - Loss: 0.0765
Epoch 41 Progress: 93% (927/989) - Loss: 0.1578
Epoch 41 Progress: 94% (936/989) - Loss: 0.0573
Epoch 41 Progress: 95% (945/989) - Loss: 0.1259
Epoch 41 Progress: 96% (954/989) - Loss: 0.0908
Epoch 41 Progress: 97% (963/989) - Loss: 0.1013
Epoch 41 Progress: 98% (972/989) - Loss: 0.1450
Epoch 41 Progress: 99% (981/989) - Loss: 0.1090
Epoch 41 Progress: 100% (989/989) - Loss: 0.1090
Train Loss: 0.1261 | Val Loss: 0.1253 | Val Mean Dice: 0.8912
Dice WT: 0.9030 | Dice TC: 0.9082 | Dice ET: 0.8625
Peak RAM: 1359 MB | Peak VRAM: 26387 MB | Peak GPU Util: 100.0%

Epoch 42/100  LR=0.000036
Epoch 42 Progress: 0% (9/989) - Loss: 0.0433
Epoch 42 Progress: 1% (18/989) - Loss: 0.0946
Epoch 42 Progress: 2% (27/989) - Loss: 0.2015
Epoch 42 Progress: 3% (36/989) - Loss: 0.4803
Epoch 42 Progress: 4% (45/989) - Loss: 0.0806
Epoch 42 Progress: 5% (54/989) - Loss: 0.0738
Epoch 42 Progress: 6% (63/989) - Loss: 0.0649
Epoch 42 Progress: 7% (72/989) - Loss: 0.0800
Epoch 42 Progress: 8% (81/989) - Loss: 0.0873
Epoch 42 Progress: 9% (90/989) - Loss: 0.1262
Epoch 42 Progress: 10% (99/989) - Loss: 0.1121
Epoch 42 Progress: 10% (108/989) - Loss: 0.1110
Epoch 42 Progress: 11% (117/989) - Loss: 0.1077
Epoch 42 Progress: 12% (126/989) - Loss: 0.0909
Epoch 42 Progress: 13% (135/989) - Loss: 0.1201
Epoch 42 Progress: 14% (144/989) - Loss: 0.0584
Epoch 42 Progress: 15% (153/989) - Loss: 0.0397
Epoch 42 Progress: 16% (162/989) - Loss: 0.0904
Epoch 42 Progress: 17% (171/989) - Loss: 0.0873
Epoch 42 Progress: 18% (180/989) - Loss: 0.0776
Epoch 42 Progress: 19% (189/989) - Loss: 0.1077
Epoch 42 Progress: 20% (198/989) - Loss: 0.0626
Epoch 42 Progress: 20% (207/989) - Loss: 0.1034
Epoch 42 Progress: 21% (216/989) - Loss: 0.5236
Epoch 42 Progress: 22% (225/989) - Loss: 0.1133
Epoch 42 Progress: 23% (234/989) - Loss: 0.0862
Epoch 42 Progress: 24% (243/989) - Loss: 0.1741
Epoch 42 Progress: 25% (252/989) - Loss: 0.1726
Epoch 42 Progress: 26% (261/989) - Loss: 0.1665
Epoch 42 Progress: 27% (270/989) - Loss: 0.1382
Epoch 42 Progress: 28% (279/989) - Loss: 0.3721
Epoch 42 Progress: 29% (288/989) - Loss: 0.1359
Epoch 42 Progress: 30% (297/989) - Loss: 0.0805
Epoch 42 Progress: 30% (306/989) - Loss: 0.1129
Epoch 42 Progress: 31% (315/989) - Loss: 0.1544
Epoch 42 Progress: 32% (324/989) - Loss: 0.0808
Epoch 42 Progress: 33% (333/989) - Loss: 0.1171
Epoch 42 Progress: 34% (342/989) - Loss: 0.1192
Epoch 42 Progress: 35% (351/989) - Loss: 0.0876
Epoch 42 Progress: 36% (360/989) - Loss: 0.0528
Epoch 42 Progress: 37% (369/989) - Loss: 0.0528
Epoch 42 Progress: 38% (378/989) - Loss: 0.1021
Epoch 42 Progress: 39% (387/989) - Loss: 0.2796
Epoch 42 Progress: 40% (396/989) - Loss: 0.0426
Epoch 42 Progress: 40% (405/989) - Loss: 0.0884
Epoch 42 Progress: 41% (414/989) - Loss: 0.1302
Epoch 42 Progress: 42% (423/989) - Loss: 0.1509
Epoch 42 Progress: 43% (432/989) - Loss: 0.1236
Epoch 42 Progress: 44% (441/989) - Loss: 0.0805
Epoch 42 Progress: 45% (450/989) - Loss: 0.0899
Epoch 42 Progress: 46% (459/989) - Loss: 0.1421
Epoch 42 Progress: 47% (468/989) - Loss: 0.4964
Epoch 42 Progress: 48% (477/989) - Loss: 0.1798
Epoch 42 Progress: 49% (486/989) - Loss: 0.2554
Epoch 42 Progress: 50% (495/989) - Loss: 0.0937
Epoch 42 Progress: 50% (504/989) - Loss: 0.0687
Epoch 42 Progress: 51% (513/989) - Loss: 0.0704
Epoch 42 Progress: 52% (522/989) - Loss: 0.1221
Epoch 42 Progress: 53% (531/989) - Loss: 0.0467
Epoch 42 Progress: 54% (540/989) - Loss: 0.1332
Epoch 42 Progress: 55% (549/989) - Loss: 0.0914
Epoch 42 Progress: 56% (558/989) - Loss: 0.1066
Epoch 42 Progress: 57% (567/989) - Loss: 0.1552
Epoch 42 Progress: 58% (576/989) - Loss: 0.0857
Epoch 42 Progress: 59% (585/989) - Loss: 0.0992
Epoch 42 Progress: 60% (594/989) - Loss: 0.1132
Epoch 42 Progress: 60% (603/989) - Loss: 0.1338
Epoch 42 Progress: 61% (612/989) - Loss: 0.0701
Epoch 42 Progress: 62% (621/989) - Loss: 0.1226
Epoch 42 Progress: 63% (630/989) - Loss: 0.1038
Epoch 42 Progress: 64% (639/989) - Loss: 0.0600
Epoch 42 Progress: 65% (648/989) - Loss: 0.0993
Epoch 42 Progress: 66% (657/989) - Loss: 0.0676
Epoch 42 Progress: 67% (666/989) - Loss: 0.0497
Epoch 42 Progress: 68% (675/989) - Loss: 0.0356
Epoch 42 Progress: 69% (684/989) - Loss: 0.1193
Epoch 42 Progress: 70% (693/989) - Loss: 0.2972
Epoch 42 Progress: 70% (702/989) - Loss: 0.1608
Epoch 42 Progress: 71% (711/989) - Loss: 0.0900
Epoch 42 Progress: 72% (720/989) - Loss: 0.0466
Epoch 42 Progress: 73% (729/989) - Loss: 0.1525
Epoch 42 Progress: 74% (738/989) - Loss: 0.3250
Epoch 42 Progress: 75% (747/989) - Loss: 0.1290
Epoch 42 Progress: 76% (756/989) - Loss: 0.1290
Epoch 42 Progress: 77% (765/989) - Loss: 0.1217
Epoch 42 Progress: 78% (774/989) - Loss: 0.2526
Epoch 42 Progress: 79% (783/989) - Loss: 0.2096
Epoch 42 Progress: 80% (792/989) - Loss: 0.1531
Epoch 42 Progress: 80% (801/989) - Loss: 0.0777
Epoch 42 Progress: 81% (810/989) - Loss: 0.6991
Epoch 42 Progress: 82% (819/989) - Loss: 0.2045
Epoch 42 Progress: 83% (828/989) - Loss: 0.2470
Epoch 42 Progress: 84% (837/989) - Loss: 0.1105
Epoch 42 Progress: 85% (846/989) - Loss: 0.2813
Epoch 42 Progress: 86% (855/989) - Loss: 0.0668
Epoch 42 Progress: 87% (864/989) - Loss: 0.0604
Epoch 42 Progress: 88% (873/989) - Loss: 0.1224
Epoch 42 Progress: 89% (882/989) - Loss: 0.1011
Epoch 42 Progress: 90% (891/989) - Loss: 0.1085
Epoch 42 Progress: 91% (900/989) - Loss: 0.0570
Epoch 42 Progress: 91% (909/989) - Loss: 0.1875
Epoch 42 Progress: 92% (918/989) - Loss: 0.1059
Epoch 42 Progress: 93% (927/989) - Loss: 0.0996
Epoch 42 Progress: 94% (936/989) - Loss: 0.0733
Epoch 42 Progress: 95% (945/989) - Loss: 0.1087
Epoch 42 Progress: 96% (954/989) - Loss: 0.0656
Epoch 42 Progress: 97% (963/989) - Loss: 0.0449
Epoch 42 Progress: 98% (972/989) - Loss: 0.1341
Epoch 42 Progress: 99% (981/989) - Loss: 0.0644
Epoch 42 Progress: 100% (989/989) - Loss: 0.1249
Train Loss: 0.1285 | Val Loss: 0.1597 | Val Mean Dice: 0.8782
Dice WT: 0.9092 | Dice TC: 0.8771 | Dice ET: 0.8483
Peak RAM: 1357 MB | Peak VRAM: 26387 MB | Peak GPU Util: 100.0%

Epoch 43/100  LR=0.000035
Epoch 43 Progress: 0% (9/989) - Loss: 0.1782
Epoch 43 Progress: 1% (18/989) - Loss: 0.0910
Epoch 43 Progress: 2% (27/989) - Loss: 0.0309
Epoch 43 Progress: 3% (36/989) - Loss: 0.0854
Epoch 43 Progress: 4% (45/989) - Loss: 0.1922
Epoch 43 Progress: 5% (54/989) - Loss: 0.0577
Epoch 43 Progress: 6% (63/989) - Loss: 0.1142
Epoch 43 Progress: 7% (72/989) - Loss: 0.0830
Epoch 43 Progress: 8% (81/989) - Loss: 0.1273
Epoch 43 Progress: 9% (90/989) - Loss: 0.1376
Epoch 43 Progress: 10% (99/989) - Loss: 0.0769
Epoch 43 Progress: 10% (108/989) - Loss: 0.1267
Epoch 43 Progress: 11% (117/989) - Loss: 0.1613
Epoch 43 Progress: 12% (126/989) - Loss: 0.1433
Epoch 43 Progress: 13% (135/989) - Loss: 0.0569
Epoch 43 Progress: 14% (144/989) - Loss: 0.1710
Epoch 43 Progress: 15% (153/989) - Loss: 0.1186
Epoch 43 Progress: 16% (162/989) - Loss: 0.0747
Epoch 43 Progress: 17% (171/989) - Loss: 0.1223
Epoch 43 Progress: 18% (180/989) - Loss: 0.1138
Epoch 43 Progress: 19% (189/989) - Loss: 0.1345
Epoch 43 Progress: 20% (198/989) - Loss: 0.0992
Epoch 43 Progress: 20% (207/989) - Loss: 0.1213
Epoch 43 Progress: 21% (216/989) - Loss: 0.0783
Epoch 43 Progress: 22% (225/989) - Loss: 0.0780
Epoch 43 Progress: 23% (234/989) - Loss: 0.0804
Epoch 43 Progress: 24% (243/989) - Loss: 0.0417
Epoch 43 Progress: 25% (252/989) - Loss: 0.0406
Epoch 43 Progress: 26% (261/989) - Loss: 0.4741
Epoch 43 Progress: 27% (270/989) - Loss: 0.0584
Epoch 43 Progress: 28% (279/989) - Loss: 0.1878
Epoch 43 Progress: 29% (288/989) - Loss: 0.1092
Epoch 43 Progress: 30% (297/989) - Loss: 0.0940
Epoch 43 Progress: 30% (306/989) - Loss: 0.1452
Epoch 43 Progress: 31% (315/989) - Loss: 0.0840
Epoch 43 Progress: 32% (324/989) - Loss: 0.0433
Epoch 43 Progress: 33% (333/989) - Loss: 0.0865
Epoch 43 Progress: 34% (342/989) - Loss: 0.1382
Epoch 43 Progress: 35% (351/989) - Loss: 0.0573
Epoch 43 Progress: 36% (360/989) - Loss: 0.0728
Epoch 43 Progress: 37% (369/989) - Loss: 0.0906
Epoch 43 Progress: 38% (378/989) - Loss: 0.0898
Epoch 43 Progress: 39% (387/989) - Loss: 0.1415
Epoch 43 Progress: 40% (396/989) - Loss: 0.0550
Epoch 43 Progress: 40% (405/989) - Loss: 0.0726
Epoch 43 Progress: 41% (414/989) - Loss: 0.0829
Epoch 43 Progress: 42% (423/989) - Loss: 0.0584
Epoch 43 Progress: 43% (432/989) - Loss: 0.0475
Epoch 43 Progress: 44% (441/989) - Loss: 0.1065
Epoch 43 Progress: 45% (450/989) - Loss: 0.0670
Epoch 43 Progress: 46% (459/989) - Loss: 0.1152
Epoch 43 Progress: 47% (468/989) - Loss: 0.0610
Epoch 43 Progress: 48% (477/989) - Loss: 0.1147
Epoch 43 Progress: 49% (486/989) - Loss: 0.1475
Epoch 43 Progress: 50% (495/989) - Loss: 0.1289
Epoch 43 Progress: 50% (504/989) - Loss: 0.0898
Epoch 43 Progress: 51% (513/989) - Loss: 0.1372
Epoch 43 Progress: 52% (522/989) - Loss: 0.1594
Epoch 43 Progress: 53% (531/989) - Loss: 0.1103
Epoch 43 Progress: 54% (540/989) - Loss: 0.1689
Epoch 43 Progress: 55% (549/989) - Loss: 0.0493
Epoch 43 Progress: 56% (558/989) - Loss: 0.1054
Epoch 43 Progress: 57% (567/989) - Loss: 0.1183
Epoch 43 Progress: 58% (576/989) - Loss: 0.1781
Epoch 43 Progress: 59% (585/989) - Loss: 0.1422
Epoch 43 Progress: 60% (594/989) - Loss: 0.4674
Epoch 43 Progress: 60% (603/989) - Loss: 0.2827
Epoch 43 Progress: 61% (612/989) - Loss: 0.0866
Epoch 43 Progress: 62% (621/989) - Loss: 0.0725
Epoch 43 Progress: 63% (630/989) - Loss: 0.0666
Epoch 43 Progress: 64% (639/989) - Loss: 0.0385
Epoch 43 Progress: 65% (648/989) - Loss: 0.1471
Epoch 43 Progress: 66% (657/989) - Loss: 0.1518
Epoch 43 Progress: 67% (666/989) - Loss: 0.1670
Epoch 43 Progress: 68% (675/989) - Loss: 0.1492
Epoch 43 Progress: 69% (684/989) - Loss: 0.0598
Epoch 43 Progress: 70% (693/989) - Loss: 0.1162
Epoch 43 Progress: 70% (702/989) - Loss: 0.0882
Epoch 43 Progress: 71% (711/989) - Loss: 0.0770
Epoch 43 Progress: 72% (720/989) - Loss: 0.3960
Epoch 43 Progress: 73% (729/989) - Loss: 0.1319
Epoch 43 Progress: 74% (738/989) - Loss: 0.2179
Epoch 43 Progress: 75% (747/989) - Loss: 0.0953
Epoch 43 Progress: 76% (756/989) - Loss: 0.0595
Epoch 43 Progress: 77% (765/989) - Loss: 0.0346
Epoch 43 Progress: 78% (774/989) - Loss: 0.0884
Epoch 43 Progress: 79% (783/989) - Loss: 0.1444
Epoch 43 Progress: 80% (792/989) - Loss: 0.1484
Epoch 43 Progress: 80% (801/989) - Loss: 0.1240
Epoch 43 Progress: 81% (810/989) - Loss: 0.1136
Epoch 43 Progress: 82% (819/989) - Loss: 0.1149
Epoch 43 Progress: 83% (828/989) - Loss: 0.0880
Epoch 43 Progress: 84% (837/989) - Loss: 0.0607
Epoch 43 Progress: 85% (846/989) - Loss: 0.1351
Epoch 43 Progress: 86% (855/989) - Loss: 0.1272
Epoch 43 Progress: 87% (864/989) - Loss: 0.0673
Epoch 43 Progress: 88% (873/989) - Loss: 0.0853
Epoch 43 Progress: 89% (882/989) - Loss: 0.0575
Epoch 43 Progress: 90% (891/989) - Loss: 0.0815
Epoch 43 Progress: 91% (900/989) - Loss: 0.0377
Epoch 43 Progress: 91% (909/989) - Loss: 0.2014
Epoch 43 Progress: 92% (918/989) - Loss: 0.0471
Epoch 43 Progress: 93% (927/989) - Loss: 0.0594
Epoch 43 Progress: 94% (936/989) - Loss: 0.1685
Epoch 43 Progress: 95% (945/989) - Loss: 0.0637
Epoch 43 Progress: 96% (954/989) - Loss: 0.4778
Epoch 43 Progress: 97% (963/989) - Loss: 0.1078
Epoch 43 Progress: 98% (972/989) - Loss: 0.1169
Epoch 43 Progress: 99% (981/989) - Loss: 0.1115
Epoch 43 Progress: 100% (989/989) - Loss: 0.0918
Train Loss: 0.1258 | Val Loss: 0.1227 | Val Mean Dice: 0.8888
Dice WT: 0.8944 | Dice TC: 0.9154 | Dice ET: 0.8565
Peak RAM: 1356 MB | Peak VRAM: 26387 MB | Peak GPU Util: 100.0%

Epoch 44/100  LR=0.000034
Epoch 44 Progress: 0% (9/989) - Loss: 0.1026
Epoch 44 Progress: 1% (18/989) - Loss: 0.0663
Epoch 44 Progress: 2% (27/989) - Loss: 0.1107
Epoch 44 Progress: 3% (36/989) - Loss: 0.1066
Epoch 44 Progress: 4% (45/989) - Loss: 0.0780
Epoch 44 Progress: 5% (54/989) - Loss: 0.0690
Epoch 44 Progress: 6% (63/989) - Loss: 0.0777
Epoch 44 Progress: 7% (72/989) - Loss: 0.1115
Epoch 44 Progress: 8% (81/989) - Loss: 0.0508
Epoch 44 Progress: 9% (90/989) - Loss: 0.0545
Epoch 44 Progress: 10% (99/989) - Loss: 0.0373
Epoch 44 Progress: 10% (108/989) - Loss: 0.0628
Epoch 44 Progress: 11% (117/989) - Loss: 0.1943
Epoch 44 Progress: 12% (126/989) - Loss: 0.1415
Epoch 44 Progress: 13% (135/989) - Loss: 0.0882
Epoch 44 Progress: 14% (144/989) - Loss: 0.0297
Epoch 44 Progress: 15% (153/989) - Loss: 0.0554
Epoch 44 Progress: 16% (162/989) - Loss: 0.1082
Epoch 44 Progress: 17% (171/989) - Loss: 0.0868
Epoch 44 Progress: 18% (180/989) - Loss: 0.0836
Epoch 44 Progress: 19% (189/989) - Loss: 0.0713
Epoch 44 Progress: 20% (198/989) - Loss: 0.3396
Epoch 44 Progress: 20% (207/989) - Loss: 0.0523
Epoch 44 Progress: 21% (216/989) - Loss: 0.0602
Epoch 44 Progress: 22% (225/989) - Loss: 0.0747
Epoch 44 Progress: 23% (234/989) - Loss: 0.1299
Epoch 44 Progress: 24% (243/989) - Loss: 0.0711
Epoch 44 Progress: 25% (252/989) - Loss: 0.0906
Epoch 44 Progress: 26% (261/989) - Loss: 0.1155
Epoch 44 Progress: 27% (270/989) - Loss: 0.1503
Epoch 44 Progress: 28% (279/989) - Loss: 0.1658
Epoch 44 Progress: 29% (288/989) - Loss: 0.0386
Epoch 44 Progress: 30% (297/989) - Loss: 0.1819
Epoch 44 Progress: 30% (306/989) - Loss: 0.0549
Epoch 44 Progress: 31% (315/989) - Loss: 0.0843
Epoch 44 Progress: 32% (324/989) - Loss: 0.2317
Epoch 44 Progress: 33% (333/989) - Loss: 0.0566
Epoch 44 Progress: 34% (342/989) - Loss: 0.0445
Epoch 44 Progress: 35% (351/989) - Loss: 0.0931
Epoch 44 Progress: 36% (360/989) - Loss: 0.0421
Epoch 44 Progress: 37% (369/989) - Loss: 0.0658
Epoch 44 Progress: 38% (378/989) - Loss: 0.0817
Epoch 44 Progress: 39% (387/989) - Loss: 0.1484
Epoch 44 Progress: 40% (396/989) - Loss: 0.0687
Epoch 44 Progress: 40% (405/989) - Loss: 0.1247
Epoch 44 Progress: 41% (414/989) - Loss: 0.0830
Epoch 44 Progress: 42% (423/989) - Loss: 0.5175
Epoch 44 Progress: 43% (432/989) - Loss: 0.2521
Epoch 44 Progress: 44% (441/989) - Loss: 0.2211
Epoch 44 Progress: 45% (450/989) - Loss: 0.0669
Epoch 44 Progress: 46% (459/989) - Loss: 0.1561
Epoch 44 Progress: 47% (468/989) - Loss: 0.1322
Epoch 44 Progress: 48% (477/989) - Loss: 0.0655
Epoch 44 Progress: 49% (486/989) - Loss: 0.0794
Epoch 44 Progress: 50% (495/989) - Loss: 0.0490
Epoch 44 Progress: 50% (504/989) - Loss: 0.0258
Epoch 44 Progress: 51% (513/989) - Loss: 0.2083
Epoch 44 Progress: 52% (522/989) - Loss: 0.1084
Epoch 44 Progress: 53% (531/989) - Loss: 0.1614
Epoch 44 Progress: 54% (540/989) - Loss: 0.2304
Epoch 44 Progress: 55% (549/989) - Loss: 0.0553
Epoch 44 Progress: 56% (558/989) - Loss: 0.1318
Epoch 44 Progress: 57% (567/989) - Loss: 0.1420
Epoch 44 Progress: 58% (576/989) - Loss: 0.1063
Epoch 44 Progress: 59% (585/989) - Loss: 0.0345
Epoch 44 Progress: 60% (594/989) - Loss: 0.1877
Epoch 44 Progress: 60% (603/989) - Loss: 0.0667
Epoch 44 Progress: 61% (612/989) - Loss: 0.1120
Epoch 44 Progress: 62% (621/989) - Loss: 0.0957
Epoch 44 Progress: 63% (630/989) - Loss: 0.1521
Epoch 44 Progress: 64% (639/989) - Loss: 0.1181
Epoch 44 Progress: 65% (648/989) - Loss: 0.1073
Epoch 44 Progress: 66% (657/989) - Loss: 0.1082
Epoch 44 Progress: 67% (666/989) - Loss: 0.0845
Epoch 44 Progress: 68% (675/989) - Loss: 0.2111
Epoch 44 Progress: 69% (684/989) - Loss: 0.0825
Epoch 44 Progress: 70% (693/989) - Loss: 0.1536
Epoch 44 Progress: 70% (702/989) - Loss: 0.1268
Epoch 44 Progress: 71% (711/989) - Loss: 0.1061
Epoch 44 Progress: 72% (720/989) - Loss: 0.1085
Epoch 44 Progress: 73% (729/989) - Loss: 0.0768
Epoch 44 Progress: 74% (738/989) - Loss: 0.0607
Epoch 44 Progress: 75% (747/989) - Loss: 0.0964
Epoch 44 Progress: 76% (756/989) - Loss: 0.1698
Epoch 44 Progress: 77% (765/989) - Loss: 0.1113
Epoch 44 Progress: 78% (774/989) - Loss: 0.0360
Epoch 44 Progress: 79% (783/989) - Loss: 0.1058
Epoch 44 Progress: 80% (792/989) - Loss: 0.0625
Epoch 44 Progress: 80% (801/989) - Loss: 0.1044
Epoch 44 Progress: 81% (810/989) - Loss: 0.0706
Epoch 44 Progress: 82% (819/989) - Loss: 0.0802
Epoch 44 Progress: 83% (828/989) - Loss: 0.1320
Epoch 44 Progress: 84% (837/989) - Loss: 0.0935
Epoch 44 Progress: 85% (846/989) - Loss: 0.0911
Epoch 44 Progress: 86% (855/989) - Loss: 0.1329
Epoch 44 Progress: 87% (864/989) - Loss: 0.0334
Epoch 44 Progress: 88% (873/989) - Loss: 0.2375
Epoch 44 Progress: 89% (882/989) - Loss: 0.0394
Epoch 44 Progress: 90% (891/989) - Loss: 0.0827
Epoch 44 Progress: 91% (900/989) - Loss: 0.0849
Epoch 44 Progress: 91% (909/989) - Loss: 0.1394
Epoch 44 Progress: 92% (918/989) - Loss: 0.1296
Epoch 44 Progress: 93% (927/989) - Loss: 0.0707
Epoch 44 Progress: 94% (936/989) - Loss: 0.0962
Epoch 44 Progress: 95% (945/989) - Loss: 0.1126
Epoch 44 Progress: 96% (954/989) - Loss: 0.0453
Epoch 44 Progress: 97% (963/989) - Loss: 0.1116
Epoch 44 Progress: 98% (972/989) - Loss: 0.1765
Epoch 44 Progress: 99% (981/989) - Loss: 0.0611
Epoch 44 Progress: 100% (989/989) - Loss: 0.1000
Train Loss: 0.1244 | Val Loss: 0.1157 | Val Mean Dice: 0.8926
Dice WT: 0.9148 | Dice TC: 0.9102 | Dice ET: 0.8529
Peak RAM: 1357 MB | Peak VRAM: 26387 MB | Peak GPU Util: 100.0%

Epoch 45/100  LR=0.000033
Epoch 45 Progress: 0% (9/989) - Loss: 0.1006
Epoch 45 Progress: 1% (18/989) - Loss: 0.2277
Epoch 45 Progress: 2% (27/989) - Loss: 0.1388
Epoch 45 Progress: 3% (36/989) - Loss: 0.2861
Epoch 45 Progress: 4% (45/989) - Loss: 0.8367
Epoch 45 Progress: 5% (54/989) - Loss: 0.0661
Epoch 45 Progress: 6% (63/989) - Loss: 0.0910
Epoch 45 Progress: 7% (72/989) - Loss: 0.1241
Epoch 45 Progress: 8% (81/989) - Loss: 0.1015
Epoch 45 Progress: 9% (90/989) - Loss: 0.1598
Epoch 45 Progress: 10% (99/989) - Loss: 0.2266
Epoch 45 Progress: 10% (108/989) - Loss: 0.1526
Epoch 45 Progress: 11% (117/989) - Loss: 0.0759
Epoch 45 Progress: 12% (126/989) - Loss: 0.1207
Epoch 45 Progress: 13% (135/989) - Loss: 0.1562
Epoch 45 Progress: 14% (144/989) - Loss: 0.1042
Epoch 45 Progress: 15% (153/989) - Loss: 0.1673
Epoch 45 Progress: 16% (162/989) - Loss: 0.0727
Epoch 45 Progress: 17% (171/989) - Loss: 0.0332
Epoch 45 Progress: 18% (180/989) - Loss: 0.1516
Epoch 45 Progress: 19% (189/989) - Loss: 0.1327
Epoch 45 Progress: 20% (198/989) - Loss: 0.0526
Epoch 45 Progress: 20% (207/989) - Loss: 0.0849
Epoch 45 Progress: 21% (216/989) - Loss: 0.1202
Epoch 45 Progress: 22% (225/989) - Loss: 0.0939
Epoch 45 Progress: 23% (234/989) - Loss: 0.1270
Epoch 45 Progress: 24% (243/989) - Loss: 0.0544
Epoch 45 Progress: 25% (252/989) - Loss: 0.0634
Epoch 45 Progress: 26% (261/989) - Loss: 0.0460
Epoch 45 Progress: 27% (270/989) - Loss: 0.0565
Epoch 45 Progress: 28% (279/989) - Loss: 0.0892
Epoch 45 Progress: 29% (288/989) - Loss: 0.4536
Epoch 45 Progress: 30% (297/989) - Loss: 0.0503
Epoch 45 Progress: 30% (306/989) - Loss: 0.0611
Epoch 45 Progress: 31% (315/989) - Loss: 0.1094
Epoch 45 Progress: 32% (324/989) - Loss: 0.1098
Epoch 45 Progress: 33% (333/989) - Loss: 0.0806
Epoch 45 Progress: 34% (342/989) - Loss: 0.1691
Epoch 45 Progress: 35% (351/989) - Loss: 0.2874
Epoch 45 Progress: 36% (360/989) - Loss: 0.1982
Epoch 45 Progress: 37% (369/989) - Loss: 0.0466
Epoch 45 Progress: 38% (378/989) - Loss: 0.0643
Epoch 45 Progress: 39% (387/989) - Loss: 0.1491
Epoch 45 Progress: 40% (396/989) - Loss: 0.3682
Epoch 45 Progress: 40% (405/989) - Loss: 0.1121
Epoch 45 Progress: 41% (414/989) - Loss: 0.0353
Epoch 45 Progress: 42% (423/989) - Loss: 0.1546
Epoch 45 Progress: 43% (432/989) - Loss: 0.1750
Epoch 45 Progress: 44% (441/989) - Loss: 0.0797
Epoch 45 Progress: 45% (450/989) - Loss: 0.0911
Epoch 45 Progress: 46% (459/989) - Loss: 0.0402
Epoch 45 Progress: 47% (468/989) - Loss: 0.0541
Epoch 45 Progress: 48% (477/989) - Loss: 0.0802
Epoch 45 Progress: 49% (486/989) - Loss: 0.0636
Epoch 45 Progress: 50% (495/989) - Loss: 0.2405
Epoch 45 Progress: 50% (504/989) - Loss: 0.0883
Epoch 45 Progress: 51% (513/989) - Loss: 0.1061
Epoch 45 Progress: 52% (522/989) - Loss: 0.1004
Epoch 45 Progress: 53% (531/989) - Loss: 0.1941
Epoch 45 Progress: 54% (540/989) - Loss: 0.4147
Epoch 45 Progress: 55% (549/989) - Loss: 0.2216
Epoch 45 Progress: 56% (558/989) - Loss: 0.0993
Epoch 45 Progress: 57% (567/989) - Loss: 0.1812
Epoch 45 Progress: 58% (576/989) - Loss: 0.0614
Epoch 45 Progress: 59% (585/989) - Loss: 0.0665
Epoch 45 Progress: 60% (594/989) - Loss: 0.0580
Epoch 45 Progress: 60% (603/989) - Loss: 0.0526
Epoch 45 Progress: 61% (612/989) - Loss: 0.0617
Epoch 45 Progress: 62% (621/989) - Loss: 0.0706
Epoch 45 Progress: 63% (630/989) - Loss: 0.0264
Epoch 45 Progress: 64% (639/989) - Loss: 0.0768
Epoch 45 Progress: 65% (648/989) - Loss: 0.1046
Epoch 45 Progress: 66% (657/989) - Loss: 0.0792
Epoch 45 Progress: 67% (666/989) - Loss: 0.1533
Epoch 45 Progress: 68% (675/989) - Loss: 0.1025
Epoch 45 Progress: 69% (684/989) - Loss: 0.1344
Epoch 45 Progress: 70% (693/989) - Loss: 0.1179
Epoch 45 Progress: 70% (702/989) - Loss: 0.1138
Epoch 45 Progress: 71% (711/989) - Loss: 0.1816
Epoch 45 Progress: 72% (720/989) - Loss: 0.0578
Epoch 45 Progress: 73% (729/989) - Loss: 0.0784
Epoch 45 Progress: 74% (738/989) - Loss: 0.0595
Epoch 45 Progress: 75% (747/989) - Loss: 0.1608
Epoch 45 Progress: 76% (756/989) - Loss: 0.0636
Epoch 45 Progress: 77% (765/989) - Loss: 0.4322
Epoch 45 Progress: 78% (774/989) - Loss: 0.0576
Epoch 45 Progress: 79% (783/989) - Loss: 0.0648
Epoch 45 Progress: 80% (792/989) - Loss: 0.4201
Epoch 45 Progress: 80% (801/989) - Loss: 0.1122
Epoch 45 Progress: 81% (810/989) - Loss: 0.5324
Epoch 45 Progress: 82% (819/989) - Loss: 0.0706
Epoch 45 Progress: 83% (828/989) - Loss: 0.4412
Epoch 45 Progress: 84% (837/989) - Loss: 0.2054
Epoch 45 Progress: 85% (846/989) - Loss: 0.0488
Epoch 45 Progress: 86% (855/989) - Loss: 0.1620
Epoch 45 Progress: 87% (864/989) - Loss: 0.5148
Epoch 45 Progress: 88% (873/989) - Loss: 0.1138
Epoch 45 Progress: 89% (882/989) - Loss: 0.1523
Epoch 45 Progress: 90% (891/989) - Loss: 0.0949
Epoch 45 Progress: 91% (900/989) - Loss: 0.1428
Epoch 45 Progress: 91% (909/989) - Loss: 0.0715
Epoch 45 Progress: 92% (918/989) - Loss: 0.0376
Epoch 45 Progress: 93% (927/989) - Loss: 0.0771
Epoch 45 Progress: 94% (936/989) - Loss: 0.1173
Epoch 45 Progress: 95% (945/989) - Loss: 0.0529
Epoch 45 Progress: 96% (954/989) - Loss: 0.0458
Epoch 45 Progress: 97% (963/989) - Loss: 0.0716
Epoch 45 Progress: 98% (972/989) - Loss: 0.1494
Epoch 45 Progress: 99% (981/989) - Loss: 0.0672
Epoch 45 Progress: 100% (989/989) - Loss: 0.0453
Train Loss: 0.1251 | Val Loss: 0.1202 | Val Mean Dice: 0.8935
Dice WT: 0.9036 | Dice TC: 0.9128 | Dice ET: 0.8641
Peak RAM: 1357 MB | Peak VRAM: 26387 MB | Peak GPU Util: 100.0%
Validation Dice improved from 0.8933 to 0.8935. Saving model...

Epoch 46/100  LR=0.000032
Epoch 46 Progress: 0% (9/989) - Loss: 0.4192
Epoch 46 Progress: 1% (18/989) - Loss: 0.2050
Epoch 46 Progress: 2% (27/989) - Loss: 0.0942
Epoch 46 Progress: 3% (36/989) - Loss: 0.0900
Epoch 46 Progress: 4% (45/989) - Loss: 0.0819
Epoch 46 Progress: 5% (54/989) - Loss: 0.0863
Epoch 46 Progress: 6% (63/989) - Loss: 0.1513
Epoch 46 Progress: 7% (72/989) - Loss: 0.1173
Epoch 46 Progress: 8% (81/989) - Loss: 0.0841
Epoch 46 Progress: 9% (90/989) - Loss: 0.0706
Epoch 46 Progress: 10% (99/989) - Loss: 0.1593
Epoch 46 Progress: 10% (108/989) - Loss: 0.1820
Epoch 46 Progress: 11% (117/989) - Loss: 0.0884
Epoch 46 Progress: 12% (126/989) - Loss: 0.1627
Epoch 46 Progress: 13% (135/989) - Loss: 0.1300
Epoch 46 Progress: 14% (144/989) - Loss: 0.0306
Epoch 46 Progress: 15% (153/989) - Loss: 0.1141
Epoch 46 Progress: 16% (162/989) - Loss: 0.1685
Epoch 46 Progress: 17% (171/989) - Loss: 0.1530
Epoch 46 Progress: 18% (180/989) - Loss: 0.1657
Epoch 46 Progress: 19% (189/989) - Loss: 0.0386
Epoch 46 Progress: 20% (198/989) - Loss: 0.0617
Epoch 46 Progress: 20% (207/989) - Loss: 0.1206
Epoch 46 Progress: 21% (216/989) - Loss: 0.0609
Epoch 46 Progress: 22% (225/989) - Loss: 0.0557
Epoch 46 Progress: 23% (234/989) - Loss: 0.0445
Epoch 46 Progress: 24% (243/989) - Loss: 0.0719
Epoch 46 Progress: 25% (252/989) - Loss: 0.0756
Epoch 46 Progress: 26% (261/989) - Loss: 0.1226
Epoch 46 Progress: 27% (270/989) - Loss: 0.1601
Epoch 46 Progress: 28% (279/989) - Loss: 0.1318
Epoch 46 Progress: 29% (288/989) - Loss: 0.1186
Epoch 46 Progress: 30% (297/989) - Loss: 0.0642
Epoch 46 Progress: 30% (306/989) - Loss: 0.0632
Epoch 46 Progress: 31% (315/989) - Loss: 0.1297
Epoch 46 Progress: 32% (324/989) - Loss: 0.1050
Epoch 46 Progress: 33% (333/989) - Loss: 0.1063
Epoch 46 Progress: 34% (342/989) - Loss: 0.4333
Epoch 46 Progress: 35% (351/989) - Loss: 0.2674
Epoch 46 Progress: 36% (360/989) - Loss: 0.2179
Epoch 46 Progress: 37% (369/989) - Loss: 0.0612
Epoch 46 Progress: 38% (378/989) - Loss: 0.1226
Epoch 46 Progress: 39% (387/989) - Loss: 0.1554
Epoch 46 Progress: 40% (396/989) - Loss: 0.1038
Epoch 46 Progress: 40% (405/989) - Loss: 0.1300
Epoch 46 Progress: 41% (414/989) - Loss: 0.1660
Epoch 46 Progress: 42% (423/989) - Loss: 0.0390
Epoch 46 Progress: 43% (432/989) - Loss: 0.0718
Epoch 46 Progress: 44% (441/989) - Loss: 0.1527
Epoch 46 Progress: 45% (450/989) - Loss: 0.1726
Epoch 46 Progress: 46% (459/989) - Loss: 0.1511
Epoch 46 Progress: 47% (468/989) - Loss: 0.0655
Epoch 46 Progress: 48% (477/989) - Loss: 0.2026
Epoch 46 Progress: 49% (486/989) - Loss: 0.0828
Epoch 46 Progress: 50% (495/989) - Loss: 0.1068
Epoch 46 Progress: 50% (504/989) - Loss: 0.0919
Epoch 46 Progress: 51% (513/989) - Loss: 0.1442
Epoch 46 Progress: 52% (522/989) - Loss: 0.0428
Epoch 46 Progress: 53% (531/989) - Loss: 0.0859
Epoch 46 Progress: 54% (540/989) - Loss: 0.0629
Epoch 46 Progress: 55% (549/989) - Loss: 0.2201
Epoch 46 Progress: 56% (558/989) - Loss: 0.0843
Epoch 46 Progress: 57% (567/989) - Loss: 0.0607
Epoch 46 Progress: 58% (576/989) - Loss: 0.0778
Epoch 46 Progress: 59% (585/989) - Loss: 0.0962
Epoch 46 Progress: 60% (594/989) - Loss: 0.5059
Epoch 46 Progress: 60% (603/989) - Loss: 0.1153
Epoch 46 Progress: 61% (612/989) - Loss: 0.0852
Epoch 46 Progress: 62% (621/989) - Loss: 0.0773
Epoch 46 Progress: 63% (630/989) - Loss: 0.1353
Epoch 46 Progress: 64% (639/989) - Loss: 0.0820
Epoch 46 Progress: 65% (648/989) - Loss: 0.0723
Epoch 46 Progress: 66% (657/989) - Loss: 0.1854
Epoch 46 Progress: 67% (666/989) - Loss: 0.0772
Epoch 46 Progress: 68% (675/989) - Loss: 0.0485
Epoch 46 Progress: 69% (684/989) - Loss: 0.0618
Epoch 46 Progress: 70% (693/989) - Loss: 0.1026
Epoch 46 Progress: 70% (702/989) - Loss: 0.0736
Epoch 46 Progress: 71% (711/989) - Loss: 0.0999
Epoch 46 Progress: 72% (720/989) - Loss: 0.0635
Epoch 46 Progress: 73% (729/989) - Loss: 0.1289
Epoch 46 Progress: 74% (738/989) - Loss: 0.1202
Epoch 46 Progress: 75% (747/989) - Loss: 0.0592
Epoch 46 Progress: 76% (756/989) - Loss: 0.1077
Epoch 46 Progress: 77% (765/989) - Loss: 0.1257
Epoch 46 Progress: 78% (774/989) - Loss: 0.0361
Epoch 46 Progress: 79% (783/989) - Loss: 0.0523
Epoch 46 Progress: 80% (792/989) - Loss: 0.0826
Epoch 46 Progress: 80% (801/989) - Loss: 0.0914
Epoch 46 Progress: 81% (810/989) - Loss: 0.0781
Epoch 46 Progress: 82% (819/989) - Loss: 0.1237
Epoch 46 Progress: 83% (828/989) - Loss: 0.0717
Epoch 46 Progress: 84% (837/989) - Loss: 0.1098
Epoch 46 Progress: 85% (846/989) - Loss: 0.0878
Epoch 46 Progress: 86% (855/989) - Loss: 0.0383
Epoch 46 Progress: 87% (864/989) - Loss: 0.0969
Epoch 46 Progress: 88% (873/989) - Loss: 0.0942
Epoch 46 Progress: 89% (882/989) - Loss: 0.1613
Epoch 46 Progress: 90% (891/989) - Loss: 0.0555
Epoch 46 Progress: 91% (900/989) - Loss: 0.1052
Epoch 46 Progress: 91% (909/989) - Loss: 0.1395
Epoch 46 Progress: 92% (918/989) - Loss: 0.1046
Epoch 46 Progress: 93% (927/989) - Loss: 0.1031
Epoch 46 Progress: 94% (936/989) - Loss: 0.0766
Epoch 46 Progress: 95% (945/989) - Loss: 0.0866
Epoch 46 Progress: 96% (954/989) - Loss: 0.1144
Epoch 46 Progress: 97% (963/989) - Loss: 0.0701
Epoch 46 Progress: 98% (972/989) - Loss: 0.1321
Epoch 46 Progress: 99% (981/989) - Loss: 0.0674
Epoch 46 Progress: 100% (989/989) - Loss: 0.0832
Train Loss: 0.1246 | Val Loss: 0.1241 | Val Mean Dice: 0.8829
Dice WT: 0.8875 | Dice TC: 0.9090 | Dice ET: 0.8523
Peak RAM: 1357 MB | Peak VRAM: 26387 MB | Peak GPU Util: 100.0%

Epoch 47/100  LR=0.000032
Epoch 47 Progress: 0% (9/989) - Loss: 0.1053
Epoch 47 Progress: 1% (18/989) - Loss: 0.0569
Epoch 47 Progress: 2% (27/989) - Loss: 0.0571
Epoch 47 Progress: 3% (36/989) - Loss: 0.1055
Epoch 47 Progress: 4% (45/989) - Loss: 0.0537
Epoch 47 Progress: 5% (54/989) - Loss: 0.0364
Epoch 47 Progress: 6% (63/989) - Loss: 0.1979
Epoch 47 Progress: 7% (72/989) - Loss: 0.0737
Epoch 47 Progress: 8% (81/989) - Loss: 0.1685
Epoch 47 Progress: 9% (90/989) - Loss: 0.3274
Epoch 47 Progress: 10% (99/989) - Loss: 0.4109
Epoch 47 Progress: 10% (108/989) - Loss: 0.5688
Epoch 47 Progress: 11% (117/989) - Loss: 0.0867
Epoch 47 Progress: 12% (126/989) - Loss: 0.0859
Epoch 47 Progress: 13% (135/989) - Loss: 0.0777
Epoch 47 Progress: 14% (144/989) - Loss: 0.1021
Epoch 47 Progress: 15% (153/989) - Loss: 0.1066
Epoch 47 Progress: 16% (162/989) - Loss: 0.0735
Epoch 47 Progress: 17% (171/989) - Loss: 0.0527
Epoch 47 Progress: 18% (180/989) - Loss: 0.0522
Epoch 47 Progress: 19% (189/989) - Loss: 0.0613
Epoch 47 Progress: 20% (198/989) - Loss: 0.0534
Epoch 47 Progress: 20% (207/989) - Loss: 0.1035
Epoch 47 Progress: 21% (216/989) - Loss: 0.0784
Epoch 47 Progress: 22% (225/989) - Loss: 0.2330
Epoch 47 Progress: 23% (234/989) - Loss: 0.0451
Epoch 47 Progress: 24% (243/989) - Loss: 0.1410
Epoch 47 Progress: 25% (252/989) - Loss: 0.3343
Epoch 47 Progress: 26% (261/989) - Loss: 0.0641
Epoch 47 Progress: 27% (270/989) - Loss: 0.1324
Epoch 47 Progress: 28% (279/989) - Loss: 0.0660
Epoch 47 Progress: 29% (288/989) - Loss: 0.0351
Epoch 47 Progress: 30% (297/989) - Loss: 0.0826
Epoch 47 Progress: 30% (306/989) - Loss: 0.1074
Epoch 47 Progress: 31% (315/989) - Loss: 0.0873
Epoch 47 Progress: 32% (324/989) - Loss: 0.1991
Epoch 47 Progress: 33% (333/989) - Loss: 0.0664
Epoch 47 Progress: 34% (342/989) - Loss: 0.1139
Epoch 47 Progress: 35% (351/989) - Loss: 0.0869
Epoch 47 Progress: 36% (360/989) - Loss: 0.0476
Epoch 47 Progress: 37% (369/989) - Loss: 0.0659
Epoch 47 Progress: 38% (378/989) - Loss: 0.0549
Epoch 47 Progress: 39% (387/989) - Loss: 0.0609
Epoch 47 Progress: 40% (396/989) - Loss: 0.0518
Epoch 47 Progress: 40% (405/989) - Loss: 0.1499
Epoch 47 Progress: 41% (414/989) - Loss: 0.1105
Epoch 47 Progress: 42% (423/989) - Loss: 0.1301
Epoch 47 Progress: 43% (432/989) - Loss: 0.1685
Epoch 47 Progress: 44% (441/989) - Loss: 0.1505
Epoch 47 Progress: 45% (450/989) - Loss: 0.0751
Epoch 47 Progress: 46% (459/989) - Loss: 0.0840
Epoch 47 Progress: 47% (468/989) - Loss: 0.1287
Epoch 47 Progress: 48% (477/989) - Loss: 0.4949
Epoch 47 Progress: 49% (486/989) - Loss: 0.1433
Epoch 47 Progress: 50% (495/989) - Loss: 0.0698
Epoch 47 Progress: 50% (504/989) - Loss: 0.1742
Epoch 47 Progress: 51% (513/989) - Loss: 0.0888
Epoch 47 Progress: 52% (522/989) - Loss: 0.1013
Epoch 47 Progress: 53% (531/989) - Loss: 0.0383
Epoch 47 Progress: 54% (540/989) - Loss: 0.0413
Epoch 47 Progress: 55% (549/989) - Loss: 0.1051
Epoch 47 Progress: 56% (558/989) - Loss: 0.0756
Epoch 47 Progress: 57% (567/989) - Loss: 0.0392
Epoch 47 Progress: 58% (576/989) - Loss: 0.2458
Epoch 47 Progress: 59% (585/989) - Loss: 0.1513
Epoch 47 Progress: 60% (594/989) - Loss: 0.0518
Epoch 47 Progress: 60% (603/989) - Loss: 0.0771
Epoch 47 Progress: 61% (612/989) - Loss: 0.0698
Epoch 47 Progress: 62% (621/989) - Loss: 0.0642
Epoch 47 Progress: 63% (630/989) - Loss: 0.0721
Epoch 47 Progress: 64% (639/989) - Loss: 0.1229
Epoch 47 Progress: 65% (648/989) - Loss: 0.0688
Epoch 47 Progress: 66% (657/989) - Loss: 0.0566
Epoch 47 Progress: 67% (666/989) - Loss: 0.1661
Epoch 47 Progress: 68% (675/989) - Loss: 0.0880
Epoch 47 Progress: 69% (684/989) - Loss: 0.0297
Epoch 47 Progress: 70% (693/989) - Loss: 0.0957
Epoch 47 Progress: 70% (702/989) - Loss: 0.6826
Epoch 47 Progress: 71% (711/989) - Loss: 0.0938
Epoch 47 Progress: 72% (720/989) - Loss: 0.1027
Epoch 47 Progress: 73% (729/989) - Loss: 0.0999
Epoch 47 Progress: 74% (738/989) - Loss: 0.1640
Epoch 47 Progress: 75% (747/989) - Loss: 0.0736
Epoch 47 Progress: 76% (756/989) - Loss: 0.0626
Epoch 47 Progress: 77% (765/989) - Loss: 0.0902
Epoch 47 Progress: 78% (774/989) - Loss: 0.0656
Epoch 47 Progress: 79% (783/989) - Loss: 0.1084
Epoch 47 Progress: 80% (792/989) - Loss: 0.1870
Epoch 47 Progress: 80% (801/989) - Loss: 0.0548
Epoch 47 Progress: 81% (810/989) - Loss: 0.1039
Epoch 47 Progress: 82% (819/989) - Loss: 0.1328
Epoch 47 Progress: 83% (828/989) - Loss: 0.1959
Epoch 47 Progress: 84% (837/989) - Loss: 0.1658
Epoch 47 Progress: 85% (846/989) - Loss: 0.0765
Epoch 47 Progress: 86% (855/989) - Loss: 0.0748
Epoch 47 Progress: 87% (864/989) - Loss: 0.0816
Epoch 47 Progress: 88% (873/989) - Loss: 0.4438
Epoch 47 Progress: 89% (882/989) - Loss: 0.1130
Epoch 47 Progress: 90% (891/989) - Loss: 0.2096
Epoch 47 Progress: 91% (900/989) - Loss: 0.0949
Epoch 47 Progress: 91% (909/989) - Loss: 0.0441
Epoch 47 Progress: 92% (918/989) - Loss: 0.0839
Epoch 47 Progress: 93% (927/989) - Loss: 0.1117
Epoch 47 Progress: 94% (936/989) - Loss: 0.0822
Epoch 47 Progress: 95% (945/989) - Loss: 0.1323
Epoch 47 Progress: 96% (954/989) - Loss: 0.7301
Epoch 47 Progress: 97% (963/989) - Loss: 0.1308
Epoch 47 Progress: 98% (972/989) - Loss: 0.1982
Epoch 47 Progress: 99% (981/989) - Loss: 0.2055
Epoch 47 Progress: 100% (989/989) - Loss: 0.1149
Train Loss: 0.1247 | Val Loss: 0.1306 | Val Mean Dice: 0.8804
Dice WT: 0.9003 | Dice TC: 0.8989 | Dice ET: 0.8421
Peak RAM: 1357 MB | Peak VRAM: 26387 MB | Peak GPU Util: 100.0%

Epoch 48/100  LR=0.000031
Epoch 48 Progress: 0% (9/989) - Loss: 0.2211
Epoch 48 Progress: 1% (18/989) - Loss: 0.0609
Epoch 48 Progress: 2% (27/989) - Loss: 0.0375
Epoch 48 Progress: 3% (36/989) - Loss: 0.1351
Epoch 48 Progress: 4% (45/989) - Loss: 0.1046
Epoch 48 Progress: 5% (54/989) - Loss: 0.0706
Epoch 48 Progress: 6% (63/989) - Loss: 0.1359
Epoch 48 Progress: 7% (72/989) - Loss: 0.3285
Epoch 48 Progress: 8% (81/989) - Loss: 0.1541
Epoch 48 Progress: 9% (90/989) - Loss: 0.0385
Epoch 48 Progress: 10% (99/989) - Loss: 0.0682
Epoch 48 Progress: 10% (108/989) - Loss: 0.0811
Epoch 48 Progress: 11% (117/989) - Loss: 0.2170
Epoch 48 Progress: 12% (126/989) - Loss: 0.4666
Epoch 48 Progress: 13% (135/989) - Loss: 0.4036
Epoch 48 Progress: 14% (144/989) - Loss: 0.0789
Epoch 48 Progress: 15% (153/989) - Loss: 0.4047
Epoch 48 Progress: 16% (162/989) - Loss: 0.1913
Epoch 48 Progress: 17% (171/989) - Loss: 0.0898
Epoch 48 Progress: 18% (180/989) - Loss: 0.1401
Epoch 48 Progress: 19% (189/989) - Loss: 0.1052
Epoch 48 Progress: 20% (198/989) - Loss: 0.2888
Epoch 48 Progress: 20% (207/989) - Loss: 0.1339
Epoch 48 Progress: 21% (216/989) - Loss: 0.3740
Epoch 48 Progress: 22% (225/989) - Loss: 0.0496
Epoch 48 Progress: 23% (234/989) - Loss: 0.0997
Epoch 48 Progress: 24% (243/989) - Loss: 0.1431
Epoch 48 Progress: 25% (252/989) - Loss: 0.2414
Epoch 48 Progress: 26% (261/989) - Loss: 0.1042
Epoch 48 Progress: 27% (270/989) - Loss: 0.1312
Epoch 48 Progress: 28% (279/989) - Loss: 0.0653
Epoch 48 Progress: 29% (288/989) - Loss: 0.0878
Epoch 48 Progress: 30% (297/989) - Loss: 0.0547
Epoch 48 Progress: 30% (306/989) - Loss: 0.0531
Epoch 48 Progress: 31% (315/989) - Loss: 0.1499
Epoch 48 Progress: 32% (324/989) - Loss: 0.0937
Epoch 48 Progress: 33% (333/989) - Loss: 0.0877
Epoch 48 Progress: 34% (342/989) - Loss: 0.1035
Epoch 48 Progress: 35% (351/989) - Loss: 0.0943
Epoch 48 Progress: 36% (360/989) - Loss: 0.0516
Epoch 48 Progress: 37% (369/989) - Loss: 0.0557
Epoch 48 Progress: 38% (378/989) - Loss: 0.0487
Epoch 48 Progress: 39% (387/989) - Loss: 0.1053
Epoch 48 Progress: 40% (396/989) - Loss: 0.2084
Epoch 48 Progress: 40% (405/989) - Loss: 0.0498
Epoch 48 Progress: 41% (414/989) - Loss: 0.1033
Epoch 48 Progress: 42% (423/989) - Loss: 0.1366
Epoch 48 Progress: 43% (432/989) - Loss: 0.0344
Epoch 48 Progress: 44% (441/989) - Loss: 0.0673
Epoch 48 Progress: 45% (450/989) - Loss: 0.0839
Epoch 48 Progress: 46% (459/989) - Loss: 0.1209
Epoch 48 Progress: 47% (468/989) - Loss: 0.1350
Epoch 48 Progress: 48% (477/989) - Loss: 0.0685
Epoch 48 Progress: 49% (486/989) - Loss: 0.1429
Epoch 48 Progress: 50% (495/989) - Loss: 0.1314
Epoch 48 Progress: 50% (504/989) - Loss: 0.0673
Epoch 48 Progress: 51% (513/989) - Loss: 0.0626
Epoch 48 Progress: 52% (522/989) - Loss: 0.0496
Epoch 48 Progress: 53% (531/989) - Loss: 0.0323
Epoch 48 Progress: 54% (540/989) - Loss: 0.0654
Epoch 48 Progress: 55% (549/989) - Loss: 0.1748
Epoch 48 Progress: 56% (558/989) - Loss: 0.0864
Epoch 48 Progress: 57% (567/989) - Loss: 0.0786
Epoch 48 Progress: 58% (576/989) - Loss: 0.1681
Epoch 48 Progress: 59% (585/989) - Loss: 0.1142
Epoch 48 Progress: 60% (594/989) - Loss: 0.1100
Epoch 48 Progress: 60% (603/989) - Loss: 0.2256
Epoch 48 Progress: 61% (612/989) - Loss: 0.0949
Epoch 48 Progress: 62% (621/989) - Loss: 0.0683
Epoch 48 Progress: 63% (630/989) - Loss: 0.0707
Epoch 48 Progress: 64% (639/989) - Loss: 0.1519
Epoch 48 Progress: 65% (648/989) - Loss: 0.0376
Epoch 48 Progress: 66% (657/989) - Loss: 0.0763
Epoch 48 Progress: 67% (666/989) - Loss: 0.1718
Epoch 48 Progress: 68% (675/989) - Loss: 0.0779
Epoch 48 Progress: 69% (684/989) - Loss: 0.1706
Epoch 48 Progress: 70% (693/989) - Loss: 0.1789
Epoch 48 Progress: 70% (702/989) - Loss: 0.0351
Epoch 48 Progress: 71% (711/989) - Loss: 0.0904
Epoch 48 Progress: 72% (720/989) - Loss: 0.1058
Epoch 48 Progress: 73% (729/989) - Loss: 0.0653
Epoch 48 Progress: 74% (738/989) - Loss: 0.1140
Epoch 48 Progress: 75% (747/989) - Loss: 0.0842
Epoch 48 Progress: 76% (756/989) - Loss: 0.0521
Epoch 48 Progress: 77% (765/989) - Loss: 0.0300
Epoch 48 Progress: 78% (774/989) - Loss: 0.1600
Epoch 48 Progress: 79% (783/989) - Loss: 0.0414
Epoch 48 Progress: 80% (792/989) - Loss: 0.2061
Epoch 48 Progress: 80% (801/989) - Loss: 0.0906
Epoch 48 Progress: 81% (810/989) - Loss: 0.1192
Epoch 48 Progress: 82% (819/989) - Loss: 0.4426
Epoch 48 Progress: 83% (828/989) - Loss: 0.1055
Epoch 48 Progress: 84% (837/989) - Loss: 0.1148
Epoch 48 Progress: 85% (846/989) - Loss: 0.0922
Epoch 48 Progress: 86% (855/989) - Loss: 0.0446
Epoch 48 Progress: 87% (864/989) - Loss: 0.0888
Epoch 48 Progress: 88% (873/989) - Loss: 0.0361
Epoch 48 Progress: 89% (882/989) - Loss: 0.0669
Epoch 48 Progress: 90% (891/989) - Loss: 0.0950
Epoch 48 Progress: 91% (900/989) - Loss: 0.0952
Epoch 48 Progress: 91% (909/989) - Loss: 0.1559
Epoch 48 Progress: 92% (918/989) - Loss: 0.0659
Epoch 48 Progress: 93% (927/989) - Loss: 0.0811
Epoch 48 Progress: 94% (936/989) - Loss: 0.0566
Epoch 48 Progress: 95% (945/989) - Loss: 0.0632
Epoch 48 Progress: 96% (954/989) - Loss: 0.1422
Epoch 48 Progress: 97% (963/989) - Loss: 0.1514
Epoch 48 Progress: 98% (972/989) - Loss: 0.1402
Epoch 48 Progress: 99% (981/989) - Loss: 0.0581
Epoch 48 Progress: 100% (989/989) - Loss: 0.0938
Train Loss: 0.1225 | Val Loss: 0.1209 | Val Mean Dice: 0.8927
Dice WT: 0.9170 | Dice TC: 0.9059 | Dice ET: 0.8553
Peak RAM: 1357 MB | Peak VRAM: 26387 MB | Peak GPU Util: 100.0%

Epoch 49/100  LR=0.000030
Epoch 49 Progress: 0% (9/989) - Loss: 0.1107
Epoch 49 Progress: 1% (18/989) - Loss: 0.1763
Epoch 49 Progress: 2% (27/989) - Loss: 0.2025
Epoch 49 Progress: 3% (36/989) - Loss: 0.0553
Epoch 49 Progress: 4% (45/989) - Loss: 0.0678
Epoch 49 Progress: 5% (54/989) - Loss: 0.0588
Epoch 49 Progress: 6% (63/989) - Loss: 0.2301
Epoch 49 Progress: 7% (72/989) - Loss: 0.0597
Epoch 49 Progress: 8% (81/989) - Loss: 0.0350
Epoch 49 Progress: 9% (90/989) - Loss: 0.0730
Epoch 49 Progress: 10% (99/989) - Loss: 0.0892
Epoch 49 Progress: 10% (108/989) - Loss: 0.0947
Epoch 49 Progress: 11% (117/989) - Loss: 0.1082
Epoch 49 Progress: 12% (126/989) - Loss: 0.1864
Epoch 49 Progress: 13% (135/989) - Loss: 0.0736
Epoch 49 Progress: 14% (144/989) - Loss: 0.0617
Epoch 49 Progress: 15% (153/989) - Loss: 0.2486
Epoch 49 Progress: 16% (162/989) - Loss: 0.1287
Epoch 49 Progress: 17% (171/989) - Loss: 0.1340
Epoch 49 Progress: 18% (180/989) - Loss: 0.0684
Epoch 49 Progress: 19% (189/989) - Loss: 0.1162
Epoch 49 Progress: 20% (198/989) - Loss: 0.1785
Epoch 49 Progress: 20% (207/989) - Loss: 0.1795
Epoch 49 Progress: 21% (216/989) - Loss: 0.0520
Epoch 49 Progress: 22% (225/989) - Loss: 0.0651
Epoch 49 Progress: 23% (234/989) - Loss: 0.0560
Epoch 49 Progress: 24% (243/989) - Loss: 0.1100
Epoch 49 Progress: 25% (252/989) - Loss: 0.1521
Epoch 49 Progress: 26% (261/989) - Loss: 0.1079
Epoch 49 Progress: 27% (270/989) - Loss: 0.0722
Epoch 49 Progress: 28% (279/989) - Loss: 0.0869
Epoch 49 Progress: 29% (288/989) - Loss: 0.1113
Epoch 49 Progress: 30% (297/989) - Loss: 0.1154
Epoch 49 Progress: 30% (306/989) - Loss: 0.1654
Epoch 49 Progress: 31% (315/989) - Loss: 0.1695
Epoch 49 Progress: 32% (324/989) - Loss: 0.0792
Epoch 49 Progress: 33% (333/989) - Loss: 0.1482
Epoch 49 Progress: 34% (342/989) - Loss: 0.1135
Epoch 49 Progress: 35% (351/989) - Loss: 0.2328
Epoch 49 Progress: 36% (360/989) - Loss: 0.1050
Epoch 49 Progress: 37% (369/989) - Loss: 0.0892
Epoch 49 Progress: 38% (378/989) - Loss: 0.1466
Epoch 49 Progress: 39% (387/989) - Loss: 0.1496
Epoch 49 Progress: 40% (396/989) - Loss: 0.1355
Epoch 49 Progress: 40% (405/989) - Loss: 0.0902
Epoch 49 Progress: 41% (414/989) - Loss: 0.1200
Epoch 49 Progress: 42% (423/989) - Loss: 0.0634
Epoch 49 Progress: 43% (432/989) - Loss: 0.1163
Epoch 49 Progress: 44% (441/989) - Loss: 0.1088
Epoch 49 Progress: 45% (450/989) - Loss: 0.0548
Epoch 49 Progress: 46% (459/989) - Loss: 0.1293
Epoch 49 Progress: 47% (468/989) - Loss: 0.0333
Epoch 49 Progress: 48% (477/989) - Loss: 0.0931
Epoch 49 Progress: 49% (486/989) - Loss: 0.0778
Epoch 49 Progress: 50% (495/989) - Loss: 0.1412
Epoch 49 Progress: 50% (504/989) - Loss: 0.1450
Epoch 49 Progress: 51% (513/989) - Loss: 0.0730
Epoch 49 Progress: 52% (522/989) - Loss: 0.1098
Epoch 49 Progress: 53% (531/989) - Loss: 0.0974
Epoch 49 Progress: 54% (540/989) - Loss: 0.0578
Epoch 49 Progress: 55% (549/989) - Loss: 0.2446
Epoch 49 Progress: 56% (558/989) - Loss: 0.5048
Epoch 49 Progress: 57% (567/989) - Loss: 0.1449
Epoch 49 Progress: 58% (576/989) - Loss: 0.1234
Epoch 49 Progress: 59% (585/989) - Loss: 0.1052
Epoch 49 Progress: 60% (594/989) - Loss: 0.1981
Epoch 49 Progress: 60% (603/989) - Loss: 0.0909
Epoch 49 Progress: 61% (612/989) - Loss: 0.1174
Epoch 49 Progress: 62% (621/989) - Loss: 0.1302
Epoch 49 Progress: 63% (630/989) - Loss: 0.1627
Epoch 49 Progress: 64% (639/989) - Loss: 0.1504
Epoch 49 Progress: 65% (648/989) - Loss: 0.0650
Epoch 49 Progress: 66% (657/989) - Loss: 0.0477
Epoch 49 Progress: 67% (666/989) - Loss: 0.0787
Epoch 49 Progress: 68% (675/989) - Loss: 0.1312
Epoch 49 Progress: 69% (684/989) - Loss: 0.1128
Epoch 49 Progress: 70% (693/989) - Loss: 0.1796
Epoch 49 Progress: 70% (702/989) - Loss: 0.1145
Epoch 49 Progress: 71% (711/989) - Loss: 0.0762
Epoch 49 Progress: 72% (720/989) - Loss: 0.1369
Epoch 49 Progress: 73% (729/989) - Loss: 0.0792
Epoch 49 Progress: 74% (738/989) - Loss: 0.1561
Epoch 49 Progress: 75% (747/989) - Loss: 0.0802
Epoch 49 Progress: 76% (756/989) - Loss: 0.2286
Epoch 49 Progress: 77% (765/989) - Loss: 0.1003
Epoch 49 Progress: 78% (774/989) - Loss: 0.3257
Epoch 49 Progress: 79% (783/989) - Loss: 0.0557
Epoch 49 Progress: 80% (792/989) - Loss: 0.0594
Epoch 49 Progress: 80% (801/989) - Loss: 0.0543
Epoch 49 Progress: 81% (810/989) - Loss: 0.0902
Epoch 49 Progress: 82% (819/989) - Loss: 0.0865
Epoch 49 Progress: 83% (828/989) - Loss: 0.0415
Epoch 49 Progress: 84% (837/989) - Loss: 0.1145
Epoch 49 Progress: 85% (846/989) - Loss: 0.0426
Epoch 49 Progress: 86% (855/989) - Loss: 0.1173
Epoch 49 Progress: 87% (864/989) - Loss: 0.1713
Epoch 49 Progress: 88% (873/989) - Loss: 0.1099
Epoch 49 Progress: 89% (882/989) - Loss: 0.0475
Epoch 49 Progress: 90% (891/989) - Loss: 0.1373
Epoch 49 Progress: 91% (900/989) - Loss: 0.4075
Epoch 49 Progress: 91% (909/989) - Loss: 0.0958
Epoch 49 Progress: 92% (918/989) - Loss: 0.1043
Epoch 49 Progress: 93% (927/989) - Loss: 0.0976
Epoch 49 Progress: 94% (936/989) - Loss: 0.1871
Epoch 49 Progress: 95% (945/989) - Loss: 0.1232
Epoch 49 Progress: 96% (954/989) - Loss: 0.1116
Epoch 49 Progress: 97% (963/989) - Loss: 0.0954
Epoch 49 Progress: 98% (972/989) - Loss: 0.1648
Epoch 49 Progress: 99% (981/989) - Loss: 0.0555
Epoch 49 Progress: 100% (989/989) - Loss: 0.1070
Train Loss: 0.1214 | Val Loss: 0.1182 | Val Mean Dice: 0.8901
Dice WT: 0.9068 | Dice TC: 0.9085 | Dice ET: 0.8549
Peak RAM: 1357 MB | Peak VRAM: 26387 MB | Peak GPU Util: 100.0%

Epoch 50/100  LR=0.000029
Epoch 50 Progress: 0% (9/989) - Loss: 0.0767
Epoch 50 Progress: 1% (18/989) - Loss: 0.0470
Epoch 50 Progress: 2% (27/989) - Loss: 0.1597
Epoch 50 Progress: 3% (36/989) - Loss: 0.1435
Epoch 50 Progress: 4% (45/989) - Loss: 0.1293
Epoch 50 Progress: 5% (54/989) - Loss: 0.0813
Epoch 50 Progress: 6% (63/989) - Loss: 0.0999
Epoch 50 Progress: 7% (72/989) - Loss: 0.1602
Epoch 50 Progress: 8% (81/989) - Loss: 0.1048
Epoch 50 Progress: 9% (90/989) - Loss: 0.0583
Epoch 50 Progress: 10% (99/989) - Loss: 0.0699
Epoch 50 Progress: 10% (108/989) - Loss: 0.0358
Epoch 50 Progress: 11% (117/989) - Loss: 0.0458
Epoch 50 Progress: 12% (126/989) - Loss: 0.0814
Epoch 50 Progress: 13% (135/989) - Loss: 0.0654
Epoch 50 Progress: 14% (144/989) - Loss: 0.0528
Epoch 50 Progress: 15% (153/989) - Loss: 0.0272
Epoch 50 Progress: 16% (162/989) - Loss: 0.0551
Epoch 50 Progress: 17% (171/989) - Loss: 0.0722
Epoch 50 Progress: 18% (180/989) - Loss: 0.0810
Epoch 50 Progress: 19% (189/989) - Loss: 0.0968
Epoch 50 Progress: 20% (198/989) - Loss: 0.0887
Epoch 50 Progress: 20% (207/989) - Loss: 0.0666
Epoch 50 Progress: 21% (216/989) - Loss: 0.0437
Epoch 50 Progress: 22% (225/989) - Loss: 0.1077
Epoch 50 Progress: 23% (234/989) - Loss: 0.0846
Epoch 50 Progress: 24% (243/989) - Loss: 0.0608
Epoch 50 Progress: 25% (252/989) - Loss: 0.4122
Epoch 50 Progress: 26% (261/989) - Loss: 0.1186
Epoch 50 Progress: 27% (270/989) - Loss: 0.0536
Epoch 50 Progress: 28% (279/989) - Loss: 0.0873
Epoch 50 Progress: 29% (288/989) - Loss: 0.0837
Epoch 50 Progress: 30% (297/989) - Loss: 0.1329
Epoch 50 Progress: 30% (306/989) - Loss: 0.1706
Epoch 50 Progress: 31% (315/989) - Loss: 0.1420
Epoch 50 Progress: 32% (324/989) - Loss: 0.0623
Epoch 50 Progress: 33% (333/989) - Loss: 0.1882
Epoch 50 Progress: 34% (342/989) - Loss: 0.1287
Epoch 50 Progress: 35% (351/989) - Loss: 0.1524
Epoch 50 Progress: 36% (360/989) - Loss: 0.3040
Epoch 50 Progress: 37% (369/989) - Loss: 0.0804
Epoch 50 Progress: 38% (378/989) - Loss: 0.0673
Epoch 50 Progress: 39% (387/989) - Loss: 0.0827
Epoch 50 Progress: 40% (396/989) - Loss: 0.1042
Epoch 50 Progress: 40% (405/989) - Loss: 0.0589
Epoch 50 Progress: 41% (414/989) - Loss: 0.0840
Epoch 50 Progress: 42% (423/989) - Loss: 0.1460
Epoch 50 Progress: 43% (432/989) - Loss: 0.0836
Epoch 50 Progress: 44% (441/989) - Loss: 0.0824
Epoch 50 Progress: 45% (450/989) - Loss: 0.0394
Epoch 50 Progress: 46% (459/989) - Loss: 0.2306
Epoch 50 Progress: 47% (468/989) - Loss: 0.2662
Epoch 50 Progress: 48% (477/989) - Loss: 0.0996
Epoch 50 Progress: 49% (486/989) - Loss: 0.1005
Epoch 50 Progress: 50% (495/989) - Loss: 0.1201
Epoch 50 Progress: 50% (504/989) - Loss: 0.0883
Epoch 50 Progress: 51% (513/989) - Loss: 0.0964
Epoch 50 Progress: 52% (522/989) - Loss: 0.1120
Epoch 50 Progress: 53% (531/989) - Loss: 0.7041
Epoch 50 Progress: 54% (540/989) - Loss: 0.1181
Epoch 50 Progress: 55% (549/989) - Loss: 0.1821
Epoch 50 Progress: 56% (558/989) - Loss: 0.1524
Epoch 50 Progress: 57% (567/989) - Loss: 0.0830
Epoch 50 Progress: 58% (576/989) - Loss: 0.1355
Epoch 50 Progress: 59% (585/989) - Loss: 0.1025
Epoch 50 Progress: 60% (594/989) - Loss: 0.4651
Epoch 50 Progress: 60% (603/989) - Loss: 0.1699
Epoch 50 Progress: 61% (612/989) - Loss: 0.3392
Epoch 50 Progress: 62% (621/989) - Loss: 0.1347
Epoch 50 Progress: 63% (630/989) - Loss: 0.0781
Epoch 50 Progress: 64% (639/989) - Loss: 0.1277
Epoch 50 Progress: 65% (648/989) - Loss: 0.0942
Epoch 50 Progress: 66% (657/989) - Loss: 0.1236
Epoch 50 Progress: 67% (666/989) - Loss: 0.1086
Epoch 50 Progress: 68% (675/989) - Loss: 0.0943
Epoch 50 Progress: 69% (684/989) - Loss: 0.0771
Epoch 50 Progress: 70% (693/989) - Loss: 0.0500
Epoch 50 Progress: 70% (702/989) - Loss: 0.0728
Epoch 50 Progress: 71% (711/989) - Loss: 0.0825
Epoch 50 Progress: 72% (720/989) - Loss: 0.3304
Epoch 50 Progress: 73% (729/989) - Loss: 0.1118
Epoch 50 Progress: 74% (738/989) - Loss: 0.1014
Epoch 50 Progress: 75% (747/989) - Loss: 0.1102
Epoch 50 Progress: 76% (756/989) - Loss: 0.1759
Epoch 50 Progress: 77% (765/989) - Loss: 0.0708
Epoch 50 Progress: 78% (774/989) - Loss: 0.0796
Epoch 50 Progress: 79% (783/989) - Loss: 0.2562
Epoch 50 Progress: 80% (792/989) - Loss: 0.0624
Epoch 50 Progress: 80% (801/989) - Loss: 0.6599
Epoch 50 Progress: 81% (810/989) - Loss: 0.0754
Epoch 50 Progress: 82% (819/989) - Loss: 0.1146
Epoch 50 Progress: 83% (828/989) - Loss: 0.0656
Epoch 50 Progress: 84% (837/989) - Loss: 0.1972
Epoch 50 Progress: 85% (846/989) - Loss: 0.0840
Epoch 50 Progress: 86% (855/989) - Loss: 0.1050
Epoch 50 Progress: 87% (864/989) - Loss: 0.0656
Epoch 50 Progress: 88% (873/989) - Loss: 0.0653
Epoch 50 Progress: 89% (882/989) - Loss: 0.0415
Epoch 50 Progress: 90% (891/989) - Loss: 0.1515
Epoch 50 Progress: 91% (900/989) - Loss: 0.2919
Epoch 50 Progress: 91% (909/989) - Loss: 0.0951
Epoch 50 Progress: 92% (918/989) - Loss: 0.0555
Epoch 50 Progress: 93% (927/989) - Loss: 0.0649
Epoch 50 Progress: 94% (936/989) - Loss: 0.1137
Epoch 50 Progress: 95% (945/989) - Loss: 0.1128
Epoch 50 Progress: 96% (954/989) - Loss: 0.1110
Epoch 50 Progress: 97% (963/989) - Loss: 0.0649
Epoch 50 Progress: 98% (972/989) - Loss: 0.0633
Epoch 50 Progress: 99% (981/989) - Loss: 0.0509
Epoch 50 Progress: 100% (989/989) - Loss: 0.0593
Train Loss: 0.1227 | Val Loss: 0.1212 | Val Mean Dice: 0.8884
Dice WT: 0.9139 | Dice TC: 0.9053 | Dice ET: 0.8459
Peak RAM: 1357 MB | Peak VRAM: 26387 MB | Peak GPU Util: 100.0%

Epoch 51/100  LR=0.000028
Epoch 51 Progress: 0% (9/989) - Loss: 0.1392
Epoch 51 Progress: 1% (18/989) - Loss: 0.1065
Epoch 51 Progress: 2% (27/989) - Loss: 0.0174
Epoch 51 Progress: 3% (36/989) - Loss: 0.2208
Epoch 51 Progress: 4% (45/989) - Loss: 0.0932
Epoch 51 Progress: 5% (54/989) - Loss: 0.0711
Epoch 51 Progress: 6% (63/989) - Loss: 0.0688
Epoch 51 Progress: 7% (72/989) - Loss: 0.1709
Epoch 51 Progress: 8% (81/989) - Loss: 0.0904
Epoch 51 Progress: 9% (90/989) - Loss: 0.0514
Epoch 51 Progress: 10% (99/989) - Loss: 0.1119
Epoch 51 Progress: 10% (108/989) - Loss: 0.0486
Epoch 51 Progress: 11% (117/989) - Loss: 0.0877
Epoch 51 Progress: 12% (126/989) - Loss: 0.1954
Epoch 51 Progress: 13% (135/989) - Loss: 0.1095
Epoch 51 Progress: 14% (144/989) - Loss: 0.1150
Epoch 51 Progress: 15% (153/989) - Loss: 0.1028
Epoch 51 Progress: 16% (162/989) - Loss: 0.1056
Epoch 51 Progress: 17% (171/989) - Loss: 0.0577
Epoch 51 Progress: 18% (180/989) - Loss: 0.0667
Epoch 51 Progress: 19% (189/989) - Loss: 0.1392
Epoch 51 Progress: 20% (198/989) - Loss: 0.1224
Epoch 51 Progress: 20% (207/989) - Loss: 0.1267
Epoch 51 Progress: 21% (216/989) - Loss: 0.0447
Epoch 51 Progress: 22% (225/989) - Loss: 0.0767
Epoch 51 Progress: 23% (234/989) - Loss: 0.0354
Epoch 51 Progress: 24% (243/989) - Loss: 0.2071
Epoch 51 Progress: 25% (252/989) - Loss: 0.1249
Epoch 51 Progress: 26% (261/989) - Loss: 0.0852
Epoch 51 Progress: 27% (270/989) - Loss: 0.1141
Epoch 51 Progress: 28% (279/989) - Loss: 0.2026
Epoch 51 Progress: 29% (288/989) - Loss: 0.0642
Epoch 51 Progress: 30% (297/989) - Loss: 0.0390
Epoch 51 Progress: 30% (306/989) - Loss: 0.1141
Epoch 51 Progress: 31% (315/989) - Loss: 0.0411
Epoch 51 Progress: 32% (324/989) - Loss: 0.0576
Epoch 51 Progress: 33% (333/989) - Loss: 0.1136
Epoch 51 Progress: 34% (342/989) - Loss: 0.1488
Epoch 51 Progress: 35% (351/989) - Loss: 0.2128
Epoch 51 Progress: 36% (360/989) - Loss: 0.0738
Epoch 51 Progress: 37% (369/989) - Loss: 0.1117
Epoch 51 Progress: 38% (378/989) - Loss: 0.0804
Epoch 51 Progress: 39% (387/989) - Loss: 0.2002
Epoch 51 Progress: 40% (396/989) - Loss: 0.4681
Epoch 51 Progress: 40% (405/989) - Loss: 0.1151
Epoch 51 Progress: 41% (414/989) - Loss: 0.1123
Epoch 51 Progress: 42% (423/989) - Loss: 0.0916
Epoch 51 Progress: 43% (432/989) - Loss: 0.2054
Epoch 51 Progress: 44% (441/989) - Loss: 0.2107
Epoch 51 Progress: 45% (450/989) - Loss: 0.2523
Epoch 51 Progress: 46% (459/989) - Loss: 0.0883
Epoch 51 Progress: 47% (468/989) - Loss: 0.1247
Epoch 51 Progress: 48% (477/989) - Loss: 0.0928
Epoch 51 Progress: 49% (486/989) - Loss: 0.1098
Epoch 51 Progress: 50% (495/989) - Loss: 0.0819
Epoch 51 Progress: 50% (504/989) - Loss: 0.1750
Epoch 51 Progress: 51% (513/989) - Loss: 0.0856
Epoch 51 Progress: 52% (522/989) - Loss: 0.0761
Epoch 51 Progress: 53% (531/989) - Loss: 0.1051
Epoch 51 Progress: 54% (540/989) - Loss: 0.0446
Epoch 51 Progress: 55% (549/989) - Loss: 0.2956
Epoch 51 Progress: 56% (558/989) - Loss: 0.0500
Epoch 51 Progress: 57% (567/989) - Loss: 0.5069
Epoch 51 Progress: 58% (576/989) - Loss: 0.1112
Epoch 51 Progress: 59% (585/989) - Loss: 0.0570
Epoch 51 Progress: 60% (594/989) - Loss: 0.1181
Epoch 51 Progress: 60% (603/989) - Loss: 0.1770
Epoch 51 Progress: 61% (612/989) - Loss: 0.0998
Epoch 51 Progress: 62% (621/989) - Loss: 0.0734
Epoch 51 Progress: 63% (630/989) - Loss: 0.1262
Epoch 51 Progress: 64% (639/989) - Loss: 0.0645
Epoch 51 Progress: 65% (648/989) - Loss: 0.1456
Epoch 51 Progress: 66% (657/989) - Loss: 0.0832
Epoch 51 Progress: 67% (666/989) - Loss: 0.1341
Epoch 51 Progress: 68% (675/989) - Loss: 0.1416
Epoch 51 Progress: 69% (684/989) - Loss: 0.1424
Epoch 51 Progress: 70% (693/989) - Loss: 0.1050
Epoch 51 Progress: 70% (702/989) - Loss: 0.0316
Epoch 51 Progress: 71% (711/989) - Loss: 0.1350
Epoch 51 Progress: 72% (720/989) - Loss: 0.1470
Epoch 51 Progress: 73% (729/989) - Loss: 0.0444
Epoch 51 Progress: 74% (738/989) - Loss: 0.0433
Epoch 51 Progress: 75% (747/989) - Loss: 0.1822
Epoch 51 Progress: 76% (756/989) - Loss: 0.0617
Epoch 51 Progress: 77% (765/989) - Loss: 0.0580
Epoch 51 Progress: 78% (774/989) - Loss: 0.2012
Epoch 51 Progress: 79% (783/989) - Loss: 0.0630
Epoch 51 Progress: 80% (792/989) - Loss: 0.0864
Epoch 51 Progress: 80% (801/989) - Loss: 0.0607
Epoch 51 Progress: 81% (810/989) - Loss: 0.0750
Epoch 51 Progress: 82% (819/989) - Loss: 0.0636
Epoch 51 Progress: 83% (828/989) - Loss: 0.0608
Epoch 51 Progress: 84% (837/989) - Loss: 0.2214
Epoch 51 Progress: 85% (846/989) - Loss: 0.0757
Epoch 51 Progress: 86% (855/989) - Loss: 0.2539
Epoch 51 Progress: 87% (864/989) - Loss: 0.0461
Epoch 51 Progress: 88% (873/989) - Loss: 0.1021
Epoch 51 Progress: 89% (882/989) - Loss: 0.0533
Epoch 51 Progress: 90% (891/989) - Loss: 0.0590
Epoch 51 Progress: 91% (900/989) - Loss: 0.0472
Epoch 51 Progress: 91% (909/989) - Loss: 0.1041
Epoch 51 Progress: 92% (918/989) - Loss: 0.0631
Epoch 51 Progress: 93% (927/989) - Loss: 0.1487
Epoch 51 Progress: 94% (936/989) - Loss: 0.1652
Epoch 51 Progress: 95% (945/989) - Loss: 0.1594
Epoch 51 Progress: 96% (954/989) - Loss: 0.1946
Epoch 51 Progress: 97% (963/989) - Loss: 0.1763
Epoch 51 Progress: 98% (972/989) - Loss: 0.0794
Epoch 51 Progress: 99% (981/989) - Loss: 0.1197
Epoch 51 Progress: 100% (989/989) - Loss: 0.8168
Train Loss: 0.1200 | Val Loss: 0.1137 | Val Mean Dice: 0.8975
Dice WT: 0.9221 | Dice TC: 0.9135 | Dice ET: 0.8570
Peak RAM: 1357 MB | Peak VRAM: 26387 MB | Peak GPU Util: 100.0%
Validation Dice improved from 0.8935 to 0.8975. Saving model...

Epoch 52/100  LR=0.000027
Epoch 52 Progress: 0% (9/989) - Loss: 0.0622
Epoch 52 Progress: 1% (18/989) - Loss: 0.1579
Epoch 52 Progress: 2% (27/989) - Loss: 0.0939
Epoch 52 Progress: 3% (36/989) - Loss: 0.1082
Epoch 52 Progress: 4% (45/989) - Loss: 0.2713
Epoch 52 Progress: 5% (54/989) - Loss: 0.0514
Epoch 52 Progress: 6% (63/989) - Loss: 0.0800
Epoch 52 Progress: 7% (72/989) - Loss: 0.1737
Epoch 52 Progress: 8% (81/989) - Loss: 0.1348
Epoch 52 Progress: 9% (90/989) - Loss: 0.1396
Epoch 52 Progress: 10% (99/989) - Loss: 0.4818
Epoch 52 Progress: 10% (108/989) - Loss: 0.1992
Epoch 52 Progress: 11% (117/989) - Loss: 0.1470
Epoch 52 Progress: 12% (126/989) - Loss: 0.1282
Epoch 52 Progress: 13% (135/989) - Loss: 0.0590
Epoch 52 Progress: 14% (144/989) - Loss: 0.0488
Epoch 52 Progress: 15% (153/989) - Loss: 0.0619
Epoch 52 Progress: 16% (162/989) - Loss: 0.0920
Epoch 52 Progress: 17% (171/989) - Loss: 0.0939
Epoch 52 Progress: 18% (180/989) - Loss: 0.0719
Epoch 52 Progress: 19% (189/989) - Loss: 0.0949
Epoch 52 Progress: 20% (198/989) - Loss: 0.1369
Epoch 52 Progress: 20% (207/989) - Loss: 0.2046
Epoch 52 Progress: 21% (216/989) - Loss: 0.0639
Epoch 52 Progress: 22% (225/989) - Loss: 0.1514
Epoch 52 Progress: 23% (234/989) - Loss: 0.1536
Epoch 52 Progress: 24% (243/989) - Loss: 0.0501
Epoch 52 Progress: 25% (252/989) - Loss: 0.0338
Epoch 52 Progress: 26% (261/989) - Loss: 0.0895
Epoch 52 Progress: 27% (270/989) - Loss: 0.1011
Epoch 52 Progress: 28% (279/989) - Loss: 0.0811
Epoch 52 Progress: 29% (288/989) - Loss: 0.1047
Epoch 52 Progress: 30% (297/989) - Loss: 0.1310
Epoch 52 Progress: 30% (306/989) - Loss: 0.1001
Epoch 52 Progress: 31% (315/989) - Loss: 0.0561
Epoch 52 Progress: 32% (324/989) - Loss: 0.6991
Epoch 52 Progress: 33% (333/989) - Loss: 0.1235
Epoch 52 Progress: 34% (342/989) - Loss: 0.0741
Epoch 52 Progress: 35% (351/989) - Loss: 0.2695
Epoch 52 Progress: 36% (360/989) - Loss: 0.2341
Epoch 52 Progress: 37% (369/989) - Loss: 0.0926
Epoch 52 Progress: 38% (378/989) - Loss: 0.1015
Epoch 52 Progress: 39% (387/989) - Loss: 0.0956
Epoch 52 Progress: 40% (396/989) - Loss: 0.0644
Epoch 52 Progress: 40% (405/989) - Loss: 0.1443
Epoch 52 Progress: 41% (414/989) - Loss: 0.0903
Epoch 52 Progress: 42% (423/989) - Loss: 0.0255
Epoch 52 Progress: 43% (432/989) - Loss: 0.1351
Epoch 52 Progress: 44% (441/989) - Loss: 0.0718
Epoch 52 Progress: 45% (450/989) - Loss: 0.0426
Epoch 52 Progress: 46% (459/989) - Loss: 0.4320
Epoch 52 Progress: 47% (468/989) - Loss: 0.0751
Epoch 52 Progress: 48% (477/989) - Loss: 0.0837
Epoch 52 Progress: 49% (486/989) - Loss: 0.4262
Epoch 52 Progress: 50% (495/989) - Loss: 0.0873
Epoch 52 Progress: 50% (504/989) - Loss: 0.1696
Epoch 52 Progress: 51% (513/989) - Loss: 0.4560
Epoch 52 Progress: 52% (522/989) - Loss: 0.0654
Epoch 52 Progress: 53% (531/989) - Loss: 0.0783
Epoch 52 Progress: 54% (540/989) - Loss: 0.0570
Epoch 52 Progress: 55% (549/989) - Loss: 0.1073
Epoch 52 Progress: 56% (558/989) - Loss: 0.0638
Epoch 52 Progress: 57% (567/989) - Loss: 0.1972
Epoch 52 Progress: 58% (576/989) - Loss: 0.0467
Epoch 52 Progress: 59% (585/989) - Loss: 0.1452
Epoch 52 Progress: 60% (594/989) - Loss: 0.2155
Epoch 52 Progress: 60% (603/989) - Loss: 0.2822
Epoch 52 Progress: 61% (612/989) - Loss: 0.1884
Epoch 52 Progress: 62% (621/989) - Loss: 0.2091
Epoch 52 Progress: 63% (630/989) - Loss: 0.6897
Epoch 52 Progress: 64% (639/989) - Loss: 0.0906
Epoch 52 Progress: 65% (648/989) - Loss: 0.0391
Epoch 52 Progress: 66% (657/989) - Loss: 0.4278
Epoch 52 Progress: 67% (666/989) - Loss: 0.0434
Epoch 52 Progress: 68% (675/989) - Loss: 0.0567
Epoch 52 Progress: 69% (684/989) - Loss: 0.0785
Epoch 52 Progress: 70% (693/989) - Loss: 0.7960
Epoch 52 Progress: 70% (702/989) - Loss: 0.0930
Epoch 52 Progress: 71% (711/989) - Loss: 0.1069
Epoch 52 Progress: 72% (720/989) - Loss: 0.0993
Epoch 52 Progress: 73% (729/989) - Loss: 0.3961
Epoch 52 Progress: 74% (738/989) - Loss: 0.1306
Epoch 52 Progress: 75% (747/989) - Loss: 0.0803
Epoch 52 Progress: 76% (756/989) - Loss: 0.1296
Epoch 52 Progress: 77% (765/989) - Loss: 0.0590
Epoch 52 Progress: 78% (774/989) - Loss: 0.1113
Epoch 52 Progress: 79% (783/989) - Loss: 0.0527
Epoch 52 Progress: 80% (792/989) - Loss: 0.1046
Epoch 52 Progress: 80% (801/989) - Loss: 0.1700
Epoch 52 Progress: 81% (810/989) - Loss: 0.1057
Epoch 52 Progress: 82% (819/989) - Loss: 0.4067
Epoch 52 Progress: 83% (828/989) - Loss: 0.0913
Epoch 52 Progress: 84% (837/989) - Loss: 0.1122
Epoch 52 Progress: 85% (846/989) - Loss: 0.0643
Epoch 52 Progress: 86% (855/989) - Loss: 0.1023
Epoch 52 Progress: 87% (864/989) - Loss: 0.1554
Epoch 52 Progress: 88% (873/989) - Loss: 0.0789
Epoch 52 Progress: 89% (882/989) - Loss: 0.0787
Epoch 52 Progress: 90% (891/989) - Loss: 0.1198
Epoch 52 Progress: 91% (900/989) - Loss: 0.2020
Epoch 52 Progress: 91% (909/989) - Loss: 0.0532
Epoch 52 Progress: 92% (918/989) - Loss: 0.1715
Epoch 52 Progress: 93% (927/989) - Loss: 0.0587
Epoch 52 Progress: 94% (936/989) - Loss: 0.0765
Epoch 52 Progress: 95% (945/989) - Loss: 0.1202
Epoch 52 Progress: 96% (954/989) - Loss: 0.0591
Epoch 52 Progress: 97% (963/989) - Loss: 0.0712
Epoch 52 Progress: 98% (972/989) - Loss: 0.0853
Epoch 52 Progress: 99% (981/989) - Loss: 0.1061
Epoch 52 Progress: 100% (989/989) - Loss: 0.0744
Train Loss: 0.1204 | Val Loss: 0.1226 | Val Mean Dice: 0.8891
Dice WT: 0.9131 | Dice TC: 0.9001 | Dice ET: 0.8540
Peak RAM: 1357 MB | Peak VRAM: 26387 MB | Peak GPU Util: 100.0%

Epoch 53/100  LR=0.000026
Epoch 53 Progress: 0% (9/989) - Loss: 0.0505
Epoch 53 Progress: 1% (18/989) - Loss: 0.1037
Epoch 53 Progress: 2% (27/989) - Loss: 0.0660
Epoch 53 Progress: 3% (36/989) - Loss: 0.0562
Epoch 53 Progress: 4% (45/989) - Loss: 0.1535
Epoch 53 Progress: 5% (54/989) - Loss: 0.0398
Epoch 53 Progress: 6% (63/989) - Loss: 0.1156
Epoch 53 Progress: 7% (72/989) - Loss: 0.1381
Epoch 53 Progress: 8% (81/989) - Loss: 0.1100
Epoch 53 Progress: 9% (90/989) - Loss: 0.1026
Epoch 53 Progress: 10% (99/989) - Loss: 0.0784
Epoch 53 Progress: 10% (108/989) - Loss: 0.4328
Epoch 53 Progress: 11% (117/989) - Loss: 0.1152
Epoch 53 Progress: 12% (126/989) - Loss: 0.0521
Epoch 53 Progress: 13% (135/989) - Loss: 0.0643
Epoch 53 Progress: 14% (144/989) - Loss: 0.0591
Epoch 53 Progress: 15% (153/989) - Loss: 0.1033
Epoch 53 Progress: 16% (162/989) - Loss: 0.0896
Epoch 53 Progress: 17% (171/989) - Loss: 0.0990
Epoch 53 Progress: 18% (180/989) - Loss: 0.0643
Epoch 53 Progress: 19% (189/989) - Loss: 0.1249
Epoch 53 Progress: 20% (198/989) - Loss: 0.1311
Epoch 53 Progress: 20% (207/989) - Loss: 0.0975
Epoch 53 Progress: 21% (216/989) - Loss: 0.0708
Epoch 53 Progress: 22% (225/989) - Loss: 0.1073
Epoch 53 Progress: 23% (234/989) - Loss: 0.2929
Epoch 53 Progress: 24% (243/989) - Loss: 0.0581
Epoch 53 Progress: 25% (252/989) - Loss: 0.1576
Epoch 53 Progress: 26% (261/989) - Loss: 0.0830
Epoch 53 Progress: 27% (270/989) - Loss: 0.1007
Epoch 53 Progress: 28% (279/989) - Loss: 0.1652
Epoch 53 Progress: 29% (288/989) - Loss: 0.1219
Epoch 53 Progress: 30% (297/989) - Loss: 0.0736
Epoch 53 Progress: 30% (306/989) - Loss: 0.1091
Epoch 53 Progress: 31% (315/989) - Loss: 0.0425
Epoch 53 Progress: 32% (324/989) - Loss: 0.4435
Epoch 53 Progress: 33% (333/989) - Loss: 0.0529
Epoch 53 Progress: 34% (342/989) - Loss: 0.0467
Epoch 53 Progress: 35% (351/989) - Loss: 0.1352
Epoch 53 Progress: 36% (360/989) - Loss: 0.0675
Epoch 53 Progress: 37% (369/989) - Loss: 0.1126
Epoch 53 Progress: 38% (378/989) - Loss: 0.0674
Epoch 53 Progress: 39% (387/989) - Loss: 0.3452
Epoch 53 Progress: 40% (396/989) - Loss: 0.2785
Epoch 53 Progress: 40% (405/989) - Loss: 0.7487
Epoch 53 Progress: 41% (414/989) - Loss: 0.4487
Epoch 53 Progress: 42% (423/989) - Loss: 0.4654
Epoch 53 Progress: 43% (432/989) - Loss: 0.1132
Epoch 53 Progress: 44% (441/989) - Loss: 0.1566
Epoch 53 Progress: 45% (450/989) - Loss: 0.0315
Epoch 53 Progress: 46% (459/989) - Loss: 0.4956
Epoch 53 Progress: 47% (468/989) - Loss: 0.0673
Epoch 53 Progress: 48% (477/989) - Loss: 0.0555
Epoch 53 Progress: 49% (486/989) - Loss: 0.0705
Epoch 53 Progress: 50% (495/989) - Loss: 0.3055
Epoch 53 Progress: 50% (504/989) - Loss: 0.0379
Epoch 53 Progress: 51% (513/989) - Loss: 0.1532
Epoch 53 Progress: 52% (522/989) - Loss: 0.1192
Epoch 53 Progress: 53% (531/989) - Loss: 0.1776
Epoch 53 Progress: 54% (540/989) - Loss: 0.1223
Epoch 53 Progress: 55% (549/989) - Loss: 0.1050
Epoch 53 Progress: 56% (558/989) - Loss: 0.1143
Epoch 53 Progress: 57% (567/989) - Loss: 0.0723
Epoch 53 Progress: 58% (576/989) - Loss: 0.0675
Epoch 53 Progress: 59% (585/989) - Loss: 0.2654
Epoch 53 Progress: 60% (594/989) - Loss: 0.0717
Epoch 53 Progress: 60% (603/989) - Loss: 0.1464
Epoch 53 Progress: 61% (612/989) - Loss: 0.1447
Epoch 53 Progress: 62% (621/989) - Loss: 0.1318
Epoch 53 Progress: 63% (630/989) - Loss: 0.0979
Epoch 53 Progress: 64% (639/989) - Loss: 0.0732
Epoch 53 Progress: 65% (648/989) - Loss: 0.1754
Epoch 53 Progress: 66% (657/989) - Loss: 0.1034
Epoch 53 Progress: 67% (666/989) - Loss: 0.1574
Epoch 53 Progress: 68% (675/989) - Loss: 0.1698
Epoch 53 Progress: 69% (684/989) - Loss: 0.1412
Epoch 53 Progress: 70% (693/989) - Loss: 0.1188
Epoch 53 Progress: 70% (702/989) - Loss: 0.0251
Epoch 53 Progress: 71% (711/989) - Loss: 0.0654
Epoch 53 Progress: 72% (720/989) - Loss: 0.3015
Epoch 53 Progress: 73% (729/989) - Loss: 0.0337
Epoch 53 Progress: 74% (738/989) - Loss: 0.0528
Epoch 53 Progress: 75% (747/989) - Loss: 0.0865
Epoch 53 Progress: 76% (756/989) - Loss: 0.1378
Epoch 53 Progress: 77% (765/989) - Loss: 0.0563
Epoch 53 Progress: 78% (774/989) - Loss: 0.1848
Epoch 53 Progress: 79% (783/989) - Loss: 0.1405
Epoch 53 Progress: 80% (792/989) - Loss: 0.0621
Epoch 53 Progress: 80% (801/989) - Loss: 0.1560
Epoch 53 Progress: 81% (810/989) - Loss: 0.1074
Epoch 53 Progress: 82% (819/989) - Loss: 0.0494
Epoch 53 Progress: 83% (828/989) - Loss: 0.1005
Epoch 53 Progress: 84% (837/989) - Loss: 0.0991
Epoch 53 Progress: 85% (846/989) - Loss: 0.0684
Epoch 53 Progress: 86% (855/989) - Loss: 0.1046
Epoch 53 Progress: 87% (864/989) - Loss: 0.1260
Epoch 53 Progress: 88% (873/989) - Loss: 0.1083
Epoch 53 Progress: 89% (882/989) - Loss: 0.1523
Epoch 53 Progress: 90% (891/989) - Loss: 0.0901
Epoch 53 Progress: 91% (900/989) - Loss: 0.1035
Epoch 53 Progress: 91% (909/989) - Loss: 0.0544
Epoch 53 Progress: 92% (918/989) - Loss: 0.0965
Epoch 53 Progress: 93% (927/989) - Loss: 0.1010
Epoch 53 Progress: 94% (936/989) - Loss: 0.0973
Epoch 53 Progress: 95% (945/989) - Loss: 0.1709
Epoch 53 Progress: 96% (954/989) - Loss: 0.0741
Epoch 53 Progress: 97% (963/989) - Loss: 0.0678
Epoch 53 Progress: 98% (972/989) - Loss: 0.1316
Epoch 53 Progress: 99% (981/989) - Loss: 0.0528
Epoch 53 Progress: 100% (989/989) - Loss: 0.0660
Train Loss: 0.1206 | Val Loss: 0.1310 | Val Mean Dice: 0.8786
Dice WT: 0.9087 | Dice TC: 0.8856 | Dice ET: 0.8415
Peak RAM: 1357 MB | Peak VRAM: 26387 MB | Peak GPU Util: 100.0%

Epoch 54/100  LR=0.000025
Epoch 54 Progress: 0% (9/989) - Loss: 0.1533
Epoch 54 Progress: 1% (18/989) - Loss: 0.1526
Epoch 54 Progress: 2% (27/989) - Loss: 0.0358
Epoch 54 Progress: 3% (36/989) - Loss: 0.0532
Epoch 54 Progress: 4% (45/989) - Loss: 0.0687
Epoch 54 Progress: 5% (54/989) - Loss: 0.0993
Epoch 54 Progress: 6% (63/989) - Loss: 0.1971
Epoch 54 Progress: 7% (72/989) - Loss: 0.1890
Epoch 54 Progress: 8% (81/989) - Loss: 0.0467
Epoch 54 Progress: 9% (90/989) - Loss: 0.1156
Epoch 54 Progress: 10% (99/989) - Loss: 0.1276
Epoch 54 Progress: 10% (108/989) - Loss: 0.0652
Epoch 54 Progress: 11% (117/989) - Loss: 0.0672
Epoch 54 Progress: 12% (126/989) - Loss: 0.1187
Epoch 54 Progress: 13% (135/989) - Loss: 0.0646
Epoch 54 Progress: 14% (144/989) - Loss: 0.0622
Epoch 54 Progress: 15% (153/989) - Loss: 0.0655
Epoch 54 Progress: 16% (162/989) - Loss: 0.0711
Epoch 54 Progress: 17% (171/989) - Loss: 0.0892
Epoch 54 Progress: 18% (180/989) - Loss: 0.0490
Epoch 54 Progress: 19% (189/989) - Loss: 0.1018
Epoch 54 Progress: 20% (198/989) - Loss: 0.1093
Epoch 54 Progress: 20% (207/989) - Loss: 0.1522
Epoch 54 Progress: 21% (216/989) - Loss: 0.1728
Epoch 54 Progress: 22% (225/989) - Loss: 0.0855
Epoch 54 Progress: 23% (234/989) - Loss: 0.1327
Epoch 54 Progress: 24% (243/989) - Loss: 0.1093
Epoch 54 Progress: 25% (252/989) - Loss: 0.3156
Epoch 54 Progress: 26% (261/989) - Loss: 0.1082
Epoch 54 Progress: 27% (270/989) - Loss: 0.0907
Epoch 54 Progress: 28% (279/989) - Loss: 0.1134
Epoch 54 Progress: 29% (288/989) - Loss: 0.1123
Epoch 54 Progress: 30% (297/989) - Loss: 0.0574
Epoch 54 Progress: 30% (306/989) - Loss: 0.0312
Epoch 54 Progress: 31% (315/989) - Loss: 0.0576
Epoch 54 Progress: 32% (324/989) - Loss: 0.1781
Epoch 54 Progress: 33% (333/989) - Loss: 0.0777
Epoch 54 Progress: 34% (342/989) - Loss: 0.0400
Epoch 54 Progress: 35% (351/989) - Loss: 0.1048
Epoch 54 Progress: 36% (360/989) - Loss: 0.1496
Epoch 54 Progress: 37% (369/989) - Loss: 0.2055
Epoch 54 Progress: 38% (378/989) - Loss: 0.6704
Epoch 54 Progress: 39% (387/989) - Loss: 0.1135
Epoch 54 Progress: 40% (396/989) - Loss: 0.0902
Epoch 54 Progress: 40% (405/989) - Loss: 0.0740
Epoch 54 Progress: 41% (414/989) - Loss: 0.0834
Epoch 54 Progress: 42% (423/989) - Loss: 0.1371
Epoch 54 Progress: 43% (432/989) - Loss: 0.0845
Epoch 54 Progress: 44% (441/989) - Loss: 0.0679
Epoch 54 Progress: 45% (450/989) - Loss: 0.1466
Epoch 54 Progress: 46% (459/989) - Loss: 0.0886
Epoch 54 Progress: 47% (468/989) - Loss: 0.1133
Epoch 54 Progress: 48% (477/989) - Loss: 0.0893
Epoch 54 Progress: 49% (486/989) - Loss: 0.1303
Epoch 54 Progress: 50% (495/989) - Loss: 0.4012
Epoch 54 Progress: 50% (504/989) - Loss: 0.0873
Epoch 54 Progress: 51% (513/989) - Loss: 0.1336
Epoch 54 Progress: 52% (522/989) - Loss: 0.1636
Epoch 54 Progress: 53% (531/989) - Loss: 0.1768
Epoch 54 Progress: 54% (540/989) - Loss: 0.2311
Epoch 54 Progress: 55% (549/989) - Loss: 0.1281
Epoch 54 Progress: 56% (558/989) - Loss: 0.1236
Epoch 54 Progress: 57% (567/989) - Loss: 0.0534
Epoch 54 Progress: 58% (576/989) - Loss: 0.0546
Epoch 54 Progress: 59% (585/989) - Loss: 0.3255
Epoch 54 Progress: 60% (594/989) - Loss: 0.1028
Epoch 54 Progress: 60% (603/989) - Loss: 0.1486
Epoch 54 Progress: 61% (612/989) - Loss: 0.4414
Epoch 54 Progress: 62% (621/989) - Loss: 0.1758
Epoch 54 Progress: 63% (630/989) - Loss: 0.0746
Epoch 54 Progress: 64% (639/989) - Loss: 0.0257
Epoch 54 Progress: 65% (648/989) - Loss: 0.0838
Epoch 54 Progress: 66% (657/989) - Loss: 0.2147
Epoch 54 Progress: 67% (666/989) - Loss: 0.4027
Epoch 54 Progress: 68% (675/989) - Loss: 0.1171
Epoch 54 Progress: 69% (684/989) - Loss: 0.1539
Epoch 54 Progress: 70% (693/989) - Loss: 0.0433
Epoch 54 Progress: 70% (702/989) - Loss: 0.0345
Epoch 54 Progress: 71% (711/989) - Loss: 0.0891
Epoch 54 Progress: 72% (720/989) - Loss: 0.1898
Epoch 54 Progress: 73% (729/989) - Loss: 0.1332
Epoch 54 Progress: 74% (738/989) - Loss: 0.1493
Epoch 54 Progress: 75% (747/989) - Loss: 0.1015
Epoch 54 Progress: 76% (756/989) - Loss: 0.0631
Epoch 54 Progress: 77% (765/989) - Loss: 0.1299
Epoch 54 Progress: 78% (774/989) - Loss: 0.0806
Epoch 54 Progress: 79% (783/989) - Loss: 0.0478
Epoch 54 Progress: 80% (792/989) - Loss: 0.1192
Epoch 54 Progress: 80% (801/989) - Loss: 0.0869
Epoch 54 Progress: 81% (810/989) - Loss: 0.0915
Epoch 54 Progress: 82% (819/989) - Loss: 0.0600
Epoch 54 Progress: 83% (828/989) - Loss: 0.1228
Epoch 54 Progress: 84% (837/989) - Loss: 0.1003
Epoch 54 Progress: 85% (846/989) - Loss: 0.2381
Epoch 54 Progress: 86% (855/989) - Loss: 0.1750
Epoch 54 Progress: 87% (864/989) - Loss: 0.0832
Epoch 54 Progress: 88% (873/989) - Loss: 0.1860
Epoch 54 Progress: 89% (882/989) - Loss: 0.1518
Epoch 54 Progress: 90% (891/989) - Loss: 0.2313
Epoch 54 Progress: 91% (900/989) - Loss: 0.1211
Epoch 54 Progress: 91% (909/989) - Loss: 0.0775
Epoch 54 Progress: 92% (918/989) - Loss: 0.1602
Epoch 54 Progress: 93% (927/989) - Loss: 0.1536
Epoch 54 Progress: 94% (936/989) - Loss: 0.1082
Epoch 54 Progress: 95% (945/989) - Loss: 0.1723
Epoch 54 Progress: 96% (954/989) - Loss: 0.0394
Epoch 54 Progress: 97% (963/989) - Loss: 0.1464
Epoch 54 Progress: 98% (972/989) - Loss: 0.0611
Epoch 54 Progress: 99% (981/989) - Loss: 0.0269
Epoch 54 Progress: 100% (989/989) - Loss: 0.0505
Train Loss: 0.1219 | Val Loss: 0.1318 | Val Mean Dice: 0.8844
Dice WT: 0.9090 | Dice TC: 0.8978 | Dice ET: 0.8463
Peak RAM: 1357 MB | Peak VRAM: 26387 MB | Peak GPU Util: 100.0%

Epoch 55/100  LR=0.000025
Epoch 55 Progress: 0% (9/989) - Loss: 0.0356
Epoch 55 Progress: 1% (18/989) - Loss: 0.0828
Epoch 55 Progress: 2% (27/989) - Loss: 0.0770
Epoch 55 Progress: 3% (36/989) - Loss: 0.0945
Epoch 55 Progress: 4% (45/989) - Loss: 0.1516
Epoch 55 Progress: 5% (54/989) - Loss: 0.0865
Epoch 55 Progress: 6% (63/989) - Loss: 0.0927
Epoch 55 Progress: 7% (72/989) - Loss: 0.0925
Epoch 55 Progress: 8% (81/989) - Loss: 0.0876
Epoch 55 Progress: 9% (90/989) - Loss: 0.0966
Epoch 55 Progress: 10% (99/989) - Loss: 0.1943
Epoch 55 Progress: 10% (108/989) - Loss: 0.0754
Epoch 55 Progress: 11% (117/989) - Loss: 0.6809
Epoch 55 Progress: 12% (126/989) - Loss: 0.0656
Epoch 55 Progress: 13% (135/989) - Loss: 0.1538
Epoch 55 Progress: 14% (144/989) - Loss: 0.0610
Epoch 55 Progress: 15% (153/989) - Loss: 0.1072
Epoch 55 Progress: 16% (162/989) - Loss: 0.3366
Epoch 55 Progress: 17% (171/989) - Loss: 0.0680
Epoch 55 Progress: 18% (180/989) - Loss: 0.0608
Epoch 55 Progress: 19% (189/989) - Loss: 0.2660
Epoch 55 Progress: 20% (198/989) - Loss: 0.0834
Epoch 55 Progress: 20% (207/989) - Loss: 0.1041
Epoch 55 Progress: 21% (216/989) - Loss: 0.1158
Epoch 55 Progress: 22% (225/989) - Loss: 0.0787
Epoch 55 Progress: 23% (234/989) - Loss: 0.1267
Epoch 55 Progress: 24% (243/989) - Loss: 0.0974
Epoch 55 Progress: 25% (252/989) - Loss: 0.0696
Epoch 55 Progress: 26% (261/989) - Loss: 0.1076
Epoch 55 Progress: 27% (270/989) - Loss: 0.0832
Epoch 55 Progress: 28% (279/989) - Loss: 0.1125
Epoch 55 Progress: 29% (288/989) - Loss: 0.0691
Epoch 55 Progress: 30% (297/989) - Loss: 0.2542
Epoch 55 Progress: 30% (306/989) - Loss: 0.0504
Epoch 55 Progress: 31% (315/989) - Loss: 0.0710
Epoch 55 Progress: 32% (324/989) - Loss: 0.2819
Epoch 55 Progress: 33% (333/989) - Loss: 0.1313
Epoch 55 Progress: 34% (342/989) - Loss: 0.1121
Epoch 55 Progress: 35% (351/989) - Loss: 0.0788
Epoch 55 Progress: 36% (360/989) - Loss: 0.0748
Epoch 55 Progress: 37% (369/989) - Loss: 0.0750
Epoch 55 Progress: 38% (378/989) - Loss: 0.1746
Epoch 55 Progress: 39% (387/989) - Loss: 0.0748
Epoch 55 Progress: 40% (396/989) - Loss: 0.1111
Epoch 55 Progress: 40% (405/989) - Loss: 0.1488
Epoch 55 Progress: 41% (414/989) - Loss: 0.1091
Epoch 55 Progress: 42% (423/989) - Loss: 0.0939
Epoch 55 Progress: 43% (432/989) - Loss: 0.1191
Epoch 55 Progress: 44% (441/989) - Loss: 0.1445
Epoch 55 Progress: 45% (450/989) - Loss: 0.0553
Epoch 55 Progress: 46% (459/989) - Loss: 0.1182
Epoch 55 Progress: 47% (468/989) - Loss: 0.1430
Epoch 55 Progress: 48% (477/989) - Loss: 0.0824
Epoch 55 Progress: 49% (486/989) - Loss: 0.1854
Epoch 55 Progress: 50% (495/989) - Loss: 0.2553
Epoch 55 Progress: 50% (504/989) - Loss: 0.2207
Epoch 55 Progress: 51% (513/989) - Loss: 0.1840
Epoch 55 Progress: 52% (522/989) - Loss: 0.1460
Epoch 55 Progress: 53% (531/989) - Loss: 0.0894
Epoch 55 Progress: 54% (540/989) - Loss: 0.1344
Epoch 55 Progress: 55% (549/989) - Loss: 0.2372
Epoch 55 Progress: 56% (558/989) - Loss: 0.1059
Epoch 55 Progress: 57% (567/989) - Loss: 0.0550
Epoch 55 Progress: 58% (576/989) - Loss: 0.1648
Epoch 55 Progress: 59% (585/989) - Loss: 0.1152
Epoch 55 Progress: 60% (594/989) - Loss: 0.1677
Epoch 55 Progress: 60% (603/989) - Loss: 0.2012
Epoch 55 Progress: 61% (612/989) - Loss: 0.1350
Epoch 55 Progress: 62% (621/989) - Loss: 0.1039
Epoch 55 Progress: 63% (630/989) - Loss: 0.0617
Epoch 55 Progress: 64% (639/989) - Loss: 0.1120
Epoch 55 Progress: 65% (648/989) - Loss: 0.1463
Epoch 55 Progress: 66% (657/989) - Loss: 0.0984
Epoch 55 Progress: 67% (666/989) - Loss: 0.1085
Epoch 55 Progress: 68% (675/989) - Loss: 0.1382
Epoch 55 Progress: 69% (684/989) - Loss: 0.0660
Epoch 55 Progress: 70% (693/989) - Loss: 0.1337
Epoch 55 Progress: 70% (702/989) - Loss: 0.0905
Epoch 55 Progress: 71% (711/989) - Loss: 0.0379
Epoch 55 Progress: 72% (720/989) - Loss: 0.2122
Epoch 55 Progress: 73% (729/989) - Loss: 0.0644
Epoch 55 Progress: 74% (738/989) - Loss: 0.1003
Epoch 55 Progress: 75% (747/989) - Loss: 0.1099
Epoch 55 Progress: 76% (756/989) - Loss: 0.0475
Epoch 55 Progress: 77% (765/989) - Loss: 0.1022
Epoch 55 Progress: 78% (774/989) - Loss: 0.0616
Epoch 55 Progress: 79% (783/989) - Loss: 0.0500
Epoch 55 Progress: 80% (792/989) - Loss: 0.3392
Epoch 55 Progress: 80% (801/989) - Loss: 0.1192
Epoch 55 Progress: 81% (810/989) - Loss: 0.0951
Epoch 55 Progress: 82% (819/989) - Loss: 0.0697
Epoch 55 Progress: 83% (828/989) - Loss: 0.0475
Epoch 55 Progress: 84% (837/989) - Loss: 0.0746
Epoch 55 Progress: 85% (846/989) - Loss: 0.0551
Epoch 55 Progress: 86% (855/989) - Loss: 0.0470
Epoch 55 Progress: 87% (864/989) - Loss: 0.0856
Epoch 55 Progress: 88% (873/989) - Loss: 0.1549
Epoch 55 Progress: 89% (882/989) - Loss: 0.1117
Epoch 55 Progress: 90% (891/989) - Loss: 0.1369
Epoch 55 Progress: 91% (900/989) - Loss: 0.0780
Epoch 55 Progress: 91% (909/989) - Loss: 0.0430
Epoch 55 Progress: 92% (918/989) - Loss: 0.1203
Epoch 55 Progress: 93% (927/989) - Loss: 0.0308
Epoch 55 Progress: 94% (936/989) - Loss: 0.1058
Epoch 55 Progress: 95% (945/989) - Loss: 0.0643
Epoch 55 Progress: 96% (954/989) - Loss: 0.4288
Epoch 55 Progress: 97% (963/989) - Loss: 0.0321
Epoch 55 Progress: 98% (972/989) - Loss: 0.1463
Epoch 55 Progress: 99% (981/989) - Loss: 0.0348
Epoch 55 Progress: 100% (989/989) - Loss: 0.1404
Train Loss: 0.1184 | Val Loss: 0.1211 | Val Mean Dice: 0.8900
Dice WT: 0.9133 | Dice TC: 0.9054 | Dice ET: 0.8513
Peak RAM: 1357 MB | Peak VRAM: 26387 MB | Peak GPU Util: 100.0%

Epoch 56/100  LR=0.000024
Epoch 56 Progress: 0% (9/989) - Loss: 0.0626
Epoch 56 Progress: 1% (18/989) - Loss: 0.3939
Epoch 56 Progress: 2% (27/989) - Loss: 0.0478
Epoch 56 Progress: 3% (36/989) - Loss: 0.1744
Epoch 56 Progress: 4% (45/989) - Loss: 0.5126
Epoch 56 Progress: 5% (54/989) - Loss: 0.0711
Epoch 56 Progress: 6% (63/989) - Loss: 0.1679
Epoch 56 Progress: 7% (72/989) - Loss: 0.0660
Epoch 56 Progress: 8% (81/989) - Loss: 0.1190
Epoch 56 Progress: 9% (90/989) - Loss: 0.1485
Epoch 56 Progress: 10% (99/989) - Loss: 0.0634
Epoch 56 Progress: 10% (108/989) - Loss: 0.0423
Epoch 56 Progress: 11% (117/989) - Loss: 0.1138
Epoch 56 Progress: 12% (126/989) - Loss: 0.1097
Epoch 56 Progress: 13% (135/989) - Loss: 0.1096
Epoch 56 Progress: 14% (144/989) - Loss: 0.0452
Epoch 56 Progress: 15% (153/989) - Loss: 0.0573
Epoch 56 Progress: 16% (162/989) - Loss: 0.0693
Epoch 56 Progress: 17% (171/989) - Loss: 0.0639
Epoch 56 Progress: 18% (180/989) - Loss: 0.0627
Epoch 56 Progress: 19% (189/989) - Loss: 0.1245
Epoch 56 Progress: 20% (198/989) - Loss: 0.1492
Epoch 56 Progress: 20% (207/989) - Loss: 0.0756
Epoch 56 Progress: 21% (216/989) - Loss: 0.0964
Epoch 56 Progress: 22% (225/989) - Loss: 0.0553
Epoch 56 Progress: 23% (234/989) - Loss: 0.0539
Epoch 56 Progress: 24% (243/989) - Loss: 0.0989
Epoch 56 Progress: 25% (252/989) - Loss: 0.1331
Epoch 56 Progress: 26% (261/989) - Loss: 0.0928
Epoch 56 Progress: 27% (270/989) - Loss: 0.0591
Epoch 56 Progress: 28% (279/989) - Loss: 0.0584
Epoch 56 Progress: 29% (288/989) - Loss: 0.0598
Epoch 56 Progress: 30% (297/989) - Loss: 0.1012
Epoch 56 Progress: 30% (306/989) - Loss: 0.0530
Epoch 56 Progress: 31% (315/989) - Loss: 0.2675
Epoch 56 Progress: 32% (324/989) - Loss: 0.2354
Epoch 56 Progress: 33% (333/989) - Loss: 0.0835
Epoch 56 Progress: 34% (342/989) - Loss: 0.0656
Epoch 56 Progress: 35% (351/989) - Loss: 0.0717
Epoch 56 Progress: 36% (360/989) - Loss: 0.0773
Epoch 56 Progress: 37% (369/989) - Loss: 0.0517
Epoch 56 Progress: 38% (378/989) - Loss: 0.1022
Epoch 56 Progress: 39% (387/989) - Loss: 0.2576
Epoch 56 Progress: 40% (396/989) - Loss: 0.0719
Epoch 56 Progress: 40% (405/989) - Loss: 0.3968
Epoch 56 Progress: 41% (414/989) - Loss: 0.0938
Epoch 56 Progress: 42% (423/989) - Loss: 0.0754
Epoch 56 Progress: 43% (432/989) - Loss: 0.0823
Epoch 56 Progress: 44% (441/989) - Loss: 0.0563
Epoch 56 Progress: 45% (450/989) - Loss: 0.1536
Epoch 56 Progress: 46% (459/989) - Loss: 0.0953
Epoch 56 Progress: 47% (468/989) - Loss: 0.2610
Epoch 56 Progress: 48% (477/989) - Loss: 0.0483
Epoch 56 Progress: 49% (486/989) - Loss: 0.1466
Epoch 56 Progress: 50% (495/989) - Loss: 0.0948
Epoch 56 Progress: 50% (504/989) - Loss: 0.2157
Epoch 56 Progress: 51% (513/989) - Loss: 0.0678
Epoch 56 Progress: 52% (522/989) - Loss: 0.0837
Epoch 56 Progress: 53% (531/989) - Loss: 0.2607
Epoch 56 Progress: 54% (540/989) - Loss: 0.0911
Epoch 56 Progress: 55% (549/989) - Loss: 0.0401
Epoch 56 Progress: 56% (558/989) - Loss: 0.0875
Epoch 56 Progress: 57% (567/989) - Loss: 0.0584
Epoch 56 Progress: 58% (576/989) - Loss: 0.0752
Epoch 56 Progress: 59% (585/989) - Loss: 0.1042
Epoch 56 Progress: 60% (594/989) - Loss: 0.0923
Epoch 56 Progress: 60% (603/989) - Loss: 0.0843
Epoch 56 Progress: 61% (612/989) - Loss: 0.1311
Epoch 56 Progress: 62% (621/989) - Loss: 0.1570
Epoch 56 Progress: 63% (630/989) - Loss: 0.0887
Epoch 56 Progress: 64% (639/989) - Loss: 0.0710
Epoch 56 Progress: 65% (648/989) - Loss: 0.2272
Epoch 56 Progress: 66% (657/989) - Loss: 0.1768
Epoch 56 Progress: 67% (666/989) - Loss: 0.0461
Epoch 56 Progress: 68% (675/989) - Loss: 0.1584
Epoch 56 Progress: 69% (684/989) - Loss: 0.0707
Epoch 56 Progress: 70% (693/989) - Loss: 0.0797
Epoch 56 Progress: 70% (702/989) - Loss: 0.0773
Epoch 56 Progress: 71% (711/989) - Loss: 0.1016
Epoch 56 Progress: 72% (720/989) - Loss: 0.0462
Epoch 56 Progress: 73% (729/989) - Loss: 0.1037
Epoch 56 Progress: 74% (738/989) - Loss: 0.0613
Epoch 56 Progress: 75% (747/989) - Loss: 0.0863
Epoch 56 Progress: 76% (756/989) - Loss: 0.1476
Epoch 56 Progress: 77% (765/989) - Loss: 0.1034
Epoch 56 Progress: 78% (774/989) - Loss: 0.0594
Epoch 56 Progress: 79% (783/989) - Loss: 0.0863
Epoch 56 Progress: 80% (792/989) - Loss: 0.1238
Epoch 56 Progress: 80% (801/989) - Loss: 0.1243
Epoch 56 Progress: 81% (810/989) - Loss: 0.1360
Epoch 56 Progress: 82% (819/989) - Loss: 0.1144
Epoch 56 Progress: 83% (828/989) - Loss: 0.1376
Epoch 56 Progress: 84% (837/989) - Loss: 0.6872
Epoch 56 Progress: 85% (846/989) - Loss: 0.0706
Epoch 56 Progress: 86% (855/989) - Loss: 0.0803
Epoch 56 Progress: 87% (864/989) - Loss: 0.1652
Epoch 56 Progress: 88% (873/989) - Loss: 0.1315
Epoch 56 Progress: 89% (882/989) - Loss: 0.1199
Epoch 56 Progress: 90% (891/989) - Loss: 0.0847
Epoch 56 Progress: 91% (900/989) - Loss: 0.1060
Epoch 56 Progress: 91% (909/989) - Loss: 0.0357
Epoch 56 Progress: 92% (918/989) - Loss: 0.0536
Epoch 56 Progress: 93% (927/989) - Loss: 0.0273
Epoch 56 Progress: 94% (936/989) - Loss: 0.1074
Epoch 56 Progress: 95% (945/989) - Loss: 0.1381
Epoch 56 Progress: 96% (954/989) - Loss: 0.0538
Epoch 56 Progress: 97% (963/989) - Loss: 0.1068
Epoch 56 Progress: 98% (972/989) - Loss: 0.1009
Epoch 56 Progress: 99% (981/989) - Loss: 0.0728
Epoch 56 Progress: 100% (989/989) - Loss: 0.0748
Train Loss: 0.1188 | Val Loss: 0.1313 | Val Mean Dice: 0.8888
Dice WT: 0.9141 | Dice TC: 0.9019 | Dice ET: 0.8503
Peak RAM: 1357 MB | Peak VRAM: 26387 MB | Peak GPU Util: 100.0%

Epoch 57/100  LR=0.000023
Epoch 57 Progress: 0% (9/989) - Loss: 0.0893
Epoch 57 Progress: 1% (18/989) - Loss: 0.0793
Epoch 57 Progress: 2% (27/989) - Loss: 0.0560
Epoch 57 Progress: 3% (36/989) - Loss: 0.0661
Epoch 57 Progress: 4% (45/989) - Loss: 0.0723
Epoch 57 Progress: 5% (54/989) - Loss: 0.1121
Epoch 57 Progress: 6% (63/989) - Loss: 0.1019
Epoch 57 Progress: 7% (72/989) - Loss: 0.0585
Epoch 57 Progress: 8% (81/989) - Loss: 0.0587
Epoch 57 Progress: 9% (90/989) - Loss: 0.1409
Epoch 57 Progress: 10% (99/989) - Loss: 0.1391
Epoch 57 Progress: 10% (108/989) - Loss: 0.0519
Epoch 57 Progress: 11% (117/989) - Loss: 0.1334
Epoch 57 Progress: 12% (126/989) - Loss: 0.0939
Epoch 57 Progress: 13% (135/989) - Loss: 0.0980
Epoch 57 Progress: 14% (144/989) - Loss: 0.0678
Epoch 57 Progress: 15% (153/989) - Loss: 0.0576
Epoch 57 Progress: 16% (162/989) - Loss: 0.0745
Epoch 57 Progress: 17% (171/989) - Loss: 0.1260
Epoch 57 Progress: 18% (180/989) - Loss: 0.0828
Epoch 57 Progress: 19% (189/989) - Loss: 0.0508
Epoch 57 Progress: 20% (198/989) - Loss: 0.1305
Epoch 57 Progress: 20% (207/989) - Loss: 0.0716
Epoch 57 Progress: 21% (216/989) - Loss: 0.0871
Epoch 57 Progress: 22% (225/989) - Loss: 0.1016
Epoch 57 Progress: 23% (234/989) - Loss: 0.2441
Epoch 57 Progress: 24% (243/989) - Loss: 0.3118
Epoch 57 Progress: 25% (252/989) - Loss: 0.0687
Epoch 57 Progress: 26% (261/989) - Loss: 0.0539
Epoch 57 Progress: 27% (270/989) - Loss: 0.0439
Epoch 57 Progress: 28% (279/989) - Loss: 0.0507
Epoch 57 Progress: 29% (288/989) - Loss: 0.1077
Epoch 57 Progress: 30% (297/989) - Loss: 0.0377
Epoch 57 Progress: 30% (306/989) - Loss: 0.0498
Epoch 57 Progress: 31% (315/989) - Loss: 0.1115
Epoch 57 Progress: 32% (324/989) - Loss: 0.0958
Epoch 57 Progress: 33% (333/989) - Loss: 0.0905
Epoch 57 Progress: 34% (342/989) - Loss: 0.0869
Epoch 57 Progress: 35% (351/989) - Loss: 0.1901
Epoch 57 Progress: 36% (360/989) - Loss: 0.0348
Epoch 57 Progress: 37% (369/989) - Loss: 0.1518
Epoch 57 Progress: 38% (378/989) - Loss: 0.1556
Epoch 57 Progress: 39% (387/989) - Loss: 0.0853
Epoch 57 Progress: 40% (396/989) - Loss: 0.0819
Epoch 57 Progress: 40% (405/989) - Loss: 0.0990
Epoch 57 Progress: 41% (414/989) - Loss: 0.0527
Epoch 57 Progress: 42% (423/989) - Loss: 0.1304
Epoch 57 Progress: 43% (432/989) - Loss: 0.2551
Epoch 57 Progress: 44% (441/989) - Loss: 0.0733
Epoch 57 Progress: 45% (450/989) - Loss: 0.1093
Epoch 57 Progress: 46% (459/989) - Loss: 0.1314
Epoch 57 Progress: 47% (468/989) - Loss: 0.0487
Epoch 57 Progress: 48% (477/989) - Loss: 0.1303
Epoch 57 Progress: 49% (486/989) - Loss: 0.0521
Epoch 57 Progress: 50% (495/989) - Loss: 0.1423
Epoch 57 Progress: 50% (504/989) - Loss: 0.0629
Epoch 57 Progress: 51% (513/989) - Loss: 0.0745
Epoch 57 Progress: 52% (522/989) - Loss: 0.0358
Epoch 57 Progress: 53% (531/989) - Loss: 0.1005
Epoch 57 Progress: 54% (540/989) - Loss: 0.0599
Epoch 57 Progress: 55% (549/989) - Loss: 0.1798
Epoch 57 Progress: 56% (558/989) - Loss: 0.0737
Epoch 57 Progress: 57% (567/989) - Loss: 0.0958
Epoch 57 Progress: 58% (576/989) - Loss: 0.1834
Epoch 57 Progress: 59% (585/989) - Loss: 0.1046
Epoch 57 Progress: 60% (594/989) - Loss: 0.1010
Epoch 57 Progress: 60% (603/989) - Loss: 0.1098
Epoch 57 Progress: 61% (612/989) - Loss: 0.1423
Epoch 57 Progress: 62% (621/989) - Loss: 0.0532
Epoch 57 Progress: 63% (630/989) - Loss: 0.1420
Epoch 57 Progress: 64% (639/989) - Loss: 0.1141
Epoch 57 Progress: 65% (648/989) - Loss: 0.2141
Epoch 57 Progress: 66% (657/989) - Loss: 0.0691
Epoch 57 Progress: 67% (666/989) - Loss: 0.0671
Epoch 57 Progress: 68% (675/989) - Loss: 0.0972
Epoch 57 Progress: 69% (684/989) - Loss: 0.1050
Epoch 57 Progress: 70% (693/989) - Loss: 0.0421
Epoch 57 Progress: 70% (702/989) - Loss: 0.1294
Epoch 57 Progress: 71% (711/989) - Loss: 0.1251
Epoch 57 Progress: 72% (720/989) - Loss: 0.0602
Epoch 57 Progress: 73% (729/989) - Loss: 0.0478
Epoch 57 Progress: 74% (738/989) - Loss: 0.0527
Epoch 57 Progress: 75% (747/989) - Loss: 0.0947
Epoch 57 Progress: 76% (756/989) - Loss: 0.1051
Epoch 57 Progress: 77% (765/989) - Loss: 0.0850
Epoch 57 Progress: 78% (774/989) - Loss: 0.1113
Epoch 57 Progress: 79% (783/989) - Loss: 0.0968
Epoch 57 Progress: 80% (792/989) - Loss: 0.0538
Epoch 57 Progress: 80% (801/989) - Loss: 0.0853
Epoch 57 Progress: 81% (810/989) - Loss: 0.0575
Epoch 57 Progress: 82% (819/989) - Loss: 0.2298
Epoch 57 Progress: 83% (828/989) - Loss: 0.0760
Epoch 57 Progress: 84% (837/989) - Loss: 0.0629
Epoch 57 Progress: 85% (846/989) - Loss: 0.0704
Epoch 57 Progress: 86% (855/989) - Loss: 0.0785
Epoch 57 Progress: 87% (864/989) - Loss: 0.0301
Epoch 57 Progress: 88% (873/989) - Loss: 0.0586
Epoch 57 Progress: 89% (882/989) - Loss: 0.4222
Epoch 57 Progress: 90% (891/989) - Loss: 0.1647
Epoch 57 Progress: 91% (900/989) - Loss: 0.1211
Epoch 57 Progress: 91% (909/989) - Loss: 0.3074
Epoch 57 Progress: 92% (918/989) - Loss: 0.0699
Epoch 57 Progress: 93% (927/989) - Loss: 0.0371
Epoch 57 Progress: 94% (936/989) - Loss: 0.0749
Epoch 57 Progress: 95% (945/989) - Loss: 0.4005
Epoch 57 Progress: 96% (954/989) - Loss: 0.0570
Epoch 57 Progress: 97% (963/989) - Loss: 0.2075
Epoch 57 Progress: 98% (972/989) - Loss: 0.1080
Epoch 57 Progress: 99% (981/989) - Loss: 0.0917
Epoch 57 Progress: 100% (989/989) - Loss: 0.0803
Train Loss: 0.1191 | Val Loss: 0.1302 | Val Mean Dice: 0.8830
Dice WT: 0.9156 | Dice TC: 0.8943 | Dice ET: 0.8392
Peak RAM: 1357 MB | Peak VRAM: 26387 MB | Peak GPU Util: 100.0%

Epoch 58/100  LR=0.000022
Epoch 58 Progress: 0% (9/989) - Loss: 0.1750
Epoch 58 Progress: 1% (18/989) - Loss: 0.1472
Epoch 58 Progress: 2% (27/989) - Loss: 0.1119
Epoch 58 Progress: 3% (36/989) - Loss: 0.1461
Epoch 58 Progress: 4% (45/989) - Loss: 0.0755
Epoch 58 Progress: 5% (54/989) - Loss: 0.0727
Epoch 58 Progress: 6% (63/989) - Loss: 0.0938
Epoch 58 Progress: 7% (72/989) - Loss: 0.0579
Epoch 58 Progress: 8% (81/989) - Loss: 0.1597
Epoch 58 Progress: 9% (90/989) - Loss: 0.1090
Epoch 58 Progress: 10% (99/989) - Loss: 0.1506
Epoch 58 Progress: 10% (108/989) - Loss: 0.0670
Epoch 58 Progress: 11% (117/989) - Loss: 0.1640
Epoch 58 Progress: 12% (126/989) - Loss: 0.1650
Epoch 58 Progress: 13% (135/989) - Loss: 0.0604
Epoch 58 Progress: 14% (144/989) - Loss: 0.1093
Epoch 58 Progress: 15% (153/989) - Loss: 0.1241
Epoch 58 Progress: 16% (162/989) - Loss: 0.0960
Epoch 58 Progress: 17% (171/989) - Loss: 0.1065
Epoch 58 Progress: 18% (180/989) - Loss: 0.0915
Epoch 58 Progress: 19% (189/989) - Loss: 0.0430
Epoch 58 Progress: 20% (198/989) - Loss: 0.0971
Epoch 58 Progress: 20% (207/989) - Loss: 0.1926
Epoch 58 Progress: 21% (216/989) - Loss: 0.0863
Epoch 58 Progress: 22% (225/989) - Loss: 0.2695
Epoch 58 Progress: 23% (234/989) - Loss: 0.7535
Epoch 58 Progress: 24% (243/989) - Loss: 0.1008
Epoch 58 Progress: 25% (252/989) - Loss: 0.0927
Epoch 58 Progress: 26% (261/989) - Loss: 0.1497
Epoch 58 Progress: 27% (270/989) - Loss: 0.0731
Epoch 58 Progress: 28% (279/989) - Loss: 0.1230
Epoch 58 Progress: 29% (288/989) - Loss: 0.0685
Epoch 58 Progress: 30% (297/989) - Loss: 0.0791
Epoch 58 Progress: 30% (306/989) - Loss: 0.0771
Epoch 58 Progress: 31% (315/989) - Loss: 0.0531
Epoch 58 Progress: 32% (324/989) - Loss: 0.1239
Epoch 58 Progress: 33% (333/989) - Loss: 0.0305
Epoch 58 Progress: 34% (342/989) - Loss: 0.3981
Epoch 58 Progress: 35% (351/989) - Loss: 0.0606
Epoch 58 Progress: 36% (360/989) - Loss: 0.2925
Epoch 58 Progress: 37% (369/989) - Loss: 0.5038
Epoch 58 Progress: 38% (378/989) - Loss: 0.3729
Epoch 58 Progress: 39% (387/989) - Loss: 0.0701
Epoch 58 Progress: 40% (396/989) - Loss: 0.0641
Epoch 58 Progress: 40% (405/989) - Loss: 0.0493
Epoch 58 Progress: 41% (414/989) - Loss: 0.1364
Epoch 58 Progress: 42% (423/989) - Loss: 0.0768
Epoch 58 Progress: 43% (432/989) - Loss: 0.1064
Epoch 58 Progress: 44% (441/989) - Loss: 0.1417
Epoch 58 Progress: 45% (450/989) - Loss: 0.0543
Epoch 58 Progress: 46% (459/989) - Loss: 0.4126
Epoch 58 Progress: 47% (468/989) - Loss: 0.2051
Epoch 58 Progress: 48% (477/989) - Loss: 0.0741
Epoch 58 Progress: 49% (486/989) - Loss: 0.3329
Epoch 58 Progress: 50% (495/989) - Loss: 0.0846
Epoch 58 Progress: 50% (504/989) - Loss: 0.1634
Epoch 58 Progress: 51% (513/989) - Loss: 0.0421
Epoch 58 Progress: 52% (522/989) - Loss: 0.0494
Epoch 58 Progress: 53% (531/989) - Loss: 0.1670
Epoch 58 Progress: 54% (540/989) - Loss: 0.1072
Epoch 58 Progress: 55% (549/989) - Loss: 0.1181
Epoch 58 Progress: 56% (558/989) - Loss: 0.0641
Epoch 58 Progress: 57% (567/989) - Loss: 0.0688
Epoch 58 Progress: 58% (576/989) - Loss: 0.1243
Epoch 58 Progress: 59% (585/989) - Loss: 0.1580
Epoch 58 Progress: 60% (594/989) - Loss: 0.0714
Epoch 58 Progress: 60% (603/989) - Loss: 0.0486
Epoch 58 Progress: 61% (612/989) - Loss: 0.0968
Epoch 58 Progress: 62% (621/989) - Loss: 0.0743
Epoch 58 Progress: 63% (630/989) - Loss: 0.0953
Epoch 58 Progress: 64% (639/989) - Loss: 0.0600
Epoch 58 Progress: 65% (648/989) - Loss: 0.0569
Epoch 58 Progress: 66% (657/989) - Loss: 0.1343
Epoch 58 Progress: 67% (666/989) - Loss: 0.1513
Epoch 58 Progress: 68% (675/989) - Loss: 0.0879
Epoch 58 Progress: 69% (684/989) - Loss: 0.0520
Epoch 58 Progress: 70% (693/989) - Loss: 0.1082
Epoch 58 Progress: 70% (702/989) - Loss: 0.0819
Epoch 58 Progress: 71% (711/989) - Loss: 0.1257
Epoch 58 Progress: 72% (720/989) - Loss: 0.0655
Epoch 58 Progress: 73% (729/989) - Loss: 0.0599
Epoch 58 Progress: 74% (738/989) - Loss: 0.0850
Epoch 58 Progress: 75% (747/989) - Loss: 0.1943
Epoch 58 Progress: 76% (756/989) - Loss: 0.1121
Epoch 58 Progress: 77% (765/989) - Loss: 0.0719
Epoch 58 Progress: 78% (774/989) - Loss: 0.1391
Epoch 58 Progress: 79% (783/989) - Loss: 0.1113
Epoch 58 Progress: 80% (792/989) - Loss: 0.2595
Epoch 58 Progress: 80% (801/989) - Loss: 0.1048
Epoch 58 Progress: 81% (810/989) - Loss: 0.4424
Epoch 58 Progress: 82% (819/989) - Loss: 0.1451
Epoch 58 Progress: 83% (828/989) - Loss: 0.0553
Epoch 58 Progress: 84% (837/989) - Loss: 0.1152
Epoch 58 Progress: 85% (846/989) - Loss: 0.0595
Epoch 58 Progress: 86% (855/989) - Loss: 0.0501
Epoch 58 Progress: 87% (864/989) - Loss: 0.0259
Epoch 58 Progress: 88% (873/989) - Loss: 0.0506
Epoch 58 Progress: 89% (882/989) - Loss: 0.1553
Epoch 58 Progress: 90% (891/989) - Loss: 0.2267
Epoch 58 Progress: 91% (900/989) - Loss: 0.2369
Epoch 58 Progress: 91% (909/989) - Loss: 0.0858
Epoch 58 Progress: 92% (918/989) - Loss: 0.0747
Epoch 58 Progress: 93% (927/989) - Loss: 0.0530
Epoch 58 Progress: 94% (936/989) - Loss: 0.0890
Epoch 58 Progress: 95% (945/989) - Loss: 0.1517
Epoch 58 Progress: 96% (954/989) - Loss: 0.0299
Epoch 58 Progress: 97% (963/989) - Loss: 0.0909
Epoch 58 Progress: 98% (972/989) - Loss: 0.0758
Epoch 58 Progress: 99% (981/989) - Loss: 0.6844
Epoch 58 Progress: 100% (989/989) - Loss: 0.1105
Train Loss: 0.1203 | Val Loss: 0.1266 | Val Mean Dice: 0.8884
Dice WT: 0.9131 | Dice TC: 0.9020 | Dice ET: 0.8502
Peak RAM: 1357 MB | Peak VRAM: 26387 MB | Peak GPU Util: 100.0%

Epoch 59/100  LR=0.000021
Epoch 59 Progress: 0% (9/989) - Loss: 0.0750
Epoch 59 Progress: 1% (18/989) - Loss: 0.0865
Epoch 59 Progress: 2% (27/989) - Loss: 0.1048
Epoch 59 Progress: 3% (36/989) - Loss: 0.2026
Epoch 59 Progress: 4% (45/989) - Loss: 0.1168
Epoch 59 Progress: 5% (54/989) - Loss: 0.1273
Epoch 59 Progress: 6% (63/989) - Loss: 0.0542
Epoch 59 Progress: 7% (72/989) - Loss: 0.1183
Epoch 59 Progress: 8% (81/989) - Loss: 0.0790
Epoch 59 Progress: 9% (90/989) - Loss: 0.0587
Epoch 59 Progress: 10% (99/989) - Loss: 0.0921
Epoch 59 Progress: 10% (108/989) - Loss: 0.0737
Epoch 59 Progress: 11% (117/989) - Loss: 0.0898
Epoch 59 Progress: 12% (126/989) - Loss: 0.0657
Epoch 59 Progress: 13% (135/989) - Loss: 0.0514
Epoch 59 Progress: 14% (144/989) - Loss: 0.0550
Epoch 59 Progress: 15% (153/989) - Loss: 0.0800
Epoch 59 Progress: 16% (162/989) - Loss: 0.0503
Epoch 59 Progress: 17% (171/989) - Loss: 0.1013
Epoch 59 Progress: 18% (180/989) - Loss: 0.0809
Epoch 59 Progress: 19% (189/989) - Loss: 0.0552
Epoch 59 Progress: 20% (198/989) - Loss: 0.0815
Epoch 59 Progress: 20% (207/989) - Loss: 0.0493
Epoch 59 Progress: 21% (216/989) - Loss: 0.0883
Epoch 59 Progress: 22% (225/989) - Loss: 0.2203
Epoch 59 Progress: 23% (234/989) - Loss: 0.0786
Epoch 59 Progress: 24% (243/989) - Loss: 0.0940
Epoch 59 Progress: 25% (252/989) - Loss: 0.1098
Epoch 59 Progress: 26% (261/989) - Loss: 0.3236
Epoch 59 Progress: 27% (270/989) - Loss: 0.1320
Epoch 59 Progress: 28% (279/989) - Loss: 0.0958
Epoch 59 Progress: 29% (288/989) - Loss: 0.1297
Epoch 59 Progress: 30% (297/989) - Loss: 0.1008
Epoch 59 Progress: 30% (306/989) - Loss: 0.0710
Epoch 59 Progress: 31% (315/989) - Loss: 0.0641
Epoch 59 Progress: 32% (324/989) - Loss: 0.1028
Epoch 59 Progress: 33% (333/989) - Loss: 0.1208
Epoch 59 Progress: 34% (342/989) - Loss: 0.2445
Epoch 59 Progress: 35% (351/989) - Loss: 0.0645
Epoch 59 Progress: 36% (360/989) - Loss: 0.0650
Epoch 59 Progress: 37% (369/989) - Loss: 0.1620
Epoch 59 Progress: 38% (378/989) - Loss: 0.1300
Epoch 59 Progress: 39% (387/989) - Loss: 0.0598
Epoch 59 Progress: 40% (396/989) - Loss: 0.1138
Epoch 59 Progress: 40% (405/989) - Loss: 0.0628
Epoch 59 Progress: 41% (414/989) - Loss: 0.0856
Epoch 59 Progress: 42% (423/989) - Loss: 0.0943
Epoch 59 Progress: 43% (432/989) - Loss: 0.0706
Epoch 59 Progress: 44% (441/989) - Loss: 0.0310
Epoch 59 Progress: 45% (450/989) - Loss: 0.1341
Epoch 59 Progress: 46% (459/989) - Loss: 0.2144
Epoch 59 Progress: 47% (468/989) - Loss: 0.1100
Epoch 59 Progress: 48% (477/989) - Loss: 0.1313
Epoch 59 Progress: 49% (486/989) - Loss: 0.2542
Epoch 59 Progress: 50% (495/989) - Loss: 0.1576
Epoch 59 Progress: 50% (504/989) - Loss: 0.0864
Epoch 59 Progress: 51% (513/989) - Loss: 0.0999
Epoch 59 Progress: 52% (522/989) - Loss: 0.1682
Epoch 59 Progress: 53% (531/989) - Loss: 0.1322
Epoch 59 Progress: 54% (540/989) - Loss: 0.1095
Epoch 59 Progress: 55% (549/989) - Loss: 0.1424
Epoch 59 Progress: 56% (558/989) - Loss: 0.2079
Epoch 59 Progress: 57% (567/989) - Loss: 0.0719
Epoch 59 Progress: 58% (576/989) - Loss: 0.1516
Epoch 59 Progress: 59% (585/989) - Loss: 0.0488
Epoch 59 Progress: 60% (594/989) - Loss: 0.0406
Epoch 59 Progress: 60% (603/989) - Loss: 0.0531
Epoch 59 Progress: 61% (612/989) - Loss: 0.2037
Epoch 59 Progress: 62% (621/989) - Loss: 0.0712
Epoch 59 Progress: 63% (630/989) - Loss: 0.0962
Epoch 59 Progress: 64% (639/989) - Loss: 0.0884
Epoch 59 Progress: 65% (648/989) - Loss: 0.0635
Epoch 59 Progress: 66% (657/989) - Loss: 0.0947
Epoch 59 Progress: 67% (666/989) - Loss: 0.1669
Epoch 59 Progress: 68% (675/989) - Loss: 0.1326
Epoch 59 Progress: 69% (684/989) - Loss: 0.1475
Epoch 59 Progress: 70% (693/989) - Loss: 0.1631
Epoch 59 Progress: 70% (702/989) - Loss: 0.0468
Epoch 59 Progress: 71% (711/989) - Loss: 0.1439
Epoch 59 Progress: 72% (720/989) - Loss: 0.1928
Epoch 59 Progress: 73% (729/989) - Loss: 0.0653
Epoch 59 Progress: 74% (738/989) - Loss: 0.0714
Epoch 59 Progress: 75% (747/989) - Loss: 0.2006
Epoch 59 Progress: 76% (756/989) - Loss: 0.1536
Epoch 59 Progress: 77% (765/989) - Loss: 0.1041
Epoch 59 Progress: 78% (774/989) - Loss: 0.1248
Epoch 59 Progress: 79% (783/989) - Loss: 0.1468
Epoch 59 Progress: 80% (792/989) - Loss: 0.0855
Epoch 59 Progress: 80% (801/989) - Loss: 0.0638
Epoch 59 Progress: 81% (810/989) - Loss: 0.1009
Epoch 59 Progress: 82% (819/989) - Loss: 0.1320
Epoch 59 Progress: 83% (828/989) - Loss: 0.1559
Epoch 59 Progress: 84% (837/989) - Loss: 0.0689
Epoch 59 Progress: 85% (846/989) - Loss: 0.0859
Epoch 59 Progress: 86% (855/989) - Loss: 0.1005
Epoch 59 Progress: 87% (864/989) - Loss: 0.1618
Epoch 59 Progress: 88% (873/989) - Loss: 0.0796
Epoch 59 Progress: 89% (882/989) - Loss: 0.6832
Epoch 59 Progress: 90% (891/989) - Loss: 0.4447
Epoch 59 Progress: 91% (900/989) - Loss: 0.1099
Epoch 59 Progress: 91% (909/989) - Loss: 0.0291
Epoch 59 Progress: 92% (918/989) - Loss: 0.0740
Epoch 59 Progress: 93% (927/989) - Loss: 0.1136
Epoch 59 Progress: 94% (936/989) - Loss: 0.2073
Epoch 59 Progress: 95% (945/989) - Loss: 0.0688
Epoch 59 Progress: 96% (954/989) - Loss: 0.1574
Epoch 59 Progress: 97% (963/989) - Loss: 0.1094
Epoch 59 Progress: 98% (972/989) - Loss: 0.0834
Epoch 59 Progress: 99% (981/989) - Loss: 0.0745
Epoch 59 Progress: 100% (989/989) - Loss: 0.0510
Train Loss: 0.1184 | Val Loss: 0.1259 | Val Mean Dice: 0.8905
Dice WT: 0.9052 | Dice TC: 0.9099 | Dice ET: 0.8563
Peak RAM: 1357 MB | Peak VRAM: 26387 MB | Peak GPU Util: 100.0%

Epoch 60/100  LR=0.000020
Epoch 60 Progress: 0% (9/989) - Loss: 0.0407
Epoch 60 Progress: 1% (18/989) - Loss: 0.2708
Epoch 60 Progress: 2% (27/989) - Loss: 0.0751
Epoch 60 Progress: 3% (36/989) - Loss: 0.0883
Epoch 60 Progress: 4% (45/989) - Loss: 0.1579
Epoch 60 Progress: 5% (54/989) - Loss: 0.0392
Epoch 60 Progress: 6% (63/989) - Loss: 0.0754
Epoch 60 Progress: 7% (72/989) - Loss: 0.1978
Epoch 60 Progress: 8% (81/989) - Loss: 0.2716
Epoch 60 Progress: 9% (90/989) - Loss: 0.2140
Epoch 60 Progress: 10% (99/989) - Loss: 0.0886
Epoch 60 Progress: 10% (108/989) - Loss: 0.0824
Epoch 60 Progress: 11% (117/989) - Loss: 0.0802
Epoch 60 Progress: 12% (126/989) - Loss: 0.0372
Epoch 60 Progress: 13% (135/989) - Loss: 0.1819
Epoch 60 Progress: 14% (144/989) - Loss: 0.0729
Epoch 60 Progress: 15% (153/989) - Loss: 0.0844
Epoch 60 Progress: 16% (162/989) - Loss: 0.0523
Epoch 60 Progress: 17% (171/989) - Loss: 0.2778
Epoch 60 Progress: 18% (180/989) - Loss: 0.1212
Epoch 60 Progress: 19% (189/989) - Loss: 0.1002
Epoch 60 Progress: 20% (198/989) - Loss: 0.1464
Epoch 60 Progress: 20% (207/989) - Loss: 0.0936
Epoch 60 Progress: 21% (216/989) - Loss: 0.4747
Epoch 60 Progress: 22% (225/989) - Loss: 0.2495
Epoch 60 Progress: 23% (234/989) - Loss: 0.0508
Epoch 60 Progress: 24% (243/989) - Loss: 0.0601
Epoch 60 Progress: 25% (252/989) - Loss: 0.1077
Epoch 60 Progress: 26% (261/989) - Loss: 0.1356
Epoch 60 Progress: 27% (270/989) - Loss: 0.2711
Epoch 60 Progress: 28% (279/989) - Loss: 0.1171
Epoch 60 Progress: 29% (288/989) - Loss: 0.0874
Epoch 60 Progress: 30% (297/989) - Loss: 0.1874
Epoch 60 Progress: 30% (306/989) - Loss: 0.0691
Epoch 60 Progress: 31% (315/989) - Loss: 0.1612
Epoch 60 Progress: 32% (324/989) - Loss: 0.1041
Epoch 60 Progress: 33% (333/989) - Loss: 0.1050
Epoch 60 Progress: 34% (342/989) - Loss: 0.1189
Epoch 60 Progress: 35% (351/989) - Loss: 0.4512
Epoch 60 Progress: 36% (360/989) - Loss: 0.2197
Epoch 60 Progress: 37% (369/989) - Loss: 0.0933
Epoch 60 Progress: 38% (378/989) - Loss: 0.1029
Epoch 60 Progress: 39% (387/989) - Loss: 0.1025
Epoch 60 Progress: 40% (396/989) - Loss: 0.0793
Epoch 60 Progress: 40% (405/989) - Loss: 0.1976
Epoch 60 Progress: 41% (414/989) - Loss: 0.1090
Epoch 60 Progress: 42% (423/989) - Loss: 0.0653
Epoch 60 Progress: 43% (432/989) - Loss: 0.0581
Epoch 60 Progress: 44% (441/989) - Loss: 0.0684
Epoch 60 Progress: 45% (450/989) - Loss: 0.1012
Epoch 60 Progress: 46% (459/989) - Loss: 0.1040
Epoch 60 Progress: 47% (468/989) - Loss: 0.1372
Epoch 60 Progress: 48% (477/989) - Loss: 0.1093
Epoch 60 Progress: 49% (486/989) - Loss: 0.1980
Epoch 60 Progress: 50% (495/989) - Loss: 0.0241
Epoch 60 Progress: 50% (504/989) - Loss: 0.0465
Epoch 60 Progress: 51% (513/989) - Loss: 0.1469
Epoch 60 Progress: 52% (522/989) - Loss: 0.1139
Epoch 60 Progress: 53% (531/989) - Loss: 0.0756
Epoch 60 Progress: 54% (540/989) - Loss: 0.0603
Epoch 60 Progress: 55% (549/989) - Loss: 0.1319
Epoch 60 Progress: 56% (558/989) - Loss: 0.0945
Epoch 60 Progress: 57% (567/989) - Loss: 0.2197
Epoch 60 Progress: 58% (576/989) - Loss: 0.1344
Epoch 60 Progress: 59% (585/989) - Loss: 0.8018
Epoch 60 Progress: 60% (594/989) - Loss: 0.1026
Epoch 60 Progress: 60% (603/989) - Loss: 0.0985
Epoch 60 Progress: 61% (612/989) - Loss: 0.0604
Epoch 60 Progress: 62% (621/989) - Loss: 0.2183
Epoch 60 Progress: 63% (630/989) - Loss: 0.1162
Epoch 60 Progress: 64% (639/989) - Loss: 0.0740
Epoch 60 Progress: 65% (648/989) - Loss: 0.0625
Epoch 60 Progress: 66% (657/989) - Loss: 0.1188
Epoch 60 Progress: 67% (666/989) - Loss: 0.1283
Epoch 60 Progress: 68% (675/989) - Loss: 0.2782
Epoch 60 Progress: 69% (684/989) - Loss: 0.0919
Epoch 60 Progress: 70% (693/989) - Loss: 0.0522
Epoch 60 Progress: 70% (702/989) - Loss: 0.2142
Epoch 60 Progress: 71% (711/989) - Loss: 0.0817
Epoch 60 Progress: 72% (720/989) - Loss: 0.0752
Epoch 60 Progress: 73% (729/989) - Loss: 0.1256
Epoch 60 Progress: 74% (738/989) - Loss: 0.0589
Epoch 60 Progress: 75% (747/989) - Loss: 0.1707
Epoch 60 Progress: 76% (756/989) - Loss: 0.1451
Epoch 60 Progress: 77% (765/989) - Loss: 0.0893
Epoch 60 Progress: 78% (774/989) - Loss: 0.1126
Epoch 60 Progress: 79% (783/989) - Loss: 0.1253
Epoch 60 Progress: 80% (792/989) - Loss: 0.1133
Epoch 60 Progress: 80% (801/989) - Loss: 0.0751
Epoch 60 Progress: 81% (810/989) - Loss: 0.0938
Epoch 60 Progress: 82% (819/989) - Loss: 0.0772
Epoch 60 Progress: 83% (828/989) - Loss: 0.0790
Epoch 60 Progress: 84% (837/989) - Loss: 0.0564
Epoch 60 Progress: 85% (846/989) - Loss: 0.1060
Epoch 60 Progress: 86% (855/989) - Loss: 0.1274
Epoch 60 Progress: 87% (864/989) - Loss: 0.0922
Epoch 60 Progress: 88% (873/989) - Loss: 0.1447
Epoch 60 Progress: 89% (882/989) - Loss: 0.1117
Epoch 60 Progress: 90% (891/989) - Loss: 0.1340
Epoch 60 Progress: 91% (900/989) - Loss: 0.0518
Epoch 60 Progress: 91% (909/989) - Loss: 0.0967
Epoch 60 Progress: 92% (918/989) - Loss: 0.0865
Epoch 60 Progress: 93% (927/989) - Loss: 0.1226
Epoch 60 Progress: 94% (936/989) - Loss: 0.0468
Epoch 60 Progress: 95% (945/989) - Loss: 0.2230
Epoch 60 Progress: 96% (954/989) - Loss: 0.1634
Epoch 60 Progress: 97% (963/989) - Loss: 0.0439
Epoch 60 Progress: 98% (972/989) - Loss: 0.0663
Epoch 60 Progress: 99% (981/989) - Loss: 0.0918
Epoch 60 Progress: 100% (989/989) - Loss: 0.1924
Train Loss: 0.1194 | Val Loss: 0.1287 | Val Mean Dice: 0.8843
Dice WT: 0.9035 | Dice TC: 0.9031 | Dice ET: 0.8464
Peak RAM: 1357 MB | Peak VRAM: 26387 MB | Peak GPU Util: 100.0%

Epoch 61/100  LR=0.000019
Epoch 61 Progress: 0% (9/989) - Loss: 0.4307
Epoch 61 Progress: 1% (18/989) - Loss: 0.0664
Epoch 61 Progress: 2% (27/989) - Loss: 0.0811
Epoch 61 Progress: 3% (36/989) - Loss: 0.1188
Epoch 61 Progress: 4% (45/989) - Loss: 0.1006
Epoch 61 Progress: 5% (54/989) - Loss: 0.1175
Epoch 61 Progress: 6% (63/989) - Loss: 0.0673
Epoch 61 Progress: 7% (72/989) - Loss: 0.1133
Epoch 61 Progress: 8% (81/989) - Loss: 0.0867
Epoch 61 Progress: 9% (90/989) - Loss: 0.1498
Epoch 61 Progress: 10% (99/989) - Loss: 0.1374
Epoch 61 Progress: 10% (108/989) - Loss: 0.1767
Epoch 61 Progress: 11% (117/989) - Loss: 0.0588
Epoch 61 Progress: 12% (126/989) - Loss: 0.1245
Epoch 61 Progress: 13% (135/989) - Loss: 0.0818
Epoch 61 Progress: 14% (144/989) - Loss: 0.0737
Epoch 61 Progress: 15% (153/989) - Loss: 0.0524
Epoch 61 Progress: 16% (162/989) - Loss: 0.1778
Epoch 61 Progress: 17% (171/989) - Loss: 0.4347
Epoch 61 Progress: 18% (180/989) - Loss: 0.0746
Epoch 61 Progress: 19% (189/989) - Loss: 0.0511
Epoch 61 Progress: 20% (198/989) - Loss: 0.2273
Epoch 61 Progress: 20% (207/989) - Loss: 0.1299
Epoch 61 Progress: 21% (216/989) - Loss: 0.0746
Epoch 61 Progress: 22% (225/989) - Loss: 0.1300
Epoch 61 Progress: 23% (234/989) - Loss: 0.0529
Epoch 61 Progress: 24% (243/989) - Loss: 0.0463
Epoch 61 Progress: 25% (252/989) - Loss: 0.1705
Epoch 61 Progress: 26% (261/989) - Loss: 0.0793
Epoch 61 Progress: 27% (270/989) - Loss: 0.1103
Epoch 61 Progress: 28% (279/989) - Loss: 0.0770
Epoch 61 Progress: 29% (288/989) - Loss: 0.0836
Epoch 61 Progress: 30% (297/989) - Loss: 0.3090
Epoch 61 Progress: 30% (306/989) - Loss: 0.0607
Epoch 61 Progress: 31% (315/989) - Loss: 0.1108
Epoch 61 Progress: 32% (324/989) - Loss: 0.0885
Epoch 61 Progress: 33% (333/989) - Loss: 0.0644
Epoch 61 Progress: 34% (342/989) - Loss: 0.1143
Epoch 61 Progress: 35% (351/989) - Loss: 0.0910
Epoch 61 Progress: 36% (360/989) - Loss: 0.1267
Epoch 61 Progress: 37% (369/989) - Loss: 0.2154
Epoch 61 Progress: 38% (378/989) - Loss: 0.2028
Epoch 61 Progress: 39% (387/989) - Loss: 0.0878
Epoch 61 Progress: 40% (396/989) - Loss: 0.1441
Epoch 61 Progress: 40% (405/989) - Loss: 0.1178
Epoch 61 Progress: 41% (414/989) - Loss: 0.1173
Epoch 61 Progress: 42% (423/989) - Loss: 0.1108
Epoch 61 Progress: 43% (432/989) - Loss: 0.4309
Epoch 61 Progress: 44% (441/989) - Loss: 0.1174
Epoch 61 Progress: 45% (450/989) - Loss: 0.1673
Epoch 61 Progress: 46% (459/989) - Loss: 0.0785
Epoch 61 Progress: 47% (468/989) - Loss: 0.0875
Epoch 61 Progress: 48% (477/989) - Loss: 0.1083
Epoch 61 Progress: 49% (486/989) - Loss: 0.1393
Epoch 61 Progress: 50% (495/989) - Loss: 0.0736
Epoch 61 Progress: 50% (504/989) - Loss: 0.0477
Epoch 61 Progress: 51% (513/989) - Loss: 0.0992
Epoch 61 Progress: 52% (522/989) - Loss: 0.0645
Epoch 61 Progress: 53% (531/989) - Loss: 0.1026
Epoch 61 Progress: 54% (540/989) - Loss: 0.1438
Epoch 61 Progress: 55% (549/989) - Loss: 0.0697
Epoch 61 Progress: 56% (558/989) - Loss: 0.2656
Epoch 61 Progress: 57% (567/989) - Loss: 0.0766
Epoch 61 Progress: 58% (576/989) - Loss: 0.0631
Epoch 61 Progress: 59% (585/989) - Loss: 0.1050
Epoch 61 Progress: 60% (594/989) - Loss: 0.1349
Epoch 61 Progress: 60% (603/989) - Loss: 0.1447
Epoch 61 Progress: 61% (612/989) - Loss: 0.1248
Epoch 61 Progress: 62% (621/989) - Loss: 0.1608
Epoch 61 Progress: 63% (630/989) - Loss: 0.1242
Epoch 61 Progress: 64% (639/989) - Loss: 0.0693
Epoch 61 Progress: 65% (648/989) - Loss: 0.0291
Epoch 61 Progress: 66% (657/989) - Loss: 0.0909
Epoch 61 Progress: 67% (666/989) - Loss: 0.0846
Epoch 61 Progress: 68% (675/989) - Loss: 0.0513
Epoch 61 Progress: 69% (684/989) - Loss: 0.0878
Epoch 61 Progress: 70% (693/989) - Loss: 0.1103
Epoch 61 Progress: 70% (702/989) - Loss: 0.0700
Epoch 61 Progress: 71% (711/989) - Loss: 0.1831
Epoch 61 Progress: 72% (720/989) - Loss: 0.1653
Epoch 61 Progress: 73% (729/989) - Loss: 0.1244
Epoch 61 Progress: 74% (738/989) - Loss: 0.1913
Epoch 61 Progress: 75% (747/989) - Loss: 0.2050
Epoch 61 Progress: 76% (756/989) - Loss: 0.0692
Epoch 61 Progress: 77% (765/989) - Loss: 0.3952
Epoch 61 Progress: 78% (774/989) - Loss: 0.0975
Epoch 61 Progress: 79% (783/989) - Loss: 0.0443
Epoch 61 Progress: 80% (792/989) - Loss: 0.0821
Epoch 61 Progress: 80% (801/989) - Loss: 0.0448
Epoch 61 Progress: 81% (810/989) - Loss: 0.0708
Epoch 61 Progress: 82% (819/989) - Loss: 0.0716
Epoch 61 Progress: 83% (828/989) - Loss: 0.1357
Epoch 61 Progress: 84% (837/989) - Loss: 0.1131
Epoch 61 Progress: 85% (846/989) - Loss: 0.1072
Epoch 61 Progress: 86% (855/989) - Loss: 0.1293
Epoch 61 Progress: 87% (864/989) - Loss: 0.1195
Epoch 61 Progress: 88% (873/989) - Loss: 0.0763
Epoch 61 Progress: 89% (882/989) - Loss: 0.0493
Epoch 61 Progress: 90% (891/989) - Loss: 0.0275
Epoch 61 Progress: 91% (900/989) - Loss: 0.0836
Epoch 61 Progress: 91% (909/989) - Loss: 0.0625
Epoch 61 Progress: 92% (918/989) - Loss: 0.0952
Epoch 61 Progress: 93% (927/989) - Loss: 0.2721
Epoch 61 Progress: 94% (936/989) - Loss: 0.0620
Epoch 61 Progress: 95% (945/989) - Loss: 0.0715
Epoch 61 Progress: 96% (954/989) - Loss: 0.1196
Epoch 61 Progress: 97% (963/989) - Loss: 0.1026
Epoch 61 Progress: 98% (972/989) - Loss: 0.0404
Epoch 61 Progress: 99% (981/989) - Loss: 0.0399
Epoch 61 Progress: 100% (989/989) - Loss: 0.0744
Train Loss: 0.1176 | Val Loss: 0.1395 | Val Mean Dice: 0.8775
Dice WT: 0.9092 | Dice TC: 0.8845 | Dice ET: 0.8389
Peak RAM: 1357 MB | Peak VRAM: 26387 MB | Peak GPU Util: 100.0%

Epoch 62/100  LR=0.000019
Epoch 62 Progress: 0% (9/989) - Loss: 0.0502
Epoch 62 Progress: 1% (18/989) - Loss: 0.1165
Epoch 62 Progress: 2% (27/989) - Loss: 0.0482
Epoch 62 Progress: 3% (36/989) - Loss: 0.0756
Epoch 62 Progress: 4% (45/989) - Loss: 0.1333
Epoch 62 Progress: 5% (54/989) - Loss: 0.0576
Epoch 62 Progress: 6% (63/989) - Loss: 0.0776
Epoch 62 Progress: 7% (72/989) - Loss: 0.0985
Epoch 62 Progress: 8% (81/989) - Loss: 0.1050
Epoch 62 Progress: 9% (90/989) - Loss: 0.0675
Epoch 62 Progress: 10% (99/989) - Loss: 0.0999
Epoch 62 Progress: 10% (108/989) - Loss: 0.1185
Epoch 62 Progress: 11% (117/989) - Loss: 0.1081
Epoch 62 Progress: 12% (126/989) - Loss: 0.0683
Epoch 62 Progress: 13% (135/989) - Loss: 0.1412
Epoch 62 Progress: 14% (144/989) - Loss: 0.1285
Epoch 62 Progress: 15% (153/989) - Loss: 0.7870
Epoch 62 Progress: 16% (162/989) - Loss: 0.1335
Epoch 62 Progress: 17% (171/989) - Loss: 0.0292
Epoch 62 Progress: 18% (180/989) - Loss: 0.1022
Epoch 62 Progress: 19% (189/989) - Loss: 0.0685
Epoch 62 Progress: 20% (198/989) - Loss: 0.7640
Epoch 62 Progress: 20% (207/989) - Loss: 0.0907
Epoch 62 Progress: 21% (216/989) - Loss: 0.0478
Epoch 62 Progress: 22% (225/989) - Loss: 0.1140
Epoch 62 Progress: 23% (234/989) - Loss: 0.0631
Epoch 62 Progress: 24% (243/989) - Loss: 0.0876
Epoch 62 Progress: 25% (252/989) - Loss: 0.0900
Epoch 62 Progress: 26% (261/989) - Loss: 0.0687
Epoch 62 Progress: 27% (270/989) - Loss: 0.1058
Epoch 62 Progress: 28% (279/989) - Loss: 0.1013
Epoch 62 Progress: 29% (288/989) - Loss: 0.0292
Epoch 62 Progress: 30% (297/989) - Loss: 0.2828
Epoch 62 Progress: 30% (306/989) - Loss: 0.1754
Epoch 62 Progress: 31% (315/989) - Loss: 0.1032
Epoch 62 Progress: 32% (324/989) - Loss: 0.0749
Epoch 62 Progress: 33% (333/989) - Loss: 0.0328
Epoch 62 Progress: 34% (342/989) - Loss: 0.1619
Epoch 62 Progress: 35% (351/989) - Loss: 0.0374
Epoch 62 Progress: 36% (360/989) - Loss: 0.0799
Epoch 62 Progress: 37% (369/989) - Loss: 0.1852
Epoch 62 Progress: 38% (378/989) - Loss: 0.1561
Epoch 62 Progress: 39% (387/989) - Loss: 0.0292
Epoch 62 Progress: 40% (396/989) - Loss: 0.0615
Epoch 62 Progress: 40% (405/989) - Loss: 0.0462
Epoch 62 Progress: 41% (414/989) - Loss: 0.0868
Epoch 62 Progress: 42% (423/989) - Loss: 0.1107
Epoch 62 Progress: 43% (432/989) - Loss: 0.2102
Epoch 62 Progress: 44% (441/989) - Loss: 0.0557
Epoch 62 Progress: 45% (450/989) - Loss: 0.1066
Epoch 62 Progress: 46% (459/989) - Loss: 0.1084
Epoch 62 Progress: 47% (468/989) - Loss: 0.0831
Epoch 62 Progress: 48% (477/989) - Loss: 0.1073
Epoch 62 Progress: 49% (486/989) - Loss: 0.0361
Epoch 62 Progress: 50% (495/989) - Loss: 0.1130
Epoch 62 Progress: 50% (504/989) - Loss: 0.0433
Epoch 62 Progress: 51% (513/989) - Loss: 0.1064
Epoch 62 Progress: 52% (522/989) - Loss: 0.1762
Epoch 62 Progress: 53% (531/989) - Loss: 0.3205
Epoch 62 Progress: 54% (540/989) - Loss: 0.0770
Epoch 62 Progress: 55% (549/989) - Loss: 0.1892
Epoch 62 Progress: 56% (558/989) - Loss: 0.0873
Epoch 62 Progress: 57% (567/989) - Loss: 0.0787
Epoch 62 Progress: 58% (576/989) - Loss: 0.1888
Epoch 62 Progress: 59% (585/989) - Loss: 0.1812
Epoch 62 Progress: 60% (594/989) - Loss: 0.0994
Epoch 62 Progress: 60% (603/989) - Loss: 0.2046
Epoch 62 Progress: 61% (612/989) - Loss: 0.0911
Epoch 62 Progress: 62% (621/989) - Loss: 0.1734
Epoch 62 Progress: 63% (630/989) - Loss: 0.0903
Epoch 62 Progress: 64% (639/989) - Loss: 0.2722
Epoch 62 Progress: 65% (648/989) - Loss: 0.1415
Epoch 62 Progress: 66% (657/989) - Loss: 0.0693
Epoch 62 Progress: 67% (666/989) - Loss: 0.1682
Epoch 62 Progress: 68% (675/989) - Loss: 0.0700
Epoch 62 Progress: 69% (684/989) - Loss: 0.1104
Epoch 62 Progress: 70% (693/989) - Loss: 0.1292
Epoch 62 Progress: 70% (702/989) - Loss: 0.0437
Epoch 62 Progress: 71% (711/989) - Loss: 0.0940
Epoch 62 Progress: 72% (720/989) - Loss: 0.1013
Epoch 62 Progress: 73% (729/989) - Loss: 0.0472
Epoch 62 Progress: 74% (738/989) - Loss: 0.0556
Epoch 62 Progress: 75% (747/989) - Loss: 0.4570
Epoch 62 Progress: 76% (756/989) - Loss: 0.0486
Epoch 62 Progress: 77% (765/989) - Loss: 0.2656
Epoch 62 Progress: 78% (774/989) - Loss: 0.0979
Epoch 62 Progress: 79% (783/989) - Loss: 0.2728
Epoch 62 Progress: 80% (792/989) - Loss: 0.0615
Epoch 62 Progress: 80% (801/989) - Loss: 0.0680
Epoch 62 Progress: 81% (810/989) - Loss: 0.0809
Epoch 62 Progress: 82% (819/989) - Loss: 0.0994
Epoch 62 Progress: 83% (828/989) - Loss: 0.0617
Epoch 62 Progress: 84% (837/989) - Loss: 0.2848
Epoch 62 Progress: 85% (846/989) - Loss: 0.2551
Epoch 62 Progress: 86% (855/989) - Loss: 0.1444
Epoch 62 Progress: 87% (864/989) - Loss: 0.0948
Epoch 62 Progress: 88% (873/989) - Loss: 0.0569
Epoch 62 Progress: 89% (882/989) - Loss: 0.0447
Epoch 62 Progress: 90% (891/989) - Loss: 0.2402
Epoch 62 Progress: 91% (900/989) - Loss: 0.0800
Epoch 62 Progress: 91% (909/989) - Loss: 0.1145
Epoch 62 Progress: 92% (918/989) - Loss: 0.1031
Epoch 62 Progress: 93% (927/989) - Loss: 0.0862
Epoch 62 Progress: 94% (936/989) - Loss: 0.1761
Epoch 62 Progress: 95% (945/989) - Loss: 0.1169
Epoch 62 Progress: 96% (954/989) - Loss: 0.0415
Epoch 62 Progress: 97% (963/989) - Loss: 0.1162
Epoch 62 Progress: 98% (972/989) - Loss: 0.1065
Epoch 62 Progress: 99% (981/989) - Loss: 0.0658
Epoch 62 Progress: 100% (989/989) - Loss: 0.1421
Train Loss: 0.1175 | Val Loss: 0.1253 | Val Mean Dice: 0.8899
Dice WT: 0.9120 | Dice TC: 0.9070 | Dice ET: 0.8506
Peak RAM: 1357 MB | Peak VRAM: 26387 MB | Peak GPU Util: 100.0%

Epoch 63/100  LR=0.000018
Epoch 63 Progress: 0% (9/989) - Loss: 0.1007
Epoch 63 Progress: 1% (18/989) - Loss: 0.1217
Epoch 63 Progress: 2% (27/989) - Loss: 0.0838
Epoch 63 Progress: 3% (36/989) - Loss: 0.4721
Epoch 63 Progress: 4% (45/989) - Loss: 0.1853
Epoch 63 Progress: 5% (54/989) - Loss: 0.1049
Epoch 63 Progress: 6% (63/989) - Loss: 0.0835
Epoch 63 Progress: 7% (72/989) - Loss: 0.1017
Epoch 63 Progress: 8% (81/989) - Loss: 0.1265
Epoch 63 Progress: 9% (90/989) - Loss: 0.0756
Epoch 63 Progress: 10% (99/989) - Loss: 0.0649
Epoch 63 Progress: 10% (108/989) - Loss: 0.0504
Epoch 63 Progress: 11% (117/989) - Loss: 0.1448
Epoch 63 Progress: 12% (126/989) - Loss: 0.1066
Epoch 63 Progress: 13% (135/989) - Loss: 0.0487
Epoch 63 Progress: 14% (144/989) - Loss: 0.1409
Epoch 63 Progress: 15% (153/989) - Loss: 0.1793
Epoch 63 Progress: 16% (162/989) - Loss: 0.1009
Epoch 63 Progress: 17% (171/989) - Loss: 0.1178
Epoch 63 Progress: 18% (180/989) - Loss: 0.1216
Epoch 63 Progress: 19% (189/989) - Loss: 0.0935
Epoch 63 Progress: 20% (198/989) - Loss: 0.1833
Epoch 63 Progress: 20% (207/989) - Loss: 0.0860
Epoch 63 Progress: 21% (216/989) - Loss: 0.2698
Epoch 63 Progress: 22% (225/989) - Loss: 0.0620
Epoch 63 Progress: 23% (234/989) - Loss: 0.0308
Epoch 63 Progress: 24% (243/989) - Loss: 0.1447
Epoch 63 Progress: 25% (252/989) - Loss: 0.2045
Epoch 63 Progress: 26% (261/989) - Loss: 0.1344
Epoch 63 Progress: 27% (270/989) - Loss: 0.0836
Epoch 63 Progress: 28% (279/989) - Loss: 0.1161
Epoch 63 Progress: 29% (288/989) - Loss: 0.0578
Epoch 63 Progress: 30% (297/989) - Loss: 0.1418
Epoch 63 Progress: 30% (306/989) - Loss: 0.0662
Epoch 63 Progress: 31% (315/989) - Loss: 0.1009
Epoch 63 Progress: 32% (324/989) - Loss: 0.0779
Epoch 63 Progress: 33% (333/989) - Loss: 0.0806
Epoch 63 Progress: 34% (342/989) - Loss: 0.1504
Epoch 63 Progress: 35% (351/989) - Loss: 0.1111
Epoch 63 Progress: 36% (360/989) - Loss: 0.1606
Epoch 63 Progress: 37% (369/989) - Loss: 0.0514
Epoch 63 Progress: 38% (378/989) - Loss: 0.1463
Epoch 63 Progress: 39% (387/989) - Loss: 0.1351
Epoch 63 Progress: 40% (396/989) - Loss: 0.1083
Epoch 63 Progress: 40% (405/989) - Loss: 0.3840
Epoch 63 Progress: 41% (414/989) - Loss: 0.1541
Epoch 63 Progress: 42% (423/989) - Loss: 0.0984
Epoch 63 Progress: 43% (432/989) - Loss: 0.0470
Epoch 63 Progress: 44% (441/989) - Loss: 0.2714
Epoch 63 Progress: 45% (450/989) - Loss: 0.0392
Epoch 63 Progress: 46% (459/989) - Loss: 0.1158
Epoch 63 Progress: 47% (468/989) - Loss: 0.1302
Epoch 63 Progress: 48% (477/989) - Loss: 0.0685
Epoch 63 Progress: 49% (486/989) - Loss: 0.0656
Epoch 63 Progress: 50% (495/989) - Loss: 0.0910
Epoch 63 Progress: 50% (504/989) - Loss: 0.0400
Epoch 63 Progress: 51% (513/989) - Loss: 0.0887
Epoch 63 Progress: 52% (522/989) - Loss: 0.0724
Epoch 63 Progress: 53% (531/989) - Loss: 0.2453
Epoch 63 Progress: 54% (540/989) - Loss: 0.0737
Epoch 63 Progress: 55% (549/989) - Loss: 0.0715
Epoch 63 Progress: 56% (558/989) - Loss: 0.0472
Epoch 63 Progress: 57% (567/989) - Loss: 0.1037
Epoch 63 Progress: 58% (576/989) - Loss: 0.0394
Epoch 63 Progress: 59% (585/989) - Loss: 0.1034
Epoch 63 Progress: 60% (594/989) - Loss: 0.0495
Epoch 63 Progress: 60% (603/989) - Loss: 0.0826
Epoch 63 Progress: 61% (612/989) - Loss: 0.1014
Epoch 63 Progress: 62% (621/989) - Loss: 0.0582
Epoch 63 Progress: 63% (630/989) - Loss: 0.3757
Epoch 63 Progress: 64% (639/989) - Loss: 0.1277
Epoch 63 Progress: 65% (648/989) - Loss: 0.1642
Epoch 63 Progress: 66% (657/989) - Loss: 0.0671
Epoch 63 Progress: 67% (666/989) - Loss: 0.0706
Epoch 63 Progress: 68% (675/989) - Loss: 0.0727
Epoch 63 Progress: 69% (684/989) - Loss: 0.0756
Epoch 63 Progress: 70% (693/989) - Loss: 0.0569
Epoch 63 Progress: 70% (702/989) - Loss: 0.0695
Epoch 63 Progress: 71% (711/989) - Loss: 0.0587
Epoch 63 Progress: 72% (720/989) - Loss: 0.1171
Epoch 63 Progress: 73% (729/989) - Loss: 0.0861
Epoch 63 Progress: 74% (738/989) - Loss: 0.3988
Epoch 63 Progress: 75% (747/989) - Loss: 0.1144
Epoch 63 Progress: 76% (756/989) - Loss: 0.1665
Epoch 63 Progress: 77% (765/989) - Loss: 0.0649
Epoch 63 Progress: 78% (774/989) - Loss: 0.0972
Epoch 63 Progress: 79% (783/989) - Loss: 0.0269
Epoch 63 Progress: 80% (792/989) - Loss: 0.1077
Epoch 63 Progress: 80% (801/989) - Loss: 0.1178
Epoch 63 Progress: 81% (810/989) - Loss: 0.6994
Epoch 63 Progress: 82% (819/989) - Loss: 0.0985
Epoch 63 Progress: 83% (828/989) - Loss: 0.1317
Epoch 63 Progress: 84% (837/989) - Loss: 0.1934
Epoch 63 Progress: 85% (846/989) - Loss: 0.1267
Epoch 63 Progress: 86% (855/989) - Loss: 0.1142
Epoch 63 Progress: 87% (864/989) - Loss: 0.0888
Epoch 63 Progress: 88% (873/989) - Loss: 0.0644
Epoch 63 Progress: 89% (882/989) - Loss: 0.0486
Epoch 63 Progress: 90% (891/989) - Loss: 0.0682
Epoch 63 Progress: 91% (900/989) - Loss: 0.1380
Epoch 63 Progress: 91% (909/989) - Loss: 0.1528
Epoch 63 Progress: 92% (918/989) - Loss: 0.1102
Epoch 63 Progress: 93% (927/989) - Loss: 0.2282
Epoch 63 Progress: 94% (936/989) - Loss: 0.0996
Epoch 63 Progress: 95% (945/989) - Loss: 0.0747
Epoch 63 Progress: 96% (954/989) - Loss: 0.0426
Epoch 63 Progress: 97% (963/989) - Loss: 0.0414
Epoch 63 Progress: 98% (972/989) - Loss: 0.1765
Epoch 63 Progress: 99% (981/989) - Loss: 0.0700
Epoch 63 Progress: 100% (989/989) - Loss: 0.0999
Train Loss: 0.1159 | Val Loss: 0.1395 | Val Mean Dice: 0.8814
Dice WT: 0.9106 | Dice TC: 0.8904 | Dice ET: 0.8433
Peak RAM: 1357 MB | Peak VRAM: 26387 MB | Peak GPU Util: 100.0%

Epoch 64/100  LR=0.000017
Epoch 64 Progress: 0% (9/989) - Loss: 0.1362
Epoch 64 Progress: 1% (18/989) - Loss: 0.0499
Epoch 64 Progress: 2% (27/989) - Loss: 0.1117
Epoch 64 Progress: 3% (36/989) - Loss: 0.0510
Epoch 64 Progress: 4% (45/989) - Loss: 0.0553
Epoch 64 Progress: 5% (54/989) - Loss: 0.1150
Epoch 64 Progress: 6% (63/989) - Loss: 0.1275
Epoch 64 Progress: 7% (72/989) - Loss: 0.0899
Epoch 64 Progress: 8% (81/989) - Loss: 0.0623
Epoch 64 Progress: 9% (90/989) - Loss: 0.0787
Epoch 64 Progress: 10% (99/989) - Loss: 0.0885
Epoch 64 Progress: 10% (108/989) - Loss: 0.4484
Epoch 64 Progress: 11% (117/989) - Loss: 0.0910
Epoch 64 Progress: 12% (126/989) - Loss: 0.1539
Epoch 64 Progress: 13% (135/989) - Loss: 0.0293
Epoch 64 Progress: 14% (144/989) - Loss: 0.1292
Epoch 64 Progress: 15% (153/989) - Loss: 0.2483
Epoch 64 Progress: 16% (162/989) - Loss: 0.0472
Epoch 64 Progress: 17% (171/989) - Loss: 0.0654
Epoch 64 Progress: 18% (180/989) - Loss: 0.0410
Epoch 64 Progress: 19% (189/989) - Loss: 0.0958
Epoch 64 Progress: 20% (198/989) - Loss: 0.0462
Epoch 64 Progress: 20% (207/989) - Loss: 0.0745
Epoch 64 Progress: 21% (216/989) - Loss: 0.2173
Epoch 64 Progress: 22% (225/989) - Loss: 0.0581
Epoch 64 Progress: 23% (234/989) - Loss: 0.0594
Epoch 64 Progress: 24% (243/989) - Loss: 0.0784
Epoch 64 Progress: 25% (252/989) - Loss: 0.0732
Epoch 64 Progress: 26% (261/989) - Loss: 0.0747
Epoch 64 Progress: 27% (270/989) - Loss: 0.0911
Epoch 64 Progress: 28% (279/989) - Loss: 0.1164
Epoch 64 Progress: 29% (288/989) - Loss: 0.1905
Epoch 64 Progress: 30% (297/989) - Loss: 0.0751
Epoch 64 Progress: 30% (306/989) - Loss: 0.0856
Epoch 64 Progress: 31% (315/989) - Loss: 0.1087
Epoch 64 Progress: 32% (324/989) - Loss: 0.0804
Epoch 64 Progress: 33% (333/989) - Loss: 0.0713
Epoch 64 Progress: 34% (342/989) - Loss: 0.0693
Epoch 64 Progress: 35% (351/989) - Loss: 0.0878
Epoch 64 Progress: 36% (360/989) - Loss: 0.1022
Epoch 64 Progress: 37% (369/989) - Loss: 0.1431
Epoch 64 Progress: 38% (378/989) - Loss: 0.1291
Epoch 64 Progress: 39% (387/989) - Loss: 0.0993
Epoch 64 Progress: 40% (396/989) - Loss: 0.1018
Epoch 64 Progress: 40% (405/989) - Loss: 0.1291
Epoch 64 Progress: 41% (414/989) - Loss: 0.1250
Epoch 64 Progress: 42% (423/989) - Loss: 0.0343
Epoch 64 Progress: 43% (432/989) - Loss: 0.0568
Epoch 64 Progress: 44% (441/989) - Loss: 0.1512
Epoch 64 Progress: 45% (450/989) - Loss: 0.0447
Epoch 64 Progress: 46% (459/989) - Loss: 0.0760
Epoch 64 Progress: 47% (468/989) - Loss: 0.7834
Epoch 64 Progress: 48% (477/989) - Loss: 0.1059
Epoch 64 Progress: 49% (486/989) - Loss: 0.1982
Epoch 64 Progress: 50% (495/989) - Loss: 0.0609
Epoch 64 Progress: 50% (504/989) - Loss: 0.1325
Epoch 64 Progress: 51% (513/989) - Loss: 0.2309
Epoch 64 Progress: 52% (522/989) - Loss: 0.1932
Epoch 64 Progress: 53% (531/989) - Loss: 0.1233
Epoch 64 Progress: 54% (540/989) - Loss: 0.0878
Epoch 64 Progress: 55% (549/989) - Loss: 0.2272
Epoch 64 Progress: 56% (558/989) - Loss: 0.1019
Epoch 64 Progress: 57% (567/989) - Loss: 0.0551
Epoch 64 Progress: 58% (576/989) - Loss: 0.0556
Epoch 64 Progress: 59% (585/989) - Loss: 0.1434
Epoch 64 Progress: 60% (594/989) - Loss: 0.1193
Epoch 64 Progress: 60% (603/989) - Loss: 0.1036
Epoch 64 Progress: 61% (612/989) - Loss: 0.0626
Epoch 64 Progress: 62% (621/989) - Loss: 0.0725
Epoch 64 Progress: 63% (630/989) - Loss: 0.1476
Epoch 64 Progress: 64% (639/989) - Loss: 0.0887
Epoch 64 Progress: 65% (648/989) - Loss: 0.1824
Epoch 64 Progress: 66% (657/989) - Loss: 0.1245
Epoch 64 Progress: 67% (666/989) - Loss: 0.1566
Epoch 64 Progress: 68% (675/989) - Loss: 0.0669
Epoch 64 Progress: 69% (684/989) - Loss: 0.1440
Epoch 64 Progress: 70% (693/989) - Loss: 0.0792
Epoch 64 Progress: 70% (702/989) - Loss: 0.0728
Epoch 64 Progress: 71% (711/989) - Loss: 0.0744
Epoch 64 Progress: 72% (720/989) - Loss: 0.2112
Epoch 64 Progress: 73% (729/989) - Loss: 0.0997
Epoch 64 Progress: 74% (738/989) - Loss: 0.1272
Epoch 64 Progress: 75% (747/989) - Loss: 0.0719
Epoch 64 Progress: 76% (756/989) - Loss: 0.1340
Epoch 64 Progress: 77% (765/989) - Loss: 0.1018
Epoch 64 Progress: 78% (774/989) - Loss: 0.0885
Epoch 64 Progress: 79% (783/989) - Loss: 0.1520
Epoch 64 Progress: 80% (792/989) - Loss: 0.0650
Epoch 64 Progress: 80% (801/989) - Loss: 0.2077
Epoch 64 Progress: 81% (810/989) - Loss: 0.1240
Epoch 64 Progress: 82% (819/989) - Loss: 0.0382
Epoch 64 Progress: 83% (828/989) - Loss: 0.1616
Epoch 64 Progress: 84% (837/989) - Loss: 0.4481
Epoch 64 Progress: 85% (846/989) - Loss: 0.0429
Epoch 64 Progress: 86% (855/989) - Loss: 0.0942
Epoch 64 Progress: 87% (864/989) - Loss: 0.1197
Epoch 64 Progress: 88% (873/989) - Loss: 0.0641
Epoch 64 Progress: 89% (882/989) - Loss: 0.5994
Epoch 64 Progress: 90% (891/989) - Loss: 0.1574
Epoch 64 Progress: 91% (900/989) - Loss: 0.0544
Epoch 64 Progress: 91% (909/989) - Loss: 0.0447
Epoch 64 Progress: 92% (918/989) - Loss: 0.1074
Epoch 64 Progress: 93% (927/989) - Loss: 0.0168
Epoch 64 Progress: 94% (936/989) - Loss: 0.0639
Epoch 64 Progress: 95% (945/989) - Loss: 0.1072
Epoch 64 Progress: 96% (954/989) - Loss: 0.0675
Epoch 64 Progress: 97% (963/989) - Loss: 0.0660
Epoch 64 Progress: 98% (972/989) - Loss: 0.0443
Epoch 64 Progress: 99% (981/989) - Loss: 0.1160
Epoch 64 Progress: 100% (989/989) - Loss: 0.0560
Train Loss: 0.1185 | Val Loss: 0.1326 | Val Mean Dice: 0.8859
Dice WT: 0.9118 | Dice TC: 0.8926 | Dice ET: 0.8532
Peak RAM: 1357 MB | Peak VRAM: 26387 MB | Peak GPU Util: 100.0%

Epoch 65/100  LR=0.000016
Epoch 65 Progress: 0% (9/989) - Loss: 0.1886
Epoch 65 Progress: 1% (18/989) - Loss: 0.1261
Epoch 65 Progress: 2% (27/989) - Loss: 0.0815
Epoch 65 Progress: 3% (36/989) - Loss: 0.1025
Epoch 65 Progress: 4% (45/989) - Loss: 0.0687
Epoch 65 Progress: 5% (54/989) - Loss: 0.1236
Epoch 65 Progress: 6% (63/989) - Loss: 0.1024
Epoch 65 Progress: 7% (72/989) - Loss: 0.2158
Epoch 65 Progress: 8% (81/989) - Loss: 0.1488
Epoch 65 Progress: 9% (90/989) - Loss: 0.0786
Epoch 65 Progress: 10% (99/989) - Loss: 0.0830
Epoch 65 Progress: 10% (108/989) - Loss: 0.0570
Epoch 65 Progress: 11% (117/989) - Loss: 0.0588
Epoch 65 Progress: 12% (126/989) - Loss: 0.0496
Epoch 65 Progress: 13% (135/989) - Loss: 0.1025
Epoch 65 Progress: 14% (144/989) - Loss: 0.1083
Epoch 65 Progress: 15% (153/989) - Loss: 0.0302
Epoch 65 Progress: 16% (162/989) - Loss: 0.0694
Epoch 65 Progress: 17% (171/989) - Loss: 0.1523
Epoch 65 Progress: 18% (180/989) - Loss: 0.0962
Epoch 65 Progress: 19% (189/989) - Loss: 0.0995
Epoch 65 Progress: 20% (198/989) - Loss: 0.1115
Epoch 65 Progress: 20% (207/989) - Loss: 0.0639
Epoch 65 Progress: 21% (216/989) - Loss: 0.2030
Epoch 65 Progress: 22% (225/989) - Loss: 0.0906
Epoch 65 Progress: 23% (234/989) - Loss: 0.1213
Epoch 65 Progress: 24% (243/989) - Loss: 0.0778
Epoch 65 Progress: 25% (252/989) - Loss: 0.0985
Epoch 65 Progress: 26% (261/989) - Loss: 0.2687
Epoch 65 Progress: 27% (270/989) - Loss: 0.0439
Epoch 65 Progress: 28% (279/989) - Loss: 0.0311
Epoch 65 Progress: 29% (288/989) - Loss: 0.1237
Epoch 65 Progress: 30% (297/989) - Loss: 0.0975
Epoch 65 Progress: 30% (306/989) - Loss: 0.1616
Epoch 65 Progress: 31% (315/989) - Loss: 0.1798
Epoch 65 Progress: 32% (324/989) - Loss: 0.1047
Epoch 65 Progress: 33% (333/989) - Loss: 0.0610
Epoch 65 Progress: 34% (342/989) - Loss: 0.1028
Epoch 65 Progress: 35% (351/989) - Loss: 0.0620
Epoch 65 Progress: 36% (360/989) - Loss: 0.0830
Epoch 65 Progress: 37% (369/989) - Loss: 0.0876
Epoch 65 Progress: 38% (378/989) - Loss: 0.1019
Epoch 65 Progress: 39% (387/989) - Loss: 0.1074
Epoch 65 Progress: 40% (396/989) - Loss: 0.0972
Epoch 65 Progress: 40% (405/989) - Loss: 0.0624
Epoch 65 Progress: 41% (414/989) - Loss: 0.1439
Epoch 65 Progress: 42% (423/989) - Loss: 0.0536
Epoch 65 Progress: 43% (432/989) - Loss: 0.1715
Epoch 65 Progress: 44% (441/989) - Loss: 0.0979
Epoch 65 Progress: 45% (450/989) - Loss: 0.0836
Epoch 65 Progress: 46% (459/989) - Loss: 0.1684
Epoch 65 Progress: 47% (468/989) - Loss: 0.0831
Epoch 65 Progress: 48% (477/989) - Loss: 0.1109
Epoch 65 Progress: 49% (486/989) - Loss: 0.0871
Epoch 65 Progress: 50% (495/989) - Loss: 0.1804
Epoch 65 Progress: 50% (504/989) - Loss: 0.1983
Epoch 65 Progress: 51% (513/989) - Loss: 0.1181
Epoch 65 Progress: 52% (522/989) - Loss: 0.4717
Epoch 65 Progress: 53% (531/989) - Loss: 0.0597
Epoch 65 Progress: 54% (540/989) - Loss: 0.1112
Epoch 65 Progress: 55% (549/989) - Loss: 0.0714
Epoch 65 Progress: 56% (558/989) - Loss: 0.1470
Epoch 65 Progress: 57% (567/989) - Loss: 0.1013
Epoch 65 Progress: 58% (576/989) - Loss: 0.1214
Epoch 65 Progress: 59% (585/989) - Loss: 0.0462
Epoch 65 Progress: 60% (594/989) - Loss: 0.4021
Epoch 65 Progress: 60% (603/989) - Loss: 0.1465
Epoch 65 Progress: 61% (612/989) - Loss: 0.0775
Epoch 65 Progress: 62% (621/989) - Loss: 0.0976
Epoch 65 Progress: 63% (630/989) - Loss: 0.1033
Epoch 65 Progress: 64% (639/989) - Loss: 0.0375
Epoch 65 Progress: 65% (648/989) - Loss: 0.1182
Epoch 65 Progress: 66% (657/989) - Loss: 0.0799
Epoch 65 Progress: 67% (666/989) - Loss: 0.0685
Epoch 65 Progress: 68% (675/989) - Loss: 0.1095
Epoch 65 Progress: 69% (684/989) - Loss: 0.1127
Epoch 65 Progress: 70% (693/989) - Loss: 0.1686
Epoch 65 Progress: 70% (702/989) - Loss: 0.0567
Epoch 65 Progress: 71% (711/989) - Loss: 0.1438
Epoch 65 Progress: 72% (720/989) - Loss: 0.1179
Epoch 65 Progress: 73% (729/989) - Loss: 0.1210
Epoch 65 Progress: 74% (738/989) - Loss: 0.0738
Epoch 65 Progress: 75% (747/989) - Loss: 0.1068
Epoch 65 Progress: 76% (756/989) - Loss: 0.0617
Epoch 65 Progress: 77% (765/989) - Loss: 0.0579
Epoch 65 Progress: 78% (774/989) - Loss: 0.0976
Epoch 65 Progress: 79% (783/989) - Loss: 0.0745
Epoch 65 Progress: 80% (792/989) - Loss: 0.2166
Epoch 65 Progress: 80% (801/989) - Loss: 0.0876
Epoch 65 Progress: 81% (810/989) - Loss: 0.0471
Epoch 65 Progress: 82% (819/989) - Loss: 0.0548
Epoch 65 Progress: 83% (828/989) - Loss: 0.0477
Epoch 65 Progress: 84% (837/989) - Loss: 0.0698
Epoch 65 Progress: 85% (846/989) - Loss: 0.0651
Epoch 65 Progress: 86% (855/989) - Loss: 0.0657
Epoch 65 Progress: 87% (864/989) - Loss: 0.0446
Epoch 65 Progress: 88% (873/989) - Loss: 0.1371
Epoch 65 Progress: 89% (882/989) - Loss: 0.1121
Epoch 65 Progress: 90% (891/989) - Loss: 0.1120
Epoch 65 Progress: 91% (900/989) - Loss: 0.1322
Epoch 65 Progress: 91% (909/989) - Loss: 0.1194
Epoch 65 Progress: 92% (918/989) - Loss: 0.1172
Epoch 65 Progress: 93% (927/989) - Loss: 0.0439
Epoch 65 Progress: 94% (936/989) - Loss: 0.0656
Epoch 65 Progress: 95% (945/989) - Loss: 0.1623
Epoch 65 Progress: 96% (954/989) - Loss: 0.2079
Epoch 65 Progress: 97% (963/989) - Loss: 0.6056
Epoch 65 Progress: 98% (972/989) - Loss: 0.1501
Epoch 65 Progress: 99% (981/989) - Loss: 0.0924
Epoch 65 Progress: 100% (989/989) - Loss: 0.0664
Train Loss: 0.1177 | Val Loss: 0.1308 | Val Mean Dice: 0.8876
Dice WT: 0.9149 | Dice TC: 0.8986 | Dice ET: 0.8492
Peak RAM: 1357 MB | Peak VRAM: 26387 MB | Peak GPU Util: 100.0%

Epoch 66/100  LR=0.000015
Epoch 66 Progress: 0% (9/989) - Loss: 0.1185
Epoch 66 Progress: 1% (18/989) - Loss: 0.1153
Epoch 66 Progress: 2% (27/989) - Loss: 0.0672
Epoch 66 Progress: 3% (36/989) - Loss: 0.1121
Epoch 66 Progress: 4% (45/989) - Loss: 0.1067
Epoch 66 Progress: 5% (54/989) - Loss: 0.0678
Epoch 66 Progress: 6% (63/989) - Loss: 0.0834
Epoch 66 Progress: 7% (72/989) - Loss: 0.1222
Epoch 66 Progress: 8% (81/989) - Loss: 0.1292
Epoch 66 Progress: 9% (90/989) - Loss: 0.1910
Epoch 66 Progress: 10% (99/989) - Loss: 0.0793
Epoch 66 Progress: 10% (108/989) - Loss: 0.1172
Epoch 66 Progress: 11% (117/989) - Loss: 0.0519
Epoch 66 Progress: 12% (126/989) - Loss: 0.1388
Epoch 66 Progress: 13% (135/989) - Loss: 0.0757
Epoch 66 Progress: 14% (144/989) - Loss: 0.1566
Epoch 66 Progress: 15% (153/989) - Loss: 0.1075
Epoch 66 Progress: 16% (162/989) - Loss: 0.0916
Epoch 66 Progress: 17% (171/989) - Loss: 0.2447
Epoch 66 Progress: 18% (180/989) - Loss: 0.0660
Epoch 66 Progress: 19% (189/989) - Loss: 0.2297
Epoch 66 Progress: 20% (198/989) - Loss: 0.1018
Epoch 66 Progress: 20% (207/989) - Loss: 0.1213
Epoch 66 Progress: 21% (216/989) - Loss: 0.1002
Epoch 66 Progress: 22% (225/989) - Loss: 0.1613
Epoch 66 Progress: 23% (234/989) - Loss: 0.0948
Epoch 66 Progress: 24% (243/989) - Loss: 0.0362
Epoch 66 Progress: 25% (252/989) - Loss: 0.1678
Epoch 66 Progress: 26% (261/989) - Loss: 0.0999
Epoch 66 Progress: 27% (270/989) - Loss: 0.0272
Epoch 66 Progress: 28% (279/989) - Loss: 0.0888
Epoch 66 Progress: 29% (288/989) - Loss: 0.1964
Epoch 66 Progress: 30% (297/989) - Loss: 0.1474
Epoch 66 Progress: 30% (306/989) - Loss: 0.0980
Epoch 66 Progress: 31% (315/989) - Loss: 0.1078
Epoch 66 Progress: 32% (324/989) - Loss: 0.1743
Epoch 66 Progress: 33% (333/989) - Loss: 0.0439
Epoch 66 Progress: 34% (342/989) - Loss: 0.0633
Epoch 66 Progress: 35% (351/989) - Loss: 0.1549
Epoch 66 Progress: 36% (360/989) - Loss: 0.0959
Epoch 66 Progress: 37% (369/989) - Loss: 0.1098
Epoch 66 Progress: 38% (378/989) - Loss: 0.0816
Epoch 66 Progress: 39% (387/989) - Loss: 0.0885
Epoch 66 Progress: 40% (396/989) - Loss: 0.0327
Epoch 66 Progress: 40% (405/989) - Loss: 0.1561
Epoch 66 Progress: 41% (414/989) - Loss: 0.0429
Epoch 66 Progress: 42% (423/989) - Loss: 0.0403
Epoch 66 Progress: 43% (432/989) - Loss: 0.0851
Epoch 66 Progress: 44% (441/989) - Loss: 0.1681
Epoch 66 Progress: 45% (450/989) - Loss: 0.1048
Epoch 66 Progress: 46% (459/989) - Loss: 0.1373
Epoch 66 Progress: 47% (468/989) - Loss: 0.0598
Epoch 66 Progress: 48% (477/989) - Loss: 0.0901
Epoch 66 Progress: 49% (486/989) - Loss: 0.0389
Epoch 66 Progress: 50% (495/989) - Loss: 0.4276
Epoch 66 Progress: 50% (504/989) - Loss: 0.0601
Epoch 66 Progress: 51% (513/989) - Loss: 0.1055
Epoch 66 Progress: 52% (522/989) - Loss: 0.1644
Epoch 66 Progress: 53% (531/989) - Loss: 0.0422
Epoch 66 Progress: 54% (540/989) - Loss: 0.2339
Epoch 66 Progress: 55% (549/989) - Loss: 0.0619
Epoch 66 Progress: 56% (558/989) - Loss: 0.0752
Epoch 66 Progress: 57% (567/989) - Loss: 0.0518
Epoch 66 Progress: 58% (576/989) - Loss: 0.0697
Epoch 66 Progress: 59% (585/989) - Loss: 0.1045
Epoch 66 Progress: 60% (594/989) - Loss: 0.0945
Epoch 66 Progress: 60% (603/989) - Loss: 0.1568
Epoch 66 Progress: 61% (612/989) - Loss: 0.0766
Epoch 66 Progress: 62% (621/989) - Loss: 0.3986
Epoch 66 Progress: 63% (630/989) - Loss: 0.0580
Epoch 66 Progress: 64% (639/989) - Loss: 0.0606
Epoch 66 Progress: 65% (648/989) - Loss: 0.0645
Epoch 66 Progress: 66% (657/989) - Loss: 0.0306
Epoch 66 Progress: 67% (666/989) - Loss: 0.0825
Epoch 66 Progress: 68% (675/989) - Loss: 0.1107
Epoch 66 Progress: 69% (684/989) - Loss: 0.0619
Epoch 66 Progress: 70% (693/989) - Loss: 0.0748
Epoch 66 Progress: 70% (702/989) - Loss: 0.0580
Epoch 66 Progress: 71% (711/989) - Loss: 0.0860
Epoch 66 Progress: 72% (720/989) - Loss: 0.0562
Epoch 66 Progress: 73% (729/989) - Loss: 0.1244
Epoch 66 Progress: 74% (738/989) - Loss: 0.0538
Epoch 66 Progress: 75% (747/989) - Loss: 0.0810
Epoch 66 Progress: 76% (756/989) - Loss: 0.0739
Epoch 66 Progress: 77% (765/989) - Loss: 0.0570
Epoch 66 Progress: 78% (774/989) - Loss: 0.2189
Epoch 66 Progress: 79% (783/989) - Loss: 0.2180
Epoch 66 Progress: 80% (792/989) - Loss: 0.0581
Epoch 66 Progress: 80% (801/989) - Loss: 0.2423
Epoch 66 Progress: 81% (810/989) - Loss: 0.1919
Epoch 66 Progress: 82% (819/989) - Loss: 0.1437
Epoch 66 Progress: 83% (828/989) - Loss: 0.0856
Epoch 66 Progress: 84% (837/989) - Loss: 0.0559
Epoch 66 Progress: 85% (846/989) - Loss: 0.0703
Epoch 66 Progress: 86% (855/989) - Loss: 0.1133
Epoch 66 Progress: 87% (864/989) - Loss: 0.0902
Epoch 66 Progress: 88% (873/989) - Loss: 0.0467
Epoch 66 Progress: 89% (882/989) - Loss: 0.1746
Epoch 66 Progress: 90% (891/989) - Loss: 0.0778
Epoch 66 Progress: 91% (900/989) - Loss: 0.1367
Epoch 66 Progress: 91% (909/989) - Loss: 0.1377
Epoch 66 Progress: 92% (918/989) - Loss: 0.1333
Epoch 66 Progress: 93% (927/989) - Loss: 0.0495
Epoch 66 Progress: 94% (936/989) - Loss: 0.0789
Epoch 66 Progress: 95% (945/989) - Loss: 0.0860
Epoch 66 Progress: 96% (954/989) - Loss: 0.1281
Epoch 66 Progress: 97% (963/989) - Loss: 0.1434
Epoch 66 Progress: 98% (972/989) - Loss: 0.0659
Epoch 66 Progress: 99% (981/989) - Loss: 0.1000
Epoch 66 Progress: 100% (989/989) - Loss: 0.1363
Train Loss: 0.1167 | Val Loss: 0.1265 | Val Mean Dice: 0.8882
Dice WT: 0.9142 | Dice TC: 0.9023 | Dice ET: 0.8481
Peak RAM: 1357 MB | Peak VRAM: 26387 MB | Peak GPU Util: 100.0%

Epoch 67/100  LR=0.000015
Epoch 67 Progress: 0% (9/989) - Loss: 0.1613
Epoch 67 Progress: 1% (18/989) - Loss: 0.0978
Epoch 67 Progress: 2% (27/989) - Loss: 0.0682
Epoch 67 Progress: 3% (36/989) - Loss: 0.2213
Epoch 67 Progress: 4% (45/989) - Loss: 0.1901
Epoch 67 Progress: 5% (54/989) - Loss: 0.1228
Epoch 67 Progress: 6% (63/989) - Loss: 0.0531
Epoch 67 Progress: 7% (72/989) - Loss: 0.0791
Epoch 67 Progress: 8% (81/989) - Loss: 0.0540
Epoch 67 Progress: 9% (90/989) - Loss: 0.0909
Epoch 67 Progress: 10% (99/989) - Loss: 0.2802
Epoch 67 Progress: 10% (108/989) - Loss: 0.0702
Epoch 67 Progress: 11% (117/989) - Loss: 0.0440
Epoch 67 Progress: 12% (126/989) - Loss: 0.0737
Epoch 67 Progress: 13% (135/989) - Loss: 0.2145
Epoch 67 Progress: 14% (144/989) - Loss: 0.0655
Epoch 67 Progress: 15% (153/989) - Loss: 0.0842
Epoch 67 Progress: 16% (162/989) - Loss: 0.2288
Epoch 67 Progress: 17% (171/989) - Loss: 0.0928
Epoch 67 Progress: 18% (180/989) - Loss: 0.0677
Epoch 67 Progress: 19% (189/989) - Loss: 0.1200
Epoch 67 Progress: 20% (198/989) - Loss: 0.6939
Epoch 67 Progress: 20% (207/989) - Loss: 0.0679
Epoch 67 Progress: 21% (216/989) - Loss: 0.1263
Epoch 67 Progress: 22% (225/989) - Loss: 0.2629
Epoch 67 Progress: 23% (234/989) - Loss: 0.0717
Epoch 67 Progress: 24% (243/989) - Loss: 0.0537
Epoch 67 Progress: 25% (252/989) - Loss: 0.0769
Epoch 67 Progress: 26% (261/989) - Loss: 0.0721
Epoch 67 Progress: 27% (270/989) - Loss: 0.0705
Epoch 67 Progress: 28% (279/989) - Loss: 0.1270
Epoch 67 Progress: 29% (288/989) - Loss: 0.0518
Epoch 67 Progress: 30% (297/989) - Loss: 0.0490
Epoch 67 Progress: 30% (306/989) - Loss: 0.0855
Epoch 67 Progress: 31% (315/989) - Loss: 0.1033
Epoch 67 Progress: 32% (324/989) - Loss: 0.0670
Epoch 67 Progress: 33% (333/989) - Loss: 0.1071
Epoch 67 Progress: 34% (342/989) - Loss: 0.1288
Epoch 67 Progress: 35% (351/989) - Loss: 0.0537
Epoch 67 Progress: 36% (360/989) - Loss: 0.1005
Epoch 67 Progress: 37% (369/989) - Loss: 0.1028
Epoch 67 Progress: 38% (378/989) - Loss: 0.2977
Epoch 67 Progress: 39% (387/989) - Loss: 0.1893
Epoch 67 Progress: 40% (396/989) - Loss: 0.1006
Epoch 67 Progress: 40% (405/989) - Loss: 0.1066
Epoch 67 Progress: 41% (414/989) - Loss: 0.0505
Epoch 67 Progress: 42% (423/989) - Loss: 0.1130
Epoch 67 Progress: 43% (432/989) - Loss: 0.0579
Epoch 67 Progress: 44% (441/989) - Loss: 0.0634
Epoch 67 Progress: 45% (450/989) - Loss: 0.0817
Epoch 67 Progress: 46% (459/989) - Loss: 0.0821
Epoch 67 Progress: 47% (468/989) - Loss: 0.0537
Epoch 67 Progress: 48% (477/989) - Loss: 0.0787
Epoch 67 Progress: 49% (486/989) - Loss: 0.1437
Epoch 67 Progress: 50% (495/989) - Loss: 0.0330
Epoch 67 Progress: 50% (504/989) - Loss: 0.1167
Epoch 67 Progress: 51% (513/989) - Loss: 0.0695
Epoch 67 Progress: 52% (522/989) - Loss: 0.1141
Epoch 67 Progress: 53% (531/989) - Loss: 0.1004
Epoch 67 Progress: 54% (540/989) - Loss: 0.1020
Epoch 67 Progress: 55% (549/989) - Loss: 0.1023
Epoch 67 Progress: 56% (558/989) - Loss: 0.0522
Epoch 67 Progress: 57% (567/989) - Loss: 0.1441
Epoch 67 Progress: 58% (576/989) - Loss: 0.5176
Epoch 67 Progress: 59% (585/989) - Loss: 0.4650
Epoch 67 Progress: 60% (594/989) - Loss: 0.1183
Epoch 67 Progress: 60% (603/989) - Loss: 0.1433
Epoch 67 Progress: 61% (612/989) - Loss: 0.0905
Epoch 67 Progress: 62% (621/989) - Loss: 0.1000
Epoch 67 Progress: 63% (630/989) - Loss: 0.0756
Epoch 67 Progress: 64% (639/989) - Loss: 0.0764
Epoch 67 Progress: 65% (648/989) - Loss: 0.0452
Epoch 67 Progress: 66% (657/989) - Loss: 0.1404
Epoch 67 Progress: 67% (666/989) - Loss: 0.1036
Epoch 67 Progress: 68% (675/989) - Loss: 0.0776
Epoch 67 Progress: 69% (684/989) - Loss: 0.1526
Epoch 67 Progress: 70% (693/989) - Loss: 0.0733
Epoch 67 Progress: 70% (702/989) - Loss: 0.0733
Epoch 67 Progress: 71% (711/989) - Loss: 0.0528
Epoch 67 Progress: 72% (720/989) - Loss: 0.0948
Epoch 67 Progress: 73% (729/989) - Loss: 0.0437
Epoch 67 Progress: 74% (738/989) - Loss: 0.2086
Epoch 67 Progress: 75% (747/989) - Loss: 0.1603
Epoch 67 Progress: 76% (756/989) - Loss: 0.0685
Epoch 67 Progress: 77% (765/989) - Loss: 0.1095
Epoch 67 Progress: 78% (774/989) - Loss: 0.0867
Epoch 67 Progress: 79% (783/989) - Loss: 0.4921
Epoch 67 Progress: 80% (792/989) - Loss: 0.1359
Epoch 67 Progress: 80% (801/989) - Loss: 0.1492
Epoch 67 Progress: 81% (810/989) - Loss: 0.0700
Epoch 67 Progress: 82% (819/989) - Loss: 0.0920
Epoch 67 Progress: 83% (828/989) - Loss: 0.0863
Epoch 67 Progress: 84% (837/989) - Loss: 0.1437
Epoch 67 Progress: 85% (846/989) - Loss: 0.1349
Epoch 67 Progress: 86% (855/989) - Loss: 0.6820
Epoch 67 Progress: 87% (864/989) - Loss: 0.1153
Epoch 67 Progress: 88% (873/989) - Loss: 0.1710
Epoch 67 Progress: 89% (882/989) - Loss: 0.0727
Epoch 67 Progress: 90% (891/989) - Loss: 0.1089
Epoch 67 Progress: 91% (900/989) - Loss: 0.5639
Epoch 67 Progress: 91% (909/989) - Loss: 0.0687
Epoch 67 Progress: 92% (918/989) - Loss: 0.0612
Epoch 67 Progress: 93% (927/989) - Loss: 0.1378
Epoch 67 Progress: 94% (936/989) - Loss: 0.4013
Epoch 67 Progress: 95% (945/989) - Loss: 0.0819
Epoch 67 Progress: 96% (954/989) - Loss: 0.0671
Epoch 67 Progress: 97% (963/989) - Loss: 0.1208
Epoch 67 Progress: 98% (972/989) - Loss: 0.0866
Epoch 67 Progress: 99% (981/989) - Loss: 0.0647
Epoch 67 Progress: 100% (989/989) - Loss: 0.6751
Train Loss: 0.1167 | Val Loss: 0.1331 | Val Mean Dice: 0.8828
Dice WT: 0.9060 | Dice TC: 0.8925 | Dice ET: 0.8498
Peak RAM: 1357 MB | Peak VRAM: 26387 MB | Peak GPU Util: 100.0%

Epoch 68/100  LR=0.000014
Epoch 68 Progress: 0% (9/989) - Loss: 0.1690
Epoch 68 Progress: 1% (18/989) - Loss: 0.1518
Epoch 68 Progress: 2% (27/989) - Loss: 0.0374
Epoch 68 Progress: 3% (36/989) - Loss: 0.0957
Epoch 68 Progress: 4% (45/989) - Loss: 0.0777
Epoch 68 Progress: 5% (54/989) - Loss: 0.0854
Epoch 68 Progress: 6% (63/989) - Loss: 0.1083
Epoch 68 Progress: 7% (72/989) - Loss: 0.1264
Epoch 68 Progress: 8% (81/989) - Loss: 0.0460
Epoch 68 Progress: 9% (90/989) - Loss: 0.1398
Epoch 68 Progress: 10% (99/989) - Loss: 0.0836
Epoch 68 Progress: 10% (108/989) - Loss: 0.0566
Epoch 68 Progress: 11% (117/989) - Loss: 0.0770
Epoch 68 Progress: 12% (126/989) - Loss: 0.4755
Epoch 68 Progress: 13% (135/989) - Loss: 0.0507
Epoch 68 Progress: 14% (144/989) - Loss: 0.1242
Epoch 68 Progress: 15% (153/989) - Loss: 0.1434
Epoch 68 Progress: 16% (162/989) - Loss: 0.0639
Epoch 68 Progress: 17% (171/989) - Loss: 0.0406
Epoch 68 Progress: 18% (180/989) - Loss: 0.1905
Epoch 68 Progress: 19% (189/989) - Loss: 0.0815
Epoch 68 Progress: 20% (198/989) - Loss: 0.1301
Epoch 68 Progress: 20% (207/989) - Loss: 0.0721
Epoch 68 Progress: 21% (216/989) - Loss: 0.0685
Epoch 68 Progress: 22% (225/989) - Loss: 0.1874
Epoch 68 Progress: 23% (234/989) - Loss: 0.0578
Epoch 68 Progress: 24% (243/989) - Loss: 0.0600
Epoch 68 Progress: 25% (252/989) - Loss: 0.0405
Epoch 68 Progress: 26% (261/989) - Loss: 0.0893
Epoch 68 Progress: 27% (270/989) - Loss: 0.0594
Epoch 68 Progress: 28% (279/989) - Loss: 0.0299
Epoch 68 Progress: 29% (288/989) - Loss: 0.0473
Epoch 68 Progress: 30% (297/989) - Loss: 0.0613
Epoch 68 Progress: 30% (306/989) - Loss: 0.4063
Epoch 68 Progress: 31% (315/989) - Loss: 0.2330
Epoch 68 Progress: 32% (324/989) - Loss: 0.0611
Epoch 68 Progress: 33% (333/989) - Loss: 0.0820
Epoch 68 Progress: 34% (342/989) - Loss: 0.0666
Epoch 68 Progress: 35% (351/989) - Loss: 0.0798
Epoch 68 Progress: 36% (360/989) - Loss: 0.1139
Epoch 68 Progress: 37% (369/989) - Loss: 0.0899
Epoch 68 Progress: 38% (378/989) - Loss: 0.0727
Epoch 68 Progress: 39% (387/989) - Loss: 0.1000
Epoch 68 Progress: 40% (396/989) - Loss: 0.0941
Epoch 68 Progress: 40% (405/989) - Loss: 0.1776
Epoch 68 Progress: 41% (414/989) - Loss: 0.0708
Epoch 68 Progress: 42% (423/989) - Loss: 0.1179
Epoch 68 Progress: 43% (432/989) - Loss: 0.1102
Epoch 68 Progress: 44% (441/989) - Loss: 0.0721
Epoch 68 Progress: 45% (450/989) - Loss: 0.1827
Epoch 68 Progress: 46% (459/989) - Loss: 0.2012
Epoch 68 Progress: 47% (468/989) - Loss: 0.1143
Epoch 68 Progress: 48% (477/989) - Loss: 0.1137
Epoch 68 Progress: 49% (486/989) - Loss: 0.0598
Epoch 68 Progress: 50% (495/989) - Loss: 0.1376
Epoch 68 Progress: 50% (504/989) - Loss: 0.2457
Epoch 68 Progress: 51% (513/989) - Loss: 0.4232
Epoch 68 Progress: 52% (522/989) - Loss: 0.1631
Epoch 68 Progress: 53% (531/989) - Loss: 0.1509
Epoch 68 Progress: 54% (540/989) - Loss: 0.1667
Epoch 68 Progress: 55% (549/989) - Loss: 0.0739
Epoch 68 Progress: 56% (558/989) - Loss: 0.0584
Epoch 68 Progress: 57% (567/989) - Loss: 0.2855
Epoch 68 Progress: 58% (576/989) - Loss: 0.0937
Epoch 68 Progress: 59% (585/989) - Loss: 0.0694
Epoch 68 Progress: 60% (594/989) - Loss: 0.1127
Epoch 68 Progress: 60% (603/989) - Loss: 0.0550
Epoch 68 Progress: 61% (612/989) - Loss: 0.1528
Epoch 68 Progress: 62% (621/989) - Loss: 0.0868
Epoch 68 Progress: 63% (630/989) - Loss: 0.0631
Epoch 68 Progress: 64% (639/989) - Loss: 0.0412
Epoch 68 Progress: 65% (648/989) - Loss: 0.0755
Epoch 68 Progress: 66% (657/989) - Loss: 0.1045
Epoch 68 Progress: 67% (666/989) - Loss: 0.1620
Epoch 68 Progress: 68% (675/989) - Loss: 0.0408
Epoch 68 Progress: 69% (684/989) - Loss: 0.1059
Epoch 68 Progress: 70% (693/989) - Loss: 0.0982
Epoch 68 Progress: 70% (702/989) - Loss: 0.5098
Epoch 68 Progress: 71% (711/989) - Loss: 0.4527
Epoch 68 Progress: 72% (720/989) - Loss: 0.0749
Epoch 68 Progress: 73% (729/989) - Loss: 0.0665
Epoch 68 Progress: 74% (738/989) - Loss: 0.0513
Epoch 68 Progress: 75% (747/989) - Loss: 0.1403
Epoch 68 Progress: 76% (756/989) - Loss: 0.0920
Epoch 68 Progress: 77% (765/989) - Loss: 0.1056
Epoch 68 Progress: 78% (774/989) - Loss: 0.1404
Epoch 68 Progress: 79% (783/989) - Loss: 0.4421
Epoch 68 Progress: 80% (792/989) - Loss: 0.0861
Epoch 68 Progress: 80% (801/989) - Loss: 0.1509
Epoch 68 Progress: 81% (810/989) - Loss: 0.0511
Epoch 68 Progress: 82% (819/989) - Loss: 0.0571
Epoch 68 Progress: 83% (828/989) - Loss: 0.1135
Epoch 68 Progress: 84% (837/989) - Loss: 0.0528
Epoch 68 Progress: 85% (846/989) - Loss: 0.2707
Epoch 68 Progress: 86% (855/989) - Loss: 0.0892
Epoch 68 Progress: 87% (864/989) - Loss: 0.0668
Epoch 68 Progress: 88% (873/989) - Loss: 0.0957
Epoch 68 Progress: 89% (882/989) - Loss: 0.5528
Epoch 68 Progress: 90% (891/989) - Loss: 0.0383
Epoch 68 Progress: 91% (900/989) - Loss: 0.0843
Epoch 68 Progress: 91% (909/989) - Loss: 0.1130
Epoch 68 Progress: 92% (918/989) - Loss: 0.1961
Epoch 68 Progress: 93% (927/989) - Loss: 0.1166
Epoch 68 Progress: 94% (936/989) - Loss: 0.4311
Epoch 68 Progress: 95% (945/989) - Loss: 0.0768
Epoch 68 Progress: 96% (954/989) - Loss: 0.0751
Epoch 68 Progress: 97% (963/989) - Loss: 0.0475
Epoch 68 Progress: 98% (972/989) - Loss: 0.0665
Epoch 68 Progress: 99% (981/989) - Loss: 0.1202
Epoch 68 Progress: 100% (989/989) - Loss: 0.5127
Train Loss: 0.1157 | Val Loss: 0.1384 | Val Mean Dice: 0.8785
Dice WT: 0.9075 | Dice TC: 0.8799 | Dice ET: 0.8480
Peak RAM: 1357 MB | Peak VRAM: 26387 MB | Peak GPU Util: 100.0%

Epoch 69/100  LR=0.000013
Epoch 69 Progress: 0% (9/989) - Loss: 0.0710
Epoch 69 Progress: 1% (18/989) - Loss: 0.1117
Epoch 69 Progress: 2% (27/989) - Loss: 0.0510
Epoch 69 Progress: 3% (36/989) - Loss: 0.0664
Epoch 69 Progress: 4% (45/989) - Loss: 0.1281
Epoch 69 Progress: 5% (54/989) - Loss: 0.1689
Epoch 69 Progress: 6% (63/989) - Loss: 0.1306
Epoch 69 Progress: 7% (72/989) - Loss: 0.1041
Epoch 69 Progress: 8% (81/989) - Loss: 0.1037
Epoch 69 Progress: 9% (90/989) - Loss: 0.1524
Epoch 69 Progress: 10% (99/989) - Loss: 0.0745
Epoch 69 Progress: 10% (108/989) - Loss: 0.0834
Epoch 69 Progress: 11% (117/989) - Loss: 0.1025
Epoch 69 Progress: 12% (126/989) - Loss: 0.1144
Epoch 69 Progress: 13% (135/989) - Loss: 0.1641
Epoch 69 Progress: 14% (144/989) - Loss: 0.0574
Epoch 69 Progress: 15% (153/989) - Loss: 0.0882
Epoch 69 Progress: 16% (162/989) - Loss: 0.0485
Epoch 69 Progress: 17% (171/989) - Loss: 0.1322
Epoch 69 Progress: 18% (180/989) - Loss: 0.0456
Epoch 69 Progress: 19% (189/989) - Loss: 0.0964
Epoch 69 Progress: 20% (198/989) - Loss: 0.0692
Epoch 69 Progress: 20% (207/989) - Loss: 0.1041
Epoch 69 Progress: 21% (216/989) - Loss: 0.1052
Epoch 69 Progress: 22% (225/989) - Loss: 0.0663
Epoch 69 Progress: 23% (234/989) - Loss: 0.1773
Epoch 69 Progress: 24% (243/989) - Loss: 0.0261
Epoch 69 Progress: 25% (252/989) - Loss: 0.0397
Epoch 69 Progress: 26% (261/989) - Loss: 0.0928
Epoch 69 Progress: 27% (270/989) - Loss: 0.1488
Epoch 69 Progress: 28% (279/989) - Loss: 0.1012
Epoch 69 Progress: 29% (288/989) - Loss: 0.1161
Epoch 69 Progress: 30% (297/989) - Loss: 0.0538
Epoch 69 Progress: 30% (306/989) - Loss: 0.1380
Epoch 69 Progress: 31% (315/989) - Loss: 0.0863
Epoch 69 Progress: 32% (324/989) - Loss: 0.1390
Epoch 69 Progress: 33% (333/989) - Loss: 0.0743
Epoch 69 Progress: 34% (342/989) - Loss: 0.1650
Epoch 69 Progress: 35% (351/989) - Loss: 0.0796
Epoch 69 Progress: 36% (360/989) - Loss: 0.1266
Epoch 69 Progress: 37% (369/989) - Loss: 0.1501
Epoch 69 Progress: 38% (378/989) - Loss: 0.1182
Epoch 69 Progress: 39% (387/989) - Loss: 0.0699
Epoch 69 Progress: 40% (396/989) - Loss: 0.0389
Epoch 69 Progress: 40% (405/989) - Loss: 0.0438
Epoch 69 Progress: 41% (414/989) - Loss: 0.0721
Epoch 69 Progress: 42% (423/989) - Loss: 0.1207
Epoch 69 Progress: 43% (432/989) - Loss: 0.1142
Epoch 69 Progress: 44% (441/989) - Loss: 0.0851
Epoch 69 Progress: 45% (450/989) - Loss: 0.1189
Epoch 69 Progress: 46% (459/989) - Loss: 0.1428
Epoch 69 Progress: 47% (468/989) - Loss: 0.0565
Epoch 69 Progress: 48% (477/989) - Loss: 0.1020
Epoch 69 Progress: 49% (486/989) - Loss: 0.1567
Epoch 69 Progress: 50% (495/989) - Loss: 0.1759
Epoch 69 Progress: 50% (504/989) - Loss: 0.1080
Epoch 69 Progress: 51% (513/989) - Loss: 0.1229
Epoch 69 Progress: 52% (522/989) - Loss: 0.1426
Epoch 69 Progress: 53% (531/989) - Loss: 0.0942
Epoch 69 Progress: 54% (540/989) - Loss: 0.1036
Epoch 69 Progress: 55% (549/989) - Loss: 0.1109
Epoch 69 Progress: 56% (558/989) - Loss: 0.2199
Epoch 69 Progress: 57% (567/989) - Loss: 0.1530
Epoch 69 Progress: 58% (576/989) - Loss: 0.0790
Epoch 69 Progress: 59% (585/989) - Loss: 0.1975
Epoch 69 Progress: 60% (594/989) - Loss: 0.0847
Epoch 69 Progress: 60% (603/989) - Loss: 0.4133
Epoch 69 Progress: 61% (612/989) - Loss: 0.0991
Epoch 69 Progress: 62% (621/989) - Loss: 0.0805
Epoch 69 Progress: 63% (630/989) - Loss: 0.0310
Epoch 69 Progress: 64% (639/989) - Loss: 0.1249
Epoch 69 Progress: 65% (648/989) - Loss: 0.1933
Epoch 69 Progress: 66% (657/989) - Loss: 0.0616
Epoch 69 Progress: 67% (666/989) - Loss: 0.0448
Epoch 69 Progress: 68% (675/989) - Loss: 0.1388
Epoch 69 Progress: 69% (684/989) - Loss: 0.1004
Epoch 69 Progress: 70% (693/989) - Loss: 0.0445
Epoch 69 Progress: 70% (702/989) - Loss: 0.0837
Epoch 69 Progress: 71% (711/989) - Loss: 0.0539
Epoch 69 Progress: 72% (720/989) - Loss: 0.0797
Epoch 69 Progress: 73% (729/989) - Loss: 0.1370
Epoch 69 Progress: 74% (738/989) - Loss: 0.1310
Epoch 69 Progress: 75% (747/989) - Loss: 0.1034
Epoch 69 Progress: 76% (756/989) - Loss: 0.0589
Epoch 69 Progress: 77% (765/989) - Loss: 0.0714
Epoch 69 Progress: 78% (774/989) - Loss: 0.1392
Epoch 69 Progress: 79% (783/989) - Loss: 0.1419
Epoch 69 Progress: 80% (792/989) - Loss: 0.0778
Epoch 69 Progress: 80% (801/989) - Loss: 0.0742
Epoch 69 Progress: 81% (810/989) - Loss: 0.4259
Epoch 69 Progress: 82% (819/989) - Loss: 0.1226
Epoch 69 Progress: 83% (828/989) - Loss: 0.1007
Epoch 69 Progress: 84% (837/989) - Loss: 0.0976
Epoch 69 Progress: 85% (846/989) - Loss: 0.1707
Epoch 69 Progress: 86% (855/989) - Loss: 0.0561
Epoch 69 Progress: 87% (864/989) - Loss: 0.2062
Epoch 69 Progress: 88% (873/989) - Loss: 0.0330
Epoch 69 Progress: 89% (882/989) - Loss: 0.4178
Epoch 69 Progress: 90% (891/989) - Loss: 0.1221
Epoch 69 Progress: 91% (900/989) - Loss: 0.0583
Epoch 69 Progress: 91% (909/989) - Loss: 0.1925
Epoch 69 Progress: 92% (918/989) - Loss: 0.0757
Epoch 69 Progress: 93% (927/989) - Loss: 0.0300
Epoch 69 Progress: 94% (936/989) - Loss: 0.0449
Epoch 69 Progress: 95% (945/989) - Loss: 0.1828
Epoch 69 Progress: 96% (954/989) - Loss: 0.0963
Epoch 69 Progress: 97% (963/989) - Loss: 0.0972
Epoch 69 Progress: 98% (972/989) - Loss: 0.1535
Epoch 69 Progress: 99% (981/989) - Loss: 0.0655
Epoch 69 Progress: 100% (989/989) - Loss: 0.0717
Train Loss: 0.1137 | Val Loss: 0.1296 | Val Mean Dice: 0.8832
Dice WT: 0.9117 | Dice TC: 0.8912 | Dice ET: 0.8467
Peak RAM: 1357 MB | Peak VRAM: 26387 MB | Peak GPU Util: 100.0%

Epoch 70/100  LR=0.000012
Epoch 70 Progress: 0% (9/989) - Loss: 0.0761
Epoch 70 Progress: 1% (18/989) - Loss: 0.0435
Epoch 70 Progress: 2% (27/989) - Loss: 0.0846
Epoch 70 Progress: 3% (36/989) - Loss: 0.2302
Epoch 70 Progress: 4% (45/989) - Loss: 0.0704
Epoch 70 Progress: 5% (54/989) - Loss: 0.1016
Epoch 70 Progress: 6% (63/989) - Loss: 0.1054
Epoch 70 Progress: 7% (72/989) - Loss: 0.1155
Epoch 70 Progress: 8% (81/989) - Loss: 0.0989
Epoch 70 Progress: 9% (90/989) - Loss: 0.1036
Epoch 70 Progress: 10% (99/989) - Loss: 0.1609
Epoch 70 Progress: 10% (108/989) - Loss: 0.1163
Epoch 70 Progress: 11% (117/989) - Loss: 0.0561
Epoch 70 Progress: 12% (126/989) - Loss: 0.1667
Epoch 70 Progress: 13% (135/989) - Loss: 0.0469
Epoch 70 Progress: 14% (144/989) - Loss: 0.0561
Epoch 70 Progress: 15% (153/989) - Loss: 0.0689
Epoch 70 Progress: 16% (162/989) - Loss: 0.0445
Epoch 70 Progress: 17% (171/989) - Loss: 0.0844
Epoch 70 Progress: 18% (180/989) - Loss: 0.0572
Epoch 70 Progress: 19% (189/989) - Loss: 0.0615
Epoch 70 Progress: 20% (198/989) - Loss: 0.1256
Epoch 70 Progress: 20% (207/989) - Loss: 0.1232
Epoch 70 Progress: 21% (216/989) - Loss: 0.2608
Epoch 70 Progress: 22% (225/989) - Loss: 0.1547
Epoch 70 Progress: 23% (234/989) - Loss: 0.0754
Epoch 70 Progress: 24% (243/989) - Loss: 0.0898
Epoch 70 Progress: 25% (252/989) - Loss: 0.0926
Epoch 70 Progress: 26% (261/989) - Loss: 0.1252
Epoch 70 Progress: 27% (270/989) - Loss: 0.1774
Epoch 70 Progress: 28% (279/989) - Loss: 0.0537
Epoch 70 Progress: 29% (288/989) - Loss: 0.1401
Epoch 70 Progress: 30% (297/989) - Loss: 0.0683
Epoch 70 Progress: 30% (306/989) - Loss: 0.0921
Epoch 70 Progress: 31% (315/989) - Loss: 0.0553
Epoch 70 Progress: 32% (324/989) - Loss: 0.1054
Epoch 70 Progress: 33% (333/989) - Loss: 0.1069
Epoch 70 Progress: 34% (342/989) - Loss: 0.1112
Epoch 70 Progress: 35% (351/989) - Loss: 0.0595
Epoch 70 Progress: 36% (360/989) - Loss: 0.0961
Epoch 70 Progress: 37% (369/989) - Loss: 0.0532
Epoch 70 Progress: 38% (378/989) - Loss: 0.1353
Epoch 70 Progress: 39% (387/989) - Loss: 0.0870
Epoch 70 Progress: 40% (396/989) - Loss: 0.1368
Epoch 70 Progress: 40% (405/989) - Loss: 0.1491
Epoch 70 Progress: 41% (414/989) - Loss: 0.1008
Epoch 70 Progress: 42% (423/989) - Loss: 0.0372
Epoch 70 Progress: 43% (432/989) - Loss: 0.2221
Epoch 70 Progress: 44% (441/989) - Loss: 0.0705
Epoch 70 Progress: 45% (450/989) - Loss: 0.5790
Epoch 70 Progress: 46% (459/989) - Loss: 0.0480
Epoch 70 Progress: 47% (468/989) - Loss: 0.6948
Epoch 70 Progress: 48% (477/989) - Loss: 0.0800
Epoch 70 Progress: 49% (486/989) - Loss: 0.1659
Epoch 70 Progress: 50% (495/989) - Loss: 0.0350
Epoch 70 Progress: 50% (504/989) - Loss: 0.0734
Epoch 70 Progress: 51% (513/989) - Loss: 0.0630
Epoch 70 Progress: 52% (522/989) - Loss: 0.0998
Epoch 70 Progress: 53% (531/989) - Loss: 0.1090
Epoch 70 Progress: 54% (540/989) - Loss: 0.1153
Epoch 70 Progress: 55% (549/989) - Loss: 0.0807
Epoch 70 Progress: 56% (558/989) - Loss: 0.0714
Epoch 70 Progress: 57% (567/989) - Loss: 0.1607
Epoch 70 Progress: 58% (576/989) - Loss: 0.0709
Epoch 70 Progress: 59% (585/989) - Loss: 0.0995
Epoch 70 Progress: 60% (594/989) - Loss: 0.0527
Epoch 70 Progress: 60% (603/989) - Loss: 0.0688
Epoch 70 Progress: 61% (612/989) - Loss: 0.4155
Epoch 70 Progress: 62% (621/989) - Loss: 0.1020
Epoch 70 Progress: 63% (630/989) - Loss: 0.0621
Epoch 70 Progress: 64% (639/989) - Loss: 0.1606
Epoch 70 Progress: 65% (648/989) - Loss: 0.0841
Epoch 70 Progress: 66% (657/989) - Loss: 0.1696
Epoch 70 Progress: 67% (666/989) - Loss: 0.1303
Epoch 70 Progress: 68% (675/989) - Loss: 0.0950
Epoch 70 Progress: 69% (684/989) - Loss: 0.0593
Epoch 70 Progress: 70% (693/989) - Loss: 0.0751
Epoch 70 Progress: 70% (702/989) - Loss: 0.0409
Epoch 70 Progress: 71% (711/989) - Loss: 0.0720
Epoch 70 Progress: 72% (720/989) - Loss: 0.0866
Epoch 70 Progress: 73% (729/989) - Loss: 0.0523
Epoch 70 Progress: 74% (738/989) - Loss: 0.0736
Epoch 70 Progress: 75% (747/989) - Loss: 0.1108
Epoch 70 Progress: 76% (756/989) - Loss: 0.0635
Epoch 70 Progress: 77% (765/989) - Loss: 0.2059
Epoch 70 Progress: 78% (774/989) - Loss: 0.0877
Epoch 70 Progress: 79% (783/989) - Loss: 0.0719
Epoch 70 Progress: 80% (792/989) - Loss: 0.0579
Epoch 70 Progress: 80% (801/989) - Loss: 0.1175
Epoch 70 Progress: 81% (810/989) - Loss: 0.1253
Epoch 70 Progress: 82% (819/989) - Loss: 0.0970
Epoch 70 Progress: 83% (828/989) - Loss: 0.0571
Epoch 70 Progress: 84% (837/989) - Loss: 0.0884
Epoch 70 Progress: 85% (846/989) - Loss: 0.0643
Epoch 70 Progress: 86% (855/989) - Loss: 0.0480
Epoch 70 Progress: 87% (864/989) - Loss: 0.0479
Epoch 70 Progress: 88% (873/989) - Loss: 0.0584
Epoch 70 Progress: 89% (882/989) - Loss: 0.4078
Epoch 70 Progress: 90% (891/989) - Loss: 0.0785
Epoch 70 Progress: 91% (900/989) - Loss: 0.1896
Epoch 70 Progress: 91% (909/989) - Loss: 0.0638
Epoch 70 Progress: 92% (918/989) - Loss: 0.0937
Epoch 70 Progress: 93% (927/989) - Loss: 0.0745
Epoch 70 Progress: 94% (936/989) - Loss: 0.1190
Epoch 70 Progress: 95% (945/989) - Loss: 0.1577
Epoch 70 Progress: 96% (954/989) - Loss: 0.2443
Epoch 70 Progress: 97% (963/989) - Loss: 0.0248
Epoch 70 Progress: 98% (972/989) - Loss: 0.0504
Epoch 70 Progress: 99% (981/989) - Loss: 0.2457
Epoch 70 Progress: 100% (989/989) - Loss: 0.1702
Train Loss: 0.1143 | Val Loss: 0.1198 | Val Mean Dice: 0.8925
Dice WT: 0.9188 | Dice TC: 0.9058 | Dice ET: 0.8528
Peak RAM: 1357 MB | Peak VRAM: 26387 MB | Peak GPU Util: 100.0%

Epoch 71/100  LR=0.000012
Epoch 71 Progress: 0% (9/989) - Loss: 0.1048
Epoch 71 Progress: 1% (18/989) - Loss: 0.1637
Epoch 71 Progress: 2% (27/989) - Loss: 0.0740
Epoch 71 Progress: 3% (36/989) - Loss: 0.0161
Epoch 71 Progress: 4% (45/989) - Loss: 0.1015
Epoch 71 Progress: 5% (54/989) - Loss: 0.0922
Epoch 71 Progress: 6% (63/989) - Loss: 0.4514
Epoch 71 Progress: 7% (72/989) - Loss: 0.1017
Epoch 71 Progress: 8% (81/989) - Loss: 0.2618
Epoch 71 Progress: 9% (90/989) - Loss: 0.0996
Epoch 71 Progress: 10% (99/989) - Loss: 0.1417
Epoch 71 Progress: 10% (108/989) - Loss: 0.0876
Epoch 71 Progress: 11% (117/989) - Loss: 0.0870
Epoch 71 Progress: 12% (126/989) - Loss: 0.1203
Epoch 71 Progress: 13% (135/989) - Loss: 0.1339
Epoch 71 Progress: 14% (144/989) - Loss: 0.0787
Epoch 71 Progress: 15% (153/989) - Loss: 0.0491
Epoch 71 Progress: 16% (162/989) - Loss: 0.0523
Epoch 71 Progress: 17% (171/989) - Loss: 0.1476
Epoch 71 Progress: 18% (180/989) - Loss: 0.0753
Epoch 71 Progress: 19% (189/989) - Loss: 0.0615
Epoch 71 Progress: 20% (198/989) - Loss: 0.0925
Epoch 71 Progress: 20% (207/989) - Loss: 0.0891
Epoch 71 Progress: 21% (216/989) - Loss: 0.0568
Epoch 71 Progress: 22% (225/989) - Loss: 0.1062
Epoch 71 Progress: 23% (234/989) - Loss: 0.2837
Epoch 71 Progress: 24% (243/989) - Loss: 0.1075
Epoch 71 Progress: 25% (252/989) - Loss: 0.1049
Epoch 71 Progress: 26% (261/989) - Loss: 0.2161
Epoch 71 Progress: 27% (270/989) - Loss: 0.1421
Epoch 71 Progress: 28% (279/989) - Loss: 0.1214
Epoch 71 Progress: 29% (288/989) - Loss: 0.0949
Epoch 71 Progress: 30% (297/989) - Loss: 0.0688
Epoch 71 Progress: 30% (306/989) - Loss: 0.0973
Epoch 71 Progress: 31% (315/989) - Loss: 0.0801
Epoch 71 Progress: 32% (324/989) - Loss: 0.0290
Epoch 71 Progress: 33% (333/989) - Loss: 0.0566
Epoch 71 Progress: 34% (342/989) - Loss: 0.0329
Epoch 71 Progress: 35% (351/989) - Loss: 0.1927
Epoch 71 Progress: 36% (360/989) - Loss: 0.0974
Epoch 71 Progress: 37% (369/989) - Loss: 0.4266
Epoch 71 Progress: 38% (378/989) - Loss: 0.4121
Epoch 71 Progress: 39% (387/989) - Loss: 0.1270
Epoch 71 Progress: 40% (396/989) - Loss: 0.1563
Epoch 71 Progress: 40% (405/989) - Loss: 0.1164
Epoch 71 Progress: 41% (414/989) - Loss: 0.0857
Epoch 71 Progress: 42% (423/989) - Loss: 0.0951
Epoch 71 Progress: 43% (432/989) - Loss: 0.0675
Epoch 71 Progress: 44% (441/989) - Loss: 0.0429
Epoch 71 Progress: 45% (450/989) - Loss: 0.0994
Epoch 71 Progress: 46% (459/989) - Loss: 0.0664
Epoch 71 Progress: 47% (468/989) - Loss: 0.1363
Epoch 71 Progress: 48% (477/989) - Loss: 0.1201
Epoch 71 Progress: 49% (486/989) - Loss: 0.1087
Epoch 71 Progress: 50% (495/989) - Loss: 0.2342
Epoch 71 Progress: 50% (504/989) - Loss: 0.1003
Epoch 71 Progress: 51% (513/989) - Loss: 0.0639
Epoch 71 Progress: 52% (522/989) - Loss: 0.0445
Epoch 71 Progress: 53% (531/989) - Loss: 0.0596
Epoch 71 Progress: 54% (540/989) - Loss: 0.0639
Epoch 71 Progress: 55% (549/989) - Loss: 0.0464
Epoch 71 Progress: 56% (558/989) - Loss: 0.1266
Epoch 71 Progress: 57% (567/989) - Loss: 0.0650
Epoch 71 Progress: 58% (576/989) - Loss: 0.0853
Epoch 71 Progress: 59% (585/989) - Loss: 0.0745
Epoch 71 Progress: 60% (594/989) - Loss: 0.0778
Epoch 71 Progress: 60% (603/989) - Loss: 0.1216
Epoch 71 Progress: 61% (612/989) - Loss: 0.0972
Epoch 71 Progress: 62% (621/989) - Loss: 0.0898
Epoch 71 Progress: 63% (630/989) - Loss: 0.0470
Epoch 71 Progress: 64% (639/989) - Loss: 0.1154
Epoch 71 Progress: 65% (648/989) - Loss: 0.2020
Epoch 71 Progress: 66% (657/989) - Loss: 0.1337
Epoch 71 Progress: 67% (666/989) - Loss: 0.0557
Epoch 71 Progress: 68% (675/989) - Loss: 0.1435
Epoch 71 Progress: 69% (684/989) - Loss: 0.1737
Epoch 71 Progress: 70% (693/989) - Loss: 0.0495
Epoch 71 Progress: 70% (702/989) - Loss: 0.0875
Epoch 71 Progress: 71% (711/989) - Loss: 0.0635
Epoch 71 Progress: 72% (720/989) - Loss: 0.0520
Epoch 71 Progress: 73% (729/989) - Loss: 0.0960
Epoch 71 Progress: 74% (738/989) - Loss: 0.0520
Epoch 71 Progress: 75% (747/989) - Loss: 0.0957
Epoch 71 Progress: 76% (756/989) - Loss: 0.1665
Epoch 71 Progress: 77% (765/989) - Loss: 0.0724
Epoch 71 Progress: 78% (774/989) - Loss: 0.0917
Epoch 71 Progress: 79% (783/989) - Loss: 0.1561
Epoch 71 Progress: 80% (792/989) - Loss: 0.2920
Epoch 71 Progress: 80% (801/989) - Loss: 0.0394
Epoch 71 Progress: 81% (810/989) - Loss: 0.0898
Epoch 71 Progress: 82% (819/989) - Loss: 0.1062
Epoch 71 Progress: 83% (828/989) - Loss: 0.1714
Epoch 71 Progress: 84% (837/989) - Loss: 0.1285
Epoch 71 Progress: 85% (846/989) - Loss: 0.0767
Epoch 71 Progress: 86% (855/989) - Loss: 0.4027
Epoch 71 Progress: 87% (864/989) - Loss: 0.1807
Epoch 71 Progress: 88% (873/989) - Loss: 0.0685
Epoch 71 Progress: 89% (882/989) - Loss: 0.1080
Epoch 71 Progress: 90% (891/989) - Loss: 0.0823
Epoch 71 Progress: 91% (900/989) - Loss: 0.2132
Epoch 71 Progress: 91% (909/989) - Loss: 0.0510
Epoch 71 Progress: 92% (918/989) - Loss: 0.0492
Epoch 71 Progress: 93% (927/989) - Loss: 0.0337
Epoch 71 Progress: 94% (936/989) - Loss: 0.1054
Epoch 71 Progress: 95% (945/989) - Loss: 0.1870
Epoch 71 Progress: 96% (954/989) - Loss: 0.0570
Epoch 71 Progress: 97% (963/989) - Loss: 0.1236
Epoch 71 Progress: 98% (972/989) - Loss: 0.0802
Epoch 71 Progress: 99% (981/989) - Loss: 0.0374
Epoch 71 Progress: 100% (989/989) - Loss: 0.0650
Train Loss: 0.1153 | Val Loss: 0.1277 | Val Mean Dice: 0.8864
Dice WT: 0.9130 | Dice TC: 0.8955 | Dice ET: 0.8505
Peak RAM: 1357 MB | Peak VRAM: 26387 MB | Peak GPU Util: 100.0%

Epoch 72/100  LR=0.000011
Epoch 72 Progress: 0% (9/989) - Loss: 0.0813
Epoch 72 Progress: 1% (18/989) - Loss: 0.0471
Epoch 72 Progress: 2% (27/989) - Loss: 0.1355
Epoch 72 Progress: 3% (36/989) - Loss: 0.0420
Epoch 72 Progress: 4% (45/989) - Loss: 0.0759
Epoch 72 Progress: 5% (54/989) - Loss: 0.0891
Epoch 72 Progress: 6% (63/989) - Loss: 0.1121
Epoch 72 Progress: 7% (72/989) - Loss: 0.1029
Epoch 72 Progress: 8% (81/989) - Loss: 0.0799
Epoch 72 Progress: 9% (90/989) - Loss: 0.1245
Epoch 72 Progress: 10% (99/989) - Loss: 0.0553
Epoch 72 Progress: 10% (108/989) - Loss: 0.1132
Epoch 72 Progress: 11% (117/989) - Loss: 0.0890
Epoch 72 Progress: 12% (126/989) - Loss: 0.1242
Epoch 72 Progress: 13% (135/989) - Loss: 0.0935
Epoch 72 Progress: 14% (144/989) - Loss: 0.0754
Epoch 72 Progress: 15% (153/989) - Loss: 0.0420
Epoch 72 Progress: 16% (162/989) - Loss: 0.0490
Epoch 72 Progress: 17% (171/989) - Loss: 0.1083
Epoch 72 Progress: 18% (180/989) - Loss: 0.0769
Epoch 72 Progress: 19% (189/989) - Loss: 0.1078
Epoch 72 Progress: 20% (198/989) - Loss: 0.0851
Epoch 72 Progress: 20% (207/989) - Loss: 0.1155
Epoch 72 Progress: 21% (216/989) - Loss: 0.1875
Epoch 72 Progress: 22% (225/989) - Loss: 0.0836
Epoch 72 Progress: 23% (234/989) - Loss: 0.0502
Epoch 72 Progress: 24% (243/989) - Loss: 0.4361
Epoch 72 Progress: 25% (252/989) - Loss: 0.0874
Epoch 72 Progress: 26% (261/989) - Loss: 0.0583
Epoch 72 Progress: 27% (270/989) - Loss: 0.0637
Epoch 72 Progress: 28% (279/989) - Loss: 0.0416
Epoch 72 Progress: 29% (288/989) - Loss: 0.0511
Epoch 72 Progress: 30% (297/989) - Loss: 0.0643
Epoch 72 Progress: 30% (306/989) - Loss: 0.0591
Epoch 72 Progress: 31% (315/989) - Loss: 0.0990
Epoch 72 Progress: 32% (324/989) - Loss: 0.1173
Epoch 72 Progress: 33% (333/989) - Loss: 0.0719
Epoch 72 Progress: 34% (342/989) - Loss: 0.0326
Epoch 72 Progress: 35% (351/989) - Loss: 0.1130
Epoch 72 Progress: 36% (360/989) - Loss: 0.0832
Epoch 72 Progress: 37% (369/989) - Loss: 0.1202
Epoch 72 Progress: 38% (378/989) - Loss: 0.0600
Epoch 72 Progress: 39% (387/989) - Loss: 0.0950
Epoch 72 Progress: 40% (396/989) - Loss: 0.0427
Epoch 72 Progress: 40% (405/989) - Loss: 0.0713
Epoch 72 Progress: 41% (414/989) - Loss: 0.0837
Epoch 72 Progress: 42% (423/989) - Loss: 0.0648
Epoch 72 Progress: 43% (432/989) - Loss: 0.0670
Epoch 72 Progress: 44% (441/989) - Loss: 0.0548
Epoch 72 Progress: 45% (450/989) - Loss: 0.1142
Epoch 72 Progress: 46% (459/989) - Loss: 0.6973
Epoch 72 Progress: 47% (468/989) - Loss: 0.0568
Epoch 72 Progress: 48% (477/989) - Loss: 0.1175
Epoch 72 Progress: 49% (486/989) - Loss: 0.0723
Epoch 72 Progress: 50% (495/989) - Loss: 0.0644
Epoch 72 Progress: 50% (504/989) - Loss: 0.1875
Epoch 72 Progress: 51% (513/989) - Loss: 0.0653
Epoch 72 Progress: 52% (522/989) - Loss: 0.1086
Epoch 72 Progress: 53% (531/989) - Loss: 0.1493
Epoch 72 Progress: 54% (540/989) - Loss: 0.0968
Epoch 72 Progress: 55% (549/989) - Loss: 0.0531
Epoch 72 Progress: 56% (558/989) - Loss: 0.1174
Epoch 72 Progress: 57% (567/989) - Loss: 0.0721
Epoch 72 Progress: 58% (576/989) - Loss: 0.4036
Epoch 72 Progress: 59% (585/989) - Loss: 0.1556
Epoch 72 Progress: 60% (594/989) - Loss: 0.3945
Epoch 72 Progress: 60% (603/989) - Loss: 0.0643
Epoch 72 Progress: 61% (612/989) - Loss: 0.1032
Epoch 72 Progress: 62% (621/989) - Loss: 0.1069
Epoch 72 Progress: 63% (630/989) - Loss: 0.0369
Epoch 72 Progress: 64% (639/989) - Loss: 0.0709
Epoch 72 Progress: 65% (648/989) - Loss: 0.0726
Epoch 72 Progress: 66% (657/989) - Loss: 0.1744
Epoch 72 Progress: 67% (666/989) - Loss: 0.1279
Epoch 72 Progress: 68% (675/989) - Loss: 0.0478
Epoch 72 Progress: 69% (684/989) - Loss: 0.0848
Epoch 72 Progress: 70% (693/989) - Loss: 0.0536
Epoch 72 Progress: 70% (702/989) - Loss: 0.1234
Epoch 72 Progress: 71% (711/989) - Loss: 0.0545
Epoch 72 Progress: 72% (720/989) - Loss: 0.1379
Epoch 72 Progress: 73% (729/989) - Loss: 0.6820
Epoch 72 Progress: 74% (738/989) - Loss: 0.1656
Epoch 72 Progress: 75% (747/989) - Loss: 0.0822
Epoch 72 Progress: 76% (756/989) - Loss: 0.1082
Epoch 72 Progress: 77% (765/989) - Loss: 0.1086
Epoch 72 Progress: 78% (774/989) - Loss: 0.0517
Epoch 72 Progress: 79% (783/989) - Loss: 0.0973
Epoch 72 Progress: 80% (792/989) - Loss: 0.1042
Epoch 72 Progress: 80% (801/989) - Loss: 0.1572
Epoch 72 Progress: 81% (810/989) - Loss: 0.1109
Epoch 72 Progress: 82% (819/989) - Loss: 0.1104
Epoch 72 Progress: 83% (828/989) - Loss: 0.0495
Epoch 72 Progress: 84% (837/989) - Loss: 0.0980
Epoch 72 Progress: 85% (846/989) - Loss: 0.0777
Epoch 72 Progress: 86% (855/989) - Loss: 0.0959
Epoch 72 Progress: 87% (864/989) - Loss: 0.0724
Epoch 72 Progress: 88% (873/989) - Loss: 0.0931
Epoch 72 Progress: 89% (882/989) - Loss: 0.0956
Epoch 72 Progress: 90% (891/989) - Loss: 0.1458
Epoch 72 Progress: 91% (900/989) - Loss: 0.0770
Epoch 72 Progress: 91% (909/989) - Loss: 0.0516
Epoch 72 Progress: 92% (918/989) - Loss: 0.3220
Epoch 72 Progress: 93% (927/989) - Loss: 0.1446
Epoch 72 Progress: 94% (936/989) - Loss: 0.2814
Epoch 72 Progress: 95% (945/989) - Loss: 0.0293
Epoch 72 Progress: 96% (954/989) - Loss: 0.0964
Epoch 72 Progress: 97% (963/989) - Loss: 0.0654
Epoch 72 Progress: 98% (972/989) - Loss: 0.1053
Epoch 72 Progress: 99% (981/989) - Loss: 0.0751
Epoch 72 Progress: 100% (989/989) - Loss: 0.1093
Train Loss: 0.1147 | Val Loss: 0.1278 | Val Mean Dice: 0.8857
Dice WT: 0.9117 | Dice TC: 0.8959 | Dice ET: 0.8495
Peak RAM: 1357 MB | Peak VRAM: 26387 MB | Peak GPU Util: 100.0%

Epoch 73/100  LR=0.000010
Epoch 73 Progress: 0% (9/989) - Loss: 0.1174
Epoch 73 Progress: 1% (18/989) - Loss: 0.1464
Epoch 73 Progress: 2% (27/989) - Loss: 0.0983
Epoch 73 Progress: 3% (36/989) - Loss: 0.6697
Epoch 73 Progress: 4% (45/989) - Loss: 0.1273
Epoch 73 Progress: 5% (54/989) - Loss: 0.1191
Epoch 73 Progress: 6% (63/989) - Loss: 0.0705
Epoch 73 Progress: 7% (72/989) - Loss: 0.1392
Epoch 73 Progress: 8% (81/989) - Loss: 0.0788
Epoch 73 Progress: 9% (90/989) - Loss: 0.1010
Epoch 73 Progress: 10% (99/989) - Loss: 0.1151
Epoch 73 Progress: 10% (108/989) - Loss: 0.0880
Epoch 73 Progress: 11% (117/989) - Loss: 0.2454
Epoch 73 Progress: 12% (126/989) - Loss: 0.1423
Epoch 73 Progress: 13% (135/989) - Loss: 0.2106
Epoch 73 Progress: 14% (144/989) - Loss: 0.0333
Epoch 73 Progress: 15% (153/989) - Loss: 0.0317
Epoch 73 Progress: 16% (162/989) - Loss: 0.1601
Epoch 73 Progress: 17% (171/989) - Loss: 0.0654
Epoch 73 Progress: 18% (180/989) - Loss: 0.1648
Epoch 73 Progress: 19% (189/989) - Loss: 0.0508
Epoch 73 Progress: 20% (198/989) - Loss: 0.0811
Epoch 73 Progress: 20% (207/989) - Loss: 0.1304
Epoch 73 Progress: 21% (216/989) - Loss: 0.2273
Epoch 73 Progress: 22% (225/989) - Loss: 0.1520
Epoch 73 Progress: 23% (234/989) - Loss: 0.0370
Epoch 73 Progress: 24% (243/989) - Loss: 0.1626
Epoch 73 Progress: 25% (252/989) - Loss: 0.0908
Epoch 73 Progress: 26% (261/989) - Loss: 0.1032
Epoch 73 Progress: 27% (270/989) - Loss: 0.2008
Epoch 73 Progress: 28% (279/989) - Loss: 0.0731
Epoch 73 Progress: 29% (288/989) - Loss: 0.0875
Epoch 73 Progress: 30% (297/989) - Loss: 0.0774
Epoch 73 Progress: 30% (306/989) - Loss: 0.0797
Epoch 73 Progress: 31% (315/989) - Loss: 0.0962
Epoch 73 Progress: 32% (324/989) - Loss: 0.0962
Epoch 73 Progress: 33% (333/989) - Loss: 0.1171
Epoch 73 Progress: 34% (342/989) - Loss: 0.3797
Epoch 73 Progress: 35% (351/989) - Loss: 0.0693
Epoch 73 Progress: 36% (360/989) - Loss: 0.0847
Epoch 73 Progress: 37% (369/989) - Loss: 0.2354
Epoch 73 Progress: 38% (378/989) - Loss: 0.0865
Epoch 73 Progress: 39% (387/989) - Loss: 0.0907
Epoch 73 Progress: 40% (396/989) - Loss: 0.1072
Epoch 73 Progress: 40% (405/989) - Loss: 0.0308
Epoch 73 Progress: 41% (414/989) - Loss: 0.0892
Epoch 73 Progress: 42% (423/989) - Loss: 0.0779
Epoch 73 Progress: 43% (432/989) - Loss: 0.0691
Epoch 73 Progress: 44% (441/989) - Loss: 0.1181
Epoch 73 Progress: 45% (450/989) - Loss: 0.0859
Epoch 73 Progress: 46% (459/989) - Loss: 0.0636
Epoch 73 Progress: 47% (468/989) - Loss: 0.0812
Epoch 73 Progress: 48% (477/989) - Loss: 0.0748
Epoch 73 Progress: 49% (486/989) - Loss: 0.0303
Epoch 73 Progress: 50% (495/989) - Loss: 0.0810
Epoch 73 Progress: 50% (504/989) - Loss: 0.2108
Epoch 73 Progress: 51% (513/989) - Loss: 0.1080
Epoch 73 Progress: 52% (522/989) - Loss: 0.2774
Epoch 73 Progress: 53% (531/989) - Loss: 0.0495
Epoch 73 Progress: 54% (540/989) - Loss: 0.0549
Epoch 73 Progress: 55% (549/989) - Loss: 0.1298
Epoch 73 Progress: 56% (558/989) - Loss: 0.1168
Epoch 73 Progress: 57% (567/989) - Loss: 0.0702
Epoch 73 Progress: 58% (576/989) - Loss: 0.0683
Epoch 73 Progress: 59% (585/989) - Loss: 0.0836
Epoch 73 Progress: 60% (594/989) - Loss: 0.0651
Epoch 73 Progress: 60% (603/989) - Loss: 0.0406
Epoch 73 Progress: 61% (612/989) - Loss: 0.0493
Epoch 73 Progress: 62% (621/989) - Loss: 0.0946
Epoch 73 Progress: 63% (630/989) - Loss: 0.1476
Epoch 73 Progress: 64% (639/989) - Loss: 0.0448
Epoch 73 Progress: 65% (648/989) - Loss: 0.1200
Epoch 73 Progress: 66% (657/989) - Loss: 0.1614
Epoch 73 Progress: 67% (666/989) - Loss: 0.4020
Epoch 73 Progress: 68% (675/989) - Loss: 0.0566
Epoch 73 Progress: 69% (684/989) - Loss: 0.1120
Epoch 73 Progress: 70% (693/989) - Loss: 0.1106
Epoch 73 Progress: 70% (702/989) - Loss: 0.2256
Epoch 73 Progress: 71% (711/989) - Loss: 0.1502
Epoch 73 Progress: 72% (720/989) - Loss: 0.0780
Epoch 73 Progress: 73% (729/989) - Loss: 0.1298
Epoch 73 Progress: 74% (738/989) - Loss: 0.1145
Epoch 73 Progress: 75% (747/989) - Loss: 0.1418
Epoch 73 Progress: 76% (756/989) - Loss: 0.0384
Epoch 73 Progress: 77% (765/989) - Loss: 0.1241
Epoch 73 Progress: 78% (774/989) - Loss: 0.1904
Epoch 73 Progress: 79% (783/989) - Loss: 0.0604
Epoch 73 Progress: 80% (792/989) - Loss: 0.1120
Epoch 73 Progress: 80% (801/989) - Loss: 0.0958
Epoch 73 Progress: 81% (810/989) - Loss: 0.0650
Epoch 73 Progress: 82% (819/989) - Loss: 0.0375
Epoch 73 Progress: 83% (828/989) - Loss: 0.0355
Epoch 73 Progress: 84% (837/989) - Loss: 0.1499
Epoch 73 Progress: 85% (846/989) - Loss: 0.1498
Epoch 73 Progress: 86% (855/989) - Loss: 0.1058
Epoch 73 Progress: 87% (864/989) - Loss: 0.0955
Epoch 73 Progress: 88% (873/989) - Loss: 0.0727
Epoch 73 Progress: 89% (882/989) - Loss: 0.0734
Epoch 73 Progress: 90% (891/989) - Loss: 0.1612
Epoch 73 Progress: 91% (900/989) - Loss: 0.1132
Epoch 73 Progress: 91% (909/989) - Loss: 0.1514
Epoch 73 Progress: 92% (918/989) - Loss: 0.0396
Epoch 73 Progress: 93% (927/989) - Loss: 0.1188
Epoch 73 Progress: 94% (936/989) - Loss: 0.0605
Epoch 73 Progress: 95% (945/989) - Loss: 0.0737
Epoch 73 Progress: 96% (954/989) - Loss: 0.1963
Epoch 73 Progress: 97% (963/989) - Loss: 0.1074
Epoch 73 Progress: 98% (972/989) - Loss: 0.0610
Epoch 73 Progress: 99% (981/989) - Loss: 0.0818
Epoch 73 Progress: 100% (989/989) - Loss: 0.0827
Train Loss: 0.1149 | Val Loss: 0.1208 | Val Mean Dice: 0.8894
Dice WT: 0.9125 | Dice TC: 0.9037 | Dice ET: 0.8520
Peak RAM: 1356 MB | Peak VRAM: 26387 MB | Peak GPU Util: 100.0%

Epoch 74/100  LR=0.000010
Epoch 74 Progress: 0% (9/989) - Loss: 0.0392
Epoch 74 Progress: 1% (18/989) - Loss: 0.0563
Epoch 74 Progress: 2% (27/989) - Loss: 0.0910
Epoch 74 Progress: 3% (36/989) - Loss: 0.0845
Epoch 74 Progress: 4% (45/989) - Loss: 0.4595
Epoch 74 Progress: 5% (54/989) - Loss: 0.0681
Epoch 74 Progress: 6% (63/989) - Loss: 0.0602
Epoch 74 Progress: 7% (72/989) - Loss: 0.1127
Epoch 74 Progress: 8% (81/989) - Loss: 0.0851
Epoch 74 Progress: 9% (90/989) - Loss: 0.1019
Epoch 74 Progress: 10% (99/989) - Loss: 0.0917
Epoch 74 Progress: 10% (108/989) - Loss: 0.1184
Epoch 74 Progress: 11% (117/989) - Loss: 0.0302
Epoch 74 Progress: 12% (126/989) - Loss: 0.1124
Epoch 74 Progress: 13% (135/989) - Loss: 0.1066
Epoch 74 Progress: 14% (144/989) - Loss: 0.1111
Epoch 74 Progress: 15% (153/989) - Loss: 0.1617
Epoch 74 Progress: 16% (162/989) - Loss: 0.1039
Epoch 74 Progress: 17% (171/989) - Loss: 0.0883
Epoch 74 Progress: 18% (180/989) - Loss: 0.0576
Epoch 74 Progress: 19% (189/989) - Loss: 0.0882
Epoch 74 Progress: 20% (198/989) - Loss: 0.0739
Epoch 74 Progress: 20% (207/989) - Loss: 0.0718
Epoch 74 Progress: 21% (216/989) - Loss: 0.0463
Epoch 74 Progress: 22% (225/989) - Loss: 0.1202
Epoch 74 Progress: 23% (234/989) - Loss: 0.0686
Epoch 74 Progress: 24% (243/989) - Loss: 0.0764
Epoch 74 Progress: 25% (252/989) - Loss: 0.0443
Epoch 74 Progress: 26% (261/989) - Loss: 0.0862
Epoch 74 Progress: 27% (270/989) - Loss: 0.0913
Epoch 74 Progress: 28% (279/989) - Loss: 0.1370
Epoch 74 Progress: 29% (288/989) - Loss: 0.0538
Epoch 74 Progress: 30% (297/989) - Loss: 0.0829
Epoch 74 Progress: 30% (306/989) - Loss: 0.0886
Epoch 74 Progress: 31% (315/989) - Loss: 0.1039
Epoch 74 Progress: 32% (324/989) - Loss: 0.0522
Epoch 74 Progress: 33% (333/989) - Loss: 0.3974
Epoch 74 Progress: 34% (342/989) - Loss: 0.0632
Epoch 74 Progress: 35% (351/989) - Loss: 0.0841
Epoch 74 Progress: 36% (360/989) - Loss: 0.0605
Epoch 74 Progress: 37% (369/989) - Loss: 0.0502
Epoch 74 Progress: 38% (378/989) - Loss: 0.1079
Epoch 74 Progress: 39% (387/989) - Loss: 0.0524
Epoch 74 Progress: 40% (396/989) - Loss: 0.1606
Epoch 74 Progress: 40% (405/989) - Loss: 0.0844
Epoch 74 Progress: 41% (414/989) - Loss: 0.1115
Epoch 74 Progress: 42% (423/989) - Loss: 0.0862
Epoch 74 Progress: 43% (432/989) - Loss: 0.1248
Epoch 74 Progress: 44% (441/989) - Loss: 0.4981
Epoch 74 Progress: 45% (450/989) - Loss: 0.1215
Epoch 74 Progress: 46% (459/989) - Loss: 0.1784
Epoch 74 Progress: 47% (468/989) - Loss: 0.1020
Epoch 74 Progress: 48% (477/989) - Loss: 0.0661
Epoch 74 Progress: 49% (486/989) - Loss: 0.1094
Epoch 74 Progress: 50% (495/989) - Loss: 0.1191
Epoch 74 Progress: 50% (504/989) - Loss: 0.1941
Epoch 74 Progress: 51% (513/989) - Loss: 0.0601
Epoch 74 Progress: 52% (522/989) - Loss: 0.0891
Epoch 74 Progress: 53% (531/989) - Loss: 0.0549
Epoch 74 Progress: 54% (540/989) - Loss: 0.1049
Epoch 74 Progress: 55% (549/989) - Loss: 0.1755
Epoch 74 Progress: 56% (558/989) - Loss: 0.7078
Epoch 74 Progress: 57% (567/989) - Loss: 0.1139
Epoch 74 Progress: 58% (576/989) - Loss: 0.0993
Epoch 74 Progress: 59% (585/989) - Loss: 0.4228
Epoch 74 Progress: 60% (594/989) - Loss: 0.0714
Epoch 74 Progress: 60% (603/989) - Loss: 0.0639
Epoch 74 Progress: 61% (612/989) - Loss: 0.0828
Epoch 74 Progress: 62% (621/989) - Loss: 0.0431
Epoch 74 Progress: 63% (630/989) - Loss: 0.1394
Epoch 74 Progress: 64% (639/989) - Loss: 0.1212
Epoch 74 Progress: 65% (648/989) - Loss: 0.0638
Epoch 74 Progress: 66% (657/989) - Loss: 0.0502
Epoch 74 Progress: 67% (666/989) - Loss: 0.0788
Epoch 74 Progress: 68% (675/989) - Loss: 0.4089
Epoch 74 Progress: 69% (684/989) - Loss: 0.1283
Epoch 74 Progress: 70% (693/989) - Loss: 0.2337
Epoch 74 Progress: 70% (702/989) - Loss: 0.2289
Epoch 74 Progress: 71% (711/989) - Loss: 0.0540
Epoch 74 Progress: 72% (720/989) - Loss: 0.1003
Epoch 74 Progress: 73% (729/989) - Loss: 0.0901
Epoch 74 Progress: 74% (738/989) - Loss: 0.0894
Epoch 74 Progress: 75% (747/989) - Loss: 0.0926
Epoch 74 Progress: 76% (756/989) - Loss: 0.0848
Epoch 74 Progress: 77% (765/989) - Loss: 0.0702
Epoch 74 Progress: 78% (774/989) - Loss: 0.0731
Epoch 74 Progress: 79% (783/989) - Loss: 0.1150
Epoch 74 Progress: 80% (792/989) - Loss: 0.0412
Epoch 74 Progress: 80% (801/989) - Loss: 0.1195
Epoch 74 Progress: 81% (810/989) - Loss: 0.0771
Epoch 74 Progress: 82% (819/989) - Loss: 0.1529
Epoch 74 Progress: 83% (828/989) - Loss: 0.0821
Epoch 74 Progress: 84% (837/989) - Loss: 0.4290
Epoch 74 Progress: 85% (846/989) - Loss: 0.0755
Epoch 74 Progress: 86% (855/989) - Loss: 0.2021
Epoch 74 Progress: 87% (864/989) - Loss: 0.1033
Epoch 74 Progress: 88% (873/989) - Loss: 0.1566
Epoch 74 Progress: 89% (882/989) - Loss: 0.0616
Epoch 74 Progress: 90% (891/989) - Loss: 0.4298
Epoch 74 Progress: 91% (900/989) - Loss: 0.0668
Epoch 74 Progress: 91% (909/989) - Loss: 0.0713
Epoch 74 Progress: 92% (918/989) - Loss: 0.0519
Epoch 74 Progress: 93% (927/989) - Loss: 0.1002
Epoch 74 Progress: 94% (936/989) - Loss: 0.0384
Epoch 74 Progress: 95% (945/989) - Loss: 0.1368
Epoch 74 Progress: 96% (954/989) - Loss: 0.0806
Epoch 74 Progress: 97% (963/989) - Loss: 0.0977
Epoch 74 Progress: 98% (972/989) - Loss: 0.1397
Epoch 74 Progress: 99% (981/989) - Loss: 0.1519
Epoch 74 Progress: 100% (989/989) - Loss: 0.1661
Train Loss: 0.1148 | Val Loss: 0.1278 | Val Mean Dice: 0.8866
Dice WT: 0.9130 | Dice TC: 0.8948 | Dice ET: 0.8520
Peak RAM: 1357 MB | Peak VRAM: 26387 MB | Peak GPU Util: 100.0%

Epoch 75/100  LR=0.000009
Epoch 75 Progress: 0% (9/989) - Loss: 0.0450
Epoch 75 Progress: 1% (18/989) - Loss: 0.2472
Epoch 75 Progress: 2% (27/989) - Loss: 0.1127
Epoch 75 Progress: 3% (36/989) - Loss: 0.1492
Epoch 75 Progress: 4% (45/989) - Loss: 0.0239
Epoch 75 Progress: 5% (54/989) - Loss: 0.0710
Epoch 75 Progress: 6% (63/989) - Loss: 0.1163
Epoch 75 Progress: 7% (72/989) - Loss: 0.1187
Epoch 75 Progress: 8% (81/989) - Loss: 0.0589
Epoch 75 Progress: 9% (90/989) - Loss: 0.0975
Epoch 75 Progress: 10% (99/989) - Loss: 0.0450
Epoch 75 Progress: 10% (108/989) - Loss: 0.0727
Epoch 75 Progress: 11% (117/989) - Loss: 0.1301
Epoch 75 Progress: 12% (126/989) - Loss: 0.0436
Epoch 75 Progress: 13% (135/989) - Loss: 0.0768
Epoch 75 Progress: 14% (144/989) - Loss: 0.0960
Epoch 75 Progress: 15% (153/989) - Loss: 0.0842
Epoch 75 Progress: 16% (162/989) - Loss: 0.0285
Epoch 75 Progress: 17% (171/989) - Loss: 0.0638
Epoch 75 Progress: 18% (180/989) - Loss: 0.1259
Epoch 75 Progress: 19% (189/989) - Loss: 0.1092
Epoch 75 Progress: 20% (198/989) - Loss: 0.0831
Epoch 75 Progress: 20% (207/989) - Loss: 0.1282
Epoch 75 Progress: 21% (216/989) - Loss: 0.0945
Epoch 75 Progress: 22% (225/989) - Loss: 0.2093
Epoch 75 Progress: 23% (234/989) - Loss: 0.1002
Epoch 75 Progress: 24% (243/989) - Loss: 0.2566
Epoch 75 Progress: 25% (252/989) - Loss: 0.1050
Epoch 75 Progress: 26% (261/989) - Loss: 0.1551
Epoch 75 Progress: 27% (270/989) - Loss: 0.5373
Epoch 75 Progress: 28% (279/989) - Loss: 0.0474
Epoch 75 Progress: 29% (288/989) - Loss: 0.0616
Epoch 75 Progress: 30% (297/989) - Loss: 0.1067
Epoch 75 Progress: 30% (306/989) - Loss: 0.0680
Epoch 75 Progress: 31% (315/989) - Loss: 0.0346
Epoch 75 Progress: 32% (324/989) - Loss: 0.1455
Epoch 75 Progress: 33% (333/989) - Loss: 0.0502
Epoch 75 Progress: 34% (342/989) - Loss: 0.1503
Epoch 75 Progress: 35% (351/989) - Loss: 0.0694
Epoch 75 Progress: 36% (360/989) - Loss: 0.1477
Epoch 75 Progress: 37% (369/989) - Loss: 0.1321
Epoch 75 Progress: 38% (378/989) - Loss: 0.0797
Epoch 75 Progress: 39% (387/989) - Loss: 0.0540
Epoch 75 Progress: 40% (396/989) - Loss: 0.0516
Epoch 75 Progress: 40% (405/989) - Loss: 0.0716
Epoch 75 Progress: 41% (414/989) - Loss: 0.1390
Epoch 75 Progress: 42% (423/989) - Loss: 0.1499
Epoch 75 Progress: 43% (432/989) - Loss: 0.0652
Epoch 75 Progress: 44% (441/989) - Loss: 0.1050
Epoch 75 Progress: 45% (450/989) - Loss: 0.0678
Epoch 75 Progress: 46% (459/989) - Loss: 0.0819
Epoch 75 Progress: 47% (468/989) - Loss: 0.3395
Epoch 75 Progress: 48% (477/989) - Loss: 0.0712
Epoch 75 Progress: 49% (486/989) - Loss: 0.0965
Epoch 75 Progress: 50% (495/989) - Loss: 0.0900
Epoch 75 Progress: 50% (504/989) - Loss: 0.1115
Epoch 75 Progress: 51% (513/989) - Loss: 0.1111
Epoch 75 Progress: 52% (522/989) - Loss: 0.0902
Epoch 75 Progress: 53% (531/989) - Loss: 0.0596
Epoch 75 Progress: 54% (540/989) - Loss: 0.0262
Epoch 75 Progress: 55% (549/989) - Loss: 0.0669
Epoch 75 Progress: 56% (558/989) - Loss: 0.2795
Epoch 75 Progress: 57% (567/989) - Loss: 0.0707
Epoch 75 Progress: 58% (576/989) - Loss: 0.0805
Epoch 75 Progress: 59% (585/989) - Loss: 0.1653
Epoch 75 Progress: 60% (594/989) - Loss: 0.0385
Epoch 75 Progress: 60% (603/989) - Loss: 0.0888
Epoch 75 Progress: 61% (612/989) - Loss: 0.1627
Epoch 75 Progress: 62% (621/989) - Loss: 0.0818
Epoch 75 Progress: 63% (630/989) - Loss: 0.0846
Epoch 75 Progress: 64% (639/989) - Loss: 0.0664
Epoch 75 Progress: 65% (648/989) - Loss: 0.0833
Epoch 75 Progress: 66% (657/989) - Loss: 0.0571
Epoch 75 Progress: 67% (666/989) - Loss: 0.0532
Epoch 75 Progress: 68% (675/989) - Loss: 0.1450
Epoch 75 Progress: 69% (684/989) - Loss: 0.1167
Epoch 75 Progress: 70% (693/989) - Loss: 0.1461
Epoch 75 Progress: 70% (702/989) - Loss: 0.0863
Epoch 75 Progress: 71% (711/989) - Loss: 0.0447
Epoch 75 Progress: 72% (720/989) - Loss: 0.0560
Epoch 75 Progress: 73% (729/989) - Loss: 0.0609
Epoch 75 Progress: 74% (738/989) - Loss: 0.0662
Epoch 75 Progress: 75% (747/989) - Loss: 0.0650
Epoch 75 Progress: 76% (756/989) - Loss: 0.2031
Epoch 75 Progress: 77% (765/989) - Loss: 0.0988
Epoch 75 Progress: 78% (774/989) - Loss: 0.1141
Epoch 75 Progress: 79% (783/989) - Loss: 0.0695
Epoch 75 Progress: 80% (792/989) - Loss: 0.0431
Epoch 75 Progress: 80% (801/989) - Loss: 0.0647
Epoch 75 Progress: 81% (810/989) - Loss: 0.1205
Epoch 75 Progress: 82% (819/989) - Loss: 0.1333
Epoch 75 Progress: 83% (828/989) - Loss: 0.0557
Epoch 75 Progress: 84% (837/989) - Loss: 0.1010
Epoch 75 Progress: 85% (846/989) - Loss: 0.1410
Epoch 75 Progress: 86% (855/989) - Loss: 0.1004
Epoch 75 Progress: 87% (864/989) - Loss: 0.1242
Epoch 75 Progress: 88% (873/989) - Loss: 0.1469
Epoch 75 Progress: 89% (882/989) - Loss: 0.0303
Epoch 75 Progress: 90% (891/989) - Loss: 0.1408
Epoch 75 Progress: 91% (900/989) - Loss: 0.1054
Epoch 75 Progress: 91% (909/989) - Loss: 0.1142
Epoch 75 Progress: 92% (918/989) - Loss: 0.2548
Epoch 75 Progress: 93% (927/989) - Loss: 0.0877
Epoch 75 Progress: 94% (936/989) - Loss: 0.1286
Epoch 75 Progress: 95% (945/989) - Loss: 0.1366
Epoch 75 Progress: 96% (954/989) - Loss: 0.0889
Epoch 75 Progress: 97% (963/989) - Loss: 0.2147
Epoch 75 Progress: 98% (972/989) - Loss: 0.1872
Epoch 75 Progress: 99% (981/989) - Loss: 0.0730
Epoch 75 Progress: 100% (989/989) - Loss: 0.0807
Train Loss: 0.1160 | Val Loss: 0.1263 | Val Mean Dice: 0.8881
Dice WT: 0.9126 | Dice TC: 0.8969 | Dice ET: 0.8547
Peak RAM: 1357 MB | Peak VRAM: 26387 MB | Peak GPU Util: 100.0%

Epoch 76/100  LR=0.000008
Epoch 76 Progress: 0% (9/989) - Loss: 0.1141
Epoch 76 Progress: 1% (18/989) - Loss: 0.0717
Epoch 76 Progress: 2% (27/989) - Loss: 0.1031
Epoch 76 Progress: 3% (36/989) - Loss: 0.0863
Epoch 76 Progress: 4% (45/989) - Loss: 0.1635
Epoch 76 Progress: 5% (54/989) - Loss: 0.0587
Epoch 76 Progress: 6% (63/989) - Loss: 0.0492
Epoch 76 Progress: 7% (72/989) - Loss: 0.2275
Epoch 76 Progress: 8% (81/989) - Loss: 0.0524
Epoch 76 Progress: 9% (90/989) - Loss: 0.0678
Epoch 76 Progress: 10% (99/989) - Loss: 0.1630
Epoch 76 Progress: 10% (108/989) - Loss: 0.0690
Epoch 76 Progress: 11% (117/989) - Loss: 0.2132
Epoch 76 Progress: 12% (126/989) - Loss: 0.1191
Epoch 76 Progress: 13% (135/989) - Loss: 0.2478
Epoch 76 Progress: 14% (144/989) - Loss: 0.0467
Epoch 76 Progress: 15% (153/989) - Loss: 0.0703
Epoch 76 Progress: 16% (162/989) - Loss: 0.1077
Epoch 76 Progress: 17% (171/989) - Loss: 0.1014
Epoch 76 Progress: 18% (180/989) - Loss: 0.1301
Epoch 76 Progress: 19% (189/989) - Loss: 0.1052
Epoch 76 Progress: 20% (198/989) - Loss: 0.1939
Epoch 76 Progress: 20% (207/989) - Loss: 0.1445
Epoch 76 Progress: 21% (216/989) - Loss: 0.0695
Epoch 76 Progress: 22% (225/989) - Loss: 0.0508
Epoch 76 Progress: 23% (234/989) - Loss: 0.0503
Epoch 76 Progress: 24% (243/989) - Loss: 0.0974
Epoch 76 Progress: 25% (252/989) - Loss: 0.0743
Epoch 76 Progress: 26% (261/989) - Loss: 0.1502
Epoch 76 Progress: 27% (270/989) - Loss: 0.0976
Epoch 76 Progress: 28% (279/989) - Loss: 0.1436
Epoch 76 Progress: 29% (288/989) - Loss: 0.3840
Epoch 76 Progress: 30% (297/989) - Loss: 0.1438
Epoch 76 Progress: 30% (306/989) - Loss: 0.1116
Epoch 76 Progress: 31% (315/989) - Loss: 0.0305
Epoch 76 Progress: 32% (324/989) - Loss: 0.0677
Epoch 76 Progress: 33% (333/989) - Loss: 0.0866
Epoch 76 Progress: 34% (342/989) - Loss: 0.0811
Epoch 76 Progress: 35% (351/989) - Loss: 0.2162
Epoch 76 Progress: 36% (360/989) - Loss: 0.0585
Epoch 76 Progress: 37% (369/989) - Loss: 0.1081
Epoch 76 Progress: 38% (378/989) - Loss: 0.0582
Epoch 76 Progress: 39% (387/989) - Loss: 0.4461
Epoch 76 Progress: 40% (396/989) - Loss: 0.1340
Epoch 76 Progress: 40% (405/989) - Loss: 0.0976
Epoch 76 Progress: 41% (414/989) - Loss: 0.0619
Epoch 76 Progress: 42% (423/989) - Loss: 0.1080
Epoch 76 Progress: 43% (432/989) - Loss: 0.1337
Epoch 76 Progress: 44% (441/989) - Loss: 0.1005
Epoch 76 Progress: 45% (450/989) - Loss: 0.3038
Epoch 76 Progress: 46% (459/989) - Loss: 0.0767
Epoch 76 Progress: 47% (468/989) - Loss: 0.0970
Epoch 76 Progress: 48% (477/989) - Loss: 0.1761
Epoch 76 Progress: 49% (486/989) - Loss: 0.1306
Epoch 76 Progress: 50% (495/989) - Loss: 0.0496
Epoch 76 Progress: 50% (504/989) - Loss: 0.0500
Epoch 76 Progress: 51% (513/989) - Loss: 0.1047
Epoch 76 Progress: 52% (522/989) - Loss: 0.0927
Epoch 76 Progress: 53% (531/989) - Loss: 0.2231
Epoch 76 Progress: 54% (540/989) - Loss: 0.0870
Epoch 76 Progress: 55% (549/989) - Loss: 0.0779
Epoch 76 Progress: 56% (558/989) - Loss: 0.0973
Epoch 76 Progress: 57% (567/989) - Loss: 0.0589
Epoch 76 Progress: 58% (576/989) - Loss: 0.0680
Epoch 76 Progress: 59% (585/989) - Loss: 0.0845
Epoch 76 Progress: 60% (594/989) - Loss: 0.1425
Epoch 76 Progress: 60% (603/989) - Loss: 0.0782
Epoch 76 Progress: 61% (612/989) - Loss: 0.1408
Epoch 76 Progress: 62% (621/989) - Loss: 0.1669
Epoch 76 Progress: 63% (630/989) - Loss: 0.1501
Epoch 76 Progress: 64% (639/989) - Loss: 0.1453
Epoch 76 Progress: 65% (648/989) - Loss: 0.1241
Epoch 76 Progress: 66% (657/989) - Loss: 0.0722
Epoch 76 Progress: 67% (666/989) - Loss: 0.0899
Epoch 76 Progress: 68% (675/989) - Loss: 0.1107
Epoch 76 Progress: 69% (684/989) - Loss: 0.1114
Epoch 76 Progress: 70% (693/989) - Loss: 0.1524
Epoch 76 Progress: 70% (702/989) - Loss: 0.1189
Epoch 76 Progress: 71% (711/989) - Loss: 0.1622
Epoch 76 Progress: 72% (720/989) - Loss: 0.0986
Epoch 76 Progress: 73% (729/989) - Loss: 0.0551
Epoch 76 Progress: 74% (738/989) - Loss: 0.0652
Epoch 76 Progress: 75% (747/989) - Loss: 0.0407
Epoch 76 Progress: 76% (756/989) - Loss: 0.0681
Epoch 76 Progress: 77% (765/989) - Loss: 0.1215
Epoch 76 Progress: 78% (774/989) - Loss: 0.0564
Epoch 76 Progress: 79% (783/989) - Loss: 0.1787
Epoch 76 Progress: 80% (792/989) - Loss: 0.1025
Epoch 76 Progress: 80% (801/989) - Loss: 0.4196
Epoch 76 Progress: 81% (810/989) - Loss: 0.0680
Epoch 76 Progress: 82% (819/989) - Loss: 0.1045
Epoch 76 Progress: 83% (828/989) - Loss: 0.1643
Epoch 76 Progress: 84% (837/989) - Loss: 0.0550
Epoch 76 Progress: 85% (846/989) - Loss: 0.0956
Epoch 76 Progress: 86% (855/989) - Loss: 0.0746
Epoch 76 Progress: 87% (864/989) - Loss: 0.1139
Epoch 76 Progress: 88% (873/989) - Loss: 0.0782
Epoch 76 Progress: 89% (882/989) - Loss: 0.0364
Epoch 76 Progress: 90% (891/989) - Loss: 0.1367
Epoch 76 Progress: 91% (900/989) - Loss: 0.0858
Epoch 76 Progress: 91% (909/989) - Loss: 0.1857
Epoch 76 Progress: 92% (918/989) - Loss: 0.0582
Epoch 76 Progress: 93% (927/989) - Loss: 0.1179
Epoch 76 Progress: 94% (936/989) - Loss: 0.1095
Epoch 76 Progress: 95% (945/989) - Loss: 0.1172
Epoch 76 Progress: 96% (954/989) - Loss: 0.1279
Epoch 76 Progress: 97% (963/989) - Loss: 0.0463
Epoch 76 Progress: 98% (972/989) - Loss: 0.1292
Epoch 76 Progress: 99% (981/989) - Loss: 0.0923
Epoch 76 Progress: 100% (989/989) - Loss: 0.1030
Train Loss: 0.1145 | Val Loss: 0.1249 | Val Mean Dice: 0.8876
Dice WT: 0.9089 | Dice TC: 0.8970 | Dice ET: 0.8568
Peak RAM: 1357 MB | Peak VRAM: 26387 MB | Peak GPU Util: 100.0%

Epoch 77/100  LR=0.000008
Epoch 77 Progress: 0% (9/989) - Loss: 0.0385
Epoch 77 Progress: 1% (18/989) - Loss: 0.1439
Epoch 77 Progress: 2% (27/989) - Loss: 0.0739
Epoch 77 Progress: 3% (36/989) - Loss: 0.1303
Epoch 77 Progress: 4% (45/989) - Loss: 0.1034
Epoch 77 Progress: 5% (54/989) - Loss: 0.0829
Epoch 77 Progress: 6% (63/989) - Loss: 0.0915
Epoch 77 Progress: 7% (72/989) - Loss: 0.0656
Epoch 77 Progress: 8% (81/989) - Loss: 0.0703
Epoch 77 Progress: 9% (90/989) - Loss: 0.0578
Epoch 77 Progress: 10% (99/989) - Loss: 0.0463
Epoch 77 Progress: 10% (108/989) - Loss: 0.0924
Epoch 77 Progress: 11% (117/989) - Loss: 0.0662
Epoch 77 Progress: 12% (126/989) - Loss: 0.1314
Epoch 77 Progress: 13% (135/989) - Loss: 0.1112
Epoch 77 Progress: 14% (144/989) - Loss: 0.0713
Epoch 77 Progress: 15% (153/989) - Loss: 0.1372
Epoch 77 Progress: 16% (162/989) - Loss: 0.0454
Epoch 77 Progress: 17% (171/989) - Loss: 0.0624
Epoch 77 Progress: 18% (180/989) - Loss: 0.1258
Epoch 77 Progress: 19% (189/989) - Loss: 0.1218
Epoch 77 Progress: 20% (198/989) - Loss: 0.0443
Epoch 77 Progress: 20% (207/989) - Loss: 0.0446
Epoch 77 Progress: 21% (216/989) - Loss: 0.0896
Epoch 77 Progress: 22% (225/989) - Loss: 0.0913
Epoch 77 Progress: 23% (234/989) - Loss: 0.4219
Epoch 77 Progress: 24% (243/989) - Loss: 0.2201
Epoch 77 Progress: 25% (252/989) - Loss: 0.1485
Epoch 77 Progress: 26% (261/989) - Loss: 0.0740
Epoch 77 Progress: 27% (270/989) - Loss: 0.0589
Epoch 77 Progress: 28% (279/989) - Loss: 0.0739
Epoch 77 Progress: 29% (288/989) - Loss: 0.0791
Epoch 77 Progress: 30% (297/989) - Loss: 0.0369
Epoch 77 Progress: 30% (306/989) - Loss: 0.0776
Epoch 77 Progress: 31% (315/989) - Loss: 0.1117
Epoch 77 Progress: 32% (324/989) - Loss: 0.1027
Epoch 77 Progress: 33% (333/989) - Loss: 0.0733
Epoch 77 Progress: 34% (342/989) - Loss: 0.0848
Epoch 77 Progress: 35% (351/989) - Loss: 0.0746
Epoch 77 Progress: 36% (360/989) - Loss: 0.0471
Epoch 77 Progress: 37% (369/989) - Loss: 0.0558
Epoch 77 Progress: 38% (378/989) - Loss: 0.0783
Epoch 77 Progress: 39% (387/989) - Loss: 0.0906
Epoch 77 Progress: 40% (396/989) - Loss: 0.0240
Epoch 77 Progress: 40% (405/989) - Loss: 0.0579
Epoch 77 Progress: 41% (414/989) - Loss: 0.0883
Epoch 77 Progress: 42% (423/989) - Loss: 0.0823
Epoch 77 Progress: 43% (432/989) - Loss: 0.1581
Epoch 77 Progress: 44% (441/989) - Loss: 0.4195
Epoch 77 Progress: 45% (450/989) - Loss: 0.1451
Epoch 77 Progress: 46% (459/989) - Loss: 0.0578
Epoch 77 Progress: 47% (468/989) - Loss: 0.1421
Epoch 77 Progress: 48% (477/989) - Loss: 0.1117
Epoch 77 Progress: 49% (486/989) - Loss: 0.1468
Epoch 77 Progress: 50% (495/989) - Loss: 0.0777
Epoch 77 Progress: 50% (504/989) - Loss: 0.1097
Epoch 77 Progress: 51% (513/989) - Loss: 0.0578
Epoch 77 Progress: 52% (522/989) - Loss: 0.1179
Epoch 77 Progress: 53% (531/989) - Loss: 0.0926
Epoch 77 Progress: 54% (540/989) - Loss: 0.4281
Epoch 77 Progress: 55% (549/989) - Loss: 0.1750
Epoch 77 Progress: 56% (558/989) - Loss: 0.0736
Epoch 77 Progress: 57% (567/989) - Loss: 0.0991
Epoch 77 Progress: 58% (576/989) - Loss: 0.1403
Epoch 77 Progress: 59% (585/989) - Loss: 0.0594
Epoch 77 Progress: 60% (594/989) - Loss: 0.0542
Epoch 77 Progress: 60% (603/989) - Loss: 0.1438
Epoch 77 Progress: 61% (612/989) - Loss: 0.0693
Epoch 77 Progress: 62% (621/989) - Loss: 0.1394
Epoch 77 Progress: 63% (630/989) - Loss: 0.1031
Epoch 77 Progress: 64% (639/989) - Loss: 0.1892
Epoch 77 Progress: 65% (648/989) - Loss: 0.1338
Epoch 77 Progress: 66% (657/989) - Loss: 0.0404
Epoch 77 Progress: 67% (666/989) - Loss: 0.0572
Epoch 77 Progress: 68% (675/989) - Loss: 0.1042
Epoch 77 Progress: 69% (684/989) - Loss: 0.0809
Epoch 77 Progress: 70% (693/989) - Loss: 0.0761
Epoch 77 Progress: 70% (702/989) - Loss: 0.1505
Epoch 77 Progress: 71% (711/989) - Loss: 0.3678
Epoch 77 Progress: 72% (720/989) - Loss: 0.0579
Epoch 77 Progress: 73% (729/989) - Loss: 0.1535
Epoch 77 Progress: 74% (738/989) - Loss: 0.0572
Epoch 77 Progress: 75% (747/989) - Loss: 0.1324
Epoch 77 Progress: 76% (756/989) - Loss: 0.0688
Epoch 77 Progress: 77% (765/989) - Loss: 0.1079
Epoch 77 Progress: 78% (774/989) - Loss: 0.1084
Epoch 77 Progress: 79% (783/989) - Loss: 0.1192
Epoch 77 Progress: 80% (792/989) - Loss: 0.0450
Epoch 77 Progress: 80% (801/989) - Loss: 0.4181
Epoch 77 Progress: 81% (810/989) - Loss: 0.1102
Epoch 77 Progress: 82% (819/989) - Loss: 0.0630
Epoch 77 Progress: 83% (828/989) - Loss: 0.1184
Epoch 77 Progress: 84% (837/989) - Loss: 0.0988
Epoch 77 Progress: 85% (846/989) - Loss: 0.1445
Epoch 77 Progress: 86% (855/989) - Loss: 0.0947
Epoch 77 Progress: 87% (864/989) - Loss: 0.0533
Epoch 77 Progress: 88% (873/989) - Loss: 0.0520
Epoch 77 Progress: 89% (882/989) - Loss: 0.0694
Epoch 77 Progress: 90% (891/989) - Loss: 0.1038
Epoch 77 Progress: 91% (900/989) - Loss: 0.1205
Epoch 77 Progress: 91% (909/989) - Loss: 0.1535
Epoch 77 Progress: 92% (918/989) - Loss: 0.0500
Epoch 77 Progress: 93% (927/989) - Loss: 0.0651
Epoch 77 Progress: 94% (936/989) - Loss: 0.0536
Epoch 77 Progress: 95% (945/989) - Loss: 0.1227
Epoch 77 Progress: 96% (954/989) - Loss: 0.1010
Epoch 77 Progress: 97% (963/989) - Loss: 0.1391
Epoch 77 Progress: 98% (972/989) - Loss: 0.0852
Epoch 77 Progress: 99% (981/989) - Loss: 0.0717
Epoch 77 Progress: 100% (989/989) - Loss: 0.0443
Train Loss: 0.1126 | Val Loss: 0.1318 | Val Mean Dice: 0.8823
Dice WT: 0.9070 | Dice TC: 0.8890 | Dice ET: 0.8507
Peak RAM: 1357 MB | Peak VRAM: 26387 MB | Peak GPU Util: 100.0%

Epoch 78/100  LR=0.000007
Epoch 78 Progress: 0% (9/989) - Loss: 0.1438
Epoch 78 Progress: 1% (18/989) - Loss: 0.0949
Epoch 78 Progress: 2% (27/989) - Loss: 0.1681
Epoch 78 Progress: 3% (36/989) - Loss: 0.0884
Epoch 78 Progress: 4% (45/989) - Loss: 0.2144
Epoch 78 Progress: 5% (54/989) - Loss: 0.0545
Epoch 78 Progress: 6% (63/989) - Loss: 0.0389
Epoch 78 Progress: 7% (72/989) - Loss: 0.4421
Epoch 78 Progress: 8% (81/989) - Loss: 0.1197
Epoch 78 Progress: 9% (90/989) - Loss: 0.1395
Epoch 78 Progress: 10% (99/989) - Loss: 0.0320
Epoch 78 Progress: 10% (108/989) - Loss: 0.0916
Epoch 78 Progress: 11% (117/989) - Loss: 0.0354
Epoch 78 Progress: 12% (126/989) - Loss: 0.1179
Epoch 78 Progress: 13% (135/989) - Loss: 0.1008
Epoch 78 Progress: 14% (144/989) - Loss: 0.4367
Epoch 78 Progress: 15% (153/989) - Loss: 0.0872
Epoch 78 Progress: 16% (162/989) - Loss: 0.0688
Epoch 78 Progress: 17% (171/989) - Loss: 0.0721
Epoch 78 Progress: 18% (180/989) - Loss: 0.0942
Epoch 78 Progress: 19% (189/989) - Loss: 0.0325
Epoch 78 Progress: 20% (198/989) - Loss: 0.0965
Epoch 78 Progress: 20% (207/989) - Loss: 0.1748
Epoch 78 Progress: 21% (216/989) - Loss: 0.2744
Epoch 78 Progress: 22% (225/989) - Loss: 0.0782
Epoch 78 Progress: 23% (234/989) - Loss: 0.1221
Epoch 78 Progress: 24% (243/989) - Loss: 0.0620
Epoch 78 Progress: 25% (252/989) - Loss: 0.1015
Epoch 78 Progress: 26% (261/989) - Loss: 0.0503
Epoch 78 Progress: 27% (270/989) - Loss: 0.0440
Epoch 78 Progress: 28% (279/989) - Loss: 0.0540
Epoch 78 Progress: 29% (288/989) - Loss: 0.0574
Epoch 78 Progress: 30% (297/989) - Loss: 0.1778
Epoch 78 Progress: 30% (306/989) - Loss: 0.0638
Epoch 78 Progress: 31% (315/989) - Loss: 0.0543
Epoch 78 Progress: 32% (324/989) - Loss: 0.1147
Epoch 78 Progress: 33% (333/989) - Loss: 0.1195
Epoch 78 Progress: 34% (342/989) - Loss: 0.0727
Epoch 78 Progress: 35% (351/989) - Loss: 0.0659
Epoch 78 Progress: 36% (360/989) - Loss: 0.1030
Epoch 78 Progress: 37% (369/989) - Loss: 0.0938
Epoch 78 Progress: 38% (378/989) - Loss: 0.0857
Epoch 78 Progress: 39% (387/989) - Loss: 0.0642
Epoch 78 Progress: 40% (396/989) - Loss: 0.1093
Epoch 78 Progress: 40% (405/989) - Loss: 0.0578
Epoch 78 Progress: 41% (414/989) - Loss: 0.1108
Epoch 78 Progress: 42% (423/989) - Loss: 0.1160
Epoch 78 Progress: 43% (432/989) - Loss: 0.0456
Epoch 78 Progress: 44% (441/989) - Loss: 0.1525
Epoch 78 Progress: 45% (450/989) - Loss: 0.1361
Epoch 78 Progress: 46% (459/989) - Loss: 0.1519
Epoch 78 Progress: 47% (468/989) - Loss: 0.0975
Epoch 78 Progress: 48% (477/989) - Loss: 0.0936
Epoch 78 Progress: 49% (486/989) - Loss: 0.0977
Epoch 78 Progress: 50% (495/989) - Loss: 0.0717
Epoch 78 Progress: 50% (504/989) - Loss: 0.0602
Epoch 78 Progress: 51% (513/989) - Loss: 0.0330
Epoch 78 Progress: 52% (522/989) - Loss: 0.0732
Epoch 78 Progress: 53% (531/989) - Loss: 0.0371
Epoch 78 Progress: 54% (540/989) - Loss: 0.0920
Epoch 78 Progress: 55% (549/989) - Loss: 0.1697
Epoch 78 Progress: 56% (558/989) - Loss: 0.0722
Epoch 78 Progress: 57% (567/989) - Loss: 0.0717
Epoch 78 Progress: 58% (576/989) - Loss: 0.0787
Epoch 78 Progress: 59% (585/989) - Loss: 0.0392
Epoch 78 Progress: 60% (594/989) - Loss: 0.1659
Epoch 78 Progress: 60% (603/989) - Loss: 0.1199
Epoch 78 Progress: 61% (612/989) - Loss: 0.0963
Epoch 78 Progress: 62% (621/989) - Loss: 0.0778
Epoch 78 Progress: 63% (630/989) - Loss: 0.0629
Epoch 78 Progress: 64% (639/989) - Loss: 0.0686
Epoch 78 Progress: 65% (648/989) - Loss: 0.1038
Epoch 78 Progress: 66% (657/989) - Loss: 0.1091
Epoch 78 Progress: 67% (666/989) - Loss: 0.2548
Epoch 78 Progress: 68% (675/989) - Loss: 0.0709
Epoch 78 Progress: 69% (684/989) - Loss: 0.0919
Epoch 78 Progress: 70% (693/989) - Loss: 0.0694
Epoch 78 Progress: 70% (702/989) - Loss: 0.4662
Epoch 78 Progress: 71% (711/989) - Loss: 0.0730
Epoch 78 Progress: 72% (720/989) - Loss: 0.0301
Epoch 78 Progress: 73% (729/989) - Loss: 0.0808
Epoch 78 Progress: 74% (738/989) - Loss: 0.0752
Epoch 78 Progress: 75% (747/989) - Loss: 0.1932
Epoch 78 Progress: 76% (756/989) - Loss: 0.0797
Epoch 78 Progress: 77% (765/989) - Loss: 0.0490
Epoch 78 Progress: 78% (774/989) - Loss: 0.0593
Epoch 78 Progress: 79% (783/989) - Loss: 0.0554
Epoch 78 Progress: 80% (792/989) - Loss: 0.1124
Epoch 78 Progress: 80% (801/989) - Loss: 0.0902
Epoch 78 Progress: 81% (810/989) - Loss: 0.0992
Epoch 78 Progress: 82% (819/989) - Loss: 0.2352
Epoch 78 Progress: 83% (828/989) - Loss: 0.0403
Epoch 78 Progress: 84% (837/989) - Loss: 0.0586
Epoch 78 Progress: 85% (846/989) - Loss: 0.0862
Epoch 78 Progress: 86% (855/989) - Loss: 0.1301
Epoch 78 Progress: 87% (864/989) - Loss: 0.1274
Epoch 78 Progress: 88% (873/989) - Loss: 0.0735
Epoch 78 Progress: 89% (882/989) - Loss: 0.4165
Epoch 78 Progress: 90% (891/989) - Loss: 0.1816
Epoch 78 Progress: 91% (900/989) - Loss: 0.1939
Epoch 78 Progress: 91% (909/989) - Loss: 0.1112
Epoch 78 Progress: 92% (918/989) - Loss: 0.1197
Epoch 78 Progress: 93% (927/989) - Loss: 0.0703
Epoch 78 Progress: 94% (936/989) - Loss: 0.6734
Epoch 78 Progress: 95% (945/989) - Loss: 0.0858
Epoch 78 Progress: 96% (954/989) - Loss: 0.0881
Epoch 78 Progress: 97% (963/989) - Loss: 0.0652
Epoch 78 Progress: 98% (972/989) - Loss: 0.0948
Epoch 78 Progress: 99% (981/989) - Loss: 0.0640
Epoch 78 Progress: 100% (989/989) - Loss: 0.1127
Train Loss: 0.1143 | Val Loss: 0.1308 | Val Mean Dice: 0.8848
Dice WT: 0.9101 | Dice TC: 0.8927 | Dice ET: 0.8516
Peak RAM: 1357 MB | Peak VRAM: 26387 MB | Peak GPU Util: 100.0%

Epoch 79/100  LR=0.000006
Epoch 79 Progress: 0% (9/989) - Loss: 0.0260
Epoch 79 Progress: 1% (18/989) - Loss: 0.1858
Epoch 79 Progress: 2% (27/989) - Loss: 0.1107
Epoch 79 Progress: 3% (36/989) - Loss: 0.1158
Epoch 79 Progress: 4% (45/989) - Loss: 0.0494
Epoch 79 Progress: 5% (54/989) - Loss: 0.1183
Epoch 79 Progress: 6% (63/989) - Loss: 0.1058
Epoch 79 Progress: 7% (72/989) - Loss: 0.0738
Epoch 79 Progress: 8% (81/989) - Loss: 0.0587
Epoch 79 Progress: 9% (90/989) - Loss: 0.1015
Epoch 79 Progress: 10% (99/989) - Loss: 0.0733
Epoch 79 Progress: 10% (108/989) - Loss: 0.0702
Epoch 79 Progress: 11% (117/989) - Loss: 0.1594
Epoch 79 Progress: 12% (126/989) - Loss: 0.0843
Epoch 79 Progress: 13% (135/989) - Loss: 0.0390
Epoch 79 Progress: 14% (144/989) - Loss: 0.0986
Epoch 79 Progress: 15% (153/989) - Loss: 0.0485
Epoch 79 Progress: 16% (162/989) - Loss: 0.0923
Epoch 79 Progress: 17% (171/989) - Loss: 0.0822
Epoch 79 Progress: 18% (180/989) - Loss: 0.2186
Epoch 79 Progress: 19% (189/989) - Loss: 0.1008
Epoch 79 Progress: 20% (198/989) - Loss: 0.0482
Epoch 79 Progress: 20% (207/989) - Loss: 0.1401
Epoch 79 Progress: 21% (216/989) - Loss: 0.0836
Epoch 79 Progress: 22% (225/989) - Loss: 0.0873
Epoch 79 Progress: 23% (234/989) - Loss: 0.1121
Epoch 79 Progress: 24% (243/989) - Loss: 0.0772
Epoch 79 Progress: 25% (252/989) - Loss: 0.0525
Epoch 79 Progress: 26% (261/989) - Loss: 0.0991
Epoch 79 Progress: 27% (270/989) - Loss: 0.0455
Epoch 79 Progress: 28% (279/989) - Loss: 0.0781
Epoch 79 Progress: 29% (288/989) - Loss: 0.0711
Epoch 79 Progress: 30% (297/989) - Loss: 0.1376
Epoch 79 Progress: 30% (306/989) - Loss: 0.0805
Epoch 79 Progress: 31% (315/989) - Loss: 0.1702
Epoch 79 Progress: 32% (324/989) - Loss: 0.0810
Epoch 79 Progress: 33% (333/989) - Loss: 0.0566
Epoch 79 Progress: 34% (342/989) - Loss: 0.0538
Epoch 79 Progress: 35% (351/989) - Loss: 0.0297
Epoch 79 Progress: 36% (360/989) - Loss: 0.0822
Epoch 79 Progress: 37% (369/989) - Loss: 0.0964
Epoch 79 Progress: 38% (378/989) - Loss: 0.1355
Epoch 79 Progress: 39% (387/989) - Loss: 0.1232
Epoch 79 Progress: 40% (396/989) - Loss: 0.1164
Epoch 79 Progress: 40% (405/989) - Loss: 0.0990
Epoch 79 Progress: 41% (414/989) - Loss: 0.1200
Epoch 79 Progress: 42% (423/989) - Loss: 0.0554
Epoch 79 Progress: 43% (432/989) - Loss: 0.0637
Epoch 79 Progress: 44% (441/989) - Loss: 0.0507
Epoch 79 Progress: 45% (450/989) - Loss: 0.0700
Epoch 79 Progress: 46% (459/989) - Loss: 0.0784
Epoch 79 Progress: 47% (468/989) - Loss: 0.1097
Epoch 79 Progress: 48% (477/989) - Loss: 0.4120
Epoch 79 Progress: 49% (486/989) - Loss: 0.0369
Epoch 79 Progress: 50% (495/989) - Loss: 0.2663
Epoch 79 Progress: 50% (504/989) - Loss: 0.0974
Epoch 79 Progress: 51% (513/989) - Loss: 0.0749
Epoch 79 Progress: 52% (522/989) - Loss: 0.0711
Epoch 79 Progress: 53% (531/989) - Loss: 0.0877
Epoch 79 Progress: 54% (540/989) - Loss: 0.1120
Epoch 79 Progress: 55% (549/989) - Loss: 0.1047
Epoch 79 Progress: 56% (558/989) - Loss: 0.0743
Epoch 79 Progress: 57% (567/989) - Loss: 0.0568
Epoch 79 Progress: 58% (576/989) - Loss: 0.1035
Epoch 79 Progress: 59% (585/989) - Loss: 0.1376
Epoch 79 Progress: 60% (594/989) - Loss: 0.1744
Epoch 79 Progress: 60% (603/989) - Loss: 0.1174
Epoch 79 Progress: 61% (612/989) - Loss: 0.0619
Epoch 79 Progress: 62% (621/989) - Loss: 0.0862
Epoch 79 Progress: 63% (630/989) - Loss: 0.0863
Epoch 79 Progress: 64% (639/989) - Loss: 0.2334
Epoch 79 Progress: 65% (648/989) - Loss: 0.0862
Epoch 79 Progress: 66% (657/989) - Loss: 0.0973
Epoch 79 Progress: 67% (666/989) - Loss: 0.1404
Epoch 79 Progress: 68% (675/989) - Loss: 0.0836
Epoch 79 Progress: 69% (684/989) - Loss: 0.0981
Epoch 79 Progress: 70% (693/989) - Loss: 0.0501
Epoch 79 Progress: 70% (702/989) - Loss: 0.0798
Epoch 79 Progress: 71% (711/989) - Loss: 0.0623
Epoch 79 Progress: 72% (720/989) - Loss: 0.2980
Epoch 79 Progress: 73% (729/989) - Loss: 0.1440
Epoch 79 Progress: 74% (738/989) - Loss: 0.4041
Epoch 79 Progress: 75% (747/989) - Loss: 0.1259
Epoch 79 Progress: 76% (756/989) - Loss: 0.0493
Epoch 79 Progress: 77% (765/989) - Loss: 0.1158
Epoch 79 Progress: 78% (774/989) - Loss: 0.1614
Epoch 79 Progress: 79% (783/989) - Loss: 0.0913
Epoch 79 Progress: 80% (792/989) - Loss: 0.1756
Epoch 79 Progress: 80% (801/989) - Loss: 0.0644
Epoch 79 Progress: 81% (810/989) - Loss: 0.2144
Epoch 79 Progress: 82% (819/989) - Loss: 0.0928
Epoch 79 Progress: 83% (828/989) - Loss: 0.0785
Epoch 79 Progress: 84% (837/989) - Loss: 0.2552
Epoch 79 Progress: 85% (846/989) - Loss: 0.0863
Epoch 79 Progress: 86% (855/989) - Loss: 0.0905
Epoch 79 Progress: 87% (864/989) - Loss: 0.1407
Epoch 79 Progress: 88% (873/989) - Loss: 0.0445
Epoch 79 Progress: 89% (882/989) - Loss: 0.1480
Epoch 79 Progress: 90% (891/989) - Loss: 0.0740
Epoch 79 Progress: 91% (900/989) - Loss: 0.1126
Epoch 79 Progress: 91% (909/989) - Loss: 0.1513
Epoch 79 Progress: 92% (918/989) - Loss: 0.1158
Epoch 79 Progress: 93% (927/989) - Loss: 0.0787
Epoch 79 Progress: 94% (936/989) - Loss: 0.0707
Epoch 79 Progress: 95% (945/989) - Loss: 0.0802
Epoch 79 Progress: 96% (954/989) - Loss: 0.0995
Epoch 79 Progress: 97% (963/989) - Loss: 0.0871
Epoch 79 Progress: 98% (972/989) - Loss: 0.0447
Epoch 79 Progress: 99% (981/989) - Loss: 0.0707
Epoch 79 Progress: 100% (989/989) - Loss: 0.1295
Train Loss: 0.1131 | Val Loss: 0.1263 | Val Mean Dice: 0.8878
Dice WT: 0.9128 | Dice TC: 0.8968 | Dice ET: 0.8537
Peak RAM: 1357 MB | Peak VRAM: 26387 MB | Peak GPU Util: 100.0%

Epoch 80/100  LR=0.000006
Epoch 80 Progress: 0% (9/989) - Loss: 0.0493
Epoch 80 Progress: 1% (18/989) - Loss: 0.1077
Epoch 80 Progress: 2% (27/989) - Loss: 0.1158
Epoch 80 Progress: 3% (36/989) - Loss: 0.1196
Epoch 80 Progress: 4% (45/989) - Loss: 0.0710
Epoch 80 Progress: 5% (54/989) - Loss: 0.1347
Epoch 80 Progress: 6% (63/989) - Loss: 0.1470
Epoch 80 Progress: 7% (72/989) - Loss: 0.0300
Epoch 80 Progress: 8% (81/989) - Loss: 0.1325
Epoch 80 Progress: 9% (90/989) - Loss: 0.0623
Epoch 80 Progress: 10% (99/989) - Loss: 0.0742
Epoch 80 Progress: 10% (108/989) - Loss: 0.6779
Epoch 80 Progress: 11% (117/989) - Loss: 0.0975
Epoch 80 Progress: 12% (126/989) - Loss: 0.1754
Epoch 80 Progress: 13% (135/989) - Loss: 0.0559
Epoch 80 Progress: 14% (144/989) - Loss: 0.0473
Epoch 80 Progress: 15% (153/989) - Loss: 0.0993
Epoch 80 Progress: 16% (162/989) - Loss: 0.0848
Epoch 80 Progress: 17% (171/989) - Loss: 0.1282
Epoch 80 Progress: 18% (180/989) - Loss: 0.0546
Epoch 80 Progress: 19% (189/989) - Loss: 0.0998
Epoch 80 Progress: 20% (198/989) - Loss: 0.0442
Epoch 80 Progress: 20% (207/989) - Loss: 0.1053
Epoch 80 Progress: 21% (216/989) - Loss: 0.1512
Epoch 80 Progress: 22% (225/989) - Loss: 0.1418
Epoch 80 Progress: 23% (234/989) - Loss: 0.1428
Epoch 80 Progress: 24% (243/989) - Loss: 0.0634
Epoch 80 Progress: 25% (252/989) - Loss: 0.2697
Epoch 80 Progress: 26% (261/989) - Loss: 0.1922
Epoch 80 Progress: 27% (270/989) - Loss: 0.0853
Epoch 80 Progress: 28% (279/989) - Loss: 0.1058
Epoch 80 Progress: 29% (288/989) - Loss: 0.0744
Epoch 80 Progress: 30% (297/989) - Loss: 0.0619
Epoch 80 Progress: 30% (306/989) - Loss: 0.0478
Epoch 80 Progress: 31% (315/989) - Loss: 0.0587
Epoch 80 Progress: 32% (324/989) - Loss: 0.0539
Epoch 80 Progress: 33% (333/989) - Loss: 0.0756
Epoch 80 Progress: 34% (342/989) - Loss: 0.0911
Epoch 80 Progress: 35% (351/989) - Loss: 0.0585
Epoch 80 Progress: 36% (360/989) - Loss: 0.0829
Epoch 80 Progress: 37% (369/989) - Loss: 0.0645
Epoch 80 Progress: 38% (378/989) - Loss: 0.0513
Epoch 80 Progress: 39% (387/989) - Loss: 0.0581
Epoch 80 Progress: 40% (396/989) - Loss: 0.0792
Epoch 80 Progress: 40% (405/989) - Loss: 0.1516
Epoch 80 Progress: 41% (414/989) - Loss: 0.0642
Epoch 80 Progress: 42% (423/989) - Loss: 0.1088
Epoch 80 Progress: 43% (432/989) - Loss: 0.1171
Epoch 80 Progress: 44% (441/989) - Loss: 0.0751
Epoch 80 Progress: 45% (450/989) - Loss: 0.0578
Epoch 80 Progress: 46% (459/989) - Loss: 0.0523
Epoch 80 Progress: 47% (468/989) - Loss: 0.0497
Epoch 80 Progress: 48% (477/989) - Loss: 0.0895
Epoch 80 Progress: 49% (486/989) - Loss: 0.0554
Epoch 80 Progress: 50% (495/989) - Loss: 0.0459
Epoch 80 Progress: 50% (504/989) - Loss: 0.1070
Epoch 80 Progress: 51% (513/989) - Loss: 0.4028
Epoch 80 Progress: 52% (522/989) - Loss: 0.0420
Epoch 80 Progress: 53% (531/989) - Loss: 0.2084
Epoch 80 Progress: 54% (540/989) - Loss: 0.0821
Epoch 80 Progress: 55% (549/989) - Loss: 0.0559
Epoch 80 Progress: 56% (558/989) - Loss: 0.2129
Epoch 80 Progress: 57% (567/989) - Loss: 0.0989
Epoch 80 Progress: 58% (576/989) - Loss: 0.0805
Epoch 80 Progress: 59% (585/989) - Loss: 0.1391
Epoch 80 Progress: 60% (594/989) - Loss: 0.0709
Epoch 80 Progress: 60% (603/989) - Loss: 0.0635
Epoch 80 Progress: 61% (612/989) - Loss: 0.0515
Epoch 80 Progress: 62% (621/989) - Loss: 0.0806
Epoch 80 Progress: 63% (630/989) - Loss: 0.0643
Epoch 80 Progress: 64% (639/989) - Loss: 0.0370
Epoch 80 Progress: 65% (648/989) - Loss: 0.1016
Epoch 80 Progress: 66% (657/989) - Loss: 0.2044
Epoch 80 Progress: 67% (666/989) - Loss: 0.0968
Epoch 80 Progress: 68% (675/989) - Loss: 0.0795
Epoch 80 Progress: 69% (684/989) - Loss: 0.0281
Epoch 80 Progress: 70% (693/989) - Loss: 0.0395
Epoch 80 Progress: 70% (702/989) - Loss: 0.0632
Epoch 80 Progress: 71% (711/989) - Loss: 0.0379
Epoch 80 Progress: 72% (720/989) - Loss: 0.0837
Epoch 80 Progress: 73% (729/989) - Loss: 0.1312
Epoch 80 Progress: 74% (738/989) - Loss: 0.0497
Epoch 80 Progress: 75% (747/989) - Loss: 0.0548
Epoch 80 Progress: 76% (756/989) - Loss: 0.0419
Epoch 80 Progress: 77% (765/989) - Loss: 0.1174
Epoch 80 Progress: 78% (774/989) - Loss: 0.0739
Epoch 80 Progress: 79% (783/989) - Loss: 0.0278
Epoch 80 Progress: 80% (792/989) - Loss: 0.0836
Epoch 80 Progress: 80% (801/989) - Loss: 0.0908
Epoch 80 Progress: 81% (810/989) - Loss: 0.0823
Epoch 80 Progress: 82% (819/989) - Loss: 0.0250
Epoch 80 Progress: 83% (828/989) - Loss: 0.2119
Epoch 80 Progress: 84% (837/989) - Loss: 0.1001
Epoch 80 Progress: 85% (846/989) - Loss: 0.1523
Epoch 80 Progress: 86% (855/989) - Loss: 0.1924
Epoch 80 Progress: 87% (864/989) - Loss: 0.0721
Epoch 80 Progress: 88% (873/989) - Loss: 0.0850
Epoch 80 Progress: 89% (882/989) - Loss: 0.1227
Epoch 80 Progress: 90% (891/989) - Loss: 0.0541
Epoch 80 Progress: 91% (900/989) - Loss: 0.0605
Epoch 80 Progress: 91% (909/989) - Loss: 0.0725
Epoch 80 Progress: 92% (918/989) - Loss: 0.1098
Epoch 80 Progress: 93% (927/989) - Loss: 0.2272
Epoch 80 Progress: 94% (936/989) - Loss: 0.0489
Epoch 80 Progress: 95% (945/989) - Loss: 0.1003
Epoch 80 Progress: 96% (954/989) - Loss: 0.0656
Epoch 80 Progress: 97% (963/989) - Loss: 0.0753
Epoch 80 Progress: 98% (972/989) - Loss: 0.1219
Epoch 80 Progress: 99% (981/989) - Loss: 0.1493
Epoch 80 Progress: 100% (989/989) - Loss: 0.0722
Train Loss: 0.1127 | Val Loss: 0.1336 | Val Mean Dice: 0.8802
Dice WT: 0.9080 | Dice TC: 0.8861 | Dice ET: 0.8465
Peak RAM: 1357 MB | Peak VRAM: 26387 MB | Peak GPU Util: 100.0%

Epoch 81/100  LR=0.000005
Epoch 81 Progress: 0% (9/989) - Loss: 0.1051
Epoch 81 Progress: 1% (18/989) - Loss: 0.0757
Epoch 81 Progress: 2% (27/989) - Loss: 0.1458
Epoch 81 Progress: 3% (36/989) - Loss: 0.0855
Epoch 81 Progress: 4% (45/989) - Loss: 0.0730
Epoch 81 Progress: 5% (54/989) - Loss: 0.0679
Epoch 81 Progress: 6% (63/989) - Loss: 0.0353
Epoch 81 Progress: 7% (72/989) - Loss: 0.1216
Epoch 81 Progress: 8% (81/989) - Loss: 0.1174
Epoch 81 Progress: 9% (90/989) - Loss: 0.1200
Epoch 81 Progress: 10% (99/989) - Loss: 0.0857
Epoch 81 Progress: 10% (108/989) - Loss: 0.0686
Epoch 81 Progress: 11% (117/989) - Loss: 0.1789
Epoch 81 Progress: 12% (126/989) - Loss: 0.0926
Epoch 81 Progress: 13% (135/989) - Loss: 0.0479
Epoch 81 Progress: 14% (144/989) - Loss: 0.1150
Epoch 81 Progress: 15% (153/989) - Loss: 0.1561
Epoch 81 Progress: 16% (162/989) - Loss: 0.0386
Epoch 81 Progress: 17% (171/989) - Loss: 0.1081
Epoch 81 Progress: 18% (180/989) - Loss: 0.0487
Epoch 81 Progress: 19% (189/989) - Loss: 0.0441
Epoch 81 Progress: 20% (198/989) - Loss: 0.2169
Epoch 81 Progress: 20% (207/989) - Loss: 0.0697
Epoch 81 Progress: 21% (216/989) - Loss: 0.0869
Epoch 81 Progress: 22% (225/989) - Loss: 0.1186
Epoch 81 Progress: 23% (234/989) - Loss: 0.1093
Epoch 81 Progress: 24% (243/989) - Loss: 0.0528
Epoch 81 Progress: 25% (252/989) - Loss: 0.0564
Epoch 81 Progress: 26% (261/989) - Loss: 0.1194
Epoch 81 Progress: 27% (270/989) - Loss: 0.0759
Epoch 81 Progress: 28% (279/989) - Loss: 0.1238
Epoch 81 Progress: 29% (288/989) - Loss: 0.2174
Epoch 81 Progress: 30% (297/989) - Loss: 0.0919
Epoch 81 Progress: 30% (306/989) - Loss: 0.1285
Epoch 81 Progress: 31% (315/989) - Loss: 0.0794
Epoch 81 Progress: 32% (324/989) - Loss: 0.0855
Epoch 81 Progress: 33% (333/989) - Loss: 0.1185
Epoch 81 Progress: 34% (342/989) - Loss: 0.0393
Epoch 81 Progress: 35% (351/989) - Loss: 0.0769
Epoch 81 Progress: 36% (360/989) - Loss: 0.1104
Epoch 81 Progress: 37% (369/989) - Loss: 0.0524
Epoch 81 Progress: 38% (378/989) - Loss: 0.0438
Epoch 81 Progress: 39% (387/989) - Loss: 0.0411
Epoch 81 Progress: 40% (396/989) - Loss: 0.1049
Epoch 81 Progress: 40% (405/989) - Loss: 0.0328
Epoch 81 Progress: 41% (414/989) - Loss: 0.1124
Epoch 81 Progress: 42% (423/989) - Loss: 0.0595
Epoch 81 Progress: 43% (432/989) - Loss: 0.0740
Epoch 81 Progress: 44% (441/989) - Loss: 0.1033
Epoch 81 Progress: 45% (450/989) - Loss: 0.1053
Epoch 81 Progress: 46% (459/989) - Loss: 0.0411
Epoch 81 Progress: 47% (468/989) - Loss: 0.0795
Epoch 81 Progress: 48% (477/989) - Loss: 0.1024
Epoch 81 Progress: 49% (486/989) - Loss: 0.0577
Epoch 81 Progress: 50% (495/989) - Loss: 0.1099
Epoch 81 Progress: 50% (504/989) - Loss: 0.1352
Epoch 81 Progress: 51% (513/989) - Loss: 0.0876
Epoch 81 Progress: 52% (522/989) - Loss: 0.0681
Epoch 81 Progress: 53% (531/989) - Loss: 0.0556
Epoch 81 Progress: 54% (540/989) - Loss: 0.1140
Epoch 81 Progress: 55% (549/989) - Loss: 0.0935
Epoch 81 Progress: 56% (558/989) - Loss: 0.0318
Epoch 81 Progress: 57% (567/989) - Loss: 0.0480
Epoch 81 Progress: 58% (576/989) - Loss: 0.2103
Epoch 81 Progress: 59% (585/989) - Loss: 0.1922
Epoch 81 Progress: 60% (594/989) - Loss: 0.0241
Epoch 81 Progress: 60% (603/989) - Loss: 0.0930
Epoch 81 Progress: 61% (612/989) - Loss: 0.0422
Epoch 81 Progress: 62% (621/989) - Loss: 0.1236
Epoch 81 Progress: 63% (630/989) - Loss: 0.1196
Epoch 81 Progress: 64% (639/989) - Loss: 0.0601
Epoch 81 Progress: 65% (648/989) - Loss: 0.1133
Epoch 81 Progress: 66% (657/989) - Loss: 0.0567
Epoch 81 Progress: 67% (666/989) - Loss: 0.0306
Epoch 81 Progress: 68% (675/989) - Loss: 0.1048
Epoch 81 Progress: 69% (684/989) - Loss: 0.0576
Epoch 81 Progress: 70% (693/989) - Loss: 0.0429
Epoch 81 Progress: 70% (702/989) - Loss: 0.1134
Epoch 81 Progress: 71% (711/989) - Loss: 0.1617
Epoch 81 Progress: 72% (720/989) - Loss: 0.2410
Epoch 81 Progress: 73% (729/989) - Loss: 0.1830
Epoch 81 Progress: 74% (738/989) - Loss: 0.4233
Epoch 81 Progress: 75% (747/989) - Loss: 0.1105
Epoch 81 Progress: 76% (756/989) - Loss: 0.0642
Epoch 81 Progress: 77% (765/989) - Loss: 0.0775
Epoch 81 Progress: 78% (774/989) - Loss: 0.2871
Epoch 81 Progress: 79% (783/989) - Loss: 0.0484
Epoch 81 Progress: 80% (792/989) - Loss: 0.1014
Epoch 81 Progress: 80% (801/989) - Loss: 0.0418
Epoch 81 Progress: 81% (810/989) - Loss: 0.1653
Epoch 81 Progress: 82% (819/989) - Loss: 0.0494
Epoch 81 Progress: 83% (828/989) - Loss: 0.0980
Epoch 81 Progress: 84% (837/989) - Loss: 0.2173
Epoch 81 Progress: 85% (846/989) - Loss: 0.0340
Epoch 81 Progress: 86% (855/989) - Loss: 0.1117
Epoch 81 Progress: 87% (864/989) - Loss: 0.0647
Epoch 81 Progress: 88% (873/989) - Loss: 0.0976
Epoch 81 Progress: 89% (882/989) - Loss: 0.0949
Epoch 81 Progress: 90% (891/989) - Loss: 0.1060
Epoch 81 Progress: 91% (900/989) - Loss: 0.1201
Epoch 81 Progress: 91% (909/989) - Loss: 0.0804
Epoch 81 Progress: 92% (918/989) - Loss: 0.2184
Epoch 81 Progress: 93% (927/989) - Loss: 0.1488
Epoch 81 Progress: 94% (936/989) - Loss: 0.0669
Epoch 81 Progress: 95% (945/989) - Loss: 0.1054
Epoch 81 Progress: 96% (954/989) - Loss: 0.2551
Epoch 81 Progress: 97% (963/989) - Loss: 0.0318
Epoch 81 Progress: 98% (972/989) - Loss: 0.0562
Epoch 81 Progress: 99% (981/989) - Loss: 0.0764
Epoch 81 Progress: 100% (989/989) - Loss: 0.0887
Train Loss: 0.1126 | Val Loss: 0.1352 | Val Mean Dice: 0.8801
Dice WT: 0.9067 | Dice TC: 0.8832 | Dice ET: 0.8504
Peak RAM: 1357 MB | Peak VRAM: 26387 MB | Peak GPU Util: 100.0%

Epoch 82/100  LR=0.000005
Epoch 82 Progress: 0% (9/989) - Loss: 0.0575
Epoch 82 Progress: 1% (18/989) - Loss: 0.0667
Epoch 82 Progress: 2% (27/989) - Loss: 0.1197
Epoch 82 Progress: 3% (36/989) - Loss: 0.0622
Epoch 82 Progress: 4% (45/989) - Loss: 0.0489
Epoch 82 Progress: 5% (54/989) - Loss: 0.0823
Epoch 82 Progress: 6% (63/989) - Loss: 0.0419
Epoch 82 Progress: 7% (72/989) - Loss: 0.0310
Epoch 82 Progress: 8% (81/989) - Loss: 0.0605
Epoch 82 Progress: 9% (90/989) - Loss: 0.0653
Epoch 82 Progress: 10% (99/989) - Loss: 0.0937
Epoch 82 Progress: 10% (108/989) - Loss: 0.1941
Epoch 82 Progress: 11% (117/989) - Loss: 0.0738
Epoch 82 Progress: 12% (126/989) - Loss: 0.0742
Epoch 82 Progress: 13% (135/989) - Loss: 0.0465
Epoch 82 Progress: 14% (144/989) - Loss: 0.1126
Epoch 82 Progress: 15% (153/989) - Loss: 0.1753
Epoch 82 Progress: 16% (162/989) - Loss: 0.0859
Epoch 82 Progress: 17% (171/989) - Loss: 0.0778
Epoch 82 Progress: 18% (180/989) - Loss: 0.0485
Epoch 82 Progress: 19% (189/989) - Loss: 0.0729
Epoch 82 Progress: 20% (198/989) - Loss: 0.0882
Epoch 82 Progress: 20% (207/989) - Loss: 0.1248
Epoch 82 Progress: 21% (216/989) - Loss: 0.1028
Epoch 82 Progress: 22% (225/989) - Loss: 0.0780
Epoch 82 Progress: 23% (234/989) - Loss: 0.1136
Epoch 82 Progress: 24% (243/989) - Loss: 0.0672
Epoch 82 Progress: 25% (252/989) - Loss: 0.0920
Epoch 82 Progress: 26% (261/989) - Loss: 0.0554
Epoch 82 Progress: 27% (270/989) - Loss: 0.1337
Epoch 82 Progress: 28% (279/989) - Loss: 0.0955
Epoch 82 Progress: 29% (288/989) - Loss: 0.2149
Epoch 82 Progress: 30% (297/989) - Loss: 0.1067
Epoch 82 Progress: 30% (306/989) - Loss: 0.1183
Epoch 82 Progress: 31% (315/989) - Loss: 0.2490
Epoch 82 Progress: 32% (324/989) - Loss: 0.1281
Epoch 82 Progress: 33% (333/989) - Loss: 0.0619
Epoch 82 Progress: 34% (342/989) - Loss: 0.0738
Epoch 82 Progress: 35% (351/989) - Loss: 0.0990
Epoch 82 Progress: 36% (360/989) - Loss: 0.1029
Epoch 82 Progress: 37% (369/989) - Loss: 0.0377
Epoch 82 Progress: 38% (378/989) - Loss: 0.1164
Epoch 82 Progress: 39% (387/989) - Loss: 0.0804
Epoch 82 Progress: 40% (396/989) - Loss: 0.0484
Epoch 82 Progress: 40% (405/989) - Loss: 0.1436
Epoch 82 Progress: 41% (414/989) - Loss: 0.0715
Epoch 82 Progress: 42% (423/989) - Loss: 0.0732
Epoch 82 Progress: 43% (432/989) - Loss: 0.0454
Epoch 82 Progress: 44% (441/989) - Loss: 0.1703
Epoch 82 Progress: 45% (450/989) - Loss: 0.0507
Epoch 82 Progress: 46% (459/989) - Loss: 0.0896
Epoch 82 Progress: 47% (468/989) - Loss: 0.1621
Epoch 82 Progress: 48% (477/989) - Loss: 0.1105
Epoch 82 Progress: 49% (486/989) - Loss: 0.0531
Epoch 82 Progress: 50% (495/989) - Loss: 0.1340
Epoch 82 Progress: 50% (504/989) - Loss: 0.1688
Epoch 82 Progress: 51% (513/989) - Loss: 0.2508
Epoch 82 Progress: 52% (522/989) - Loss: 0.0524
Epoch 82 Progress: 53% (531/989) - Loss: 0.0792
Epoch 82 Progress: 54% (540/989) - Loss: 0.0870
Epoch 82 Progress: 55% (549/989) - Loss: 0.1966
Epoch 82 Progress: 56% (558/989) - Loss: 0.1329
Epoch 82 Progress: 57% (567/989) - Loss: 0.1000
Epoch 82 Progress: 58% (576/989) - Loss: 0.0595
Epoch 82 Progress: 59% (585/989) - Loss: 0.0975
Epoch 82 Progress: 60% (594/989) - Loss: 0.1131
Epoch 82 Progress: 60% (603/989) - Loss: 0.0977
Epoch 82 Progress: 61% (612/989) - Loss: 0.0323
Epoch 82 Progress: 62% (621/989) - Loss: 0.0652
Epoch 82 Progress: 63% (630/989) - Loss: 0.1223
Epoch 82 Progress: 64% (639/989) - Loss: 0.1358
Epoch 82 Progress: 65% (648/989) - Loss: 0.2733
Epoch 82 Progress: 66% (657/989) - Loss: 0.0821
Epoch 82 Progress: 67% (666/989) - Loss: 0.0568
Epoch 82 Progress: 68% (675/989) - Loss: 0.0826
Epoch 82 Progress: 69% (684/989) - Loss: 0.0733
Epoch 82 Progress: 70% (693/989) - Loss: 0.0387
Epoch 82 Progress: 70% (702/989) - Loss: 0.0757
Epoch 82 Progress: 71% (711/989) - Loss: 0.0314
Epoch 82 Progress: 72% (720/989) - Loss: 0.1037
Epoch 82 Progress: 73% (729/989) - Loss: 0.0278
Epoch 82 Progress: 74% (738/989) - Loss: 0.0823
Epoch 82 Progress: 75% (747/989) - Loss: 0.0747
Epoch 82 Progress: 76% (756/989) - Loss: 0.0601
Epoch 82 Progress: 77% (765/989) - Loss: 0.3839
Epoch 82 Progress: 78% (774/989) - Loss: 0.1488
Epoch 82 Progress: 79% (783/989) - Loss: 0.0762
Epoch 82 Progress: 80% (792/989) - Loss: 0.0748
Epoch 82 Progress: 80% (801/989) - Loss: 0.1901
Epoch 82 Progress: 81% (810/989) - Loss: 0.1374
Epoch 82 Progress: 82% (819/989) - Loss: 0.0567
Epoch 82 Progress: 83% (828/989) - Loss: 0.7962
Epoch 82 Progress: 84% (837/989) - Loss: 0.1075
Epoch 82 Progress: 85% (846/989) - Loss: 0.1410
Epoch 82 Progress: 86% (855/989) - Loss: 0.1305
Epoch 82 Progress: 87% (864/989) - Loss: 0.0545
Epoch 82 Progress: 88% (873/989) - Loss: 0.0862
Epoch 82 Progress: 89% (882/989) - Loss: 0.1332
Epoch 82 Progress: 90% (891/989) - Loss: 0.0756
Epoch 82 Progress: 91% (900/989) - Loss: 0.1224
Epoch 82 Progress: 91% (909/989) - Loss: 0.1237
Epoch 82 Progress: 92% (918/989) - Loss: 0.0801
Epoch 82 Progress: 93% (927/989) - Loss: 0.2962
Epoch 82 Progress: 94% (936/989) - Loss: 0.0997
Epoch 82 Progress: 95% (945/989) - Loss: 0.0594
Epoch 82 Progress: 96% (954/989) - Loss: 0.0711
Epoch 82 Progress: 97% (963/989) - Loss: 0.0639
Epoch 82 Progress: 98% (972/989) - Loss: 0.0855
Epoch 82 Progress: 99% (981/989) - Loss: 0.0626
Epoch 82 Progress: 100% (989/989) - Loss: 0.1309
Train Loss: 0.1136 | Val Loss: 0.1267 | Val Mean Dice: 0.8861
Dice WT: 0.9092 | Dice TC: 0.8982 | Dice ET: 0.8509
Peak RAM: 1357 MB | Peak VRAM: 26387 MB | Peak GPU Util: 100.0%

Epoch 83/100  LR=0.000004
Epoch 83 Progress: 0% (9/989) - Loss: 0.1876
Epoch 83 Progress: 1% (18/989) - Loss: 0.1394
Epoch 83 Progress: 2% (27/989) - Loss: 0.0892
Epoch 83 Progress: 3% (36/989) - Loss: 0.2668
Epoch 83 Progress: 4% (45/989) - Loss: 0.1303
Epoch 83 Progress: 5% (54/989) - Loss: 0.0321
Epoch 83 Progress: 6% (63/989) - Loss: 0.0640
Epoch 83 Progress: 7% (72/989) - Loss: 0.0699
Epoch 83 Progress: 8% (81/989) - Loss: 0.0338
Epoch 83 Progress: 9% (90/989) - Loss: 0.0545
Epoch 83 Progress: 10% (99/989) - Loss: 0.0648
Epoch 83 Progress: 10% (108/989) - Loss: 0.6725
Epoch 83 Progress: 11% (117/989) - Loss: 0.1126
Epoch 83 Progress: 12% (126/989) - Loss: 0.0836
Epoch 83 Progress: 13% (135/989) - Loss: 0.1358
Epoch 83 Progress: 14% (144/989) - Loss: 0.1318
Epoch 83 Progress: 15% (153/989) - Loss: 0.0898
Epoch 83 Progress: 16% (162/989) - Loss: 0.6805
Epoch 83 Progress: 17% (171/989) - Loss: 0.0589
Epoch 83 Progress: 18% (180/989) - Loss: 0.0715
Epoch 83 Progress: 19% (189/989) - Loss: 0.1499
Epoch 83 Progress: 20% (198/989) - Loss: 0.1915
Epoch 83 Progress: 20% (207/989) - Loss: 0.0363
Epoch 83 Progress: 21% (216/989) - Loss: 0.0457
Epoch 83 Progress: 22% (225/989) - Loss: 0.0705
Epoch 83 Progress: 23% (234/989) - Loss: 0.0275
Epoch 83 Progress: 24% (243/989) - Loss: 0.2335
Epoch 83 Progress: 25% (252/989) - Loss: 0.1059
Epoch 83 Progress: 26% (261/989) - Loss: 0.0870
Epoch 83 Progress: 27% (270/989) - Loss: 0.1184
Epoch 83 Progress: 28% (279/989) - Loss: 0.0599
Epoch 83 Progress: 29% (288/989) - Loss: 0.1546
Epoch 83 Progress: 30% (297/989) - Loss: 0.0853
Epoch 83 Progress: 30% (306/989) - Loss: 0.0936
Epoch 83 Progress: 31% (315/989) - Loss: 0.0705
Epoch 83 Progress: 32% (324/989) - Loss: 0.4221
Epoch 83 Progress: 33% (333/989) - Loss: 0.0698
Epoch 83 Progress: 34% (342/989) - Loss: 0.2218
Epoch 83 Progress: 35% (351/989) - Loss: 0.1209
Epoch 83 Progress: 36% (360/989) - Loss: 0.0789
Epoch 83 Progress: 37% (369/989) - Loss: 0.0560
Epoch 83 Progress: 38% (378/989) - Loss: 0.2988
Epoch 83 Progress: 39% (387/989) - Loss: 0.0454
Epoch 83 Progress: 40% (396/989) - Loss: 0.0737
Epoch 83 Progress: 40% (405/989) - Loss: 0.1344
Epoch 83 Progress: 41% (414/989) - Loss: 0.1968
Epoch 83 Progress: 42% (423/989) - Loss: 0.0961
Epoch 83 Progress: 43% (432/989) - Loss: 0.1104
Epoch 83 Progress: 44% (441/989) - Loss: 0.4626
Epoch 83 Progress: 45% (450/989) - Loss: 0.0447
Epoch 83 Progress: 46% (459/989) - Loss: 0.5207
Epoch 83 Progress: 47% (468/989) - Loss: 0.1550
Epoch 83 Progress: 48% (477/989) - Loss: 0.0619
Epoch 83 Progress: 49% (486/989) - Loss: 0.1266
Epoch 83 Progress: 50% (495/989) - Loss: 0.0732
Epoch 83 Progress: 50% (504/989) - Loss: 0.0261
Epoch 83 Progress: 51% (513/989) - Loss: 0.0910
Epoch 83 Progress: 52% (522/989) - Loss: 0.1140
Epoch 83 Progress: 53% (531/989) - Loss: 0.1077
Epoch 83 Progress: 54% (540/989) - Loss: 0.0478
Epoch 83 Progress: 55% (549/989) - Loss: 0.1671
Epoch 83 Progress: 56% (558/989) - Loss: 0.1144
Epoch 83 Progress: 57% (567/989) - Loss: 0.0543
Epoch 83 Progress: 58% (576/989) - Loss: 0.1090
Epoch 83 Progress: 59% (585/989) - Loss: 0.0545
Epoch 83 Progress: 60% (594/989) - Loss: 0.0828
Epoch 83 Progress: 60% (603/989) - Loss: 0.1814
Epoch 83 Progress: 61% (612/989) - Loss: 0.1921
Epoch 83 Progress: 62% (621/989) - Loss: 0.0716
Epoch 83 Progress: 63% (630/989) - Loss: 0.1701
Epoch 83 Progress: 64% (639/989) - Loss: 0.0670
Epoch 83 Progress: 65% (648/989) - Loss: 0.0245
Epoch 83 Progress: 66% (657/989) - Loss: 0.0338
Epoch 83 Progress: 67% (666/989) - Loss: 0.0684
Epoch 83 Progress: 68% (675/989) - Loss: 0.0486
Epoch 83 Progress: 69% (684/989) - Loss: 0.0680
Epoch 83 Progress: 70% (693/989) - Loss: 0.1025
Epoch 83 Progress: 70% (702/989) - Loss: 0.0439
Epoch 83 Progress: 71% (711/989) - Loss: 0.1063
Epoch 83 Progress: 72% (720/989) - Loss: 0.0613
Epoch 83 Progress: 73% (729/989) - Loss: 0.1241
Epoch 83 Progress: 74% (738/989) - Loss: 0.0674
Epoch 83 Progress: 75% (747/989) - Loss: 0.2528
Epoch 83 Progress: 76% (756/989) - Loss: 0.0805
Epoch 83 Progress: 77% (765/989) - Loss: 0.2374
Epoch 83 Progress: 78% (774/989) - Loss: 0.0838
Epoch 83 Progress: 79% (783/989) - Loss: 0.0211
Epoch 83 Progress: 80% (792/989) - Loss: 0.1447
Epoch 83 Progress: 80% (801/989) - Loss: 0.0379
Epoch 83 Progress: 81% (810/989) - Loss: 0.0575
Epoch 83 Progress: 82% (819/989) - Loss: 0.0409
Epoch 83 Progress: 83% (828/989) - Loss: 0.0921
Epoch 83 Progress: 84% (837/989) - Loss: 0.0470
Epoch 83 Progress: 85% (846/989) - Loss: 0.0456
Epoch 83 Progress: 86% (855/989) - Loss: 0.2114
Epoch 83 Progress: 87% (864/989) - Loss: 0.1044
Epoch 83 Progress: 88% (873/989) - Loss: 0.0528
Epoch 83 Progress: 89% (882/989) - Loss: 0.0521
Epoch 83 Progress: 90% (891/989) - Loss: 0.0843
Epoch 83 Progress: 91% (900/989) - Loss: 0.1221
Epoch 83 Progress: 91% (909/989) - Loss: 0.0574
Epoch 83 Progress: 92% (918/989) - Loss: 0.0606
Epoch 83 Progress: 93% (927/989) - Loss: 0.0464
Epoch 83 Progress: 94% (936/989) - Loss: 0.0302
Epoch 83 Progress: 95% (945/989) - Loss: 0.1449
Epoch 83 Progress: 96% (954/989) - Loss: 0.0740
Epoch 83 Progress: 97% (963/989) - Loss: 0.0696
Epoch 83 Progress: 98% (972/989) - Loss: 0.0902
Epoch 83 Progress: 99% (981/989) - Loss: 0.1916
Epoch 83 Progress: 100% (989/989) - Loss: 0.0973
Train Loss: 0.1133 | Val Loss: 0.1325 | Val Mean Dice: 0.8804
Dice WT: 0.9045 | Dice TC: 0.8887 | Dice ET: 0.8479
Peak RAM: 1357 MB | Peak VRAM: 26387 MB | Peak GPU Util: 100.0%

Epoch 84/100  LR=0.000004
Epoch 84 Progress: 0% (9/989) - Loss: 0.0961
Epoch 84 Progress: 1% (18/989) - Loss: 0.1821
Epoch 84 Progress: 2% (27/989) - Loss: 0.5155
Epoch 84 Progress: 3% (36/989) - Loss: 0.1622
Epoch 84 Progress: 4% (45/989) - Loss: 0.0502
Epoch 84 Progress: 5% (54/989) - Loss: 0.0842
Epoch 84 Progress: 6% (63/989) - Loss: 0.0470
Epoch 84 Progress: 7% (72/989) - Loss: 0.0463
Epoch 84 Progress: 8% (81/989) - Loss: 0.1028
Epoch 84 Progress: 9% (90/989) - Loss: 0.4210
Epoch 84 Progress: 10% (99/989) - Loss: 0.1139
Epoch 84 Progress: 10% (108/989) - Loss: 0.0339
Epoch 84 Progress: 11% (117/989) - Loss: 0.0819
Epoch 84 Progress: 12% (126/989) - Loss: 0.1020
Epoch 84 Progress: 13% (135/989) - Loss: 0.1060
Epoch 84 Progress: 14% (144/989) - Loss: 0.1185
Epoch 84 Progress: 15% (153/989) - Loss: 0.0745
Epoch 84 Progress: 16% (162/989) - Loss: 0.2178
Epoch 84 Progress: 17% (171/989) - Loss: 0.0702
Epoch 84 Progress: 18% (180/989) - Loss: 0.1308
Epoch 84 Progress: 19% (189/989) - Loss: 0.1837
Epoch 84 Progress: 20% (198/989) - Loss: 0.1591
Epoch 84 Progress: 20% (207/989) - Loss: 0.0666
Epoch 84 Progress: 21% (216/989) - Loss: 0.0677
Epoch 84 Progress: 22% (225/989) - Loss: 0.1484
Epoch 84 Progress: 23% (234/989) - Loss: 0.0597
Epoch 84 Progress: 24% (243/989) - Loss: 0.0852
Epoch 84 Progress: 25% (252/989) - Loss: 0.0715
Epoch 84 Progress: 26% (261/989) - Loss: 0.1008
Epoch 84 Progress: 27% (270/989) - Loss: 0.1371
Epoch 84 Progress: 28% (279/989) - Loss: 0.0959
Epoch 84 Progress: 29% (288/989) - Loss: 0.1293
Epoch 84 Progress: 30% (297/989) - Loss: 0.1270
Epoch 84 Progress: 30% (306/989) - Loss: 0.0655
Epoch 84 Progress: 31% (315/989) - Loss: 0.0672
Epoch 84 Progress: 32% (324/989) - Loss: 0.0295
Epoch 84 Progress: 33% (333/989) - Loss: 0.0694
Epoch 84 Progress: 34% (342/989) - Loss: 0.0989
Epoch 84 Progress: 35% (351/989) - Loss: 0.0415
Epoch 84 Progress: 36% (360/989) - Loss: 0.0483
Epoch 84 Progress: 37% (369/989) - Loss: 0.0384
Epoch 84 Progress: 38% (378/989) - Loss: 0.0584
Epoch 84 Progress: 39% (387/989) - Loss: 0.0675
Epoch 84 Progress: 40% (396/989) - Loss: 0.0824
Epoch 84 Progress: 40% (405/989) - Loss: 0.0813
Epoch 84 Progress: 41% (414/989) - Loss: 0.1702
Epoch 84 Progress: 42% (423/989) - Loss: 0.0779
Epoch 84 Progress: 43% (432/989) - Loss: 0.4547
Epoch 84 Progress: 44% (441/989) - Loss: 0.1367
Epoch 84 Progress: 45% (450/989) - Loss: 0.0637
Epoch 84 Progress: 46% (459/989) - Loss: 0.1234
Epoch 84 Progress: 47% (468/989) - Loss: 0.1545
Epoch 84 Progress: 48% (477/989) - Loss: 0.0995
Epoch 84 Progress: 49% (486/989) - Loss: 0.0713
Epoch 84 Progress: 50% (495/989) - Loss: 0.0989
Epoch 84 Progress: 50% (504/989) - Loss: 0.0684
Epoch 84 Progress: 51% (513/989) - Loss: 0.1409
Epoch 84 Progress: 52% (522/989) - Loss: 0.0562
Epoch 84 Progress: 53% (531/989) - Loss: 0.1894
Epoch 84 Progress: 54% (540/989) - Loss: 0.0535
Epoch 84 Progress: 55% (549/989) - Loss: 0.0362
Epoch 84 Progress: 56% (558/989) - Loss: 0.2342
Epoch 84 Progress: 57% (567/989) - Loss: 0.3860
Epoch 84 Progress: 58% (576/989) - Loss: 0.0851
Epoch 84 Progress: 59% (585/989) - Loss: 0.1642
Epoch 84 Progress: 60% (594/989) - Loss: 0.0674
Epoch 84 Progress: 60% (603/989) - Loss: 0.0525
Epoch 84 Progress: 61% (612/989) - Loss: 0.0524
Epoch 84 Progress: 62% (621/989) - Loss: 0.1019
Epoch 84 Progress: 63% (630/989) - Loss: 0.0992
Epoch 84 Progress: 64% (639/989) - Loss: 0.1078
Epoch 84 Progress: 65% (648/989) - Loss: 0.0703
Epoch 84 Progress: 66% (657/989) - Loss: 0.1291
Epoch 84 Progress: 67% (666/989) - Loss: 0.0693
Epoch 84 Progress: 68% (675/989) - Loss: 0.0524
Epoch 84 Progress: 69% (684/989) - Loss: 0.1004
Epoch 84 Progress: 70% (693/989) - Loss: 0.1291
Epoch 84 Progress: 70% (702/989) - Loss: 0.0420
Epoch 84 Progress: 71% (711/989) - Loss: 0.0599
Epoch 84 Progress: 72% (720/989) - Loss: 0.1063
Epoch 84 Progress: 73% (729/989) - Loss: 0.0513
Epoch 84 Progress: 74% (738/989) - Loss: 0.0611
Epoch 84 Progress: 75% (747/989) - Loss: 0.1379
Epoch 84 Progress: 76% (756/989) - Loss: 0.0952
Epoch 84 Progress: 77% (765/989) - Loss: 0.0553
Epoch 84 Progress: 78% (774/989) - Loss: 0.1477
Epoch 84 Progress: 79% (783/989) - Loss: 0.0907
Epoch 84 Progress: 80% (792/989) - Loss: 0.0786
Epoch 84 Progress: 80% (801/989) - Loss: 0.1507
Epoch 84 Progress: 81% (810/989) - Loss: 0.1755
Epoch 84 Progress: 82% (819/989) - Loss: 0.0223
Epoch 84 Progress: 83% (828/989) - Loss: 0.0886
Epoch 84 Progress: 84% (837/989) - Loss: 0.1754
Epoch 84 Progress: 85% (846/989) - Loss: 0.0925
Epoch 84 Progress: 86% (855/989) - Loss: 0.0669
Epoch 84 Progress: 87% (864/989) - Loss: 0.0711
Epoch 84 Progress: 88% (873/989) - Loss: 0.0623
Epoch 84 Progress: 89% (882/989) - Loss: 0.0749
Epoch 84 Progress: 90% (891/989) - Loss: 0.0873
Epoch 84 Progress: 91% (900/989) - Loss: 0.0532
Epoch 84 Progress: 91% (909/989) - Loss: 0.1132
Epoch 84 Progress: 92% (918/989) - Loss: 0.1080
Epoch 84 Progress: 93% (927/989) - Loss: 0.0581
Epoch 84 Progress: 94% (936/989) - Loss: 0.0324
Epoch 84 Progress: 95% (945/989) - Loss: 0.0862
Epoch 84 Progress: 96% (954/989) - Loss: 0.1056
Epoch 84 Progress: 97% (963/989) - Loss: 0.0759
Epoch 84 Progress: 98% (972/989) - Loss: 0.0465
Epoch 84 Progress: 99% (981/989) - Loss: 0.1106
Epoch 84 Progress: 100% (989/989) - Loss: 0.1548
Train Loss: 0.1131 | Val Loss: 0.1257 | Val Mean Dice: 0.8881
Dice WT: 0.9128 | Dice TC: 0.8966 | Dice ET: 0.8549
Peak RAM: 1357 MB | Peak VRAM: 26387 MB | Peak GPU Util: 100.0%

Epoch 85/100  LR=0.000003
Epoch 85 Progress: 0% (9/989) - Loss: 0.0954
Epoch 85 Progress: 1% (18/989) - Loss: 0.0808
Epoch 85 Progress: 2% (27/989) - Loss: 0.0639
Epoch 85 Progress: 3% (36/989) - Loss: 0.0770
Epoch 85 Progress: 4% (45/989) - Loss: 0.1079
Epoch 85 Progress: 5% (54/989) - Loss: 0.1109
Epoch 85 Progress: 6% (63/989) - Loss: 0.2172
Epoch 85 Progress: 7% (72/989) - Loss: 0.0867
Epoch 85 Progress: 8% (81/989) - Loss: 0.0725
Epoch 85 Progress: 9% (90/989) - Loss: 0.4017
Epoch 85 Progress: 10% (99/989) - Loss: 0.4093
Epoch 85 Progress: 10% (108/989) - Loss: 0.0726
Epoch 85 Progress: 11% (117/989) - Loss: 0.0740
Epoch 85 Progress: 12% (126/989) - Loss: 0.0898
Epoch 85 Progress: 13% (135/989) - Loss: 0.0886
Epoch 85 Progress: 14% (144/989) - Loss: 0.0472
Epoch 85 Progress: 15% (153/989) - Loss: 0.1100
Epoch 85 Progress: 16% (162/989) - Loss: 0.1012
Epoch 85 Progress: 17% (171/989) - Loss: 0.0717
Epoch 85 Progress: 18% (180/989) - Loss: 0.4197
Epoch 85 Progress: 19% (189/989) - Loss: 0.2048
Epoch 85 Progress: 20% (198/989) - Loss: 0.0575
Epoch 85 Progress: 20% (207/989) - Loss: 0.0724
Epoch 85 Progress: 21% (216/989) - Loss: 0.1181
Epoch 85 Progress: 22% (225/989) - Loss: 0.0738
Epoch 85 Progress: 23% (234/989) - Loss: 0.2156
Epoch 85 Progress: 24% (243/989) - Loss: 0.0717
Epoch 85 Progress: 25% (252/989) - Loss: 0.0482
Epoch 85 Progress: 26% (261/989) - Loss: 0.1021
Epoch 85 Progress: 27% (270/989) - Loss: 0.1224
Epoch 85 Progress: 28% (279/989) - Loss: 0.1475
Epoch 85 Progress: 29% (288/989) - Loss: 0.0344
Epoch 85 Progress: 30% (297/989) - Loss: 0.0649
Epoch 85 Progress: 30% (306/989) - Loss: 0.0543
Epoch 85 Progress: 31% (315/989) - Loss: 0.1358
Epoch 85 Progress: 32% (324/989) - Loss: 0.4305
Epoch 85 Progress: 33% (333/989) - Loss: 0.1026
Epoch 85 Progress: 34% (342/989) - Loss: 0.1830
Epoch 85 Progress: 35% (351/989) - Loss: 0.0776
Epoch 85 Progress: 36% (360/989) - Loss: 0.0564
Epoch 85 Progress: 37% (369/989) - Loss: 0.0723
Epoch 85 Progress: 38% (378/989) - Loss: 0.0675
Epoch 85 Progress: 39% (387/989) - Loss: 0.0778
Epoch 85 Progress: 40% (396/989) - Loss: 0.1268
Epoch 85 Progress: 40% (405/989) - Loss: 0.1117
Epoch 85 Progress: 41% (414/989) - Loss: 0.0598
Epoch 85 Progress: 42% (423/989) - Loss: 0.0557
Epoch 85 Progress: 43% (432/989) - Loss: 0.1099
Epoch 85 Progress: 44% (441/989) - Loss: 0.0971
Epoch 85 Progress: 45% (450/989) - Loss: 0.1371
Epoch 85 Progress: 46% (459/989) - Loss: 0.1017
Epoch 85 Progress: 47% (468/989) - Loss: 0.1080
Epoch 85 Progress: 48% (477/989) - Loss: 0.0544
Epoch 85 Progress: 49% (486/989) - Loss: 0.1424
Epoch 85 Progress: 50% (495/989) - Loss: 0.0525
Epoch 85 Progress: 50% (504/989) - Loss: 0.0924
Epoch 85 Progress: 51% (513/989) - Loss: 0.0930
Epoch 85 Progress: 52% (522/989) - Loss: 0.0968
Epoch 85 Progress: 53% (531/989) - Loss: 0.0604
Epoch 85 Progress: 54% (540/989) - Loss: 0.0458
Epoch 85 Progress: 55% (549/989) - Loss: 0.0665
Epoch 85 Progress: 56% (558/989) - Loss: 0.1372
Epoch 85 Progress: 57% (567/989) - Loss: 0.2014
Epoch 85 Progress: 58% (576/989) - Loss: 0.1055
Epoch 85 Progress: 59% (585/989) - Loss: 0.0548
Epoch 85 Progress: 60% (594/989) - Loss: 0.0492
Epoch 85 Progress: 60% (603/989) - Loss: 0.0677
Epoch 85 Progress: 61% (612/989) - Loss: 0.1095
Epoch 85 Progress: 62% (621/989) - Loss: 0.1173
Epoch 85 Progress: 63% (630/989) - Loss: 0.0638
Epoch 85 Progress: 64% (639/989) - Loss: 0.0543
Epoch 85 Progress: 65% (648/989) - Loss: 0.0861
Epoch 85 Progress: 66% (657/989) - Loss: 0.0949
Epoch 85 Progress: 67% (666/989) - Loss: 0.1288
Epoch 85 Progress: 68% (675/989) - Loss: 0.0977
Epoch 85 Progress: 69% (684/989) - Loss: 0.1297
Epoch 85 Progress: 70% (693/989) - Loss: 0.0464
Epoch 85 Progress: 70% (702/989) - Loss: 0.1402
Epoch 85 Progress: 71% (711/989) - Loss: 0.0962
Epoch 85 Progress: 72% (720/989) - Loss: 0.1364
Epoch 85 Progress: 73% (729/989) - Loss: 0.0676
Epoch 85 Progress: 74% (738/989) - Loss: 0.0656
Epoch 85 Progress: 75% (747/989) - Loss: 0.1226
Epoch 85 Progress: 76% (756/989) - Loss: 0.0730
Epoch 85 Progress: 77% (765/989) - Loss: 0.1506
Epoch 85 Progress: 78% (774/989) - Loss: 0.0834
Epoch 85 Progress: 79% (783/989) - Loss: 0.1992
Epoch 85 Progress: 80% (792/989) - Loss: 0.1719
Epoch 85 Progress: 80% (801/989) - Loss: 0.1005
Epoch 85 Progress: 81% (810/989) - Loss: 0.1166
Epoch 85 Progress: 82% (819/989) - Loss: 0.0756
Epoch 85 Progress: 83% (828/989) - Loss: 0.1598
Epoch 85 Progress: 84% (837/989) - Loss: 0.0556
Epoch 85 Progress: 85% (846/989) - Loss: 0.0835
Epoch 85 Progress: 86% (855/989) - Loss: 0.0989
Epoch 85 Progress: 87% (864/989) - Loss: 0.0385
Epoch 85 Progress: 88% (873/989) - Loss: 0.1406
Epoch 85 Progress: 89% (882/989) - Loss: 0.0690
Epoch 85 Progress: 90% (891/989) - Loss: 0.0486
Epoch 85 Progress: 91% (900/989) - Loss: 0.0696
Epoch 85 Progress: 91% (909/989) - Loss: 0.0428
Epoch 85 Progress: 92% (918/989) - Loss: 0.0801
Epoch 85 Progress: 93% (927/989) - Loss: 0.0479
Epoch 85 Progress: 94% (936/989) - Loss: 0.0725
Epoch 85 Progress: 95% (945/989) - Loss: 0.0523
Epoch 85 Progress: 96% (954/989) - Loss: 0.1017
Epoch 85 Progress: 97% (963/989) - Loss: 0.0283
Epoch 85 Progress: 98% (972/989) - Loss: 0.0899
Epoch 85 Progress: 99% (981/989) - Loss: 0.0779
Epoch 85 Progress: 100% (989/989) - Loss: 0.1896
Train Loss: 0.1149 | Val Loss: 0.1247 | Val Mean Dice: 0.8895
Dice WT: 0.9161 | Dice TC: 0.8973 | Dice ET: 0.8550
Peak RAM: 1357 MB | Peak VRAM: 26387 MB | Peak GPU Util: 100.0%

Epoch 86/100  LR=0.000003
Epoch 86 Progress: 0% (9/989) - Loss: 0.1259
Epoch 86 Progress: 1% (18/989) - Loss: 0.0736
Epoch 86 Progress: 2% (27/989) - Loss: 0.1877
Epoch 86 Progress: 3% (36/989) - Loss: 0.0564
Epoch 86 Progress: 4% (45/989) - Loss: 0.0421
Epoch 86 Progress: 5% (54/989) - Loss: 0.0606
Epoch 86 Progress: 6% (63/989) - Loss: 0.0773
Epoch 86 Progress: 7% (72/989) - Loss: 0.0942
Epoch 86 Progress: 8% (81/989) - Loss: 0.1097
Epoch 86 Progress: 9% (90/989) - Loss: 0.1000
Epoch 86 Progress: 10% (99/989) - Loss: 0.0531
Epoch 86 Progress: 10% (108/989) - Loss: 0.0827
Epoch 86 Progress: 11% (117/989) - Loss: 0.0768
Epoch 86 Progress: 12% (126/989) - Loss: 0.0888
Epoch 86 Progress: 13% (135/989) - Loss: 0.0917
Epoch 86 Progress: 14% (144/989) - Loss: 0.0763
Epoch 86 Progress: 15% (153/989) - Loss: 0.2158
Epoch 86 Progress: 16% (162/989) - Loss: 0.0619
Epoch 86 Progress: 17% (171/989) - Loss: 0.1661
Epoch 86 Progress: 18% (180/989) - Loss: 0.1390
Epoch 86 Progress: 19% (189/989) - Loss: 0.1044
Epoch 86 Progress: 20% (198/989) - Loss: 0.2407
Epoch 86 Progress: 20% (207/989) - Loss: 0.1432
Epoch 86 Progress: 21% (216/989) - Loss: 0.1138
Epoch 86 Progress: 22% (225/989) - Loss: 0.1039
Epoch 86 Progress: 23% (234/989) - Loss: 0.1477
Epoch 86 Progress: 24% (243/989) - Loss: 0.2346
Epoch 86 Progress: 25% (252/989) - Loss: 0.0609
Epoch 86 Progress: 26% (261/989) - Loss: 0.0780
Epoch 86 Progress: 27% (270/989) - Loss: 0.1580
Epoch 86 Progress: 28% (279/989) - Loss: 0.2350
Epoch 86 Progress: 29% (288/989) - Loss: 0.0518
Epoch 86 Progress: 30% (297/989) - Loss: 0.0691
Epoch 86 Progress: 30% (306/989) - Loss: 0.1704
Epoch 86 Progress: 31% (315/989) - Loss: 0.1311
Epoch 86 Progress: 32% (324/989) - Loss: 0.0842
Epoch 86 Progress: 33% (333/989) - Loss: 0.0698
Epoch 86 Progress: 34% (342/989) - Loss: 0.1846
Epoch 86 Progress: 35% (351/989) - Loss: 0.0955
Epoch 86 Progress: 36% (360/989) - Loss: 0.0634
Epoch 86 Progress: 37% (369/989) - Loss: 0.0675
Epoch 86 Progress: 38% (378/989) - Loss: 0.0658
Epoch 86 Progress: 39% (387/989) - Loss: 0.1465
Epoch 86 Progress: 40% (396/989) - Loss: 0.1898
Epoch 86 Progress: 40% (405/989) - Loss: 0.0659
Epoch 86 Progress: 41% (414/989) - Loss: 0.0910
Epoch 86 Progress: 42% (423/989) - Loss: 0.0580
Epoch 86 Progress: 43% (432/989) - Loss: 0.0528
Epoch 86 Progress: 44% (441/989) - Loss: 0.1147
Epoch 86 Progress: 45% (450/989) - Loss: 0.0707
Epoch 86 Progress: 46% (459/989) - Loss: 0.7498
Epoch 86 Progress: 47% (468/989) - Loss: 0.1422
Epoch 86 Progress: 48% (477/989) - Loss: 0.2099
Epoch 86 Progress: 49% (486/989) - Loss: 0.0956
Epoch 86 Progress: 50% (495/989) - Loss: 0.0773
Epoch 86 Progress: 50% (504/989) - Loss: 0.0955
Epoch 86 Progress: 51% (513/989) - Loss: 0.0948
Epoch 86 Progress: 52% (522/989) - Loss: 0.2002
Epoch 86 Progress: 53% (531/989) - Loss: 0.0532
Epoch 86 Progress: 54% (540/989) - Loss: 0.0834
Epoch 86 Progress: 55% (549/989) - Loss: 0.0305
Epoch 86 Progress: 56% (558/989) - Loss: 0.2330
Epoch 86 Progress: 57% (567/989) - Loss: 0.0947
Epoch 86 Progress: 58% (576/989) - Loss: 0.1138
Epoch 86 Progress: 59% (585/989) - Loss: 0.0744
Epoch 86 Progress: 60% (594/989) - Loss: 0.1698
Epoch 86 Progress: 60% (603/989) - Loss: 0.4978
Epoch 86 Progress: 61% (612/989) - Loss: 0.0619
Epoch 86 Progress: 62% (621/989) - Loss: 0.0853
Epoch 86 Progress: 63% (630/989) - Loss: 0.0546
Epoch 86 Progress: 64% (639/989) - Loss: 0.0321
Epoch 86 Progress: 65% (648/989) - Loss: 0.1429
Epoch 86 Progress: 66% (657/989) - Loss: 0.0679
Epoch 86 Progress: 67% (666/989) - Loss: 0.1296
Epoch 86 Progress: 68% (675/989) - Loss: 0.1070
Epoch 86 Progress: 69% (684/989) - Loss: 0.1123
Epoch 86 Progress: 70% (693/989) - Loss: 0.0296
Epoch 86 Progress: 70% (702/989) - Loss: 0.0531
Epoch 86 Progress: 71% (711/989) - Loss: 0.0270
Epoch 86 Progress: 72% (720/989) - Loss: 0.1002
Epoch 86 Progress: 73% (729/989) - Loss: 0.1010
Epoch 86 Progress: 74% (738/989) - Loss: 0.1135
Epoch 86 Progress: 75% (747/989) - Loss: 0.0878
Epoch 86 Progress: 76% (756/989) - Loss: 0.0817
Epoch 86 Progress: 77% (765/989) - Loss: 0.1319
Epoch 86 Progress: 78% (774/989) - Loss: 0.0848
Epoch 86 Progress: 79% (783/989) - Loss: 0.0632
Epoch 86 Progress: 80% (792/989) - Loss: 0.0424
Epoch 86 Progress: 80% (801/989) - Loss: 0.0342
Epoch 86 Progress: 81% (810/989) - Loss: 0.0576
Epoch 86 Progress: 82% (819/989) - Loss: 0.1197
Epoch 86 Progress: 83% (828/989) - Loss: 0.0676
Epoch 86 Progress: 84% (837/989) - Loss: 0.0470
Epoch 86 Progress: 85% (846/989) - Loss: 0.0973
Epoch 86 Progress: 86% (855/989) - Loss: 0.0456
Epoch 86 Progress: 87% (864/989) - Loss: 0.0534
Epoch 86 Progress: 88% (873/989) - Loss: 0.0531
Epoch 86 Progress: 89% (882/989) - Loss: 0.0978
Epoch 86 Progress: 90% (891/989) - Loss: 0.0408
Epoch 86 Progress: 91% (900/989) - Loss: 0.1308
Epoch 86 Progress: 91% (909/989) - Loss: 0.3253
Epoch 86 Progress: 92% (918/989) - Loss: 0.0986
Epoch 86 Progress: 93% (927/989) - Loss: 0.1237
Epoch 86 Progress: 94% (936/989) - Loss: 0.1499
Epoch 86 Progress: 95% (945/989) - Loss: 0.1297
Epoch 86 Progress: 96% (954/989) - Loss: 0.1191
Epoch 86 Progress: 97% (963/989) - Loss: 0.1801
Epoch 86 Progress: 98% (972/989) - Loss: 0.0652
Epoch 86 Progress: 99% (981/989) - Loss: 0.3955
Epoch 86 Progress: 100% (989/989) - Loss: 0.0642
Train Loss: 0.1112 | Val Loss: 0.1354 | Val Mean Dice: 0.8796
Dice WT: 0.9040 | Dice TC: 0.8855 | Dice ET: 0.8493
Peak RAM: 1357 MB | Peak VRAM: 26387 MB | Peak GPU Util: 100.0%

Epoch 87/100  LR=0.000003
Epoch 87 Progress: 0% (9/989) - Loss: 0.0740
Epoch 87 Progress: 1% (18/989) - Loss: 0.0625
Epoch 87 Progress: 2% (27/989) - Loss: 0.0752
Epoch 87 Progress: 3% (36/989) - Loss: 0.1282
Epoch 87 Progress: 4% (45/989) - Loss: 0.3459
Epoch 87 Progress: 5% (54/989) - Loss: 0.1476
Epoch 87 Progress: 6% (63/989) - Loss: 0.0827
Epoch 87 Progress: 7% (72/989) - Loss: 0.0890
Epoch 87 Progress: 8% (81/989) - Loss: 0.0970
Epoch 87 Progress: 9% (90/989) - Loss: 0.1295
Epoch 87 Progress: 10% (99/989) - Loss: 0.1121
Epoch 87 Progress: 10% (108/989) - Loss: 0.0670
Epoch 87 Progress: 11% (117/989) - Loss: 0.1355
Epoch 87 Progress: 12% (126/989) - Loss: 0.0739
Epoch 87 Progress: 13% (135/989) - Loss: 0.2104
Epoch 87 Progress: 14% (144/989) - Loss: 0.0376
Epoch 87 Progress: 15% (153/989) - Loss: 0.1108
Epoch 87 Progress: 16% (162/989) - Loss: 0.2070
Epoch 87 Progress: 17% (171/989) - Loss: 0.4402
Epoch 87 Progress: 18% (180/989) - Loss: 0.1705
Epoch 87 Progress: 19% (189/989) - Loss: 0.1955
Epoch 87 Progress: 20% (198/989) - Loss: 0.0621
Epoch 87 Progress: 20% (207/989) - Loss: 0.0975
Epoch 87 Progress: 21% (216/989) - Loss: 0.0173
Epoch 87 Progress: 22% (225/989) - Loss: 0.2189
Epoch 87 Progress: 23% (234/989) - Loss: 0.0965
Epoch 87 Progress: 24% (243/989) - Loss: 0.0557
Epoch 87 Progress: 25% (252/989) - Loss: 0.0300
Epoch 87 Progress: 26% (261/989) - Loss: 0.1578
Epoch 87 Progress: 27% (270/989) - Loss: 0.1570
Epoch 87 Progress: 28% (279/989) - Loss: 0.0591
Epoch 87 Progress: 29% (288/989) - Loss: 0.1276
Epoch 87 Progress: 30% (297/989) - Loss: 0.0918
Epoch 87 Progress: 30% (306/989) - Loss: 0.0744
Epoch 87 Progress: 31% (315/989) - Loss: 0.4919
Epoch 87 Progress: 32% (324/989) - Loss: 0.1412
Epoch 87 Progress: 33% (333/989) - Loss: 0.0555
Epoch 87 Progress: 34% (342/989) - Loss: 0.1159
Epoch 87 Progress: 35% (351/989) - Loss: 0.1027
Epoch 87 Progress: 36% (360/989) - Loss: 0.1536
Epoch 87 Progress: 37% (369/989) - Loss: 0.1593
Epoch 87 Progress: 38% (378/989) - Loss: 0.2308
Epoch 87 Progress: 39% (387/989) - Loss: 0.0692
Epoch 87 Progress: 40% (396/989) - Loss: 0.0626
Epoch 87 Progress: 40% (405/989) - Loss: 0.2169
Epoch 87 Progress: 41% (414/989) - Loss: 0.1183
Epoch 87 Progress: 42% (423/989) - Loss: 0.2004
Epoch 87 Progress: 43% (432/989) - Loss: 0.0313
Epoch 87 Progress: 44% (441/989) - Loss: 0.1143
Epoch 87 Progress: 45% (450/989) - Loss: 0.0366
Epoch 87 Progress: 46% (459/989) - Loss: 0.0386
Epoch 87 Progress: 47% (468/989) - Loss: 0.0473
Epoch 87 Progress: 48% (477/989) - Loss: 0.0785
Epoch 87 Progress: 49% (486/989) - Loss: 0.1979
Epoch 87 Progress: 50% (495/989) - Loss: 0.0541
Epoch 87 Progress: 50% (504/989) - Loss: 0.0708
Epoch 87 Progress: 51% (513/989) - Loss: 0.0811
Epoch 87 Progress: 52% (522/989) - Loss: 0.0442
Epoch 87 Progress: 53% (531/989) - Loss: 0.1619
Epoch 87 Progress: 54% (540/989) - Loss: 0.1519
Epoch 87 Progress: 55% (549/989) - Loss: 0.0879
Epoch 87 Progress: 56% (558/989) - Loss: 0.0669
Epoch 87 Progress: 57% (567/989) - Loss: 0.1330
Epoch 87 Progress: 58% (576/989) - Loss: 0.0663
Epoch 87 Progress: 59% (585/989) - Loss: 0.0570
Epoch 87 Progress: 60% (594/989) - Loss: 0.2321
Epoch 87 Progress: 60% (603/989) - Loss: 0.1635
Epoch 87 Progress: 61% (612/989) - Loss: 0.0745
Epoch 87 Progress: 62% (621/989) - Loss: 0.1050
Epoch 87 Progress: 63% (630/989) - Loss: 0.0761
Epoch 87 Progress: 64% (639/989) - Loss: 0.0920
Epoch 87 Progress: 65% (648/989) - Loss: 0.1353
Epoch 87 Progress: 66% (657/989) - Loss: 0.0689
Epoch 87 Progress: 67% (666/989) - Loss: 0.0760
Epoch 87 Progress: 68% (675/989) - Loss: 0.0630
Epoch 87 Progress: 69% (684/989) - Loss: 0.0645
Epoch 87 Progress: 70% (693/989) - Loss: 0.0645
Epoch 87 Progress: 70% (702/989) - Loss: 0.0950
Epoch 87 Progress: 71% (711/989) - Loss: 0.0754
Epoch 87 Progress: 72% (720/989) - Loss: 0.1025
Epoch 87 Progress: 73% (729/989) - Loss: 0.0668
Epoch 87 Progress: 74% (738/989) - Loss: 0.0930
Epoch 87 Progress: 75% (747/989) - Loss: 0.1512
Epoch 87 Progress: 76% (756/989) - Loss: 0.0901
Epoch 87 Progress: 77% (765/989) - Loss: 0.0972
Epoch 87 Progress: 78% (774/989) - Loss: 0.0855
Epoch 87 Progress: 79% (783/989) - Loss: 0.0555
Epoch 87 Progress: 80% (792/989) - Loss: 0.1865
Epoch 87 Progress: 80% (801/989) - Loss: 0.0575
Epoch 87 Progress: 81% (810/989) - Loss: 0.0830
Epoch 87 Progress: 82% (819/989) - Loss: 0.1417
Epoch 87 Progress: 83% (828/989) - Loss: 0.2148
Epoch 87 Progress: 84% (837/989) - Loss: 0.0919
Epoch 87 Progress: 85% (846/989) - Loss: 0.0639
Epoch 87 Progress: 86% (855/989) - Loss: 0.1023
Epoch 87 Progress: 87% (864/989) - Loss: 0.0574
Epoch 87 Progress: 88% (873/989) - Loss: 0.0738
Epoch 87 Progress: 89% (882/989) - Loss: 0.0918
Epoch 87 Progress: 90% (891/989) - Loss: 0.2291
Epoch 87 Progress: 91% (900/989) - Loss: 0.0465
Epoch 87 Progress: 91% (909/989) - Loss: 0.0652
Epoch 87 Progress: 92% (918/989) - Loss: 0.1523
Epoch 87 Progress: 93% (927/989) - Loss: 0.1213
Epoch 87 Progress: 94% (936/989) - Loss: 0.1354
Epoch 87 Progress: 95% (945/989) - Loss: 0.0299
Epoch 87 Progress: 96% (954/989) - Loss: 0.0745
Epoch 87 Progress: 97% (963/989) - Loss: 0.0703
Epoch 87 Progress: 98% (972/989) - Loss: 0.0807
Epoch 87 Progress: 99% (981/989) - Loss: 0.1973
Epoch 87 Progress: 100% (989/989) - Loss: 0.2045
Train Loss: 0.1137 | Val Loss: 0.1330 | Val Mean Dice: 0.8823
Dice WT: 0.9077 | Dice TC: 0.8884 | Dice ET: 0.8508
Peak RAM: 1357 MB | Peak VRAM: 26387 MB | Peak GPU Util: 100.0%

Epoch 88/100  LR=0.000002
Epoch 88 Progress: 0% (9/989) - Loss: 0.0904
Epoch 88 Progress: 1% (18/989) - Loss: 0.1413
Epoch 88 Progress: 2% (27/989) - Loss: 0.1494
Epoch 88 Progress: 3% (36/989) - Loss: 0.1119
Epoch 88 Progress: 4% (45/989) - Loss: 0.0910
Epoch 88 Progress: 5% (54/989) - Loss: 0.1129
Epoch 88 Progress: 6% (63/989) - Loss: 0.0645
Epoch 88 Progress: 7% (72/989) - Loss: 0.1940
Epoch 88 Progress: 8% (81/989) - Loss: 0.0604
Epoch 88 Progress: 9% (90/989) - Loss: 0.0351
Epoch 88 Progress: 10% (99/989) - Loss: 0.2721
Epoch 88 Progress: 10% (108/989) - Loss: 0.1499
Epoch 88 Progress: 11% (117/989) - Loss: 0.1053
Epoch 88 Progress: 12% (126/989) - Loss: 0.2007
Epoch 88 Progress: 13% (135/989) - Loss: 0.0559
Epoch 88 Progress: 14% (144/989) - Loss: 0.0814
Epoch 88 Progress: 15% (153/989) - Loss: 0.0552
Epoch 88 Progress: 16% (162/989) - Loss: 0.0707
Epoch 88 Progress: 17% (171/989) - Loss: 0.1071
Epoch 88 Progress: 18% (180/989) - Loss: 0.0733
Epoch 88 Progress: 19% (189/989) - Loss: 0.0766
Epoch 88 Progress: 20% (198/989) - Loss: 0.0463
Epoch 88 Progress: 20% (207/989) - Loss: 0.0703
Epoch 88 Progress: 21% (216/989) - Loss: 0.0815
Epoch 88 Progress: 22% (225/989) - Loss: 0.0698
Epoch 88 Progress: 23% (234/989) - Loss: 0.1199
Epoch 88 Progress: 24% (243/989) - Loss: 0.0775
Epoch 88 Progress: 25% (252/989) - Loss: 0.1879
Epoch 88 Progress: 26% (261/989) - Loss: 0.0506
Epoch 88 Progress: 27% (270/989) - Loss: 0.0402
Epoch 88 Progress: 28% (279/989) - Loss: 0.0728
Epoch 88 Progress: 29% (288/989) - Loss: 0.0646
Epoch 88 Progress: 30% (297/989) - Loss: 0.0848
Epoch 88 Progress: 30% (306/989) - Loss: 0.0955
Epoch 88 Progress: 31% (315/989) - Loss: 0.1054
Epoch 88 Progress: 32% (324/989) - Loss: 0.1162
Epoch 88 Progress: 33% (333/989) - Loss: 0.1077
Epoch 88 Progress: 34% (342/989) - Loss: 0.0640
Epoch 88 Progress: 35% (351/989) - Loss: 0.0826
Epoch 88 Progress: 36% (360/989) - Loss: 0.0277
Epoch 88 Progress: 37% (369/989) - Loss: 0.1439
Epoch 88 Progress: 38% (378/989) - Loss: 0.1295
Epoch 88 Progress: 39% (387/989) - Loss: 0.0996
Epoch 88 Progress: 40% (396/989) - Loss: 0.1440
Epoch 88 Progress: 40% (405/989) - Loss: 0.0488
Epoch 88 Progress: 41% (414/989) - Loss: 0.0704
Epoch 88 Progress: 42% (423/989) - Loss: 0.0623
Epoch 88 Progress: 43% (432/989) - Loss: 0.0807
Epoch 88 Progress: 44% (441/989) - Loss: 0.0834
Epoch 88 Progress: 45% (450/989) - Loss: 0.1172
Epoch 88 Progress: 46% (459/989) - Loss: 0.0422
Epoch 88 Progress: 47% (468/989) - Loss: 0.1013
Epoch 88 Progress: 48% (477/989) - Loss: 0.1359
Epoch 88 Progress: 49% (486/989) - Loss: 0.0653
Epoch 88 Progress: 50% (495/989) - Loss: 0.0705
Epoch 88 Progress: 50% (504/989) - Loss: 0.0881
Epoch 88 Progress: 51% (513/989) - Loss: 0.0628
Epoch 88 Progress: 52% (522/989) - Loss: 0.1019
Epoch 88 Progress: 53% (531/989) - Loss: 0.1337
Epoch 88 Progress: 54% (540/989) - Loss: 0.0623
Epoch 88 Progress: 55% (549/989) - Loss: 0.0564
Epoch 88 Progress: 56% (558/989) - Loss: 0.0734
Epoch 88 Progress: 57% (567/989) - Loss: 0.0571
Epoch 88 Progress: 58% (576/989) - Loss: 0.0391
Epoch 88 Progress: 59% (585/989) - Loss: 0.1218
Epoch 88 Progress: 60% (594/989) - Loss: 0.1374
Epoch 88 Progress: 60% (603/989) - Loss: 0.0986
Epoch 88 Progress: 61% (612/989) - Loss: 0.0981
Epoch 88 Progress: 62% (621/989) - Loss: 0.1946
Epoch 88 Progress: 63% (630/989) - Loss: 0.0570
Epoch 88 Progress: 64% (639/989) - Loss: 0.0669
Epoch 88 Progress: 65% (648/989) - Loss: 0.0518
Epoch 88 Progress: 66% (657/989) - Loss: 0.0428
Epoch 88 Progress: 67% (666/989) - Loss: 0.0963
Epoch 88 Progress: 68% (675/989) - Loss: 0.1165
Epoch 88 Progress: 69% (684/989) - Loss: 0.1159
Epoch 88 Progress: 70% (693/989) - Loss: 0.0456
Epoch 88 Progress: 70% (702/989) - Loss: 0.1233
Epoch 88 Progress: 71% (711/989) - Loss: 0.0812
Epoch 88 Progress: 72% (720/989) - Loss: 0.0821
Epoch 88 Progress: 73% (729/989) - Loss: 0.0447
Epoch 88 Progress: 74% (738/989) - Loss: 0.1288
Epoch 88 Progress: 75% (747/989) - Loss: 0.2530
Epoch 88 Progress: 76% (756/989) - Loss: 0.1938
Epoch 88 Progress: 77% (765/989) - Loss: 0.1397
Epoch 88 Progress: 78% (774/989) - Loss: 0.0518
Epoch 88 Progress: 79% (783/989) - Loss: 0.4722
Epoch 88 Progress: 80% (792/989) - Loss: 0.1155
Epoch 88 Progress: 80% (801/989) - Loss: 0.0991
Epoch 88 Progress: 81% (810/989) - Loss: 0.1247
Epoch 88 Progress: 82% (819/989) - Loss: 0.0928
Epoch 88 Progress: 83% (828/989) - Loss: 0.0938
Epoch 88 Progress: 84% (837/989) - Loss: 0.1084
Epoch 88 Progress: 85% (846/989) - Loss: 0.0749
Epoch 88 Progress: 86% (855/989) - Loss: 0.4051
Epoch 88 Progress: 87% (864/989) - Loss: 0.2443
Epoch 88 Progress: 88% (873/989) - Loss: 0.0867
Epoch 88 Progress: 89% (882/989) - Loss: 0.0499
Epoch 88 Progress: 90% (891/989) - Loss: 0.0781
Epoch 88 Progress: 91% (900/989) - Loss: 0.1162
Epoch 88 Progress: 91% (909/989) - Loss: 0.1209
Epoch 88 Progress: 92% (918/989) - Loss: 0.1024
Epoch 88 Progress: 93% (927/989) - Loss: 0.0847
Epoch 88 Progress: 94% (936/989) - Loss: 0.7433
Epoch 88 Progress: 95% (945/989) - Loss: 0.1028
Epoch 88 Progress: 96% (954/989) - Loss: 0.0672
Epoch 88 Progress: 97% (963/989) - Loss: 0.0647
Epoch 88 Progress: 98% (972/989) - Loss: 0.0435
Epoch 88 Progress: 99% (981/989) - Loss: 0.0511
Epoch 88 Progress: 100% (989/989) - Loss: 0.0586
Train Loss: 0.1117 | Val Loss: 0.1314 | Val Mean Dice: 0.8834
Dice WT: 0.9080 | Dice TC: 0.8894 | Dice ET: 0.8527
Peak RAM: 1357 MB | Peak VRAM: 26387 MB | Peak GPU Util: 100.0%

Epoch 89/100  LR=0.000002
Epoch 89 Progress: 0% (9/989) - Loss: 0.0662
Epoch 89 Progress: 1% (18/989) - Loss: 0.1986
Epoch 89 Progress: 2% (27/989) - Loss: 0.1377
Epoch 89 Progress: 3% (36/989) - Loss: 0.0432
Epoch 89 Progress: 4% (45/989) - Loss: 0.1227
Epoch 89 Progress: 5% (54/989) - Loss: 0.0632
Epoch 89 Progress: 6% (63/989) - Loss: 0.1631
Epoch 89 Progress: 7% (72/989) - Loss: 0.1028
Epoch 89 Progress: 8% (81/989) - Loss: 0.1220
Epoch 89 Progress: 9% (90/989) - Loss: 0.0757
Epoch 89 Progress: 10% (99/989) - Loss: 0.2080
Epoch 89 Progress: 10% (108/989) - Loss: 0.0809
Epoch 89 Progress: 11% (117/989) - Loss: 0.1437
Epoch 89 Progress: 12% (126/989) - Loss: 0.0734
Epoch 89 Progress: 13% (135/989) - Loss: 0.0985
Epoch 89 Progress: 14% (144/989) - Loss: 0.0994
Epoch 89 Progress: 15% (153/989) - Loss: 0.0413
Epoch 89 Progress: 16% (162/989) - Loss: 0.0615
Epoch 89 Progress: 17% (171/989) - Loss: 0.0747
Epoch 89 Progress: 18% (180/989) - Loss: 0.1074
Epoch 89 Progress: 19% (189/989) - Loss: 0.0713
Epoch 89 Progress: 20% (198/989) - Loss: 0.1656
Epoch 89 Progress: 20% (207/989) - Loss: 0.0676
Epoch 89 Progress: 21% (216/989) - Loss: 0.0662
Epoch 89 Progress: 22% (225/989) - Loss: 0.0985
Epoch 89 Progress: 23% (234/989) - Loss: 0.0866
Epoch 89 Progress: 24% (243/989) - Loss: 0.1058
Epoch 89 Progress: 25% (252/989) - Loss: 0.0605
Epoch 89 Progress: 26% (261/989) - Loss: 0.0484
Epoch 89 Progress: 27% (270/989) - Loss: 0.1038
Epoch 89 Progress: 28% (279/989) - Loss: 0.0577
Epoch 89 Progress: 29% (288/989) - Loss: 0.1283
Epoch 89 Progress: 30% (297/989) - Loss: 0.0530
Epoch 89 Progress: 30% (306/989) - Loss: 0.0811
Epoch 89 Progress: 31% (315/989) - Loss: 0.4421
Epoch 89 Progress: 32% (324/989) - Loss: 0.0596
Epoch 89 Progress: 33% (333/989) - Loss: 0.0767
Epoch 89 Progress: 34% (342/989) - Loss: 0.2307
Epoch 89 Progress: 35% (351/989) - Loss: 0.0912
Epoch 89 Progress: 36% (360/989) - Loss: 0.0587
Epoch 89 Progress: 37% (369/989) - Loss: 0.1114
Epoch 89 Progress: 38% (378/989) - Loss: 0.0965
Epoch 89 Progress: 39% (387/989) - Loss: 0.2387
Epoch 89 Progress: 40% (396/989) - Loss: 0.0655
Epoch 89 Progress: 40% (405/989) - Loss: 0.2155
Epoch 89 Progress: 41% (414/989) - Loss: 0.1960
Epoch 89 Progress: 42% (423/989) - Loss: 0.0585
Epoch 89 Progress: 43% (432/989) - Loss: 0.1751
Epoch 89 Progress: 44% (441/989) - Loss: 0.1084
Epoch 89 Progress: 45% (450/989) - Loss: 0.0603
Epoch 89 Progress: 46% (459/989) - Loss: 0.1036
Epoch 89 Progress: 47% (468/989) - Loss: 0.1409
Epoch 89 Progress: 48% (477/989) - Loss: 0.4172
Epoch 89 Progress: 49% (486/989) - Loss: 0.0364
Epoch 89 Progress: 50% (495/989) - Loss: 0.1441
Epoch 89 Progress: 50% (504/989) - Loss: 0.0719
Epoch 89 Progress: 51% (513/989) - Loss: 0.1856
Epoch 89 Progress: 52% (522/989) - Loss: 0.0946
Epoch 89 Progress: 53% (531/989) - Loss: 0.1116
Epoch 89 Progress: 54% (540/989) - Loss: 0.0588
Epoch 89 Progress: 55% (549/989) - Loss: 0.1152
Epoch 89 Progress: 56% (558/989) - Loss: 0.4068
Epoch 89 Progress: 57% (567/989) - Loss: 0.0404
Epoch 89 Progress: 58% (576/989) - Loss: 0.0690
Epoch 89 Progress: 59% (585/989) - Loss: 0.0508
Epoch 89 Progress: 60% (594/989) - Loss: 0.0466
Epoch 89 Progress: 60% (603/989) - Loss: 0.1905
Epoch 89 Progress: 61% (612/989) - Loss: 0.0757
Epoch 89 Progress: 62% (621/989) - Loss: 0.0580
Epoch 89 Progress: 63% (630/989) - Loss: 0.0790
Epoch 89 Progress: 64% (639/989) - Loss: 0.1192
Epoch 89 Progress: 65% (648/989) - Loss: 0.0785
Epoch 89 Progress: 66% (657/989) - Loss: 0.1992
Epoch 89 Progress: 67% (666/989) - Loss: 0.0789
Epoch 89 Progress: 68% (675/989) - Loss: 0.1349
Epoch 89 Progress: 69% (684/989) - Loss: 0.0663
Epoch 89 Progress: 70% (693/989) - Loss: 0.1122
Epoch 89 Progress: 70% (702/989) - Loss: 0.0998
Epoch 89 Progress: 71% (711/989) - Loss: 0.1172
Epoch 89 Progress: 72% (720/989) - Loss: 0.0671
Epoch 89 Progress: 73% (729/989) - Loss: 0.0744
Epoch 89 Progress: 74% (738/989) - Loss: 0.0355
Epoch 89 Progress: 75% (747/989) - Loss: 0.1381
Epoch 89 Progress: 76% (756/989) - Loss: 0.0601
Epoch 89 Progress: 77% (765/989) - Loss: 0.1524
Epoch 89 Progress: 78% (774/989) - Loss: 0.1334
Epoch 89 Progress: 79% (783/989) - Loss: 0.1009
Epoch 89 Progress: 80% (792/989) - Loss: 0.0867
Epoch 89 Progress: 80% (801/989) - Loss: 0.0403
Epoch 89 Progress: 81% (810/989) - Loss: 0.0925
Epoch 89 Progress: 82% (819/989) - Loss: 0.1058
Epoch 89 Progress: 83% (828/989) - Loss: 0.0894
Epoch 89 Progress: 84% (837/989) - Loss: 0.1426
Epoch 89 Progress: 85% (846/989) - Loss: 0.0567
Epoch 89 Progress: 86% (855/989) - Loss: 0.0677
Epoch 89 Progress: 87% (864/989) - Loss: 0.1352
Epoch 89 Progress: 88% (873/989) - Loss: 0.0509
Epoch 89 Progress: 89% (882/989) - Loss: 0.1042
Epoch 89 Progress: 90% (891/989) - Loss: 0.0926
Epoch 89 Progress: 91% (900/989) - Loss: 0.4201
Epoch 89 Progress: 91% (909/989) - Loss: 0.1390
Epoch 89 Progress: 92% (918/989) - Loss: 0.2512
Epoch 89 Progress: 93% (927/989) - Loss: 0.0871
Epoch 89 Progress: 94% (936/989) - Loss: 0.0221
Epoch 89 Progress: 95% (945/989) - Loss: 0.0926
Epoch 89 Progress: 96% (954/989) - Loss: 0.0465
Epoch 89 Progress: 97% (963/989) - Loss: 0.1015
Epoch 89 Progress: 98% (972/989) - Loss: 0.1940
Epoch 89 Progress: 99% (981/989) - Loss: 0.1316
Epoch 89 Progress: 100% (989/989) - Loss: 0.0433
Train Loss: 0.1117 | Val Loss: 0.1306 | Val Mean Dice: 0.8840
Dice WT: 0.9080 | Dice TC: 0.8914 | Dice ET: 0.8525
Peak RAM: 1357 MB | Peak VRAM: 26387 MB | Peak GPU Util: 100.0%

Epoch 90/100  LR=0.000002
Epoch 90 Progress: 0% (9/989) - Loss: 0.0315
Epoch 90 Progress: 1% (18/989) - Loss: 0.4070
Epoch 90 Progress: 2% (27/989) - Loss: 0.0932
Epoch 90 Progress: 3% (36/989) - Loss: 0.1143
Epoch 90 Progress: 4% (45/989) - Loss: 0.1968
Epoch 90 Progress: 5% (54/989) - Loss: 0.0526
Epoch 90 Progress: 6% (63/989) - Loss: 0.1224
Epoch 90 Progress: 7% (72/989) - Loss: 0.0902
Epoch 90 Progress: 8% (81/989) - Loss: 0.0779
Epoch 90 Progress: 9% (90/989) - Loss: 0.0495
Epoch 90 Progress: 10% (99/989) - Loss: 0.0823
Epoch 90 Progress: 10% (108/989) - Loss: 0.0758
Epoch 90 Progress: 11% (117/989) - Loss: 0.0933
Epoch 90 Progress: 12% (126/989) - Loss: 0.1986
Epoch 90 Progress: 13% (135/989) - Loss: 0.0444
Epoch 90 Progress: 14% (144/989) - Loss: 0.0658
Epoch 90 Progress: 15% (153/989) - Loss: 0.0568
Epoch 90 Progress: 16% (162/989) - Loss: 0.1294
Epoch 90 Progress: 17% (171/989) - Loss: 0.0895
Epoch 90 Progress: 18% (180/989) - Loss: 0.0773
Epoch 90 Progress: 19% (189/989) - Loss: 0.0275
Epoch 90 Progress: 20% (198/989) - Loss: 0.1423
Epoch 90 Progress: 20% (207/989) - Loss: 0.1020
Epoch 90 Progress: 21% (216/989) - Loss: 0.0919
Epoch 90 Progress: 22% (225/989) - Loss: 0.1004
Epoch 90 Progress: 23% (234/989) - Loss: 0.1011
Epoch 90 Progress: 24% (243/989) - Loss: 0.0822
Epoch 90 Progress: 25% (252/989) - Loss: 0.1157
Epoch 90 Progress: 26% (261/989) - Loss: 0.0319
Epoch 90 Progress: 27% (270/989) - Loss: 0.1823
Epoch 90 Progress: 28% (279/989) - Loss: 0.1071
Epoch 90 Progress: 29% (288/989) - Loss: 0.1393
Epoch 90 Progress: 30% (297/989) - Loss: 0.1107
Epoch 90 Progress: 30% (306/989) - Loss: 0.1111
Epoch 90 Progress: 31% (315/989) - Loss: 0.1248
Epoch 90 Progress: 32% (324/989) - Loss: 0.0823
Epoch 90 Progress: 33% (333/989) - Loss: 0.0456
Epoch 90 Progress: 34% (342/989) - Loss: 0.0703
Epoch 90 Progress: 35% (351/989) - Loss: 0.0667
Epoch 90 Progress: 36% (360/989) - Loss: 0.1085
Epoch 90 Progress: 37% (369/989) - Loss: 0.0668
Epoch 90 Progress: 38% (378/989) - Loss: 0.0423
Epoch 90 Progress: 39% (387/989) - Loss: 0.1273
Epoch 90 Progress: 40% (396/989) - Loss: 0.0547
Epoch 90 Progress: 40% (405/989) - Loss: 0.1376
Epoch 90 Progress: 41% (414/989) - Loss: 0.1223
Epoch 90 Progress: 42% (423/989) - Loss: 0.1263
Epoch 90 Progress: 43% (432/989) - Loss: 0.0582
Epoch 90 Progress: 44% (441/989) - Loss: 0.0818
Epoch 90 Progress: 45% (450/989) - Loss: 0.0586
Epoch 90 Progress: 46% (459/989) - Loss: 0.0641
Epoch 90 Progress: 47% (468/989) - Loss: 0.2751
Epoch 90 Progress: 48% (477/989) - Loss: 0.0705
Epoch 90 Progress: 49% (486/989) - Loss: 0.0428
Epoch 90 Progress: 50% (495/989) - Loss: 0.0973
Epoch 90 Progress: 50% (504/989) - Loss: 0.0362
Epoch 90 Progress: 51% (513/989) - Loss: 0.1105
Epoch 90 Progress: 52% (522/989) - Loss: 0.0674
Epoch 90 Progress: 53% (531/989) - Loss: 0.1093
Epoch 90 Progress: 54% (540/989) - Loss: 0.0755
Epoch 90 Progress: 55% (549/989) - Loss: 0.0362
Epoch 90 Progress: 56% (558/989) - Loss: 0.1010
Epoch 90 Progress: 57% (567/989) - Loss: 0.1068
Epoch 90 Progress: 58% (576/989) - Loss: 0.1471
Epoch 90 Progress: 59% (585/989) - Loss: 0.1263
Epoch 90 Progress: 60% (594/989) - Loss: 0.1185
Epoch 90 Progress: 60% (603/989) - Loss: 0.0795
Epoch 90 Progress: 61% (612/989) - Loss: 0.0962
Epoch 90 Progress: 62% (621/989) - Loss: 0.0489
Epoch 90 Progress: 63% (630/989) - Loss: 0.0997
Epoch 90 Progress: 64% (639/989) - Loss: 0.2505
Epoch 90 Progress: 65% (648/989) - Loss: 0.1144
Epoch 90 Progress: 66% (657/989) - Loss: 0.1027
Epoch 90 Progress: 67% (666/989) - Loss: 0.1218
Epoch 90 Progress: 68% (675/989) - Loss: 0.1590
Epoch 90 Progress: 69% (684/989) - Loss: 0.0517
Epoch 90 Progress: 70% (693/989) - Loss: 0.1881
Epoch 90 Progress: 70% (702/989) - Loss: 0.0760
Epoch 90 Progress: 71% (711/989) - Loss: 0.0883
Epoch 90 Progress: 72% (720/989) - Loss: 0.0881
Epoch 90 Progress: 73% (729/989) - Loss: 0.1351
Epoch 90 Progress: 74% (738/989) - Loss: 0.1030
Epoch 90 Progress: 75% (747/989) - Loss: 0.0642
Epoch 90 Progress: 76% (756/989) - Loss: 0.4920
Epoch 90 Progress: 77% (765/989) - Loss: 0.0912
Epoch 90 Progress: 78% (774/989) - Loss: 0.1432
Epoch 90 Progress: 79% (783/989) - Loss: 0.0754
Epoch 90 Progress: 80% (792/989) - Loss: 0.1053
Epoch 90 Progress: 80% (801/989) - Loss: 0.0701
Epoch 90 Progress: 81% (810/989) - Loss: 0.5158
Epoch 90 Progress: 82% (819/989) - Loss: 0.0767
Epoch 90 Progress: 83% (828/989) - Loss: 0.0603
Epoch 90 Progress: 84% (837/989) - Loss: 0.1012
Epoch 90 Progress: 85% (846/989) - Loss: 0.1051
Epoch 90 Progress: 86% (855/989) - Loss: 0.0909
Epoch 90 Progress: 87% (864/989) - Loss: 0.1133
Epoch 90 Progress: 88% (873/989) - Loss: 0.0575
Epoch 90 Progress: 89% (882/989) - Loss: 0.1885
Epoch 90 Progress: 90% (891/989) - Loss: 0.0759
Epoch 90 Progress: 91% (900/989) - Loss: 0.0617
Epoch 90 Progress: 91% (909/989) - Loss: 0.1116
Epoch 90 Progress: 92% (918/989) - Loss: 0.0449
Epoch 90 Progress: 93% (927/989) - Loss: 0.1103
Epoch 90 Progress: 94% (936/989) - Loss: 0.0613
Epoch 90 Progress: 95% (945/989) - Loss: 0.1301
Epoch 90 Progress: 96% (954/989) - Loss: 0.1343
Epoch 90 Progress: 97% (963/989) - Loss: 0.0639
Epoch 90 Progress: 98% (972/989) - Loss: 0.0949
Epoch 90 Progress: 99% (981/989) - Loss: 0.1059
Epoch 90 Progress: 100% (989/989) - Loss: 0.0877
Train Loss: 0.1101 | Val Loss: 0.1317 | Val Mean Dice: 0.8821
Dice WT: 0.9067 | Dice TC: 0.8890 | Dice ET: 0.8506
Peak RAM: 1357 MB | Peak VRAM: 26387 MB | Peak GPU Util: 100.0%

Epoch 91/100  LR=0.000001
Epoch 91 Progress: 0% (9/989) - Loss: 0.0850
Epoch 91 Progress: 1% (18/989) - Loss: 0.0826
Epoch 91 Progress: 2% (27/989) - Loss: 0.0566
Epoch 91 Progress: 3% (36/989) - Loss: 0.0762
Epoch 91 Progress: 4% (45/989) - Loss: 0.1689
Epoch 91 Progress: 5% (54/989) - Loss: 0.1692
Epoch 91 Progress: 6% (63/989) - Loss: 0.2875
Epoch 91 Progress: 7% (72/989) - Loss: 0.1226
Epoch 91 Progress: 8% (81/989) - Loss: 0.0436
Epoch 91 Progress: 9% (90/989) - Loss: 0.0864
Epoch 91 Progress: 10% (99/989) - Loss: 0.0449
Epoch 91 Progress: 10% (108/989) - Loss: 0.0674
Epoch 91 Progress: 11% (117/989) - Loss: 0.1188
Epoch 91 Progress: 12% (126/989) - Loss: 0.0770
Epoch 91 Progress: 13% (135/989) - Loss: 0.1792
Epoch 91 Progress: 14% (144/989) - Loss: 0.0615
Epoch 91 Progress: 15% (153/989) - Loss: 0.0949
Epoch 91 Progress: 16% (162/989) - Loss: 0.0781
Epoch 91 Progress: 17% (171/989) - Loss: 0.0548
Epoch 91 Progress: 18% (180/989) - Loss: 0.0494
Epoch 91 Progress: 19% (189/989) - Loss: 0.0492
Epoch 91 Progress: 20% (198/989) - Loss: 0.4865
Epoch 91 Progress: 20% (207/989) - Loss: 0.2060
Epoch 91 Progress: 21% (216/989) - Loss: 0.1568
Epoch 91 Progress: 22% (225/989) - Loss: 0.1776
Epoch 91 Progress: 23% (234/989) - Loss: 0.4101
Epoch 91 Progress: 24% (243/989) - Loss: 0.0432
Epoch 91 Progress: 25% (252/989) - Loss: 0.1691
Epoch 91 Progress: 26% (261/989) - Loss: 0.0694
Epoch 91 Progress: 27% (270/989) - Loss: 0.2030
Epoch 91 Progress: 28% (279/989) - Loss: 0.0670
Epoch 91 Progress: 29% (288/989) - Loss: 0.0682
Epoch 91 Progress: 30% (297/989) - Loss: 0.0475
Epoch 91 Progress: 30% (306/989) - Loss: 0.0387
Epoch 91 Progress: 31% (315/989) - Loss: 0.0352
Epoch 91 Progress: 32% (324/989) - Loss: 0.0293
Epoch 91 Progress: 33% (333/989) - Loss: 0.0771
Epoch 91 Progress: 34% (342/989) - Loss: 0.0353
Epoch 91 Progress: 35% (351/989) - Loss: 0.0578
Epoch 91 Progress: 36% (360/989) - Loss: 0.0736
Epoch 91 Progress: 37% (369/989) - Loss: 0.0570
Epoch 91 Progress: 38% (378/989) - Loss: 0.0700
Epoch 91 Progress: 39% (387/989) - Loss: 0.0940
Epoch 91 Progress: 40% (396/989) - Loss: 0.0673
Epoch 91 Progress: 40% (405/989) - Loss: 0.0276
Epoch 91 Progress: 41% (414/989) - Loss: 0.0369
Epoch 91 Progress: 42% (423/989) - Loss: 0.0610
Epoch 91 Progress: 43% (432/989) - Loss: 0.1759
Epoch 91 Progress: 44% (441/989) - Loss: 0.0761
Epoch 91 Progress: 45% (450/989) - Loss: 0.1500
Epoch 91 Progress: 46% (459/989) - Loss: 0.2723
Epoch 91 Progress: 47% (468/989) - Loss: 0.0778
Epoch 91 Progress: 48% (477/989) - Loss: 0.0441
Epoch 91 Progress: 49% (486/989) - Loss: 0.0582
Epoch 91 Progress: 50% (495/989) - Loss: 0.0842
Epoch 91 Progress: 50% (504/989) - Loss: 0.0680
Epoch 91 Progress: 51% (513/989) - Loss: 0.0517
Epoch 91 Progress: 52% (522/989) - Loss: 0.0704
Epoch 91 Progress: 53% (531/989) - Loss: 0.4290
Epoch 91 Progress: 54% (540/989) - Loss: 0.2035
Epoch 91 Progress: 55% (549/989) - Loss: 0.1306
Epoch 91 Progress: 56% (558/989) - Loss: 0.1934
Epoch 91 Progress: 57% (567/989) - Loss: 0.1078
Epoch 91 Progress: 58% (576/989) - Loss: 0.1802
Epoch 91 Progress: 59% (585/989) - Loss: 0.1413
Epoch 91 Progress: 60% (594/989) - Loss: 0.2730
Epoch 91 Progress: 60% (603/989) - Loss: 0.1634
Epoch 91 Progress: 61% (612/989) - Loss: 0.1105
Epoch 91 Progress: 62% (621/989) - Loss: 0.0573
Epoch 91 Progress: 63% (630/989) - Loss: 0.1018
Epoch 91 Progress: 64% (639/989) - Loss: 0.2113
Epoch 91 Progress: 65% (648/989) - Loss: 0.0325
Epoch 91 Progress: 66% (657/989) - Loss: 0.1121
Epoch 91 Progress: 67% (666/989) - Loss: 0.0739
Epoch 91 Progress: 68% (675/989) - Loss: 0.0848
Epoch 91 Progress: 69% (684/989) - Loss: 0.0913
Epoch 91 Progress: 70% (693/989) - Loss: 0.1988
Epoch 91 Progress: 70% (702/989) - Loss: 0.0967
Epoch 91 Progress: 71% (711/989) - Loss: 0.0773
Epoch 91 Progress: 72% (720/989) - Loss: 0.0786
Epoch 91 Progress: 73% (729/989) - Loss: 0.1012
Epoch 91 Progress: 74% (738/989) - Loss: 0.1912
Epoch 91 Progress: 75% (747/989) - Loss: 0.1335
Epoch 91 Progress: 76% (756/989) - Loss: 0.0794
Epoch 91 Progress: 77% (765/989) - Loss: 0.1253
Epoch 91 Progress: 78% (774/989) - Loss: 0.0911
Epoch 91 Progress: 79% (783/989) - Loss: 0.0611
Epoch 91 Progress: 80% (792/989) - Loss: 0.2012
Epoch 91 Progress: 80% (801/989) - Loss: 0.1424
Epoch 91 Progress: 81% (810/989) - Loss: 0.4162
Epoch 91 Progress: 82% (819/989) - Loss: 0.0769
Epoch 91 Progress: 83% (828/989) - Loss: 0.0845
Epoch 91 Progress: 84% (837/989) - Loss: 0.0656
Epoch 91 Progress: 85% (846/989) - Loss: 0.0652
Epoch 91 Progress: 86% (855/989) - Loss: 0.0291
Epoch 91 Progress: 87% (864/989) - Loss: 0.0457
Epoch 91 Progress: 88% (873/989) - Loss: 0.0857
Epoch 91 Progress: 89% (882/989) - Loss: 0.1314
Epoch 91 Progress: 90% (891/989) - Loss: 0.4117
Epoch 91 Progress: 91% (900/989) - Loss: 0.0838
Epoch 91 Progress: 91% (909/989) - Loss: 0.1125
Epoch 91 Progress: 92% (918/989) - Loss: 0.0676
Epoch 91 Progress: 93% (927/989) - Loss: 0.0855
Epoch 91 Progress: 94% (936/989) - Loss: 0.0841
Epoch 91 Progress: 95% (945/989) - Loss: 0.0575
Epoch 91 Progress: 96% (954/989) - Loss: 0.1324
Epoch 91 Progress: 97% (963/989) - Loss: 0.0510
Epoch 91 Progress: 98% (972/989) - Loss: 0.0491
Epoch 91 Progress: 99% (981/989) - Loss: 0.0999
Epoch 91 Progress: 100% (989/989) - Loss: 0.0814
Train Loss: 0.1115 | Val Loss: 0.1319 | Val Mean Dice: 0.8823
Dice WT: 0.9066 | Dice TC: 0.8887 | Dice ET: 0.8517
Peak RAM: 1357 MB | Peak VRAM: 26387 MB | Peak GPU Util: 100.0%

Epoch 92/100  LR=0.000001
Epoch 92 Progress: 0% (9/989) - Loss: 0.0972
Epoch 92 Progress: 1% (18/989) - Loss: 0.1031
Epoch 92 Progress: 2% (27/989) - Loss: 0.0446
Epoch 92 Progress: 3% (36/989) - Loss: 0.1207
Epoch 92 Progress: 4% (45/989) - Loss: 0.0453
Epoch 92 Progress: 5% (54/989) - Loss: 0.1576
Epoch 92 Progress: 6% (63/989) - Loss: 0.0546
Epoch 92 Progress: 7% (72/989) - Loss: 0.1106
Epoch 92 Progress: 8% (81/989) - Loss: 0.0754
Epoch 92 Progress: 9% (90/989) - Loss: 0.0730
Epoch 92 Progress: 10% (99/989) - Loss: 0.1181
Epoch 92 Progress: 10% (108/989) - Loss: 0.1098
Epoch 92 Progress: 11% (117/989) - Loss: 0.1467
Epoch 92 Progress: 12% (126/989) - Loss: 0.0755
Epoch 92 Progress: 13% (135/989) - Loss: 0.0639
Epoch 92 Progress: 14% (144/989) - Loss: 0.2510
Epoch 92 Progress: 15% (153/989) - Loss: 0.1025
Epoch 92 Progress: 16% (162/989) - Loss: 0.0987
Epoch 92 Progress: 17% (171/989) - Loss: 0.1140
Epoch 92 Progress: 18% (180/989) - Loss: 0.0670
Epoch 92 Progress: 19% (189/989) - Loss: 0.0959
Epoch 92 Progress: 20% (198/989) - Loss: 0.0830
Epoch 92 Progress: 20% (207/989) - Loss: 0.0835
Epoch 92 Progress: 21% (216/989) - Loss: 0.0718
Epoch 92 Progress: 22% (225/989) - Loss: 0.0619
Epoch 92 Progress: 23% (234/989) - Loss: 0.2448
Epoch 92 Progress: 24% (243/989) - Loss: 0.0533
Epoch 92 Progress: 25% (252/989) - Loss: 0.0506
Epoch 92 Progress: 26% (261/989) - Loss: 0.2619
Epoch 92 Progress: 27% (270/989) - Loss: 0.1191
Epoch 92 Progress: 28% (279/989) - Loss: 0.0954
Epoch 92 Progress: 29% (288/989) - Loss: 0.0814
Epoch 92 Progress: 30% (297/989) - Loss: 0.0723
Epoch 92 Progress: 30% (306/989) - Loss: 0.0297
Epoch 92 Progress: 31% (315/989) - Loss: 0.0732
Epoch 92 Progress: 32% (324/989) - Loss: 0.0699
Epoch 92 Progress: 33% (333/989) - Loss: 0.0835
Epoch 92 Progress: 34% (342/989) - Loss: 0.0446
Epoch 92 Progress: 35% (351/989) - Loss: 0.1097
Epoch 92 Progress: 36% (360/989) - Loss: 0.0707
Epoch 92 Progress: 37% (369/989) - Loss: 0.1404
Epoch 92 Progress: 38% (378/989) - Loss: 0.2396
Epoch 92 Progress: 39% (387/989) - Loss: 0.0781
Epoch 92 Progress: 40% (396/989) - Loss: 0.1767
Epoch 92 Progress: 40% (405/989) - Loss: 0.4221
Epoch 92 Progress: 41% (414/989) - Loss: 0.0528
Epoch 92 Progress: 42% (423/989) - Loss: 0.0800
Epoch 92 Progress: 43% (432/989) - Loss: 0.0719
Epoch 92 Progress: 44% (441/989) - Loss: 0.3724
Epoch 92 Progress: 45% (450/989) - Loss: 0.0780
Epoch 92 Progress: 46% (459/989) - Loss: 0.1053
Epoch 92 Progress: 47% (468/989) - Loss: 0.0402
Epoch 92 Progress: 48% (477/989) - Loss: 0.0898
Epoch 92 Progress: 49% (486/989) - Loss: 0.1263
Epoch 92 Progress: 50% (495/989) - Loss: 0.0625
Epoch 92 Progress: 50% (504/989) - Loss: 0.0714
Epoch 92 Progress: 51% (513/989) - Loss: 0.0429
Epoch 92 Progress: 52% (522/989) - Loss: 0.1177
Epoch 92 Progress: 53% (531/989) - Loss: 0.1190
Epoch 92 Progress: 54% (540/989) - Loss: 0.0923
Epoch 92 Progress: 55% (549/989) - Loss: 0.0588
Epoch 92 Progress: 56% (558/989) - Loss: 0.0989
Epoch 92 Progress: 57% (567/989) - Loss: 0.0635
Epoch 92 Progress: 58% (576/989) - Loss: 0.1078
Epoch 92 Progress: 59% (585/989) - Loss: 0.1129
Epoch 92 Progress: 60% (594/989) - Loss: 0.0985
Epoch 92 Progress: 60% (603/989) - Loss: 0.0732
Epoch 92 Progress: 61% (612/989) - Loss: 0.1294
Epoch 92 Progress: 62% (621/989) - Loss: 0.1756
Epoch 92 Progress: 63% (630/989) - Loss: 0.2330
Epoch 92 Progress: 64% (639/989) - Loss: 0.0710
Epoch 92 Progress: 65% (648/989) - Loss: 0.0334
Epoch 92 Progress: 66% (657/989) - Loss: 0.0463
Epoch 92 Progress: 67% (666/989) - Loss: 0.0742
Epoch 92 Progress: 68% (675/989) - Loss: 0.1637
Epoch 92 Progress: 69% (684/989) - Loss: 0.0563
Epoch 92 Progress: 70% (693/989) - Loss: 0.1006
Epoch 92 Progress: 70% (702/989) - Loss: 0.0866
Epoch 92 Progress: 71% (711/989) - Loss: 0.0847
Epoch 92 Progress: 72% (720/989) - Loss: 0.0764
Epoch 92 Progress: 73% (729/989) - Loss: 0.0741
Epoch 92 Progress: 74% (738/989) - Loss: 0.0991
Epoch 92 Progress: 75% (747/989) - Loss: 0.1184
Epoch 92 Progress: 76% (756/989) - Loss: 0.0378
Epoch 92 Progress: 77% (765/989) - Loss: 0.0694
Epoch 92 Progress: 78% (774/989) - Loss: 0.0403
Epoch 92 Progress: 79% (783/989) - Loss: 0.0475
Epoch 92 Progress: 80% (792/989) - Loss: 0.1705
Epoch 92 Progress: 80% (801/989) - Loss: 0.0964
Epoch 92 Progress: 81% (810/989) - Loss: 0.1017
Epoch 92 Progress: 82% (819/989) - Loss: 0.4413
Epoch 92 Progress: 83% (828/989) - Loss: 0.0644
Epoch 92 Progress: 84% (837/989) - Loss: 0.0772
Epoch 92 Progress: 85% (846/989) - Loss: 0.0612
Epoch 92 Progress: 86% (855/989) - Loss: 0.0590
Epoch 92 Progress: 87% (864/989) - Loss: 0.1222
Epoch 92 Progress: 88% (873/989) - Loss: 0.1027
Epoch 92 Progress: 89% (882/989) - Loss: 0.0968
Epoch 92 Progress: 90% (891/989) - Loss: 0.1535
Epoch 92 Progress: 91% (900/989) - Loss: 0.0469
Epoch 92 Progress: 91% (909/989) - Loss: 0.0577
Epoch 92 Progress: 92% (918/989) - Loss: 0.1413
Epoch 92 Progress: 93% (927/989) - Loss: 0.1148
Epoch 92 Progress: 94% (936/989) - Loss: 0.0684
Epoch 92 Progress: 95% (945/989) - Loss: 0.0293
Epoch 92 Progress: 96% (954/989) - Loss: 0.1066
Epoch 92 Progress: 97% (963/989) - Loss: 0.0732
Epoch 92 Progress: 98% (972/989) - Loss: 0.0842
Epoch 92 Progress: 99% (981/989) - Loss: 0.0844
Epoch 92 Progress: 100% (989/989) - Loss: 0.0552
Train Loss: 0.1129 | Val Loss: 0.1309 | Val Mean Dice: 0.8829
Dice WT: 0.9071 | Dice TC: 0.8900 | Dice ET: 0.8516
Peak RAM: 1357 MB | Peak VRAM: 26387 MB | Peak GPU Util: 100.0%

Epoch 93/100  LR=0.000001
Epoch 93 Progress: 0% (9/989) - Loss: 0.0704
Epoch 93 Progress: 1% (18/989) - Loss: 0.1120
Epoch 93 Progress: 2% (27/989) - Loss: 0.1396
Epoch 93 Progress: 3% (36/989) - Loss: 0.1155
Epoch 93 Progress: 4% (45/989) - Loss: 0.1034
Epoch 93 Progress: 5% (54/989) - Loss: 0.1081
Epoch 93 Progress: 6% (63/989) - Loss: 0.0538
Epoch 93 Progress: 7% (72/989) - Loss: 0.0401
Epoch 93 Progress: 8% (81/989) - Loss: 0.1400
Epoch 93 Progress: 9% (90/989) - Loss: 0.0385
Epoch 93 Progress: 10% (99/989) - Loss: 0.0690
Epoch 93 Progress: 10% (108/989) - Loss: 0.0739
Epoch 93 Progress: 11% (117/989) - Loss: 0.0801
Epoch 93 Progress: 12% (126/989) - Loss: 0.1327
Epoch 93 Progress: 13% (135/989) - Loss: 0.0762
Epoch 93 Progress: 14% (144/989) - Loss: 0.1483
Epoch 93 Progress: 15% (153/989) - Loss: 0.0488
Epoch 93 Progress: 16% (162/989) - Loss: 0.1605
Epoch 93 Progress: 17% (171/989) - Loss: 0.0304
Epoch 93 Progress: 18% (180/989) - Loss: 0.1658
Epoch 93 Progress: 19% (189/989) - Loss: 0.1304
Epoch 93 Progress: 20% (198/989) - Loss: 0.1574
Epoch 93 Progress: 20% (207/989) - Loss: 0.0711
Epoch 93 Progress: 21% (216/989) - Loss: 0.1171
Epoch 93 Progress: 22% (225/989) - Loss: 0.1448
Epoch 93 Progress: 23% (234/989) - Loss: 0.0635
Epoch 93 Progress: 24% (243/989) - Loss: 0.1268
Epoch 93 Progress: 25% (252/989) - Loss: 0.1022
Epoch 93 Progress: 26% (261/989) - Loss: 0.0851
Epoch 93 Progress: 27% (270/989) - Loss: 0.1752
Epoch 93 Progress: 28% (279/989) - Loss: 0.1151
Epoch 93 Progress: 29% (288/989) - Loss: 0.0740
Epoch 93 Progress: 30% (297/989) - Loss: 0.4267
Epoch 93 Progress: 30% (306/989) - Loss: 0.0802
Epoch 93 Progress: 31% (315/989) - Loss: 0.0674
Epoch 93 Progress: 32% (324/989) - Loss: 0.0979
Epoch 93 Progress: 33% (333/989) - Loss: 0.0639
Epoch 93 Progress: 34% (342/989) - Loss: 0.0572
Epoch 93 Progress: 35% (351/989) - Loss: 0.1174
Epoch 93 Progress: 36% (360/989) - Loss: 0.1570
Epoch 93 Progress: 37% (369/989) - Loss: 0.0722
Epoch 93 Progress: 38% (378/989) - Loss: 0.0601
Epoch 93 Progress: 39% (387/989) - Loss: 0.0730
Epoch 93 Progress: 40% (396/989) - Loss: 0.1299
Epoch 93 Progress: 40% (405/989) - Loss: 0.0348
Epoch 93 Progress: 41% (414/989) - Loss: 0.0919
Epoch 93 Progress: 42% (423/989) - Loss: 0.0344
Epoch 93 Progress: 43% (432/989) - Loss: 0.0583
Epoch 93 Progress: 44% (441/989) - Loss: 0.0308
Epoch 93 Progress: 45% (450/989) - Loss: 0.0511
Epoch 93 Progress: 46% (459/989) - Loss: 0.1076
Epoch 93 Progress: 47% (468/989) - Loss: 0.1131
Epoch 93 Progress: 48% (477/989) - Loss: 0.0595
Epoch 93 Progress: 49% (486/989) - Loss: 0.0863
Epoch 93 Progress: 50% (495/989) - Loss: 0.0376
Epoch 93 Progress: 50% (504/989) - Loss: 0.0482
Epoch 93 Progress: 51% (513/989) - Loss: 0.0877
Epoch 93 Progress: 52% (522/989) - Loss: 0.0557
Epoch 93 Progress: 53% (531/989) - Loss: 0.4209
Epoch 93 Progress: 54% (540/989) - Loss: 0.0261
Epoch 93 Progress: 55% (549/989) - Loss: 0.0987
Epoch 93 Progress: 56% (558/989) - Loss: 0.1043
Epoch 93 Progress: 57% (567/989) - Loss: 0.0884
Epoch 93 Progress: 58% (576/989) - Loss: 0.0466
Epoch 93 Progress: 59% (585/989) - Loss: 0.0653
Epoch 93 Progress: 60% (594/989) - Loss: 0.0814
Epoch 93 Progress: 60% (603/989) - Loss: 0.0912
Epoch 93 Progress: 61% (612/989) - Loss: 0.0978
Epoch 93 Progress: 62% (621/989) - Loss: 0.1028
Epoch 93 Progress: 63% (630/989) - Loss: 0.0539
Epoch 93 Progress: 64% (639/989) - Loss: 0.0838
Epoch 93 Progress: 65% (648/989) - Loss: 0.7804
Epoch 93 Progress: 66% (657/989) - Loss: 0.0401
Epoch 93 Progress: 67% (666/989) - Loss: 0.1951
Epoch 93 Progress: 68% (675/989) - Loss: 0.1254
Epoch 93 Progress: 69% (684/989) - Loss: 0.2313
Epoch 93 Progress: 70% (693/989) - Loss: 0.0639
Epoch 93 Progress: 70% (702/989) - Loss: 0.1284
Epoch 93 Progress: 71% (711/989) - Loss: 0.0698
Epoch 93 Progress: 72% (720/989) - Loss: 0.0415
Epoch 93 Progress: 73% (729/989) - Loss: 0.1266
Epoch 93 Progress: 74% (738/989) - Loss: 0.0780
Epoch 93 Progress: 75% (747/989) - Loss: 0.1247
Epoch 93 Progress: 76% (756/989) - Loss: 0.0315
Epoch 93 Progress: 77% (765/989) - Loss: 0.4367
Epoch 93 Progress: 78% (774/989) - Loss: 0.2471
Epoch 93 Progress: 79% (783/989) - Loss: 0.1167
Epoch 93 Progress: 80% (792/989) - Loss: 0.1304
Epoch 93 Progress: 80% (801/989) - Loss: 0.0573
Epoch 93 Progress: 81% (810/989) - Loss: 0.0461
Epoch 93 Progress: 82% (819/989) - Loss: 0.1465
Epoch 93 Progress: 83% (828/989) - Loss: 0.0940
Epoch 93 Progress: 84% (837/989) - Loss: 0.2200
Epoch 93 Progress: 85% (846/989) - Loss: 0.1515
Epoch 93 Progress: 86% (855/989) - Loss: 0.0866
Epoch 93 Progress: 87% (864/989) - Loss: 0.0921
Epoch 93 Progress: 88% (873/989) - Loss: 0.0367
Epoch 93 Progress: 89% (882/989) - Loss: 0.1415
Epoch 93 Progress: 90% (891/989) - Loss: 0.0504
Epoch 93 Progress: 91% (900/989) - Loss: 0.0991
Epoch 93 Progress: 91% (909/989) - Loss: 0.1139
Epoch 93 Progress: 92% (918/989) - Loss: 0.0726
Epoch 93 Progress: 93% (927/989) - Loss: 0.1149
Epoch 93 Progress: 94% (936/989) - Loss: 0.0798
Epoch 93 Progress: 95% (945/989) - Loss: 0.0837
Epoch 93 Progress: 96% (954/989) - Loss: 0.1051
Epoch 93 Progress: 97% (963/989) - Loss: 0.4719
Epoch 93 Progress: 98% (972/989) - Loss: 0.0484
Epoch 93 Progress: 99% (981/989) - Loss: 0.1821
Epoch 93 Progress: 100% (989/989) - Loss: 0.1771
Train Loss: 0.1124 | Val Loss: 0.1310 | Val Mean Dice: 0.8829
Dice WT: 0.9074 | Dice TC: 0.8893 | Dice ET: 0.8520
Peak RAM: 1356 MB | Peak VRAM: 26387 MB | Peak GPU Util: 100.0%

Epoch 94/100  LR=0.000001
Epoch 94 Progress: 0% (9/989) - Loss: 0.1816
Epoch 94 Progress: 1% (18/989) - Loss: 0.0686
Epoch 94 Progress: 2% (27/989) - Loss: 0.0594
Epoch 94 Progress: 3% (36/989) - Loss: 0.0944
Epoch 94 Progress: 4% (45/989) - Loss: 0.0722
Epoch 94 Progress: 5% (54/989) - Loss: 0.0878
Epoch 94 Progress: 6% (63/989) - Loss: 0.0672
Epoch 94 Progress: 7% (72/989) - Loss: 0.1234
Epoch 94 Progress: 8% (81/989) - Loss: 0.0990
Epoch 94 Progress: 9% (90/989) - Loss: 0.0545
Epoch 94 Progress: 10% (99/989) - Loss: 0.2281
Epoch 94 Progress: 10% (108/989) - Loss: 0.1171
Epoch 94 Progress: 11% (117/989) - Loss: 0.0203
Epoch 94 Progress: 12% (126/989) - Loss: 0.1040
Epoch 94 Progress: 13% (135/989) - Loss: 0.1962
Epoch 94 Progress: 14% (144/989) - Loss: 0.0487
Epoch 94 Progress: 15% (153/989) - Loss: 0.0338
Epoch 94 Progress: 16% (162/989) - Loss: 0.0918
Epoch 94 Progress: 17% (171/989) - Loss: 0.1120
Epoch 94 Progress: 18% (180/989) - Loss: 0.1078
Epoch 94 Progress: 19% (189/989) - Loss: 0.0712
Epoch 94 Progress: 20% (198/989) - Loss: 0.0410
Epoch 94 Progress: 20% (207/989) - Loss: 0.2139
Epoch 94 Progress: 21% (216/989) - Loss: 0.0620
Epoch 94 Progress: 22% (225/989) - Loss: 0.0917
Epoch 94 Progress: 23% (234/989) - Loss: 0.0437
Epoch 94 Progress: 24% (243/989) - Loss: 0.1479
Epoch 94 Progress: 25% (252/989) - Loss: 0.1289
Epoch 94 Progress: 26% (261/989) - Loss: 0.0874
Epoch 94 Progress: 27% (270/989) - Loss: 0.0692
Epoch 94 Progress: 28% (279/989) - Loss: 0.2605
Epoch 94 Progress: 29% (288/989) - Loss: 0.1292
Epoch 94 Progress: 30% (297/989) - Loss: 0.0703
Epoch 94 Progress: 30% (306/989) - Loss: 0.3697
Epoch 94 Progress: 31% (315/989) - Loss: 0.0733
Epoch 94 Progress: 32% (324/989) - Loss: 0.1139
Epoch 94 Progress: 33% (333/989) - Loss: 0.1504
Epoch 94 Progress: 34% (342/989) - Loss: 0.1295
Epoch 94 Progress: 35% (351/989) - Loss: 0.1032
Epoch 94 Progress: 36% (360/989) - Loss: 0.1508
Epoch 94 Progress: 37% (369/989) - Loss: 0.0591
Epoch 94 Progress: 38% (378/989) - Loss: 0.0730
Epoch 94 Progress: 39% (387/989) - Loss: 0.1371
Epoch 94 Progress: 40% (396/989) - Loss: 0.1639
Epoch 94 Progress: 40% (405/989) - Loss: 0.0805
Epoch 94 Progress: 41% (414/989) - Loss: 0.0524
Epoch 94 Progress: 42% (423/989) - Loss: 0.0467
Epoch 94 Progress: 43% (432/989) - Loss: 0.1654
Epoch 94 Progress: 44% (441/989) - Loss: 0.0883
Epoch 94 Progress: 45% (450/989) - Loss: 0.1048
Epoch 94 Progress: 46% (459/989) - Loss: 0.4832
Epoch 94 Progress: 47% (468/989) - Loss: 0.1130
Epoch 94 Progress: 48% (477/989) - Loss: 0.0885
Epoch 94 Progress: 49% (486/989) - Loss: 0.0596
Epoch 94 Progress: 50% (495/989) - Loss: 0.0361
Epoch 94 Progress: 50% (504/989) - Loss: 0.1037
Epoch 94 Progress: 51% (513/989) - Loss: 0.0450
Epoch 94 Progress: 52% (522/989) - Loss: 0.0795
Epoch 94 Progress: 53% (531/989) - Loss: 0.0530
Epoch 94 Progress: 54% (540/989) - Loss: 0.0410
Epoch 94 Progress: 55% (549/989) - Loss: 0.1274
Epoch 94 Progress: 56% (558/989) - Loss: 0.0746
Epoch 94 Progress: 57% (567/989) - Loss: 0.2363
Epoch 94 Progress: 58% (576/989) - Loss: 0.0814
Epoch 94 Progress: 59% (585/989) - Loss: 0.0873
Epoch 94 Progress: 60% (594/989) - Loss: 0.0924
Epoch 94 Progress: 60% (603/989) - Loss: 0.0861
Epoch 94 Progress: 61% (612/989) - Loss: 0.0923
Epoch 94 Progress: 62% (621/989) - Loss: 0.0751
Epoch 94 Progress: 63% (630/989) - Loss: 0.0645
Epoch 94 Progress: 64% (639/989) - Loss: 0.1111
Epoch 94 Progress: 65% (648/989) - Loss: 0.1021
Epoch 94 Progress: 66% (657/989) - Loss: 0.1053
Epoch 94 Progress: 67% (666/989) - Loss: 0.1175
Epoch 94 Progress: 68% (675/989) - Loss: 0.0499
Epoch 94 Progress: 69% (684/989) - Loss: 0.0684
Epoch 94 Progress: 70% (693/989) - Loss: 0.0535
Epoch 94 Progress: 70% (702/989) - Loss: 0.0559
Epoch 94 Progress: 71% (711/989) - Loss: 0.0422
Epoch 94 Progress: 72% (720/989) - Loss: 0.0629
Epoch 94 Progress: 73% (729/989) - Loss: 0.0783
Epoch 94 Progress: 74% (738/989) - Loss: 0.1404
Epoch 94 Progress: 75% (747/989) - Loss: 0.1888
Epoch 94 Progress: 76% (756/989) - Loss: 0.0903
Epoch 94 Progress: 77% (765/989) - Loss: 0.1326
Epoch 94 Progress: 78% (774/989) - Loss: 0.0621
Epoch 94 Progress: 79% (783/989) - Loss: 0.1409
Epoch 94 Progress: 80% (792/989) - Loss: 0.1994
Epoch 94 Progress: 80% (801/989) - Loss: 0.0480
Epoch 94 Progress: 81% (810/989) - Loss: 0.2369
Epoch 94 Progress: 82% (819/989) - Loss: 0.1223
Epoch 94 Progress: 83% (828/989) - Loss: 0.0613
Epoch 94 Progress: 84% (837/989) - Loss: 0.1163
Epoch 94 Progress: 85% (846/989) - Loss: 0.2048
Epoch 94 Progress: 86% (855/989) - Loss: 0.0799
Epoch 94 Progress: 87% (864/989) - Loss: 0.1026
Epoch 94 Progress: 88% (873/989) - Loss: 0.0793
Epoch 94 Progress: 89% (882/989) - Loss: 0.0870
Epoch 94 Progress: 90% (891/989) - Loss: 0.0726
Epoch 94 Progress: 91% (900/989) - Loss: 0.0637
Epoch 94 Progress: 91% (909/989) - Loss: 0.0735
Epoch 94 Progress: 92% (918/989) - Loss: 0.2161
Epoch 94 Progress: 93% (927/989) - Loss: 0.0848
Epoch 94 Progress: 94% (936/989) - Loss: 0.1707
Epoch 94 Progress: 95% (945/989) - Loss: 0.1419
Epoch 94 Progress: 96% (954/989) - Loss: 0.0573
Epoch 94 Progress: 97% (963/989) - Loss: 0.0520
Epoch 94 Progress: 98% (972/989) - Loss: 0.0555
Epoch 94 Progress: 99% (981/989) - Loss: 0.1085
Epoch 94 Progress: 100% (989/989) - Loss: 0.1515
Train Loss: 0.1113 | Val Loss: 0.1315 | Val Mean Dice: 0.8825
Dice WT: 0.9069 | Dice TC: 0.8890 | Dice ET: 0.8516
Peak RAM: 1357 MB | Peak VRAM: 26387 MB | Peak GPU Util: 100.0%

Epoch 95/100  LR=0.000000
Epoch 95 Progress: 0% (9/989) - Loss: 0.2766
Epoch 95 Progress: 1% (18/989) - Loss: 0.0373
Epoch 95 Progress: 2% (27/989) - Loss: 0.2226
Epoch 95 Progress: 3% (36/989) - Loss: 0.1056
Epoch 95 Progress: 4% (45/989) - Loss: 0.0813
Epoch 95 Progress: 5% (54/989) - Loss: 0.0862
Epoch 95 Progress: 6% (63/989) - Loss: 0.0485
Epoch 95 Progress: 7% (72/989) - Loss: 0.0435
Epoch 95 Progress: 8% (81/989) - Loss: 0.0731
Epoch 95 Progress: 9% (90/989) - Loss: 0.1988
Epoch 95 Progress: 10% (99/989) - Loss: 0.0339
Epoch 95 Progress: 10% (108/989) - Loss: 0.0473
Epoch 95 Progress: 11% (117/989) - Loss: 0.1376
Epoch 95 Progress: 12% (126/989) - Loss: 0.4622
Epoch 95 Progress: 13% (135/989) - Loss: 0.0910
Epoch 95 Progress: 14% (144/989) - Loss: 0.0703
Epoch 95 Progress: 15% (153/989) - Loss: 0.0668
Epoch 95 Progress: 16% (162/989) - Loss: 0.1098
Epoch 95 Progress: 17% (171/989) - Loss: 0.0992
Epoch 95 Progress: 18% (180/989) - Loss: 0.0873
Epoch 95 Progress: 19% (189/989) - Loss: 0.2921
Epoch 95 Progress: 20% (198/989) - Loss: 0.1446
Epoch 95 Progress: 20% (207/989) - Loss: 0.0460
Epoch 95 Progress: 21% (216/989) - Loss: 0.0625
Epoch 95 Progress: 22% (225/989) - Loss: 0.0364
Epoch 95 Progress: 23% (234/989) - Loss: 0.0746
Epoch 95 Progress: 24% (243/989) - Loss: 0.1753
Epoch 95 Progress: 25% (252/989) - Loss: 0.0987
Epoch 95 Progress: 26% (261/989) - Loss: 0.0922
Epoch 95 Progress: 27% (270/989) - Loss: 0.0688
Epoch 95 Progress: 28% (279/989) - Loss: 0.1190
Epoch 95 Progress: 29% (288/989) - Loss: 0.0640
Epoch 95 Progress: 30% (297/989) - Loss: 0.1020
Epoch 95 Progress: 30% (306/989) - Loss: 0.1977
Epoch 95 Progress: 31% (315/989) - Loss: 0.1201
Epoch 95 Progress: 32% (324/989) - Loss: 0.1412
Epoch 95 Progress: 33% (333/989) - Loss: 0.0968
Epoch 95 Progress: 34% (342/989) - Loss: 0.1111
Epoch 95 Progress: 35% (351/989) - Loss: 0.0579
Epoch 95 Progress: 36% (360/989) - Loss: 0.0671
Epoch 95 Progress: 37% (369/989) - Loss: 0.0368
Epoch 95 Progress: 38% (378/989) - Loss: 0.1012
Epoch 95 Progress: 39% (387/989) - Loss: 0.0593
Epoch 95 Progress: 40% (396/989) - Loss: 0.0958
Epoch 95 Progress: 40% (405/989) - Loss: 0.0532
Epoch 95 Progress: 41% (414/989) - Loss: 0.1624
Epoch 95 Progress: 42% (423/989) - Loss: 0.0792
Epoch 95 Progress: 43% (432/989) - Loss: 0.0660
Epoch 95 Progress: 44% (441/989) - Loss: 0.0380
Epoch 95 Progress: 45% (450/989) - Loss: 0.1675
Epoch 95 Progress: 46% (459/989) - Loss: 0.4165
Epoch 95 Progress: 47% (468/989) - Loss: 0.1428
Epoch 95 Progress: 48% (477/989) - Loss: 0.0163
Epoch 95 Progress: 49% (486/989) - Loss: 0.0529
Epoch 95 Progress: 50% (495/989) - Loss: 0.0931
Epoch 95 Progress: 50% (504/989) - Loss: 0.0853
Epoch 95 Progress: 51% (513/989) - Loss: 0.0683
Epoch 95 Progress: 52% (522/989) - Loss: 0.1846
Epoch 95 Progress: 53% (531/989) - Loss: 0.0641
Epoch 95 Progress: 54% (540/989) - Loss: 0.1015
Epoch 95 Progress: 55% (549/989) - Loss: 0.0741
Epoch 95 Progress: 56% (558/989) - Loss: 0.0562
Epoch 95 Progress: 57% (567/989) - Loss: 0.1201
Epoch 95 Progress: 58% (576/989) - Loss: 0.1153
Epoch 95 Progress: 59% (585/989) - Loss: 0.1100
Epoch 95 Progress: 60% (594/989) - Loss: 0.0772
Epoch 95 Progress: 60% (603/989) - Loss: 0.0409
Epoch 95 Progress: 61% (612/989) - Loss: 0.1041
Epoch 95 Progress: 62% (621/989) - Loss: 0.0883
Epoch 95 Progress: 63% (630/989) - Loss: 0.0406
Epoch 95 Progress: 64% (639/989) - Loss: 0.1070
Epoch 95 Progress: 65% (648/989) - Loss: 0.0532
Epoch 95 Progress: 66% (657/989) - Loss: 0.1099
Epoch 95 Progress: 67% (666/989) - Loss: 0.0791
Epoch 95 Progress: 68% (675/989) - Loss: 0.1752
Epoch 95 Progress: 69% (684/989) - Loss: 0.0474
Epoch 95 Progress: 70% (693/989) - Loss: 0.0931
Epoch 95 Progress: 70% (702/989) - Loss: 0.0396
Epoch 95 Progress: 71% (711/989) - Loss: 0.1011
Epoch 95 Progress: 72% (720/989) - Loss: 0.0362
Epoch 95 Progress: 73% (729/989) - Loss: 0.1634
Epoch 95 Progress: 74% (738/989) - Loss: 0.0566
Epoch 95 Progress: 75% (747/989) - Loss: 0.1297
Epoch 95 Progress: 76% (756/989) - Loss: 0.1220
Epoch 95 Progress: 77% (765/989) - Loss: 0.0309
Epoch 95 Progress: 78% (774/989) - Loss: 0.0303
Epoch 95 Progress: 79% (783/989) - Loss: 0.1091
Epoch 95 Progress: 80% (792/989) - Loss: 0.1250
Epoch 95 Progress: 80% (801/989) - Loss: 0.4178
Epoch 95 Progress: 81% (810/989) - Loss: 0.0626
Epoch 95 Progress: 82% (819/989) - Loss: 0.0752
Epoch 95 Progress: 83% (828/989) - Loss: 0.2449
Epoch 95 Progress: 84% (837/989) - Loss: 0.0959
Epoch 95 Progress: 85% (846/989) - Loss: 0.0967
Epoch 95 Progress: 86% (855/989) - Loss: 0.0624
Epoch 95 Progress: 87% (864/989) - Loss: 0.1355
Epoch 95 Progress: 88% (873/989) - Loss: 0.1962
Epoch 95 Progress: 89% (882/989) - Loss: 0.1205
Epoch 95 Progress: 90% (891/989) - Loss: 0.0341
Epoch 95 Progress: 91% (900/989) - Loss: 0.0923
Epoch 95 Progress: 91% (909/989) - Loss: 0.0733
Epoch 95 Progress: 92% (918/989) - Loss: 0.0529
Epoch 95 Progress: 93% (927/989) - Loss: 0.0606
Epoch 95 Progress: 94% (936/989) - Loss: 0.0800
Epoch 95 Progress: 95% (945/989) - Loss: 0.0721
Epoch 95 Progress: 96% (954/989) - Loss: 0.1353
Epoch 95 Progress: 97% (963/989) - Loss: 0.1204
Epoch 95 Progress: 98% (972/989) - Loss: 0.1031
Epoch 95 Progress: 99% (981/989) - Loss: 0.1001
Epoch 95 Progress: 100% (989/989) - Loss: 0.1300
Train Loss: 0.1120 | Val Loss: 0.1313 | Val Mean Dice: 0.8825
Dice WT: 0.9069 | Dice TC: 0.8892 | Dice ET: 0.8514
Peak RAM: 1357 MB | Peak VRAM: 26387 MB | Peak GPU Util: 100.0%

Epoch 96/100  LR=0.000000
Epoch 96 Progress: 0% (9/989) - Loss: 0.1149
Epoch 96 Progress: 1% (18/989) - Loss: 0.0339
Epoch 96 Progress: 2% (27/989) - Loss: 0.1659
Epoch 96 Progress: 3% (36/989) - Loss: 0.1032
Epoch 96 Progress: 4% (45/989) - Loss: 0.0447
Epoch 96 Progress: 5% (54/989) - Loss: 0.0706
Epoch 96 Progress: 6% (63/989) - Loss: 0.1106
Epoch 96 Progress: 7% (72/989) - Loss: 0.0370
Epoch 96 Progress: 8% (81/989) - Loss: 0.0733
Epoch 96 Progress: 9% (90/989) - Loss: 0.1616
Epoch 96 Progress: 10% (99/989) - Loss: 0.0570
Epoch 96 Progress: 10% (108/989) - Loss: 0.1154
Epoch 96 Progress: 11% (117/989) - Loss: 0.0710
Epoch 96 Progress: 12% (126/989) - Loss: 0.0696
Epoch 96 Progress: 13% (135/989) - Loss: 0.0391
Epoch 96 Progress: 14% (144/989) - Loss: 0.0573
Epoch 96 Progress: 15% (153/989) - Loss: 0.0546
Epoch 96 Progress: 16% (162/989) - Loss: 0.0444
Epoch 96 Progress: 17% (171/989) - Loss: 0.0695
Epoch 96 Progress: 18% (180/989) - Loss: 0.0965
Epoch 96 Progress: 19% (189/989) - Loss: 0.1082
Epoch 96 Progress: 20% (198/989) - Loss: 0.0677
Epoch 96 Progress: 20% (207/989) - Loss: 0.1113
Epoch 96 Progress: 21% (216/989) - Loss: 0.1473
Epoch 96 Progress: 22% (225/989) - Loss: 0.1020
Epoch 96 Progress: 23% (234/989) - Loss: 0.0701
Epoch 96 Progress: 24% (243/989) - Loss: 0.0736
Epoch 96 Progress: 25% (252/989) - Loss: 0.0742
Epoch 96 Progress: 26% (261/989) - Loss: 0.0688
Epoch 96 Progress: 27% (270/989) - Loss: 0.1028
Epoch 96 Progress: 28% (279/989) - Loss: 0.1609
Epoch 96 Progress: 29% (288/989) - Loss: 0.0985
Epoch 96 Progress: 30% (297/989) - Loss: 0.0744
Epoch 96 Progress: 30% (306/989) - Loss: 0.1697
Epoch 96 Progress: 31% (315/989) - Loss: 0.0603
Epoch 96 Progress: 32% (324/989) - Loss: 0.0832
Epoch 96 Progress: 33% (333/989) - Loss: 0.1593
Epoch 96 Progress: 34% (342/989) - Loss: 0.0472
Epoch 96 Progress: 35% (351/989) - Loss: 0.1187
Epoch 96 Progress: 36% (360/989) - Loss: 0.0601
Epoch 96 Progress: 37% (369/989) - Loss: 0.0866
Epoch 96 Progress: 38% (378/989) - Loss: 0.0744
Epoch 96 Progress: 39% (387/989) - Loss: 0.1036
Epoch 96 Progress: 40% (396/989) - Loss: 0.1140
Epoch 96 Progress: 40% (405/989) - Loss: 0.0442
Epoch 96 Progress: 41% (414/989) - Loss: 0.2117
Epoch 96 Progress: 42% (423/989) - Loss: 0.0798
Epoch 96 Progress: 43% (432/989) - Loss: 0.1732
Epoch 96 Progress: 44% (441/989) - Loss: 0.0451
Epoch 96 Progress: 45% (450/989) - Loss: 0.0816
Epoch 96 Progress: 46% (459/989) - Loss: 0.0743
Epoch 96 Progress: 47% (468/989) - Loss: 0.1339
Epoch 96 Progress: 48% (477/989) - Loss: 0.0984
Epoch 96 Progress: 49% (486/989) - Loss: 0.1149
Epoch 96 Progress: 50% (495/989) - Loss: 0.1116
Epoch 96 Progress: 50% (504/989) - Loss: 0.0469
Epoch 96 Progress: 51% (513/989) - Loss: 0.1497
Epoch 96 Progress: 52% (522/989) - Loss: 0.1280
Epoch 96 Progress: 53% (531/989) - Loss: 0.0284
Epoch 96 Progress: 54% (540/989) - Loss: 0.0656
Epoch 96 Progress: 55% (549/989) - Loss: 0.1138
Epoch 96 Progress: 56% (558/989) - Loss: 0.4026
Epoch 96 Progress: 57% (567/989) - Loss: 0.1012
Epoch 96 Progress: 58% (576/989) - Loss: 0.0735
Epoch 96 Progress: 59% (585/989) - Loss: 0.1140
Epoch 96 Progress: 60% (594/989) - Loss: 0.0617
Epoch 96 Progress: 60% (603/989) - Loss: 0.0628
Epoch 96 Progress: 61% (612/989) - Loss: 0.1292
Epoch 96 Progress: 62% (621/989) - Loss: 0.6932
Epoch 96 Progress: 63% (630/989) - Loss: 0.1065
Epoch 96 Progress: 64% (639/989) - Loss: 0.1627
Epoch 96 Progress: 65% (648/989) - Loss: 0.0624
Epoch 96 Progress: 66% (657/989) - Loss: 0.0339
Epoch 96 Progress: 67% (666/989) - Loss: 0.1004
Epoch 96 Progress: 68% (675/989) - Loss: 0.0554
Epoch 96 Progress: 69% (684/989) - Loss: 0.1332
Epoch 96 Progress: 70% (693/989) - Loss: 0.2085
Epoch 96 Progress: 70% (702/989) - Loss: 0.1256
Epoch 96 Progress: 71% (711/989) - Loss: 0.0622
Epoch 96 Progress: 72% (720/989) - Loss: 0.1266
Epoch 96 Progress: 73% (729/989) - Loss: 0.0454
Epoch 96 Progress: 74% (738/989) - Loss: 0.0633
Epoch 96 Progress: 75% (747/989) - Loss: 0.1018
Epoch 96 Progress: 76% (756/989) - Loss: 0.2013
Epoch 96 Progress: 77% (765/989) - Loss: 0.0524
Epoch 96 Progress: 78% (774/989) - Loss: 0.1660
Epoch 96 Progress: 79% (783/989) - Loss: 0.1147
Epoch 96 Progress: 80% (792/989) - Loss: 0.0566
Epoch 96 Progress: 80% (801/989) - Loss: 0.1214
Epoch 96 Progress: 81% (810/989) - Loss: 0.1147
Epoch 96 Progress: 82% (819/989) - Loss: 0.1040
Epoch 96 Progress: 83% (828/989) - Loss: 0.1664
Epoch 96 Progress: 84% (837/989) - Loss: 0.1051
Epoch 96 Progress: 85% (846/989) - Loss: 0.1945
Epoch 96 Progress: 86% (855/989) - Loss: 0.4211
Epoch 96 Progress: 87% (864/989) - Loss: 0.0676
Epoch 96 Progress: 88% (873/989) - Loss: 0.0675
Epoch 96 Progress: 89% (882/989) - Loss: 0.1289
Epoch 96 Progress: 90% (891/989) - Loss: 0.0934
Epoch 96 Progress: 91% (900/989) - Loss: 0.0966
Epoch 96 Progress: 91% (909/989) - Loss: 0.1134
Epoch 96 Progress: 92% (918/989) - Loss: 0.0191
Epoch 96 Progress: 93% (927/989) - Loss: 0.0480
Epoch 96 Progress: 94% (936/989) - Loss: 0.0308
Epoch 96 Progress: 95% (945/989) - Loss: 0.1667
Epoch 96 Progress: 96% (954/989) - Loss: 0.1015
Epoch 96 Progress: 97% (963/989) - Loss: 0.0809
Epoch 96 Progress: 98% (972/989) - Loss: 0.1790
Epoch 96 Progress: 99% (981/989) - Loss: 0.0555
Epoch 96 Progress: 100% (989/989) - Loss: 0.1797
Train Loss: 0.1107 | Val Loss: 0.1312 | Val Mean Dice: 0.8824
Dice WT: 0.9064 | Dice TC: 0.8897 | Dice ET: 0.8513
Peak RAM: 1357 MB | Peak VRAM: 26387 MB | Peak GPU Util: 100.0%

Epoch 97/100  LR=0.000000
Epoch 97 Progress: 0% (9/989) - Loss: 0.0756
Epoch 97 Progress: 1% (18/989) - Loss: 0.0778
Epoch 97 Progress: 2% (27/989) - Loss: 0.1696
Epoch 97 Progress: 3% (36/989) - Loss: 0.0568
Epoch 97 Progress: 4% (45/989) - Loss: 0.1148
Epoch 97 Progress: 5% (54/989) - Loss: 0.1137
Epoch 97 Progress: 6% (63/989) - Loss: 0.1206
Epoch 97 Progress: 7% (72/989) - Loss: 0.1039
Epoch 97 Progress: 8% (81/989) - Loss: 0.0658
Epoch 97 Progress: 9% (90/989) - Loss: 0.1427
Epoch 97 Progress: 10% (99/989) - Loss: 0.0898
Epoch 97 Progress: 10% (108/989) - Loss: 0.1595
Epoch 97 Progress: 11% (117/989) - Loss: 0.0484
Epoch 97 Progress: 12% (126/989) - Loss: 0.0748
Epoch 97 Progress: 13% (135/989) - Loss: 0.0716
Epoch 97 Progress: 14% (144/989) - Loss: 0.0495
Epoch 97 Progress: 15% (153/989) - Loss: 0.1152
Epoch 97 Progress: 16% (162/989) - Loss: 0.0646
Epoch 97 Progress: 17% (171/989) - Loss: 0.0577
Epoch 97 Progress: 18% (180/989) - Loss: 0.1216
Epoch 97 Progress: 19% (189/989) - Loss: 0.2025
Epoch 97 Progress: 20% (198/989) - Loss: 0.1913
Epoch 97 Progress: 20% (207/989) - Loss: 0.1138
Epoch 97 Progress: 21% (216/989) - Loss: 0.0732
Epoch 97 Progress: 22% (225/989) - Loss: 0.0826
Epoch 97 Progress: 23% (234/989) - Loss: 0.1813
Epoch 97 Progress: 24% (243/989) - Loss: 0.0519
Epoch 97 Progress: 25% (252/989) - Loss: 0.0865
Epoch 97 Progress: 26% (261/989) - Loss: 0.0636
Epoch 97 Progress: 27% (270/989) - Loss: 0.0749
Epoch 97 Progress: 28% (279/989) - Loss: 0.0482
Epoch 97 Progress: 29% (288/989) - Loss: 0.1253
Epoch 97 Progress: 30% (297/989) - Loss: 0.0984
Epoch 97 Progress: 30% (306/989) - Loss: 0.0948
Epoch 97 Progress: 31% (315/989) - Loss: 0.2634
Epoch 97 Progress: 32% (324/989) - Loss: 0.0919
Epoch 97 Progress: 33% (333/989) - Loss: 0.1083
Epoch 97 Progress: 34% (342/989) - Loss: 0.1670
Epoch 97 Progress: 35% (351/989) - Loss: 0.1045
Epoch 97 Progress: 36% (360/989) - Loss: 0.0646
Epoch 97 Progress: 37% (369/989) - Loss: 0.1265
Epoch 97 Progress: 38% (378/989) - Loss: 0.1568
Epoch 97 Progress: 39% (387/989) - Loss: 0.1035
Epoch 97 Progress: 40% (396/989) - Loss: 0.0700
Epoch 97 Progress: 40% (405/989) - Loss: 0.2071
Epoch 97 Progress: 41% (414/989) - Loss: 0.1189
Epoch 97 Progress: 42% (423/989) - Loss: 0.1385
Epoch 97 Progress: 43% (432/989) - Loss: 0.1753
Epoch 97 Progress: 44% (441/989) - Loss: 0.0471
Epoch 97 Progress: 45% (450/989) - Loss: 0.0910
Epoch 97 Progress: 46% (459/989) - Loss: 0.1264
Epoch 97 Progress: 47% (468/989) - Loss: 0.1458
Epoch 97 Progress: 48% (477/989) - Loss: 0.1113
Epoch 97 Progress: 49% (486/989) - Loss: 0.0881
Epoch 97 Progress: 50% (495/989) - Loss: 0.1055
Epoch 97 Progress: 50% (504/989) - Loss: 0.1315
Epoch 97 Progress: 51% (513/989) - Loss: 0.0845
Epoch 97 Progress: 52% (522/989) - Loss: 0.1080
Epoch 97 Progress: 53% (531/989) - Loss: 0.1327
Epoch 97 Progress: 54% (540/989) - Loss: 0.0663
Epoch 97 Progress: 55% (549/989) - Loss: 0.2106
Epoch 97 Progress: 56% (558/989) - Loss: 0.0689
Epoch 97 Progress: 57% (567/989) - Loss: 0.1883
Epoch 97 Progress: 58% (576/989) - Loss: 0.1432
Epoch 97 Progress: 59% (585/989) - Loss: 0.0391
Epoch 97 Progress: 60% (594/989) - Loss: 0.1370
Epoch 97 Progress: 60% (603/989) - Loss: 0.1044
Epoch 97 Progress: 61% (612/989) - Loss: 0.2129
Epoch 97 Progress: 62% (621/989) - Loss: 0.3967
Epoch 97 Progress: 63% (630/989) - Loss: 0.1492
Epoch 97 Progress: 64% (639/989) - Loss: 0.1112
Epoch 97 Progress: 65% (648/989) - Loss: 0.0628
Epoch 97 Progress: 66% (657/989) - Loss: 0.2317
Epoch 97 Progress: 67% (666/989) - Loss: 0.2159
Epoch 97 Progress: 68% (675/989) - Loss: 0.0627
Epoch 97 Progress: 69% (684/989) - Loss: 0.0535
Epoch 97 Progress: 70% (693/989) - Loss: 0.0939
Epoch 97 Progress: 70% (702/989) - Loss: 0.2306
Epoch 97 Progress: 71% (711/989) - Loss: 0.0489
Epoch 97 Progress: 72% (720/989) - Loss: 0.1341
Epoch 97 Progress: 73% (729/989) - Loss: 0.1486
Epoch 97 Progress: 74% (738/989) - Loss: 0.2535
Epoch 97 Progress: 75% (747/989) - Loss: 0.0602
Epoch 97 Progress: 76% (756/989) - Loss: 0.1211
Epoch 97 Progress: 77% (765/989) - Loss: 0.2597
Epoch 97 Progress: 78% (774/989) - Loss: 0.0562
Epoch 97 Progress: 79% (783/989) - Loss: 0.1038
Epoch 97 Progress: 80% (792/989) - Loss: 0.0405
Epoch 97 Progress: 80% (801/989) - Loss: 0.0502
Epoch 97 Progress: 81% (810/989) - Loss: 0.1139
Epoch 97 Progress: 82% (819/989) - Loss: 0.0366
Epoch 97 Progress: 83% (828/989) - Loss: 0.0832
Epoch 97 Progress: 84% (837/989) - Loss: 0.0751
Epoch 97 Progress: 85% (846/989) - Loss: 0.0555
Epoch 97 Progress: 86% (855/989) - Loss: 0.0341
Epoch 97 Progress: 87% (864/989) - Loss: 0.1068
Epoch 97 Progress: 88% (873/989) - Loss: 0.0669
Epoch 97 Progress: 89% (882/989) - Loss: 0.1008
Epoch 97 Progress: 90% (891/989) - Loss: 0.1141
Epoch 97 Progress: 91% (900/989) - Loss: 0.1460
Epoch 97 Progress: 91% (909/989) - Loss: 0.1236
Epoch 97 Progress: 92% (918/989) - Loss: 0.4319
Epoch 97 Progress: 93% (927/989) - Loss: 0.0265
Epoch 97 Progress: 94% (936/989) - Loss: 0.0676
Epoch 97 Progress: 95% (945/989) - Loss: 0.0753
Epoch 97 Progress: 96% (954/989) - Loss: 0.0396
Epoch 97 Progress: 97% (963/989) - Loss: 0.0826
Epoch 97 Progress: 98% (972/989) - Loss: 0.2444
Epoch 97 Progress: 99% (981/989) - Loss: 0.1185
Epoch 97 Progress: 100% (989/989) - Loss: 0.0839
Train Loss: 0.1120 | Val Loss: 0.1310 | Val Mean Dice: 0.8826
Dice WT: 0.9065 | Dice TC: 0.8899 | Dice ET: 0.8514
Peak RAM: 1357 MB | Peak VRAM: 26387 MB | Peak GPU Util: 100.0%

Epoch 98/100  LR=0.000000
Epoch 98 Progress: 0% (9/989) - Loss: 0.1650
Epoch 98 Progress: 1% (18/989) - Loss: 0.1045
Epoch 98 Progress: 2% (27/989) - Loss: 0.1021
Epoch 98 Progress: 3% (36/989) - Loss: 0.0948
Epoch 98 Progress: 4% (45/989) - Loss: 0.0715
Epoch 98 Progress: 5% (54/989) - Loss: 0.1232
Epoch 98 Progress: 6% (63/989) - Loss: 0.1161
Epoch 98 Progress: 7% (72/989) - Loss: 0.0734
Epoch 98 Progress: 8% (81/989) - Loss: 0.2177
Epoch 98 Progress: 9% (90/989) - Loss: 0.1663
Epoch 98 Progress: 10% (99/989) - Loss: 0.0823
Epoch 98 Progress: 10% (108/989) - Loss: 0.0620
Epoch 98 Progress: 11% (117/989) - Loss: 0.0395
Epoch 98 Progress: 12% (126/989) - Loss: 0.0398
Epoch 98 Progress: 13% (135/989) - Loss: 0.1768
Epoch 98 Progress: 14% (144/989) - Loss: 0.0859
Epoch 98 Progress: 15% (153/989) - Loss: 0.0527
Epoch 98 Progress: 16% (162/989) - Loss: 0.0668
Epoch 98 Progress: 17% (171/989) - Loss: 0.0455
Epoch 98 Progress: 18% (180/989) - Loss: 0.1363
Epoch 98 Progress: 19% (189/989) - Loss: 0.1064
Epoch 98 Progress: 20% (198/989) - Loss: 0.0974
Epoch 98 Progress: 20% (207/989) - Loss: 0.0379
Epoch 98 Progress: 21% (216/989) - Loss: 0.0433
Epoch 98 Progress: 22% (225/989) - Loss: 0.0810
Epoch 98 Progress: 23% (234/989) - Loss: 0.0414
Epoch 98 Progress: 24% (243/989) - Loss: 0.1749
Epoch 98 Progress: 25% (252/989) - Loss: 0.1140
Epoch 98 Progress: 26% (261/989) - Loss: 0.0839
Epoch 98 Progress: 27% (270/989) - Loss: 0.0463
Epoch 98 Progress: 28% (279/989) - Loss: 0.2048
Epoch 98 Progress: 29% (288/989) - Loss: 0.0773
Epoch 98 Progress: 30% (297/989) - Loss: 0.1827
Epoch 98 Progress: 30% (306/989) - Loss: 0.0745
Epoch 98 Progress: 31% (315/989) - Loss: 0.0511
Epoch 98 Progress: 32% (324/989) - Loss: 0.1015
Epoch 98 Progress: 33% (333/989) - Loss: 0.1595
Epoch 98 Progress: 34% (342/989) - Loss: 0.0302
Epoch 98 Progress: 35% (351/989) - Loss: 0.0914
Epoch 98 Progress: 36% (360/989) - Loss: 0.0633
Epoch 98 Progress: 37% (369/989) - Loss: 0.2410
Epoch 98 Progress: 38% (378/989) - Loss: 0.2030
Epoch 98 Progress: 39% (387/989) - Loss: 0.1392
Epoch 98 Progress: 40% (396/989) - Loss: 0.0768
Epoch 98 Progress: 40% (405/989) - Loss: 0.0675
Epoch 98 Progress: 41% (414/989) - Loss: 0.0450
Epoch 98 Progress: 42% (423/989) - Loss: 0.0675
Epoch 98 Progress: 43% (432/989) - Loss: 0.1193
Epoch 98 Progress: 44% (441/989) - Loss: 0.0905
Epoch 98 Progress: 45% (450/989) - Loss: 0.0343
Epoch 98 Progress: 46% (459/989) - Loss: 0.0990
Epoch 98 Progress: 47% (468/989) - Loss: 0.1389
Epoch 98 Progress: 48% (477/989) - Loss: 0.0800
Epoch 98 Progress: 49% (486/989) - Loss: 0.1606
Epoch 98 Progress: 50% (495/989) - Loss: 0.1327
Epoch 98 Progress: 50% (504/989) - Loss: 0.1552
Epoch 98 Progress: 51% (513/989) - Loss: 0.1042
Epoch 98 Progress: 52% (522/989) - Loss: 0.1210
Epoch 98 Progress: 53% (531/989) - Loss: 0.0546
Epoch 98 Progress: 54% (540/989) - Loss: 0.0649
Epoch 98 Progress: 55% (549/989) - Loss: 0.0445
Epoch 98 Progress: 56% (558/989) - Loss: 0.1123
Epoch 98 Progress: 57% (567/989) - Loss: 0.0760
Epoch 98 Progress: 58% (576/989) - Loss: 0.1025
Epoch 98 Progress: 59% (585/989) - Loss: 0.0866
Epoch 98 Progress: 60% (594/989) - Loss: 0.0586
Epoch 98 Progress: 60% (603/989) - Loss: 0.1240
Epoch 98 Progress: 61% (612/989) - Loss: 0.1921
Epoch 98 Progress: 62% (621/989) - Loss: 0.0570
Epoch 98 Progress: 63% (630/989) - Loss: 0.0566
Epoch 98 Progress: 64% (639/989) - Loss: 0.1048
Epoch 98 Progress: 65% (648/989) - Loss: 0.0710
Epoch 98 Progress: 66% (657/989) - Loss: 0.0597
Epoch 98 Progress: 67% (666/989) - Loss: 0.0951
Epoch 98 Progress: 68% (675/989) - Loss: 0.1010
Epoch 98 Progress: 69% (684/989) - Loss: 0.0920
Epoch 98 Progress: 70% (693/989) - Loss: 0.0550
Epoch 98 Progress: 70% (702/989) - Loss: 0.0504
Epoch 98 Progress: 71% (711/989) - Loss: 0.1030
Epoch 98 Progress: 72% (720/989) - Loss: 0.1077
Epoch 98 Progress: 73% (729/989) - Loss: 0.1109
Epoch 98 Progress: 74% (738/989) - Loss: 0.4035
Epoch 98 Progress: 75% (747/989) - Loss: 0.0331
Epoch 98 Progress: 76% (756/989) - Loss: 0.0855
Epoch 98 Progress: 77% (765/989) - Loss: 0.0406
Epoch 98 Progress: 78% (774/989) - Loss: 0.0988
Epoch 98 Progress: 79% (783/989) - Loss: 0.1268
Epoch 98 Progress: 80% (792/989) - Loss: 0.1085
Epoch 98 Progress: 80% (801/989) - Loss: 0.1177
Epoch 98 Progress: 81% (810/989) - Loss: 0.1242
Epoch 98 Progress: 82% (819/989) - Loss: 0.0481
Epoch 98 Progress: 83% (828/989) - Loss: 0.1293
Epoch 98 Progress: 84% (837/989) - Loss: 0.1118
Epoch 98 Progress: 85% (846/989) - Loss: 0.1047
Epoch 98 Progress: 86% (855/989) - Loss: 0.0665
Epoch 98 Progress: 87% (864/989) - Loss: 0.0711
Epoch 98 Progress: 88% (873/989) - Loss: 0.0836
Epoch 98 Progress: 89% (882/989) - Loss: 0.1245
Epoch 98 Progress: 90% (891/989) - Loss: 0.0855
Epoch 98 Progress: 91% (900/989) - Loss: 0.0635
Epoch 98 Progress: 91% (909/989) - Loss: 0.4176
Epoch 98 Progress: 92% (918/989) - Loss: 0.1155
Epoch 98 Progress: 93% (927/989) - Loss: 0.0536
Epoch 98 Progress: 94% (936/989) - Loss: 0.1246
Epoch 98 Progress: 95% (945/989) - Loss: 0.0958
Epoch 98 Progress: 96% (954/989) - Loss: 0.0551
Epoch 98 Progress: 97% (963/989) - Loss: 0.6903
Epoch 98 Progress: 98% (972/989) - Loss: 0.0364
Epoch 98 Progress: 99% (981/989) - Loss: 0.0864
Epoch 98 Progress: 100% (989/989) - Loss: 0.0550
Train Loss: 0.1114 | Val Loss: 0.1318 | Val Mean Dice: 0.8820
Dice WT: 0.9063 | Dice TC: 0.8887 | Dice ET: 0.8509
Peak RAM: 1357 MB | Peak VRAM: 26387 MB | Peak GPU Util: 100.0%

Epoch 99/100  LR=0.000000
Epoch 99 Progress: 0% (9/989) - Loss: 0.0723
Epoch 99 Progress: 1% (18/989) - Loss: 0.0180
Epoch 99 Progress: 2% (27/989) - Loss: 0.0493
Epoch 99 Progress: 3% (36/989) - Loss: 0.0971
Epoch 99 Progress: 4% (45/989) - Loss: 0.1362
Epoch 99 Progress: 5% (54/989) - Loss: 0.1057
Epoch 99 Progress: 6% (63/989) - Loss: 0.0515
Epoch 99 Progress: 7% (72/989) - Loss: 0.1156
Epoch 99 Progress: 8% (81/989) - Loss: 0.0756
Epoch 99 Progress: 9% (90/989) - Loss: 0.1414
Epoch 99 Progress: 10% (99/989) - Loss: 0.0482
Epoch 99 Progress: 10% (108/989) - Loss: 0.0655
Epoch 99 Progress: 11% (117/989) - Loss: 0.2505
Epoch 99 Progress: 12% (126/989) - Loss: 0.0513
Epoch 99 Progress: 13% (135/989) - Loss: 0.1503
Epoch 99 Progress: 14% (144/989) - Loss: 0.0447
Epoch 99 Progress: 15% (153/989) - Loss: 0.1130
Epoch 99 Progress: 16% (162/989) - Loss: 0.0682
Epoch 99 Progress: 17% (171/989) - Loss: 0.0699
Epoch 99 Progress: 18% (180/989) - Loss: 0.0609
Epoch 99 Progress: 19% (189/989) - Loss: 0.1170
Epoch 99 Progress: 20% (198/989) - Loss: 0.0955
Epoch 99 Progress: 20% (207/989) - Loss: 0.0796
Epoch 99 Progress: 21% (216/989) - Loss: 0.1028
Epoch 99 Progress: 22% (225/989) - Loss: 0.2099
Epoch 99 Progress: 23% (234/989) - Loss: 0.2150
Epoch 99 Progress: 24% (243/989) - Loss: 0.0703
Epoch 99 Progress: 25% (252/989) - Loss: 0.0779
Epoch 99 Progress: 26% (261/989) - Loss: 0.0637
Epoch 99 Progress: 27% (270/989) - Loss: 0.0570
Epoch 99 Progress: 28% (279/989) - Loss: 0.1920
Epoch 99 Progress: 29% (288/989) - Loss: 0.1407
Epoch 99 Progress: 30% (297/989) - Loss: 0.1093
Epoch 99 Progress: 30% (306/989) - Loss: 0.0465
Epoch 99 Progress: 31% (315/989) - Loss: 0.0876
Epoch 99 Progress: 32% (324/989) - Loss: 0.0672
Epoch 99 Progress: 33% (333/989) - Loss: 0.6790
Epoch 99 Progress: 34% (342/989) - Loss: 0.0577
Epoch 99 Progress: 35% (351/989) - Loss: 0.1608
Epoch 99 Progress: 36% (360/989) - Loss: 0.1370
Epoch 99 Progress: 37% (369/989) - Loss: 0.0633
Epoch 99 Progress: 38% (378/989) - Loss: 0.0518
Epoch 99 Progress: 39% (387/989) - Loss: 0.1080
Epoch 99 Progress: 40% (396/989) - Loss: 0.0953
Epoch 99 Progress: 40% (405/989) - Loss: 0.0234
Epoch 99 Progress: 41% (414/989) - Loss: 0.0409
Epoch 99 Progress: 42% (423/989) - Loss: 0.0694
Epoch 99 Progress: 43% (432/989) - Loss: 0.0346
Epoch 99 Progress: 44% (441/989) - Loss: 0.0645
Epoch 99 Progress: 45% (450/989) - Loss: 0.3967
Epoch 99 Progress: 46% (459/989) - Loss: 0.0951
Epoch 99 Progress: 47% (468/989) - Loss: 0.0475
Epoch 99 Progress: 48% (477/989) - Loss: 0.1429
Epoch 99 Progress: 49% (486/989) - Loss: 0.1750
Epoch 99 Progress: 50% (495/989) - Loss: 0.0556
Epoch 99 Progress: 50% (504/989) - Loss: 0.0699
Epoch 99 Progress: 51% (513/989) - Loss: 0.0977
Epoch 99 Progress: 52% (522/989) - Loss: 0.0643
Epoch 99 Progress: 53% (531/989) - Loss: 0.2420
Epoch 99 Progress: 54% (540/989) - Loss: 0.1806
Epoch 99 Progress: 55% (549/989) - Loss: 0.0700
Epoch 99 Progress: 56% (558/989) - Loss: 0.0760
Epoch 99 Progress: 57% (567/989) - Loss: 0.1353
Epoch 99 Progress: 58% (576/989) - Loss: 0.0652
Epoch 99 Progress: 59% (585/989) - Loss: 0.1874
Epoch 99 Progress: 60% (594/989) - Loss: 0.0916
Epoch 99 Progress: 60% (603/989) - Loss: 0.1054
Epoch 99 Progress: 61% (612/989) - Loss: 0.0687
Epoch 99 Progress: 62% (621/989) - Loss: 0.0743
Epoch 99 Progress: 63% (630/989) - Loss: 0.0765
Epoch 99 Progress: 64% (639/989) - Loss: 0.1025
Epoch 99 Progress: 65% (648/989) - Loss: 0.1457
Epoch 99 Progress: 66% (657/989) - Loss: 0.1313
Epoch 99 Progress: 67% (666/989) - Loss: 0.0983
Epoch 99 Progress: 68% (675/989) - Loss: 0.0650
Epoch 99 Progress: 69% (684/989) - Loss: 0.0651
Epoch 99 Progress: 70% (693/989) - Loss: 0.0839
Epoch 99 Progress: 70% (702/989) - Loss: 0.0667
Epoch 99 Progress: 71% (711/989) - Loss: 0.0730
Epoch 99 Progress: 72% (720/989) - Loss: 0.1741
Epoch 99 Progress: 73% (729/989) - Loss: 0.0346
Epoch 99 Progress: 74% (738/989) - Loss: 0.0544
Epoch 99 Progress: 75% (747/989) - Loss: 0.0261
Epoch 99 Progress: 76% (756/989) - Loss: 0.1237
Epoch 99 Progress: 77% (765/989) - Loss: 0.0616
Epoch 99 Progress: 78% (774/989) - Loss: 0.1226
Epoch 99 Progress: 79% (783/989) - Loss: 0.1268
Epoch 99 Progress: 80% (792/989) - Loss: 0.0655
Epoch 99 Progress: 80% (801/989) - Loss: 0.1165
Epoch 99 Progress: 81% (810/989) - Loss: 0.1516
Epoch 99 Progress: 82% (819/989) - Loss: 0.1048
Epoch 99 Progress: 83% (828/989) - Loss: 0.1001
Epoch 99 Progress: 84% (837/989) - Loss: 0.0771
Epoch 99 Progress: 85% (846/989) - Loss: 0.0448
Epoch 99 Progress: 86% (855/989) - Loss: 0.1279
Epoch 99 Progress: 87% (864/989) - Loss: 0.3075
Epoch 99 Progress: 88% (873/989) - Loss: 0.1474
Epoch 99 Progress: 89% (882/989) - Loss: 0.0459
Epoch 99 Progress: 90% (891/989) - Loss: 0.0513
Epoch 99 Progress: 91% (900/989) - Loss: 0.0466
Epoch 99 Progress: 91% (909/989) - Loss: 0.1167
Epoch 99 Progress: 92% (918/989) - Loss: 0.0503
Epoch 99 Progress: 93% (927/989) - Loss: 0.0817
Epoch 99 Progress: 94% (936/989) - Loss: 0.1116
Epoch 99 Progress: 95% (945/989) - Loss: 0.2677
Epoch 99 Progress: 96% (954/989) - Loss: 0.0917
Epoch 99 Progress: 97% (963/989) - Loss: 0.4095
Epoch 99 Progress: 98% (972/989) - Loss: 0.1144
Epoch 99 Progress: 99% (981/989) - Loss: 0.0677
Epoch 99 Progress: 100% (989/989) - Loss: 0.0856
Train Loss: 0.1114 | Val Loss: 0.1318 | Val Mean Dice: 0.8820
Dice WT: 0.9063 | Dice TC: 0.8887 | Dice ET: 0.8510
Peak RAM: 1357 MB | Peak VRAM: 26387 MB | Peak GPU Util: 100.0%

Epoch 100/100  LR=0.000000
Epoch 100 Progress: 0% (9/989) - Loss: 0.1191
Epoch 100 Progress: 1% (18/989) - Loss: 0.0531
Epoch 100 Progress: 2% (27/989) - Loss: 0.1487
Epoch 100 Progress: 3% (36/989) - Loss: 0.0904
Epoch 100 Progress: 4% (45/989) - Loss: 0.1114
Epoch 100 Progress: 5% (54/989) - Loss: 0.1339
Epoch 100 Progress: 6% (63/989) - Loss: 0.0567
Epoch 100 Progress: 7% (72/989) - Loss: 0.0655
Epoch 100 Progress: 8% (81/989) - Loss: 0.1002
Epoch 100 Progress: 9% (90/989) - Loss: 0.0326
Epoch 100 Progress: 10% (99/989) - Loss: 0.2236
Epoch 100 Progress: 10% (108/989) - Loss: 0.0536
Epoch 100 Progress: 11% (117/989) - Loss: 0.1026
Epoch 100 Progress: 12% (126/989) - Loss: 0.0902
Epoch 100 Progress: 13% (135/989) - Loss: 0.0973
Epoch 100 Progress: 14% (144/989) - Loss: 0.0977
Epoch 100 Progress: 15% (153/989) - Loss: 0.1191
Epoch 100 Progress: 16% (162/989) - Loss: 0.1680
Epoch 100 Progress: 17% (171/989) - Loss: 0.0772
Epoch 100 Progress: 18% (180/989) - Loss: 0.1843
Epoch 100 Progress: 19% (189/989) - Loss: 0.0568
Epoch 100 Progress: 20% (198/989) - Loss: 0.1234
Epoch 100 Progress: 20% (207/989) - Loss: 0.1189
Epoch 100 Progress: 21% (216/989) - Loss: 0.2293
Epoch 100 Progress: 22% (225/989) - Loss: 0.0593
Epoch 100 Progress: 23% (234/989) - Loss: 0.0728
Epoch 100 Progress: 24% (243/989) - Loss: 0.0591
Epoch 100 Progress: 25% (252/989) - Loss: 0.0454
Epoch 100 Progress: 26% (261/989) - Loss: 0.0369
Epoch 100 Progress: 27% (270/989) - Loss: 0.0810
Epoch 100 Progress: 28% (279/989) - Loss: 0.1296
Epoch 100 Progress: 29% (288/989) - Loss: 0.0789
Epoch 100 Progress: 30% (297/989) - Loss: 0.0570
Epoch 100 Progress: 30% (306/989) - Loss: 0.0501
Epoch 100 Progress: 31% (315/989) - Loss: 0.0681
Epoch 100 Progress: 32% (324/989) - Loss: 0.1149
Epoch 100 Progress: 33% (333/989) - Loss: 0.1104
Epoch 100 Progress: 34% (342/989) - Loss: 0.0642
Epoch 100 Progress: 35% (351/989) - Loss: 0.1196
Epoch 100 Progress: 36% (360/989) - Loss: 0.1157
Epoch 100 Progress: 37% (369/989) - Loss: 0.1628
Epoch 100 Progress: 38% (378/989) - Loss: 0.0643
Epoch 100 Progress: 39% (387/989) - Loss: 0.2502
Epoch 100 Progress: 40% (396/989) - Loss: 0.1807
Epoch 100 Progress: 40% (405/989) - Loss: 0.0583
Epoch 100 Progress: 41% (414/989) - Loss: 0.0524
Epoch 100 Progress: 42% (423/989) - Loss: 0.0625
Epoch 100 Progress: 43% (432/989) - Loss: 0.1103
Epoch 100 Progress: 44% (441/989) - Loss: 0.0768
Epoch 100 Progress: 45% (450/989) - Loss: 0.1307
Epoch 100 Progress: 46% (459/989) - Loss: 0.0550
Epoch 100 Progress: 47% (468/989) - Loss: 0.0362
Epoch 100 Progress: 48% (477/989) - Loss: 0.1346
Epoch 100 Progress: 49% (486/989) - Loss: 0.0761
Epoch 100 Progress: 50% (495/989) - Loss: 0.0777
Epoch 100 Progress: 50% (504/989) - Loss: 0.0457
Epoch 100 Progress: 51% (513/989) - Loss: 0.0808
Epoch 100 Progress: 52% (522/989) - Loss: 0.0621
Epoch 100 Progress: 53% (531/989) - Loss: 0.1670
Epoch 100 Progress: 54% (540/989) - Loss: 0.1121
Epoch 100 Progress: 55% (549/989) - Loss: 0.0765
Epoch 100 Progress: 56% (558/989) - Loss: 0.1969
Epoch 100 Progress: 57% (567/989) - Loss: 0.0332
Epoch 100 Progress: 58% (576/989) - Loss: 0.0592
Epoch 100 Progress: 59% (585/989) - Loss: 0.0420
Epoch 100 Progress: 60% (594/989) - Loss: 0.0871
Epoch 100 Progress: 60% (603/989) - Loss: 0.1275
Epoch 100 Progress: 61% (612/989) - Loss: 0.0382
Epoch 100 Progress: 62% (621/989) - Loss: 0.1860
Epoch 100 Progress: 63% (630/989) - Loss: 0.0522
Epoch 100 Progress: 64% (639/989) - Loss: 0.0361
Epoch 100 Progress: 65% (648/989) - Loss: 0.1186
Epoch 100 Progress: 66% (657/989) - Loss: 0.0996
Epoch 100 Progress: 67% (666/989) - Loss: 0.1057
Epoch 100 Progress: 68% (675/989) - Loss: 0.1155
Epoch 100 Progress: 69% (684/989) - Loss: 0.0856
Epoch 100 Progress: 70% (693/989) - Loss: 0.0764
Epoch 100 Progress: 70% (702/989) - Loss: 0.1374
Epoch 100 Progress: 71% (711/989) - Loss: 0.0697
Epoch 100 Progress: 72% (720/989) - Loss: 0.0673
Epoch 100 Progress: 73% (729/989) - Loss: 0.1417
Epoch 100 Progress: 74% (738/989) - Loss: 0.0571
Epoch 100 Progress: 75% (747/989) - Loss: 0.1056
Epoch 100 Progress: 76% (756/989) - Loss: 0.0723
Epoch 100 Progress: 77% (765/989) - Loss: 0.1278
Epoch 100 Progress: 78% (774/989) - Loss: 0.2410
Epoch 100 Progress: 79% (783/989) - Loss: 0.0736
Epoch 100 Progress: 80% (792/989) - Loss: 0.6851
Epoch 100 Progress: 80% (801/989) - Loss: 0.4900
Epoch 100 Progress: 81% (810/989) - Loss: 0.0676
Epoch 100 Progress: 82% (819/989) - Loss: 0.0494
Epoch 100 Progress: 83% (828/989) - Loss: 0.0825
Epoch 100 Progress: 84% (837/989) - Loss: 0.0788
Epoch 100 Progress: 85% (846/989) - Loss: 0.0690
Epoch 100 Progress: 86% (855/989) - Loss: 0.0245
Epoch 100 Progress: 87% (864/989) - Loss: 0.2389
Epoch 100 Progress: 88% (873/989) - Loss: 0.0775
Epoch 100 Progress: 89% (882/989) - Loss: 0.0513
Epoch 100 Progress: 90% (891/989) - Loss: 0.0703
Epoch 100 Progress: 91% (900/989) - Loss: 0.1487
Epoch 100 Progress: 91% (909/989) - Loss: 0.0732
Epoch 100 Progress: 92% (918/989) - Loss: 0.1177
Epoch 100 Progress: 93% (927/989) - Loss: 0.0823
Epoch 100 Progress: 94% (936/989) - Loss: 0.0308
Epoch 100 Progress: 95% (945/989) - Loss: 0.0489
Epoch 100 Progress: 96% (954/989) - Loss: 0.0315
Epoch 100 Progress: 97% (963/989) - Loss: 0.1156
Epoch 100 Progress: 98% (972/989) - Loss: 0.1505
Epoch 100 Progress: 99% (981/989) - Loss: 0.1476
Epoch 100 Progress: 100% (989/989) - Loss: 0.1173
Train Loss: 0.1113 | Val Loss: 0.1318 | Val Mean Dice: 0.8820
Dice WT: 0.9063 | Dice TC: 0.8886 | Dice ET: 0.8510
Peak RAM: 1357 MB | Peak VRAM: 26387 MB | Peak GPU Util: 100.0%
