/work/r/reeshav/PPML-Experiments-FL/.venv/lib/python3.9/site-packages/monai/utils/deprecate_utils.py:321: FutureWarning: monai.transforms.spatial.dictionary Orientationd.__init__:labels: Current default value of argument `labels=(('L', 'R'), ('P', 'A'), ('I', 'S'))` was changed in version None from `labels=(('L', 'R'), ('P', 'A'), ('I', 'S'))` to `labels=None`. Default value changed to None meaning that the transform now uses the 'space' of a meta-tensor, if applicable, to determine appropriate axis labels.
  warn_deprecated(argname, msg, warning_category)
[92mINFO [0m:      
[92mINFO [0m:      Received: train message 151552e2-7ec6-46cc-a344-008cc6c35686
I0625 14:42:02.683954     497 fork_posix.cc:71] Other threads are currently calling into gRPC, skipping fork() handlers
E0625 14:42:02.706549     509 completion_queue.cc:800] Kick failed: UNKNOWN:eventfd_write: Bad file descriptor (9)
I0625 14:42:02.737796   65364 fork_posix.cc:71] Other threads are currently calling into gRPC, skipping fork() handlers
I0625 14:42:02.779196   65364 fork_posix.cc:71] Other threads are currently calling into gRPC, skipping fork() handlers
I0625 14:42:03.761400     497 fork_posix.cc:71] Other threads are currently calling into gRPC, skipping fork() handlers
I0625 14:42:04.834144     497 fork_posix.cc:71] Other threads are currently calling into gRPC, skipping fork() handlers
E0625 14:42:04.857432     704 completion_queue.cc:800] Kick failed: UNKNOWN:eventfd_write: Bad file descriptor (9)
I0625 14:42:05.906926     497 fork_posix.cc:71] Other threads are currently calling into gRPC, skipping fork() handlers
E0625 14:42:05.932102     736 completion_queue.cc:800] Kick failed: UNKNOWN:eventfd_write: Bad file descriptor (9)
I0625 14:42:06.986081     497 fork_posix.cc:71] Other threads are currently calling into gRPC, skipping fork() handlers
E0625 14:42:07.017100     777 completion_queue.cc:800] Kick failed: UNKNOWN:eventfd_write: Bad file descriptor (9)
I0625 14:42:08.075544     497 fork_posix.cc:71] Other threads are currently calling into gRPC, skipping fork() handlers
I0625 14:42:09.174080     497 fork_posix.cc:71] Other threads are currently calling into gRPC, skipping fork() handlers
E0625 14:42:09.206301     860 completion_queue.cc:800] Kick failed: UNKNOWN:eventfd_write: Bad file descriptor (9)
I0625 14:42:10.273745     497 fork_posix.cc:71] Other threads are currently calling into gRPC, skipping fork() handlers
E0625 14:42:10.306140     892 completion_queue.cc:800] Kick failed: UNKNOWN:eventfd_write: Bad file descriptor (9)
I0625 14:42:11.372063     497 fork_posix.cc:71] Other threads are currently calling into gRPC, skipping fork() handlers
E0625 14:42:11.405597     929 completion_queue.cc:800] Kick failed: UNKNOWN:eventfd_write: Bad file descriptor (9)
I0625 14:42:12.473482     497 fork_posix.cc:71] Other threads are currently calling into gRPC, skipping fork() handlers
E0625 14:42:12.506385     969 completion_queue.cc:800] Kick failed: UNKNOWN:eventfd_write: Bad file descriptor (9)
I0625 14:42:13.564769     497 fork_posix.cc:71] Other threads are currently calling into gRPC, skipping fork() handlers
I0625 14:42:14.659902     497 fork_posix.cc:71] Other threads are currently calling into gRPC, skipping fork() handlers
E0625 14:42:14.692214    1044 completion_queue.cc:800] Kick failed: UNKNOWN:eventfd_write: Bad file descriptor (9)
I0625 14:42:15.924434     497 fork_posix.cc:71] Other threads are currently calling into gRPC, skipping fork() handlers
E0625 14:42:15.972667    1082 completion_queue.cc:800] Kick failed: UNKNOWN:eventfd_write: Bad file descriptor (9)
I0625 14:42:17.032878     497 fork_posix.cc:71] Other threads are currently calling into gRPC, skipping fork() handlers
I0625 14:42:18.129636     497 fork_posix.cc:71] Other threads are currently calling into gRPC, skipping fork() handlers
I0625 14:42:19.249887     497 fork_posix.cc:71] Other threads are currently calling into gRPC, skipping fork() handlers
I0625 14:42:20.371310     497 fork_posix.cc:71] Other threads are currently calling into gRPC, skipping fork() handlers
I0625 14:42:21.468586     497 fork_posix.cc:71] Other threads are currently calling into gRPC, skipping fork() handlers
I0625 14:42:22.568382     497 fork_posix.cc:71] Other threads are currently calling into gRPC, skipping fork() handlers
I0625 14:42:23.660226     497 fork_posix.cc:71] Other threads are currently calling into gRPC, skipping fork() handlers
E0625 14:42:23.694688    1346 ev_epoll1_linux.cc:309] epoll_ctl failed: Bad file descriptor (9)
E0625 14:42:23.694797    1346 completion_queue.cc:800] Kick failed: UNKNOWN:eventfd_write: Bad file descriptor (9)
I0625 14:42:24.791412     497 fork_posix.cc:71] Other threads are currently calling into gRPC, skipping fork() handlers
I0625 14:42:25.886949     497 fork_posix.cc:71] Other threads are currently calling into gRPC, skipping fork() handlers
I0625 14:42:26.995804     497 fork_posix.cc:71] Other threads are currently calling into gRPC, skipping fork() handlers
E0625 14:42:27.045585    1463 completion_queue.cc:800] Kick failed: UNKNOWN:eventfd_write: Bad file descriptor (9)
I0625 14:42:28.106602     497 fork_posix.cc:71] Other threads are currently calling into gRPC, skipping fork() handlers
E0625 14:42:28.139660    1501 completion_queue.cc:800] Kick failed: UNKNOWN:eventfd_write: Bad file descriptor (9)
I0625 14:42:29.451143     497 fork_posix.cc:71] Other threads are currently calling into gRPC, skipping fork() handlers
E0625 14:42:29.483767    1543 completion_queue.cc:800] Kick failed: UNKNOWN:eventfd_write: Bad file descriptor (9)
I0625 14:42:30.546306     497 fork_posix.cc:71] Other threads are currently calling into gRPC, skipping fork() handlers
I0625 14:42:31.639183     497 fork_posix.cc:71] Other threads are currently calling into gRPC, skipping fork() handlers
E0625 14:42:31.671580    1616 completion_queue.cc:800] Kick failed: UNKNOWN:eventfd_write: Bad file descriptor (9)
I0625 14:42:32.731399     497 fork_posix.cc:71] Other threads are currently calling into gRPC, skipping fork() handlers
E0625 14:42:32.764088    1653 completion_queue.cc:800] Kick failed: UNKNOWN:eventfd_write: Bad file descriptor (9)
I0625 14:42:34.068561     497 fork_posix.cc:71] Other threads are currently calling into gRPC, skipping fork() handlers
E0625 14:42:34.100943    1693 completion_queue.cc:800] Kick failed: UNKNOWN:eventfd_write: Bad file descriptor (9)
E0625 14:42:34.102805    1693 ev_epoll1_linux.cc:309] epoll_ctl failed: Bad file descriptor (9)
I0625 14:42:35.163479     497 fork_posix.cc:71] Other threads are currently calling into gRPC, skipping fork() handlers
I0625 14:42:36.263221     497 fork_posix.cc:71] Other threads are currently calling into gRPC, skipping fork() handlers
I0625 14:42:37.356168     497 fork_posix.cc:71] Other threads are currently calling into gRPC, skipping fork() handlers
I0625 14:42:38.447724     497 fork_posix.cc:71] Other threads are currently calling into gRPC, skipping fork() handlers
I0625 14:42:39.544020     497 fork_posix.cc:71] Other threads are currently calling into gRPC, skipping fork() handlers
E0625 14:42:39.576386    1884 completion_queue.cc:800] Kick failed: UNKNOWN:eventfd_write: Bad file descriptor (9)
I0625 14:42:40.642210     497 fork_posix.cc:71] Other threads are currently calling into gRPC, skipping fork() handlers
E0625 14:42:40.674241    1920 completion_queue.cc:800] Kick failed: UNKNOWN:eventfd_write: Bad file descriptor (9)
I0625 14:42:41.733428     497 fork_posix.cc:71] Other threads are currently calling into gRPC, skipping fork() handlers
E0625 14:42:41.765806    1958 completion_queue.cc:800] Kick failed: UNKNOWN:eventfd_write: Bad file descriptor (9)
I0625 14:42:42.830086     497 fork_posix.cc:71] Other threads are currently calling into gRPC, skipping fork() handlers
E0625 14:42:42.862418    1995 completion_queue.cc:800] Kick failed: UNKNOWN:eventfd_write: Bad file descriptor (9)
I0625 14:42:43.921813     497 fork_posix.cc:71] Other threads are currently calling into gRPC, skipping fork() handlers
E0625 14:42:43.954213    2031 completion_queue.cc:800] Kick failed: UNKNOWN:eventfd_write: Bad file descriptor (9)
I0625 14:42:45.014983     497 fork_posix.cc:71] Other threads are currently calling into gRPC, skipping fork() handlers
E0625 14:42:45.049445    2071 ev_epoll1_linux.cc:309] epoll_ctl failed: Bad file descriptor (9)
I0625 14:42:46.125856     497 fork_posix.cc:71] Other threads are currently calling into gRPC, skipping fork() handlers
E0625 14:42:46.158252    2109 completion_queue.cc:800] Kick failed: UNKNOWN:eventfd_write: Bad file descriptor (9)
I0625 14:42:47.219803     497 fork_posix.cc:71] Other threads are currently calling into gRPC, skipping fork() handlers
E0625 14:42:47.251985    2147 completion_queue.cc:800] Kick failed: UNKNOWN:eventfd_write: Bad file descriptor (9)
I0625 14:42:48.312238     497 fork_posix.cc:71] Other threads are currently calling into gRPC, skipping fork() handlers
E0625 14:42:48.345922    2185 completion_queue.cc:800] Kick failed: UNKNOWN:eventfd_write: Bad file descriptor (9)
I0625 14:42:49.408298     497 fork_posix.cc:71] Other threads are currently calling into gRPC, skipping fork() handlers
E0625 14:42:49.440863    2223 completion_queue.cc:800] Kick failed: UNKNOWN:eventfd_write: Bad file descriptor (9)
I0625 14:42:50.532168     497 fork_posix.cc:71] Other threads are currently calling into gRPC, skipping fork() handlers
E0625 14:42:50.564601    2262 completion_queue.cc:800] Kick failed: UNKNOWN:eventfd_write: Bad file descriptor (9)
I0625 14:42:51.625272     497 fork_posix.cc:71] Other threads are currently calling into gRPC, skipping fork() handlers
E0625 14:42:51.657476    2299 completion_queue.cc:800] Kick failed: UNKNOWN:eventfd_write: Bad file descriptor (9)
I0625 14:42:53.255367     497 fork_posix.cc:71] Other threads are currently calling into gRPC, skipping fork() handlers
E0625 14:42:53.287677    2338 completion_queue.cc:800] Kick failed: UNKNOWN:eventfd_write: Bad file descriptor (9)
I0625 14:42:54.347751     497 fork_posix.cc:71] Other threads are currently calling into gRPC, skipping fork() handlers
E0625 14:42:54.380088    2376 completion_queue.cc:800] Kick failed: UNKNOWN:eventfd_write: Bad file descriptor (9)
I0625 14:42:55.462878     497 fork_posix.cc:71] Other threads are currently calling into gRPC, skipping fork() handlers
E0625 14:42:55.495260    2414 completion_queue.cc:800] Kick failed: UNKNOWN:eventfd_write: Bad file descriptor (9)
E0625 14:42:55.497182    2414 ev_epoll1_linux.cc:309] epoll_ctl failed: Bad file descriptor (9)
E0625 14:42:55.497208    2414 ev_epoll1_linux.cc:309] epoll_ctl failed: Bad file descriptor (9)
I0625 14:42:56.563947     497 fork_posix.cc:71] Other threads are currently calling into gRPC, skipping fork() handlers
E0625 14:42:56.596298    2451 completion_queue.cc:800] Kick failed: UNKNOWN:eventfd_write: Bad file descriptor (9)
I0625 14:42:57.657089     497 fork_posix.cc:71] Other threads are currently calling into gRPC, skipping fork() handlers
E0625 14:42:57.689542    2488 completion_queue.cc:800] Kick failed: UNKNOWN:eventfd_write: Bad file descriptor (9)
I0625 14:42:58.994398     497 fork_posix.cc:71] Other threads are currently calling into gRPC, skipping fork() handlers
E0625 14:42:59.026665    2529 completion_queue.cc:800] Kick failed: UNKNOWN:eventfd_write: Bad file descriptor (9)
I0625 14:43:00.341350     497 fork_posix.cc:71] Other threads are currently calling into gRPC, skipping fork() handlers
I0625 14:43:01.436863     497 fork_posix.cc:71] Other threads are currently calling into gRPC, skipping fork() handlers
E0625 14:43:01.485801    2606 completion_queue.cc:800] Kick failed: UNKNOWN:eventfd_write: Bad file descriptor (9)
I0625 14:43:02.555698     497 fork_posix.cc:71] Other threads are currently calling into gRPC, skipping fork() handlers
I0625 14:43:03.648337     497 fork_posix.cc:71] Other threads are currently calling into gRPC, skipping fork() handlers
E0625 14:43:03.680649    2683 completion_queue.cc:800] Kick failed: UNKNOWN:eventfd_write: Bad file descriptor (9)
I0625 14:43:04.928894     497 fork_posix.cc:71] Other threads are currently calling into gRPC, skipping fork() handlers
E0625 14:43:04.961118    2722 completion_queue.cc:800] Kick failed: UNKNOWN:eventfd_write: Bad file descriptor (9)
I0625 14:43:06.023517     497 fork_posix.cc:71] Other threads are currently calling into gRPC, skipping fork() handlers
E0625 14:43:06.055984    2759 completion_queue.cc:800] Kick failed: UNKNOWN:eventfd_write: Bad file descriptor (9)
E0625 14:43:06.057864    2759 ev_epoll1_linux.cc:309] epoll_ctl failed: Bad file descriptor (9)
E0625 14:43:06.057890    2759 ev_epoll1_linux.cc:309] epoll_ctl failed: Bad file descriptor (9)
I0625 14:43:07.119846     497 fork_posix.cc:71] Other threads are currently calling into gRPC, skipping fork() handlers
E0625 14:43:07.171528    2795 completion_queue.cc:800] Kick failed: UNKNOWN:eventfd_write: Bad file descriptor (9)
I0625 14:43:08.232844     497 fork_posix.cc:71] Other threads are currently calling into gRPC, skipping fork() handlers
E0625 14:43:08.265234    2835 completion_queue.cc:800] Kick failed: UNKNOWN:eventfd_write: Bad file descriptor (9)
I0625 14:43:09.339066     497 fork_posix.cc:71] Other threads are currently calling into gRPC, skipping fork() handlers
E0625 14:43:09.371227    2873 completion_queue.cc:800] Kick failed: UNKNOWN:eventfd_write: Bad file descriptor (9)
I0625 14:43:10.432982     497 fork_posix.cc:71] Other threads are currently calling into gRPC, skipping fork() handlers
E0625 14:43:10.465656    2909 completion_queue.cc:800] Kick failed: UNKNOWN:eventfd_write: Bad file descriptor (9)
I0625 14:43:11.554252     497 fork_posix.cc:71] Other threads are currently calling into gRPC, skipping fork() handlers
E0625 14:43:11.586982    2948 completion_queue.cc:800] Kick failed: UNKNOWN:eventfd_write: Bad file descriptor (9)
I0625 14:43:12.799058     497 fork_posix.cc:71] Other threads are currently calling into gRPC, skipping fork() handlers
E0625 14:43:12.831737    2986 completion_queue.cc:800] Kick failed: UNKNOWN:eventfd_write: Bad file descriptor (9)
I0625 14:43:13.891987     497 fork_posix.cc:71] Other threads are currently calling into gRPC, skipping fork() handlers
E0625 14:43:13.924766    3023 completion_queue.cc:800] Kick failed: UNKNOWN:eventfd_write: Bad file descriptor (9)
I0625 14:43:15.001550     497 fork_posix.cc:71] Other threads are currently calling into gRPC, skipping fork() handlers
E0625 14:43:15.034437    3062 completion_queue.cc:800] Kick failed: UNKNOWN:eventfd_write: Bad file descriptor (9)
I0625 14:43:16.095486     497 fork_posix.cc:71] Other threads are currently calling into gRPC, skipping fork() handlers
E0625 14:43:16.128037    3099 completion_queue.cc:800] Kick failed: UNKNOWN:eventfd_write: Bad file descriptor (9)
E0625 14:43:16.129973    3104 ev_epoll1_linux.cc:309] epoll_ctl failed: Bad file descriptor (9)
I0625 14:43:17.190723     497 fork_posix.cc:71] Other threads are currently calling into gRPC, skipping fork() handlers
E0625 14:43:17.223281    3138 completion_queue.cc:800] Kick failed: UNKNOWN:eventfd_write: Bad file descriptor (9)
I0625 14:43:18.284827     497 fork_posix.cc:71] Other threads are currently calling into gRPC, skipping fork() handlers
I0625 14:43:19.387299     497 fork_posix.cc:71] Other threads are currently calling into gRPC, skipping fork() handlers
E0625 14:43:19.436253    3219 completion_queue.cc:800] Kick failed: UNKNOWN:eventfd_write: Bad file descriptor (9)
I0625 14:43:20.497563     497 fork_posix.cc:71] Other threads are currently calling into gRPC, skipping fork() handlers
I0625 14:43:21.635304     497 fork_posix.cc:71] Other threads are currently calling into gRPC, skipping fork() handlers
E0625 14:43:21.667519    3294 completion_queue.cc:800] Kick failed: UNKNOWN:eventfd_write: Bad file descriptor (9)
I0625 14:43:22.729179     497 fork_posix.cc:71] Other threads are currently calling into gRPC, skipping fork() handlers
I0625 14:43:23.831915     497 fork_posix.cc:71] Other threads are currently calling into gRPC, skipping fork() handlers
E0625 14:43:23.864094    3370 completion_queue.cc:800] Kick failed: UNKNOWN:eventfd_write: Bad file descriptor (9)
I0625 14:43:24.928444     497 fork_posix.cc:71] Other threads are currently calling into gRPC, skipping fork() handlers
I0625 14:43:26.268135     497 fork_posix.cc:71] Other threads are currently calling into gRPC, skipping fork() handlers
E0625 14:43:26.300221    3448 completion_queue.cc:800] Kick failed: UNKNOWN:eventfd_write: Bad file descriptor (9)
E0625 14:43:26.302089    3448 ev_epoll1_linux.cc:309] epoll_ctl failed: Bad file descriptor (9)
I0625 14:43:27.371156     497 fork_posix.cc:71] Other threads are currently calling into gRPC, skipping fork() handlers
I0625 14:43:28.467918     497 fork_posix.cc:71] Other threads are currently calling into gRPC, skipping fork() handlers
I0625 14:43:29.897328     497 fork_posix.cc:71] Other threads are currently calling into gRPC, skipping fork() handlers
E0625 14:43:29.929543    3565 completion_queue.cc:800] Kick failed: UNKNOWN:eventfd_write: Bad file descriptor (9)
I0625 14:43:30.992403     497 fork_posix.cc:71] Other threads are currently calling into gRPC, skipping fork() handlers
E0625 14:43:31.024925    3601 completion_queue.cc:800] Kick failed: UNKNOWN:eventfd_write: Bad file descriptor (9)
I0625 14:43:32.109433     497 fork_posix.cc:71] Other threads are currently calling into gRPC, skipping fork() handlers
E0625 14:43:32.141737    3640 completion_queue.cc:800] Kick failed: UNKNOWN:eventfd_write: Bad file descriptor (9)
I0625 14:43:33.219723     497 fork_posix.cc:71] Other threads are currently calling into gRPC, skipping fork() handlers
E0625 14:43:33.251971    3676 completion_queue.cc:800] Kick failed: UNKNOWN:eventfd_write: Bad file descriptor (9)
I0625 14:43:34.333760     497 fork_posix.cc:71] Other threads are currently calling into gRPC, skipping fork() handlers
E0625 14:43:34.366146    3716 completion_queue.cc:800] Kick failed: UNKNOWN:eventfd_write: Bad file descriptor (9)
I0625 14:43:35.425201     497 fork_posix.cc:71] Other threads are currently calling into gRPC, skipping fork() handlers
E0625 14:43:35.457814    3757 completion_queue.cc:800] Kick failed: UNKNOWN:eventfd_write: Bad file descriptor (9)
I0625 14:43:36.716969     497 fork_posix.cc:71] Other threads are currently calling into gRPC, skipping fork() handlers
E0625 14:43:36.749373    3797 completion_queue.cc:800] Kick failed: UNKNOWN:eventfd_write: Bad file descriptor (9)
E0625 14:43:36.751246    3797 ev_epoll1_linux.cc:309] epoll_ctl failed: Bad file descriptor (9)
I0625 14:43:37.815322     497 fork_posix.cc:71] Other threads are currently calling into gRPC, skipping fork() handlers
I0625 14:43:39.444858     497 fork_posix.cc:71] Other threads are currently calling into gRPC, skipping fork() handlers
I0625 14:43:40.538236     497 fork_posix.cc:71] Other threads are currently calling into gRPC, skipping fork() handlers
E0625 14:43:40.570944    3907 completion_queue.cc:800] Kick failed: UNKNOWN:eventfd_write: Bad file descriptor (9)
I0625 14:43:41.633504     497 fork_posix.cc:71] Other threads are currently calling into gRPC, skipping fork() handlers
I0625 14:43:42.726251     497 fork_posix.cc:71] Other threads are currently calling into gRPC, skipping fork() handlers
E0625 14:43:42.758909    3988 completion_queue.cc:800] Kick failed: UNKNOWN:eventfd_write: Bad file descriptor (9)
I0625 14:43:43.822902     497 fork_posix.cc:71] Other threads are currently calling into gRPC, skipping fork() handlers
I0625 14:43:44.923717     497 fork_posix.cc:71] Other threads are currently calling into gRPC, skipping fork() handlers
I0625 14:43:46.024674     497 fork_posix.cc:71] Other threads are currently calling into gRPC, skipping fork() handlers
E0625 14:43:46.057793    4102 completion_queue.cc:800] Kick failed: UNKNOWN:eventfd_write: Bad file descriptor (9)
I0625 14:43:47.537185     497 fork_posix.cc:71] Other threads are currently calling into gRPC, skipping fork() handlers
E0625 14:43:47.572260    4144 ev_epoll1_linux.cc:309] epoll_ctl failed: Bad file descriptor (9)
E0625 14:43:47.572327    4144 ev_epoll1_linux.cc:309] epoll_ctl failed: Bad file descriptor (9)
I0625 14:43:48.641855     497 fork_posix.cc:71] Other threads are currently calling into gRPC, skipping fork() handlers
E0625 14:43:48.674538    4180 completion_queue.cc:800] Kick failed: UNKNOWN:eventfd_write: Bad file descriptor (9)
I0625 14:43:49.743798     497 fork_posix.cc:71] Other threads are currently calling into gRPC, skipping fork() handlers
I0625 14:43:50.841558     497 fork_posix.cc:71] Other threads are currently calling into gRPC, skipping fork() handlers
E0625 14:43:50.874527    4257 completion_queue.cc:800] Kick failed: UNKNOWN:eventfd_write: Bad file descriptor (9)
I0625 14:43:51.943694     497 fork_posix.cc:71] Other threads are currently calling into gRPC, skipping fork() handlers
I0625 14:43:53.042082     497 fork_posix.cc:71] Other threads are currently calling into gRPC, skipping fork() handlers
E0625 14:43:53.074982    4338 completion_queue.cc:800] Kick failed: UNKNOWN:eventfd_write: Bad file descriptor (9)
I0625 14:43:54.140385     497 fork_posix.cc:71] Other threads are currently calling into gRPC, skipping fork() handlers
I0625 14:43:55.269797     497 fork_posix.cc:71] Other threads are currently calling into gRPC, skipping fork() handlers
E0625 14:43:55.319989    4426 completion_queue.cc:800] Kick failed: UNKNOWN:eventfd_write: Bad file descriptor (9)
I0625 14:43:56.379913     497 fork_posix.cc:71] Other threads are currently calling into gRPC, skipping fork() handlers
I0625 14:43:57.480408     497 fork_posix.cc:71] Other threads are currently calling into gRPC, skipping fork() handlers
E0625 14:43:57.512813    4503 completion_queue.cc:800] Kick failed: UNKNOWN:eventfd_write: Bad file descriptor (9)
I0625 14:43:58.579384     497 fork_posix.cc:71] Other threads are currently calling into gRPC, skipping fork() handlers
E0625 14:43:58.613897    4540 ev_epoll1_linux.cc:309] epoll_ctl failed: Bad file descriptor (9)
E0625 14:43:58.614002    4540 completion_queue.cc:800] Kick failed: UNKNOWN:eventfd_write: Bad file descriptor (9)
I0625 14:43:59.679245     497 fork_posix.cc:71] Other threads are currently calling into gRPC, skipping fork() handlers
I0625 14:44:00.771395     497 fork_posix.cc:71] Other threads are currently calling into gRPC, skipping fork() handlers
I0625 14:44:01.863014     497 fork_posix.cc:71] Other threads are currently calling into gRPC, skipping fork() handlers
I0625 14:44:02.955598     497 fork_posix.cc:71] Other threads are currently calling into gRPC, skipping fork() handlers
E0625 14:44:02.988139    4695 completion_queue.cc:800] Kick failed: UNKNOWN:eventfd_write: Bad file descriptor (9)
I0625 14:44:04.057751     497 fork_posix.cc:71] Other threads are currently calling into gRPC, skipping fork() handlers
I0625 14:44:05.156630     497 fork_posix.cc:71] Other threads are currently calling into gRPC, skipping fork() handlers
I0625 14:44:06.263589     497 fork_posix.cc:71] Other threads are currently calling into gRPC, skipping fork() handlers
I0625 14:44:07.376571     497 fork_posix.cc:71] Other threads are currently calling into gRPC, skipping fork() handlers
E0625 14:44:07.409070    4853 completion_queue.cc:800] Kick failed: UNKNOWN:eventfd_write: Bad file descriptor (9)
I0625 14:44:08.472737     497 fork_posix.cc:71] Other threads are currently calling into gRPC, skipping fork() handlers
E0625 14:44:08.505005    4894 completion_queue.cc:800] Kick failed: UNKNOWN:eventfd_write: Bad file descriptor (9)
I0625 14:44:09.597483     497 fork_posix.cc:71] Other threads are currently calling into gRPC, skipping fork() handlers
E0625 14:44:09.648813    4927 completion_queue.cc:800] Kick failed: UNKNOWN:eventfd_write: Bad file descriptor (9)
E0625 14:44:09.650677    4927 ev_epoll1_linux.cc:309] epoll_ctl failed: Bad file descriptor (9)
I0625 14:44:10.714999     497 fork_posix.cc:71] Other threads are currently calling into gRPC, skipping fork() handlers
E0625 14:44:10.765176    4972 completion_queue.cc:800] Kick failed: UNKNOWN:eventfd_write: Bad file descriptor (9)
I0625 14:44:11.834545     497 fork_posix.cc:71] Other threads are currently calling into gRPC, skipping fork() handlers
E0625 14:44:11.867150    5010 completion_queue.cc:800] Kick failed: UNKNOWN:eventfd_write: Bad file descriptor (9)
I0625 14:44:12.926494     497 fork_posix.cc:71] Other threads are currently calling into gRPC, skipping fork() handlers
E0625 14:44:12.958917    5048 completion_queue.cc:800] Kick failed: UNKNOWN:eventfd_write: Bad file descriptor (9)
I0625 14:44:14.016954     497 fork_posix.cc:71] Other threads are currently calling into gRPC, skipping fork() handlers
E0625 14:44:14.049812    5085 completion_queue.cc:800] Kick failed: UNKNOWN:eventfd_write: Bad file descriptor (9)
I0625 14:44:15.116460     497 fork_posix.cc:71] Other threads are currently calling into gRPC, skipping fork() handlers
E0625 14:44:15.149066    5126 completion_queue.cc:800] Kick failed: UNKNOWN:eventfd_write: Bad file descriptor (9)
I0625 14:44:16.217095     497 fork_posix.cc:71] Other threads are currently calling into gRPC, skipping fork() handlers
E0625 14:44:16.250007    5164 completion_queue.cc:800] Kick failed: UNKNOWN:eventfd_write: Bad file descriptor (9)
I0625 14:44:17.725725     497 fork_posix.cc:71] Other threads are currently calling into gRPC, skipping fork() handlers
I0625 14:44:18.818420     497 fork_posix.cc:71] Other threads are currently calling into gRPC, skipping fork() handlers
E0625 14:44:18.851044    5239 completion_queue.cc:800] Kick failed: UNKNOWN:eventfd_write: Bad file descriptor (9)
I0625 14:44:19.911952     497 fork_posix.cc:71] Other threads are currently calling into gRPC, skipping fork() handlers
E0625 14:44:19.944344    5278 completion_queue.cc:800] Kick failed: UNKNOWN:eventfd_write: Bad file descriptor (9)
E0625 14:44:19.946208    5278 ev_epoll1_linux.cc:309] epoll_ctl failed: Bad file descriptor (9)
E0625 14:44:19.946234    5278 ev_epoll1_linux.cc:309] epoll_ctl failed: Bad file descriptor (9)
I0625 14:44:21.010063     497 fork_posix.cc:71] Other threads are currently calling into gRPC, skipping fork() handlers
E0625 14:44:21.042287    5316 completion_queue.cc:800] Kick failed: UNKNOWN:eventfd_write: Bad file descriptor (9)
I0625 14:44:22.421639     497 fork_posix.cc:71] Other threads are currently calling into gRPC, skipping fork() handlers
E0625 14:44:22.453882    5354 completion_queue.cc:800] Kick failed: UNKNOWN:eventfd_write: Bad file descriptor (9)
I0625 14:44:23.519558     497 fork_posix.cc:71] Other threads are currently calling into gRPC, skipping fork() handlers
E0625 14:44:23.551634    5392 completion_queue.cc:800] Kick failed: UNKNOWN:eventfd_write: Bad file descriptor (9)
I0625 14:44:24.659048     497 fork_posix.cc:71] Other threads are currently calling into gRPC, skipping fork() handlers
I0625 14:44:25.752442     497 fork_posix.cc:71] Other threads are currently calling into gRPC, skipping fork() handlers
E0625 14:44:25.784628    5468 completion_queue.cc:800] Kick failed: UNKNOWN:eventfd_write: Bad file descriptor (9)
I0625 14:44:26.901296     497 fork_posix.cc:71] Other threads are currently calling into gRPC, skipping fork() handlers
I0625 14:44:27.993088     497 fork_posix.cc:71] Other threads are currently calling into gRPC, skipping fork() handlers
E0625 14:44:28.025359    5544 completion_queue.cc:800] Kick failed: UNKNOWN:eventfd_write: Bad file descriptor (9)
I0625 14:44:29.136469     497 fork_posix.cc:71] Other threads are currently calling into gRPC, skipping fork() handlers
E0625 14:44:29.168475    5585 completion_queue.cc:800] Kick failed: UNKNOWN:eventfd_write: Bad file descriptor (9)
I0625 14:44:30.763998     497 fork_posix.cc:71] Other threads are currently calling into gRPC, skipping fork() handlers
E0625 14:44:30.797880    5624 ev_epoll1_linux.cc:309] epoll_ctl failed: Bad file descriptor (9)
E0625 14:44:30.797942    5624 ev_epoll1_linux.cc:309] epoll_ctl failed: Bad file descriptor (9)
I0625 14:44:31.860817     497 fork_posix.cc:71] Other threads are currently calling into gRPC, skipping fork() handlers
I0625 14:44:32.973839     497 fork_posix.cc:71] Other threads are currently calling into gRPC, skipping fork() handlers
I0625 14:44:34.090894     497 fork_posix.cc:71] Other threads are currently calling into gRPC, skipping fork() handlers
I0625 14:44:35.185866     497 fork_posix.cc:71] Other threads are currently calling into gRPC, skipping fork() handlers
I0625 14:44:36.277417     497 fork_posix.cc:71] Other threads are currently calling into gRPC, skipping fork() handlers
I0625 14:44:37.370379     497 fork_posix.cc:71] Other threads are currently calling into gRPC, skipping fork() handlers
I0625 14:44:38.624804     497 fork_posix.cc:71] Other threads are currently calling into gRPC, skipping fork() handlers
E0625 14:44:38.657379    5889 completion_queue.cc:800] Kick failed: UNKNOWN:eventfd_write: Bad file descriptor (9)
I0625 14:44:39.970164     497 fork_posix.cc:71] Other threads are currently calling into gRPC, skipping fork() handlers
I0625 14:44:41.063737     497 fork_posix.cc:71] Other threads are currently calling into gRPC, skipping fork() handlers
E0625 14:44:41.096068    5972 completion_queue.cc:800] Kick failed: UNKNOWN:eventfd_write: Bad file descriptor (9)
E0625 14:44:41.098011    5978 ev_epoll1_linux.cc:309] epoll_ctl failed: Bad file descriptor (9)
E0625 14:44:41.098036    5978 ev_epoll1_linux.cc:309] epoll_ctl failed: Bad file descriptor (9)
I0625 14:44:42.164380     497 fork_posix.cc:71] Other threads are currently calling into gRPC, skipping fork() handlers
I0625 14:44:43.256839     497 fork_posix.cc:71] Other threads are currently calling into gRPC, skipping fork() handlers
I0625 14:44:44.349028     497 fork_posix.cc:71] Other threads are currently calling into gRPC, skipping fork() handlers
I0625 14:44:45.446850     497 fork_posix.cc:71] Other threads are currently calling into gRPC, skipping fork() handlers
I0625 14:44:46.567895     497 fork_posix.cc:71] Other threads are currently calling into gRPC, skipping fork() handlers
I0625 14:44:47.981052     497 fork_posix.cc:71] Other threads are currently calling into gRPC, skipping fork() handlers
E0625 14:44:48.013482    6208 completion_queue.cc:800] Kick failed: UNKNOWN:eventfd_write: Bad file descriptor (9)
I0625 14:44:49.075294     497 fork_posix.cc:71] Other threads are currently calling into gRPC, skipping fork() handlers
E0625 14:44:49.107457    6244 completion_queue.cc:800] Kick failed: UNKNOWN:eventfd_write: Bad file descriptor (9)
I0625 14:44:50.580235     497 fork_posix.cc:71] Other threads are currently calling into gRPC, skipping fork() handlers
I0625 14:44:51.671947     497 fork_posix.cc:71] Other threads are currently calling into gRPC, skipping fork() handlers
E0625 14:44:51.704807    6322 completion_queue.cc:800] Kick failed: UNKNOWN:eventfd_write: Bad file descriptor (9)
E0625 14:44:51.707757    6326 ev_epoll1_linux.cc:309] epoll_ctl failed: Bad file descriptor (9)
E0625 14:44:51.707786    6326 ev_epoll1_linux.cc:309] epoll_ctl failed: Bad file descriptor (9)
I0625 14:44:52.768716     497 fork_posix.cc:71] Other threads are currently calling into gRPC, skipping fork() handlers
I0625 14:44:53.864460     497 fork_posix.cc:71] Other threads are currently calling into gRPC, skipping fork() handlers
E0625 14:44:53.896878    6397 completion_queue.cc:800] Kick failed: UNKNOWN:eventfd_write: Bad file descriptor (9)
I0625 14:44:54.960517     497 fork_posix.cc:71] Other threads are currently calling into gRPC, skipping fork() handlers
E0625 14:44:54.992833    6435 completion_queue.cc:800] Kick failed: UNKNOWN:eventfd_write: Bad file descriptor (9)
I0625 14:44:56.054128     497 fork_posix.cc:71] Other threads are currently calling into gRPC, skipping fork() handlers
I0625 14:44:57.149643     497 fork_posix.cc:71] Other threads are currently calling into gRPC, skipping fork() handlers
E0625 14:44:57.181710    6511 completion_queue.cc:800] Kick failed: UNKNOWN:eventfd_write: Bad file descriptor (9)
I0625 14:44:58.263360     497 fork_posix.cc:71] Other threads are currently calling into gRPC, skipping fork() handlers
I0625 14:44:59.360264     497 fork_posix.cc:71] Other threads are currently calling into gRPC, skipping fork() handlers
E0625 14:44:59.413064    6587 completion_queue.cc:800] Kick failed: UNKNOWN:eventfd_write: Bad file descriptor (9)
I0625 14:45:00.481114     497 fork_posix.cc:71] Other threads are currently calling into gRPC, skipping fork() handlers
I0625 14:45:01.845583     497 fork_posix.cc:71] Other threads are currently calling into gRPC, skipping fork() handlers
E0625 14:45:01.897065    6667 ev_epoll1_linux.cc:309] epoll_ctl failed: Bad file descriptor (9)
E0625 14:45:01.897128    6667 ev_epoll1_linux.cc:309] epoll_ctl failed: Bad file descriptor (9)
I0625 14:45:02.958631     497 fork_posix.cc:71] Other threads are currently calling into gRPC, skipping fork() handlers
E0625 14:45:03.016158    6703 completion_queue.cc:800] Kick failed: UNKNOWN:eventfd_write: Bad file descriptor (9)
I0625 14:45:04.081982     497 fork_posix.cc:71] Other threads are currently calling into gRPC, skipping fork() handlers
I0625 14:45:05.198412     497 fork_posix.cc:71] Other threads are currently calling into gRPC, skipping fork() handlers
E0625 14:45:05.250222    6777 completion_queue.cc:800] Kick failed: UNKNOWN:eventfd_write: Bad file descriptor (9)
I0625 14:45:06.368255     497 fork_posix.cc:71] Other threads are currently calling into gRPC, skipping fork() handlers
E0625 14:45:06.426095    6815 completion_queue.cc:800] Kick failed: UNKNOWN:eventfd_write: Bad file descriptor (9)
I0625 14:45:07.746511     497 fork_posix.cc:71] Other threads are currently calling into gRPC, skipping fork() handlers
I0625 14:45:08.859033     497 fork_posix.cc:71] Other threads are currently calling into gRPC, skipping fork() handlers
E0625 14:45:08.891551    6894 completion_queue.cc:800] Kick failed: UNKNOWN:eventfd_write: Bad file descriptor (9)
I0625 14:45:09.960774     497 fork_posix.cc:71] Other threads are currently calling into gRPC, skipping fork() handlers
I0625 14:45:11.055821     497 fork_posix.cc:71] Other threads are currently calling into gRPC, skipping fork() handlers
E0625 14:45:11.107131    6972 completion_queue.cc:800] Kick failed: UNKNOWN:eventfd_write: Bad file descriptor (9)
I0625 14:45:12.170258     497 fork_posix.cc:71] Other threads are currently calling into gRPC, skipping fork() handlers
E0625 14:45:12.223391    7011 ev_epoll1_linux.cc:309] epoll_ctl failed: Bad file descriptor (9)
E0625 14:45:12.223502    7011 completion_queue.cc:800] Kick failed: UNKNOWN:eventfd_write: Bad file descriptor (9)
I0625 14:45:13.824433     497 fork_posix.cc:71] Other threads are currently calling into gRPC, skipping fork() handlers
I0625 14:45:14.935750     497 fork_posix.cc:71] Other threads are currently calling into gRPC, skipping fork() handlers
I0625 14:45:16.082781     497 fork_posix.cc:71] Other threads are currently calling into gRPC, skipping fork() handlers
I0625 14:45:17.199278     497 fork_posix.cc:71] Other threads are currently calling into gRPC, skipping fork() handlers
E0625 14:45:17.250159    7162 completion_queue.cc:800] Kick failed: UNKNOWN:eventfd_write: Bad file descriptor (9)
I0625 14:45:18.315868     497 fork_posix.cc:71] Other threads are currently calling into gRPC, skipping fork() handlers
E0625 14:45:18.373478    7187 completion_queue.cc:800] Kick failed: UNKNOWN:eventfd_write: Bad file descriptor (9)
I0625 14:45:19.438501     497 fork_posix.cc:71] Other threads are currently calling into gRPC, skipping fork() handlers
E0625 14:45:19.471515    7249 completion_queue.cc:800] Kick failed: UNKNOWN:eventfd_write: Bad file descriptor (9)
I0625 14:45:20.534943     497 fork_posix.cc:71] Other threads are currently calling into gRPC, skipping fork() handlers
E0625 14:45:20.585572    7287 completion_queue.cc:800] Kick failed: UNKNOWN:eventfd_write: Bad file descriptor (9)
I0625 14:45:21.648887     497 fork_posix.cc:71] Other threads are currently calling into gRPC, skipping fork() handlers
E0625 14:45:21.706369    7322 completion_queue.cc:800] Kick failed: UNKNOWN:eventfd_write: Bad file descriptor (9)
I0625 14:45:22.776582     497 fork_posix.cc:71] Other threads are currently calling into gRPC, skipping fork() handlers
E0625 14:45:22.821042    7362 completion_queue.cc:800] Kick failed: UNKNOWN:eventfd_write: Bad file descriptor (9)
E0625 14:45:22.822938    7366 ev_epoll1_linux.cc:309] epoll_ctl failed: Bad file descriptor (9)
I0625 14:45:23.887159     497 fork_posix.cc:71] Other threads are currently calling into gRPC, skipping fork() handlers
E0625 14:45:23.936900    7400 completion_queue.cc:800] Kick failed: UNKNOWN:eventfd_write: Bad file descriptor (9)
I0625 14:45:25.023602     497 fork_posix.cc:71] Other threads are currently calling into gRPC, skipping fork() handlers
E0625 14:45:25.072532    7438 completion_queue.cc:800] Kick failed: UNKNOWN:eventfd_write: Bad file descriptor (9)
I0625 14:45:26.135917     497 fork_posix.cc:71] Other threads are currently calling into gRPC, skipping fork() handlers
E0625 14:45:26.186855    7476 completion_queue.cc:800] Kick failed: UNKNOWN:eventfd_write: Bad file descriptor (9)
I0625 14:45:27.251945     497 fork_posix.cc:71] Other threads are currently calling into gRPC, skipping fork() handlers
E0625 14:45:27.307165    7513 completion_queue.cc:800] Kick failed: UNKNOWN:eventfd_write: Bad file descriptor (9)
I0625 14:45:28.921734     497 fork_posix.cc:71] Other threads are currently calling into gRPC, skipping fork() handlers
E0625 14:45:28.976568    7555 completion_queue.cc:800] Kick failed: UNKNOWN:eventfd_write: Bad file descriptor (9)
I0625 14:45:30.046823     497 fork_posix.cc:71] Other threads are currently calling into gRPC, skipping fork() handlers
E0625 14:45:30.091256    7592 completion_queue.cc:800] Kick failed: UNKNOWN:eventfd_write: Bad file descriptor (9)
I0625 14:45:31.152179     497 fork_posix.cc:71] Other threads are currently calling into gRPC, skipping fork() handlers
I0625 14:45:32.271661     497 fork_posix.cc:71] Other threads are currently calling into gRPC, skipping fork() handlers
E0625 14:45:32.318933    7669 completion_queue.cc:800] Kick failed: UNKNOWN:eventfd_write: Bad file descriptor (9)
I0625 14:45:33.383538     497 fork_posix.cc:71] Other threads are currently calling into gRPC, skipping fork() handlers
E0625 14:45:33.418361    7706 ev_epoll1_linux.cc:309] epoll_ctl failed: Bad file descriptor (9)
E0625 14:45:33.418422    7706 ev_epoll1_linux.cc:309] epoll_ctl failed: Bad file descriptor (9)
E0625 14:45:33.418476    7706 completion_queue.cc:800] Kick failed: UNKNOWN:eventfd_write: Bad file descriptor (9)
I0625 14:45:34.496368     497 fork_posix.cc:71] Other threads are currently calling into gRPC, skipping fork() handlers
E0625 14:45:34.535933    7744 completion_queue.cc:800] Kick failed: UNKNOWN:eventfd_write: Bad file descriptor (9)
I0625 14:45:35.594763     497 fork_posix.cc:71] Other threads are currently calling into gRPC, skipping fork() handlers
I0625 14:45:36.687741     497 fork_posix.cc:71] Other threads are currently calling into gRPC, skipping fork() handlers
E0625 14:45:36.720011    7821 completion_queue.cc:800] Kick failed: UNKNOWN:eventfd_write: Bad file descriptor (9)
I0625 14:45:37.779093     497 fork_posix.cc:71] Other threads are currently calling into gRPC, skipping fork() handlers
I0625 14:45:38.872633     497 fork_posix.cc:71] Other threads are currently calling into gRPC, skipping fork() handlers
I0625 14:45:40.225342     497 fork_posix.cc:71] Other threads are currently calling into gRPC, skipping fork() handlers
I0625 14:45:41.320697     497 fork_posix.cc:71] Other threads are currently calling into gRPC, skipping fork() handlers
E0625 14:45:41.353157    7971 completion_queue.cc:800] Kick failed: UNKNOWN:eventfd_write: Bad file descriptor (9)
I0625 14:45:42.412928     497 fork_posix.cc:71] Other threads are currently calling into gRPC, skipping fork() handlers
I0625 14:45:43.518811     497 fork_posix.cc:71] Other threads are currently calling into gRPC, skipping fork() handlers
E0625 14:45:43.551198    8050 completion_queue.cc:800] Kick failed: UNKNOWN:eventfd_write: Bad file descriptor (9)
E0625 14:45:43.553794    8050 ev_epoll1_linux.cc:309] epoll_ctl failed: Bad file descriptor (9)
E0625 14:45:43.553825    8050 ev_epoll1_linux.cc:309] epoll_ctl failed: Bad file descriptor (9)
I0625 14:45:44.631807     497 fork_posix.cc:71] Other threads are currently calling into gRPC, skipping fork() handlers
I0625 14:45:45.722855     497 fork_posix.cc:71] Other threads are currently calling into gRPC, skipping fork() handlers
E0625 14:45:45.755284    8126 completion_queue.cc:800] Kick failed: UNKNOWN:eventfd_write: Bad file descriptor (9)
I0625 14:45:46.815659     497 fork_posix.cc:71] Other threads are currently calling into gRPC, skipping fork() handlers
I0625 14:45:47.914319     497 fork_posix.cc:71] Other threads are currently calling into gRPC, skipping fork() handlers
I0625 14:45:49.008103     497 fork_posix.cc:71] Other threads are currently calling into gRPC, skipping fork() handlers
E0625 14:45:49.040185    8241 completion_queue.cc:800] Kick failed: UNKNOWN:eventfd_write: Bad file descriptor (9)
I0625 14:45:50.104744     497 fork_posix.cc:71] Other threads are currently calling into gRPC, skipping fork() handlers
I0625 14:45:51.196545     497 fork_posix.cc:71] Other threads are currently calling into gRPC, skipping fork() handlers
E0625 14:45:51.228706    8317 completion_queue.cc:800] Kick failed: UNKNOWN:eventfd_write: Bad file descriptor (9)
I0625 14:45:52.286840     497 fork_posix.cc:71] Other threads are currently calling into gRPC, skipping fork() handlers
I0625 14:45:53.384319     497 fork_posix.cc:71] Other threads are currently calling into gRPC, skipping fork() handlers
I0625 14:45:54.726949     497 fork_posix.cc:71] Other threads are currently calling into gRPC, skipping fork() handlers
E0625 14:45:54.760870    8437 ev_epoll1_linux.cc:309] epoll_ctl failed: Bad file descriptor (9)
E0625 14:45:54.760933    8437 ev_epoll1_linux.cc:309] epoll_ctl failed: Bad file descriptor (9)
I0625 14:45:56.067219     497 fork_posix.cc:71] Other threads are currently calling into gRPC, skipping fork() handlers
E0625 14:45:56.107684    8471 completion_queue.cc:800] Kick failed: UNKNOWN:eventfd_write: Bad file descriptor (9)
I0625 14:45:57.166706     497 fork_posix.cc:71] Other threads are currently calling into gRPC, skipping fork() handlers
E0625 14:45:57.199321    8507 completion_queue.cc:800] Kick failed: UNKNOWN:eventfd_write: Bad file descriptor (9)
I0625 14:45:58.260391     497 fork_posix.cc:71] Other threads are currently calling into gRPC, skipping fork() handlers
E0625 14:45:58.292398    8547 completion_queue.cc:800] Kick failed: UNKNOWN:eventfd_write: Bad file descriptor (9)
I0625 14:45:59.351742     497 fork_posix.cc:71] Other threads are currently calling into gRPC, skipping fork() handlers
E0625 14:45:59.384208    8586 completion_queue.cc:800] Kick failed: UNKNOWN:eventfd_write: Bad file descriptor (9)
I0625 14:46:00.444507     497 fork_posix.cc:71] Other threads are currently calling into gRPC, skipping fork() handlers
E0625 14:46:00.476381    8625 completion_queue.cc:800] Kick failed: UNKNOWN:eventfd_write: Bad file descriptor (9)
I0625 14:46:01.564092     497 fork_posix.cc:71] Other threads are currently calling into gRPC, skipping fork() handlers
I0625 14:46:02.657764     497 fork_posix.cc:71] Other threads are currently calling into gRPC, skipping fork() handlers
E0625 14:46:02.689936    8702 completion_queue.cc:800] Kick failed: UNKNOWN:eventfd_write: Bad file descriptor (9)
I0625 14:46:04.287688     497 fork_posix.cc:71] Other threads are currently calling into gRPC, skipping fork() handlers
E0625 14:46:04.319908    8742 completion_queue.cc:800] Kick failed: UNKNOWN:eventfd_write: Bad file descriptor (9)
I0625 14:46:05.671644     497 fork_posix.cc:71] Other threads are currently calling into gRPC, skipping fork() handlers
E0625 14:46:05.705610    8782 ev_epoll1_linux.cc:309] epoll_ctl failed: Bad file descriptor (9)
I0625 14:46:06.766480     497 fork_posix.cc:71] Other threads are currently calling into gRPC, skipping fork() handlers
I0625 14:46:08.105329     497 fork_posix.cc:71] Other threads are currently calling into gRPC, skipping fork() handlers
I0625 14:46:09.205154     497 fork_posix.cc:71] Other threads are currently calling into gRPC, skipping fork() handlers
I0625 14:46:10.317751     497 fork_posix.cc:71] Other threads are currently calling into gRPC, skipping fork() handlers
I0625 14:46:11.449155     497 fork_posix.cc:71] Other threads are currently calling into gRPC, skipping fork() handlers
I0625 14:46:12.550536     497 fork_posix.cc:71] Other threads are currently calling into gRPC, skipping fork() handlers
I0625 14:46:13.927691     497 fork_posix.cc:71] Other threads are currently calling into gRPC, skipping fork() handlers
E0625 14:46:13.983305    9049 completion_queue.cc:800] Kick failed: UNKNOWN:eventfd_write: Bad file descriptor (9)
I0625 14:46:15.382170     497 fork_posix.cc:71] Other threads are currently calling into gRPC, skipping fork() handlers
I0625 14:46:16.501215     497 fork_posix.cc:71] Other threads are currently calling into gRPC, skipping fork() handlers
E0625 14:46:16.534585    9123 completion_queue.cc:800] Kick failed: UNKNOWN:eventfd_write: Bad file descriptor (9)
E0625 14:46:16.536485    9129 ev_epoll1_linux.cc:309] epoll_ctl failed: Bad file descriptor (9)
E0625 14:46:16.536511    9129 ev_epoll1_linux.cc:309] epoll_ctl failed: Bad file descriptor (9)
I0625 14:46:17.597799     497 fork_posix.cc:71] Other threads are currently calling into gRPC, skipping fork() handlers
E0625 14:46:17.630465    9164 completion_queue.cc:800] Kick failed: UNKNOWN:eventfd_write: Bad file descriptor (9)
I0625 14:46:18.698638     497 fork_posix.cc:71] Other threads are currently calling into gRPC, skipping fork() handlers
E0625 14:46:18.731045    9203 completion_queue.cc:800] Kick failed: UNKNOWN:eventfd_write: Bad file descriptor (9)
I0625 14:46:19.795842     497 fork_posix.cc:71] Other threads are currently calling into gRPC, skipping fork() handlers
E0625 14:46:19.828300    9243 completion_queue.cc:800] Kick failed: UNKNOWN:eventfd_write: Bad file descriptor (9)
[92mINFO [0m:      Sent reply
[92mINFO [0m:      
[92mINFO [0m:      Received: evaluate message 7ba04047-d812-4a1b-9328-0f749995aa10
I0625 14:48:11.312682   65364 fork_posix.cc:71] Other threads are currently calling into gRPC, skipping fork() handlers
I0625 14:48:11.356786   10191 fork_posix.cc:71] Other threads are currently calling into gRPC, skipping fork() handlers
I0625 14:48:11.400152   65364 fork_posix.cc:71] Other threads are currently calling into gRPC, skipping fork() handlers
E0625 14:48:11.402073   10247 ev_epoll1_linux.cc:309] epoll_ctl failed: Bad file descriptor (9)
E0625 14:48:11.402182   10247 completion_queue.cc:800] Kick failed: UNKNOWN:eventfd_write: Bad file descriptor (9)
[92mINFO [0m:      Sent reply
[92mINFO [0m:      
[92mINFO [0m:      Received: train message a4f75ca3-6e7f-4b7a-98cd-8a34d8c613ca
I0625 14:49:19.688478   65364 fork_posix.cc:71] Other threads are currently calling into gRPC, skipping fork() handlers
I0625 14:49:19.728100   10632 fork_posix.cc:71] Other threads are currently calling into gRPC, skipping fork() handlers
E0625 14:49:19.767425   10686 completion_queue.cc:800] Kick failed: UNKNOWN:eventfd_write: Bad file descriptor (9)
I0625 14:49:19.767987   65364 fork_posix.cc:71] Other threads are currently calling into gRPC, skipping fork() handlers
E0625 14:49:19.769350   10686 ev_epoll1_linux.cc:309] epoll_ctl failed: Bad file descriptor (9)
E0625 14:49:19.769376   10686 ev_epoll1_linux.cc:309] epoll_ctl failed: Bad file descriptor (9)
[92mINFO [0m:      Sent reply
[92mINFO [0m:      
[92mINFO [0m:      Received: evaluate message 1aea91fa-1f43-44bc-ba1d-3bae1c6923ed
I0625 14:55:12.353949   65364 fork_posix.cc:71] Other threads are currently calling into gRPC, skipping fork() handlers
I0625 14:55:12.398342   11184 fork_posix.cc:71] Other threads are currently calling into gRPC, skipping fork() handlers
I0625 14:55:12.441090   65364 fork_posix.cc:71] Other threads are currently calling into gRPC, skipping fork() handlers
E0625 14:55:12.441169   11250 completion_queue.cc:800] Kick failed: UNKNOWN:eventfd_write: Bad file descriptor (9)
E0625 14:55:12.442997   11253 ev_epoll1_linux.cc:309] epoll_ctl failed: Bad file descriptor (9)
E0625 14:55:12.443019   11253 ev_epoll1_linux.cc:309] epoll_ctl failed: Bad file descriptor (9)
[92mINFO [0m:      Sent reply
[92mINFO [0m:      
[92mINFO [0m:      Received: train message a9fa90a5-df4b-49df-8357-ecab208b8f94
I0625 14:56:17.047202   65364 fork_posix.cc:71] Other threads are currently calling into gRPC, skipping fork() handlers
I0625 14:56:17.087424   11410 fork_posix.cc:71] Other threads are currently calling into gRPC, skipping fork() handlers
E0625 14:56:17.129114   11466 ev_epoll1_linux.cc:309] epoll_ctl failed: Bad file descriptor (9)
E0625 14:56:17.129216   11466 completion_queue.cc:800] Kick failed: UNKNOWN:eventfd_write: Bad file descriptor (9)
I0625 14:56:17.146765   65364 fork_posix.cc:71] Other threads are currently calling into gRPC, skipping fork() handlers
I0625 14:56:18.198324   11410 fork_posix.cc:71] Other threads are currently calling into gRPC, skipping fork() handlers
I0625 14:56:19.307217   11410 fork_posix.cc:71] Other threads are currently calling into gRPC, skipping fork() handlers
E0625 14:56:19.374130   11617 completion_queue.cc:800] Kick failed: UNKNOWN:eventfd_write: Bad file descriptor (9)
I0625 14:56:20.449621   11410 fork_posix.cc:71] Other threads are currently calling into gRPC, skipping fork() handlers
I0625 14:56:21.589714   11410 fork_posix.cc:71] Other threads are currently calling into gRPC, skipping fork() handlers
I0625 14:56:22.735801   11410 fork_posix.cc:71] Other threads are currently calling into gRPC, skipping fork() handlers
I0625 14:56:23.895353   11410 fork_posix.cc:71] Other threads are currently calling into gRPC, skipping fork() handlers
I0625 14:56:25.035923   11410 fork_posix.cc:71] Other threads are currently calling into gRPC, skipping fork() handlers
I0625 14:56:26.157555   11410 fork_posix.cc:71] Other threads are currently calling into gRPC, skipping fork() handlers
I0625 14:56:27.291354   11410 fork_posix.cc:71] Other threads are currently calling into gRPC, skipping fork() handlers
E0625 14:56:27.357274   11884 completion_queue.cc:800] Kick failed: UNKNOWN:eventfd_write: Bad file descriptor (9)
E0625 14:56:27.359140   11884 ev_epoll1_linux.cc:309] epoll_ctl failed: Bad file descriptor (9)
E0625 14:56:27.359165   11884 ev_epoll1_linux.cc:309] epoll_ctl failed: Bad file descriptor (9)
I0625 14:56:28.430426   11410 fork_posix.cc:71] Other threads are currently calling into gRPC, skipping fork() handlers
I0625 14:56:29.563024   11410 fork_posix.cc:71] Other threads are currently calling into gRPC, skipping fork() handlers
E0625 14:56:29.617942   11962 completion_queue.cc:800] Kick failed: UNKNOWN:eventfd_write: Bad file descriptor (9)
I0625 14:56:30.881856   11410 fork_posix.cc:71] Other threads are currently calling into gRPC, skipping fork() handlers
I0625 14:56:32.017585   11410 fork_posix.cc:71] Other threads are currently calling into gRPC, skipping fork() handlers
E0625 14:56:32.075750   12038 completion_queue.cc:800] Kick failed: UNKNOWN:eventfd_write: Bad file descriptor (9)
I0625 14:56:33.144158   11410 fork_posix.cc:71] Other threads are currently calling into gRPC, skipping fork() handlers
I0625 14:56:34.263459   11410 fork_posix.cc:71] Other threads are currently calling into gRPC, skipping fork() handlers
E0625 14:56:34.327285   12114 completion_queue.cc:800] Kick failed: UNKNOWN:eventfd_write: Bad file descriptor (9)
I0625 14:56:35.401466   11410 fork_posix.cc:71] Other threads are currently calling into gRPC, skipping fork() handlers
I0625 14:56:36.542230   11410 fork_posix.cc:71] Other threads are currently calling into gRPC, skipping fork() handlers
I0625 14:56:37.682762   11410 fork_posix.cc:71] Other threads are currently calling into gRPC, skipping fork() handlers
E0625 14:56:37.747789   12234 ev_epoll1_linux.cc:309] epoll_ctl failed: Bad file descriptor (9)
I0625 14:56:38.839763   11410 fork_posix.cc:71] Other threads are currently calling into gRPC, skipping fork() handlers
E0625 14:56:38.903871   12265 completion_queue.cc:800] Kick failed: UNKNOWN:eventfd_write: Bad file descriptor (9)
I0625 14:56:39.987046   11410 fork_posix.cc:71] Other threads are currently calling into gRPC, skipping fork() handlers
E0625 14:56:40.054316   12303 completion_queue.cc:800] Kick failed: UNKNOWN:eventfd_write: Bad file descriptor (9)
I0625 14:56:41.848691   11410 fork_posix.cc:71] Other threads are currently calling into gRPC, skipping fork() handlers
E0625 14:56:41.913052   12342 completion_queue.cc:800] Kick failed: UNKNOWN:eventfd_write: Bad file descriptor (9)
I0625 14:56:42.988277   11410 fork_posix.cc:71] Other threads are currently calling into gRPC, skipping fork() handlers
I0625 14:56:44.124380   11410 fork_posix.cc:71] Other threads are currently calling into gRPC, skipping fork() handlers
I0625 14:56:45.265262   11410 fork_posix.cc:71] Other threads are currently calling into gRPC, skipping fork() handlers
E0625 14:56:45.329810   12455 completion_queue.cc:800] Kick failed: UNKNOWN:eventfd_write: Bad file descriptor (9)
I0625 14:56:46.401783   11410 fork_posix.cc:71] Other threads are currently calling into gRPC, skipping fork() handlers
I0625 14:56:47.546021   11410 fork_posix.cc:71] Other threads are currently calling into gRPC, skipping fork() handlers
E0625 14:56:47.609569   12532 completion_queue.cc:800] Kick failed: UNKNOWN:eventfd_write: Bad file descriptor (9)
I0625 14:56:48.679341   11410 fork_posix.cc:71] Other threads are currently calling into gRPC, skipping fork() handlers
E0625 14:56:48.745349   12572 ev_epoll1_linux.cc:309] epoll_ctl failed: Bad file descriptor (9)
I0625 14:56:49.818803   11410 fork_posix.cc:71] Other threads are currently calling into gRPC, skipping fork() handlers
E0625 14:56:49.862719   12608 completion_queue.cc:800] Kick failed: UNKNOWN:eventfd_write: Bad file descriptor (9)
I0625 14:56:50.977227   11410 fork_posix.cc:71] Other threads are currently calling into gRPC, skipping fork() handlers
E0625 14:56:51.041092   12646 completion_queue.cc:800] Kick failed: UNKNOWN:eventfd_write: Bad file descriptor (9)
I0625 14:56:52.116395   11410 fork_posix.cc:71] Other threads are currently calling into gRPC, skipping fork() handlers
I0625 14:56:53.258426   11410 fork_posix.cc:71] Other threads are currently calling into gRPC, skipping fork() handlers
E0625 14:56:53.318945   12722 completion_queue.cc:800] Kick failed: UNKNOWN:eventfd_write: Bad file descriptor (9)
I0625 14:56:54.391876   11410 fork_posix.cc:71] Other threads are currently calling into gRPC, skipping fork() handlers
I0625 14:56:55.536457   11410 fork_posix.cc:71] Other threads are currently calling into gRPC, skipping fork() handlers
I0625 14:56:57.212643   11410 fork_posix.cc:71] Other threads are currently calling into gRPC, skipping fork() handlers
I0625 14:56:58.349589   11410 fork_posix.cc:71] Other threads are currently calling into gRPC, skipping fork() handlers
I0625 14:56:59.887442   11410 fork_posix.cc:71] Other threads are currently calling into gRPC, skipping fork() handlers
E0625 14:56:59.929235   12919 ev_epoll1_linux.cc:309] epoll_ctl failed: Bad file descriptor (9)
I0625 14:57:00.999094   11410 fork_posix.cc:71] Other threads are currently calling into gRPC, skipping fork() handlers
I0625 14:57:02.113662   11410 fork_posix.cc:71] Other threads are currently calling into gRPC, skipping fork() handlers
I0625 14:57:03.635429   11410 fork_posix.cc:71] Other threads are currently calling into gRPC, skipping fork() handlers
I0625 14:57:04.745891   11410 fork_posix.cc:71] Other threads are currently calling into gRPC, skipping fork() handlers
E0625 14:57:04.785737   13070 completion_queue.cc:800] Kick failed: UNKNOWN:eventfd_write: Bad file descriptor (9)
I0625 14:57:05.877632   11410 fork_posix.cc:71] Other threads are currently calling into gRPC, skipping fork() handlers
I0625 14:57:07.405300   11410 fork_posix.cc:71] Other threads are currently calling into gRPC, skipping fork() handlers
I0625 14:57:08.520310   11410 fork_posix.cc:71] Other threads are currently calling into gRPC, skipping fork() handlers
E0625 14:57:08.560701   13184 completion_queue.cc:800] Kick failed: UNKNOWN:eventfd_write: Bad file descriptor (9)
I0625 14:57:09.631852   11410 fork_posix.cc:71] Other threads are currently calling into gRPC, skipping fork() handlers
I0625 14:57:10.995145   11410 fork_posix.cc:71] Other threads are currently calling into gRPC, skipping fork() handlers
E0625 14:57:11.035833   13261 completion_queue.cc:800] Kick failed: UNKNOWN:eventfd_write: Bad file descriptor (9)
E0625 14:57:11.037680   13261 ev_epoll1_linux.cc:309] epoll_ctl failed: Bad file descriptor (9)
E0625 14:57:11.037704   13261 ev_epoll1_linux.cc:309] epoll_ctl failed: Bad file descriptor (9)
I0625 14:57:12.355746   11410 fork_posix.cc:71] Other threads are currently calling into gRPC, skipping fork() handlers
E0625 14:57:12.395791   13300 completion_queue.cc:800] Kick failed: UNKNOWN:eventfd_write: Bad file descriptor (9)
I0625 14:57:13.471276   11410 fork_posix.cc:71] Other threads are currently calling into gRPC, skipping fork() handlers
I0625 14:57:14.631781   11410 fork_posix.cc:71] Other threads are currently calling into gRPC, skipping fork() handlers
E0625 14:57:14.672545   13357 completion_queue.cc:800] Kick failed: UNKNOWN:eventfd_write: Bad file descriptor (9)
I0625 14:57:15.742169   11410 fork_posix.cc:71] Other threads are currently calling into gRPC, skipping fork() handlers
I0625 14:57:16.862386   11410 fork_posix.cc:71] Other threads are currently calling into gRPC, skipping fork() handlers
E0625 14:57:16.925093   13452 completion_queue.cc:800] Kick failed: UNKNOWN:eventfd_write: Bad file descriptor (9)
I0625 14:57:18.009891   11410 fork_posix.cc:71] Other threads are currently calling into gRPC, skipping fork() handlers
E0625 14:57:18.050611   13482 completion_queue.cc:800] Kick failed: UNKNOWN:eventfd_write: Bad file descriptor (9)
I0625 14:57:19.438838   11410 fork_posix.cc:71] Other threads are currently calling into gRPC, skipping fork() handlers
E0625 14:57:19.479308   13533 completion_queue.cc:800] Kick failed: UNKNOWN:eventfd_write: Bad file descriptor (9)
I0625 14:57:20.549358   11410 fork_posix.cc:71] Other threads are currently calling into gRPC, skipping fork() handlers
I0625 14:57:21.659919   11410 fork_posix.cc:71] Other threads are currently calling into gRPC, skipping fork() handlers
E0625 14:57:21.701545   13613 completion_queue.cc:800] Kick failed: UNKNOWN:eventfd_write: Bad file descriptor (9)
E0625 14:57:21.701604   13607 ev_epoll1_linux.cc:309] epoll_ctl failed: Bad file descriptor (9)
E0625 14:57:21.701629   13607 ev_epoll1_linux.cc:309] epoll_ctl failed: Bad file descriptor (9)
I0625 14:57:22.779335   11410 fork_posix.cc:71] Other threads are currently calling into gRPC, skipping fork() handlers
I0625 14:57:23.890197   11410 fork_posix.cc:71] Other threads are currently calling into gRPC, skipping fork() handlers
I0625 14:57:25.008429   11410 fork_posix.cc:71] Other threads are currently calling into gRPC, skipping fork() handlers
I0625 14:57:26.124552   11410 fork_posix.cc:71] Other threads are currently calling into gRPC, skipping fork() handlers
I0625 14:57:27.232954   11410 fork_posix.cc:71] Other threads are currently calling into gRPC, skipping fork() handlers
I0625 14:57:28.347845   11410 fork_posix.cc:71] Other threads are currently calling into gRPC, skipping fork() handlers
E0625 14:57:28.388017   13837 completion_queue.cc:800] Kick failed: UNKNOWN:eventfd_write: Bad file descriptor (9)
I0625 14:57:29.477808   11410 fork_posix.cc:71] Other threads are currently calling into gRPC, skipping fork() handlers
E0625 14:57:29.517631   13875 completion_queue.cc:800] Kick failed: UNKNOWN:eventfd_write: Bad file descriptor (9)
I0625 14:57:30.831447   11410 fork_posix.cc:71] Other threads are currently calling into gRPC, skipping fork() handlers
E0625 14:57:30.871228   13914 completion_queue.cc:800] Kick failed: UNKNOWN:eventfd_write: Bad file descriptor (9)
I0625 14:57:31.946607   11410 fork_posix.cc:71] Other threads are currently calling into gRPC, skipping fork() handlers
E0625 14:57:31.986497   13951 completion_queue.cc:800] Kick failed: UNKNOWN:eventfd_write: Bad file descriptor (9)
E0625 14:57:31.988381   13954 ev_epoll1_linux.cc:309] epoll_ctl failed: Bad file descriptor (9)
[mutex.cc : 2443] RAW: Check w->waitp->cond == nullptr failed: Mutex::Fer while waiting on Condition
I0625 14:58:38.408280   11410 fork_posix.cc:71] Other threads are currently calling into gRPC, skipping fork() handlers
E0625 14:58:38.448390   14089 completion_queue.cc:800] Kick failed: UNKNOWN:eventfd_write: Bad file descriptor (9)
E0625 14:58:38.450329   14092 ev_epoll1_linux.cc:309] epoll_ctl failed: Bad file descriptor (9)
[mutex.cc : 2443] RAW: Check w->waitp->cond == nullptr failed: Mutex::Fer while waiting on Condition
I0625 14:59:50.001808   11410 fork_posix.cc:71] Other threads are currently calling into gRPC, skipping fork() handlers
E0625 14:59:50.043569   14197 ev_epoll1_linux.cc:309] epoll_ctl failed: Bad file descriptor (9)
E0625 14:59:50.043630   14197 ev_epoll1_linux.cc:309] epoll_ctl failed: Bad file descriptor (9)
E0625 14:59:50.043686   14197 completion_queue.cc:800] Kick failed: UNKNOWN:eventfd_write: Bad file descriptor (9)
I0625 14:59:51.118495   11410 fork_posix.cc:71] Other threads are currently calling into gRPC, skipping fork() handlers
E0625 14:59:51.158813   14235 completion_queue.cc:800] Kick failed: UNKNOWN:eventfd_write: Bad file descriptor (9)
I0625 14:59:52.226939   11410 fork_posix.cc:71] Other threads are currently calling into gRPC, skipping fork() handlers
I0625 14:59:53.341165   11410 fork_posix.cc:71] Other threads are currently calling into gRPC, skipping fork() handlers
E0625 14:59:53.381587   14311 completion_queue.cc:800] Kick failed: UNKNOWN:eventfd_write: Bad file descriptor (9)
I0625 14:59:54.864111   11410 fork_posix.cc:71] Other threads are currently calling into gRPC, skipping fork() handlers
I0625 14:59:56.391569   11410 fork_posix.cc:71] Other threads are currently calling into gRPC, skipping fork() handlers
E0625 14:59:56.431894   14390 completion_queue.cc:800] Kick failed: UNKNOWN:eventfd_write: Bad file descriptor (9)
I0625 14:59:57.504876   11410 fork_posix.cc:71] Other threads are currently calling into gRPC, skipping fork() handlers
E0625 14:59:57.544979   14426 completion_queue.cc:800] Kick failed: UNKNOWN:eventfd_write: Bad file descriptor (9)
I0625 14:59:58.618679   11410 fork_posix.cc:71] Other threads are currently calling into gRPC, skipping fork() handlers
E0625 14:59:58.658890   14466 completion_queue.cc:800] Kick failed: UNKNOWN:eventfd_write: Bad file descriptor (9)
I0625 14:59:59.974301   11410 fork_posix.cc:71] Other threads are currently calling into gRPC, skipping fork() handlers
E0625 15:00:00.013976   14502 completion_queue.cc:800] Kick failed: UNKNOWN:eventfd_write: Bad file descriptor (9)
I0625 15:00:01.087801   11410 fork_posix.cc:71] Other threads are currently calling into gRPC, skipping fork() handlers
E0625 15:00:01.129826   14540 ev_epoll1_linux.cc:309] epoll_ctl failed: Bad file descriptor (9)
E0625 15:00:01.129940   14540 completion_queue.cc:800] Kick failed: UNKNOWN:eventfd_write: Bad file descriptor (9)
I0625 15:00:02.200056   11410 fork_posix.cc:71] Other threads are currently calling into gRPC, skipping fork() handlers
I0625 15:00:03.316545   11410 fork_posix.cc:71] Other threads are currently calling into gRPC, skipping fork() handlers
I0625 15:00:04.425178   11410 fork_posix.cc:71] Other threads are currently calling into gRPC, skipping fork() handlers
I0625 15:00:05.548612   11410 fork_posix.cc:71] Other threads are currently calling into gRPC, skipping fork() handlers
I0625 15:00:06.658700   11410 fork_posix.cc:71] Other threads are currently calling into gRPC, skipping fork() handlers
I0625 15:00:07.766881   11410 fork_posix.cc:71] Other threads are currently calling into gRPC, skipping fork() handlers
E0625 15:00:07.829157   14789 completion_queue.cc:800] Kick failed: UNKNOWN:eventfd_write: Bad file descriptor (9)
I0625 15:00:09.082952   11410 fork_posix.cc:71] Other threads are currently calling into gRPC, skipping fork() handlers
E0625 15:00:09.136139   14817 completion_queue.cc:800] Kick failed: UNKNOWN:eventfd_write: Bad file descriptor (9)
I0625 15:00:10.214367   11410 fork_posix.cc:71] Other threads are currently calling into gRPC, skipping fork() handlers
E0625 15:00:10.254617   14865 completion_queue.cc:800] Kick failed: UNKNOWN:eventfd_write: Bad file descriptor (9)
I0625 15:00:11.322649   11410 fork_posix.cc:71] Other threads are currently calling into gRPC, skipping fork() handlers
E0625 15:00:11.363463   14904 completion_queue.cc:800] Kick failed: UNKNOWN:eventfd_write: Bad file descriptor (9)
E0625 15:00:11.365367   14909 ev_epoll1_linux.cc:309] epoll_ctl failed: Bad file descriptor (9)
E0625 15:00:11.365395   14909 ev_epoll1_linux.cc:309] epoll_ctl failed: Bad file descriptor (9)
I0625 15:00:12.435118   11410 fork_posix.cc:71] Other threads are currently calling into gRPC, skipping fork() handlers
E0625 15:00:12.475582   14941 completion_queue.cc:800] Kick failed: UNKNOWN:eventfd_write: Bad file descriptor (9)
I0625 15:00:13.544447   11410 fork_posix.cc:71] Other threads are currently calling into gRPC, skipping fork() handlers
E0625 15:00:13.584562   14979 completion_queue.cc:800] Kick failed: UNKNOWN:eventfd_write: Bad file descriptor (9)
I0625 15:00:14.651785   11410 fork_posix.cc:71] Other threads are currently calling into gRPC, skipping fork() handlers
E0625 15:00:14.691360   15017 completion_queue.cc:800] Kick failed: UNKNOWN:eventfd_write: Bad file descriptor (9)
I0625 15:00:15.759717   11410 fork_posix.cc:71] Other threads are currently calling into gRPC, skipping fork() handlers
E0625 15:00:15.799569   15038 completion_queue.cc:800] Kick failed: UNKNOWN:eventfd_write: Bad file descriptor (9)
I0625 15:00:16.871979   11410 fork_posix.cc:71] Other threads are currently calling into gRPC, skipping fork() handlers
E0625 15:00:16.911649   15093 completion_queue.cc:800] Kick failed: UNKNOWN:eventfd_write: Bad file descriptor (9)
I0625 15:00:17.979415   11410 fork_posix.cc:71] Other threads are currently calling into gRPC, skipping fork() handlers
E0625 15:00:18.019414   15133 completion_queue.cc:800] Kick failed: UNKNOWN:eventfd_write: Bad file descriptor (9)
I0625 15:00:19.092427   11410 fork_posix.cc:71] Other threads are currently calling into gRPC, skipping fork() handlers
E0625 15:00:19.132454   15171 completion_queue.cc:800] Kick failed: UNKNOWN:eventfd_write: Bad file descriptor (9)
I0625 15:00:20.215497   11410 fork_posix.cc:71] Other threads are currently calling into gRPC, skipping fork() handlers
E0625 15:00:20.255575   15209 completion_queue.cc:800] Kick failed: UNKNOWN:eventfd_write: Bad file descriptor (9)
I0625 15:00:21.331693   11410 fork_posix.cc:71] Other threads are currently calling into gRPC, skipping fork() handlers
E0625 15:00:21.371902   15247 completion_queue.cc:800] Kick failed: UNKNOWN:eventfd_write: Bad file descriptor (9)
E0625 15:00:21.373832   15251 ev_epoll1_linux.cc:309] epoll_ctl failed: Bad file descriptor (9)
I0625 15:00:22.469332   11410 fork_posix.cc:71] Other threads are currently calling into gRPC, skipping fork() handlers
I0625 15:00:23.598640   11410 fork_posix.cc:71] Other threads are currently calling into gRPC, skipping fork() handlers
E0625 15:00:23.638615   15323 completion_queue.cc:800] Kick failed: UNKNOWN:eventfd_write: Bad file descriptor (9)
[92mINFO [0m:      Sent reply
[92mINFO [0m:      
[92mINFO [0m:      Received: evaluate message 8f2fe8b7-ddff-44f6-afbe-1ed37a6c7c0c
I0625 15:01:39.778932   65364 fork_posix.cc:71] Other threads are currently calling into gRPC, skipping fork() handlers
I0625 15:01:39.841255   15445 fork_posix.cc:71] Other threads are currently calling into gRPC, skipping fork() handlers
E0625 15:01:39.883999   15501 completion_queue.cc:800] Kick failed: UNKNOWN:eventfd_write: Bad file descriptor (9)
E0625 15:01:39.885815   15501 ev_epoll1_linux.cc:309] epoll_ctl failed: Bad file descriptor (9)
E0625 15:01:39.885837   15501 ev_epoll1_linux.cc:309] epoll_ctl failed: Bad file descriptor (9)
I0625 15:01:39.903552   65364 fork_posix.cc:71] Other threads are currently calling into gRPC, skipping fork() handlers
[92mINFO [0m:      Sent reply
[92mINFO [0m:      
[92mINFO [0m:      Received: train message 034fb4e7-2c0b-443f-81c1-f38aad2585d1
I0625 15:03:19.846678   65364 fork_posix.cc:71] Other threads are currently calling into gRPC, skipping fork() handlers
I0625 15:03:19.887171   15697 fork_posix.cc:71] Other threads are currently calling into gRPC, skipping fork() handlers
E0625 15:03:19.928458   15753 ev_epoll1_linux.cc:309] epoll_ctl failed: Bad file descriptor (9)
E0625 15:03:19.928516   15753 ev_epoll1_linux.cc:309] epoll_ctl failed: Bad file descriptor (9)
E0625 15:03:19.928575   15753 completion_queue.cc:800] Kick failed: UNKNOWN:eventfd_write: Bad file descriptor (9)
I0625 15:03:19.945413   65364 fork_posix.cc:71] Other threads are currently calling into gRPC, skipping fork() handlers
I0625 15:03:21.186978   15697 fork_posix.cc:71] Other threads are currently calling into gRPC, skipping fork() handlers
I0625 15:03:22.297938   15697 fork_posix.cc:71] Other threads are currently calling into gRPC, skipping fork() handlers
E0625 15:03:22.358485   15919 completion_queue.cc:800] Kick failed: UNKNOWN:eventfd_write: Bad file descriptor (9)
I0625 15:03:23.754106   15697 fork_posix.cc:71] Other threads are currently calling into gRPC, skipping fork() handlers
E0625 15:03:23.794273   15955 completion_queue.cc:800] Kick failed: UNKNOWN:eventfd_write: Bad file descriptor (9)
I0625 15:03:24.866638   15697 fork_posix.cc:71] Other threads are currently calling into gRPC, skipping fork() handlers
E0625 15:03:24.906867   16000 completion_queue.cc:800] Kick failed: UNKNOWN:eventfd_write: Bad file descriptor (9)
I0625 15:03:25.979613   15697 fork_posix.cc:71] Other threads are currently calling into gRPC, skipping fork() handlers
E0625 15:03:26.020109   16042 completion_queue.cc:800] Kick failed: UNKNOWN:eventfd_write: Bad file descriptor (9)
I0625 15:03:27.096792   15697 fork_posix.cc:71] Other threads are currently calling into gRPC, skipping fork() handlers
E0625 15:03:27.136901   16081 completion_queue.cc:800] Kick failed: UNKNOWN:eventfd_write: Bad file descriptor (9)
I0625 15:03:28.244617   15697 fork_posix.cc:71] Other threads are currently calling into gRPC, skipping fork() handlers
E0625 15:03:28.284746   16123 completion_queue.cc:800] Kick failed: UNKNOWN:eventfd_write: Bad file descriptor (9)
I0625 15:03:29.892961   15697 fork_posix.cc:71] Other threads are currently calling into gRPC, skipping fork() handlers
E0625 15:03:29.934663   16161 ev_epoll1_linux.cc:309] epoll_ctl failed: Bad file descriptor (9)
E0625 15:03:29.934727   16161 ev_epoll1_linux.cc:309] epoll_ctl failed: Bad file descriptor (9)
I0625 15:03:31.009241   15697 fork_posix.cc:71] Other threads are currently calling into gRPC, skipping fork() handlers
E0625 15:03:31.050821   16199 completion_queue.cc:800] Kick failed: UNKNOWN:eventfd_write: Bad file descriptor (9)
I0625 15:03:32.121131   15697 fork_posix.cc:71] Other threads are currently calling into gRPC, skipping fork() handlers
I0625 15:03:33.481660   15697 fork_posix.cc:71] Other threads are currently calling into gRPC, skipping fork() handlers
I0625 15:03:34.595879   15697 fork_posix.cc:71] Other threads are currently calling into gRPC, skipping fork() handlers
E0625 15:03:34.635867   16318 completion_queue.cc:800] Kick failed: UNKNOWN:eventfd_write: Bad file descriptor (9)
I0625 15:03:35.712092   15697 fork_posix.cc:71] Other threads are currently calling into gRPC, skipping fork() handlers
I0625 15:03:36.821872   15697 fork_posix.cc:71] Other threads are currently calling into gRPC, skipping fork() handlers
E0625 15:03:36.861683   16396 completion_queue.cc:800] Kick failed: UNKNOWN:eventfd_write: Bad file descriptor (9)
I0625 15:03:37.973631   15697 fork_posix.cc:71] Other threads are currently calling into gRPC, skipping fork() handlers
E0625 15:03:38.013614   16437 completion_queue.cc:800] Kick failed: UNKNOWN:eventfd_write: Bad file descriptor (9)
I0625 15:03:39.079918   15697 fork_posix.cc:71] Other threads are currently calling into gRPC, skipping fork() handlers
E0625 15:03:39.120300   16473 completion_queue.cc:800] Kick failed: UNKNOWN:eventfd_write: Bad file descriptor (9)
I0625 15:03:40.192098   15697 fork_posix.cc:71] Other threads are currently calling into gRPC, skipping fork() handlers
E0625 15:03:40.236887   16511 ev_epoll1_linux.cc:309] epoll_ctl failed: Bad file descriptor (9)
E0625 15:03:40.237021   16511 completion_queue.cc:800] Kick failed: UNKNOWN:eventfd_write: Bad file descriptor (9)
I0625 15:03:41.308788   15697 fork_posix.cc:71] Other threads are currently calling into gRPC, skipping fork() handlers
E0625 15:03:41.348917   16549 completion_queue.cc:800] Kick failed: UNKNOWN:eventfd_write: Bad file descriptor (9)
I0625 15:03:42.415904   15697 fork_posix.cc:71] Other threads are currently calling into gRPC, skipping fork() handlers
I0625 15:03:43.528750   15697 fork_posix.cc:71] Other threads are currently calling into gRPC, skipping fork() handlers
E0625 15:03:43.568498   16625 completion_queue.cc:800] Kick failed: UNKNOWN:eventfd_write: Bad file descriptor (9)
I0625 15:03:44.635985   15697 fork_posix.cc:71] Other threads are currently calling into gRPC, skipping fork() handlers
I0625 15:03:45.746901   15697 fork_posix.cc:71] Other threads are currently calling into gRPC, skipping fork() handlers
E0625 15:03:45.796945   16701 completion_queue.cc:800] Kick failed: UNKNOWN:eventfd_write: Bad file descriptor (9)
I0625 15:03:46.868685   15697 fork_posix.cc:71] Other threads are currently calling into gRPC, skipping fork() handlers
I0625 15:03:48.005864   15697 fork_posix.cc:71] Other threads are currently calling into gRPC, skipping fork() handlers
I0625 15:03:49.138900   15697 fork_posix.cc:71] Other threads are currently calling into gRPC, skipping fork() handlers
E0625 15:03:49.205182   16816 completion_queue.cc:800] Kick failed: UNKNOWN:eventfd_write: Bad file descriptor (9)
I0625 15:03:50.520522   15697 fork_posix.cc:71] Other threads are currently calling into gRPC, skipping fork() handlers
E0625 15:03:50.578113   16854 ev_epoll1_linux.cc:309] epoll_ctl failed: Bad file descriptor (9)
E0625 15:03:50.578176   16854 ev_epoll1_linux.cc:309] epoll_ctl failed: Bad file descriptor (9)
I0625 15:03:51.649015   15697 fork_posix.cc:71] Other threads are currently calling into gRPC, skipping fork() handlers
I0625 15:03:52.808890   15697 fork_posix.cc:71] Other threads are currently calling into gRPC, skipping fork() handlers
E0625 15:03:52.879962   16967 completion_queue.cc:800] Kick failed: UNKNOWN:eventfd_write: Bad file descriptor (9)
I0625 15:03:53.954109   15697 fork_posix.cc:71] Other threads are currently calling into gRPC, skipping fork() handlers
I0625 15:03:55.332870   15697 fork_posix.cc:71] Other threads are currently calling into gRPC, skipping fork() handlers
I0625 15:03:56.470329   15697 fork_posix.cc:71] Other threads are currently calling into gRPC, skipping fork() handlers
E0625 15:03:56.535249   17081 completion_queue.cc:800] Kick failed: UNKNOWN:eventfd_write: Bad file descriptor (9)
I0625 15:03:57.603593   15697 fork_posix.cc:71] Other threads are currently calling into gRPC, skipping fork() handlers
I0625 15:03:59.066190   15697 fork_posix.cc:71] Other threads are currently calling into gRPC, skipping fork() handlers
I0625 15:04:00.206563   15697 fork_posix.cc:71] Other threads are currently calling into gRPC, skipping fork() handlers
I0625 15:04:01.881354   15697 fork_posix.cc:71] Other threads are currently calling into gRPC, skipping fork() handlers
E0625 15:04:01.946901   17239 ev_epoll1_linux.cc:309] epoll_ctl failed: Bad file descriptor (9)
I0625 15:04:03.023713   15697 fork_posix.cc:71] Other threads are currently calling into gRPC, skipping fork() handlers
I0625 15:04:04.166669   15697 fork_posix.cc:71] Other threads are currently calling into gRPC, skipping fork() handlers
I0625 15:04:05.286655   15697 fork_posix.cc:71] Other threads are currently calling into gRPC, skipping fork() handlers
E0625 15:04:05.349825   17335 completion_queue.cc:800] Kick failed: UNKNOWN:eventfd_write: Bad file descriptor (9)
I0625 15:04:06.834431   15697 fork_posix.cc:71] Other threads are currently calling into gRPC, skipping fork() handlers
E0625 15:04:06.898563   17395 completion_queue.cc:800] Kick failed: UNKNOWN:eventfd_write: Bad file descriptor (9)
I0625 15:04:08.506183   15697 fork_posix.cc:71] Other threads are currently calling into gRPC, skipping fork() handlers
E0625 15:04:08.569305   17426 completion_queue.cc:800] Kick failed: UNKNOWN:eventfd_write: Bad file descriptor (9)
I0625 15:04:09.644747   15697 fork_posix.cc:71] Other threads are currently calling into gRPC, skipping fork() handlers
I0625 15:04:11.326347   15697 fork_posix.cc:71] Other threads are currently calling into gRPC, skipping fork() handlers
I0625 15:04:12.484253   15697 fork_posix.cc:71] Other threads are currently calling into gRPC, skipping fork() handlers
E0625 15:04:12.556501   17550 ev_epoll1_linux.cc:309] epoll_ctl failed: Bad file descriptor (9)
E0625 15:04:12.556620   17550 completion_queue.cc:800] Kick failed: UNKNOWN:eventfd_write: Bad file descriptor (9)
I0625 15:04:13.629314   15697 fork_posix.cc:71] Other threads are currently calling into gRPC, skipping fork() handlers
I0625 15:04:14.767993   15697 fork_posix.cc:71] Other threads are currently calling into gRPC, skipping fork() handlers
I0625 15:04:15.902410   15697 fork_posix.cc:71] Other threads are currently calling into gRPC, skipping fork() handlers
I0625 15:04:17.577411   15697 fork_posix.cc:71] Other threads are currently calling into gRPC, skipping fork() handlers
E0625 15:04:17.641217   17713 completion_queue.cc:800] Kick failed: UNKNOWN:eventfd_write: Bad file descriptor (9)
I0625 15:04:19.252680   15697 fork_posix.cc:71] Other threads are currently calling into gRPC, skipping fork() handlers
I0625 15:04:20.398507   15697 fork_posix.cc:71] Other threads are currently calling into gRPC, skipping fork() handlers
E0625 15:04:20.463257   17792 completion_queue.cc:800] Kick failed: UNKNOWN:eventfd_write: Bad file descriptor (9)
I0625 15:04:21.538263   15697 fork_posix.cc:71] Other threads are currently calling into gRPC, skipping fork() handlers
I0625 15:04:22.923732   15697 fork_posix.cc:71] Other threads are currently calling into gRPC, skipping fork() handlers
E0625 15:04:22.987968   17920 completion_queue.cc:800] Kick failed: UNKNOWN:eventfd_write: Bad file descriptor (9)
E0625 15:04:22.989836   17920 ev_epoll1_linux.cc:309] epoll_ctl failed: Bad file descriptor (9)
I0625 15:04:24.070235   15697 fork_posix.cc:71] Other threads are currently calling into gRPC, skipping fork() handlers
E0625 15:04:24.136501   17955 completion_queue.cc:800] Kick failed: UNKNOWN:eventfd_write: Bad file descriptor (9)
I0625 15:04:25.744651   15697 fork_posix.cc:71] Other threads are currently calling into gRPC, skipping fork() handlers
E0625 15:04:25.784533   17976 completion_queue.cc:800] Kick failed: UNKNOWN:eventfd_write: Bad file descriptor (9)
I0625 15:04:26.861317   15697 fork_posix.cc:71] Other threads are currently calling into gRPC, skipping fork() handlers
I0625 15:04:28.006739   15697 fork_posix.cc:71] Other threads are currently calling into gRPC, skipping fork() handlers
E0625 15:04:28.046807   18072 completion_queue.cc:800] Kick failed: UNKNOWN:eventfd_write: Bad file descriptor (9)
I0625 15:04:29.137929   15697 fork_posix.cc:71] Other threads are currently calling into gRPC, skipping fork() handlers
E0625 15:04:29.186107   18128 completion_queue.cc:800] Kick failed: UNKNOWN:eventfd_write: Bad file descriptor (9)
I0625 15:04:30.257150   15697 fork_posix.cc:71] Other threads are currently calling into gRPC, skipping fork() handlers
I0625 15:04:31.393748   15697 fork_posix.cc:71] Other threads are currently calling into gRPC, skipping fork() handlers
E0625 15:04:31.461154   18187 completion_queue.cc:800] Kick failed: UNKNOWN:eventfd_write: Bad file descriptor (9)
I0625 15:04:32.548357   15697 fork_posix.cc:71] Other threads are currently calling into gRPC, skipping fork() handlers
E0625 15:04:32.614053   18267 completion_queue.cc:800] Kick failed: UNKNOWN:eventfd_write: Bad file descriptor (9)
I0625 15:04:33.685847   15697 fork_posix.cc:71] Other threads are currently calling into gRPC, skipping fork() handlers
E0625 15:04:33.750582   18309 ev_epoll1_linux.cc:309] epoll_ctl failed: Bad file descriptor (9)
E0625 15:04:33.750644   18309 ev_epoll1_linux.cc:309] epoll_ctl failed: Bad file descriptor (9)
E0625 15:04:33.750707   18309 completion_queue.cc:800] Kick failed: UNKNOWN:eventfd_write: Bad file descriptor (9)
I0625 15:04:34.823268   15697 fork_posix.cc:71] Other threads are currently calling into gRPC, skipping fork() handlers
E0625 15:04:34.886837   18343 completion_queue.cc:800] Kick failed: UNKNOWN:eventfd_write: Bad file descriptor (9)
I0625 15:04:35.985686   15697 fork_posix.cc:71] Other threads are currently calling into gRPC, skipping fork() handlers
E0625 15:04:36.047605   18695 completion_queue.cc:800] Kick failed: UNKNOWN:eventfd_write: Bad file descriptor (9)
I0625 15:04:37.529933   15697 fork_posix.cc:71] Other threads are currently calling into gRPC, skipping fork() handlers
I0625 15:04:38.676710   15697 fork_posix.cc:71] Other threads are currently calling into gRPC, skipping fork() handlers
E0625 15:04:38.738956   18789 completion_queue.cc:800] Kick failed: UNKNOWN:eventfd_write: Bad file descriptor (9)
I0625 15:04:39.810650   15697 fork_posix.cc:71] Other threads are currently calling into gRPC, skipping fork() handlers
E0625 15:04:39.850961   18810 completion_queue.cc:800] Kick failed: UNKNOWN:eventfd_write: Bad file descriptor (9)
I0625 15:04:40.952479   15697 fork_posix.cc:71] Other threads are currently calling into gRPC, skipping fork() handlers
I0625 15:04:42.339903   15697 fork_posix.cc:71] Other threads are currently calling into gRPC, skipping fork() handlers
E0625 15:04:42.379682   18905 completion_queue.cc:800] Kick failed: UNKNOWN:eventfd_write: Bad file descriptor (9)
I0625 15:04:43.450055   15697 fork_posix.cc:71] Other threads are currently calling into gRPC, skipping fork() handlers
E0625 15:04:43.490352   18943 completion_queue.cc:800] Kick failed: UNKNOWN:eventfd_write: Bad file descriptor (9)
I0625 15:04:44.559504   15697 fork_posix.cc:71] Other threads are currently calling into gRPC, skipping fork() handlers
E0625 15:04:44.599460   18981 completion_queue.cc:800] Kick failed: UNKNOWN:eventfd_write: Bad file descriptor (9)
E0625 15:04:44.601343   18984 ev_epoll1_linux.cc:309] epoll_ctl failed: Bad file descriptor (9)
[mutex.cc : 2443] RAW: Check w->waitp->cond == nullptr failed: Mutex::Fer while waiting on Condition
I0625 15:05:49.468618   15697 fork_posix.cc:71] Other threads are currently calling into gRPC, skipping fork() handlers
E0625 15:05:49.510985   19079 completion_queue.cc:800] Kick failed: UNKNOWN:eventfd_write: Bad file descriptor (9)
E0625 15:05:49.512868   19093 ev_epoll1_linux.cc:309] epoll_ctl failed: Bad file descriptor (9)
I0625 15:05:50.834346   15697 fork_posix.cc:71] Other threads are currently calling into gRPC, skipping fork() handlers
I0625 15:05:51.947845   15697 fork_posix.cc:71] Other threads are currently calling into gRPC, skipping fork() handlers
E0625 15:05:51.987051   19164 completion_queue.cc:800] Kick failed: UNKNOWN:eventfd_write: Bad file descriptor (9)
I0625 15:05:53.054410   15697 fork_posix.cc:71] Other threads are currently calling into gRPC, skipping fork() handlers
I0625 15:05:54.166866   15697 fork_posix.cc:71] Other threads are currently calling into gRPC, skipping fork() handlers
E0625 15:05:54.228451   19241 completion_queue.cc:800] Kick failed: UNKNOWN:eventfd_write: Bad file descriptor (9)
I0625 15:05:55.296522   15697 fork_posix.cc:71] Other threads are currently calling into gRPC, skipping fork() handlers
I0625 15:05:56.457336   15697 fork_posix.cc:71] Other threads are currently calling into gRPC, skipping fork() handlers
I0625 15:05:57.572780   15697 fork_posix.cc:71] Other threads are currently calling into gRPC, skipping fork() handlers
E0625 15:05:57.612349   19355 completion_queue.cc:800] Kick failed: UNKNOWN:eventfd_write: Bad file descriptor (9)
I0625 15:05:58.690589   15697 fork_posix.cc:71] Other threads are currently calling into gRPC, skipping fork() handlers
I0625 15:05:59.804841   15697 fork_posix.cc:71] Other threads are currently calling into gRPC, skipping fork() handlers
E0625 15:05:59.844236   19432 completion_queue.cc:800] Kick failed: UNKNOWN:eventfd_write: Bad file descriptor (9)
E0625 15:05:59.846142   19436 ev_epoll1_linux.cc:309] epoll_ctl failed: Bad file descriptor (9)
I0625 15:06:01.465887   15697 fork_posix.cc:71] Other threads are currently calling into gRPC, skipping fork() handlers
E0625 15:06:01.505868   19475 completion_queue.cc:800] Kick failed: UNKNOWN:eventfd_write: Bad file descriptor (9)
I0625 15:06:02.584460   15697 fork_posix.cc:71] Other threads are currently calling into gRPC, skipping fork() handlers
E0625 15:06:02.623771   19515 completion_queue.cc:800] Kick failed: UNKNOWN:eventfd_write: Bad file descriptor (9)
I0625 15:06:03.691621   15697 fork_posix.cc:71] Other threads are currently calling into gRPC, skipping fork() handlers
E0625 15:06:03.731772   19537 completion_queue.cc:800] Kick failed: UNKNOWN:eventfd_write: Bad file descriptor (9)
I0625 15:06:05.048137   15697 fork_posix.cc:71] Other threads are currently calling into gRPC, skipping fork() handlers
E0625 15:06:05.087837   19622 completion_queue.cc:800] Kick failed: UNKNOWN:eventfd_write: Bad file descriptor (9)
I0625 15:06:06.409732   15697 fork_posix.cc:71] Other threads are currently calling into gRPC, skipping fork() handlers
I0625 15:06:07.770322   15697 fork_posix.cc:71] Other threads are currently calling into gRPC, skipping fork() handlers
I0625 15:06:08.883858   15697 fork_posix.cc:71] Other threads are currently calling into gRPC, skipping fork() handlers
E0625 15:06:08.923451   19735 completion_queue.cc:800] Kick failed: UNKNOWN:eventfd_write: Bad file descriptor (9)
I0625 15:06:10.029507   15697 fork_posix.cc:71] Other threads are currently calling into gRPC, skipping fork() handlers
E0625 15:06:10.092138   19779 ev_epoll1_linux.cc:309] epoll_ctl failed: Bad file descriptor (9)
E0625 15:06:10.092203   19779 ev_epoll1_linux.cc:309] epoll_ctl failed: Bad file descriptor (9)
I0625 15:06:11.163211   15697 fork_posix.cc:71] Other threads are currently calling into gRPC, skipping fork() handlers
E0625 15:06:11.202356   19811 completion_queue.cc:800] Kick failed: UNKNOWN:eventfd_write: Bad file descriptor (9)
I0625 15:06:12.274721   15697 fork_posix.cc:71] Other threads are currently calling into gRPC, skipping fork() handlers
I0625 15:06:13.699678   15697 fork_posix.cc:71] Other threads are currently calling into gRPC, skipping fork() handlers
I0625 15:06:14.825630   15697 fork_posix.cc:71] Other threads are currently calling into gRPC, skipping fork() handlers
I0625 15:06:16.252879   15697 fork_posix.cc:71] Other threads are currently calling into gRPC, skipping fork() handlers
I0625 15:06:17.362320   15697 fork_posix.cc:71] Other threads are currently calling into gRPC, skipping fork() handlers
E0625 15:06:17.401314   20006 completion_queue.cc:800] Kick failed: UNKNOWN:eventfd_write: Bad file descriptor (9)
I0625 15:06:18.469391   15697 fork_posix.cc:71] Other threads are currently calling into gRPC, skipping fork() handlers
I0625 15:06:19.583514   15697 fork_posix.cc:71] Other threads are currently calling into gRPC, skipping fork() handlers
E0625 15:06:19.623037   20085 completion_queue.cc:800] Kick failed: UNKNOWN:eventfd_write: Bad file descriptor (9)
I0625 15:06:20.692204   15697 fork_posix.cc:71] Other threads are currently calling into gRPC, skipping fork() handlers
E0625 15:06:20.734331   20124 ev_epoll1_linux.cc:309] epoll_ctl failed: Bad file descriptor (9)
E0625 15:06:20.734440   20124 completion_queue.cc:800] Kick failed: UNKNOWN:eventfd_write: Bad file descriptor (9)
I0625 15:06:21.806469   15697 fork_posix.cc:71] Other threads are currently calling into gRPC, skipping fork() handlers
E0625 15:06:21.845834   20162 completion_queue.cc:800] Kick failed: UNKNOWN:eventfd_write: Bad file descriptor (9)
I0625 15:06:22.920057   15697 fork_posix.cc:71] Other threads are currently calling into gRPC, skipping fork() handlers
I0625 15:06:24.045920   15697 fork_posix.cc:71] Other threads are currently calling into gRPC, skipping fork() handlers
E0625 15:06:24.084925   20237 completion_queue.cc:800] Kick failed: UNKNOWN:eventfd_write: Bad file descriptor (9)
I0625 15:06:25.159447   15697 fork_posix.cc:71] Other threads are currently calling into gRPC, skipping fork() handlers
I0625 15:06:26.268927   15697 fork_posix.cc:71] Other threads are currently calling into gRPC, skipping fork() handlers
E0625 15:06:26.308508   20313 completion_queue.cc:800] Kick failed: UNKNOWN:eventfd_write: Bad file descriptor (9)
I0625 15:06:27.393723   15697 fork_posix.cc:71] Other threads are currently calling into gRPC, skipping fork() handlers
I0625 15:06:28.501056   15697 fork_posix.cc:71] Other threads are currently calling into gRPC, skipping fork() handlers
E0625 15:06:28.540714   20391 completion_queue.cc:800] Kick failed: UNKNOWN:eventfd_write: Bad file descriptor (9)
I0625 15:06:29.609586   15697 fork_posix.cc:71] Other threads are currently calling into gRPC, skipping fork() handlers
I0625 15:06:30.964367   15697 fork_posix.cc:71] Other threads are currently calling into gRPC, skipping fork() handlers
E0625 15:06:31.006269   20475 ev_epoll1_linux.cc:309] epoll_ctl failed: Bad file descriptor (9)
I0625 15:06:32.615249   15697 fork_posix.cc:71] Other threads are currently calling into gRPC, skipping fork() handlers
I0625 15:06:33.726791   15697 fork_posix.cc:71] Other threads are currently calling into gRPC, skipping fork() handlers
E0625 15:06:33.766190   20547 completion_queue.cc:800] Kick failed: UNKNOWN:eventfd_write: Bad file descriptor (9)
I0625 15:06:34.838549   15697 fork_posix.cc:71] Other threads are currently calling into gRPC, skipping fork() handlers
I0625 15:06:35.948247   15697 fork_posix.cc:71] Other threads are currently calling into gRPC, skipping fork() handlers
E0625 15:06:35.988585   20632 completion_queue.cc:800] Kick failed: UNKNOWN:eventfd_write: Bad file descriptor (9)
I0625 15:06:37.058771   15697 fork_posix.cc:71] Other threads are currently calling into gRPC, skipping fork() handlers
I0625 15:06:38.486688   15697 fork_posix.cc:71] Other threads are currently calling into gRPC, skipping fork() handlers
I0625 15:06:39.595678   15697 fork_posix.cc:71] Other threads are currently calling into gRPC, skipping fork() handlers
E0625 15:06:39.635302   20755 completion_queue.cc:800] Kick failed: UNKNOWN:eventfd_write: Bad file descriptor (9)
I0625 15:06:40.951211   15697 fork_posix.cc:71] Other threads are currently calling into gRPC, skipping fork() handlers
E0625 15:06:40.991197   20788 completion_queue.cc:800] Kick failed: UNKNOWN:eventfd_write: Bad file descriptor (9)
I0625 15:06:42.060342   15697 fork_posix.cc:71] Other threads are currently calling into gRPC, skipping fork() handlers
E0625 15:06:42.101883   20831 ev_epoll1_linux.cc:309] epoll_ctl failed: Bad file descriptor (9)
E0625 15:06:42.101945   20831 ev_epoll1_linux.cc:309] epoll_ctl failed: Bad file descriptor (9)
E0625 15:06:42.102005   20831 completion_queue.cc:800] Kick failed: UNKNOWN:eventfd_write: Bad file descriptor (9)
I0625 15:06:43.175021   15697 fork_posix.cc:71] Other threads are currently calling into gRPC, skipping fork() handlers
I0625 15:06:44.317557   15697 fork_posix.cc:71] Other threads are currently calling into gRPC, skipping fork() handlers
I0625 15:06:45.750038   15697 fork_posix.cc:71] Other threads are currently calling into gRPC, skipping fork() handlers
I0625 15:06:46.873519   15697 fork_posix.cc:71] Other threads are currently calling into gRPC, skipping fork() handlers
I0625 15:06:47.983733   15697 fork_posix.cc:71] Other threads are currently calling into gRPC, skipping fork() handlers
I0625 15:06:49.097286   15697 fork_posix.cc:71] Other threads are currently calling into gRPC, skipping fork() handlers
I0625 15:06:50.210882   15697 fork_posix.cc:71] Other threads are currently calling into gRPC, skipping fork() handlers
I0625 15:06:51.351899   15697 fork_posix.cc:71] Other threads are currently calling into gRPC, skipping fork() handlers
I0625 15:06:52.463824   15697 fork_posix.cc:71] Other threads are currently calling into gRPC, skipping fork() handlers
E0625 15:06:52.504824   21173 ev_epoll1_linux.cc:309] epoll_ctl failed: Bad file descriptor (9)
E0625 15:06:52.504889   21173 ev_epoll1_linux.cc:309] epoll_ctl failed: Bad file descriptor (9)
I0625 15:06:53.822293   15697 fork_posix.cc:71] Other threads are currently calling into gRPC, skipping fork() handlers
I0625 15:06:55.346984   15697 fork_posix.cc:71] Other threads are currently calling into gRPC, skipping fork() handlers
I0625 15:06:56.456902   15697 fork_posix.cc:71] Other threads are currently calling into gRPC, skipping fork() handlers
E0625 15:06:56.495982   21287 completion_queue.cc:800] Kick failed: UNKNOWN:eventfd_write: Bad file descriptor (9)
I0625 15:06:57.570073   15697 fork_posix.cc:71] Other threads are currently calling into gRPC, skipping fork() handlers
I0625 15:06:58.728191   15697 fork_posix.cc:71] Other threads are currently calling into gRPC, skipping fork() handlers
E0625 15:06:58.767583   21364 completion_queue.cc:800] Kick failed: UNKNOWN:eventfd_write: Bad file descriptor (9)
I0625 15:06:59.834805   15697 fork_posix.cc:71] Other threads are currently calling into gRPC, skipping fork() handlers
I0625 15:07:00.944677   15697 fork_posix.cc:71] Other threads are currently calling into gRPC, skipping fork() handlers
E0625 15:07:00.984080   21440 completion_queue.cc:800] Kick failed: UNKNOWN:eventfd_write: Bad file descriptor (9)
I0625 15:07:02.053039   15697 fork_posix.cc:71] Other threads are currently calling into gRPC, skipping fork() handlers
I0625 15:07:03.579321   15697 fork_posix.cc:71] Other threads are currently calling into gRPC, skipping fork() handlers
E0625 15:07:03.618871   21520 completion_queue.cc:800] Kick failed: UNKNOWN:eventfd_write: Bad file descriptor (9)
E0625 15:07:03.620725   21520 ev_epoll1_linux.cc:309] epoll_ctl failed: Bad file descriptor (9)
E0625 15:07:03.620749   21520 ev_epoll1_linux.cc:309] epoll_ctl failed: Bad file descriptor (9)
I0625 15:07:04.689013   15697 fork_posix.cc:71] Other threads are currently calling into gRPC, skipping fork() handlers
E0625 15:07:04.728380   21557 completion_queue.cc:800] Kick failed: UNKNOWN:eventfd_write: Bad file descriptor (9)
I0625 15:07:06.220242   15697 fork_posix.cc:71] Other threads are currently calling into gRPC, skipping fork() handlers
E0625 15:07:06.283200   21597 completion_queue.cc:800] Kick failed: UNKNOWN:eventfd_write: Bad file descriptor (9)
I0625 15:07:07.357742   15697 fork_posix.cc:71] Other threads are currently calling into gRPC, skipping fork() handlers
E0625 15:07:07.419787   21633 completion_queue.cc:800] Kick failed: UNKNOWN:eventfd_write: Bad file descriptor (9)
I0625 15:07:08.489526   15697 fork_posix.cc:71] Other threads are currently calling into gRPC, skipping fork() handlers
E0625 15:07:08.552294   21671 completion_queue.cc:800] Kick failed: UNKNOWN:eventfd_write: Bad file descriptor (9)
I0625 15:07:09.626065   15697 fork_posix.cc:71] Other threads are currently calling into gRPC, skipping fork() handlers
E0625 15:07:09.688375   21709 completion_queue.cc:800] Kick failed: UNKNOWN:eventfd_write: Bad file descriptor (9)
I0625 15:07:10.756195   15697 fork_posix.cc:71] Other threads are currently calling into gRPC, skipping fork() handlers
E0625 15:07:10.795494   21749 completion_queue.cc:800] Kick failed: UNKNOWN:eventfd_write: Bad file descriptor (9)
I0625 15:07:11.863859   15697 fork_posix.cc:71] Other threads are currently calling into gRPC, skipping fork() handlers
E0625 15:07:11.903177   21785 completion_queue.cc:800] Kick failed: UNKNOWN:eventfd_write: Bad file descriptor (9)
I0625 15:07:12.969373   15697 fork_posix.cc:71] Other threads are currently calling into gRPC, skipping fork() handlers
E0625 15:07:13.008586   21823 completion_queue.cc:800] Kick failed: UNKNOWN:eventfd_write: Bad file descriptor (9)
I0625 15:07:14.131089   15697 fork_posix.cc:71] Other threads are currently calling into gRPC, skipping fork() handlers
E0625 15:07:14.170619   21860 completion_queue.cc:800] Kick failed: UNKNOWN:eventfd_write: Bad file descriptor (9)
E0625 15:07:14.172542   21863 ev_epoll1_linux.cc:309] epoll_ctl failed: Bad file descriptor (9)
E0625 15:07:14.172571   21863 ev_epoll1_linux.cc:309] epoll_ctl failed: Bad file descriptor (9)
[mutex.cc : 2443] RAW: Check w->waitp->cond == nullptr failed: Mutex::Fer while waiting on Condition
[92mINFO [0m:      Sent reply
[92mINFO [0m:      
[92mINFO [0m:      Received: evaluate message 2ff613e1-0baa-447e-95c4-f7a41e11a3ed
I0625 15:08:49.867193   65364 fork_posix.cc:71] Other threads are currently calling into gRPC, skipping fork() handlers
I0625 15:08:49.930022   21969 fork_posix.cc:71] Other threads are currently calling into gRPC, skipping fork() handlers
I0625 15:08:49.972666   65364 fork_posix.cc:71] Other threads are currently calling into gRPC, skipping fork() handlers
E0625 15:08:49.974579   22029 ev_epoll1_linux.cc:309] epoll_ctl failed: Bad file descriptor (9)
E0625 15:08:49.974683   22029 completion_queue.cc:800] Kick failed: UNKNOWN:eventfd_write: Bad file descriptor (9)
[92mINFO [0m:      Sent reply
[92mINFO [0m:      
[92mINFO [0m:      Received: train message 8fbf67c6-b81b-4219-8b31-9897ed5f26d5
I0625 15:09:54.008892   65364 fork_posix.cc:71] Other threads are currently calling into gRPC, skipping fork() handlers
I0625 15:09:54.047992   22213 fork_posix.cc:71] Other threads are currently calling into gRPC, skipping fork() handlers
I0625 15:09:54.087078   65364 fork_posix.cc:71] Other threads are currently calling into gRPC, skipping fork() handlers
E0625 15:09:54.088394   22269 ev_epoll1_linux.cc:309] epoll_ctl failed: Bad file descriptor (9)
E0625 15:09:54.088493   22269 completion_queue.cc:800] Kick failed: UNKNOWN:eventfd_write: Bad file descriptor (9)
[92mINFO [0m:      Sent reply
[92mINFO [0m:      
[92mINFO [0m:      Received: evaluate message 75a004ac-1110-4863-8da4-d6d89075a324
I0625 15:15:24.583756   65364 fork_posix.cc:71] Other threads are currently calling into gRPC, skipping fork() handlers
I0625 15:15:24.647429   22720 fork_posix.cc:71] Other threads are currently calling into gRPC, skipping fork() handlers
E0625 15:15:24.691282   22776 completion_queue.cc:800] Kick failed: UNKNOWN:eventfd_write: Bad file descriptor (9)
I0625 15:15:24.691795   65364 fork_posix.cc:71] Other threads are currently calling into gRPC, skipping fork() handlers
E0625 15:15:24.693069   22776 ev_epoll1_linux.cc:309] epoll_ctl failed: Bad file descriptor (9)
[92mINFO [0m:      Sent reply
[92mINFO [0m:      
[92mINFO [0m:      Received: train message bba5072e-7324-4002-bf4e-a7dc529d1f18
I0625 15:16:25.054888   65364 fork_posix.cc:71] Other threads are currently calling into gRPC, skipping fork() handlers
I0625 15:16:25.094568   22928 fork_posix.cc:71] Other threads are currently calling into gRPC, skipping fork() handlers
I0625 15:16:25.134490   65364 fork_posix.cc:71] Other threads are currently calling into gRPC, skipping fork() handlers
E0625 15:16:25.135944   22988 ev_epoll1_linux.cc:309] epoll_ctl failed: Bad file descriptor (9)
E0625 15:16:25.136056   22988 completion_queue.cc:800] Kick failed: UNKNOWN:eventfd_write: Bad file descriptor (9)
[92mINFO [0m:      Sent reply
[92mINFO [0m:      
[92mINFO [0m:      Received: evaluate message 4842c24e-80f5-400d-a18b-4286a27053f5
I0625 15:21:56.829684   65364 fork_posix.cc:71] Other threads are currently calling into gRPC, skipping fork() handlers
I0625 15:21:56.875712   24413 fork_posix.cc:71] Other threads are currently calling into gRPC, skipping fork() handlers
E0625 15:21:56.920759   24469 completion_queue.cc:800] Kick failed: UNKNOWN:eventfd_write: Bad file descriptor (9)
E0625 15:21:56.922653   24472 ev_epoll1_linux.cc:309] epoll_ctl failed: Bad file descriptor (9)
E0625 15:21:56.922677   24472 ev_epoll1_linux.cc:309] epoll_ctl failed: Bad file descriptor (9)
I0625 15:21:56.939613   65364 fork_posix.cc:71] Other threads are currently calling into gRPC, skipping fork() handlers
[92mINFO [0m:      Sent reply
[92mINFO [0m:      
[92mINFO [0m:      Received: train message a9bdb801-2a25-4e68-9064-ae2c15f7564e
I0625 15:22:58.365746   65364 fork_posix.cc:71] Other threads are currently calling into gRPC, skipping fork() handlers
I0625 15:22:58.405477   24612 fork_posix.cc:71] Other threads are currently calling into gRPC, skipping fork() handlers
E0625 15:22:58.446652   24668 ev_epoll1_linux.cc:309] epoll_ctl failed: Bad file descriptor (9)
E0625 15:22:58.446750   24668 completion_queue.cc:800] Kick failed: UNKNOWN:eventfd_write: Bad file descriptor (9)
I0625 15:22:58.464292   65364 fork_posix.cc:71] Other threads are currently calling into gRPC, skipping fork() handlers
[92mINFO [0m:      Sent reply
[92mINFO [0m:      
[92mINFO [0m:      Received: evaluate message 72874ef2-6370-4df8-bca5-b9164fd3dc0b
I0625 15:28:18.178232   65364 fork_posix.cc:71] Other threads are currently calling into gRPC, skipping fork() handlers
I0625 15:28:18.222774   25110 fork_posix.cc:71] Other threads are currently calling into gRPC, skipping fork() handlers
I0625 15:28:18.266213   65364 fork_posix.cc:71] Other threads are currently calling into gRPC, skipping fork() handlers
E0625 15:28:18.268183   25166 ev_epoll1_linux.cc:309] epoll_ctl failed: Bad file descriptor (9)
E0625 15:28:18.268287   25166 completion_queue.cc:800] Kick failed: UNKNOWN:eventfd_write: Bad file descriptor (9)
[92mINFO [0m:      Sent reply
[92mINFO [0m:      
[92mINFO [0m:      Received: train message 35116d33-0089-43a9-b895-c6e226b3ad76
I0625 15:29:14.390651   65364 fork_posix.cc:71] Other threads are currently calling into gRPC, skipping fork() handlers
I0625 15:29:14.430505   25305 fork_posix.cc:71] Other threads are currently calling into gRPC, skipping fork() handlers
I0625 15:29:14.470818   65364 fork_posix.cc:71] Other threads are currently calling into gRPC, skipping fork() handlers
E0625 15:29:14.472134   25361 ev_epoll1_linux.cc:309] epoll_ctl failed: Bad file descriptor (9)
E0625 15:29:14.472244   25361 completion_queue.cc:800] Kick failed: UNKNOWN:eventfd_write: Bad file descriptor (9)
[92mINFO [0m:      Sent reply
[92mINFO [0m:      
[92mINFO [0m:      Received: evaluate message 83baecea-1fb9-4f4c-b859-c3b235e8748e
I0625 15:34:56.458388   65364 fork_posix.cc:71] Other threads are currently calling into gRPC, skipping fork() handlers
I0625 15:34:56.521520   25839 fork_posix.cc:71] Other threads are currently calling into gRPC, skipping fork() handlers
E0625 15:34:56.564788   25895 completion_queue.cc:800] Kick failed: UNKNOWN:eventfd_write: Bad file descriptor (9)
I0625 15:34:56.565284   65364 fork_posix.cc:71] Other threads are currently calling into gRPC, skipping fork() handlers
E0625 15:34:56.566753   25898 ev_epoll1_linux.cc:309] epoll_ctl failed: Bad file descriptor (9)
[92mINFO [0m:      Sent reply
[92mINFO [0m:      
[92mINFO [0m:      Received: train message 947f4f33-7d86-4faf-8ca6-b4c42b9d6829
I0625 15:35:59.642366   65364 fork_posix.cc:71] Other threads are currently calling into gRPC, skipping fork() handlers
I0625 15:35:59.701751   26045 fork_posix.cc:71] Other threads are currently calling into gRPC, skipping fork() handlers
I0625 15:35:59.741118   65364 fork_posix.cc:71] Other threads are currently calling into gRPC, skipping fork() handlers
E0625 15:35:59.743284   26101 ev_epoll1_linux.cc:309] epoll_ctl failed: Bad file descriptor (9)
E0625 15:35:59.743345   26101 ev_epoll1_linux.cc:309] epoll_ctl failed: Bad file descriptor (9)
E0625 15:35:59.743399   26101 completion_queue.cc:800] Kick failed: UNKNOWN:eventfd_write: Bad file descriptor (9)
[92mINFO [0m:      Sent reply
[92mINFO [0m:      
[92mINFO [0m:      Received: evaluate message c365d0af-c381-4b0b-9099-cb0fc54b8945
I0625 15:41:47.240440   65364 fork_posix.cc:71] Other threads are currently calling into gRPC, skipping fork() handlers
I0625 15:41:47.303500   26627 fork_posix.cc:71] Other threads are currently calling into gRPC, skipping fork() handlers
I0625 15:41:47.345893   65364 fork_posix.cc:71] Other threads are currently calling into gRPC, skipping fork() handlers
E0625 15:41:47.348138   26683 ev_epoll1_linux.cc:309] epoll_ctl failed: Bad file descriptor (9)
E0625 15:41:47.348192   26683 ev_epoll1_linux.cc:309] epoll_ctl failed: Bad file descriptor (9)
E0625 15:41:47.348244   26683 completion_queue.cc:800] Kick failed: UNKNOWN:eventfd_write: Bad file descriptor (9)
[92mINFO [0m:      Sent reply
[92mINFO [0m:      
[92mINFO [0m:      Received: train message 09a3f7d2-bb72-4b44-8049-f5f817ef5023
I0625 15:42:48.424334   65364 fork_posix.cc:71] Other threads are currently calling into gRPC, skipping fork() handlers
I0625 15:42:48.463264   26826 fork_posix.cc:71] Other threads are currently calling into gRPC, skipping fork() handlers
I0625 15:42:48.501086   65364 fork_posix.cc:71] Other threads are currently calling into gRPC, skipping fork() handlers
E0625 15:42:48.501424   26882 completion_queue.cc:800] Kick failed: UNKNOWN:eventfd_write: Bad file descriptor (9)
E0625 15:42:48.503262   26885 ev_epoll1_linux.cc:309] epoll_ctl failed: Bad file descriptor (9)
[92mINFO [0m:      Sent reply
[92mINFO [0m:      
[92mINFO [0m:      Received: evaluate message 80b74e6f-16c6-4f14-9b26-e14fb4535374
I0625 15:48:24.141716   65364 fork_posix.cc:71] Other threads are currently calling into gRPC, skipping fork() handlers
I0625 15:48:24.186198   28311 fork_posix.cc:71] Other threads are currently calling into gRPC, skipping fork() handlers
E0625 15:48:24.229399   28367 completion_queue.cc:800] Kick failed: UNKNOWN:eventfd_write: Bad file descriptor (9)
E0625 15:48:24.231274   28371 ev_epoll1_linux.cc:309] epoll_ctl failed: Bad file descriptor (9)
E0625 15:48:24.231299   28371 ev_epoll1_linux.cc:309] epoll_ctl failed: Bad file descriptor (9)
I0625 15:48:24.248259   65364 fork_posix.cc:71] Other threads are currently calling into gRPC, skipping fork() handlers
[92mINFO [0m:      Sent reply
[92mINFO [0m:      
[92mINFO [0m:      Received: train message 35972e23-9485-47b5-ace4-166ab16c60b6
I0625 15:49:24.376264   65364 fork_posix.cc:71] Other threads are currently calling into gRPC, skipping fork() handlers
I0625 15:49:24.435912   28517 fork_posix.cc:71] Other threads are currently calling into gRPC, skipping fork() handlers
E0625 15:49:24.475741   28572 completion_queue.cc:800] Kick failed: UNKNOWN:eventfd_write: Bad file descriptor (9)
E0625 15:49:24.477576   28572 ev_epoll1_linux.cc:309] epoll_ctl failed: Bad file descriptor (9)
E0625 15:49:24.477599   28572 ev_epoll1_linux.cc:309] epoll_ctl failed: Bad file descriptor (9)
I0625 15:49:24.494523   65364 fork_posix.cc:71] Other threads are currently calling into gRPC, skipping fork() handlers
[92mINFO [0m:      Sent reply
[92mINFO [0m:      
[92mINFO [0m:      Received: evaluate message 757f920f-43d8-4651-ae53-f8013caf6302
I0625 15:55:09.763102   65364 fork_posix.cc:71] Other threads are currently calling into gRPC, skipping fork() handlers
I0625 15:55:09.822326   29033 fork_posix.cc:71] Other threads are currently calling into gRPC, skipping fork() handlers
E0625 15:55:09.865533   29089 completion_queue.cc:800] Kick failed: UNKNOWN:eventfd_write: Bad file descriptor (9)
E0625 15:55:09.867355   29089 ev_epoll1_linux.cc:309] epoll_ctl failed: Bad file descriptor (9)
E0625 15:55:09.867380   29089 ev_epoll1_linux.cc:309] epoll_ctl failed: Bad file descriptor (9)
I0625 15:55:09.885050   65364 fork_posix.cc:71] Other threads are currently calling into gRPC, skipping fork() handlers
[92mINFO [0m:      Sent reply
[92mINFO [0m:      
[92mINFO [0m:      Received: train message 3605b7fe-4339-4440-ab2f-454af5059877
I0625 15:56:08.581556   65364 fork_posix.cc:71] Other threads are currently calling into gRPC, skipping fork() handlers
I0625 15:56:08.621928   29274 fork_posix.cc:71] Other threads are currently calling into gRPC, skipping fork() handlers
E0625 15:56:08.663087   29333 ev_epoll1_linux.cc:309] epoll_ctl failed: Bad file descriptor (9)
E0625 15:56:08.663191   29333 completion_queue.cc:800] Kick failed: UNKNOWN:eventfd_write: Bad file descriptor (9)
I0625 15:56:08.680181   65364 fork_posix.cc:71] Other threads are currently calling into gRPC, skipping fork() handlers
I0625 15:56:09.733047   29274 fork_posix.cc:71] Other threads are currently calling into gRPC, skipping fork() handlers
I0625 15:56:10.849480   29274 fork_posix.cc:71] Other threads are currently calling into gRPC, skipping fork() handlers
E0625 15:56:10.889954   29478 completion_queue.cc:800] Kick failed: UNKNOWN:eventfd_write: Bad file descriptor (9)
I0625 15:56:11.958866   29274 fork_posix.cc:71] Other threads are currently calling into gRPC, skipping fork() handlers
I0625 15:56:13.069912   29274 fork_posix.cc:71] Other threads are currently calling into gRPC, skipping fork() handlers
E0625 15:56:13.110787   29554 completion_queue.cc:800] Kick failed: UNKNOWN:eventfd_write: Bad file descriptor (9)
I0625 15:56:14.209688   29274 fork_posix.cc:71] Other threads are currently calling into gRPC, skipping fork() handlers
I0625 15:56:15.324864   29274 fork_posix.cc:71] Other threads are currently calling into gRPC, skipping fork() handlers
I0625 15:56:16.436405   29274 fork_posix.cc:71] Other threads are currently calling into gRPC, skipping fork() handlers
I0625 15:56:17.545389   29274 fork_posix.cc:71] Other threads are currently calling into gRPC, skipping fork() handlers
I0625 15:56:19.191333   29274 fork_posix.cc:71] Other threads are currently calling into gRPC, skipping fork() handlers
E0625 15:56:19.233880   29758 ev_epoll1_linux.cc:309] epoll_ctl failed: Bad file descriptor (9)
I0625 15:56:20.304058   29274 fork_posix.cc:71] Other threads are currently calling into gRPC, skipping fork() handlers
E0625 15:56:20.344389   29791 completion_queue.cc:800] Kick failed: UNKNOWN:eventfd_write: Bad file descriptor (9)
I0625 15:56:21.412791   29274 fork_posix.cc:71] Other threads are currently calling into gRPC, skipping fork() handlers
I0625 15:56:22.525626   29274 fork_posix.cc:71] Other threads are currently calling into gRPC, skipping fork() handlers
I0625 15:56:23.636551   29274 fork_posix.cc:71] Other threads are currently calling into gRPC, skipping fork() handlers
I0625 15:56:24.745969   29274 fork_posix.cc:71] Other threads are currently calling into gRPC, skipping fork() handlers
E0625 15:56:24.785873   29943 completion_queue.cc:800] Kick failed: UNKNOWN:eventfd_write: Bad file descriptor (9)
I0625 15:56:26.100379   29274 fork_posix.cc:71] Other threads are currently calling into gRPC, skipping fork() handlers
E0625 15:56:26.140183   29982 completion_queue.cc:800] Kick failed: UNKNOWN:eventfd_write: Bad file descriptor (9)
I0625 15:56:27.529802   29274 fork_posix.cc:71] Other threads are currently calling into gRPC, skipping fork() handlers
I0625 15:56:28.641938   29274 fork_posix.cc:71] Other threads are currently calling into gRPC, skipping fork() handlers
I0625 15:56:29.805797   29274 fork_posix.cc:71] Other threads are currently calling into gRPC, skipping fork() handlers
E0625 15:56:29.846216   30097 completion_queue.cc:800] Kick failed: UNKNOWN:eventfd_write: Bad file descriptor (9)
E0625 15:56:29.848154   30100 ev_epoll1_linux.cc:309] epoll_ctl failed: Bad file descriptor (9)
[mutex.cc : 2443] RAW: Check w->waitp->cond == nullptr failed: Mutex::Fer while waiting on Condition
I0625 15:57:58.408997   29274 fork_posix.cc:71] Other threads are currently calling into gRPC, skipping fork() handlers
E0625 15:57:58.453576   30220 ev_epoll1_linux.cc:309] epoll_ctl failed: Bad file descriptor (9)
E0625 15:57:58.453690   30220 completion_queue.cc:800] Kick failed: UNKNOWN:eventfd_write: Bad file descriptor (9)
I0625 15:57:59.523557   29274 fork_posix.cc:71] Other threads are currently calling into gRPC, skipping fork() handlers
I0625 15:58:00.637231   29274 fork_posix.cc:71] Other threads are currently calling into gRPC, skipping fork() handlers
I0625 15:58:01.774012   29274 fork_posix.cc:71] Other threads are currently calling into gRPC, skipping fork() handlers
I0625 15:58:02.880533   29274 fork_posix.cc:71] Other threads are currently calling into gRPC, skipping fork() handlers
E0625 15:58:02.921217   30374 completion_queue.cc:800] Kick failed: UNKNOWN:eventfd_write: Bad file descriptor (9)
I0625 15:58:04.004798   29274 fork_posix.cc:71] Other threads are currently calling into gRPC, skipping fork() handlers
E0625 15:58:04.044834   30413 completion_queue.cc:800] Kick failed: UNKNOWN:eventfd_write: Bad file descriptor (9)
I0625 15:58:05.359184   29274 fork_posix.cc:71] Other threads are currently calling into gRPC, skipping fork() handlers
E0625 15:58:05.421145   30451 completion_queue.cc:800] Kick failed: UNKNOWN:eventfd_write: Bad file descriptor (9)
I0625 15:58:06.494226   29274 fork_posix.cc:71] Other threads are currently calling into gRPC, skipping fork() handlers
I0625 15:58:07.630859   29274 fork_posix.cc:71] Other threads are currently calling into gRPC, skipping fork() handlers
I0625 15:58:08.772782   29274 fork_posix.cc:71] Other threads are currently calling into gRPC, skipping fork() handlers
E0625 15:58:08.813809   30565 completion_queue.cc:800] Kick failed: UNKNOWN:eventfd_write: Bad file descriptor (9)
E0625 15:58:08.815721   30568 ev_epoll1_linux.cc:309] epoll_ctl failed: Bad file descriptor (9)
E0625 15:58:08.815749   30568 ev_epoll1_linux.cc:309] epoll_ctl failed: Bad file descriptor (9)
[mutex.cc : 2443] RAW: Check w->waitp->cond == nullptr failed: Mutex::Fer while waiting on Condition
I0625 15:59:17.463467   29274 fork_posix.cc:71] Other threads are currently calling into gRPC, skipping fork() handlers
E0625 15:59:17.529655   30667 completion_queue.cc:800] Kick failed: UNKNOWN:eventfd_write: Bad file descriptor (9)
E0625 15:59:17.531600   30672 ev_epoll1_linux.cc:309] epoll_ctl failed: Bad file descriptor (9)
I0625 15:59:19.032664   29274 fork_posix.cc:71] Other threads are currently calling into gRPC, skipping fork() handlers
E0625 15:59:19.096234   30709 completion_queue.cc:800] Kick failed: UNKNOWN:eventfd_write: Bad file descriptor (9)
I0625 15:59:20.173058   29274 fork_posix.cc:71] Other threads are currently calling into gRPC, skipping fork() handlers
I0625 15:59:21.308450   29274 fork_posix.cc:71] Other threads are currently calling into gRPC, skipping fork() handlers
I0625 15:59:22.421868   29274 fork_posix.cc:71] Other threads are currently calling into gRPC, skipping fork() handlers
E0625 15:59:22.483064   30823 completion_queue.cc:800] Kick failed: UNKNOWN:eventfd_write: Bad file descriptor (9)
I0625 15:59:23.552316   29274 fork_posix.cc:71] Other threads are currently calling into gRPC, skipping fork() handlers
E0625 15:59:23.615451   30863 completion_queue.cc:800] Kick failed: UNKNOWN:eventfd_write: Bad file descriptor (9)
I0625 15:59:24.691688   29274 fork_posix.cc:71] Other threads are currently calling into gRPC, skipping fork() handlers
E0625 15:59:24.755315   30899 completion_queue.cc:800] Kick failed: UNKNOWN:eventfd_write: Bad file descriptor (9)
I0625 15:59:25.827397   29274 fork_posix.cc:71] Other threads are currently calling into gRPC, skipping fork() handlers
I0625 15:59:27.221571   29274 fork_posix.cc:71] Other threads are currently calling into gRPC, skipping fork() handlers
E0625 15:59:27.282878   30975 completion_queue.cc:800] Kick failed: UNKNOWN:eventfd_write: Bad file descriptor (9)
I0625 15:59:28.360895   29274 fork_posix.cc:71] Other threads are currently calling into gRPC, skipping fork() handlers
E0625 15:59:28.416454   31015 completion_queue.cc:800] Kick failed: UNKNOWN:eventfd_write: Bad file descriptor (9)
E0625 15:59:28.418331   31015 ev_epoll1_linux.cc:309] epoll_ctl failed: Bad file descriptor (9)
E0625 15:59:28.418357   31015 ev_epoll1_linux.cc:309] epoll_ctl failed: Bad file descriptor (9)
I0625 15:59:29.491824   29274 fork_posix.cc:71] Other threads are currently calling into gRPC, skipping fork() handlers
I0625 15:59:30.605087   29274 fork_posix.cc:71] Other threads are currently calling into gRPC, skipping fork() handlers
E0625 15:59:30.665838   31090 completion_queue.cc:800] Kick failed: UNKNOWN:eventfd_write: Bad file descriptor (9)
I0625 15:59:31.747491   29274 fork_posix.cc:71] Other threads are currently calling into gRPC, skipping fork() handlers
I0625 15:59:32.866287   29274 fork_posix.cc:71] Other threads are currently calling into gRPC, skipping fork() handlers
E0625 15:59:32.926338   31166 completion_queue.cc:800] Kick failed: UNKNOWN:eventfd_write: Bad file descriptor (9)
I0625 15:59:33.995288   29274 fork_posix.cc:71] Other threads are currently calling into gRPC, skipping fork() handlers
I0625 15:59:35.105132   29274 fork_posix.cc:71] Other threads are currently calling into gRPC, skipping fork() handlers
E0625 15:59:35.144651   31242 completion_queue.cc:800] Kick failed: UNKNOWN:eventfd_write: Bad file descriptor (9)
I0625 15:59:36.216005   29274 fork_posix.cc:71] Other threads are currently calling into gRPC, skipping fork() handlers
I0625 15:59:37.326753   29274 fork_posix.cc:71] Other threads are currently calling into gRPC, skipping fork() handlers
E0625 15:59:37.387569   31318 completion_queue.cc:800] Kick failed: UNKNOWN:eventfd_write: Bad file descriptor (9)
I0625 15:59:38.454522   29274 fork_posix.cc:71] Other threads are currently calling into gRPC, skipping fork() handlers
E0625 15:59:38.496295   31358 ev_epoll1_linux.cc:309] epoll_ctl failed: Bad file descriptor (9)
I0625 15:59:39.566046   29274 fork_posix.cc:71] Other threads are currently calling into gRPC, skipping fork() handlers
E0625 15:59:39.625878   31394 completion_queue.cc:800] Kick failed: UNKNOWN:eventfd_write: Bad file descriptor (9)
I0625 15:59:41.109252   29274 fork_posix.cc:71] Other threads are currently calling into gRPC, skipping fork() handlers
I0625 15:59:42.224257   29274 fork_posix.cc:71] Other threads are currently calling into gRPC, skipping fork() handlers
E0625 15:59:42.263430   31470 completion_queue.cc:800] Kick failed: UNKNOWN:eventfd_write: Bad file descriptor (9)
I0625 15:59:43.352410   29274 fork_posix.cc:71] Other threads are currently calling into gRPC, skipping fork() handlers
I0625 15:59:44.459019   29274 fork_posix.cc:71] Other threads are currently calling into gRPC, skipping fork() handlers
E0625 15:59:44.498959   31546 completion_queue.cc:800] Kick failed: UNKNOWN:eventfd_write: Bad file descriptor (9)
I0625 15:59:45.566574   29274 fork_posix.cc:71] Other threads are currently calling into gRPC, skipping fork() handlers
I0625 15:59:46.678061   29274 fork_posix.cc:71] Other threads are currently calling into gRPC, skipping fork() handlers
E0625 15:59:46.717556   31621 completion_queue.cc:800] Kick failed: UNKNOWN:eventfd_write: Bad file descriptor (9)
I0625 15:59:47.784826   29274 fork_posix.cc:71] Other threads are currently calling into gRPC, skipping fork() handlers
I0625 15:59:48.897963   29274 fork_posix.cc:71] Other threads are currently calling into gRPC, skipping fork() handlers
E0625 15:59:48.937618   31697 completion_queue.cc:800] Kick failed: UNKNOWN:eventfd_write: Bad file descriptor (9)
E0625 15:59:48.939553   31701 ev_epoll1_linux.cc:309] epoll_ctl failed: Bad file descriptor (9)
E0625 15:59:48.939581   31701 ev_epoll1_linux.cc:309] epoll_ctl failed: Bad file descriptor (9)
I0625 15:59:50.022807   29274 fork_posix.cc:71] Other threads are currently calling into gRPC, skipping fork() handlers
I0625 15:59:51.137862   29274 fork_posix.cc:71] Other threads are currently calling into gRPC, skipping fork() handlers
E0625 15:59:51.177302   31773 completion_queue.cc:800] Kick failed: UNKNOWN:eventfd_write: Bad file descriptor (9)
I0625 15:59:52.246035   29274 fork_posix.cc:71] Other threads are currently calling into gRPC, skipping fork() handlers
I0625 15:59:53.356867   29274 fork_posix.cc:71] Other threads are currently calling into gRPC, skipping fork() handlers
E0625 15:59:53.396554   31849 completion_queue.cc:800] Kick failed: UNKNOWN:eventfd_write: Bad file descriptor (9)
I0625 15:59:54.464006   29274 fork_posix.cc:71] Other threads are currently calling into gRPC, skipping fork() handlers
I0625 15:59:55.576244   29274 fork_posix.cc:71] Other threads are currently calling into gRPC, skipping fork() handlers
E0625 15:59:55.615674   31924 completion_queue.cc:800] Kick failed: UNKNOWN:eventfd_write: Bad file descriptor (9)
I0625 15:59:56.682660   29274 fork_posix.cc:71] Other threads are currently calling into gRPC, skipping fork() handlers
I0625 15:59:57.796858   29274 fork_posix.cc:71] Other threads are currently calling into gRPC, skipping fork() handlers
E0625 15:59:57.836742   32000 completion_queue.cc:800] Kick failed: UNKNOWN:eventfd_write: Bad file descriptor (9)
I0625 15:59:58.904896   29274 fork_posix.cc:71] Other threads are currently calling into gRPC, skipping fork() handlers
E0625 15:59:58.946256   32038 ev_epoll1_linux.cc:309] epoll_ctl failed: Bad file descriptor (9)
E0625 15:59:58.946368   32038 completion_queue.cc:800] Kick failed: UNKNOWN:eventfd_write: Bad file descriptor (9)
I0625 16:00:00.015755   29274 fork_posix.cc:71] Other threads are currently calling into gRPC, skipping fork() handlers
E0625 16:00:00.074899   32077 completion_queue.cc:800] Kick failed: UNKNOWN:eventfd_write: Bad file descriptor (9)
I0625 16:00:01.144926   29274 fork_posix.cc:71] Other threads are currently calling into gRPC, skipping fork() handlers
I0625 16:00:02.522876   29274 fork_posix.cc:71] Other threads are currently calling into gRPC, skipping fork() handlers
I0625 16:00:03.634478   29274 fork_posix.cc:71] Other threads are currently calling into gRPC, skipping fork() handlers
E0625 16:00:03.673952   32204 completion_queue.cc:800] Kick failed: UNKNOWN:eventfd_write: Bad file descriptor (9)
I0625 16:00:05.283930   29274 fork_posix.cc:71] Other threads are currently calling into gRPC, skipping fork() handlers
E0625 16:00:05.323108   32225 completion_queue.cc:800] Kick failed: UNKNOWN:eventfd_write: Bad file descriptor (9)
I0625 16:00:06.661927   29274 fork_posix.cc:71] Other threads are currently calling into gRPC, skipping fork() handlers
E0625 16:00:06.701534   32280 completion_queue.cc:800] Kick failed: UNKNOWN:eventfd_write: Bad file descriptor (9)
I0625 16:00:07.779880   29274 fork_posix.cc:71] Other threads are currently calling into gRPC, skipping fork() handlers
I0625 16:00:08.895887   29274 fork_posix.cc:71] Other threads are currently calling into gRPC, skipping fork() handlers
I0625 16:00:10.004788   29274 fork_posix.cc:71] Other threads are currently calling into gRPC, skipping fork() handlers
E0625 16:00:10.046266   32395 ev_epoll1_linux.cc:309] epoll_ctl failed: Bad file descriptor (9)
E0625 16:00:10.046371   32395 completion_queue.cc:800] Kick failed: UNKNOWN:eventfd_write: Bad file descriptor (9)
[92mINFO [0m:      Sent reply
[92mINFO [0m:      
[92mINFO [0m:      Received: evaluate message 84c26f7e-854e-4185-9e46-51921879bcc7
I0625 16:01:38.115558   65364 fork_posix.cc:71] Other threads are currently calling into gRPC, skipping fork() handlers
I0625 16:01:38.160058   32567 fork_posix.cc:71] Other threads are currently calling into gRPC, skipping fork() handlers
I0625 16:01:38.203421   65364 fork_posix.cc:71] Other threads are currently calling into gRPC, skipping fork() handlers
E0625 16:01:38.205690   32624 ev_epoll1_linux.cc:309] epoll_ctl failed: Bad file descriptor (9)
E0625 16:01:38.205788   32624 completion_queue.cc:800] Kick failed: UNKNOWN:eventfd_write: Bad file descriptor (9)
[92mINFO [0m:      Sent reply
[92mINFO [0m:      
[92mINFO [0m:      Received: train message e89dde8a-4035-4459-81aa-ad3a404bc66b
I0625 16:02:33.311639   65364 fork_posix.cc:71] Other threads are currently calling into gRPC, skipping fork() handlers
I0625 16:02:33.351617   32763 fork_posix.cc:71] Other threads are currently calling into gRPC, skipping fork() handlers
E0625 16:02:33.391394   32819 completion_queue.cc:800] Kick failed: UNKNOWN:eventfd_write: Bad file descriptor (9)
I0625 16:02:33.391857   65364 fork_posix.cc:71] Other threads are currently calling into gRPC, skipping fork() handlers
E0625 16:02:33.393385   32822 ev_epoll1_linux.cc:309] epoll_ctl failed: Bad file descriptor (9)
[92mINFO [0m:      Sent reply
[92mINFO [0m:      
[92mINFO [0m:      Received: evaluate message 8191f81f-4d15-43b0-b386-8de14105db00
I0625 16:08:26.196520   65364 fork_posix.cc:71] Other threads are currently calling into gRPC, skipping fork() handlers
I0625 16:08:26.241345   33299 fork_posix.cc:71] Other threads are currently calling into gRPC, skipping fork() handlers
E0625 16:08:26.284631   33355 completion_queue.cc:800] Kick failed: UNKNOWN:eventfd_write: Bad file descriptor (9)
I0625 16:08:26.285078   65364 fork_posix.cc:71] Other threads are currently calling into gRPC, skipping fork() handlers
E0625 16:08:26.286446   33355 ev_epoll1_linux.cc:309] epoll_ctl failed: Bad file descriptor (9)
[92mINFO [0m:      Sent reply
[92mINFO [0m:      
[92mINFO [0m:      Received: train message 9d42d696-a806-40c0-8192-a77e3d9caeac
I0625 16:09:27.839712   65364 fork_posix.cc:71] Other threads are currently calling into gRPC, skipping fork() handlers
I0625 16:09:27.880087   33502 fork_posix.cc:71] Other threads are currently calling into gRPC, skipping fork() handlers
I0625 16:09:27.919586   65364 fork_posix.cc:71] Other threads are currently calling into gRPC, skipping fork() handlers
E0625 16:09:27.921910   33562 ev_epoll1_linux.cc:309] epoll_ctl failed: Bad file descriptor (9)
E0625 16:09:27.922011   33562 completion_queue.cc:800] Kick failed: UNKNOWN:eventfd_write: Bad file descriptor (9)
[92mINFO [0m:      Sent reply
[92mINFO [0m:      
[92mINFO [0m:      Received: evaluate message 1b304feb-b251-4ba8-a174-8314e34f0453
I0625 16:14:47.614549   65364 fork_posix.cc:71] Other threads are currently calling into gRPC, skipping fork() handlers
I0625 16:14:47.658888   33993 fork_posix.cc:71] Other threads are currently calling into gRPC, skipping fork() handlers
E0625 16:14:47.704233   34051 ev_epoll1_linux.cc:309] epoll_ctl failed: Bad file descriptor (9)
I0625 16:14:47.721240   65364 fork_posix.cc:71] Other threads are currently calling into gRPC, skipping fork() handlers
[92mINFO [0m:      Sent reply
[92mINFO [0m:      
[92mINFO [0m:      Received: train message 12c26193-9136-401f-aabe-71dde2882d17
I0625 16:16:33.828542   65364 fork_posix.cc:71] Other threads are currently calling into gRPC, skipping fork() handlers
I0625 16:16:33.887970   34248 fork_posix.cc:71] Other threads are currently calling into gRPC, skipping fork() handlers
E0625 16:16:33.927962   34304 completion_queue.cc:800] Kick failed: UNKNOWN:eventfd_write: Bad file descriptor (9)
I0625 16:16:33.928421   65364 fork_posix.cc:71] Other threads are currently calling into gRPC, skipping fork() handlers
E0625 16:16:33.929802   34308 ev_epoll1_linux.cc:309] epoll_ctl failed: Bad file descriptor (9)
E0625 16:16:33.929824   34308 ev_epoll1_linux.cc:309] epoll_ctl failed: Bad file descriptor (9)
[92mINFO [0m:      Sent reply
[92mINFO [0m:      
[92mINFO [0m:      Received: evaluate message a3b0020f-cccf-46b9-8bca-b15f63a26b59
I0625 16:22:15.836116   65364 fork_posix.cc:71] Other threads are currently calling into gRPC, skipping fork() handlers
I0625 16:22:15.881433   35740 fork_posix.cc:71] Other threads are currently calling into gRPC, skipping fork() handlers
E0625 16:22:15.925828   35796 completion_queue.cc:800] Kick failed: UNKNOWN:eventfd_write: Bad file descriptor (9)
I0625 16:22:15.926598   65364 fork_posix.cc:71] Other threads are currently calling into gRPC, skipping fork() handlers
E0625 16:22:15.927638   35796 ev_epoll1_linux.cc:309] epoll_ctl failed: Bad file descriptor (9)
E0625 16:22:15.927660   35796 ev_epoll1_linux.cc:309] epoll_ctl failed: Bad file descriptor (9)
[92mINFO [0m:      Sent reply
[92mINFO [0m:      
[92mINFO [0m:      Received: train message f557f450-ed83-4074-acb5-d97bf1f11bf1
I0625 16:23:12.263672   65364 fork_posix.cc:71] Other threads are currently calling into gRPC, skipping fork() handlers
I0625 16:23:12.322718   35934 fork_posix.cc:71] Other threads are currently calling into gRPC, skipping fork() handlers
E0625 16:23:12.364430   35990 ev_epoll1_linux.cc:309] epoll_ctl failed: Bad file descriptor (9)
E0625 16:23:12.364487   35990 ev_epoll1_linux.cc:309] epoll_ctl failed: Bad file descriptor (9)
E0625 16:23:12.364544   35990 completion_queue.cc:800] Kick failed: UNKNOWN:eventfd_write: Bad file descriptor (9)
I0625 16:23:12.382168   65364 fork_posix.cc:71] Other threads are currently calling into gRPC, skipping fork() handlers
[92mINFO [0m:      Sent reply
[92mINFO [0m:      
[92mINFO [0m:      Received: evaluate message c60fad53-1dfc-426b-9026-99e71a4bf6f8
I0625 16:29:06.429910   65364 fork_posix.cc:71] Other threads are currently calling into gRPC, skipping fork() handlers
I0625 16:29:06.475684   36457 fork_posix.cc:71] Other threads are currently calling into gRPC, skipping fork() handlers
E0625 16:29:06.520405   36513 completion_queue.cc:800] Kick failed: UNKNOWN:eventfd_write: Bad file descriptor (9)
E0625 16:29:06.522325   36513 ev_epoll1_linux.cc:309] epoll_ctl failed: Bad file descriptor (9)
E0625 16:29:06.522352   36513 ev_epoll1_linux.cc:309] epoll_ctl failed: Bad file descriptor (9)
I0625 16:29:06.539838   65364 fork_posix.cc:71] Other threads are currently calling into gRPC, skipping fork() handlers
I0625 16:29:08.009027   36457 fork_posix.cc:71] Other threads are currently calling into gRPC, skipping fork() handlers
I0625 16:29:09.152840   36457 fork_posix.cc:71] Other threads are currently calling into gRPC, skipping fork() handlers
E0625 16:29:09.225449   36661 completion_queue.cc:800] Kick failed: UNKNOWN:eventfd_write: Bad file descriptor (9)
I0625 16:29:10.300553   36457 fork_posix.cc:71] Other threads are currently calling into gRPC, skipping fork() handlers
E0625 16:29:10.371965   36699 completion_queue.cc:800] Kick failed: UNKNOWN:eventfd_write: Bad file descriptor (9)
I0625 16:29:11.448848   36457 fork_posix.cc:71] Other threads are currently calling into gRPC, skipping fork() handlers
I0625 16:29:12.619396   36457 fork_posix.cc:71] Other threads are currently calling into gRPC, skipping fork() handlers
E0625 16:29:12.695740   36774 completion_queue.cc:800] Kick failed: UNKNOWN:eventfd_write: Bad file descriptor (9)
I0625 16:29:14.101217   36457 fork_posix.cc:71] Other threads are currently calling into gRPC, skipping fork() handlers
I0625 16:29:15.254259   36457 fork_posix.cc:71] Other threads are currently calling into gRPC, skipping fork() handlers
E0625 16:29:15.316496   36850 completion_queue.cc:800] Kick failed: UNKNOWN:eventfd_write: Bad file descriptor (9)
I0625 16:29:16.391546   36457 fork_posix.cc:71] Other threads are currently calling into gRPC, skipping fork() handlers
E0625 16:29:16.464865   36890 completion_queue.cc:800] Kick failed: UNKNOWN:eventfd_write: Bad file descriptor (9)
I0625 16:29:17.540417   36457 fork_posix.cc:71] Other threads are currently calling into gRPC, skipping fork() handlers
E0625 16:29:17.614553   36926 ev_epoll1_linux.cc:309] epoll_ctl failed: Bad file descriptor (9)
E0625 16:29:17.614666   36926 completion_queue.cc:800] Kick failed: UNKNOWN:eventfd_write: Bad file descriptor (9)
I0625 16:29:18.692668   36457 fork_posix.cc:71] Other threads are currently calling into gRPC, skipping fork() handlers
E0625 16:29:18.757679   36969 completion_queue.cc:800] Kick failed: UNKNOWN:eventfd_write: Bad file descriptor (9)
I0625 16:29:20.079083   36457 fork_posix.cc:71] Other threads are currently calling into gRPC, skipping fork() handlers
I0625 16:29:21.214305   36457 fork_posix.cc:71] Other threads are currently calling into gRPC, skipping fork() handlers
I0625 16:29:22.367769   36457 fork_posix.cc:71] Other threads are currently calling into gRPC, skipping fork() handlers
E0625 16:29:22.424819   37084 completion_queue.cc:800] Kick failed: UNKNOWN:eventfd_write: Bad file descriptor (9)
I0625 16:29:23.506131   36457 fork_posix.cc:71] Other threads are currently calling into gRPC, skipping fork() handlers
I0625 16:29:24.667519   36457 fork_posix.cc:71] Other threads are currently calling into gRPC, skipping fork() handlers
I0625 16:29:25.811687   36457 fork_posix.cc:71] Other threads are currently calling into gRPC, skipping fork() handlers
E0625 16:29:25.889556   37181 completion_queue.cc:800] Kick failed: UNKNOWN:eventfd_write: Bad file descriptor (9)
I0625 16:29:26.966946   36457 fork_posix.cc:71] Other threads are currently calling into gRPC, skipping fork() handlers
I0625 16:29:28.126903   36457 fork_posix.cc:71] Other threads are currently calling into gRPC, skipping fork() handlers
E0625 16:29:28.204487   37274 ev_epoll1_linux.cc:309] epoll_ctl failed: Bad file descriptor (9)
E0625 16:29:28.204555   37274 ev_epoll1_linux.cc:309] epoll_ctl failed: Bad file descriptor (9)
E0625 16:29:28.204623   37274 completion_queue.cc:800] Kick failed: UNKNOWN:eventfd_write: Bad file descriptor (9)
I0625 16:29:29.434040   36457 fork_posix.cc:71] Other threads are currently calling into gRPC, skipping fork() handlers
I0625 16:29:31.129349   36457 fork_posix.cc:71] Other threads are currently calling into gRPC, skipping fork() handlers
E0625 16:29:31.174084   37353 completion_queue.cc:800] Kick failed: UNKNOWN:eventfd_write: Bad file descriptor (9)
I0625 16:29:32.801106   36457 fork_posix.cc:71] Other threads are currently calling into gRPC, skipping fork() handlers
E0625 16:29:32.846105   37392 completion_queue.cc:800] Kick failed: UNKNOWN:eventfd_write: Bad file descriptor (9)
I0625 16:29:33.933635   36457 fork_posix.cc:71] Other threads are currently calling into gRPC, skipping fork() handlers
I0625 16:29:35.057088   36457 fork_posix.cc:71] Other threads are currently calling into gRPC, skipping fork() handlers
[92mINFO [0m:      Sent reply
[92mINFO [0m:      
[92mINFO [0m:      Received: train message e09eca54-560c-4b58-bd15-a3089ea57952
I0625 16:30:01.909560   65364 fork_posix.cc:71] Other threads are currently calling into gRPC, skipping fork() handlers
I0625 16:30:01.950024   37557 fork_posix.cc:71] Other threads are currently calling into gRPC, skipping fork() handlers
I0625 16:30:01.989826   65364 fork_posix.cc:71] Other threads are currently calling into gRPC, skipping fork() handlers
E0625 16:30:01.992142   37617 ev_epoll1_linux.cc:309] epoll_ctl failed: Bad file descriptor (9)
E0625 16:30:01.992195   37617 ev_epoll1_linux.cc:309] epoll_ctl failed: Bad file descriptor (9)
E0625 16:30:01.992248   37617 completion_queue.cc:800] Kick failed: UNKNOWN:eventfd_write: Bad file descriptor (9)
[92mINFO [0m:      Sent reply
[92mINFO [0m:      
[92mINFO [0m:      Received: evaluate message 9dd95c10-ee4f-4cfb-ba05-65ef0d3b2d5a
I0625 16:35:33.890171   65364 fork_posix.cc:71] Other threads are currently calling into gRPC, skipping fork() handlers
I0625 16:35:33.935766   38033 fork_posix.cc:71] Other threads are currently calling into gRPC, skipping fork() handlers
E0625 16:35:33.982246   38089 ev_epoll1_linux.cc:309] epoll_ctl failed: Bad file descriptor (9)
E0625 16:35:33.982347   38089 completion_queue.cc:800] Kick failed: UNKNOWN:eventfd_write: Bad file descriptor (9)
I0625 16:35:33.999417   65364 fork_posix.cc:71] Other threads are currently calling into gRPC, skipping fork() handlers
[92mINFO [0m:      Sent reply
[92mINFO [0m:      
[92mINFO [0m:      Received: train message 5a7a5a11-e074-493d-928e-6e70862364dc
I0625 16:36:25.768847   65364 fork_posix.cc:71] Other threads are currently calling into gRPC, skipping fork() handlers
I0625 16:36:25.828103   38267 fork_posix.cc:71] Other threads are currently calling into gRPC, skipping fork() handlers
E0625 16:36:25.867952   38324 completion_queue.cc:800] Kick failed: UNKNOWN:eventfd_write: Bad file descriptor (9)
E0625 16:36:25.869829   38324 ev_epoll1_linux.cc:309] epoll_ctl failed: Bad file descriptor (9)
E0625 16:36:25.869853   38324 ev_epoll1_linux.cc:309] epoll_ctl failed: Bad file descriptor (9)
I0625 16:36:25.887457   65364 fork_posix.cc:71] Other threads are currently calling into gRPC, skipping fork() handlers
[92mINFO [0m:      Sent reply
[92mINFO [0m:      
[92mINFO [0m:      Received: evaluate message 4c39e8f1-0696-4340-b42e-fcb8bbef0829
I0625 16:41:58.577209   65364 fork_posix.cc:71] Other threads are currently calling into gRPC, skipping fork() handlers
I0625 16:41:58.621276   38830 fork_posix.cc:71] Other threads are currently calling into gRPC, skipping fork() handlers
E0625 16:41:58.664435   38886 completion_queue.cc:800] Kick failed: UNKNOWN:eventfd_write: Bad file descriptor (9)
E0625 16:41:58.666264   38886 ev_epoll1_linux.cc:309] epoll_ctl failed: Bad file descriptor (9)
I0625 16:41:58.684257   65364 fork_posix.cc:71] Other threads are currently calling into gRPC, skipping fork() handlers
[92mINFO [0m:      Sent reply
[92mINFO [0m:      
[92mINFO [0m:      Received: train message b10f080d-eb08-429f-a29e-1977e2d658ce
I0625 16:42:50.653436   65364 fork_posix.cc:71] Other threads are currently calling into gRPC, skipping fork() handlers
I0625 16:42:50.693847   39022 fork_posix.cc:71] Other threads are currently calling into gRPC, skipping fork() handlers
I0625 16:42:50.733638   65364 fork_posix.cc:71] Other threads are currently calling into gRPC, skipping fork() handlers
E0625 16:42:50.735592   39081 ev_epoll1_linux.cc:309] epoll_ctl failed: Bad file descriptor (9)
E0625 16:42:50.735647   39081 ev_epoll1_linux.cc:309] epoll_ctl failed: Bad file descriptor (9)
E0625 16:42:50.735704   39081 completion_queue.cc:800] Kick failed: UNKNOWN:eventfd_write: Bad file descriptor (9)
[92mINFO [0m:      Sent reply
[92mINFO [0m:      
[92mINFO [0m:      Received: evaluate message c5f159e2-5b57-422e-9858-d9b8de0948cc
I0625 16:48:10.120382   65364 fork_posix.cc:71] Other threads are currently calling into gRPC, skipping fork() handlers
I0625 16:48:10.183411   40262 fork_posix.cc:71] Other threads are currently calling into gRPC, skipping fork() handlers
E0625 16:48:10.226438   40323 completion_queue.cc:800] Kick failed: UNKNOWN:eventfd_write: Bad file descriptor (9)
I0625 16:48:10.226936   65364 fork_posix.cc:71] Other threads are currently calling into gRPC, skipping fork() handlers
E0625 16:48:10.228251   40323 ev_epoll1_linux.cc:309] epoll_ctl failed: Bad file descriptor (9)
E0625 16:48:10.228272   40323 ev_epoll1_linux.cc:309] epoll_ctl failed: Bad file descriptor (9)
[92mINFO [0m:      Sent reply
[92mINFO [0m:      
[92mINFO [0m:      Received: train message 4c46ebbb-6c43-404c-80de-fea9ef02f416
I0625 16:49:06.520538   65364 fork_posix.cc:71] Other threads are currently calling into gRPC, skipping fork() handlers
I0625 16:49:06.560943   40688 fork_posix.cc:71] Other threads are currently calling into gRPC, skipping fork() handlers
E0625 16:49:06.601022   40744 completion_queue.cc:800] Kick failed: UNKNOWN:eventfd_write: Bad file descriptor (9)
E0625 16:49:06.602877   40748 ev_epoll1_linux.cc:309] epoll_ctl failed: Bad file descriptor (9)
E0625 16:49:06.602901   40748 ev_epoll1_linux.cc:309] epoll_ctl failed: Bad file descriptor (9)
I0625 16:49:06.620503   65364 fork_posix.cc:71] Other threads are currently calling into gRPC, skipping fork() handlers
[92mINFO [0m:      Sent reply
[92mINFO [0m:      
[92mINFO [0m:      Received: evaluate message 238d546b-ace0-410a-b9ad-543ce46f3600
I0625 16:54:25.659940   65364 fork_posix.cc:71] Other threads are currently calling into gRPC, skipping fork() handlers
I0625 16:54:25.722554   41183 fork_posix.cc:71] Other threads are currently calling into gRPC, skipping fork() handlers
E0625 16:54:25.766017   41239 completion_queue.cc:800] Kick failed: UNKNOWN:eventfd_write: Bad file descriptor (9)
I0625 16:54:25.766512   65364 fork_posix.cc:71] Other threads are currently calling into gRPC, skipping fork() handlers
E0625 16:54:25.767875   41243 ev_epoll1_linux.cc:309] epoll_ctl failed: Bad file descriptor (9)
[92mINFO [0m:      Sent reply
[92mINFO [0m:      
[92mINFO [0m:      Received: train message a0bc9e62-593e-44b9-88e5-2ae348eeba77
I0625 16:55:21.354090   65364 fork_posix.cc:71] Other threads are currently calling into gRPC, skipping fork() handlers
I0625 16:55:21.393791   41383 fork_posix.cc:71] Other threads are currently calling into gRPC, skipping fork() handlers
I0625 16:55:21.434205   65364 fork_posix.cc:71] Other threads are currently calling into gRPC, skipping fork() handlers
E0625 16:55:21.435539   41439 ev_epoll1_linux.cc:309] epoll_ctl failed: Bad file descriptor (9)
E0625 16:55:21.435633   41439 completion_queue.cc:800] Kick failed: UNKNOWN:eventfd_write: Bad file descriptor (9)
[92mINFO [0m:      Sent reply
[92mINFO [0m:      
[92mINFO [0m:      Received: evaluate message cce4d0cb-c1a6-43e8-b089-576e384f0020
I0625 17:01:15.457079   65364 fork_posix.cc:71] Other threads are currently calling into gRPC, skipping fork() handlers
I0625 17:01:15.520433   41942 fork_posix.cc:71] Other threads are currently calling into gRPC, skipping fork() handlers
I0625 17:01:15.563250   65364 fork_posix.cc:71] Other threads are currently calling into gRPC, skipping fork() handlers
E0625 17:01:15.565163   41998 ev_epoll1_linux.cc:309] epoll_ctl failed: Bad file descriptor (9)
E0625 17:01:15.565219   41998 ev_epoll1_linux.cc:309] epoll_ctl failed: Bad file descriptor (9)
E0625 17:01:15.565277   41998 completion_queue.cc:800] Kick failed: UNKNOWN:eventfd_write: Bad file descriptor (9)
[92mINFO [0m:      Sent reply
[92mINFO [0m:      
[92mINFO [0m:      Received: train message ef4124c8-168d-4421-bed0-cede3495a41b
I0625 17:02:06.216223   65364 fork_posix.cc:71] Other threads are currently calling into gRPC, skipping fork() handlers
I0625 17:02:06.256309   42141 fork_posix.cc:71] Other threads are currently calling into gRPC, skipping fork() handlers
I0625 17:02:06.296087   65364 fork_posix.cc:71] Other threads are currently calling into gRPC, skipping fork() handlers
E0625 17:02:06.297478   42197 ev_epoll1_linux.cc:309] epoll_ctl failed: Bad file descriptor (9)
E0625 17:02:06.297532   42197 ev_epoll1_linux.cc:309] epoll_ctl failed: Bad file descriptor (9)
E0625 17:02:06.297586   42197 completion_queue.cc:800] Kick failed: UNKNOWN:eventfd_write: Bad file descriptor (9)
[92mINFO [0m:      Sent reply
[92mINFO [0m:      
[92mINFO [0m:      Received: evaluate message 8fce1cea-2e50-451b-a9aa-0c0be7af3361
I0625 17:07:42.771090   65364 fork_posix.cc:71] Other threads are currently calling into gRPC, skipping fork() handlers
I0625 17:07:42.834028   42659 fork_posix.cc:71] Other threads are currently calling into gRPC, skipping fork() handlers
I0625 17:07:42.876918   65364 fork_posix.cc:71] Other threads are currently calling into gRPC, skipping fork() handlers
E0625 17:07:42.877145   42716 completion_queue.cc:800] Kick failed: UNKNOWN:eventfd_write: Bad file descriptor (9)
E0625 17:07:42.878967   42721 ev_epoll1_linux.cc:309] epoll_ctl failed: Bad file descriptor (9)
[92mINFO [0m:      Sent reply
[92mINFO [0m:      
[92mINFO [0m:      Received: train message 91aa7078-8618-4975-ba4d-ce57fd0c56d4
I0625 17:08:44.624241   65364 fork_posix.cc:71] Other threads are currently calling into gRPC, skipping fork() handlers
I0625 17:08:44.664857   42859 fork_posix.cc:71] Other threads are currently calling into gRPC, skipping fork() handlers
I0625 17:08:44.704644   65364 fork_posix.cc:71] Other threads are currently calling into gRPC, skipping fork() handlers
E0625 17:08:44.706592   42918 ev_epoll1_linux.cc:309] epoll_ctl failed: Bad file descriptor (9)
E0625 17:08:44.706646   42918 ev_epoll1_linux.cc:309] epoll_ctl failed: Bad file descriptor (9)
E0625 17:08:44.706704   42918 completion_queue.cc:800] Kick failed: UNKNOWN:eventfd_write: Bad file descriptor (9)
[92mINFO [0m:      Sent reply
[92mINFO [0m:      
[92mINFO [0m:      Received: evaluate message 2ddbc6f1-c0f9-4c6a-8854-5e032ce3e730
I0625 17:14:03.028368   65364 fork_posix.cc:71] Other threads are currently calling into gRPC, skipping fork() handlers
I0625 17:14:03.074183   43356 fork_posix.cc:71] Other threads are currently calling into gRPC, skipping fork() handlers
E0625 17:14:03.118457   43413 completion_queue.cc:800] Kick failed: UNKNOWN:eventfd_write: Bad file descriptor (9)
E0625 17:14:03.120251   43417 ev_epoll1_linux.cc:309] epoll_ctl failed: Bad file descriptor (9)
E0625 17:14:03.120275   43417 ev_epoll1_linux.cc:309] epoll_ctl failed: Bad file descriptor (9)
I0625 17:14:03.137231   65364 fork_posix.cc:71] Other threads are currently calling into gRPC, skipping fork() handlers
[92mINFO [0m:      Sent reply
[92mINFO [0m:      
[92mINFO [0m:      Received: train message 9378b72b-f8a5-4ac1-a28f-311610146530
I0625 17:14:56.438201   65364 fork_posix.cc:71] Other threads are currently calling into gRPC, skipping fork() handlers
I0625 17:14:56.479073   43545 fork_posix.cc:71] Other threads are currently calling into gRPC, skipping fork() handlers
I0625 17:14:56.518979   65364 fork_posix.cc:71] Other threads are currently calling into gRPC, skipping fork() handlers
E0625 17:14:56.520999   43600 ev_epoll1_linux.cc:309] epoll_ctl failed: Bad file descriptor (9)
E0625 17:14:56.521097   43600 completion_queue.cc:800] Kick failed: UNKNOWN:eventfd_write: Bad file descriptor (9)
[92mINFO [0m:      Sent reply
[92mINFO [0m:      
[92mINFO [0m:      Received: evaluate message 9b0ef94a-e070-4feb-a7cd-80a1b7015777
I0625 17:20:46.693415   65364 fork_posix.cc:71] Other threads are currently calling into gRPC, skipping fork() handlers
I0625 17:20:46.736967   45052 fork_posix.cc:71] Other threads are currently calling into gRPC, skipping fork() handlers
E0625 17:20:46.780002   45106 completion_queue.cc:800] Kick failed: UNKNOWN:eventfd_write: Bad file descriptor (9)
E0625 17:20:46.781857   45106 ev_epoll1_linux.cc:309] epoll_ctl failed: Bad file descriptor (9)
I0625 17:20:46.799836   65364 fork_posix.cc:71] Other threads are currently calling into gRPC, skipping fork() handlers
E0625 17:20:47.782779   45118 ev_epoll1_linux.cc:309] epoll_ctl failed: Bad file descriptor (9)
[92mINFO [0m:      Sent reply
[92mINFO [0m:      
[92mINFO [0m:      Received: train message b152646a-e2a4-4e6f-9887-37bbfb304f65
I0625 17:21:47.092688   65364 fork_posix.cc:71] Other threads are currently calling into gRPC, skipping fork() handlers
I0625 17:21:47.133617   45299 fork_posix.cc:71] Other threads are currently calling into gRPC, skipping fork() handlers
I0625 17:21:47.173280   65364 fork_posix.cc:71] Other threads are currently calling into gRPC, skipping fork() handlers
E0625 17:21:47.175377   45353 ev_epoll1_linux.cc:309] epoll_ctl failed: Bad file descriptor (9)
E0625 17:21:47.175429   45353 ev_epoll1_linux.cc:309] epoll_ctl failed: Bad file descriptor (9)
E0625 17:21:47.175481   45353 completion_queue.cc:800] Kick failed: UNKNOWN:eventfd_write: Bad file descriptor (9)
[92mINFO [0m:      Sent reply
[92mINFO [0m:      
[92mINFO [0m:      Received: evaluate message 746dbabf-a096-47f3-8d6c-e24e42f250e5
I0625 17:27:23.297333   45807 fork_posix.cc:71] Other threads are currently calling into gRPC, skipping fork() handlers
I0625 17:27:23.341571   65364 fork_posix.cc:71] Other threads are currently calling into gRPC, skipping fork() handlers
E0625 17:27:23.343885   45833 ev_epoll1_linux.cc:309] epoll_ctl failed: Bad file descriptor (9)
E0625 17:27:23.343984   45833 completion_queue.cc:800] Kick failed: UNKNOWN:eventfd_write: Bad file descriptor (9)
I0625 17:27:23.388331   65364 fork_posix.cc:71] Other threads are currently calling into gRPC, skipping fork() handlers
[92mINFO [0m:      Sent reply
[92mINFO [0m:      
[92mINFO [0m:      Received: train message 1943bf9b-8bac-4bb7-b53d-a479d4e137c9
I0625 17:28:26.046927   65364 fork_posix.cc:71] Other threads are currently calling into gRPC, skipping fork() handlers
I0625 17:28:26.106054   46008 fork_posix.cc:71] Other threads are currently calling into gRPC, skipping fork() handlers
E0625 17:28:26.147505   46064 ev_epoll1_linux.cc:309] epoll_ctl failed: Bad file descriptor (9)
E0625 17:28:26.147610   46064 completion_queue.cc:800] Kick failed: UNKNOWN:eventfd_write: Bad file descriptor (9)
I0625 17:28:26.165120   65364 fork_posix.cc:71] Other threads are currently calling into gRPC, skipping fork() handlers
[92mINFO [0m:      Sent reply
[92mINFO [0m:      
[92mINFO [0m:      Received: evaluate message 1c403ce6-da8d-4c66-b734-f56f35752bf4
I0625 17:34:09.616082   65364 fork_posix.cc:71] Other threads are currently calling into gRPC, skipping fork() handlers
I0625 17:34:09.679462   46546 fork_posix.cc:71] Other threads are currently calling into gRPC, skipping fork() handlers
I0625 17:34:09.722536   65364 fork_posix.cc:71] Other threads are currently calling into gRPC, skipping fork() handlers
E0625 17:34:09.722641   46603 completion_queue.cc:800] Kick failed: UNKNOWN:eventfd_write: Bad file descriptor (9)
E0625 17:34:09.724538   46607 ev_epoll1_linux.cc:309] epoll_ctl failed: Bad file descriptor (9)
E0625 17:34:09.724560   46607 ev_epoll1_linux.cc:309] epoll_ctl failed: Bad file descriptor (9)
[92mINFO [0m:      Sent reply
[92mINFO [0m:      
[92mINFO [0m:      Received: train message 9509f31f-4179-4253-8401-03e5f1a135e5
I0625 17:35:07.695580   65364 fork_posix.cc:71] Other threads are currently calling into gRPC, skipping fork() handlers
I0625 17:35:07.736425   46747 fork_posix.cc:71] Other threads are currently calling into gRPC, skipping fork() handlers
I0625 17:35:07.776113   65364 fork_posix.cc:71] Other threads are currently calling into gRPC, skipping fork() handlers
[92mINFO [0m:      Sent reply
[92mINFO [0m:      
[92mINFO [0m:      Received: evaluate message 0825cc92-88de-40c3-8299-9d4c8de1ffe9
I0625 17:40:43.109305   65364 fork_posix.cc:71] Other threads are currently calling into gRPC, skipping fork() handlers
I0625 17:40:43.155272   47254 fork_posix.cc:71] Other threads are currently calling into gRPC, skipping fork() handlers
I0625 17:40:43.199444   65364 fork_posix.cc:71] Other threads are currently calling into gRPC, skipping fork() handlers
E0625 17:40:43.199556   47310 completion_queue.cc:800] Kick failed: UNKNOWN:eventfd_write: Bad file descriptor (9)
E0625 17:40:43.201330   47310 ev_epoll1_linux.cc:309] epoll_ctl failed: Bad file descriptor (9)
E0625 17:40:43.201352   47310 ev_epoll1_linux.cc:309] epoll_ctl failed: Bad file descriptor (9)
[92mINFO [0m:      Sent reply
[92mINFO [0m:      
[92mINFO [0m:      Received: train message 556c57e3-0dca-4ce3-8f93-10811d3f53f2
I0625 17:41:46.426978   65364 fork_posix.cc:71] Other threads are currently calling into gRPC, skipping fork() handlers
I0625 17:41:46.468111   47548 fork_posix.cc:71] Other threads are currently calling into gRPC, skipping fork() handlers
I0625 17:41:46.508173   65364 fork_posix.cc:71] Other threads are currently calling into gRPC, skipping fork() handlers
E0625 17:41:46.510307   47607 ev_epoll1_linux.cc:309] epoll_ctl failed: Bad file descriptor (9)
E0625 17:41:46.510420   47607 completion_queue.cc:800] Kick failed: UNKNOWN:eventfd_write: Bad file descriptor (9)
[92mINFO [0m:      Sent reply
[92mINFO [0m:      
[92mINFO [0m:      Received: evaluate message 9139d1cc-7605-4920-a8a0-ba4c61ef86cb
I0625 17:47:34.177261   65364 fork_posix.cc:71] Other threads are currently calling into gRPC, skipping fork() handlers
I0625 17:47:34.222974   48069 fork_posix.cc:71] Other threads are currently calling into gRPC, skipping fork() handlers
E0625 17:47:34.267019   48126 completion_queue.cc:800] Kick failed: UNKNOWN:eventfd_write: Bad file descriptor (9)
I0625 17:47:34.267513   65364 fork_posix.cc:71] Other threads are currently calling into gRPC, skipping fork() handlers
E0625 17:47:34.268859   48130 ev_epoll1_linux.cc:309] epoll_ctl failed: Bad file descriptor (9)
E0625 17:47:34.268885   48130 ev_epoll1_linux.cc:309] epoll_ctl failed: Bad file descriptor (9)
[92mINFO [0m:      Sent reply
[92mINFO [0m:      
[92mINFO [0m:      Received: train message 9f86e8e0-d307-416f-872f-b82773dd3540
I0625 17:48:33.226742   65364 fork_posix.cc:71] Other threads are currently calling into gRPC, skipping fork() handlers
I0625 17:48:33.267431   49243 fork_posix.cc:71] Other threads are currently calling into gRPC, skipping fork() handlers
I0625 17:48:33.307057   65364 fork_posix.cc:71] Other threads are currently calling into gRPC, skipping fork() handlers
E0625 17:48:33.308985   49302 ev_epoll1_linux.cc:309] epoll_ctl failed: Bad file descriptor (9)
E0625 17:48:33.309083   49302 completion_queue.cc:800] Kick failed: UNKNOWN:eventfd_write: Bad file descriptor (9)
[92mINFO [0m:      Sent reply
[92mINFO [0m:      
[92mINFO [0m:      Received: evaluate message 55763e9d-1082-416c-b186-06808a50a76d
I0625 17:54:24.896237   65364 fork_posix.cc:71] Other threads are currently calling into gRPC, skipping fork() handlers
I0625 17:54:24.941972   49765 fork_posix.cc:71] Other threads are currently calling into gRPC, skipping fork() handlers
I0625 17:54:24.986533   65364 fork_posix.cc:71] Other threads are currently calling into gRPC, skipping fork() handlers
E0625 17:54:24.986654   49820 completion_queue.cc:800] Kick failed: UNKNOWN:eventfd_write: Bad file descriptor (9)
E0625 17:54:24.988483   49824 ev_epoll1_linux.cc:309] epoll_ctl failed: Bad file descriptor (9)
[92mINFO [0m:      Sent reply
[92mINFO [0m:      
[92mINFO [0m:      Received: train message 12d57dd7-c283-4e83-90ef-8ba6c915c34e
I0625 17:55:27.110439   65364 fork_posix.cc:71] Other threads are currently calling into gRPC, skipping fork() handlers
I0625 17:55:27.151048   49970 fork_posix.cc:71] Other threads are currently calling into gRPC, skipping fork() handlers
E0625 17:55:27.191464   50026 completion_queue.cc:800] Kick failed: UNKNOWN:eventfd_write: Bad file descriptor (9)
I0625 17:55:27.191513   65364 fork_posix.cc:71] Other threads are currently calling into gRPC, skipping fork() handlers
E0625 17:55:27.193338   50026 ev_epoll1_linux.cc:309] epoll_ctl failed: Bad file descriptor (9)
[92mINFO [0m:      Sent reply
[92mINFO [0m:      
[92mINFO [0m:      Received: evaluate message 1c139da3-752f-417b-a2b1-f79103aa7e50
I0625 18:00:52.641612   65364 fork_posix.cc:71] Other threads are currently calling into gRPC, skipping fork() handlers
I0625 18:00:52.686232   50472 fork_posix.cc:71] Other threads are currently calling into gRPC, skipping fork() handlers
I0625 18:00:52.729440   65364 fork_posix.cc:71] Other threads are currently calling into gRPC, skipping fork() handlers
E0625 18:00:52.729738   50528 completion_queue.cc:800] Kick failed: UNKNOWN:eventfd_write: Bad file descriptor (9)
E0625 18:00:52.731643   50532 ev_epoll1_linux.cc:309] epoll_ctl failed: Bad file descriptor (9)
E0625 18:00:52.731666   50532 ev_epoll1_linux.cc:309] epoll_ctl failed: Bad file descriptor (9)
[92mINFO [0m:      Sent reply
[92mINFO [0m:      
[92mINFO [0m:      Received: train message 9dcf67b4-a9d6-44be-a9c3-d72e36dccaf1
I0625 18:01:48.121086   65364 fork_posix.cc:71] Other threads are currently calling into gRPC, skipping fork() handlers
I0625 18:01:48.180731   50739 fork_posix.cc:71] Other threads are currently calling into gRPC, skipping fork() handlers
E0625 18:01:48.220782   50796 completion_queue.cc:800] Kick failed: UNKNOWN:eventfd_write: Bad file descriptor (9)
I0625 18:01:48.220825   65364 fork_posix.cc:71] Other threads are currently calling into gRPC, skipping fork() handlers
E0625 18:01:48.222643   50796 ev_epoll1_linux.cc:309] epoll_ctl failed: Bad file descriptor (9)
[92mINFO [0m:      Sent reply
[92mINFO [0m:      
[92mINFO [0m:      Received: evaluate message a6209c8d-9f3b-4b32-8772-8526ab7ad7ec
I0625 18:07:10.396222   65364 fork_posix.cc:71] Other threads are currently calling into gRPC, skipping fork() handlers
I0625 18:07:10.440626   51207 fork_posix.cc:71] Other threads are currently calling into gRPC, skipping fork() handlers
I0625 18:07:10.483813   65364 fork_posix.cc:71] Other threads are currently calling into gRPC, skipping fork() handlers
E0625 18:07:10.483916   51264 completion_queue.cc:800] Kick failed: UNKNOWN:eventfd_write: Bad file descriptor (9)
E0625 18:07:10.485740   51267 ev_epoll1_linux.cc:309] epoll_ctl failed: Bad file descriptor (9)
E0625 18:07:10.485765   51267 ev_epoll1_linux.cc:309] epoll_ctl failed: Bad file descriptor (9)
[92mINFO [0m:      Sent reply
[92mINFO [0m:      
[92mINFO [0m:      Received: train message 012aff99-2b37-4472-9448-c86852af1853
I0625 18:08:04.805376   65364 fork_posix.cc:71] Other threads are currently calling into gRPC, skipping fork() handlers
I0625 18:08:04.846207   51444 fork_posix.cc:71] Other threads are currently calling into gRPC, skipping fork() handlers
E0625 18:08:04.888052   51500 ev_epoll1_linux.cc:309] epoll_ctl failed: Bad file descriptor (9)
E0625 18:08:04.888161   51500 completion_queue.cc:800] Kick failed: UNKNOWN:eventfd_write: Bad file descriptor (9)
I0625 18:08:04.905167   65364 fork_posix.cc:71] Other threads are currently calling into gRPC, skipping fork() handlers
[92mINFO [0m:      Sent reply
[92mINFO [0m:      
[92mINFO [0m:      Received: evaluate message e77efd01-32da-4465-8d9c-bb708b182c51
I0625 18:13:28.372452   65364 fork_posix.cc:71] Other threads are currently calling into gRPC, skipping fork() handlers
I0625 18:13:28.417141   51941 fork_posix.cc:71] Other threads are currently calling into gRPC, skipping fork() handlers
I0625 18:13:28.460690   65364 fork_posix.cc:71] Other threads are currently calling into gRPC, skipping fork() handlers
E0625 18:13:28.460738   51996 completion_queue.cc:800] Kick failed: UNKNOWN:eventfd_write: Bad file descriptor (9)
E0625 18:13:28.462549   51996 ev_epoll1_linux.cc:309] epoll_ctl failed: Bad file descriptor (9)
E0625 18:13:28.462572   51996 ev_epoll1_linux.cc:309] epoll_ctl failed: Bad file descriptor (9)
[92mINFO [0m:      Sent reply
[92mINFO [0m:      
[92mINFO [0m:      Received: train message 0d3a17c6-bb86-4e4a-a41d-15099197125c
I0625 18:14:23.053267   65364 fork_posix.cc:71] Other threads are currently calling into gRPC, skipping fork() handlers
I0625 18:14:23.093977   52132 fork_posix.cc:71] Other threads are currently calling into gRPC, skipping fork() handlers
E0625 18:14:23.135698   52187 ev_epoll1_linux.cc:309] epoll_ctl failed: Bad file descriptor (9)
E0625 18:14:23.135800   52187 completion_queue.cc:800] Kick failed: UNKNOWN:eventfd_write: Bad file descriptor (9)
I0625 18:14:23.152810   65364 fork_posix.cc:71] Other threads are currently calling into gRPC, skipping fork() handlers
[92mINFO [0m:      Sent reply
[92mINFO [0m:      
[92mINFO [0m:      Received: evaluate message 2f12ecf2-09f5-453f-9629-97bfeeb9921b
I0625 18:20:10.678368   65364 fork_posix.cc:71] Other threads are currently calling into gRPC, skipping fork() handlers
I0625 18:20:10.722628   53630 fork_posix.cc:71] Other threads are currently calling into gRPC, skipping fork() handlers
E0625 18:20:10.766030   53686 completion_queue.cc:800] Kick failed: UNKNOWN:eventfd_write: Bad file descriptor (9)
E0625 18:20:10.767927   53686 ev_epoll1_linux.cc:309] epoll_ctl failed: Bad file descriptor (9)
I0625 18:20:10.784854   65364 fork_posix.cc:71] Other threads are currently calling into gRPC, skipping fork() handlers
[92mINFO [0m:      Sent reply
[92mINFO [0m:      
[92mINFO [0m:      Received: train message 1c32a9ea-c67d-4472-a552-01d8430fabc8
I0625 18:21:02.648464   65364 fork_posix.cc:71] Other threads are currently calling into gRPC, skipping fork() handlers
I0625 18:21:02.707518   53820 fork_posix.cc:71] Other threads are currently calling into gRPC, skipping fork() handlers
I0625 18:21:02.747462   65364 fork_posix.cc:71] Other threads are currently calling into gRPC, skipping fork() handlers
E0625 18:21:02.748772   53876 ev_epoll1_linux.cc:309] epoll_ctl failed: Bad file descriptor (9)
E0625 18:21:02.748870   53876 completion_queue.cc:800] Kick failed: UNKNOWN:eventfd_write: Bad file descriptor (9)
[92mINFO [0m:      Sent reply
[92mINFO [0m:      
[92mINFO [0m:      Received: evaluate message 5f898d5d-0c43-4a6d-a56e-75b4c98fa461
I0625 18:26:31.308891   65364 fork_posix.cc:71] Other threads are currently calling into gRPC, skipping fork() handlers
I0625 18:26:31.351896   54326 fork_posix.cc:71] Other threads are currently calling into gRPC, skipping fork() handlers
I0625 18:26:31.394447   65364 fork_posix.cc:71] Other threads are currently calling into gRPC, skipping fork() handlers
[92mINFO [0m:      Sent reply
[92mINFO [0m:      
[92mINFO [0m:      Received: train message 15be3b59-dda9-436a-9731-38692993b008
I0625 18:27:27.541000   65364 fork_posix.cc:71] Other threads are currently calling into gRPC, skipping fork() handlers
I0625 18:27:27.578239   54524 fork_posix.cc:71] Other threads are currently calling into gRPC, skipping fork() handlers
I0625 18:27:27.614764   65364 fork_posix.cc:71] Other threads are currently calling into gRPC, skipping fork() handlers
E0625 18:27:27.616750   54584 ev_epoll1_linux.cc:309] epoll_ctl failed: Bad file descriptor (9)
E0625 18:27:27.616863   54584 completion_queue.cc:800] Kick failed: UNKNOWN:eventfd_write: Bad file descriptor (9)
[92mINFO [0m:      Sent reply
[92mINFO [0m:      
[92mINFO [0m:      Received: evaluate message 922eb9c7-a85f-4e08-9f7c-2b231489ad12
I0625 18:32:59.469896   65364 fork_posix.cc:71] Other threads are currently calling into gRPC, skipping fork() handlers
I0625 18:32:59.514020   55029 fork_posix.cc:71] Other threads are currently calling into gRPC, skipping fork() handlers
I0625 18:32:59.576703   65364 fork_posix.cc:71] Other threads are currently calling into gRPC, skipping fork() handlers
[92mINFO [0m:      Sent reply
[92mINFO [0m:      
[92mINFO [0m:      Received: train message e9f77644-2bf7-4a0f-bc47-512a9d871978
I0625 18:33:55.837635   65364 fork_posix.cc:71] Other threads are currently calling into gRPC, skipping fork() handlers
I0625 18:33:55.878637   55244 fork_posix.cc:71] Other threads are currently calling into gRPC, skipping fork() handlers
E0625 18:33:55.918873   55301 completion_queue.cc:800] Kick failed: UNKNOWN:eventfd_write: Bad file descriptor (9)
E0625 18:33:55.920701   55304 ev_epoll1_linux.cc:309] epoll_ctl failed: Bad file descriptor (9)
E0625 18:33:55.920725   55304 ev_epoll1_linux.cc:309] epoll_ctl failed: Bad file descriptor (9)
I0625 18:33:55.937489   65364 fork_posix.cc:71] Other threads are currently calling into gRPC, skipping fork() handlers
[92mINFO [0m:      Sent reply
[92mINFO [0m:      
[92mINFO [0m:      Received: evaluate message 0cbb3f3f-e87b-4ebc-9659-f1cfb29fbd6d
I0625 18:39:47.999841   65364 fork_posix.cc:71] Other threads are currently calling into gRPC, skipping fork() handlers
I0625 18:39:48.043922   55766 fork_posix.cc:71] Other threads are currently calling into gRPC, skipping fork() handlers
I0625 18:39:48.088163   65364 fork_posix.cc:71] Other threads are currently calling into gRPC, skipping fork() handlers
E0625 18:39:48.089214   55822 ev_epoll1_linux.cc:309] epoll_ctl failed: Bad file descriptor (9)
E0625 18:39:48.089271   55822 ev_epoll1_linux.cc:309] epoll_ctl failed: Bad file descriptor (9)
[92mINFO [0m:      Sent reply
[92mINFO [0m:      
[92mINFO [0m:      Received: train message ecdf4e62-d507-4f7a-b204-fb2512bfa2f6
I0625 18:40:43.595963   65364 fork_posix.cc:71] Other threads are currently calling into gRPC, skipping fork() handlers
I0625 18:40:43.636380   55963 fork_posix.cc:71] Other threads are currently calling into gRPC, skipping fork() handlers
I0625 18:40:43.677012   65364 fork_posix.cc:71] Other threads are currently calling into gRPC, skipping fork() handlers
E0625 18:40:43.678416   56019 ev_epoll1_linux.cc:309] epoll_ctl failed: Bad file descriptor (9)
E0625 18:40:43.678521   56019 completion_queue.cc:800] Kick failed: UNKNOWN:eventfd_write: Bad file descriptor (9)
[92mINFO [0m:      Sent reply
[92mINFO [0m:      
[92mINFO [0m:      Received: evaluate message b2ae9672-3ccc-4b7c-a8df-8f6ee1131d9d
I0625 18:45:58.005206   65364 fork_posix.cc:71] Other threads are currently calling into gRPC, skipping fork() handlers
I0625 18:45:58.048680   56532 fork_posix.cc:71] Other threads are currently calling into gRPC, skipping fork() handlers
E0625 18:45:58.091837   56587 completion_queue.cc:800] Kick failed: UNKNOWN:eventfd_write: Bad file descriptor (9)
I0625 18:45:58.092647   65364 fork_posix.cc:71] Other threads are currently calling into gRPC, skipping fork() handlers
E0625 18:45:58.093669   56591 ev_epoll1_linux.cc:309] epoll_ctl failed: Bad file descriptor (9)
[92mINFO [0m:      Sent reply
[92mINFO [0m:      
[92mINFO [0m:      Received: train message 4337ff3f-9546-4609-87eb-5a25de2941da
I0625 18:46:58.646157   65364 fork_posix.cc:71] Other threads are currently calling into gRPC, skipping fork() handlers
I0625 18:46:58.686737   56736 fork_posix.cc:71] Other threads are currently calling into gRPC, skipping fork() handlers
E0625 18:46:58.728863   56796 ev_epoll1_linux.cc:309] epoll_ctl failed: Bad file descriptor (9)
E0625 18:46:58.728983   56796 completion_queue.cc:800] Kick failed: UNKNOWN:eventfd_write: Bad file descriptor (9)
I0625 18:46:58.745844   65364 fork_posix.cc:71] Other threads are currently calling into gRPC, skipping fork() handlers
[92mINFO [0m:      Sent reply
[92mINFO [0m:      
[92mINFO [0m:      Received: evaluate message 30aecf84-ebdb-4b77-b9bb-dead411ec33d
I0625 18:52:28.865804   65364 fork_posix.cc:71] Other threads are currently calling into gRPC, skipping fork() handlers
I0625 18:52:28.929208   58234 fork_posix.cc:71] Other threads are currently calling into gRPC, skipping fork() handlers
I0625 18:52:28.972010   65364 fork_posix.cc:71] Other threads are currently calling into gRPC, skipping fork() handlers
E0625 18:52:28.972276   58291 completion_queue.cc:800] Kick failed: UNKNOWN:eventfd_write: Bad file descriptor (9)
E0625 18:52:28.974105   58294 ev_epoll1_linux.cc:309] epoll_ctl failed: Bad file descriptor (9)
[92mINFO [0m:      Sent reply
[92mINFO [0m:      
[92mINFO [0m:      Received: train message 3dc1bee3-a8f9-4122-8bc0-0883feb3561d
I0625 18:53:30.713618   65364 fork_posix.cc:71] Other threads are currently calling into gRPC, skipping fork() handlers
I0625 18:53:30.753559   58477 fork_posix.cc:71] Other threads are currently calling into gRPC, skipping fork() handlers
I0625 18:53:30.793660   65364 fork_posix.cc:71] Other threads are currently calling into gRPC, skipping fork() handlers
E0625 18:53:30.795036   58533 ev_epoll1_linux.cc:309] epoll_ctl failed: Bad file descriptor (9)
E0625 18:53:30.795147   58533 completion_queue.cc:800] Kick failed: UNKNOWN:eventfd_write: Bad file descriptor (9)
[92mINFO [0m:      Sent reply
[92mINFO [0m:      
[92mINFO [0m:      Received: evaluate message 276ea222-177b-4a25-acd0-3c8753a548af
I0625 18:59:22.793658   65364 fork_posix.cc:71] Other threads are currently calling into gRPC, skipping fork() handlers
I0625 18:59:22.858413   58999 fork_posix.cc:71] Other threads are currently calling into gRPC, skipping fork() handlers
I0625 18:59:22.902981   65364 fork_posix.cc:71] Other threads are currently calling into gRPC, skipping fork() handlers
E0625 18:59:22.903093   59055 completion_queue.cc:800] Kick failed: UNKNOWN:eventfd_write: Bad file descriptor (9)
E0625 18:59:22.904946   59058 ev_epoll1_linux.cc:309] epoll_ctl failed: Bad file descriptor (9)
[92mINFO [0m:      Sent reply
[92mINFO [0m:      
[92mINFO [0m:      Received: train message 71ecc63f-1f8e-45d8-8709-1d63fd915dc6
I0625 19:00:16.840869   65364 fork_posix.cc:71] Other threads are currently calling into gRPC, skipping fork() handlers
I0625 19:00:16.900503   59201 fork_posix.cc:71] Other threads are currently calling into gRPC, skipping fork() handlers
E0625 19:00:16.942239   59258 ev_epoll1_linux.cc:309] epoll_ctl failed: Bad file descriptor (9)
E0625 19:00:16.942301   59258 ev_epoll1_linux.cc:309] epoll_ctl failed: Bad file descriptor (9)
E0625 19:00:16.942367   59258 completion_queue.cc:800] Kick failed: UNKNOWN:eventfd_write: Bad file descriptor (9)
I0625 19:00:16.959308   65364 fork_posix.cc:71] Other threads are currently calling into gRPC, skipping fork() handlers
[92mINFO [0m:      Sent reply
[92mINFO [0m:      
[92mINFO [0m:      Received: evaluate message 5430b517-cdd3-4020-a439-9765b231020a
I0625 19:05:46.232353   65364 fork_posix.cc:71] Other threads are currently calling into gRPC, skipping fork() handlers
I0625 19:05:46.277331   59742 fork_posix.cc:71] Other threads are currently calling into gRPC, skipping fork() handlers
I0625 19:05:46.320965   65364 fork_posix.cc:71] Other threads are currently calling into gRPC, skipping fork() handlers
E0625 19:05:46.321034   59798 completion_queue.cc:800] Kick failed: UNKNOWN:eventfd_write: Bad file descriptor (9)
E0625 19:05:46.322855   59798 ev_epoll1_linux.cc:309] epoll_ctl failed: Bad file descriptor (9)
[92mINFO [0m:      Sent reply
[92mINFO [0m:      
[92mINFO [0m:      Received: train message a8f353df-401f-4e3a-a976-ad3117c1a953
I0625 19:06:41.314341   65364 fork_posix.cc:71] Other threads are currently calling into gRPC, skipping fork() handlers
I0625 19:06:41.354888   59942 fork_posix.cc:71] Other threads are currently calling into gRPC, skipping fork() handlers
E0625 19:06:41.394820   59999 completion_queue.cc:800] Kick failed: UNKNOWN:eventfd_write: Bad file descriptor (9)
I0625 19:06:41.394876   65364 fork_posix.cc:71] Other threads are currently calling into gRPC, skipping fork() handlers
E0625 19:06:41.396663   60002 ev_epoll1_linux.cc:309] epoll_ctl failed: Bad file descriptor (9)
[92mINFO [0m:      Sent reply
[92mINFO [0m:      
[92mINFO [0m:      Received: evaluate message e7c005a7-4bd7-414f-9436-84097bbcb283
I0625 19:12:27.297332   65364 fork_posix.cc:71] Other threads are currently calling into gRPC, skipping fork() handlers
I0625 19:12:27.362466   60458 fork_posix.cc:71] Other threads are currently calling into gRPC, skipping fork() handlers
I0625 19:12:27.407393   65364 fork_posix.cc:71] Other threads are currently calling into gRPC, skipping fork() handlers
E0625 19:12:27.407470   60514 completion_queue.cc:800] Kick failed: UNKNOWN:eventfd_write: Bad file descriptor (9)
E0625 19:12:27.409320   60518 ev_epoll1_linux.cc:309] epoll_ctl failed: Bad file descriptor (9)
E0625 19:12:27.409343   60518 ev_epoll1_linux.cc:309] epoll_ctl failed: Bad file descriptor (9)
I0625 19:12:28.480888   60458 fork_posix.cc:71] Other threads are currently calling into gRPC, skipping fork() handlers
I0625 19:12:29.601916   60458 fork_posix.cc:71] Other threads are currently calling into gRPC, skipping fork() handlers
E0625 19:12:29.647807   60663 completion_queue.cc:800] Kick failed: UNKNOWN:eventfd_write: Bad file descriptor (9)
I0625 19:12:30.723806   60458 fork_posix.cc:71] Other threads are currently calling into gRPC, skipping fork() handlers
I0625 19:12:31.846074   60458 fork_posix.cc:71] Other threads are currently calling into gRPC, skipping fork() handlers
E0625 19:12:31.892019   60738 completion_queue.cc:800] Kick failed: UNKNOWN:eventfd_write: Bad file descriptor (9)
I0625 19:12:32.983666   60458 fork_posix.cc:71] Other threads are currently calling into gRPC, skipping fork() handlers
I0625 19:12:34.120516   60458 fork_posix.cc:71] Other threads are currently calling into gRPC, skipping fork() handlers
I0625 19:12:35.283824   60458 fork_posix.cc:71] Other threads are currently calling into gRPC, skipping fork() handlers
E0625 19:12:35.330515   60852 completion_queue.cc:800] Kick failed: UNKNOWN:eventfd_write: Bad file descriptor (9)
I0625 19:12:37.103329   60458 fork_posix.cc:71] Other threads are currently calling into gRPC, skipping fork() handlers
E0625 19:12:37.150804   60892 completion_queue.cc:800] Kick failed: UNKNOWN:eventfd_write: Bad file descriptor (9)
I0625 19:12:38.240085   60458 fork_posix.cc:71] Other threads are currently calling into gRPC, skipping fork() handlers
E0625 19:12:38.287185   60929 completion_queue.cc:800] Kick failed: UNKNOWN:eventfd_write: Bad file descriptor (9)
E0625 19:12:38.289052   60929 ev_epoll1_linux.cc:309] epoll_ctl failed: Bad file descriptor (9)
E0625 19:12:38.289076   60929 ev_epoll1_linux.cc:309] epoll_ctl failed: Bad file descriptor (9)
I0625 19:12:39.393665   60458 fork_posix.cc:71] Other threads are currently calling into gRPC, skipping fork() handlers
E0625 19:12:39.439122   60967 completion_queue.cc:800] Kick failed: UNKNOWN:eventfd_write: Bad file descriptor (9)
I0625 19:12:41.050743   60458 fork_posix.cc:71] Other threads are currently calling into gRPC, skipping fork() handlers
E0625 19:12:41.095989   61005 completion_queue.cc:800] Kick failed: UNKNOWN:eventfd_write: Bad file descriptor (9)
I0625 19:12:42.173286   60458 fork_posix.cc:71] Other threads are currently calling into gRPC, skipping fork() handlers
I0625 19:12:43.295728   60458 fork_posix.cc:71] Other threads are currently calling into gRPC, skipping fork() handlers
I0625 19:12:44.417147   60458 fork_posix.cc:71] Other threads are currently calling into gRPC, skipping fork() handlers
E0625 19:12:44.462613   61119 completion_queue.cc:800] Kick failed: UNKNOWN:eventfd_write: Bad file descriptor (9)
I0625 19:12:45.537387   60458 fork_posix.cc:71] Other threads are currently calling into gRPC, skipping fork() handlers
I0625 19:12:46.674891   60458 fork_posix.cc:71] Other threads are currently calling into gRPC, skipping fork() handlers
I0625 19:12:47.796910   60458 fork_posix.cc:71] Other threads are currently calling into gRPC, skipping fork() handlers
I0625 19:12:48.919622   60458 fork_posix.cc:71] Other threads are currently calling into gRPC, skipping fork() handlers
E0625 19:12:48.967423   61275 ev_epoll1_linux.cc:309] epoll_ctl failed: Bad file descriptor (9)
E0625 19:12:48.967544   61275 completion_queue.cc:800] Kick failed: UNKNOWN:eventfd_write: Bad file descriptor (9)
I0625 19:12:50.050942   60458 fork_posix.cc:71] Other threads are currently calling into gRPC, skipping fork() handlers
I0625 19:12:51.172805   60458 fork_posix.cc:71] Other threads are currently calling into gRPC, skipping fork() handlers
E0625 19:12:51.218995   61348 completion_queue.cc:800] Kick failed: UNKNOWN:eventfd_write: Bad file descriptor (9)
I0625 19:12:52.294020   60458 fork_posix.cc:71] Other threads are currently calling into gRPC, skipping fork() handlers
E0625 19:12:52.339017   61389 completion_queue.cc:800] Kick failed: UNKNOWN:eventfd_write: Bad file descriptor (9)
I0625 19:12:53.413967   60458 fork_posix.cc:71] Other threads are currently calling into gRPC, skipping fork() handlers
E0625 19:12:53.460176   61425 completion_queue.cc:800] Kick failed: UNKNOWN:eventfd_write: Bad file descriptor (9)
I0625 19:12:54.535370   60458 fork_posix.cc:71] Other threads are currently calling into gRPC, skipping fork() handlers
E0625 19:12:54.581395   61446 completion_queue.cc:800] Kick failed: UNKNOWN:eventfd_write: Bad file descriptor (9)
I0625 19:12:55.671648   60458 fork_posix.cc:71] Other threads are currently calling into gRPC, skipping fork() handlers
E0625 19:12:55.717305   61502 completion_queue.cc:800] Kick failed: UNKNOWN:eventfd_write: Bad file descriptor (9)
[92mINFO [0m:      Sent reply
[92mINFO [0m:      
[92mINFO [0m:      Received: train message e75b514c-0424-48c5-8109-8cbfdc07ad59
I0625 19:13:19.762886   65364 fork_posix.cc:71] Other threads are currently calling into gRPC, skipping fork() handlers
I0625 19:13:19.823773   61546 fork_posix.cc:71] Other threads are currently calling into gRPC, skipping fork() handlers
I0625 19:13:19.864745   65364 fork_posix.cc:71] Other threads are currently calling into gRPC, skipping fork() handlers
E0625 19:13:19.866841   61607 ev_epoll1_linux.cc:309] epoll_ctl failed: Bad file descriptor (9)
E0625 19:13:19.866897   61607 ev_epoll1_linux.cc:309] epoll_ctl failed: Bad file descriptor (9)
E0625 19:13:19.866958   61607 completion_queue.cc:800] Kick failed: UNKNOWN:eventfd_write: Bad file descriptor (9)
[92mINFO [0m:      Sent reply
[92mINFO [0m:      
[92mINFO [0m:      Received: evaluate message 78f108ba-9a6d-450a-bd12-7046dd475b50
I0625 19:18:36.583283   65364 fork_posix.cc:71] Other threads are currently calling into gRPC, skipping fork() handlers
I0625 19:18:36.628581   63017 fork_posix.cc:71] Other threads are currently calling into gRPC, skipping fork() handlers
I0625 19:18:36.673882   65364 fork_posix.cc:71] Other threads are currently calling into gRPC, skipping fork() handlers
E0625 19:18:36.674916   63074 ev_epoll1_linux.cc:309] epoll_ctl failed: Bad file descriptor (9)
[92mINFO [0m:      Sent reply
[92mINFO [0m:      
[92mINFO [0m:      Received: train message c83e249f-adbd-468d-aadf-60014e137509
I0625 19:19:34.884784   65364 fork_posix.cc:71] Other threads are currently calling into gRPC, skipping fork() handlers
I0625 19:19:34.924807   63217 fork_posix.cc:71] Other threads are currently calling into gRPC, skipping fork() handlers
I0625 19:19:34.964942   65364 fork_posix.cc:71] Other threads are currently calling into gRPC, skipping fork() handlers
E0625 19:19:34.966261   63277 ev_epoll1_linux.cc:309] epoll_ctl failed: Bad file descriptor (9)
E0625 19:19:34.966360   63277 completion_queue.cc:800] Kick failed: UNKNOWN:eventfd_write: Bad file descriptor (9)
[92mINFO [0m:      Sent reply
[92mINFO [0m:      
[92mINFO [0m:      Received: evaluate message 94d6d051-4dbc-4f47-acff-f4b1f336c35c
I0625 19:25:05.344021   65364 fork_posix.cc:71] Other threads are currently calling into gRPC, skipping fork() handlers
I0625 19:25:05.388595   63718 fork_posix.cc:71] Other threads are currently calling into gRPC, skipping fork() handlers
E0625 19:25:05.432253   63775 completion_queue.cc:800] Kick failed: UNKNOWN:eventfd_write: Bad file descriptor (9)
E0625 19:25:05.434115   63778 ev_epoll1_linux.cc:309] epoll_ctl failed: Bad file descriptor (9)
E0625 19:25:05.434141   63778 ev_epoll1_linux.cc:309] epoll_ctl failed: Bad file descriptor (9)
I0625 19:25:05.451058   65364 fork_posix.cc:71] Other threads are currently calling into gRPC, skipping fork() handlers
[92mINFO [0m:      Sent reply
[92mINFO [0m:      
[92mINFO [0m:      Received: train message e8d00eed-d05c-4015-be08-b8b8f9759051
I0625 19:26:06.339715   65364 fork_posix.cc:71] Other threads are currently calling into gRPC, skipping fork() handlers
I0625 19:26:06.399198   63923 fork_posix.cc:71] Other threads are currently calling into gRPC, skipping fork() handlers
E0625 19:26:06.438746   63979 completion_queue.cc:800] Kick failed: UNKNOWN:eventfd_write: Bad file descriptor (9)
E0625 19:26:06.440560   63979 ev_epoll1_linux.cc:309] epoll_ctl failed: Bad file descriptor (9)
E0625 19:26:06.440583   63979 ev_epoll1_linux.cc:309] epoll_ctl failed: Bad file descriptor (9)
I0625 19:26:06.457836   65364 fork_posix.cc:71] Other threads are currently calling into gRPC, skipping fork() handlers
[92mINFO [0m:      Sent reply
[92mINFO [0m:      
[92mINFO [0m:      Received: evaluate message 99590e65-d89c-4ad0-aa63-f651c1bd65cf
I0625 19:31:23.560428   65364 fork_posix.cc:71] Other threads are currently calling into gRPC, skipping fork() handlers
I0625 19:31:23.625002   64432 fork_posix.cc:71] Other threads are currently calling into gRPC, skipping fork() handlers
I0625 19:31:23.669335   65364 fork_posix.cc:71] Other threads are currently calling into gRPC, skipping fork() handlers
E0625 19:31:23.669546   64488 completion_queue.cc:800] Kick failed: UNKNOWN:eventfd_write: Bad file descriptor (9)
E0625 19:31:23.671368   64488 ev_epoll1_linux.cc:309] epoll_ctl failed: Bad file descriptor (9)
E0625 19:31:23.671392   64488 ev_epoll1_linux.cc:309] epoll_ctl failed: Bad file descriptor (9)
[92mINFO [0m:      Sent reply
[92mINFO [0m:      
[92mINFO [0m:      Received: train message 93f714fb-1645-47ed-bf9c-c8cd6ccb0fcd
I0625 19:32:19.028429   65364 fork_posix.cc:71] Other threads are currently calling into gRPC, skipping fork() handlers
I0625 19:32:19.068891   64625 fork_posix.cc:71] Other threads are currently calling into gRPC, skipping fork() handlers
I0625 19:32:19.108306   65364 fork_posix.cc:71] Other threads are currently calling into gRPC, skipping fork() handlers
E0625 19:32:19.110457   64681 ev_epoll1_linux.cc:309] epoll_ctl failed: Bad file descriptor (9)
E0625 19:32:19.110557   64681 completion_queue.cc:800] Kick failed: UNKNOWN:eventfd_write: Bad file descriptor (9)
[92mINFO [0m:      Sent reply
[92mINFO [0m:      
[92mINFO [0m:      Received: evaluate message ababd4ff-e315-472c-a125-ac33208a898f
I0625 19:37:56.869702   65364 fork_posix.cc:71] Other threads are currently calling into gRPC, skipping fork() handlers
I0625 19:37:56.913426   65150 fork_posix.cc:71] Other threads are currently calling into gRPC, skipping fork() handlers
E0625 19:37:56.956606   65207 completion_queue.cc:800] Kick failed: UNKNOWN:eventfd_write: Bad file descriptor (9)
I0625 19:37:56.957186   65364 fork_posix.cc:71] Other threads are currently calling into gRPC, skipping fork() handlers
E0625 19:37:56.958463   65211 ev_epoll1_linux.cc:309] epoll_ctl failed: Bad file descriptor (9)
[92mINFO [0m:      Sent reply
[92mINFO [0m:      
[92mINFO [0m:      Received: train message 118c6951-4697-4a9b-9d12-98b8a19ad1ef
I0625 19:38:51.259326   65364 fork_posix.cc:71] Other threads are currently calling into gRPC, skipping fork() handlers
I0625 19:38:51.319178   65356 fork_posix.cc:71] Other threads are currently calling into gRPC, skipping fork() handlers
I0625 19:38:51.358819   65364 fork_posix.cc:71] Other threads are currently calling into gRPC, skipping fork() handlers
E0625 19:38:51.358967   65420 completion_queue.cc:800] Kick failed: UNKNOWN:eventfd_write: Bad file descriptor (9)
E0625 19:38:51.360812   65423 ev_epoll1_linux.cc:309] epoll_ctl failed: Bad file descriptor (9)
E0625 19:38:51.360835   65423 ev_epoll1_linux.cc:309] epoll_ctl failed: Bad file descriptor (9)
[92mINFO [0m:      Sent reply
[92mINFO [0m:      
[92mINFO [0m:      Received: evaluate message d6383863-a277-44f1-b92a-89676e65a071
I0625 19:44:14.141447   65364 fork_posix.cc:71] Other threads are currently calling into gRPC, skipping fork() handlers
I0625 19:44:14.185167     808 fork_posix.cc:71] Other threads are currently calling into gRPC, skipping fork() handlers
I0625 19:44:14.228908   65364 fork_posix.cc:71] Other threads are currently calling into gRPC, skipping fork() handlers
E0625 19:44:14.230039     865 ev_epoll1_linux.cc:309] epoll_ctl failed: Bad file descriptor (9)
E0625 19:44:14.230094     865 ev_epoll1_linux.cc:309] epoll_ctl failed: Bad file descriptor (9)
[92mINFO [0m:      Sent reply
[92mINFO [0m:      
[92mINFO [0m:      Received: train message a8deddea-9a3a-4bb3-806b-1c607b5e952a
I0625 19:45:12.758337   65364 fork_posix.cc:71] Other threads are currently calling into gRPC, skipping fork() handlers
I0625 19:45:12.798780    1044 fork_posix.cc:71] Other threads are currently calling into gRPC, skipping fork() handlers
I0625 19:45:12.838246   65364 fork_posix.cc:71] Other threads are currently calling into gRPC, skipping fork() handlers
E0625 19:45:12.840478    1100 ev_epoll1_linux.cc:309] epoll_ctl failed: Bad file descriptor (9)
E0625 19:45:12.840532    1100 ev_epoll1_linux.cc:309] epoll_ctl failed: Bad file descriptor (9)
E0625 19:45:12.840596    1100 completion_queue.cc:800] Kick failed: UNKNOWN:eventfd_write: Bad file descriptor (9)
[92mINFO [0m:      Sent reply
[92mINFO [0m:      
[92mINFO [0m:      Received: evaluate message 6b861584-e214-477f-9a73-6ad0d901ea8b
I0625 19:51:16.380411   65364 fork_posix.cc:71] Other threads are currently calling into gRPC, skipping fork() handlers
I0625 19:51:16.424122    2558 fork_posix.cc:71] Other threads are currently calling into gRPC, skipping fork() handlers
E0625 19:51:16.466920    2615 completion_queue.cc:800] Kick failed: UNKNOWN:eventfd_write: Bad file descriptor (9)
E0625 19:51:16.468728    2615 ev_epoll1_linux.cc:309] epoll_ctl failed: Bad file descriptor (9)
I0625 19:51:16.486653   65364 fork_posix.cc:71] Other threads are currently calling into gRPC, skipping fork() handlers
[92mINFO [0m:      Sent reply
[92mINFO [0m:      
[92mINFO [0m:      Received: train message bb91cf5c-54c9-476b-86f5-cd03520ee930
I0625 19:52:14.365294   65364 fork_posix.cc:71] Other threads are currently calling into gRPC, skipping fork() handlers
I0625 19:52:14.405572    2764 fork_posix.cc:71] Other threads are currently calling into gRPC, skipping fork() handlers
I0625 19:52:14.446846   65364 fork_posix.cc:71] Other threads are currently calling into gRPC, skipping fork() handlers
E0625 19:52:14.448246    2824 ev_epoll1_linux.cc:309] epoll_ctl failed: Bad file descriptor (9)
E0625 19:52:14.448357    2824 completion_queue.cc:800] Kick failed: UNKNOWN:eventfd_write: Bad file descriptor (9)
[92mINFO [0m:      Sent reply
[92mINFO [0m:      
[92mINFO [0m:      Received: evaluate message 57031b11-327d-4b45-b519-fc5f9b675c8b
I0625 19:58:24.431991   65364 fork_posix.cc:71] Other threads are currently calling into gRPC, skipping fork() handlers
I0625 19:58:24.496016    3304 fork_posix.cc:71] Other threads are currently calling into gRPC, skipping fork() handlers
I0625 19:58:24.539218   65364 fork_posix.cc:71] Other threads are currently calling into gRPC, skipping fork() handlers
E0625 19:58:24.539290    3360 completion_queue.cc:800] Kick failed: UNKNOWN:eventfd_write: Bad file descriptor (9)
E0625 19:58:24.541141    3360 ev_epoll1_linux.cc:309] epoll_ctl failed: Bad file descriptor (9)
[92mINFO [0m:      Sent reply
[92mINFO [0m:      
[92mINFO [0m:      Received: train message 41d8b88a-52d7-4930-b788-1f2c0e50f2b4
I0625 19:59:21.544947   65364 fork_posix.cc:71] Other threads are currently calling into gRPC, skipping fork() handlers
I0625 19:59:21.604828    3506 fork_posix.cc:71] Other threads are currently calling into gRPC, skipping fork() handlers
I0625 19:59:21.644035   65364 fork_posix.cc:71] Other threads are currently calling into gRPC, skipping fork() handlers
E0625 19:59:21.646096    3562 ev_epoll1_linux.cc:309] epoll_ctl failed: Bad file descriptor (9)
E0625 19:59:21.646200    3562 completion_queue.cc:800] Kick failed: UNKNOWN:eventfd_write: Bad file descriptor (9)
[92mINFO [0m:      Sent reply
[92mINFO [0m:      
[92mINFO [0m:      Received: evaluate message 7d52f70f-e96f-4d1f-ba48-01622d53f280
I0625 20:04:46.172417   65364 fork_posix.cc:71] Other threads are currently calling into gRPC, skipping fork() handlers
I0625 20:04:46.218264    4049 fork_posix.cc:71] Other threads are currently calling into gRPC, skipping fork() handlers
I0625 20:04:46.262545   65364 fork_posix.cc:71] Other threads are currently calling into gRPC, skipping fork() handlers
E0625 20:04:46.262684    4105 completion_queue.cc:800] Kick failed: UNKNOWN:eventfd_write: Bad file descriptor (9)
E0625 20:04:46.264525    4105 ev_epoll1_linux.cc:309] epoll_ctl failed: Bad file descriptor (9)
E0625 20:04:46.264551    4105 ev_epoll1_linux.cc:309] epoll_ctl failed: Bad file descriptor (9)
[92mINFO [0m:      Sent reply
[92mINFO [0m:      
[92mINFO [0m:      Received: train message cd59a93e-7a53-42e3-ae36-7af066253359
I0625 20:05:40.905892   65364 fork_posix.cc:71] Other threads are currently calling into gRPC, skipping fork() handlers
I0625 20:05:40.946035    4250 fork_posix.cc:71] Other threads are currently calling into gRPC, skipping fork() handlers
I0625 20:05:40.985174   65364 fork_posix.cc:71] Other threads are currently calling into gRPC, skipping fork() handlers
E0625 20:05:40.987116    4307 ev_epoll1_linux.cc:309] epoll_ctl failed: Bad file descriptor (9)
E0625 20:05:40.987206    4307 completion_queue.cc:800] Kick failed: UNKNOWN:eventfd_write: Bad file descriptor (9)
[92mINFO [0m:      Sent reply
[92mINFO [0m:      
[92mINFO [0m:      Received: evaluate message 66573274-e830-41b6-98bd-d8f4069e2826
I0625 20:11:40.975348   65364 fork_posix.cc:71] Other threads are currently calling into gRPC, skipping fork() handlers
I0625 20:11:41.039359    4804 fork_posix.cc:71] Other threads are currently calling into gRPC, skipping fork() handlers
E0625 20:11:41.083959    4869 completion_queue.cc:800] Kick failed: UNKNOWN:eventfd_write: Bad file descriptor (9)
E0625 20:11:41.085806    4874 ev_epoll1_linux.cc:309] epoll_ctl failed: Bad file descriptor (9)
E0625 20:11:41.085833    4874 ev_epoll1_linux.cc:309] epoll_ctl failed: Bad file descriptor (9)
I0625 20:11:41.103611   65364 fork_posix.cc:71] Other threads are currently calling into gRPC, skipping fork() handlers
[92mINFO [0m:      Sent reply
[92mINFO [0m:      
[92mINFO [0m:      Received: train message 76945d25-c19c-42a0-b642-050f16a65427
I0625 20:12:38.466975   65364 fork_posix.cc:71] Other threads are currently calling into gRPC, skipping fork() handlers
I0625 20:12:38.507095    5008 fork_posix.cc:71] Other threads are currently calling into gRPC, skipping fork() handlers
I0625 20:12:38.547603   65364 fork_posix.cc:71] Other threads are currently calling into gRPC, skipping fork() handlers
E0625 20:12:38.548944    5067 ev_epoll1_linux.cc:309] epoll_ctl failed: Bad file descriptor (9)
E0625 20:12:38.548998    5067 ev_epoll1_linux.cc:309] epoll_ctl failed: Bad file descriptor (9)
E0625 20:12:38.549050    5067 completion_queue.cc:800] Kick failed: UNKNOWN:eventfd_write: Bad file descriptor (9)
I0625 20:12:39.614301    5008 fork_posix.cc:71] Other threads are currently calling into gRPC, skipping fork() handlers
I0625 20:12:40.729828    5008 fork_posix.cc:71] Other threads are currently calling into gRPC, skipping fork() handlers
E0625 20:12:40.769833    5214 completion_queue.cc:800] Kick failed: UNKNOWN:eventfd_write: Bad file descriptor (9)
I0625 20:12:42.083508    5008 fork_posix.cc:71] Other threads are currently calling into gRPC, skipping fork() handlers
E0625 20:12:42.123909    5252 completion_queue.cc:800] Kick failed: UNKNOWN:eventfd_write: Bad file descriptor (9)
I0625 20:12:43.193105    5008 fork_posix.cc:71] Other threads are currently calling into gRPC, skipping fork() handlers
I0625 20:12:44.352390    5008 fork_posix.cc:71] Other threads are currently calling into gRPC, skipping fork() handlers
E0625 20:12:44.392337    5328 completion_queue.cc:800] Kick failed: UNKNOWN:eventfd_write: Bad file descriptor (9)
I0625 20:12:45.460651    5008 fork_posix.cc:71] Other threads are currently calling into gRPC, skipping fork() handlers
I0625 20:12:46.586214    5008 fork_posix.cc:71] Other threads are currently calling into gRPC, skipping fork() handlers
E0625 20:12:46.626563    5405 completion_queue.cc:800] Kick failed: UNKNOWN:eventfd_write: Bad file descriptor (9)
I0625 20:12:47.696706    5008 fork_posix.cc:71] Other threads are currently calling into gRPC, skipping fork() handlers
E0625 20:12:47.736829    5441 completion_queue.cc:800] Kick failed: UNKNOWN:eventfd_write: Bad file descriptor (9)
I0625 20:12:48.808910    5008 fork_posix.cc:71] Other threads are currently calling into gRPC, skipping fork() handlers
E0625 20:12:48.849475    5480 completion_queue.cc:800] Kick failed: UNKNOWN:eventfd_write: Bad file descriptor (9)
E0625 20:12:48.851438    5486 ev_epoll1_linux.cc:309] epoll_ctl failed: Bad file descriptor (9)
I0625 20:12:49.927610    5008 fork_posix.cc:71] Other threads are currently calling into gRPC, skipping fork() handlers
E0625 20:12:49.968066    5517 completion_queue.cc:800] Kick failed: UNKNOWN:eventfd_write: Bad file descriptor (9)
I0625 20:12:51.037224    5008 fork_posix.cc:71] Other threads are currently calling into gRPC, skipping fork() handlers
E0625 20:12:51.077746    5555 completion_queue.cc:800] Kick failed: UNKNOWN:eventfd_write: Bad file descriptor (9)
I0625 20:12:52.684405    5008 fork_posix.cc:71] Other threads are currently calling into gRPC, skipping fork() handlers
I0625 20:12:53.798541    5008 fork_posix.cc:71] Other threads are currently calling into gRPC, skipping fork() handlers
E0625 20:12:53.838736    5632 completion_queue.cc:800] Kick failed: UNKNOWN:eventfd_write: Bad file descriptor (9)
I0625 20:12:54.908715    5008 fork_posix.cc:71] Other threads are currently calling into gRPC, skipping fork() handlers
I0625 20:12:56.017847    5008 fork_posix.cc:71] Other threads are currently calling into gRPC, skipping fork() handlers
E0625 20:12:56.057970    5709 completion_queue.cc:800] Kick failed: UNKNOWN:eventfd_write: Bad file descriptor (9)
I0625 20:12:57.126981    5008 fork_posix.cc:71] Other threads are currently calling into gRPC, skipping fork() handlers
I0625 20:12:58.246773    5008 fork_posix.cc:71] Other threads are currently calling into gRPC, skipping fork() handlers
E0625 20:12:58.287218    5785 completion_queue.cc:800] Kick failed: UNKNOWN:eventfd_write: Bad file descriptor (9)
I0625 20:12:59.357815    5008 fork_posix.cc:71] Other threads are currently calling into gRPC, skipping fork() handlers
E0625 20:12:59.400112    5823 ev_epoll1_linux.cc:309] epoll_ctl failed: Bad file descriptor (9)
E0625 20:12:59.400172    5823 ev_epoll1_linux.cc:309] epoll_ctl failed: Bad file descriptor (9)
I0625 20:13:00.470674    5008 fork_posix.cc:71] Other threads are currently calling into gRPC, skipping fork() handlers
E0625 20:13:00.532956    5861 completion_queue.cc:800] Kick failed: UNKNOWN:eventfd_write: Bad file descriptor (9)
I0625 20:13:01.622242    5008 fork_posix.cc:71] Other threads are currently calling into gRPC, skipping fork() handlers
E0625 20:13:01.662024    5905 completion_queue.cc:800] Kick failed: UNKNOWN:eventfd_write: Bad file descriptor (9)
I0625 20:13:02.733353    5008 fork_posix.cc:71] Other threads are currently calling into gRPC, skipping fork() handlers
E0625 20:13:02.774170    5944 completion_queue.cc:800] Kick failed: UNKNOWN:eventfd_write: Bad file descriptor (9)
I0625 20:13:04.256506    5008 fork_posix.cc:71] Other threads are currently calling into gRPC, skipping fork() handlers
I0625 20:13:05.408037    5008 fork_posix.cc:71] Other threads are currently calling into gRPC, skipping fork() handlers
I0625 20:13:06.523854    5008 fork_posix.cc:71] Other threads are currently calling into gRPC, skipping fork() handlers
E0625 20:13:06.563850    6063 completion_queue.cc:800] Kick failed: UNKNOWN:eventfd_write: Bad file descriptor (9)
I0625 20:13:07.633506    5008 fork_posix.cc:71] Other threads are currently calling into gRPC, skipping fork() handlers
I0625 20:13:08.742942    5008 fork_posix.cc:71] Other threads are currently calling into gRPC, skipping fork() handlers
E0625 20:13:08.783556    6138 completion_queue.cc:800] Kick failed: UNKNOWN:eventfd_write: Bad file descriptor (9)
I0625 20:13:09.853557    5008 fork_posix.cc:71] Other threads are currently calling into gRPC, skipping fork() handlers
E0625 20:13:09.896237    6185 ev_epoll1_linux.cc:309] epoll_ctl failed: Bad file descriptor (9)
E0625 20:13:09.896299    6185 ev_epoll1_linux.cc:309] epoll_ctl failed: Bad file descriptor (9)
E0625 20:13:09.896358    6185 completion_queue.cc:800] Kick failed: UNKNOWN:eventfd_write: Bad file descriptor (9)
I0625 20:13:11.380001    5008 fork_posix.cc:71] Other threads are currently calling into gRPC, skipping fork() handlers
E0625 20:13:11.420600    6215 completion_queue.cc:800] Kick failed: UNKNOWN:eventfd_write: Bad file descriptor (9)
I0625 20:13:12.527315    5008 fork_posix.cc:71] Other threads are currently calling into gRPC, skipping fork() handlers
E0625 20:13:12.567692    6257 completion_queue.cc:800] Kick failed: UNKNOWN:eventfd_write: Bad file descriptor (9)
I0625 20:13:13.641046    5008 fork_posix.cc:71] Other threads are currently calling into gRPC, skipping fork() handlers
E0625 20:13:13.682064    6296 completion_queue.cc:800] Kick failed: UNKNOWN:eventfd_write: Bad file descriptor (9)
I0625 20:13:14.807567    5008 fork_posix.cc:71] Other threads are currently calling into gRPC, skipping fork() handlers
E0625 20:13:14.847896    6333 completion_queue.cc:800] Kick failed: UNKNOWN:eventfd_write: Bad file descriptor (9)
I0625 20:13:15.921652    5008 fork_posix.cc:71] Other threads are currently calling into gRPC, skipping fork() handlers
E0625 20:13:15.983942    6371 completion_queue.cc:800] Kick failed: UNKNOWN:eventfd_write: Bad file descriptor (9)
I0625 20:13:17.056268    5008 fork_posix.cc:71] Other threads are currently calling into gRPC, skipping fork() handlers
E0625 20:13:17.097323    6410 completion_queue.cc:800] Kick failed: UNKNOWN:eventfd_write: Bad file descriptor (9)
I0625 20:13:18.177482    5008 fork_posix.cc:71] Other threads are currently calling into gRPC, skipping fork() handlers
E0625 20:13:18.216856    6448 completion_queue.cc:800] Kick failed: UNKNOWN:eventfd_write: Bad file descriptor (9)
I0625 20:13:19.287606    5008 fork_posix.cc:71] Other threads are currently calling into gRPC, skipping fork() handlers
E0625 20:13:19.328050    6491 completion_queue.cc:800] Kick failed: UNKNOWN:eventfd_write: Bad file descriptor (9)
I0625 20:13:20.398806    5008 fork_posix.cc:71] Other threads are currently calling into gRPC, skipping fork() handlers
E0625 20:13:20.439422    6529 completion_queue.cc:800] Kick failed: UNKNOWN:eventfd_write: Bad file descriptor (9)
E0625 20:13:20.441327    6531 ev_epoll1_linux.cc:309] epoll_ctl failed: Bad file descriptor (9)
I0625 20:13:21.521698    5008 fork_posix.cc:71] Other threads are currently calling into gRPC, skipping fork() handlers
E0625 20:13:21.582767    6569 completion_queue.cc:800] Kick failed: UNKNOWN:eventfd_write: Bad file descriptor (9)
I0625 20:13:22.901971    5008 fork_posix.cc:71] Other threads are currently calling into gRPC, skipping fork() handlers
E0625 20:13:22.942154    6607 completion_queue.cc:800] Kick failed: UNKNOWN:eventfd_write: Bad file descriptor (9)
I0625 20:13:24.017752    5008 fork_posix.cc:71] Other threads are currently calling into gRPC, skipping fork() handlers
I0625 20:13:25.138937    5008 fork_posix.cc:71] Other threads are currently calling into gRPC, skipping fork() handlers
I0625 20:13:26.787577    5008 fork_posix.cc:71] Other threads are currently calling into gRPC, skipping fork() handlers
I0625 20:13:28.332186    5008 fork_posix.cc:71] Other threads are currently calling into gRPC, skipping fork() handlers
E0625 20:13:28.372779    6760 completion_queue.cc:800] Kick failed: UNKNOWN:eventfd_write: Bad file descriptor (9)
I0625 20:13:29.444347    5008 fork_posix.cc:71] Other threads are currently calling into gRPC, skipping fork() handlers
I0625 20:13:30.556476    5008 fork_posix.cc:71] Other threads are currently calling into gRPC, skipping fork() handlers
E0625 20:13:30.600038    6837 ev_epoll1_linux.cc:309] epoll_ctl failed: Bad file descriptor (9)
E0625 20:13:30.600116    6837 ev_epoll1_linux.cc:309] epoll_ctl failed: Bad file descriptor (9)
I0625 20:13:31.676239    5008 fork_posix.cc:71] Other threads are currently calling into gRPC, skipping fork() handlers
I0625 20:13:33.324066    5008 fork_posix.cc:71] Other threads are currently calling into gRPC, skipping fork() handlers
I0625 20:13:34.434058    5008 fork_posix.cc:71] Other threads are currently calling into gRPC, skipping fork() handlers
E0625 20:13:34.474603    6937 completion_queue.cc:800] Kick failed: UNKNOWN:eventfd_write: Bad file descriptor (9)
I0625 20:13:35.549853    5008 fork_posix.cc:71] Other threads are currently calling into gRPC, skipping fork() handlers
I0625 20:13:36.659636    5008 fork_posix.cc:71] Other threads are currently calling into gRPC, skipping fork() handlers
E0625 20:13:36.703366    7030 completion_queue.cc:800] Kick failed: UNKNOWN:eventfd_write: Bad file descriptor (9)
I0625 20:13:37.972740    5008 fork_posix.cc:71] Other threads are currently calling into gRPC, skipping fork() handlers
I0625 20:13:39.093976    5008 fork_posix.cc:71] Other threads are currently calling into gRPC, skipping fork() handlers
E0625 20:13:39.141505    7088 completion_queue.cc:800] Kick failed: UNKNOWN:eventfd_write: Bad file descriptor (9)
I0625 20:13:40.214159    5008 fork_posix.cc:71] Other threads are currently calling into gRPC, skipping fork() handlers
I0625 20:13:41.324162    5008 fork_posix.cc:71] Other threads are currently calling into gRPC, skipping fork() handlers
E0625 20:13:41.364068    7222 completion_queue.cc:800] Kick failed: UNKNOWN:eventfd_write: Bad file descriptor (9)
E0625 20:13:41.365912    7222 ev_epoll1_linux.cc:309] epoll_ctl failed: Bad file descriptor (9)
I0625 20:13:42.436345    5008 fork_posix.cc:71] Other threads are currently calling into gRPC, skipping fork() handlers
I0625 20:13:43.552084    5008 fork_posix.cc:71] Other threads are currently calling into gRPC, skipping fork() handlers
E0625 20:13:43.592657    7298 completion_queue.cc:800] Kick failed: UNKNOWN:eventfd_write: Bad file descriptor (9)
I0625 20:13:45.200375    5008 fork_posix.cc:71] Other threads are currently calling into gRPC, skipping fork() handlers
I0625 20:13:46.310642    5008 fork_posix.cc:71] Other threads are currently calling into gRPC, skipping fork() handlers
E0625 20:13:46.350799    7357 completion_queue.cc:800] Kick failed: UNKNOWN:eventfd_write: Bad file descriptor (9)
I0625 20:13:47.421317    5008 fork_posix.cc:71] Other threads are currently calling into gRPC, skipping fork() handlers
I0625 20:13:48.534697    5008 fork_posix.cc:71] Other threads are currently calling into gRPC, skipping fork() handlers
E0625 20:13:48.574990    7450 completion_queue.cc:800] Kick failed: UNKNOWN:eventfd_write: Bad file descriptor (9)
I0625 20:13:49.652732    5008 fork_posix.cc:71] Other threads are currently calling into gRPC, skipping fork() handlers
I0625 20:13:51.008565    5008 fork_posix.cc:71] Other threads are currently calling into gRPC, skipping fork() handlers
E0625 20:13:51.048828    7528 completion_queue.cc:800] Kick failed: UNKNOWN:eventfd_write: Bad file descriptor (9)
I0625 20:13:52.132147    5008 fork_posix.cc:71] Other threads are currently calling into gRPC, skipping fork() handlers
E0625 20:13:52.172534    7564 completion_queue.cc:800] Kick failed: UNKNOWN:eventfd_write: Bad file descriptor (9)
E0625 20:13:52.174408    7564 ev_epoll1_linux.cc:309] epoll_ctl failed: Bad file descriptor (9)
I0625 20:13:53.276997    5008 fork_posix.cc:71] Other threads are currently calling into gRPC, skipping fork() handlers
E0625 20:13:53.317130    7602 completion_queue.cc:800] Kick failed: UNKNOWN:eventfd_write: Bad file descriptor (9)
I0625 20:13:54.389992    5008 fork_posix.cc:71] Other threads are currently calling into gRPC, skipping fork() handlers
E0625 20:13:54.430232    7640 completion_queue.cc:800] Kick failed: UNKNOWN:eventfd_write: Bad file descriptor (9)
I0625 20:13:55.515439    5008 fork_posix.cc:71] Other threads are currently calling into gRPC, skipping fork() handlers
E0625 20:13:55.558401    7678 completion_queue.cc:800] Kick failed: UNKNOWN:eventfd_write: Bad file descriptor (9)
I0625 20:13:56.631245    5008 fork_posix.cc:71] Other threads are currently calling into gRPC, skipping fork() handlers
E0625 20:13:56.671708    7715 completion_queue.cc:800] Kick failed: UNKNOWN:eventfd_write: Bad file descriptor (9)
I0625 20:13:57.748052    5008 fork_posix.cc:71] Other threads are currently calling into gRPC, skipping fork() handlers
E0625 20:13:57.788728    7754 completion_queue.cc:800] Kick failed: UNKNOWN:eventfd_write: Bad file descriptor (9)
I0625 20:13:58.859053    5008 fork_posix.cc:71] Other threads are currently calling into gRPC, skipping fork() handlers
E0625 20:13:58.920626    7792 completion_queue.cc:800] Kick failed: UNKNOWN:eventfd_write: Bad file descriptor (9)
I0625 20:13:59.991065    5008 fork_posix.cc:71] Other threads are currently calling into gRPC, skipping fork() handlers
E0625 20:14:00.031251    7830 completion_queue.cc:800] Kick failed: UNKNOWN:eventfd_write: Bad file descriptor (9)
I0625 20:14:01.100782    5008 fork_posix.cc:71] Other threads are currently calling into gRPC, skipping fork() handlers
E0625 20:14:01.140900    7868 completion_queue.cc:800] Kick failed: UNKNOWN:eventfd_write: Bad file descriptor (9)
I0625 20:14:02.211243    5008 fork_posix.cc:71] Other threads are currently calling into gRPC, skipping fork() handlers
E0625 20:14:02.251729    7909 completion_queue.cc:800] Kick failed: UNKNOWN:eventfd_write: Bad file descriptor (9)
E0625 20:14:02.254034    7909 ev_epoll1_linux.cc:309] epoll_ctl failed: Bad file descriptor (9)
E0625 20:14:02.254063    7909 ev_epoll1_linux.cc:309] epoll_ctl failed: Bad file descriptor (9)
I0625 20:14:03.357921    5008 fork_posix.cc:71] Other threads are currently calling into gRPC, skipping fork() handlers
I0625 20:14:04.714560    5008 fork_posix.cc:71] Other threads are currently calling into gRPC, skipping fork() handlers
E0625 20:14:04.755527    7966 completion_queue.cc:800] Kick failed: UNKNOWN:eventfd_write: Bad file descriptor (9)
I0625 20:14:05.832057    5008 fork_posix.cc:71] Other threads are currently calling into gRPC, skipping fork() handlers
E0625 20:14:05.874894    8019 completion_queue.cc:800] Kick failed: UNKNOWN:eventfd_write: Bad file descriptor (9)
I0625 20:14:06.949940    5008 fork_posix.cc:71] Other threads are currently calling into gRPC, skipping fork() handlers
E0625 20:14:06.990497    8064 completion_queue.cc:800] Kick failed: UNKNOWN:eventfd_write: Bad file descriptor (9)
I0625 20:14:08.065485    5008 fork_posix.cc:71] Other threads are currently calling into gRPC, skipping fork() handlers
E0625 20:14:08.106044    8101 completion_queue.cc:800] Kick failed: UNKNOWN:eventfd_write: Bad file descriptor (9)
I0625 20:14:09.590627    5008 fork_posix.cc:71] Other threads are currently calling into gRPC, skipping fork() handlers
E0625 20:14:09.630615    8139 completion_queue.cc:800] Kick failed: UNKNOWN:eventfd_write: Bad file descriptor (9)
I0625 20:14:10.731003    5008 fork_posix.cc:71] Other threads are currently calling into gRPC, skipping fork() handlers
E0625 20:14:10.771240    8177 completion_queue.cc:800] Kick failed: UNKNOWN:eventfd_write: Bad file descriptor (9)
I0625 20:14:11.844297    5008 fork_posix.cc:71] Other threads are currently calling into gRPC, skipping fork() handlers
I0625 20:14:12.958205    5008 fork_posix.cc:71] Other threads are currently calling into gRPC, skipping fork() handlers
E0625 20:14:12.999005    8254 completion_queue.cc:800] Kick failed: UNKNOWN:eventfd_write: Bad file descriptor (9)
E0625 20:14:13.000885    8257 ev_epoll1_linux.cc:309] epoll_ctl failed: Bad file descriptor (9)
[mutex.cc : 2443] RAW: Check w->waitp->cond == nullptr failed: Mutex::Fer while waiting on Condition
I0625 20:15:26.806585    5008 fork_posix.cc:71] Other threads are currently calling into gRPC, skipping fork() handlers
E0625 20:15:26.849562    8366 completion_queue.cc:800] Kick failed: UNKNOWN:eventfd_write: Bad file descriptor (9)
E0625 20:15:26.851434    8366 ev_epoll1_linux.cc:309] epoll_ctl failed: Bad file descriptor (9)
E0625 20:15:26.851458    8366 ev_epoll1_linux.cc:309] epoll_ctl failed: Bad file descriptor (9)
I0625 20:15:27.923649    5008 fork_posix.cc:71] Other threads are currently calling into gRPC, skipping fork() handlers
I0625 20:15:29.036020    5008 fork_posix.cc:71] Other threads are currently calling into gRPC, skipping fork() handlers
E0625 20:15:29.075769    8443 completion_queue.cc:800] Kick failed: UNKNOWN:eventfd_write: Bad file descriptor (9)
I0625 20:15:30.144264    5008 fork_posix.cc:71] Other threads are currently calling into gRPC, skipping fork() handlers
I0625 20:15:31.258757    5008 fork_posix.cc:71] Other threads are currently calling into gRPC, skipping fork() handlers
E0625 20:15:31.298016    8520 completion_queue.cc:800] Kick failed: UNKNOWN:eventfd_write: Bad file descriptor (9)
I0625 20:15:32.934065    5008 fork_posix.cc:71] Other threads are currently calling into gRPC, skipping fork() handlers
I0625 20:15:34.043647    5008 fork_posix.cc:71] Other threads are currently calling into gRPC, skipping fork() handlers
E0625 20:15:34.083719    8596 completion_queue.cc:800] Kick failed: UNKNOWN:eventfd_write: Bad file descriptor (9)
I0625 20:15:35.158590    5008 fork_posix.cc:71] Other threads are currently calling into gRPC, skipping fork() handlers
I0625 20:15:36.285223    5008 fork_posix.cc:71] Other threads are currently calling into gRPC, skipping fork() handlers
E0625 20:15:36.324963    8672 completion_queue.cc:800] Kick failed: UNKNOWN:eventfd_write: Bad file descriptor (9)
I0625 20:15:37.412353    5008 fork_posix.cc:71] Other threads are currently calling into gRPC, skipping fork() handlers
E0625 20:15:37.454042    8710 ev_epoll1_linux.cc:309] epoll_ctl failed: Bad file descriptor (9)
I0625 20:15:38.525675    5008 fork_posix.cc:71] Other threads are currently calling into gRPC, skipping fork() handlers
E0625 20:15:38.565159    8749 completion_queue.cc:800] Kick failed: UNKNOWN:eventfd_write: Bad file descriptor (9)
I0625 20:15:40.050216    5008 fork_posix.cc:71] Other threads are currently calling into gRPC, skipping fork() handlers
I0625 20:15:41.165415    5008 fork_posix.cc:71] Other threads are currently calling into gRPC, skipping fork() handlers
E0625 20:15:41.205000    8825 completion_queue.cc:800] Kick failed: UNKNOWN:eventfd_write: Bad file descriptor (9)
I0625 20:15:42.320151    5008 fork_posix.cc:71] Other threads are currently calling into gRPC, skipping fork() handlers
E0625 20:15:42.360077    8863 completion_queue.cc:800] Kick failed: UNKNOWN:eventfd_write: Bad file descriptor (9)
I0625 20:15:43.430139    5008 fork_posix.cc:71] Other threads are currently calling into gRPC, skipping fork() handlers
I0625 20:15:44.545192    5008 fork_posix.cc:71] Other threads are currently calling into gRPC, skipping fork() handlers
E0625 20:15:44.584762    8939 completion_queue.cc:800] Kick failed: UNKNOWN:eventfd_write: Bad file descriptor (9)
I0625 20:15:45.902665    5008 fork_posix.cc:71] Other threads are currently calling into gRPC, skipping fork() handlers
I0625 20:15:47.018468    5008 fork_posix.cc:71] Other threads are currently calling into gRPC, skipping fork() handlers
E0625 20:15:47.058835    9015 completion_queue.cc:800] Kick failed: UNKNOWN:eventfd_write: Bad file descriptor (9)
I0625 20:15:48.136423    5008 fork_posix.cc:71] Other threads are currently calling into gRPC, skipping fork() handlers
E0625 20:15:48.177651    9053 ev_epoll1_linux.cc:309] epoll_ctl failed: Bad file descriptor (9)
I0625 20:15:49.254991    5008 fork_posix.cc:71] Other threads are currently calling into gRPC, skipping fork() handlers
E0625 20:15:49.294684    9091 completion_queue.cc:800] Kick failed: UNKNOWN:eventfd_write: Bad file descriptor (9)
I0625 20:15:50.778852    5008 fork_posix.cc:71] Other threads are currently calling into gRPC, skipping fork() handlers
I0625 20:15:51.937101    5008 fork_posix.cc:71] Other threads are currently calling into gRPC, skipping fork() handlers
I0625 20:15:53.052187    5008 fork_posix.cc:71] Other threads are currently calling into gRPC, skipping fork() handlers
E0625 20:15:53.091975    9205 completion_queue.cc:800] Kick failed: UNKNOWN:eventfd_write: Bad file descriptor (9)
I0625 20:15:54.163038    5008 fork_posix.cc:71] Other threads are currently calling into gRPC, skipping fork() handlers
I0625 20:15:55.274927    5008 fork_posix.cc:71] Other threads are currently calling into gRPC, skipping fork() handlers
E0625 20:15:55.336174    9280 completion_queue.cc:800] Kick failed: UNKNOWN:eventfd_write: Bad file descriptor (9)
I0625 20:15:56.408881    5008 fork_posix.cc:71] Other threads are currently calling into gRPC, skipping fork() handlers
I0625 20:15:57.520230    5008 fork_posix.cc:71] Other threads are currently calling into gRPC, skipping fork() handlers
E0625 20:15:57.567016    9356 completion_queue.cc:800] Kick failed: UNKNOWN:eventfd_write: Bad file descriptor (9)
I0625 20:15:58.881412    5008 fork_posix.cc:71] Other threads are currently calling into gRPC, skipping fork() handlers
E0625 20:15:58.923808    9387 ev_epoll1_linux.cc:309] epoll_ctl failed: Bad file descriptor (9)
I0625 20:15:59.998176    5008 fork_posix.cc:71] Other threads are currently calling into gRPC, skipping fork() handlers
I0625 20:16:01.110054    5008 fork_posix.cc:71] Other threads are currently calling into gRPC, skipping fork() handlers
I0625 20:16:02.216584    5008 fork_posix.cc:71] Other threads are currently calling into gRPC, skipping fork() handlers
I0625 20:16:03.744260    5008 fork_posix.cc:71] Other threads are currently calling into gRPC, skipping fork() handlers
I0625 20:16:04.852782    5008 fork_posix.cc:71] Other threads are currently calling into gRPC, skipping fork() handlers
I0625 20:16:05.965922    5008 fork_posix.cc:71] Other threads are currently calling into gRPC, skipping fork() handlers
I0625 20:16:07.072611    5008 fork_posix.cc:71] Other threads are currently calling into gRPC, skipping fork() handlers
E0625 20:16:07.112495    9664 completion_queue.cc:800] Kick failed: UNKNOWN:eventfd_write: Bad file descriptor (9)
I0625 20:16:08.179870    5008 fork_posix.cc:71] Other threads are currently calling into gRPC, skipping fork() handlers
E0625 20:16:08.219692    9702 completion_queue.cc:800] Kick failed: UNKNOWN:eventfd_write: Bad file descriptor (9)
I0625 20:16:09.288125    5008 fork_posix.cc:71] Other threads are currently calling into gRPC, skipping fork() handlers
E0625 20:16:09.328311    9748 completion_queue.cc:800] Kick failed: UNKNOWN:eventfd_write: Bad file descriptor (9)
E0625 20:16:09.330159    9748 ev_epoll1_linux.cc:309] epoll_ctl failed: Bad file descriptor (9)
E0625 20:16:09.330183    9748 ev_epoll1_linux.cc:309] epoll_ctl failed: Bad file descriptor (9)
I0625 20:16:10.406575    5008 fork_posix.cc:71] Other threads are currently calling into gRPC, skipping fork() handlers
E0625 20:16:10.465796    9790 completion_queue.cc:800] Kick failed: UNKNOWN:eventfd_write: Bad file descriptor (9)
I0625 20:16:11.533956    5008 fork_posix.cc:71] Other threads are currently calling into gRPC, skipping fork() handlers
E0625 20:16:11.596937    9825 completion_queue.cc:800] Kick failed: UNKNOWN:eventfd_write: Bad file descriptor (9)
I0625 20:16:12.666437    5008 fork_posix.cc:71] Other threads are currently calling into gRPC, skipping fork() handlers
E0625 20:16:12.732183    9872 completion_queue.cc:800] Kick failed: UNKNOWN:eventfd_write: Bad file descriptor (9)
I0625 20:16:13.806862    5008 fork_posix.cc:71] Other threads are currently calling into gRPC, skipping fork() handlers
E0625 20:16:13.867149    9911 completion_queue.cc:800] Kick failed: UNKNOWN:eventfd_write: Bad file descriptor (9)
I0625 20:16:14.935837    5008 fork_posix.cc:71] Other threads are currently calling into gRPC, skipping fork() handlers
E0625 20:16:14.975844    9953 completion_queue.cc:800] Kick failed: UNKNOWN:eventfd_write: Bad file descriptor (9)
I0625 20:16:16.046775    5008 fork_posix.cc:71] Other threads are currently calling into gRPC, skipping fork() handlers
E0625 20:16:16.086492    9997 completion_queue.cc:800] Kick failed: UNKNOWN:eventfd_write: Bad file descriptor (9)
I0625 20:16:17.154356    5008 fork_posix.cc:71] Other threads are currently calling into gRPC, skipping fork() handlers
E0625 20:16:17.193868   10036 completion_queue.cc:800] Kick failed: UNKNOWN:eventfd_write: Bad file descriptor (9)
I0625 20:16:18.263786    5008 fork_posix.cc:71] Other threads are currently calling into gRPC, skipping fork() handlers
E0625 20:16:18.303322   10075 completion_queue.cc:800] Kick failed: UNKNOWN:eventfd_write: Bad file descriptor (9)
I0625 20:16:19.370853    5008 fork_posix.cc:71] Other threads are currently calling into gRPC, skipping fork() handlers
E0625 20:16:19.410378   10114 completion_queue.cc:800] Kick failed: UNKNOWN:eventfd_write: Bad file descriptor (9)
E0625 20:16:19.412291   10114 ev_epoll1_linux.cc:309] epoll_ctl failed: Bad file descriptor (9)
E0625 20:16:19.412317   10114 ev_epoll1_linux.cc:309] epoll_ctl failed: Bad file descriptor (9)
I0625 20:16:20.485248    5008 fork_posix.cc:71] Other threads are currently calling into gRPC, skipping fork() handlers
E0625 20:16:20.538646   10154 completion_queue.cc:800] Kick failed: UNKNOWN:eventfd_write: Bad file descriptor (9)
I0625 20:16:21.607052    5008 fork_posix.cc:71] Other threads are currently calling into gRPC, skipping fork() handlers
E0625 20:16:21.670662   10193 completion_queue.cc:800] Kick failed: UNKNOWN:eventfd_write: Bad file descriptor (9)
I0625 20:16:22.745315    5008 fork_posix.cc:71] Other threads are currently calling into gRPC, skipping fork() handlers
E0625 20:16:22.800378   10229 completion_queue.cc:800] Kick failed: UNKNOWN:eventfd_write: Bad file descriptor (9)
I0625 20:16:24.051275    5008 fork_posix.cc:71] Other threads are currently calling into gRPC, skipping fork() handlers
E0625 20:16:24.090524   10267 completion_queue.cc:800] Kick failed: UNKNOWN:eventfd_write: Bad file descriptor (9)
I0625 20:16:25.510247    5008 fork_posix.cc:71] Other threads are currently calling into gRPC, skipping fork() handlers
E0625 20:16:25.549438   10306 completion_queue.cc:800] Kick failed: UNKNOWN:eventfd_write: Bad file descriptor (9)
I0625 20:16:26.622900    5008 fork_posix.cc:71] Other threads are currently calling into gRPC, skipping fork() handlers
E0625 20:16:26.662466   10343 completion_queue.cc:800] Kick failed: UNKNOWN:eventfd_write: Bad file descriptor (9)
I0625 20:16:27.732011    5008 fork_posix.cc:71] Other threads are currently calling into gRPC, skipping fork() handlers
I0625 20:16:28.843561    5008 fork_posix.cc:71] Other threads are currently calling into gRPC, skipping fork() handlers
E0625 20:16:28.883064   10423 completion_queue.cc:800] Kick failed: UNKNOWN:eventfd_write: Bad file descriptor (9)
I0625 20:16:29.951716    5008 fork_posix.cc:71] Other threads are currently calling into gRPC, skipping fork() handlers
E0625 20:16:29.992911   10461 ev_epoll1_linux.cc:309] epoll_ctl failed: Bad file descriptor (9)
E0625 20:16:29.993021   10461 completion_queue.cc:800] Kick failed: UNKNOWN:eventfd_write: Bad file descriptor (9)
I0625 20:16:31.083857    5008 fork_posix.cc:71] Other threads are currently calling into gRPC, skipping fork() handlers
E0625 20:16:31.123625   10499 completion_queue.cc:800] Kick failed: UNKNOWN:eventfd_write: Bad file descriptor (9)
I0625 20:16:32.191870    5008 fork_posix.cc:71] Other threads are currently calling into gRPC, skipping fork() handlers
I0625 20:16:33.586140    5008 fork_posix.cc:71] Other threads are currently calling into gRPC, skipping fork() handlers
I0625 20:16:34.698672    5008 fork_posix.cc:71] Other threads are currently calling into gRPC, skipping fork() handlers
E0625 20:16:34.738527   10613 completion_queue.cc:800] Kick failed: UNKNOWN:eventfd_write: Bad file descriptor (9)
I0625 20:16:35.818865    5008 fork_posix.cc:71] Other threads are currently calling into gRPC, skipping fork() handlers
I0625 20:16:36.943382    5008 fork_posix.cc:71] Other threads are currently calling into gRPC, skipping fork() handlers
E0625 20:16:36.983500   10689 completion_queue.cc:800] Kick failed: UNKNOWN:eventfd_write: Bad file descriptor (9)
I0625 20:16:38.072219    5008 fork_posix.cc:71] Other threads are currently calling into gRPC, skipping fork() handlers
I0625 20:16:39.184902    5008 fork_posix.cc:71] Other threads are currently calling into gRPC, skipping fork() handlers
E0625 20:16:39.225082   10767 completion_queue.cc:800] Kick failed: UNKNOWN:eventfd_write: Bad file descriptor (9)
I0625 20:16:40.298988    5008 fork_posix.cc:71] Other threads are currently calling into gRPC, skipping fork() handlers
E0625 20:16:40.340229   10804 ev_epoll1_linux.cc:309] epoll_ctl failed: Bad file descriptor (9)
I0625 20:16:41.437990    5008 fork_posix.cc:71] Other threads are currently calling into gRPC, skipping fork() handlers
I0625 20:16:42.544947    5008 fork_posix.cc:71] Other threads are currently calling into gRPC, skipping fork() handlers
I0625 20:16:43.656476    5008 fork_posix.cc:71] Other threads are currently calling into gRPC, skipping fork() handlers
I0625 20:16:44.764623    5008 fork_posix.cc:71] Other threads are currently calling into gRPC, skipping fork() handlers
I0625 20:16:46.119224    5008 fork_posix.cc:71] Other threads are currently calling into gRPC, skipping fork() handlers
[92mINFO [0m:      Sent reply
[92mINFO [0m:      
[92mINFO [0m:      Received: evaluate message 60169247-5f43-4b7a-935c-4ac3419ad6b2
I0625 20:18:04.679793   65364 fork_posix.cc:71] Other threads are currently calling into gRPC, skipping fork() handlers
I0625 20:18:04.743747   11524 fork_posix.cc:71] Other threads are currently calling into gRPC, skipping fork() handlers
E0625 20:18:04.788020   11579 completion_queue.cc:800] Kick failed: UNKNOWN:eventfd_write: Bad file descriptor (9)
E0625 20:18:04.790063   11579 ev_epoll1_linux.cc:309] epoll_ctl failed: Bad file descriptor (9)
E0625 20:18:04.790089   11579 ev_epoll1_linux.cc:309] epoll_ctl failed: Bad file descriptor (9)
I0625 20:18:04.806884   65364 fork_posix.cc:71] Other threads are currently calling into gRPC, skipping fork() handlers
[92mINFO [0m:      Sent reply
[92mINFO [0m:      
[92mINFO [0m:      Received: train message 39d9a0be-f818-4e78-88bf-e27353817809
I0625 20:19:10.635559   65364 fork_posix.cc:71] Other threads are currently calling into gRPC, skipping fork() handlers
I0625 20:19:10.675744   12319 fork_posix.cc:71] Other threads are currently calling into gRPC, skipping fork() handlers
I0625 20:19:10.715689   65364 fork_posix.cc:71] Other threads are currently calling into gRPC, skipping fork() handlers
E0625 20:19:10.717008   12379 ev_epoll1_linux.cc:309] epoll_ctl failed: Bad file descriptor (9)
E0625 20:19:10.717059   12379 ev_epoll1_linux.cc:309] epoll_ctl failed: Bad file descriptor (9)
E0625 20:19:10.717111   12379 completion_queue.cc:800] Kick failed: UNKNOWN:eventfd_write: Bad file descriptor (9)
[92mINFO [0m:      Sent reply
[92mINFO [0m:      
[92mINFO [0m:      Received: evaluate message 0adb8c7b-daa3-4c51-88bf-f53d254902ca
I0625 20:24:46.511099   65364 fork_posix.cc:71] Other threads are currently calling into gRPC, skipping fork() handlers
I0625 20:24:46.556084   12827 fork_posix.cc:71] Other threads are currently calling into gRPC, skipping fork() handlers
E0625 20:24:46.600664   12883 completion_queue.cc:800] Kick failed: UNKNOWN:eventfd_write: Bad file descriptor (9)
I0625 20:24:46.601429   65364 fork_posix.cc:71] Other threads are currently calling into gRPC, skipping fork() handlers
E0625 20:24:46.602503   12883 ev_epoll1_linux.cc:309] epoll_ctl failed: Bad file descriptor (9)
E0625 20:24:46.602526   12883 ev_epoll1_linux.cc:309] epoll_ctl failed: Bad file descriptor (9)
[92mINFO [0m:      Sent reply
[92mINFO [0m:      
[92mINFO [0m:      Received: train message 5712f3d5-b9d4-4aa4-9288-53e111088d54
I0625 20:25:44.748962   65364 fork_posix.cc:71] Other threads are currently calling into gRPC, skipping fork() handlers
I0625 20:25:44.789770   65364 fork_posix.cc:71] Other threads are currently calling into gRPC, skipping fork() handlers
I0625 20:25:44.829852   13069 fork_posix.cc:71] Other threads are currently calling into gRPC, skipping fork() handlers
E0625 20:25:44.869725   13160 completion_queue.cc:800] Kick failed: UNKNOWN:eventfd_write: Bad file descriptor (9)
E0625 20:25:44.871600   13160 ev_epoll1_linux.cc:309] epoll_ctl failed: Bad file descriptor (9)
E0625 20:25:44.871626   13160 ev_epoll1_linux.cc:309] epoll_ctl failed: Bad file descriptor (9)
[92mINFO [0m:      Sent reply
[92mINFO [0m:      
[92mINFO [0m:      Received: evaluate message 9f2a5a1b-171b-49d9-8104-fa340d51d4df
I0625 20:31:51.988920   65364 fork_posix.cc:71] Other threads are currently calling into gRPC, skipping fork() handlers
I0625 20:31:52.052719   13619 fork_posix.cc:71] Other threads are currently calling into gRPC, skipping fork() handlers
E0625 20:31:52.096294   13675 completion_queue.cc:800] Kick failed: UNKNOWN:eventfd_write: Bad file descriptor (9)
E0625 20:31:52.098148   13675 ev_epoll1_linux.cc:309] epoll_ctl failed: Bad file descriptor (9)
E0625 20:31:52.098172   13675 ev_epoll1_linux.cc:309] epoll_ctl failed: Bad file descriptor (9)
I0625 20:31:52.115029   65364 fork_posix.cc:71] Other threads are currently calling into gRPC, skipping fork() handlers
[92mINFO [0m:      Sent reply
[92mINFO [0m:      
[92mINFO [0m:      Received: train message e14680d4-a79c-4d98-81fa-113c6e3e5600
I0625 20:32:49.417567   65364 fork_posix.cc:71] Other threads are currently calling into gRPC, skipping fork() handlers
I0625 20:32:49.477156   13814 fork_posix.cc:71] Other threads are currently calling into gRPC, skipping fork() handlers
E0625 20:32:49.518987   13873 ev_epoll1_linux.cc:309] epoll_ctl failed: Bad file descriptor (9)
E0625 20:32:49.519044   13873 ev_epoll1_linux.cc:309] epoll_ctl failed: Bad file descriptor (9)
E0625 20:32:49.519102   13873 completion_queue.cc:800] Kick failed: UNKNOWN:eventfd_write: Bad file descriptor (9)
I0625 20:32:49.536053   65364 fork_posix.cc:71] Other threads are currently calling into gRPC, skipping fork() handlers
[92mINFO [0m:      Sent reply
[92mINFO [0m:      
[92mINFO [0m:      Received: evaluate message a643763d-ad4f-426e-9e1b-384a5e094333
I0625 20:38:59.433143   65364 fork_posix.cc:71] Other threads are currently calling into gRPC, skipping fork() handlers
I0625 20:38:59.476648   14362 fork_posix.cc:71] Other threads are currently calling into gRPC, skipping fork() handlers
E0625 20:38:59.520439   14418 completion_queue.cc:800] Kick failed: UNKNOWN:eventfd_write: Bad file descriptor (9)
E0625 20:38:59.522355   14418 ev_epoll1_linux.cc:309] epoll_ctl failed: Bad file descriptor (9)
E0625 20:38:59.522378   14418 ev_epoll1_linux.cc:309] epoll_ctl failed: Bad file descriptor (9)
I0625 20:38:59.540275   65364 fork_posix.cc:71] Other threads are currently calling into gRPC, skipping fork() handlers
[92mINFO [0m:      Sent reply
[92mINFO [0m:      
[92mINFO [0m:      Received: train message 0f7fe585-f9bd-47b2-baf1-440a1947d9bb
I0625 20:39:58.013469   65364 fork_posix.cc:71] Other threads are currently calling into gRPC, skipping fork() handlers
I0625 20:39:58.072917   14567 fork_posix.cc:71] Other threads are currently calling into gRPC, skipping fork() handlers
I0625 20:39:58.112189   65364 fork_posix.cc:71] Other threads are currently calling into gRPC, skipping fork() handlers
E0625 20:39:58.114140   14629 ev_epoll1_linux.cc:309] epoll_ctl failed: Bad file descriptor (9)
E0625 20:39:58.114193   14629 ev_epoll1_linux.cc:309] epoll_ctl failed: Bad file descriptor (9)
E0625 20:39:58.114243   14629 completion_queue.cc:800] Kick failed: UNKNOWN:eventfd_write: Bad file descriptor (9)
[92mINFO [0m:      Sent reply
[92mINFO [0m:      
[92mINFO [0m:      Received: evaluate message 117b3ab2-ef7f-477c-bff1-3095c7edde0e
I0625 20:46:19.379045   65364 fork_posix.cc:71] Other threads are currently calling into gRPC, skipping fork() handlers
I0625 20:46:19.424083   15214 fork_posix.cc:71] Other threads are currently calling into gRPC, skipping fork() handlers
I0625 20:46:19.467761   65364 fork_posix.cc:71] Other threads are currently calling into gRPC, skipping fork() handlers
E0625 20:46:19.469364   15268 ev_epoll1_linux.cc:309] epoll_ctl failed: Bad file descriptor (9)
[92mINFO [0m:      Sent reply
[92mINFO [0m:      
[92mINFO [0m:      Received: train message 6096ffab-eb71-4b80-af13-06b90811f12a
I0625 20:47:14.256173   65364 fork_posix.cc:71] Other threads are currently calling into gRPC, skipping fork() handlers
I0625 20:47:14.315483   15408 fork_posix.cc:71] Other threads are currently calling into gRPC, skipping fork() handlers
I0625 20:47:14.354708   65364 fork_posix.cc:71] Other threads are currently calling into gRPC, skipping fork() handlers
E0625 20:47:14.355051   15465 completion_queue.cc:800] Kick failed: UNKNOWN:eventfd_write: Bad file descriptor (9)
E0625 20:47:14.356855   15465 ev_epoll1_linux.cc:309] epoll_ctl failed: Bad file descriptor (9)
E0625 20:47:14.356878   15465 ev_epoll1_linux.cc:309] epoll_ctl failed: Bad file descriptor (9)
[92mINFO [0m:      Sent reply
[92mINFO [0m:      
[92mINFO [0m:      Received: evaluate message 6cee674e-7cfa-46a8-81f1-12bef0cceea0
I0625 20:52:54.543082   65364 fork_posix.cc:71] Other threads are currently calling into gRPC, skipping fork() handlers
I0625 20:52:54.586551   16941 fork_posix.cc:71] Other threads are currently calling into gRPC, skipping fork() handlers
E0625 20:52:54.629529   16996 completion_queue.cc:800] Kick failed: UNKNOWN:eventfd_write: Bad file descriptor (9)
I0625 20:52:54.630320   65364 fork_posix.cc:71] Other threads are currently calling into gRPC, skipping fork() handlers
E0625 20:52:54.631377   17000 ev_epoll1_linux.cc:309] epoll_ctl failed: Bad file descriptor (9)
[92mINFO [0m:      Sent reply
[92mINFO [0m:      
[92mINFO [0m:      Received: train message 4092a6c3-c950-4143-9dc8-878b1d85d944
I0625 20:53:52.095973   65364 fork_posix.cc:71] Other threads are currently calling into gRPC, skipping fork() handlers
I0625 20:53:52.136527   17179 fork_posix.cc:71] Other threads are currently calling into gRPC, skipping fork() handlers
E0625 20:53:52.178299   17239 ev_epoll1_linux.cc:309] epoll_ctl failed: Bad file descriptor (9)
E0625 20:53:52.178402   17239 completion_queue.cc:800] Kick failed: UNKNOWN:eventfd_write: Bad file descriptor (9)
I0625 20:53:52.195444   65364 fork_posix.cc:71] Other threads are currently calling into gRPC, skipping fork() handlers
[92mINFO [0m:      Sent reply
[92mINFO [0m:      
[92mINFO [0m:      Received: evaluate message ea49fed5-2be2-4398-9ec1-44d6042cea22
I0625 20:59:46.860928   65364 fork_posix.cc:71] Other threads are currently calling into gRPC, skipping fork() handlers
I0625 20:59:46.905242   17748 fork_posix.cc:71] Other threads are currently calling into gRPC, skipping fork() handlers
E0625 20:59:46.947882   17809 completion_queue.cc:800] Kick failed: UNKNOWN:eventfd_write: Bad file descriptor (9)
E0625 20:59:46.949722   17812 ev_epoll1_linux.cc:309] epoll_ctl failed: Bad file descriptor (9)
I0625 20:59:46.966715   65364 fork_posix.cc:71] Other threads are currently calling into gRPC, skipping fork() handlers
[92mINFO [0m:      Sent reply
[92mINFO [0m:      
[92mINFO [0m:      Received: train message 7637585a-46ad-4413-ab84-8798f0283883
I0625 21:00:44.500155   65364 fork_posix.cc:71] Other threads are currently calling into gRPC, skipping fork() handlers
I0625 21:00:44.540213   18008 fork_posix.cc:71] Other threads are currently calling into gRPC, skipping fork() handlers
I0625 21:00:44.580949   65364 fork_posix.cc:71] Other threads are currently calling into gRPC, skipping fork() handlers
E0625 21:00:44.582333   18064 ev_epoll1_linux.cc:309] epoll_ctl failed: Bad file descriptor (9)
E0625 21:00:44.582387   18064 ev_epoll1_linux.cc:309] epoll_ctl failed: Bad file descriptor (9)
E0625 21:00:44.582435   18064 completion_queue.cc:800] Kick failed: UNKNOWN:eventfd_write: Bad file descriptor (9)
[92mINFO [0m:      Sent reply
[92mINFO [0m:      
[92mINFO [0m:      Received: evaluate message ecef356f-785f-4d7f-852f-69eb8a64f3ad
I0625 21:06:35.691901   65364 fork_posix.cc:71] Other threads are currently calling into gRPC, skipping fork() handlers
I0625 21:06:35.736668   18948 fork_posix.cc:71] Other threads are currently calling into gRPC, skipping fork() handlers
I0625 21:06:35.780518   65364 fork_posix.cc:71] Other threads are currently calling into gRPC, skipping fork() handlers
E0625 21:06:35.782175   19010 ev_epoll1_linux.cc:309] epoll_ctl failed: Bad file descriptor (9)
[92mINFO [0m:      Sent reply
[92mINFO [0m:      
[92mINFO [0m:      Received: train message eab6c677-5516-4e40-92e2-2144b3f49088
I0625 21:07:32.174585   65364 fork_posix.cc:71] Other threads are currently calling into gRPC, skipping fork() handlers
I0625 21:07:32.214630   19149 fork_posix.cc:71] Other threads are currently calling into gRPC, skipping fork() handlers
I0625 21:07:32.254664   65364 fork_posix.cc:71] Other threads are currently calling into gRPC, skipping fork() handlers
E0625 21:07:32.255961   19206 ev_epoll1_linux.cc:309] epoll_ctl failed: Bad file descriptor (9)
E0625 21:07:32.256066   19206 completion_queue.cc:800] Kick failed: UNKNOWN:eventfd_write: Bad file descriptor (9)
[92mINFO [0m:      Sent reply
[92mINFO [0m:      
[92mINFO [0m:      Received: evaluate message 335668ca-434c-4805-b2de-a77b1c39b3da
I0625 21:13:32.665337   65364 fork_posix.cc:71] Other threads are currently calling into gRPC, skipping fork() handlers
I0625 21:13:32.709609   19715 fork_posix.cc:71] Other threads are currently calling into gRPC, skipping fork() handlers
E0625 21:13:32.753097   19770 completion_queue.cc:800] Kick failed: UNKNOWN:eventfd_write: Bad file descriptor (9)
I0625 21:13:32.753233   65364 fork_posix.cc:71] Other threads are currently calling into gRPC, skipping fork() handlers
E0625 21:13:32.754942   19774 ev_epoll1_linux.cc:309] epoll_ctl failed: Bad file descriptor (9)
[92mINFO [0m:      Sent reply
[92mINFO [0m:      
[92mINFO [0m:      Received: train message ae29a5af-1e2e-427a-86b3-35e5b6f784d7
I0625 21:14:32.178525   65364 fork_posix.cc:71] Other threads are currently calling into gRPC, skipping fork() handlers
I0625 21:14:32.218686   19912 fork_posix.cc:71] Other threads are currently calling into gRPC, skipping fork() handlers
E0625 21:14:32.259295   19969 completion_queue.cc:800] Kick failed: UNKNOWN:eventfd_write: Bad file descriptor (9)
E0625 21:14:32.261157   19969 ev_epoll1_linux.cc:309] epoll_ctl failed: Bad file descriptor (9)
E0625 21:14:32.261181   19969 ev_epoll1_linux.cc:309] epoll_ctl failed: Bad file descriptor (9)
I0625 21:14:32.278901   65364 fork_posix.cc:71] Other threads are currently calling into gRPC, skipping fork() handlers
[92mINFO [0m:      Sent reply
[92mINFO [0m:      
[92mINFO [0m:      Received: evaluate message 3041642a-d624-4ea9-8861-c99208ffd95e
I0625 21:20:02.791010   65364 fork_posix.cc:71] Other threads are currently calling into gRPC, skipping fork() handlers
I0625 21:20:02.834550   21420 fork_posix.cc:71] Other threads are currently calling into gRPC, skipping fork() handlers
E0625 21:20:02.877442   21477 completion_queue.cc:800] Kick failed: UNKNOWN:eventfd_write: Bad file descriptor (9)
I0625 21:20:02.878255   65364 fork_posix.cc:71] Other threads are currently calling into gRPC, skipping fork() handlers
E0625 21:20:02.879237   21477 ev_epoll1_linux.cc:309] epoll_ctl failed: Bad file descriptor (9)
E0625 21:20:07.884506   21481 ev_epoll1_linux.cc:309] epoll_ctl failed: Bad file descriptor (9)
E0625 21:20:08.885879   21482 ev_epoll1_linux.cc:191] OrphanHandle: epoll_ctl failed: Bad file descriptor (9)
E0625 21:20:08.885915   21487 ev_epoll1_linux.cc:191] OrphanHandle: epoll_ctl failed: Bad file descriptor (9)
[92mINFO [0m:      Sent reply
[92mINFO [0m:      
[92mINFO [0m:      Received: train message 7eac5ee9-ebb9-4bc5-bbb5-a1708c016e58
I0625 21:21:03.556806   65364 fork_posix.cc:71] Other threads are currently calling into gRPC, skipping fork() handlers
I0625 21:21:03.594007   21618 fork_posix.cc:71] Other threads are currently calling into gRPC, skipping fork() handlers
E0625 21:21:03.630723   21675 completion_queue.cc:800] Kick failed: UNKNOWN:eventfd_write: Bad file descriptor (9)
E0625 21:21:03.632529   21675 ev_epoll1_linux.cc:309] epoll_ctl failed: Bad file descriptor (9)
E0625 21:21:03.632553   21675 ev_epoll1_linux.cc:309] epoll_ctl failed: Bad file descriptor (9)
I0625 21:21:03.649557   65364 fork_posix.cc:71] Other threads are currently calling into gRPC, skipping fork() handlers
[92mINFO [0m:      Sent reply
[92mINFO [0m:      
[92mINFO [0m:      Received: evaluate message 1e171329-5506-486e-b450-36f39ad1df44
I0625 21:26:47.046605   65364 fork_posix.cc:71] Other threads are currently calling into gRPC, skipping fork() handlers
I0625 21:26:47.109639   22136 fork_posix.cc:71] Other threads are currently calling into gRPC, skipping fork() handlers
E0625 21:26:47.152833   22192 completion_queue.cc:800] Kick failed: UNKNOWN:eventfd_write: Bad file descriptor (9)
I0625 21:26:47.153296   65364 fork_posix.cc:71] Other threads are currently calling into gRPC, skipping fork() handlers
E0625 21:26:47.154692   22192 ev_epoll1_linux.cc:309] epoll_ctl failed: Bad file descriptor (9)
[92mINFO [0m:      Sent reply
[92mINFO [0m:      
[92mINFO [0m:      Received: train message 73cf44bb-f773-454b-8e96-ecc679a8ffd5
I0625 21:27:43.380014   22336 fork_posix.cc:71] Other threads are currently calling into gRPC, skipping fork() handlers
E0625 21:27:43.421706   22356 ev_epoll1_linux.cc:309] epoll_ctl failed: Bad file descriptor (9)
E0625 21:27:43.421764   22356 ev_epoll1_linux.cc:309] epoll_ctl failed: Bad file descriptor (9)
I0625 21:27:43.438436   65364 fork_posix.cc:71] Other threads are currently calling into gRPC, skipping fork() handlers
I0625 21:27:43.496353   65364 fork_posix.cc:71] Other threads are currently calling into gRPC, skipping fork() handlers
[92mINFO [0m:      Sent reply
[92mINFO [0m:      
[92mINFO [0m:      Received: evaluate message 7db17b6e-103a-43fa-9f39-8aa20263f26d
I0625 21:33:42.024746   65364 fork_posix.cc:71] Other threads are currently calling into gRPC, skipping fork() handlers
I0625 21:33:42.069364   22885 fork_posix.cc:71] Other threads are currently calling into gRPC, skipping fork() handlers
I0625 21:33:42.112772   65364 fork_posix.cc:71] Other threads are currently calling into gRPC, skipping fork() handlers
E0625 21:33:42.114897   22943 ev_epoll1_linux.cc:309] epoll_ctl failed: Bad file descriptor (9)
[92mINFO [0m:      Sent reply
[92mINFO [0m:      
[92mINFO [0m:      Received: train message 124400be-d2fa-4ef5-bc31-08de3334623b
I0625 21:34:38.377765   65364 fork_posix.cc:71] Other threads are currently calling into gRPC, skipping fork() handlers
I0625 21:34:38.418165   23117 fork_posix.cc:71] Other threads are currently calling into gRPC, skipping fork() handlers
I0625 21:34:38.457754   65364 fork_posix.cc:71] Other threads are currently calling into gRPC, skipping fork() handlers
E0625 21:34:38.459778   23176 ev_epoll1_linux.cc:309] epoll_ctl failed: Bad file descriptor (9)
E0625 21:34:38.459831   23176 ev_epoll1_linux.cc:309] epoll_ctl failed: Bad file descriptor (9)
E0625 21:34:38.459889   23176 completion_queue.cc:800] Kick failed: UNKNOWN:eventfd_write: Bad file descriptor (9)
[92mINFO [0m:      Sent reply
[92mINFO [0m:      
[92mINFO [0m:      Received: evaluate message 26cc8082-6cd3-44cf-9910-9a6a638320ac
I0625 21:40:34.838096   65364 fork_posix.cc:71] Other threads are currently calling into gRPC, skipping fork() handlers
I0625 21:40:34.883467   23647 fork_posix.cc:71] Other threads are currently calling into gRPC, skipping fork() handlers
I0625 21:40:34.928580   65364 fork_posix.cc:71] Other threads are currently calling into gRPC, skipping fork() handlers
E0625 21:40:34.929724   23704 ev_epoll1_linux.cc:309] epoll_ctl failed: Bad file descriptor (9)
[92mINFO [0m:      Sent reply
[92mINFO [0m:      
[92mINFO [0m:      Received: train message b83fff65-0445-4ccf-93f4-3899e2f5ae21
I0625 21:41:37.769632   65364 fork_posix.cc:71] Other threads are currently calling into gRPC, skipping fork() handlers
I0625 21:41:37.810344   23941 fork_posix.cc:71] Other threads are currently calling into gRPC, skipping fork() handlers
I0625 21:41:37.849945   65364 fork_posix.cc:71] Other threads are currently calling into gRPC, skipping fork() handlers
E0625 21:41:37.852011   23997 ev_epoll1_linux.cc:309] epoll_ctl failed: Bad file descriptor (9)
E0625 21:41:37.852065   23997 ev_epoll1_linux.cc:309] epoll_ctl failed: Bad file descriptor (9)
E0625 21:41:37.852117   23997 completion_queue.cc:800] Kick failed: UNKNOWN:eventfd_write: Bad file descriptor (9)
[92mINFO [0m:      Sent reply
[92mINFO [0m:      
[92mINFO [0m:      Received: evaluate message 636131ea-4021-4d04-b48b-e779fb57d12d
I0625 21:47:38.163725   65364 fork_posix.cc:71] Other threads are currently calling into gRPC, skipping fork() handlers
I0625 21:47:38.209503   24468 fork_posix.cc:71] Other threads are currently calling into gRPC, skipping fork() handlers
I0625 21:47:38.254093   65364 fork_posix.cc:71] Other threads are currently calling into gRPC, skipping fork() handlers
E0625 21:47:38.254203   24524 completion_queue.cc:800] Kick failed: UNKNOWN:eventfd_write: Bad file descriptor (9)
E0625 21:47:38.256034   24527 ev_epoll1_linux.cc:309] epoll_ctl failed: Bad file descriptor (9)
E0625 21:47:38.256057   24527 ev_epoll1_linux.cc:309] epoll_ctl failed: Bad file descriptor (9)
[92mINFO [0m:      Sent reply
[92mINFO [0m:      
[92mINFO [0m:      Received: train message d5e494da-ca86-42f1-b8b8-976453a129c0
I0625 21:48:41.425929   65364 fork_posix.cc:71] Other threads are currently calling into gRPC, skipping fork() handlers
I0625 21:48:41.467327   25652 fork_posix.cc:71] Other threads are currently calling into gRPC, skipping fork() handlers
I0625 21:48:41.507018   65364 fork_posix.cc:71] Other threads are currently calling into gRPC, skipping fork() handlers
E0625 21:48:41.509280   25708 ev_epoll1_linux.cc:309] epoll_ctl failed: Bad file descriptor (9)
E0625 21:48:41.509334   25708 ev_epoll1_linux.cc:309] epoll_ctl failed: Bad file descriptor (9)
E0625 21:48:41.509390   25708 completion_queue.cc:800] Kick failed: UNKNOWN:eventfd_write: Bad file descriptor (9)
[92mINFO [0m:      Sent reply
[92mINFO [0m:      
[92mINFO [0m:      Received: evaluate message f81d6d8d-0355-4907-9ce3-eec73cdc1672
I0625 21:54:05.883327   65364 fork_posix.cc:71] Other threads are currently calling into gRPC, skipping fork() handlers
I0625 21:54:05.929265   26154 fork_posix.cc:71] Other threads are currently calling into gRPC, skipping fork() handlers
I0625 21:54:05.974731   65364 fork_posix.cc:71] Other threads are currently calling into gRPC, skipping fork() handlers
E0625 21:54:05.976362   26216 ev_epoll1_linux.cc:309] epoll_ctl failed: Bad file descriptor (9)
[92mINFO [0m:      Sent reply
[92mINFO [0m:      
[92mINFO [0m:      Received: train message d5d0018d-1502-4486-afed-c00377d98bfc
I0625 21:54:59.044772   65364 fork_posix.cc:71] Other threads are currently calling into gRPC, skipping fork() handlers
I0625 21:54:59.085347   26344 fork_posix.cc:71] Other threads are currently calling into gRPC, skipping fork() handlers
I0625 21:54:59.125478   65364 fork_posix.cc:71] Other threads are currently calling into gRPC, skipping fork() handlers
E0625 21:54:59.127420   26403 ev_epoll1_linux.cc:309] epoll_ctl failed: Bad file descriptor (9)
E0625 21:54:59.127521   26403 completion_queue.cc:800] Kick failed: UNKNOWN:eventfd_write: Bad file descriptor (9)
[92mINFO [0m:      Sent reply
[92mINFO [0m:      
[92mINFO [0m:      Received: evaluate message ce7073b4-59f4-4fc9-ad9c-52efe46f9c59
I0625 22:00:42.531491   65364 fork_posix.cc:71] Other threads are currently calling into gRPC, skipping fork() handlers
I0625 22:00:42.577223   26874 fork_posix.cc:71] Other threads are currently calling into gRPC, skipping fork() handlers
E0625 22:00:42.621698   26930 completion_queue.cc:800] Kick failed: UNKNOWN:eventfd_write: Bad file descriptor (9)
E0625 22:00:42.623580   26930 ev_epoll1_linux.cc:309] epoll_ctl failed: Bad file descriptor (9)
E0625 22:00:42.623605   26930 ev_epoll1_linux.cc:309] epoll_ctl failed: Bad file descriptor (9)
I0625 22:00:42.640690   65364 fork_posix.cc:71] Other threads are currently calling into gRPC, skipping fork() handlers
[92mINFO [0m:      Sent reply
[92mINFO [0m:      
[92mINFO [0m:      Received: train message 695c1c6a-d3ec-4b1b-b0b5-5173c78fbca4
I0625 22:01:39.669091   65364 fork_posix.cc:71] Other threads are currently calling into gRPC, skipping fork() handlers
I0625 22:01:39.709879   27105 fork_posix.cc:71] Other threads are currently calling into gRPC, skipping fork() handlers
E0625 22:01:39.751179   27164 ev_epoll1_linux.cc:309] epoll_ctl failed: Bad file descriptor (9)
E0625 22:01:39.751234   27164 ev_epoll1_linux.cc:309] epoll_ctl failed: Bad file descriptor (9)
E0625 22:01:39.751299   27164 completion_queue.cc:800] Kick failed: UNKNOWN:eventfd_write: Bad file descriptor (9)
I0625 22:01:39.768327   65364 fork_posix.cc:71] Other threads are currently calling into gRPC, skipping fork() handlers
[92mINFO [0m:      Sent reply
[92mINFO [0m:      
[92mINFO [0m:      Received: evaluate message 3d52a363-fe63-4035-821e-91f65b98c1a4
I0625 22:06:52.410824   65364 fork_posix.cc:71] Other threads are currently calling into gRPC, skipping fork() handlers
I0625 22:06:52.473554   27597 fork_posix.cc:71] Other threads are currently calling into gRPC, skipping fork() handlers
E0625 22:06:52.518323   27653 ev_epoll1_linux.cc:309] epoll_ctl failed: Bad file descriptor (9)
E0625 22:06:52.518383   27653 ev_epoll1_linux.cc:309] epoll_ctl failed: Bad file descriptor (9)
E0625 22:06:52.518440   27653 completion_queue.cc:800] Kick failed: UNKNOWN:eventfd_write: Bad file descriptor (9)
I0625 22:06:52.535920   65364 fork_posix.cc:71] Other threads are currently calling into gRPC, skipping fork() handlers
[92mINFO [0m:      Sent reply
[92mINFO [0m:      
[92mINFO [0m:      Received: train message 5771461b-328f-431a-a585-9b4aac05405e
I0625 22:07:46.011472   65364 fork_posix.cc:71] Other threads are currently calling into gRPC, skipping fork() handlers
I0625 22:07:46.051366   27794 fork_posix.cc:71] Other threads are currently calling into gRPC, skipping fork() handlers
I0625 22:07:46.091229   65364 fork_posix.cc:71] Other threads are currently calling into gRPC, skipping fork() handlers
E0625 22:07:46.092621   27850 ev_epoll1_linux.cc:309] epoll_ctl failed: Bad file descriptor (9)
E0625 22:07:46.092674   27850 ev_epoll1_linux.cc:309] epoll_ctl failed: Bad file descriptor (9)
E0625 22:07:46.092726   27850 completion_queue.cc:800] Kick failed: UNKNOWN:eventfd_write: Bad file descriptor (9)
[92mINFO [0m:      Sent reply
[92mINFO [0m:      
[92mINFO [0m:      Received: evaluate message 6333c9e5-07a9-42e1-89bf-2d6261c51575
I0625 22:13:13.911450   65364 fork_posix.cc:71] Other threads are currently calling into gRPC, skipping fork() handlers
I0625 22:13:13.974469   28291 fork_posix.cc:71] Other threads are currently calling into gRPC, skipping fork() handlers
I0625 22:13:14.017571   65364 fork_posix.cc:71] Other threads are currently calling into gRPC, skipping fork() handlers
E0625 22:13:14.019691   28351 ev_epoll1_linux.cc:309] epoll_ctl failed: Bad file descriptor (9)
E0625 22:13:14.019746   28351 ev_epoll1_linux.cc:309] epoll_ctl failed: Bad file descriptor (9)
E0625 22:13:14.019808   28351 completion_queue.cc:800] Kick failed: UNKNOWN:eventfd_write: Bad file descriptor (9)
[92mINFO [0m:      Sent reply
[92mINFO [0m:      
[92mINFO [0m:      Received: train message 3d365cf0-dae2-40e4-94b9-fe30d03e3bcd
I0625 22:14:09.310158   65364 fork_posix.cc:71] Other threads are currently calling into gRPC, skipping fork() handlers
I0625 22:14:09.351097   28530 fork_posix.cc:71] Other threads are currently calling into gRPC, skipping fork() handlers
I0625 22:14:09.390882   65364 fork_posix.cc:71] Other threads are currently calling into gRPC, skipping fork() handlers
E0625 22:14:09.391064   28587 completion_queue.cc:800] Kick failed: UNKNOWN:eventfd_write: Bad file descriptor (9)
E0625 22:14:09.392957   28587 ev_epoll1_linux.cc:309] epoll_ctl failed: Bad file descriptor (9)
E0625 22:14:09.392980   28587 ev_epoll1_linux.cc:309] epoll_ctl failed: Bad file descriptor (9)
[92mINFO [0m:      Sent reply
[92mINFO [0m:      
[92mINFO [0m:      Received: evaluate message 67f16924-0d45-497d-9796-b217cc67724b
I0625 22:19:36.496025   65364 fork_posix.cc:71] Other threads are currently calling into gRPC, skipping fork() handlers
I0625 22:19:36.542299   29969 fork_posix.cc:71] Other threads are currently calling into gRPC, skipping fork() handlers
E0625 22:19:36.586914   30025 completion_queue.cc:800] Kick failed: UNKNOWN:eventfd_write: Bad file descriptor (9)
E0625 22:19:36.588733   30028 ev_epoll1_linux.cc:309] epoll_ctl failed: Bad file descriptor (9)
I0625 22:19:36.605767   65364 fork_posix.cc:71] Other threads are currently calling into gRPC, skipping fork() handlers
I0625 22:19:37.665433   29969 fork_posix.cc:71] Other threads are currently calling into gRPC, skipping fork() handlers
I0625 22:19:38.817509   29969 fork_posix.cc:71] Other threads are currently calling into gRPC, skipping fork() handlers
E0625 22:19:38.863201   30172 completion_queue.cc:800] Kick failed: UNKNOWN:eventfd_write: Bad file descriptor (9)
I0625 22:19:39.941338   29969 fork_posix.cc:71] Other threads are currently calling into gRPC, skipping fork() handlers
I0625 22:19:41.309958   29969 fork_posix.cc:71] Other threads are currently calling into gRPC, skipping fork() handlers
I0625 22:19:42.687737   29969 fork_posix.cc:71] Other threads are currently calling into gRPC, skipping fork() handlers
I0625 22:19:43.819666   29969 fork_posix.cc:71] Other threads are currently calling into gRPC, skipping fork() handlers
E0625 22:19:43.892786   30324 completion_queue.cc:800] Kick failed: UNKNOWN:eventfd_write: Bad file descriptor (9)
I0625 22:19:44.970004   29969 fork_posix.cc:71] Other threads are currently calling into gRPC, skipping fork() handlers
E0625 22:19:45.044014   30362 completion_queue.cc:800] Kick failed: UNKNOWN:eventfd_write: Bad file descriptor (9)
I0625 22:19:46.119124   29969 fork_posix.cc:71] Other threads are currently calling into gRPC, skipping fork() handlers
I0625 22:19:47.239736   29969 fork_posix.cc:71] Other threads are currently calling into gRPC, skipping fork() handlers
E0625 22:19:47.285503   30438 completion_queue.cc:800] Kick failed: UNKNOWN:eventfd_write: Bad file descriptor (9)
E0625 22:19:47.287412   30438 ev_epoll1_linux.cc:309] epoll_ctl failed: Bad file descriptor (9)
E0625 22:19:47.287439   30438 ev_epoll1_linux.cc:309] epoll_ctl failed: Bad file descriptor (9)
I0625 22:19:48.362905   29969 fork_posix.cc:71] Other threads are currently calling into gRPC, skipping fork() handlers
I0625 22:19:49.482660   29969 fork_posix.cc:71] Other threads are currently calling into gRPC, skipping fork() handlers
E0625 22:19:49.527666   30514 completion_queue.cc:800] Kick failed: UNKNOWN:eventfd_write: Bad file descriptor (9)
I0625 22:19:50.611860   29969 fork_posix.cc:71] Other threads are currently calling into gRPC, skipping fork() handlers
I0625 22:19:51.731532   29969 fork_posix.cc:71] Other threads are currently calling into gRPC, skipping fork() handlers
E0625 22:19:51.777140   30590 completion_queue.cc:800] Kick failed: UNKNOWN:eventfd_write: Bad file descriptor (9)
I0625 22:19:52.853383   29969 fork_posix.cc:71] Other threads are currently calling into gRPC, skipping fork() handlers
I0625 22:19:53.975136   29969 fork_posix.cc:71] Other threads are currently calling into gRPC, skipping fork() handlers
E0625 22:19:54.021605   30703 completion_queue.cc:800] Kick failed: UNKNOWN:eventfd_write: Bad file descriptor (9)
I0625 22:19:55.652542   29969 fork_posix.cc:71] Other threads are currently calling into gRPC, skipping fork() handlers
I0625 22:19:56.797072   29969 fork_posix.cc:71] Other threads are currently calling into gRPC, skipping fork() handlers
E0625 22:19:56.843477   30780 completion_queue.cc:800] Kick failed: UNKNOWN:eventfd_write: Bad file descriptor (9)
I0625 22:19:57.920011   29969 fork_posix.cc:71] Other threads are currently calling into gRPC, skipping fork() handlers
E0625 22:19:57.968108   30819 ev_epoll1_linux.cc:309] epoll_ctl failed: Bad file descriptor (9)
I0625 22:19:59.049958   29969 fork_posix.cc:71] Other threads are currently calling into gRPC, skipping fork() handlers
E0625 22:19:59.096253   30855 completion_queue.cc:800] Kick failed: UNKNOWN:eventfd_write: Bad file descriptor (9)
I0625 22:20:00.173736   29969 fork_posix.cc:71] Other threads are currently calling into gRPC, skipping fork() handlers
I0625 22:20:01.312900   29969 fork_posix.cc:71] Other threads are currently calling into gRPC, skipping fork() handlers
I0625 22:20:02.450460   29969 fork_posix.cc:71] Other threads are currently calling into gRPC, skipping fork() handlers
E0625 22:20:02.496867   30976 completion_queue.cc:800] Kick failed: UNKNOWN:eventfd_write: Bad file descriptor (9)
I0625 22:20:03.889950   29969 fork_posix.cc:71] Other threads are currently calling into gRPC, skipping fork() handlers
E0625 22:20:03.935736   31015 completion_queue.cc:800] Kick failed: UNKNOWN:eventfd_write: Bad file descriptor (9)
[92mINFO [0m:      Sent reply
[92mINFO [0m:      
[92mINFO [0m:      Received: train message a7004cfe-f95f-4482-8fa5-b3533385e30b
I0625 22:20:25.447355   65364 fork_posix.cc:71] Other threads are currently calling into gRPC, skipping fork() handlers
I0625 22:20:25.487355   31049 fork_posix.cc:71] Other threads are currently calling into gRPC, skipping fork() handlers
I0625 22:20:25.527760   65364 fork_posix.cc:71] Other threads are currently calling into gRPC, skipping fork() handlers
E0625 22:20:25.529194   31108 ev_epoll1_linux.cc:309] epoll_ctl failed: Bad file descriptor (9)
E0625 22:20:25.529299   31108 completion_queue.cc:800] Kick failed: UNKNOWN:eventfd_write: Bad file descriptor (9)
[92mINFO [0m:      Sent reply
[92mINFO [0m:      
[92mINFO [0m:      Received: evaluate message 0eaa4560-87da-402e-a8cb-3a398763f9b4
I0625 22:26:08.507206   65364 fork_posix.cc:71] Other threads are currently calling into gRPC, skipping fork() handlers
I0625 22:26:08.551687   31562 fork_posix.cc:71] Other threads are currently calling into gRPC, skipping fork() handlers
E0625 22:26:08.595397   31618 completion_queue.cc:800] Kick failed: UNKNOWN:eventfd_write: Bad file descriptor (9)
I0625 22:26:08.595898   65364 fork_posix.cc:71] Other threads are currently calling into gRPC, skipping fork() handlers
E0625 22:26:08.597306   31618 ev_epoll1_linux.cc:309] epoll_ctl failed: Bad file descriptor (9)
E0625 22:26:08.597332   31618 ev_epoll1_linux.cc:309] epoll_ctl failed: Bad file descriptor (9)
[92mINFO [0m:      Sent reply
[92mINFO [0m:      
[92mINFO [0m:      Received: train message fbed77c1-3589-44ee-9426-060bafc26924
I0625 22:27:02.628503   65364 fork_posix.cc:71] Other threads are currently calling into gRPC, skipping fork() handlers
I0625 22:27:02.688153   31761 fork_posix.cc:71] Other threads are currently calling into gRPC, skipping fork() handlers
I0625 22:27:02.727877   65364 fork_posix.cc:71] Other threads are currently calling into gRPC, skipping fork() handlers
E0625 22:27:02.729970   31817 ev_epoll1_linux.cc:309] epoll_ctl failed: Bad file descriptor (9)
E0625 22:27:02.730067   31817 completion_queue.cc:800] Kick failed: UNKNOWN:eventfd_write: Bad file descriptor (9)
[92mINFO [0m:      Sent reply
[92mINFO [0m:      
[92mINFO [0m:      Received: evaluate message 95c99b47-151f-4b1b-bba5-9cb28d812311
I0625 22:32:18.451135   65364 fork_posix.cc:71] Other threads are currently calling into gRPC, skipping fork() handlers
I0625 22:32:18.495526   32257 fork_posix.cc:71] Other threads are currently calling into gRPC, skipping fork() handlers
I0625 22:32:18.539273   65364 fork_posix.cc:71] Other threads are currently calling into gRPC, skipping fork() handlers
E0625 22:32:18.539357   32311 completion_queue.cc:800] Kick failed: UNKNOWN:eventfd_write: Bad file descriptor (9)
E0625 22:32:18.541211   32317 ev_epoll1_linux.cc:309] epoll_ctl failed: Bad file descriptor (9)
E0625 22:32:18.541233   32317 ev_epoll1_linux.cc:309] epoll_ctl failed: Bad file descriptor (9)
[92mINFO [0m:      Sent reply
[92mINFO [0m:      
[92mINFO [0m:      Received: train message 452179ab-8fad-4359-ae94-fa5759dc0993
I0625 22:34:19.441876   65364 fork_posix.cc:71] Other threads are currently calling into gRPC, skipping fork() handlers
I0625 22:34:19.500644   32529 fork_posix.cc:71] Other threads are currently calling into gRPC, skipping fork() handlers
I0625 22:34:19.540950   65364 fork_posix.cc:71] Other threads are currently calling into gRPC, skipping fork() handlers
E0625 22:34:19.542233   32589 ev_epoll1_linux.cc:309] epoll_ctl failed: Bad file descriptor (9)
E0625 22:34:19.542351   32589 completion_queue.cc:800] Kick failed: UNKNOWN:eventfd_write: Bad file descriptor (9)
[92mINFO [0m:      Sent reply
[92mINFO [0m:      
[92mINFO [0m:      Received: evaluate message 6824abb9-400f-4fa5-8f72-78d95b21e990
I0625 22:39:38.292104   33021 fork_posix.cc:71] Other threads are currently calling into gRPC, skipping fork() handlers
E0625 22:39:38.336816   33042 completion_queue.cc:800] Kick failed: UNKNOWN:eventfd_write: Bad file descriptor (9)
I0625 22:39:38.336815   65364 fork_posix.cc:71] Other threads are currently calling into gRPC, skipping fork() handlers
E0625 22:39:38.338708   33042 ev_epoll1_linux.cc:309] epoll_ctl failed: Bad file descriptor (9)
E0625 22:39:38.338733   33042 ev_epoll1_linux.cc:309] epoll_ctl failed: Bad file descriptor (9)
I0625 22:39:38.383226   65364 fork_posix.cc:71] Other threads are currently calling into gRPC, skipping fork() handlers
I0625 22:39:39.521454   33021 fork_posix.cc:71] Other threads are currently calling into gRPC, skipping fork() handlers
I0625 22:39:40.642339   33021 fork_posix.cc:71] Other threads are currently calling into gRPC, skipping fork() handlers
I0625 22:39:41.766348   33021 fork_posix.cc:71] Other threads are currently calling into gRPC, skipping fork() handlers
I0625 22:39:42.895692   33021 fork_posix.cc:71] Other threads are currently calling into gRPC, skipping fork() handlers
I0625 22:39:44.021409   33021 fork_posix.cc:71] Other threads are currently calling into gRPC, skipping fork() handlers
I0625 22:39:45.156260   33021 fork_posix.cc:71] Other threads are currently calling into gRPC, skipping fork() handlers
E0625 22:39:45.200634   33378 completion_queue.cc:800] Kick failed: UNKNOWN:eventfd_write: Bad file descriptor (9)
E0625 22:39:45.200640   33379 ev_epoll1_linux.cc:373] (event_engine) Epoll1Poller:0x55f7f48a3260 encountered epoll_wait error: Bad file descriptor
[92mINFO [0m:      Sent reply
[92mINFO [0m:      
[92mINFO [0m:      Received: train message 0b06ecd9-b636-4c39-bca8-8ca7c9f1ef9e
I0625 22:41:21.705374   65364 fork_posix.cc:71] Other threads are currently calling into gRPC, skipping fork() handlers
I0625 22:41:21.745310   33565 fork_posix.cc:71] Other threads are currently calling into gRPC, skipping fork() handlers
I0625 22:41:21.786614   65364 fork_posix.cc:71] Other threads are currently calling into gRPC, skipping fork() handlers
E0625 22:41:21.787953   33621 ev_epoll1_linux.cc:309] epoll_ctl failed: Bad file descriptor (9)
E0625 22:41:21.788055   33621 completion_queue.cc:800] Kick failed: UNKNOWN:eventfd_write: Bad file descriptor (9)
[92mINFO [0m:      Sent reply
[92mINFO [0m:      
[92mINFO [0m:      Received: evaluate message 48012fc3-c9b8-4581-aaf2-049bdf0f427f
I0625 22:46:35.370272   65364 fork_posix.cc:71] Other threads are currently calling into gRPC, skipping fork() handlers
I0625 22:46:35.415240   34046 fork_posix.cc:71] Other threads are currently calling into gRPC, skipping fork() handlers
E0625 22:46:35.460177   34103 completion_queue.cc:800] Kick failed: UNKNOWN:eventfd_write: Bad file descriptor (9)
E0625 22:46:35.462090   34107 ev_epoll1_linux.cc:309] epoll_ctl failed: Bad file descriptor (9)
I0625 22:46:35.479899   65364 fork_posix.cc:71] Other threads are currently calling into gRPC, skipping fork() handlers
[92mINFO [0m:      Sent reply
[92mINFO [0m:      
[92mINFO [0m:      Received: train message bfee62bf-3b89-4ff3-8877-c76d99651d17
I0625 22:47:25.748649   65364 fork_posix.cc:71] Other threads are currently calling into gRPC, skipping fork() handlers
I0625 22:47:25.807735   34240 fork_posix.cc:71] Other threads are currently calling into gRPC, skipping fork() handlers
I0625 22:47:25.847630   65364 fork_posix.cc:71] Other threads are currently calling into gRPC, skipping fork() handlers
E0625 22:47:25.849011   34296 ev_epoll1_linux.cc:309] epoll_ctl failed: Bad file descriptor (9)
E0625 22:47:25.849065   34296 ev_epoll1_linux.cc:309] epoll_ctl failed: Bad file descriptor (9)
E0625 22:47:25.849113   34296 completion_queue.cc:800] Kick failed: UNKNOWN:eventfd_write: Bad file descriptor (9)
[92mINFO [0m:      Sent reply
[92mINFO [0m:      
[92mINFO [0m:      Received: evaluate message f8ddf90e-e346-4f75-9280-aa433b7342d0
I0625 22:52:40.726534   65364 fork_posix.cc:71] Other threads are currently calling into gRPC, skipping fork() handlers
I0625 22:52:40.770654   35714 fork_posix.cc:71] Other threads are currently calling into gRPC, skipping fork() handlers
I0625 22:52:40.814835   65364 fork_posix.cc:71] Other threads are currently calling into gRPC, skipping fork() handlers
E0625 22:52:40.816113   35770 ev_epoll1_linux.cc:309] epoll_ctl failed: Bad file descriptor (9)
E0625 22:52:40.816208   35770 completion_queue.cc:800] Kick failed: UNKNOWN:eventfd_write: Bad file descriptor (9)
[92mINFO [0m:      Sent reply
[92mINFO [0m:      
[92mINFO [0m:      Received: train message 8a8d8c58-c9d4-40dc-a600-e8e095c96cf5
I0625 22:54:46.685095   65364 fork_posix.cc:71] Other threads are currently calling into gRPC, skipping fork() handlers
I0625 22:54:46.725226   36012 fork_posix.cc:71] Other threads are currently calling into gRPC, skipping fork() handlers
E0625 22:54:46.766968   36068 ev_epoll1_linux.cc:309] epoll_ctl failed: Bad file descriptor (9)
E0625 22:54:46.767073   36068 completion_queue.cc:800] Kick failed: UNKNOWN:eventfd_write: Bad file descriptor (9)
I0625 22:54:46.784534   65364 fork_posix.cc:71] Other threads are currently calling into gRPC, skipping fork() handlers
[92mINFO [0m:      Sent reply
[92mINFO [0m:      
[92mINFO [0m:      Received: evaluate message 19961201-9937-4c01-9a99-4eeac0821cb3
I0625 23:00:30.548096   65364 fork_posix.cc:71] Other threads are currently calling into gRPC, skipping fork() handlers
I0625 23:00:30.592393   65364 fork_posix.cc:71] Other threads are currently calling into gRPC, skipping fork() handlers
I0625 23:00:30.636627   36535 fork_posix.cc:71] Other threads are currently calling into gRPC, skipping fork() handlers
E0625 23:00:30.681931   36630 ev_epoll1_linux.cc:309] epoll_ctl failed: Bad file descriptor (9)
E0625 23:00:30.681991   36630 ev_epoll1_linux.cc:309] epoll_ctl failed: Bad file descriptor (9)
E0625 23:00:30.682044   36630 completion_queue.cc:800] Kick failed: UNKNOWN:eventfd_write: Bad file descriptor (9)
[92mINFO [0m:      Sent reply
[92mINFO [0m:      
[92mINFO [0m:      Received: train message f2a1b541-1d90-4bc1-be18-64cde54cc21c
I0625 23:01:23.527598   65364 fork_posix.cc:71] Other threads are currently calling into gRPC, skipping fork() handlers
I0625 23:01:23.568010   36761 fork_posix.cc:71] Other threads are currently calling into gRPC, skipping fork() handlers
I0625 23:01:23.609223   65364 fork_posix.cc:71] Other threads are currently calling into gRPC, skipping fork() handlers
E0625 23:01:23.610479   36817 ev_epoll1_linux.cc:309] epoll_ctl failed: Bad file descriptor (9)
E0625 23:01:23.610532   36817 ev_epoll1_linux.cc:309] epoll_ctl failed: Bad file descriptor (9)
E0625 23:01:23.610577   36817 completion_queue.cc:800] Kick failed: UNKNOWN:eventfd_write: Bad file descriptor (9)
[92mINFO [0m:      Sent reply
[92mINFO [0m:      
[92mINFO [0m:      Received: evaluate message 73629ecf-3402-42cf-a3b5-be01a1225668
I0625 23:06:34.942359   65364 fork_posix.cc:71] Other threads are currently calling into gRPC, skipping fork() handlers
I0625 23:06:34.987404   37255 fork_posix.cc:71] Other threads are currently calling into gRPC, skipping fork() handlers
E0625 23:06:35.032141   37310 completion_queue.cc:800] Kick failed: UNKNOWN:eventfd_write: Bad file descriptor (9)
I0625 23:06:35.032866   65364 fork_posix.cc:71] Other threads are currently calling into gRPC, skipping fork() handlers
E0625 23:06:35.033982   37314 ev_epoll1_linux.cc:309] epoll_ctl failed: Bad file descriptor (9)
[92mINFO [0m:      Sent reply
[92mINFO [0m:      
[92mINFO [0m:      Received: train message e704cba8-cbc8-403c-b4f8-d95454742da0
I0625 23:07:25.800569   65364 fork_posix.cc:71] Other threads are currently calling into gRPC, skipping fork() handlers
I0625 23:07:25.859575   37449 fork_posix.cc:71] Other threads are currently calling into gRPC, skipping fork() handlers
I0625 23:07:25.899698   65364 fork_posix.cc:71] Other threads are currently calling into gRPC, skipping fork() handlers
E0625 23:07:25.901028   37505 ev_epoll1_linux.cc:309] epoll_ctl failed: Bad file descriptor (9)
[92mINFO [0m:      Sent reply
[92mINFO [0m:      
[92mINFO [0m:      Received: evaluate message 4a488a15-72f1-4250-bc52-fcbcf3396174
I0625 23:12:40.311835   65364 fork_posix.cc:71] Other threads are currently calling into gRPC, skipping fork() handlers
I0625 23:12:40.357522   37935 fork_posix.cc:71] Other threads are currently calling into gRPC, skipping fork() handlers
E0625 23:12:40.404534   37994 ev_epoll1_linux.cc:309] epoll_ctl failed: Bad file descriptor (9)
I0625 23:12:40.422539   65364 fork_posix.cc:71] Other threads are currently calling into gRPC, skipping fork() handlers
[92mINFO [0m:      Sent reply
[92mINFO [0m:      
[92mINFO [0m:      Received: train message e39fec65-89f0-4f14-8e21-1928e01fbeb1
I0625 23:13:31.073334   38130 fork_posix.cc:71] Other threads are currently calling into gRPC, skipping fork() handlers
E0625 23:13:31.113410   38149 completion_queue.cc:800] Kick failed: UNKNOWN:eventfd_write: Bad file descriptor (9)
E0625 23:13:31.115291   38149 ev_epoll1_linux.cc:309] epoll_ctl failed: Bad file descriptor (9)
E0625 23:13:31.115315   38149 ev_epoll1_linux.cc:309] epoll_ctl failed: Bad file descriptor (9)
I0625 23:13:31.132965   65364 fork_posix.cc:71] Other threads are currently calling into gRPC, skipping fork() handlers
I0625 23:13:31.171090   65364 fork_posix.cc:71] Other threads are currently calling into gRPC, skipping fork() handlers
I0625 23:13:32.292539   38130 fork_posix.cc:71] Other threads are currently calling into gRPC, skipping fork() handlers
I0625 23:13:33.418810   38130 fork_posix.cc:71] Other threads are currently calling into gRPC, skipping fork() handlers
I0625 23:13:34.555200   38130 fork_posix.cc:71] Other threads are currently calling into gRPC, skipping fork() handlers
E0625 23:13:34.596267   38371 completion_queue.cc:800] Kick failed: UNKNOWN:eventfd_write: Bad file descriptor (9)
I0625 23:13:36.362780   38130 fork_posix.cc:71] Other threads are currently calling into gRPC, skipping fork() handlers
E0625 23:13:36.403923   38413 completion_queue.cc:800] Kick failed: UNKNOWN:eventfd_write: Bad file descriptor (9)
I0625 23:13:37.473897   38130 fork_posix.cc:71] Other threads are currently calling into gRPC, skipping fork() handlers
E0625 23:13:37.514685   38449 completion_queue.cc:800] Kick failed: UNKNOWN:eventfd_write: Bad file descriptor (9)
I0625 23:13:39.124807   38130 fork_posix.cc:71] Other threads are currently calling into gRPC, skipping fork() handlers
E0625 23:13:39.164811   38491 completion_queue.cc:800] Kick failed: UNKNOWN:eventfd_write: Bad file descriptor (9)
I0625 23:13:40.247789   38130 fork_posix.cc:71] Other threads are currently calling into gRPC, skipping fork() handlers
I0625 23:13:41.358841   38130 fork_posix.cc:71] Other threads are currently calling into gRPC, skipping fork() handlers
E0625 23:13:41.402406   38565 ev_epoll1_linux.cc:309] epoll_ctl failed: Bad file descriptor (9)
E0625 23:13:41.402487   38565 ev_epoll1_linux.cc:309] epoll_ctl failed: Bad file descriptor (9)
I0625 23:13:42.473012   38130 fork_posix.cc:71] Other threads are currently calling into gRPC, skipping fork() handlers
I0625 23:13:43.586102   38130 fork_posix.cc:71] Other threads are currently calling into gRPC, skipping fork() handlers
I0625 23:13:44.694888   38130 fork_posix.cc:71] Other threads are currently calling into gRPC, skipping fork() handlers
I0625 23:13:45.805845   38130 fork_posix.cc:71] Other threads are currently calling into gRPC, skipping fork() handlers
I0625 23:13:46.928031   38130 fork_posix.cc:71] Other threads are currently calling into gRPC, skipping fork() handlers
I0625 23:13:48.043449   38130 fork_posix.cc:71] Other threads are currently calling into gRPC, skipping fork() handlers
E0625 23:13:48.083790   38794 completion_queue.cc:800] Kick failed: UNKNOWN:eventfd_write: Bad file descriptor (9)
I0625 23:13:49.188137   38130 fork_posix.cc:71] Other threads are currently calling into gRPC, skipping fork() handlers
E0625 23:13:49.228774   38832 completion_queue.cc:800] Kick failed: UNKNOWN:eventfd_write: Bad file descriptor (9)
I0625 23:13:50.303969   38130 fork_posix.cc:71] Other threads are currently calling into gRPC, skipping fork() handlers
E0625 23:13:50.344621   38870 completion_queue.cc:800] Kick failed: UNKNOWN:eventfd_write: Bad file descriptor (9)
I0625 23:13:51.413950   38130 fork_posix.cc:71] Other threads are currently calling into gRPC, skipping fork() handlers
E0625 23:13:51.454330   38908 completion_queue.cc:800] Kick failed: UNKNOWN:eventfd_write: Bad file descriptor (9)
E0625 23:13:51.456276   38911 ev_epoll1_linux.cc:309] epoll_ctl failed: Bad file descriptor (9)
E0625 23:13:51.456303   38911 ev_epoll1_linux.cc:309] epoll_ctl failed: Bad file descriptor (9)
[mutex.cc : 2443] RAW: Check w->waitp->cond == nullptr failed: Mutex::Fer while waiting on Condition
I0625 23:15:08.454024   38130 fork_posix.cc:71] Other threads are currently calling into gRPC, skipping fork() handlers
E0625 23:15:08.494314   39017 completion_queue.cc:800] Kick failed: UNKNOWN:eventfd_write: Bad file descriptor (9)
E0625 23:15:08.496154   39017 ev_epoll1_linux.cc:309] epoll_ctl failed: Bad file descriptor (9)
E0625 23:15:08.496179   39017 ev_epoll1_linux.cc:309] epoll_ctl failed: Bad file descriptor (9)
I0625 23:15:09.565115   38130 fork_posix.cc:71] Other threads are currently calling into gRPC, skipping fork() handlers
I0625 23:15:10.822949   38130 fork_posix.cc:71] Other threads are currently calling into gRPC, skipping fork() handlers
I0625 23:15:11.928190   38130 fork_posix.cc:71] Other threads are currently calling into gRPC, skipping fork() handlers
E0625 23:15:11.967560   39131 completion_queue.cc:800] Kick failed: UNKNOWN:eventfd_write: Bad file descriptor (9)
I0625 23:15:13.037883   38130 fork_posix.cc:71] Other threads are currently calling into gRPC, skipping fork() handlers
I0625 23:15:14.188966   38130 fork_posix.cc:71] Other threads are currently calling into gRPC, skipping fork() handlers
I0625 23:15:15.463568   38130 fork_posix.cc:71] Other threads are currently calling into gRPC, skipping fork() handlers
I0625 23:15:16.576766   38130 fork_posix.cc:71] Other threads are currently calling into gRPC, skipping fork() handlers
E0625 23:15:16.616320   39283 completion_queue.cc:800] Kick failed: UNKNOWN:eventfd_write: Bad file descriptor (9)
I0625 23:15:17.709797   38130 fork_posix.cc:71] Other threads are currently calling into gRPC, skipping fork() handlers
I0625 23:15:18.818252   38130 fork_posix.cc:71] Other threads are currently calling into gRPC, skipping fork() handlers
E0625 23:15:18.857663   39365 completion_queue.cc:800] Kick failed: UNKNOWN:eventfd_write: Bad file descriptor (9)
E0625 23:15:18.859514   39365 ev_epoll1_linux.cc:309] epoll_ctl failed: Bad file descriptor (9)
E0625 23:15:18.859542   39365 ev_epoll1_linux.cc:309] epoll_ctl failed: Bad file descriptor (9)
I0625 23:15:19.935791   38130 fork_posix.cc:71] Other threads are currently calling into gRPC, skipping fork() handlers
I0625 23:15:21.042993   38130 fork_posix.cc:71] Other threads are currently calling into gRPC, skipping fork() handlers
E0625 23:15:21.081862   39440 completion_queue.cc:800] Kick failed: UNKNOWN:eventfd_write: Bad file descriptor (9)
I0625 23:15:22.153877   38130 fork_posix.cc:71] Other threads are currently calling into gRPC, skipping fork() handlers
I0625 23:15:23.267767   38130 fork_posix.cc:71] Other threads are currently calling into gRPC, skipping fork() handlers
E0625 23:15:23.306999   39517 completion_queue.cc:800] Kick failed: UNKNOWN:eventfd_write: Bad file descriptor (9)
I0625 23:15:24.375597   38130 fork_posix.cc:71] Other threads are currently calling into gRPC, skipping fork() handlers
I0625 23:15:25.484945   38130 fork_posix.cc:71] Other threads are currently calling into gRPC, skipping fork() handlers
E0625 23:15:25.524745   39593 completion_queue.cc:800] Kick failed: UNKNOWN:eventfd_write: Bad file descriptor (9)
I0625 23:15:26.912444   38130 fork_posix.cc:71] Other threads are currently calling into gRPC, skipping fork() handlers
E0625 23:15:26.951700   39631 completion_queue.cc:800] Kick failed: UNKNOWN:eventfd_write: Bad file descriptor (9)
I0625 23:15:28.026565   38130 fork_posix.cc:71] Other threads are currently calling into gRPC, skipping fork() handlers
E0625 23:15:28.065517   39669 completion_queue.cc:800] Kick failed: UNKNOWN:eventfd_write: Bad file descriptor (9)
I0625 23:15:29.452432   38130 fork_posix.cc:71] Other threads are currently calling into gRPC, skipping fork() handlers
E0625 23:15:29.492150   39705 completion_queue.cc:800] Kick failed: UNKNOWN:eventfd_write: Bad file descriptor (9)
E0625 23:15:29.494052   39705 ev_epoll1_linux.cc:309] epoll_ctl failed: Bad file descriptor (9)
E0625 23:15:29.494082   39705 ev_epoll1_linux.cc:309] epoll_ctl failed: Bad file descriptor (9)
I0625 23:15:30.602841   38130 fork_posix.cc:71] Other threads are currently calling into gRPC, skipping fork() handlers
I0625 23:15:32.248041   38130 fork_posix.cc:71] Other threads are currently calling into gRPC, skipping fork() handlers
I0625 23:15:33.370120   38130 fork_posix.cc:71] Other threads are currently calling into gRPC, skipping fork() handlers
E0625 23:15:33.409023   39823 completion_queue.cc:800] Kick failed: UNKNOWN:eventfd_write: Bad file descriptor (9)
I0625 23:15:34.890041   38130 fork_posix.cc:71] Other threads are currently calling into gRPC, skipping fork() handlers
I0625 23:15:35.995892   38130 fork_posix.cc:71] Other threads are currently calling into gRPC, skipping fork() handlers
E0625 23:15:36.035182   39900 completion_queue.cc:800] Kick failed: UNKNOWN:eventfd_write: Bad file descriptor (9)
I0625 23:15:37.103471   38130 fork_posix.cc:71] Other threads are currently calling into gRPC, skipping fork() handlers
I0625 23:15:38.210700   38130 fork_posix.cc:71] Other threads are currently calling into gRPC, skipping fork() handlers
E0625 23:15:38.249993   39975 completion_queue.cc:800] Kick failed: UNKNOWN:eventfd_write: Bad file descriptor (9)
I0625 23:15:39.318032   38130 fork_posix.cc:71] Other threads are currently calling into gRPC, skipping fork() handlers
I0625 23:15:40.431741   38130 fork_posix.cc:71] Other threads are currently calling into gRPC, skipping fork() handlers
E0625 23:15:40.470966   40051 completion_queue.cc:800] Kick failed: UNKNOWN:eventfd_write: Bad file descriptor (9)
E0625 23:15:40.472894   40054 ev_epoll1_linux.cc:309] epoll_ctl failed: Bad file descriptor (9)
[mutex.cc : 2443] RAW: Check w->waitp->cond == nullptr failed: Mutex::Fer while waiting on Condition
I0625 23:16:51.465732   38130 fork_posix.cc:71] Other threads are currently calling into gRPC, skipping fork() handlers
E0625 23:16:51.528605   40161 completion_queue.cc:800] Kick failed: UNKNOWN:eventfd_write: Bad file descriptor (9)
E0625 23:16:51.530480   40164 ev_epoll1_linux.cc:309] epoll_ctl failed: Bad file descriptor (9)
[mutex.cc : 2443] RAW: Check w->waitp->cond == nullptr failed: Mutex::Fer while waiting on Condition
[92mINFO [0m:      Sent reply
[92mINFO [0m:      
[92mINFO [0m:      Received: evaluate message 1074be0e-d7ca-4d43-bc27-461162dc4d74
I0625 23:18:47.980729   65364 fork_posix.cc:71] Other threads are currently calling into gRPC, skipping fork() handlers
I0625 23:18:48.024660   41309 fork_posix.cc:71] Other threads are currently calling into gRPC, skipping fork() handlers
E0625 23:18:48.069498   41371 ev_epoll1_linux.cc:309] epoll_ctl failed: Bad file descriptor (9)
I0625 23:18:48.086924   65364 fork_posix.cc:71] Other threads are currently calling into gRPC, skipping fork() handlers
[92mINFO [0m:      Sent reply
[92mINFO [0m:      
[92mINFO [0m:      Received: train message 507db1c9-e9fb-452c-9c4d-1b34927d9e72
I0625 23:19:39.499526   65364 fork_posix.cc:71] Other threads are currently calling into gRPC, skipping fork() handlers
I0625 23:19:39.558490   41504 fork_posix.cc:71] Other threads are currently calling into gRPC, skipping fork() handlers
E0625 23:19:39.597279   41560 completion_queue.cc:800] Kick failed: UNKNOWN:eventfd_write: Bad file descriptor (9)
I0625 23:19:39.597337   65364 fork_posix.cc:71] Other threads are currently calling into gRPC, skipping fork() handlers
E0625 23:19:39.599149   41563 ev_epoll1_linux.cc:309] epoll_ctl failed: Bad file descriptor (9)
E0625 23:19:39.599172   41563 ev_epoll1_linux.cc:309] epoll_ctl failed: Bad file descriptor (9)
[92mINFO [0m:      Sent reply
[92mINFO [0m:      
[92mINFO [0m:      Received: evaluate message 2a3eefb2-ad6f-4c12-ae10-a3377a36bb59
I0625 23:24:52.651129   65364 fork_posix.cc:71] Other threads are currently calling into gRPC, skipping fork() handlers
I0625 23:24:52.696620   41987 fork_posix.cc:71] Other threads are currently calling into gRPC, skipping fork() handlers
I0625 23:24:52.741877   65364 fork_posix.cc:71] Other threads are currently calling into gRPC, skipping fork() handlers
E0625 23:24:52.743745   42046 ev_epoll1_linux.cc:309] epoll_ctl failed: Bad file descriptor (9)
E0625 23:24:52.743798   42046 ev_epoll1_linux.cc:309] epoll_ctl failed: Bad file descriptor (9)
E0625 23:24:52.743852   42046 completion_queue.cc:800] Kick failed: UNKNOWN:eventfd_write: Bad file descriptor (9)
[92mINFO [0m:      Sent reply
[92mINFO [0m:      
[92mINFO [0m:      Received: train message f52cea6b-4a7a-453f-bb52-825b558e6e00
I0625 23:25:45.098824   65364 fork_posix.cc:71] Other threads are currently calling into gRPC, skipping fork() handlers
I0625 23:25:45.139370   42185 fork_posix.cc:71] Other threads are currently calling into gRPC, skipping fork() handlers
I0625 23:25:45.179004   65364 fork_posix.cc:71] Other threads are currently calling into gRPC, skipping fork() handlers
E0625 23:25:45.180982   42241 ev_epoll1_linux.cc:309] epoll_ctl failed: Bad file descriptor (9)
E0625 23:25:45.181036   42241 ev_epoll1_linux.cc:309] epoll_ctl failed: Bad file descriptor (9)
E0625 23:25:45.181089   42241 completion_queue.cc:800] Kick failed: UNKNOWN:eventfd_write: Bad file descriptor (9)
[92mINFO [0m:      Sent reply
[92mINFO [0m:      
[92mINFO [0m:      Received: evaluate message 05f4a2aa-68f1-4878-a4c2-5fbe1ae9e1e5
I0625 23:31:05.189717   65364 fork_posix.cc:71] Other threads are currently calling into gRPC, skipping fork() handlers
I0625 23:31:05.254335   42685 fork_posix.cc:71] Other threads are currently calling into gRPC, skipping fork() handlers
I0625 23:31:05.299580   65364 fork_posix.cc:71] Other threads are currently calling into gRPC, skipping fork() handlers
E0625 23:31:05.300807   42741 ev_epoll1_linux.cc:309] epoll_ctl failed: Bad file descriptor (9)
E0625 23:31:05.300862   42741 ev_epoll1_linux.cc:309] epoll_ctl failed: Bad file descriptor (9)
E0625 23:31:05.300912   42741 completion_queue.cc:800] Kick failed: UNKNOWN:eventfd_write: Bad file descriptor (9)
[92mINFO [0m:      Sent reply
[92mINFO [0m:      
[92mINFO [0m:      Received: train message 9aedda29-a898-4ab9-b949-bf8b0cddef4a
I0625 23:31:58.363273   65364 fork_posix.cc:71] Other threads are currently calling into gRPC, skipping fork() handlers
I0625 23:31:58.403660   42886 fork_posix.cc:71] Other threads are currently calling into gRPC, skipping fork() handlers
E0625 23:31:58.445439   42941 ev_epoll1_linux.cc:309] epoll_ctl failed: Bad file descriptor (9)
E0625 23:31:58.445543   42941 completion_queue.cc:800] Kick failed: UNKNOWN:eventfd_write: Bad file descriptor (9)
I0625 23:31:58.462444   65364 fork_posix.cc:71] Other threads are currently calling into gRPC, skipping fork() handlers
[92mINFO [0m:      Sent reply
[92mINFO [0m:      
[92mINFO [0m:      Received: evaluate message 672e17a4-6e86-4bfa-a00b-788d54d726af
I0625 23:37:12.559755   43382 fork_posix.cc:71] Other threads are currently calling into gRPC, skipping fork() handlers
I0625 23:37:12.604428   65364 fork_posix.cc:71] Other threads are currently calling into gRPC, skipping fork() handlers
E0625 23:37:12.606621   43404 ev_epoll1_linux.cc:309] epoll_ctl failed: Bad file descriptor (9)
I0625 23:37:12.651328   65364 fork_posix.cc:71] Other threads are currently calling into gRPC, skipping fork() handlers
[92mINFO [0m:      Sent reply
[92mINFO [0m:      
[92mINFO [0m:      Received: train message 9764f130-300a-4ba3-a5e4-0a3d3e7cef62
I0625 23:38:05.200876   65364 fork_posix.cc:71] Other threads are currently calling into gRPC, skipping fork() handlers
I0625 23:38:05.242418   43579 fork_posix.cc:71] Other threads are currently calling into gRPC, skipping fork() handlers
I0625 23:38:05.284623   65364 fork_posix.cc:71] Other threads are currently calling into gRPC, skipping fork() handlers
E0625 23:38:05.285997   43635 ev_epoll1_linux.cc:309] epoll_ctl failed: Bad file descriptor (9)
E0625 23:38:05.286051   43635 ev_epoll1_linux.cc:309] epoll_ctl failed: Bad file descriptor (9)
E0625 23:38:05.286097   43635 completion_queue.cc:800] Kick failed: UNKNOWN:eventfd_write: Bad file descriptor (9)
[92mINFO [0m:      Sent reply
[92mINFO [0m:      
[92mINFO [0m:      Received: evaluate message c6417db2-413b-4c80-84d5-fb98f4caf667
I0625 23:43:25.933433   65364 fork_posix.cc:71] Other threads are currently calling into gRPC, skipping fork() handlers
I0625 23:43:25.997985   44156 fork_posix.cc:71] Other threads are currently calling into gRPC, skipping fork() handlers
I0625 23:43:26.041997   65364 fork_posix.cc:71] Other threads are currently calling into gRPC, skipping fork() handlers
E0625 23:43:26.042212   44213 completion_queue.cc:800] Kick failed: UNKNOWN:eventfd_write: Bad file descriptor (9)
E0625 23:43:26.044012   44213 ev_epoll1_linux.cc:309] epoll_ctl failed: Bad file descriptor (9)
E0625 23:43:26.044035   44213 ev_epoll1_linux.cc:309] epoll_ctl failed: Bad file descriptor (9)
[92mINFO [0m:      Sent reply
[92mINFO [0m:      
[92mINFO [0m:      Received: train message 2bb0b9f5-4236-4ae7-9f40-83068715d966
I0625 23:44:20.900520   65364 fork_posix.cc:71] Other threads are currently calling into gRPC, skipping fork() handlers
I0625 23:44:20.960409   44353 fork_posix.cc:71] Other threads are currently calling into gRPC, skipping fork() handlers
I0625 23:44:21.000952   65364 fork_posix.cc:71] Other threads are currently calling into gRPC, skipping fork() handlers
E0625 23:44:21.002272   44409 ev_epoll1_linux.cc:309] epoll_ctl failed: Bad file descriptor (9)
E0625 23:44:21.002327   44409 ev_epoll1_linux.cc:309] epoll_ctl failed: Bad file descriptor (9)
E0625 23:44:21.002378   44409 completion_queue.cc:800] Kick failed: UNKNOWN:eventfd_write: Bad file descriptor (9)
[92mINFO [0m:      Sent reply
[92mINFO [0m:      
[92mINFO [0m:      Received: evaluate message 52236f00-2b39-46fe-843a-3eb46afbdaf9
I0625 23:49:40.465543   65364 fork_posix.cc:71] Other threads are currently calling into gRPC, skipping fork() handlers
I0625 23:49:40.528890   45825 fork_posix.cc:71] Other threads are currently calling into gRPC, skipping fork() handlers
I0625 23:49:40.572445   65364 fork_posix.cc:71] Other threads are currently calling into gRPC, skipping fork() handlers
E0625 23:49:40.573768   45881 ev_epoll1_linux.cc:309] epoll_ctl failed: Bad file descriptor (9)
E0625 23:49:40.573877   45881 completion_queue.cc:800] Kick failed: UNKNOWN:eventfd_write: Bad file descriptor (9)
[92mINFO [0m:      Sent reply
[92mINFO [0m:      
[92mINFO [0m:      Received: train message 018bb5e6-9220-40cf-9f0a-8af544313863
I0625 23:50:30.827263   65364 fork_posix.cc:71] Other threads are currently calling into gRPC, skipping fork() handlers
I0625 23:50:30.886639   46018 fork_posix.cc:71] Other threads are currently calling into gRPC, skipping fork() handlers
I0625 23:50:30.925972   65364 fork_posix.cc:71] Other threads are currently calling into gRPC, skipping fork() handlers
E0625 23:50:30.926348   46075 completion_queue.cc:800] Kick failed: UNKNOWN:eventfd_write: Bad file descriptor (9)
[92mINFO [0m:      Sent reply
[92mINFO [0m:      
[92mINFO [0m:      Received: evaluate message b7e721c4-a505-42b2-ad42-e49cd13de448
I0625 23:55:48.577574   65364 fork_posix.cc:71] Other threads are currently calling into gRPC, skipping fork() handlers
I0625 23:55:48.641681   46518 fork_posix.cc:71] Other threads are currently calling into gRPC, skipping fork() handlers
I0625 23:55:48.685108   65364 fork_posix.cc:71] Other threads are currently calling into gRPC, skipping fork() handlers
E0625 23:55:48.687031   46578 ev_epoll1_linux.cc:309] epoll_ctl failed: Bad file descriptor (9)
E0625 23:55:48.687134   46578 completion_queue.cc:800] Kick failed: UNKNOWN:eventfd_write: Bad file descriptor (9)
I0625 23:55:49.758755   46518 fork_posix.cc:71] Other threads are currently calling into gRPC, skipping fork() handlers
I0625 23:55:51.120568   46518 fork_posix.cc:71] Other threads are currently calling into gRPC, skipping fork() handlers
I0625 23:55:52.777144   46518 fork_posix.cc:71] Other threads are currently calling into gRPC, skipping fork() handlers
E0625 23:55:52.821548   46761 completion_queue.cc:800] Kick failed: UNKNOWN:eventfd_write: Bad file descriptor (9)
I0625 23:55:53.897986   46518 fork_posix.cc:71] Other threads are currently calling into gRPC, skipping fork() handlers
E0625 23:55:53.942141   46799 completion_queue.cc:800] Kick failed: UNKNOWN:eventfd_write: Bad file descriptor (9)
I0625 23:55:55.017870   46518 fork_posix.cc:71] Other threads are currently calling into gRPC, skipping fork() handlers
I0625 23:55:56.149826   46518 fork_posix.cc:71] Other threads are currently calling into gRPC, skipping fork() handlers
E0625 23:55:56.194535   46874 completion_queue.cc:800] Kick failed: UNKNOWN:eventfd_write: Bad file descriptor (9)
I0625 23:55:57.268767   46518 fork_posix.cc:71] Other threads are currently calling into gRPC, skipping fork() handlers
I0625 23:55:58.386064   46518 fork_posix.cc:71] Other threads are currently calling into gRPC, skipping fork() handlers
E0625 23:55:58.430522   46950 completion_queue.cc:800] Kick failed: UNKNOWN:eventfd_write: Bad file descriptor (9)
I0625 23:55:59.503559   46518 fork_posix.cc:71] Other threads are currently calling into gRPC, skipping fork() handlers
E0625 23:55:59.549907   46989 ev_epoll1_linux.cc:309] epoll_ctl failed: Bad file descriptor (9)
I0625 23:56:00.627821   46518 fork_posix.cc:71] Other threads are currently calling into gRPC, skipping fork() handlers
E0625 23:56:00.671828   47026 completion_queue.cc:800] Kick failed: UNKNOWN:eventfd_write: Bad file descriptor (9)
I0625 23:56:02.280735   46518 fork_posix.cc:71] Other threads are currently calling into gRPC, skipping fork() handlers
I0625 23:56:03.399203   46518 fork_posix.cc:71] Other threads are currently calling into gRPC, skipping fork() handlers
E0625 23:56:03.443160   47105 completion_queue.cc:800] Kick failed: UNKNOWN:eventfd_write: Bad file descriptor (9)
I0625 23:56:04.515971   46518 fork_posix.cc:71] Other threads are currently calling into gRPC, skipping fork() handlers
I0625 23:56:05.892665   46518 fork_posix.cc:71] Other threads are currently calling into gRPC, skipping fork() handlers
E0625 23:56:05.937087   47183 completion_queue.cc:800] Kick failed: UNKNOWN:eventfd_write: Bad file descriptor (9)
I0625 23:56:07.014160   46518 fork_posix.cc:71] Other threads are currently calling into gRPC, skipping fork() handlers
E0625 23:56:07.079190   47219 completion_queue.cc:800] Kick failed: UNKNOWN:eventfd_write: Bad file descriptor (9)
I0625 23:56:08.173925   46518 fork_posix.cc:71] Other threads are currently calling into gRPC, skipping fork() handlers
E0625 23:56:08.218269   47257 completion_queue.cc:800] Kick failed: UNKNOWN:eventfd_write: Bad file descriptor (9)
I0625 23:56:09.295083   46518 fork_posix.cc:71] Other threads are currently calling into gRPC, skipping fork() handlers
E0625 23:56:09.339553   47295 completion_queue.cc:800] Kick failed: UNKNOWN:eventfd_write: Bad file descriptor (9)
I0625 23:56:10.413908   46518 fork_posix.cc:71] Other threads are currently calling into gRPC, skipping fork() handlers
E0625 23:56:10.458493   47334 completion_queue.cc:800] Kick failed: UNKNOWN:eventfd_write: Bad file descriptor (9)
E0625 23:56:10.460482   47334 ev_epoll1_linux.cc:309] epoll_ctl failed: Bad file descriptor (9)
E0625 23:56:10.460507   47334 ev_epoll1_linux.cc:309] epoll_ctl failed: Bad file descriptor (9)
I0625 23:56:11.553178   46518 fork_posix.cc:71] Other threads are currently calling into gRPC, skipping fork() handlers
E0625 23:56:11.597349   47372 completion_queue.cc:800] Kick failed: UNKNOWN:eventfd_write: Bad file descriptor (9)
I0625 23:56:12.671979   46518 fork_posix.cc:71] Other threads are currently calling into gRPC, skipping fork() handlers
E0625 23:56:12.716251   47411 completion_queue.cc:800] Kick failed: UNKNOWN:eventfd_write: Bad file descriptor (9)
I0625 23:56:13.792763   46518 fork_posix.cc:71] Other threads are currently calling into gRPC, skipping fork() handlers
E0625 23:56:13.836233   47451 completion_queue.cc:800] Kick failed: UNKNOWN:eventfd_write: Bad file descriptor (9)
I0625 23:56:14.912928   46518 fork_posix.cc:71] Other threads are currently calling into gRPC, skipping fork() handlers
E0625 23:56:14.956812   47488 completion_queue.cc:800] Kick failed: UNKNOWN:eventfd_write: Bad file descriptor (9)
I0625 23:56:16.031768   46518 fork_posix.cc:71] Other threads are currently calling into gRPC, skipping fork() handlers
E0625 23:56:16.075573   47529 completion_queue.cc:800] Kick failed: UNKNOWN:eventfd_write: Bad file descriptor (9)
[92mINFO [0m:      Sent reply
[92mINFO [0m:      
[92mINFO [0m:      Received: train message 2d5b6da4-d149-47bb-94f2-f6e841af85c0
I0625 23:56:34.186211   65364 fork_posix.cc:71] Other threads are currently calling into gRPC, skipping fork() handlers
I0625 23:56:34.227120   47566 fork_posix.cc:71] Other threads are currently calling into gRPC, skipping fork() handlers
I0625 23:56:34.267161   65364 fork_posix.cc:71] Other threads are currently calling into gRPC, skipping fork() handlers
E0625 23:56:34.269085   47625 ev_epoll1_linux.cc:309] epoll_ctl failed: Bad file descriptor (9)
E0625 23:56:34.269188   47625 completion_queue.cc:800] Kick failed: UNKNOWN:eventfd_write: Bad file descriptor (9)
[92mINFO [0m:      Sent reply
[92mINFO [0m:      
[92mINFO [0m:      Received: evaluate message ac83fe84-7aae-41bc-a0e0-30cac76a3deb
I0626 00:01:57.547053   65364 fork_posix.cc:71] Other threads are currently calling into gRPC, skipping fork() handlers
I0626 00:01:57.611474   48101 fork_posix.cc:71] Other threads are currently calling into gRPC, skipping fork() handlers
E0626 00:01:57.656112   48157 completion_queue.cc:800] Kick failed: UNKNOWN:eventfd_write: Bad file descriptor (9)
I0626 00:01:57.656881   65364 fork_posix.cc:71] Other threads are currently calling into gRPC, skipping fork() handlers
E0626 00:01:57.657929   48157 ev_epoll1_linux.cc:309] epoll_ctl failed: Bad file descriptor (9)
I0626 00:01:58.975035   48101 fork_posix.cc:71] Other threads are currently calling into gRPC, skipping fork() handlers
I0626 00:02:00.092878   48101 fork_posix.cc:71] Other threads are currently calling into gRPC, skipping fork() handlers
E0626 00:02:00.138473   48304 completion_queue.cc:800] Kick failed: UNKNOWN:eventfd_write: Bad file descriptor (9)
I0626 00:02:01.214295   48101 fork_posix.cc:71] Other threads are currently calling into gRPC, skipping fork() handlers
I0626 00:02:02.344049   48101 fork_posix.cc:71] Other threads are currently calling into gRPC, skipping fork() handlers
E0626 00:02:02.389497   48382 completion_queue.cc:800] Kick failed: UNKNOWN:eventfd_write: Bad file descriptor (9)
I0626 00:02:03.464632   48101 fork_posix.cc:71] Other threads are currently calling into gRPC, skipping fork() handlers
I0626 00:02:04.616988   48101 fork_posix.cc:71] Other threads are currently calling into gRPC, skipping fork() handlers
I0626 00:02:05.740853   48101 fork_posix.cc:71] Other threads are currently calling into gRPC, skipping fork() handlers
E0626 00:02:05.786663   48496 completion_queue.cc:800] Kick failed: UNKNOWN:eventfd_write: Bad file descriptor (9)
I0626 00:02:07.398721   48101 fork_posix.cc:71] Other threads are currently calling into gRPC, skipping fork() handlers
E0626 00:02:07.445106   48535 completion_queue.cc:800] Kick failed: UNKNOWN:eventfd_write: Bad file descriptor (9)
I0626 00:02:08.566422   48101 fork_posix.cc:71] Other threads are currently calling into gRPC, skipping fork() handlers
E0626 00:02:08.612325   48572 completion_queue.cc:800] Kick failed: UNKNOWN:eventfd_write: Bad file descriptor (9)
E0626 00:02:08.614250   48576 ev_epoll1_linux.cc:309] epoll_ctl failed: Bad file descriptor (9)
I0626 00:02:09.690975   48101 fork_posix.cc:71] Other threads are currently calling into gRPC, skipping fork() handlers
E0626 00:02:09.736893   48610 completion_queue.cc:800] Kick failed: UNKNOWN:eventfd_write: Bad file descriptor (9)
I0626 00:02:10.811934   48101 fork_posix.cc:71] Other threads are currently calling into gRPC, skipping fork() handlers
E0626 00:02:10.858383   48648 completion_queue.cc:800] Kick failed: UNKNOWN:eventfd_write: Bad file descriptor (9)
I0626 00:02:11.938906   48101 fork_posix.cc:71] Other threads are currently calling into gRPC, skipping fork() handlers
E0626 00:02:11.984884   48686 completion_queue.cc:800] Kick failed: UNKNOWN:eventfd_write: Bad file descriptor (9)
I0626 00:02:13.059304   48101 fork_posix.cc:71] Other threads are currently calling into gRPC, skipping fork() handlers
E0626 00:02:13.105314   48724 completion_queue.cc:800] Kick failed: UNKNOWN:eventfd_write: Bad file descriptor (9)
I0626 00:02:14.189312   48101 fork_posix.cc:71] Other threads are currently calling into gRPC, skipping fork() handlers
E0626 00:02:14.234633   48762 completion_queue.cc:800] Kick failed: UNKNOWN:eventfd_write: Bad file descriptor (9)
I0626 00:02:15.723474   48101 fork_posix.cc:71] Other threads are currently calling into gRPC, skipping fork() handlers
I0626 00:02:16.844049   48101 fork_posix.cc:71] Other threads are currently calling into gRPC, skipping fork() handlers
I0626 00:02:17.978362   48101 fork_posix.cc:71] Other threads are currently calling into gRPC, skipping fork() handlers
I0626 00:02:19.117578   48101 fork_posix.cc:71] Other threads are currently calling into gRPC, skipping fork() handlers
E0626 00:02:19.163614   48914 completion_queue.cc:800] Kick failed: UNKNOWN:eventfd_write: Bad file descriptor (9)
E0626 00:02:19.165491   48917 ev_epoll1_linux.cc:309] epoll_ctl failed: Bad file descriptor (9)
[mutex.cc : 2443] RAW: Check w->waitp->cond == nullptr failed: Mutex::Fer while waiting on Condition
[92mINFO [0m:      Sent reply
[92mINFO [0m:      
[92mINFO [0m:      Received: train message 3eba7b35-6732-4af5-b29c-8427e64f437a
I0626 00:03:51.319908   65364 fork_posix.cc:71] Other threads are currently calling into gRPC, skipping fork() handlers
I0626 00:03:51.359864   49073 fork_posix.cc:71] Other threads are currently calling into gRPC, skipping fork() handlers
I0626 00:03:51.400491   65364 fork_posix.cc:71] Other threads are currently calling into gRPC, skipping fork() handlers
E0626 00:03:51.401845   49133 ev_epoll1_linux.cc:309] epoll_ctl failed: Bad file descriptor (9)
E0626 00:03:51.401901   49133 ev_epoll1_linux.cc:309] epoll_ctl failed: Bad file descriptor (9)
E0626 00:03:51.401974   49133 completion_queue.cc:800] Kick failed: UNKNOWN:eventfd_write: Bad file descriptor (9)
I0626 00:03:52.468492   49073 fork_posix.cc:71] Other threads are currently calling into gRPC, skipping fork() handlers
I0626 00:03:53.579210   49073 fork_posix.cc:71] Other threads are currently calling into gRPC, skipping fork() handlers
E0626 00:03:53.633091   49275 completion_queue.cc:800] Kick failed: UNKNOWN:eventfd_write: Bad file descriptor (9)
I0626 00:03:54.707763   49073 fork_posix.cc:71] Other threads are currently calling into gRPC, skipping fork() handlers
I0626 00:03:55.817902   49073 fork_posix.cc:71] Other threads are currently calling into gRPC, skipping fork() handlers
E0626 00:03:55.858425   49351 completion_queue.cc:800] Kick failed: UNKNOWN:eventfd_write: Bad file descriptor (9)
I0626 00:03:56.948307   49073 fork_posix.cc:71] Other threads are currently calling into gRPC, skipping fork() handlers
I0626 00:03:58.061384   49073 fork_posix.cc:71] Other threads are currently calling into gRPC, skipping fork() handlers
E0626 00:03:58.101905   49422 completion_queue.cc:800] Kick failed: UNKNOWN:eventfd_write: Bad file descriptor (9)
I0626 00:03:59.171925   49073 fork_posix.cc:71] Other threads are currently calling into gRPC, skipping fork() handlers
I0626 00:04:00.287577   49073 fork_posix.cc:71] Other threads are currently calling into gRPC, skipping fork() handlers
E0626 00:04:00.332718   49503 completion_queue.cc:800] Kick failed: UNKNOWN:eventfd_write: Bad file descriptor (9)
I0626 00:04:01.408457   49073 fork_posix.cc:71] Other threads are currently calling into gRPC, skipping fork() handlers
E0626 00:04:01.450708   49543 ev_epoll1_linux.cc:309] epoll_ctl failed: Bad file descriptor (9)
I0626 00:04:02.527650   49073 fork_posix.cc:71] Other threads are currently calling into gRPC, skipping fork() handlers
E0626 00:04:02.567911   49582 completion_queue.cc:800] Kick failed: UNKNOWN:eventfd_write: Bad file descriptor (9)
I0626 00:04:03.690894   49073 fork_posix.cc:71] Other threads are currently calling into gRPC, skipping fork() handlers
E0626 00:04:03.730846   49620 completion_queue.cc:800] Kick failed: UNKNOWN:eventfd_write: Bad file descriptor (9)
I0626 00:04:04.804887   49073 fork_posix.cc:71] Other threads are currently calling into gRPC, skipping fork() handlers
I0626 00:04:05.914763   49073 fork_posix.cc:71] Other threads are currently calling into gRPC, skipping fork() handlers
E0626 00:04:05.955383   49695 completion_queue.cc:800] Kick failed: UNKNOWN:eventfd_write: Bad file descriptor (9)
I0626 00:04:07.026787   49073 fork_posix.cc:71] Other threads are currently calling into gRPC, skipping fork() handlers
I0626 00:04:08.166843   49073 fork_posix.cc:71] Other threads are currently calling into gRPC, skipping fork() handlers
E0626 00:04:08.207445   49771 completion_queue.cc:800] Kick failed: UNKNOWN:eventfd_write: Bad file descriptor (9)
I0626 00:04:09.290331   49073 fork_posix.cc:71] Other threads are currently calling into gRPC, skipping fork() handlers
I0626 00:04:10.403230   49073 fork_posix.cc:71] Other threads are currently calling into gRPC, skipping fork() handlers
E0626 00:04:10.443858   49847 completion_queue.cc:800] Kick failed: UNKNOWN:eventfd_write: Bad file descriptor (9)
I0626 00:04:11.616511   49073 fork_posix.cc:71] Other threads are currently calling into gRPC, skipping fork() handlers
E0626 00:04:11.656670   49885 completion_queue.cc:800] Kick failed: UNKNOWN:eventfd_write: Bad file descriptor (9)
E0626 00:04:11.658582   49885 ev_epoll1_linux.cc:309] epoll_ctl failed: Bad file descriptor (9)
E0626 00:04:11.658607   49885 ev_epoll1_linux.cc:309] epoll_ctl failed: Bad file descriptor (9)
I0626 00:04:13.265213   49073 fork_posix.cc:71] Other threads are currently calling into gRPC, skipping fork() handlers
I0626 00:04:14.374284   49073 fork_posix.cc:71] Other threads are currently calling into gRPC, skipping fork() handlers
E0626 00:04:14.413941   49961 completion_queue.cc:800] Kick failed: UNKNOWN:eventfd_write: Bad file descriptor (9)
I0626 00:04:15.483872   49073 fork_posix.cc:71] Other threads are currently calling into gRPC, skipping fork() handlers
I0626 00:04:16.593308   49073 fork_posix.cc:71] Other threads are currently calling into gRPC, skipping fork() handlers
E0626 00:04:16.633402   50037 completion_queue.cc:800] Kick failed: UNKNOWN:eventfd_write: Bad file descriptor (9)
I0626 00:04:17.702152   49073 fork_posix.cc:71] Other threads are currently calling into gRPC, skipping fork() handlers
I0626 00:04:18.811264   49073 fork_posix.cc:71] Other threads are currently calling into gRPC, skipping fork() handlers
E0626 00:04:18.851487   50113 completion_queue.cc:800] Kick failed: UNKNOWN:eventfd_write: Bad file descriptor (9)
I0626 00:04:20.334079   49073 fork_posix.cc:71] Other threads are currently calling into gRPC, skipping fork() handlers
I0626 00:04:21.981192   49073 fork_posix.cc:71] Other threads are currently calling into gRPC, skipping fork() handlers
E0626 00:04:22.023609   50189 ev_epoll1_linux.cc:309] epoll_ctl failed: Bad file descriptor (9)
E0626 00:04:22.023669   50189 ev_epoll1_linux.cc:309] epoll_ctl failed: Bad file descriptor (9)
I0626 00:04:23.113040   49073 fork_posix.cc:71] Other threads are currently calling into gRPC, skipping fork() handlers
I0626 00:04:24.240257   49073 fork_posix.cc:71] Other threads are currently calling into gRPC, skipping fork() handlers
E0626 00:04:24.304526   50265 completion_queue.cc:800] Kick failed: UNKNOWN:eventfd_write: Bad file descriptor (9)
I0626 00:04:25.381414   49073 fork_posix.cc:71] Other threads are currently calling into gRPC, skipping fork() handlers
I0626 00:04:26.521495   49073 fork_posix.cc:71] Other threads are currently calling into gRPC, skipping fork() handlers
I0626 00:04:27.699792   49073 fork_posix.cc:71] Other threads are currently calling into gRPC, skipping fork() handlers
E0626 00:04:27.739485   50379 completion_queue.cc:800] Kick failed: UNKNOWN:eventfd_write: Bad file descriptor (9)
I0626 00:04:28.810597   49073 fork_posix.cc:71] Other threads are currently calling into gRPC, skipping fork() handlers
E0626 00:04:28.850671   50419 completion_queue.cc:800] Kick failed: UNKNOWN:eventfd_write: Bad file descriptor (9)
I0626 00:04:29.922638   49073 fork_posix.cc:71] Other threads are currently calling into gRPC, skipping fork() handlers
E0626 00:04:29.962288   50457 completion_queue.cc:800] Kick failed: UNKNOWN:eventfd_write: Bad file descriptor (9)
I0626 00:04:31.220608   49073 fork_posix.cc:71] Other threads are currently calling into gRPC, skipping fork() handlers
I0626 00:04:32.333863   49073 fork_posix.cc:71] Other threads are currently calling into gRPC, skipping fork() handlers
E0626 00:04:32.380847   50533 completion_queue.cc:800] Kick failed: UNKNOWN:eventfd_write: Bad file descriptor (9)
E0626 00:04:32.382744   50533 ev_epoll1_linux.cc:309] epoll_ctl failed: Bad file descriptor (9)
I0626 00:04:33.455877   49073 fork_posix.cc:71] Other threads are currently calling into gRPC, skipping fork() handlers
I0626 00:04:35.100922   49073 fork_posix.cc:71] Other threads are currently calling into gRPC, skipping fork() handlers
I0626 00:04:36.215698   49073 fork_posix.cc:71] Other threads are currently calling into gRPC, skipping fork() handlers
E0626 00:04:36.255236   50647 completion_queue.cc:800] Kick failed: UNKNOWN:eventfd_write: Bad file descriptor (9)
I0626 00:04:37.323975   49073 fork_posix.cc:71] Other threads are currently calling into gRPC, skipping fork() handlers
I0626 00:04:38.436400   49073 fork_posix.cc:71] Other threads are currently calling into gRPC, skipping fork() handlers
E0626 00:04:38.476445   50723 completion_queue.cc:800] Kick failed: UNKNOWN:eventfd_write: Bad file descriptor (9)
I0626 00:04:39.546512   49073 fork_posix.cc:71] Other threads are currently calling into gRPC, skipping fork() handlers
I0626 00:04:40.661538   49073 fork_posix.cc:71] Other threads are currently calling into gRPC, skipping fork() handlers
E0626 00:04:40.700646   50798 completion_queue.cc:800] Kick failed: UNKNOWN:eventfd_write: Bad file descriptor (9)
I0626 00:04:41.775925   49073 fork_posix.cc:71] Other threads are currently calling into gRPC, skipping fork() handlers
I0626 00:04:42.886971   49073 fork_posix.cc:71] Other threads are currently calling into gRPC, skipping fork() handlers
E0626 00:04:42.926831   50875 completion_queue.cc:800] Kick failed: UNKNOWN:eventfd_write: Bad file descriptor (9)
E0626 00:04:42.928727   50875 ev_epoll1_linux.cc:309] epoll_ctl failed: Bad file descriptor (9)
I0626 00:04:43.998849   49073 fork_posix.cc:71] Other threads are currently calling into gRPC, skipping fork() handlers
I0626 00:04:45.431675   49073 fork_posix.cc:71] Other threads are currently calling into gRPC, skipping fork() handlers
E0626 00:04:45.471370   50951 completion_queue.cc:800] Kick failed: UNKNOWN:eventfd_write: Bad file descriptor (9)
I0626 00:04:46.798042   49073 fork_posix.cc:71] Other threads are currently calling into gRPC, skipping fork() handlers
I0626 00:04:47.936544   49073 fork_posix.cc:71] Other threads are currently calling into gRPC, skipping fork() handlers
E0626 00:04:47.975890   51027 completion_queue.cc:800] Kick failed: UNKNOWN:eventfd_write: Bad file descriptor (9)
I0626 00:04:49.045629   49073 fork_posix.cc:71] Other threads are currently calling into gRPC, skipping fork() handlers
I0626 00:04:50.159368   49073 fork_posix.cc:71] Other threads are currently calling into gRPC, skipping fork() handlers
E0626 00:04:50.198822   51104 completion_queue.cc:800] Kick failed: UNKNOWN:eventfd_write: Bad file descriptor (9)
I0626 00:04:51.270944   49073 fork_posix.cc:71] Other threads are currently calling into gRPC, skipping fork() handlers
I0626 00:04:52.378361   49073 fork_posix.cc:71] Other threads are currently calling into gRPC, skipping fork() handlers
E0626 00:04:52.417938   51181 completion_queue.cc:800] Kick failed: UNKNOWN:eventfd_write: Bad file descriptor (9)
I0626 00:04:53.488799   49073 fork_posix.cc:71] Other threads are currently calling into gRPC, skipping fork() handlers
E0626 00:04:53.530519   51219 ev_epoll1_linux.cc:309] epoll_ctl failed: Bad file descriptor (9)
E0626 00:04:53.530582   51219 ev_epoll1_linux.cc:309] epoll_ctl failed: Bad file descriptor (9)
E0626 00:04:53.530637   51219 completion_queue.cc:800] Kick failed: UNKNOWN:eventfd_write: Bad file descriptor (9)
I0626 00:04:54.599750   49073 fork_posix.cc:71] Other threads are currently calling into gRPC, skipping fork() handlers
E0626 00:04:54.652122   51239 completion_queue.cc:800] Kick failed: UNKNOWN:eventfd_write: Bad file descriptor (9)
I0626 00:04:55.720668   49073 fork_posix.cc:71] Other threads are currently calling into gRPC, skipping fork() handlers
I0626 00:04:56.872214   49073 fork_posix.cc:71] Other threads are currently calling into gRPC, skipping fork() handlers
I0626 00:04:58.010396   49073 fork_posix.cc:71] Other threads are currently calling into gRPC, skipping fork() handlers
E0626 00:04:58.079771   51370 completion_queue.cc:800] Kick failed: UNKNOWN:eventfd_write: Bad file descriptor (9)
I0626 00:04:59.150346   49073 fork_posix.cc:71] Other threads are currently calling into gRPC, skipping fork() handlers
I0626 00:05:00.290765   49073 fork_posix.cc:71] Other threads are currently calling into gRPC, skipping fork() handlers
I0626 00:05:01.461743   49073 fork_posix.cc:71] Other threads are currently calling into gRPC, skipping fork() handlers
E0626 00:05:01.523015   51484 completion_queue.cc:800] Kick failed: UNKNOWN:eventfd_write: Bad file descriptor (9)
I0626 00:05:02.592655   49073 fork_posix.cc:71] Other threads are currently calling into gRPC, skipping fork() handlers
I0626 00:05:03.728508   49073 fork_posix.cc:71] Other threads are currently calling into gRPC, skipping fork() handlers
E0626 00:05:03.792522   51546 completion_queue.cc:800] Kick failed: UNKNOWN:eventfd_write: Bad file descriptor (9)
E0626 00:05:03.794416   51546 ev_epoll1_linux.cc:309] epoll_ctl failed: Bad file descriptor (9)
I0626 00:05:04.868342   49073 fork_posix.cc:71] Other threads are currently calling into gRPC, skipping fork() handlers
I0626 00:05:06.586217   49073 fork_posix.cc:71] Other threads are currently calling into gRPC, skipping fork() handlers
E0626 00:05:06.652384   51632 completion_queue.cc:800] Kick failed: UNKNOWN:eventfd_write: Bad file descriptor (9)
I0626 00:05:08.266334   49073 fork_posix.cc:71] Other threads are currently calling into gRPC, skipping fork() handlers
E0626 00:05:08.306072   51673 completion_queue.cc:800] Kick failed: UNKNOWN:eventfd_write: Bad file descriptor (9)
I0626 00:05:09.628963   49073 fork_posix.cc:71] Other threads are currently calling into gRPC, skipping fork() handlers
E0626 00:05:09.668488   51711 completion_queue.cc:800] Kick failed: UNKNOWN:eventfd_write: Bad file descriptor (9)
I0626 00:05:10.736376   49073 fork_posix.cc:71] Other threads are currently calling into gRPC, skipping fork() handlers
E0626 00:05:10.776524   51754 completion_queue.cc:800] Kick failed: UNKNOWN:eventfd_write: Bad file descriptor (9)
I0626 00:05:11.849611   49073 fork_posix.cc:71] Other threads are currently calling into gRPC, skipping fork() handlers
E0626 00:05:11.889436   51792 completion_queue.cc:800] Kick failed: UNKNOWN:eventfd_write: Bad file descriptor (9)
I0626 00:05:12.963839   49073 fork_posix.cc:71] Other threads are currently calling into gRPC, skipping fork() handlers
E0626 00:05:13.004612   51830 completion_queue.cc:800] Kick failed: UNKNOWN:eventfd_write: Bad file descriptor (9)
I0626 00:05:14.085865   49073 fork_posix.cc:71] Other threads are currently calling into gRPC, skipping fork() handlers
E0626 00:05:14.125722   51868 completion_queue.cc:800] Kick failed: UNKNOWN:eventfd_write: Bad file descriptor (9)
E0626 00:05:14.127637   51868 ev_epoll1_linux.cc:309] epoll_ctl failed: Bad file descriptor (9)
I0626 00:05:15.738637   49073 fork_posix.cc:71] Other threads are currently calling into gRPC, skipping fork() handlers
E0626 00:05:15.778609   51906 completion_queue.cc:800] Kick failed: UNKNOWN:eventfd_write: Bad file descriptor (9)
I0626 00:05:16.853351   49073 fork_posix.cc:71] Other threads are currently calling into gRPC, skipping fork() handlers
E0626 00:05:16.892751   51927 completion_queue.cc:800] Kick failed: UNKNOWN:eventfd_write: Bad file descriptor (9)
I0626 00:05:17.967047   49073 fork_posix.cc:71] Other threads are currently calling into gRPC, skipping fork() handlers
I0626 00:05:19.080949   49073 fork_posix.cc:71] Other threads are currently calling into gRPC, skipping fork() handlers
E0626 00:05:19.120596   52026 completion_queue.cc:800] Kick failed: UNKNOWN:eventfd_write: Bad file descriptor (9)
I0626 00:05:20.600988   49073 fork_posix.cc:71] Other threads are currently calling into gRPC, skipping fork() handlers
I0626 00:05:21.710293   49073 fork_posix.cc:71] Other threads are currently calling into gRPC, skipping fork() handlers
E0626 00:05:21.749898   52102 completion_queue.cc:800] Kick failed: UNKNOWN:eventfd_write: Bad file descriptor (9)
I0626 00:05:22.819649   49073 fork_posix.cc:71] Other threads are currently calling into gRPC, skipping fork() handlers
I0626 00:05:24.339213   49073 fork_posix.cc:71] Other threads are currently calling into gRPC, skipping fork() handlers
E0626 00:05:24.379211   52179 completion_queue.cc:800] Kick failed: UNKNOWN:eventfd_write: Bad file descriptor (9)
E0626 00:05:24.381115   52179 ev_epoll1_linux.cc:309] epoll_ctl failed: Bad file descriptor (9)
I0626 00:05:25.452861   49073 fork_posix.cc:71] Other threads are currently calling into gRPC, skipping fork() handlers
E0626 00:05:25.492615   52216 completion_queue.cc:800] Kick failed: UNKNOWN:eventfd_write: Bad file descriptor (9)
I0626 00:05:27.098123   49073 fork_posix.cc:71] Other threads are currently calling into gRPC, skipping fork() handlers
E0626 00:05:27.140877   52250 completion_queue.cc:800] Kick failed: UNKNOWN:eventfd_write: Bad file descriptor (9)
I0626 00:05:28.218703   49073 fork_posix.cc:71] Other threads are currently calling into gRPC, skipping fork() handlers
I0626 00:05:29.755703   49073 fork_posix.cc:71] Other threads are currently calling into gRPC, skipping fork() handlers
I0626 00:05:31.110090   49073 fork_posix.cc:71] Other threads are currently calling into gRPC, skipping fork() handlers
I0626 00:05:32.222924   49073 fork_posix.cc:71] Other threads are currently calling into gRPC, skipping fork() handlers
E0626 00:05:32.262687   52409 completion_queue.cc:800] Kick failed: UNKNOWN:eventfd_write: Bad file descriptor (9)
I0626 00:05:33.338480   49073 fork_posix.cc:71] Other threads are currently calling into gRPC, skipping fork() handlers
I0626 00:05:34.448361   49073 fork_posix.cc:71] Other threads are currently calling into gRPC, skipping fork() handlers
E0626 00:05:34.488209   52467 completion_queue.cc:800] Kick failed: UNKNOWN:eventfd_write: Bad file descriptor (9)
E0626 00:05:34.490091   52467 ev_epoll1_linux.cc:309] epoll_ctl failed: Bad file descriptor (9)
I0626 00:05:35.560075   49073 fork_posix.cc:71] Other threads are currently calling into gRPC, skipping fork() handlers
I0626 00:05:36.668104   49073 fork_posix.cc:71] Other threads are currently calling into gRPC, skipping fork() handlers
E0626 00:05:36.707432   52560 completion_queue.cc:800] Kick failed: UNKNOWN:eventfd_write: Bad file descriptor (9)
I0626 00:05:37.775853   49073 fork_posix.cc:71] Other threads are currently calling into gRPC, skipping fork() handlers
I0626 00:05:38.884771   49073 fork_posix.cc:71] Other threads are currently calling into gRPC, skipping fork() handlers
E0626 00:05:38.924395   52636 completion_queue.cc:800] Kick failed: UNKNOWN:eventfd_write: Bad file descriptor (9)
I0626 00:05:39.997832   49073 fork_posix.cc:71] Other threads are currently calling into gRPC, skipping fork() handlers
I0626 00:05:41.130310   49073 fork_posix.cc:71] Other threads are currently calling into gRPC, skipping fork() handlers
E0626 00:05:41.170880   52712 completion_queue.cc:800] Kick failed: UNKNOWN:eventfd_write: Bad file descriptor (9)
I0626 00:05:42.240789   49073 fork_posix.cc:71] Other threads are currently calling into gRPC, skipping fork() handlers
I0626 00:05:43.356020   49073 fork_posix.cc:71] Other threads are currently calling into gRPC, skipping fork() handlers
E0626 00:05:43.418003   52787 completion_queue.cc:800] Kick failed: UNKNOWN:eventfd_write: Bad file descriptor (9)
I0626 00:05:44.503008   49073 fork_posix.cc:71] Other threads are currently calling into gRPC, skipping fork() handlers
E0626 00:05:44.543048   52826 completion_queue.cc:800] Kick failed: UNKNOWN:eventfd_write: Bad file descriptor (9)
E0626 00:05:44.546006   52826 ev_epoll1_linux.cc:309] epoll_ctl failed: Bad file descriptor (9)
E0626 00:05:44.546047   52826 ev_epoll1_linux.cc:309] epoll_ctl failed: Bad file descriptor (9)
I0626 00:05:45.621972   49073 fork_posix.cc:71] Other threads are currently calling into gRPC, skipping fork() handlers
E0626 00:05:45.661439   52845 completion_queue.cc:800] Kick failed: UNKNOWN:eventfd_write: Bad file descriptor (9)
I0626 00:05:46.761830   49073 fork_posix.cc:71] Other threads are currently calling into gRPC, skipping fork() handlers
E0626 00:05:46.801927   52903 completion_queue.cc:800] Kick failed: UNKNOWN:eventfd_write: Bad file descriptor (9)
I0626 00:05:47.872748   49073 fork_posix.cc:71] Other threads are currently calling into gRPC, skipping fork() handlers
I0626 00:05:48.980581   49073 fork_posix.cc:71] Other threads are currently calling into gRPC, skipping fork() handlers
I0626 00:05:50.093486   49073 fork_posix.cc:71] Other threads are currently calling into gRPC, skipping fork() handlers
I0626 00:05:51.223876   49073 fork_posix.cc:71] Other threads are currently calling into gRPC, skipping fork() handlers
I0626 00:05:52.374848   49073 fork_posix.cc:71] Other threads are currently calling into gRPC, skipping fork() handlers
I0626 00:05:53.490525   49073 fork_posix.cc:71] Other threads are currently calling into gRPC, skipping fork() handlers
E0626 00:05:53.530323   53130 completion_queue.cc:800] Kick failed: UNKNOWN:eventfd_write: Bad file descriptor (9)
I0626 00:05:54.613915   49073 fork_posix.cc:71] Other threads are currently calling into gRPC, skipping fork() handlers
E0626 00:05:54.655626   53150 ev_epoll1_linux.cc:309] epoll_ctl failed: Bad file descriptor (9)
E0626 00:05:54.655741   53150 completion_queue.cc:800] Kick failed: UNKNOWN:eventfd_write: Bad file descriptor (9)
I0626 00:05:55.730842   49073 fork_posix.cc:71] Other threads are currently calling into gRPC, skipping fork() handlers
E0626 00:05:55.770555   53205 completion_queue.cc:800] Kick failed: UNKNOWN:eventfd_write: Bad file descriptor (9)
I0626 00:05:56.873416   49073 fork_posix.cc:71] Other threads are currently calling into gRPC, skipping fork() handlers
I0626 00:05:58.231946   49073 fork_posix.cc:71] Other threads are currently calling into gRPC, skipping fork() handlers
I0626 00:05:59.615631   49073 fork_posix.cc:71] Other threads are currently calling into gRPC, skipping fork() handlers
I0626 00:06:00.728823   49073 fork_posix.cc:71] Other threads are currently calling into gRPC, skipping fork() handlers
E0626 00:06:00.768882   53357 completion_queue.cc:800] Kick failed: UNKNOWN:eventfd_write: Bad file descriptor (9)
I0626 00:06:01.871846   49073 fork_posix.cc:71] Other threads are currently calling into gRPC, skipping fork() handlers
I0626 00:06:02.991132   49073 fork_posix.cc:71] Other threads are currently calling into gRPC, skipping fork() handlers
E0626 00:06:03.030781   53437 completion_queue.cc:800] Kick failed: UNKNOWN:eventfd_write: Bad file descriptor (9)
I0626 00:06:04.513800   49073 fork_posix.cc:71] Other threads are currently calling into gRPC, skipping fork() handlers
I0626 00:06:05.628300   49073 fork_posix.cc:71] Other threads are currently calling into gRPC, skipping fork() handlers
E0626 00:06:05.667977   53496 completion_queue.cc:800] Kick failed: UNKNOWN:eventfd_write: Bad file descriptor (9)
E0626 00:06:05.669838   53499 ev_epoll1_linux.cc:309] epoll_ctl failed: Bad file descriptor (9)
E0626 00:06:05.669865   53499 ev_epoll1_linux.cc:309] epoll_ctl failed: Bad file descriptor (9)
[mutex.cc : 2443] RAW: Check w->waitp->cond == nullptr failed: Mutex::Fer while waiting on Condition
I0626 00:07:11.642892   49073 fork_posix.cc:71] Other threads are currently calling into gRPC, skipping fork() handlers
E0626 00:07:11.687106   53616 ev_epoll1_linux.cc:309] epoll_ctl failed: Bad file descriptor (9)
I0626 00:07:12.757422   49073 fork_posix.cc:71] Other threads are currently calling into gRPC, skipping fork() handlers
E0626 00:07:12.797439   53658 completion_queue.cc:800] Kick failed: UNKNOWN:eventfd_write: Bad file descriptor (9)
I0626 00:07:13.869863   49073 fork_posix.cc:71] Other threads are currently calling into gRPC, skipping fork() handlers
I0626 00:07:15.009176   49073 fork_posix.cc:71] Other threads are currently calling into gRPC, skipping fork() handlers
E0626 00:07:15.049621   53731 completion_queue.cc:800] Kick failed: UNKNOWN:eventfd_write: Bad file descriptor (9)
I0626 00:07:16.136658   49073 fork_posix.cc:71] Other threads are currently calling into gRPC, skipping fork() handlers
I0626 00:07:17.287938   49073 fork_posix.cc:71] Other threads are currently calling into gRPC, skipping fork() handlers
I0626 00:07:18.396718   49073 fork_posix.cc:71] Other threads are currently calling into gRPC, skipping fork() handlers
I0626 00:07:19.505357   49073 fork_posix.cc:71] Other threads are currently calling into gRPC, skipping fork() handlers
[92mINFO [0m:      Sent reply
[92mINFO [0m:      
[92mINFO [0m:      Received: evaluate message 3b6fa1c6-6214-4727-925d-32fc989b51af
I0626 00:09:05.487930   65364 fork_posix.cc:71] Other threads are currently calling into gRPC, skipping fork() handlers
I0626 00:09:05.533198   54040 fork_posix.cc:71] Other threads are currently calling into gRPC, skipping fork() handlers
E0626 00:09:05.577633   54097 completion_queue.cc:800] Kick failed: UNKNOWN:eventfd_write: Bad file descriptor (9)
E0626 00:09:05.579468   54101 ev_epoll1_linux.cc:309] epoll_ctl failed: Bad file descriptor (9)
I0626 00:09:05.596626   65364 fork_posix.cc:71] Other threads are currently calling into gRPC, skipping fork() handlers
[92mINFO [0m:      Sent reply
[92mINFO [0m:      
[92mINFO [0m:      Received: train message f00a0279-2fd3-4edb-8dca-e9ca720b09ff
I0626 00:10:03.606251   65364 fork_posix.cc:71] Other threads are currently calling into gRPC, skipping fork() handlers
I0626 00:10:03.646279   54246 fork_posix.cc:71] Other threads are currently calling into gRPC, skipping fork() handlers
I0626 00:10:03.686263   65364 fork_posix.cc:71] Other threads are currently calling into gRPC, skipping fork() handlers
E0626 00:10:03.687628   54302 ev_epoll1_linux.cc:309] epoll_ctl failed: Bad file descriptor (9)
E0626 00:10:03.687684   54302 ev_epoll1_linux.cc:309] epoll_ctl failed: Bad file descriptor (9)
E0626 00:10:03.687735   54302 completion_queue.cc:800] Kick failed: UNKNOWN:eventfd_write: Bad file descriptor (9)
I0626 00:10:04.755832   54246 fork_posix.cc:71] Other threads are currently calling into gRPC, skipping fork() handlers
I0626 00:10:06.111060   54246 fork_posix.cc:71] Other threads are currently calling into gRPC, skipping fork() handlers
E0626 00:10:06.150974   54449 completion_queue.cc:800] Kick failed: UNKNOWN:eventfd_write: Bad file descriptor (9)
I0626 00:10:07.249927   54246 fork_posix.cc:71] Other threads are currently calling into gRPC, skipping fork() handlers
E0626 00:10:07.290105   54487 completion_queue.cc:800] Kick failed: UNKNOWN:eventfd_write: Bad file descriptor (9)
I0626 00:10:08.358845   54246 fork_posix.cc:71] Other threads are currently calling into gRPC, skipping fork() handlers
I0626 00:10:09.471934   54246 fork_posix.cc:71] Other threads are currently calling into gRPC, skipping fork() handlers
E0626 00:10:09.512702   54563 completion_queue.cc:800] Kick failed: UNKNOWN:eventfd_write: Bad file descriptor (9)
I0626 00:10:10.585728   54246 fork_posix.cc:71] Other threads are currently calling into gRPC, skipping fork() handlers
I0626 00:10:11.699402   54246 fork_posix.cc:71] Other threads are currently calling into gRPC, skipping fork() handlers
E0626 00:10:11.739781   54639 completion_queue.cc:800] Kick failed: UNKNOWN:eventfd_write: Bad file descriptor (9)
I0626 00:10:13.004039   54246 fork_posix.cc:71] Other threads are currently calling into gRPC, skipping fork() handlers
I0626 00:10:14.112406   54246 fork_posix.cc:71] Other threads are currently calling into gRPC, skipping fork() handlers
E0626 00:10:14.152889   54714 completion_queue.cc:800] Kick failed: UNKNOWN:eventfd_write: Bad file descriptor (9)
E0626 00:10:14.155847   54714 ev_epoll1_linux.cc:309] epoll_ctl failed: Bad file descriptor (9)
E0626 00:10:14.155877   54714 ev_epoll1_linux.cc:309] epoll_ctl failed: Bad file descriptor (9)
I0626 00:10:15.277986   54246 fork_posix.cc:71] Other threads are currently calling into gRPC, skipping fork() handlers
E0626 00:10:15.318222   54752 completion_queue.cc:800] Kick failed: UNKNOWN:eventfd_write: Bad file descriptor (9)
I0626 00:10:16.390420   54246 fork_posix.cc:71] Other threads are currently calling into gRPC, skipping fork() handlers
E0626 00:10:16.452741   54790 completion_queue.cc:800] Kick failed: UNKNOWN:eventfd_write: Bad file descriptor (9)
I0626 00:10:17.522186   54246 fork_posix.cc:71] Other threads are currently calling into gRPC, skipping fork() handlers
E0626 00:10:17.586571   54829 completion_queue.cc:800] Kick failed: UNKNOWN:eventfd_write: Bad file descriptor (9)
I0626 00:10:18.697471   54246 fork_posix.cc:71] Other threads are currently calling into gRPC, skipping fork() handlers
I0626 00:10:20.117376   54246 fork_posix.cc:71] Other threads are currently calling into gRPC, skipping fork() handlers
I0626 00:10:21.256300   54246 fork_posix.cc:71] Other threads are currently calling into gRPC, skipping fork() handlers
E0626 00:10:21.296688   54943 completion_queue.cc:800] Kick failed: UNKNOWN:eventfd_write: Bad file descriptor (9)
I0626 00:10:22.368770   54246 fork_posix.cc:71] Other threads are currently calling into gRPC, skipping fork() handlers
I0626 00:10:23.477419   54246 fork_posix.cc:71] Other threads are currently calling into gRPC, skipping fork() handlers
E0626 00:10:23.517821   55019 completion_queue.cc:800] Kick failed: UNKNOWN:eventfd_write: Bad file descriptor (9)
I0626 00:10:24.588242   54246 fork_posix.cc:71] Other threads are currently calling into gRPC, skipping fork() handlers
E0626 00:10:24.630094   55057 ev_epoll1_linux.cc:309] epoll_ctl failed: Bad file descriptor (9)
E0626 00:10:24.630154   55057 ev_epoll1_linux.cc:309] epoll_ctl failed: Bad file descriptor (9)
E0626 00:10:24.630217   55057 completion_queue.cc:800] Kick failed: UNKNOWN:eventfd_write: Bad file descriptor (9)
I0626 00:10:25.726216   54246 fork_posix.cc:71] Other threads are currently calling into gRPC, skipping fork() handlers
E0626 00:10:25.766561   55095 completion_queue.cc:800] Kick failed: UNKNOWN:eventfd_write: Bad file descriptor (9)
I0626 00:10:27.248744   54246 fork_posix.cc:71] Other threads are currently calling into gRPC, skipping fork() handlers
I0626 00:10:28.896376   54246 fork_posix.cc:71] Other threads are currently calling into gRPC, skipping fork() handlers
E0626 00:10:28.936123   55173 completion_queue.cc:800] Kick failed: UNKNOWN:eventfd_write: Bad file descriptor (9)
I0626 00:10:30.541312   54246 fork_posix.cc:71] Other threads are currently calling into gRPC, skipping fork() handlers
I0626 00:10:31.651422   54246 fork_posix.cc:71] Other threads are currently calling into gRPC, skipping fork() handlers
I0626 00:10:33.009317   54246 fork_posix.cc:71] Other threads are currently calling into gRPC, skipping fork() handlers
E0626 00:10:33.049233   55279 completion_queue.cc:800] Kick failed: UNKNOWN:eventfd_write: Bad file descriptor (9)
I0626 00:10:34.122911   54246 fork_posix.cc:71] Other threads are currently calling into gRPC, skipping fork() handlers
E0626 00:10:34.162854   55309 completion_queue.cc:800] Kick failed: UNKNOWN:eventfd_write: Bad file descriptor (9)
I0626 00:10:35.552435   54246 fork_posix.cc:71] Other threads are currently calling into gRPC, skipping fork() handlers
E0626 00:10:35.592137   55365 completion_queue.cc:800] Kick failed: UNKNOWN:eventfd_write: Bad file descriptor (9)
E0626 00:10:35.594045   55365 ev_epoll1_linux.cc:309] epoll_ctl failed: Bad file descriptor (9)
I0626 00:10:36.671217   54246 fork_posix.cc:71] Other threads are currently calling into gRPC, skipping fork() handlers
I0626 00:10:37.783775   54246 fork_posix.cc:71] Other threads are currently calling into gRPC, skipping fork() handlers
I0626 00:10:38.894535   54246 fork_posix.cc:71] Other threads are currently calling into gRPC, skipping fork() handlers
I0626 00:10:40.416841   54246 fork_posix.cc:71] Other threads are currently calling into gRPC, skipping fork() handlers
E0626 00:10:40.456719   55518 completion_queue.cc:800] Kick failed: UNKNOWN:eventfd_write: Bad file descriptor (9)
I0626 00:10:41.525580   54246 fork_posix.cc:71] Other threads are currently calling into gRPC, skipping fork() handlers
E0626 00:10:41.565562   55555 completion_queue.cc:800] Kick failed: UNKNOWN:eventfd_write: Bad file descriptor (9)
I0626 00:10:42.640563   54246 fork_posix.cc:71] Other threads are currently calling into gRPC, skipping fork() handlers
E0626 00:10:42.681195   55595 completion_queue.cc:800] Kick failed: UNKNOWN:eventfd_write: Bad file descriptor (9)
I0626 00:10:43.750896   54246 fork_posix.cc:71] Other threads are currently calling into gRPC, skipping fork() handlers
E0626 00:10:43.791618   55631 completion_queue.cc:800] Kick failed: UNKNOWN:eventfd_write: Bad file descriptor (9)
I0626 00:10:44.863648   54246 fork_posix.cc:71] Other threads are currently calling into gRPC, skipping fork() handlers
E0626 00:10:44.904122   55669 completion_queue.cc:800] Kick failed: UNKNOWN:eventfd_write: Bad file descriptor (9)
I0626 00:10:45.985180   54246 fork_posix.cc:71] Other threads are currently calling into gRPC, skipping fork() handlers
E0626 00:10:46.024930   55707 completion_queue.cc:800] Kick failed: UNKNOWN:eventfd_write: Bad file descriptor (9)
E0626 00:10:46.026787   55707 ev_epoll1_linux.cc:309] epoll_ctl failed: Bad file descriptor (9)
E0626 00:10:46.026810   55707 ev_epoll1_linux.cc:309] epoll_ctl failed: Bad file descriptor (9)
I0626 00:10:47.111492   54246 fork_posix.cc:71] Other threads are currently calling into gRPC, skipping fork() handlers
I0626 00:10:48.635978   54246 fork_posix.cc:71] Other threads are currently calling into gRPC, skipping fork() handlers
E0626 00:10:48.676109   55776 completion_queue.cc:800] Kick failed: UNKNOWN:eventfd_write: Bad file descriptor (9)
I0626 00:10:49.989931   54246 fork_posix.cc:71] Other threads are currently calling into gRPC, skipping fork() handlers
I0626 00:10:51.120371   54246 fork_posix.cc:71] Other threads are currently calling into gRPC, skipping fork() handlers
E0626 00:10:51.185616   55859 completion_queue.cc:800] Kick failed: UNKNOWN:eventfd_write: Bad file descriptor (9)
I0626 00:10:52.794215   54246 fork_posix.cc:71] Other threads are currently calling into gRPC, skipping fork() handlers
I0626 00:10:53.925707   54246 fork_posix.cc:71] Other threads are currently calling into gRPC, skipping fork() handlers
E0626 00:10:53.987951   55918 completion_queue.cc:800] Kick failed: UNKNOWN:eventfd_write: Bad file descriptor (9)
I0626 00:10:55.060804   54246 fork_posix.cc:71] Other threads are currently calling into gRPC, skipping fork() handlers
I0626 00:10:56.921561   54246 fork_posix.cc:71] Other threads are currently calling into gRPC, skipping fork() handlers
E0626 00:10:56.987177   56003 ev_epoll1_linux.cc:309] epoll_ctl failed: Bad file descriptor (9)
I0626 00:10:58.058403   54246 fork_posix.cc:71] Other threads are currently calling into gRPC, skipping fork() handlers
I0626 00:10:59.196805   54246 fork_posix.cc:71] Other threads are currently calling into gRPC, skipping fork() handlers
I0626 00:11:00.339218   54246 fork_posix.cc:71] Other threads are currently calling into gRPC, skipping fork() handlers
E0626 00:11:00.406164   56118 completion_queue.cc:800] Kick failed: UNKNOWN:eventfd_write: Bad file descriptor (9)
I0626 00:11:01.666632   54246 fork_posix.cc:71] Other threads are currently calling into gRPC, skipping fork() handlers
E0626 00:11:01.730370   56168 completion_queue.cc:800] Kick failed: UNKNOWN:eventfd_write: Bad file descriptor (9)
I0626 00:11:03.118334   54246 fork_posix.cc:71] Other threads are currently calling into gRPC, skipping fork() handlers
E0626 00:11:03.183249   56197 completion_queue.cc:800] Kick failed: UNKNOWN:eventfd_write: Bad file descriptor (9)
I0626 00:11:04.503416   54246 fork_posix.cc:71] Other threads are currently calling into gRPC, skipping fork() handlers
E0626 00:11:04.567387   56236 completion_queue.cc:800] Kick failed: UNKNOWN:eventfd_write: Bad file descriptor (9)
I0626 00:11:05.697595   54246 fork_posix.cc:71] Other threads are currently calling into gRPC, skipping fork() handlers
E0626 00:11:05.759571   56282 completion_queue.cc:800] Kick failed: UNKNOWN:eventfd_write: Bad file descriptor (9)
I0626 00:11:07.152195   54246 fork_posix.cc:71] Other threads are currently calling into gRPC, skipping fork() handlers
E0626 00:11:07.216881   56301 completion_queue.cc:800] Kick failed: UNKNOWN:eventfd_write: Bad file descriptor (9)
E0626 00:11:07.218851   56301 ev_epoll1_linux.cc:309] epoll_ctl failed: Bad file descriptor (9)
I0626 00:11:08.829160   54246 fork_posix.cc:71] Other threads are currently calling into gRPC, skipping fork() handlers
I0626 00:11:09.957724   54246 fork_posix.cc:71] Other threads are currently calling into gRPC, skipping fork() handlers
E0626 00:11:10.024353   56396 completion_queue.cc:800] Kick failed: UNKNOWN:eventfd_write: Bad file descriptor (9)
I0626 00:11:11.095408   54246 fork_posix.cc:71] Other threads are currently calling into gRPC, skipping fork() handlers
I0626 00:11:12.233409   54246 fork_posix.cc:71] Other threads are currently calling into gRPC, skipping fork() handlers
E0626 00:11:12.294784   56470 completion_queue.cc:800] Kick failed: UNKNOWN:eventfd_write: Bad file descriptor (9)
I0626 00:11:13.363557   54246 fork_posix.cc:71] Other threads are currently calling into gRPC, skipping fork() handlers
I0626 00:11:14.533416   54246 fork_posix.cc:71] Other threads are currently calling into gRPC, skipping fork() handlers
I0626 00:11:15.664992   54246 fork_posix.cc:71] Other threads are currently calling into gRPC, skipping fork() handlers
E0626 00:11:15.703751   56572 completion_queue.cc:800] Kick failed: UNKNOWN:eventfd_write: Bad file descriptor (9)
I0626 00:11:16.772731   54246 fork_posix.cc:71] Other threads are currently calling into gRPC, skipping fork() handlers
I0626 00:11:17.878704   54246 fork_posix.cc:71] Other threads are currently calling into gRPC, skipping fork() handlers
E0626 00:11:17.917402   56666 completion_queue.cc:800] Kick failed: UNKNOWN:eventfd_write: Bad file descriptor (9)
E0626 00:11:17.919291   56666 ev_epoll1_linux.cc:309] epoll_ctl failed: Bad file descriptor (9)
I0626 00:11:18.992543   54246 fork_posix.cc:71] Other threads are currently calling into gRPC, skipping fork() handlers
I0626 00:11:20.108558   54246 fork_posix.cc:71] Other threads are currently calling into gRPC, skipping fork() handlers
E0626 00:11:20.148157   56749 completion_queue.cc:800] Kick failed: UNKNOWN:eventfd_write: Bad file descriptor (9)
I0626 00:11:21.216411   54246 fork_posix.cc:71] Other threads are currently calling into gRPC, skipping fork() handlers
I0626 00:11:22.323186   54246 fork_posix.cc:71] Other threads are currently calling into gRPC, skipping fork() handlers
E0626 00:11:22.362211   56825 completion_queue.cc:800] Kick failed: UNKNOWN:eventfd_write: Bad file descriptor (9)
I0626 00:11:23.429876   54246 fork_posix.cc:71] Other threads are currently calling into gRPC, skipping fork() handlers
I0626 00:11:24.536791   54246 fork_posix.cc:71] Other threads are currently calling into gRPC, skipping fork() handlers
I0626 00:11:25.649620   54246 fork_posix.cc:71] Other threads are currently calling into gRPC, skipping fork() handlers
E0626 00:11:25.688294   56940 completion_queue.cc:800] Kick failed: UNKNOWN:eventfd_write: Bad file descriptor (9)
I0626 00:11:26.794697   54246 fork_posix.cc:71] Other threads are currently calling into gRPC, skipping fork() handlers
I0626 00:11:28.152752   54246 fork_posix.cc:71] Other threads are currently calling into gRPC, skipping fork() handlers
E0626 00:11:28.191349   56999 completion_queue.cc:800] Kick failed: UNKNOWN:eventfd_write: Bad file descriptor (9)
E0626 00:11:28.193209   56999 ev_epoll1_linux.cc:309] epoll_ctl failed: Bad file descriptor (9)
I0626 00:11:29.269728   54246 fork_posix.cc:71] Other threads are currently calling into gRPC, skipping fork() handlers
I0626 00:11:30.375920   54246 fork_posix.cc:71] Other threads are currently calling into gRPC, skipping fork() handlers
I0626 00:11:31.486959   54246 fork_posix.cc:71] Other threads are currently calling into gRPC, skipping fork() handlers
E0626 00:11:31.525489   57132 completion_queue.cc:800] Kick failed: UNKNOWN:eventfd_write: Bad file descriptor (9)
I0626 00:11:32.628675   54246 fork_posix.cc:71] Other threads are currently calling into gRPC, skipping fork() handlers
I0626 00:11:33.786968   54246 fork_posix.cc:71] Other threads are currently calling into gRPC, skipping fork() handlers
E0626 00:11:33.825843   57208 completion_queue.cc:800] Kick failed: UNKNOWN:eventfd_write: Bad file descriptor (9)
I0626 00:11:34.895418   54246 fork_posix.cc:71] Other threads are currently calling into gRPC, skipping fork() handlers
E0626 00:11:34.934130   57246 completion_queue.cc:800] Kick failed: UNKNOWN:eventfd_write: Bad file descriptor (9)
I0626 00:11:36.031449   54246 fork_posix.cc:71] Other threads are currently calling into gRPC, skipping fork() handlers
E0626 00:11:36.070663   57284 completion_queue.cc:800] Kick failed: UNKNOWN:eventfd_write: Bad file descriptor (9)
I0626 00:11:37.143987   54246 fork_posix.cc:71] Other threads are currently calling into gRPC, skipping fork() handlers
E0626 00:11:37.182669   57322 completion_queue.cc:800] Kick failed: UNKNOWN:eventfd_write: Bad file descriptor (9)
I0626 00:11:38.251856   54246 fork_posix.cc:71] Other threads are currently calling into gRPC, skipping fork() handlers
E0626 00:11:38.290697   57360 completion_queue.cc:800] Kick failed: UNKNOWN:eventfd_write: Bad file descriptor (9)
E0626 00:11:38.292616   57360 ev_epoll1_linux.cc:309] epoll_ctl failed: Bad file descriptor (9)
E0626 00:11:38.292654   57360 ev_epoll1_linux.cc:309] epoll_ctl failed: Bad file descriptor (9)
I0626 00:11:39.364588   54246 fork_posix.cc:71] Other threads are currently calling into gRPC, skipping fork() handlers
E0626 00:11:39.403168   57398 completion_queue.cc:800] Kick failed: UNKNOWN:eventfd_write: Bad file descriptor (9)
I0626 00:11:40.512613   54246 fork_posix.cc:71] Other threads are currently calling into gRPC, skipping fork() handlers
I0626 00:11:41.626709   54246 fork_posix.cc:71] Other threads are currently calling into gRPC, skipping fork() handlers
E0626 00:11:41.665158   57473 completion_queue.cc:800] Kick failed: UNKNOWN:eventfd_write: Bad file descriptor (9)
I0626 00:11:42.752168   54246 fork_posix.cc:71] Other threads are currently calling into gRPC, skipping fork() handlers
I0626 00:11:43.863967   54246 fork_posix.cc:71] Other threads are currently calling into gRPC, skipping fork() handlers
E0626 00:11:43.902038   57532 completion_queue.cc:800] Kick failed: UNKNOWN:eventfd_write: Bad file descriptor (9)
I0626 00:11:45.216143   54246 fork_posix.cc:71] Other threads are currently calling into gRPC, skipping fork() handlers
E0626 00:11:45.275398   57587 completion_queue.cc:800] Kick failed: UNKNOWN:eventfd_write: Bad file descriptor (9)
I0626 00:11:46.353764   54246 fork_posix.cc:71] Other threads are currently calling into gRPC, skipping fork() handlers
I0626 00:11:48.000333   54246 fork_posix.cc:71] Other threads are currently calling into gRPC, skipping fork() handlers
I0626 00:11:49.649979   54246 fork_posix.cc:71] Other threads are currently calling into gRPC, skipping fork() handlers
E0626 00:11:49.690439   57700 ev_epoll1_linux.cc:309] epoll_ctl failed: Bad file descriptor (9)
I0626 00:11:50.766698   54246 fork_posix.cc:71] Other threads are currently calling into gRPC, skipping fork() handlers
I0626 00:11:51.879951   54246 fork_posix.cc:71] Other threads are currently calling into gRPC, skipping fork() handlers
I0626 00:11:52.991338   54246 fork_posix.cc:71] Other threads are currently calling into gRPC, skipping fork() handlers
I0626 00:11:54.634927   54246 fork_posix.cc:71] Other threads are currently calling into gRPC, skipping fork() handlers
I0626 00:11:55.991125   54246 fork_posix.cc:71] Other threads are currently calling into gRPC, skipping fork() handlers
I0626 00:11:57.098994   54246 fork_posix.cc:71] Other threads are currently calling into gRPC, skipping fork() handlers
E0626 00:11:57.138660   57931 completion_queue.cc:800] Kick failed: UNKNOWN:eventfd_write: Bad file descriptor (9)
I0626 00:11:58.206105   54246 fork_posix.cc:71] Other threads are currently calling into gRPC, skipping fork() handlers
I0626 00:11:59.317672   54246 fork_posix.cc:71] Other threads are currently calling into gRPC, skipping fork() handlers
E0626 00:11:59.358229   58007 completion_queue.cc:800] Kick failed: UNKNOWN:eventfd_write: Bad file descriptor (9)
I0626 00:12:00.428562   54246 fork_posix.cc:71] Other threads are currently calling into gRPC, skipping fork() handlers
E0626 00:12:00.469503   58049 ev_epoll1_linux.cc:309] epoll_ctl failed: Bad file descriptor (9)
E0626 00:12:00.469614   58049 completion_queue.cc:800] Kick failed: UNKNOWN:eventfd_write: Bad file descriptor (9)
I0626 00:12:01.537936   54246 fork_posix.cc:71] Other threads are currently calling into gRPC, skipping fork() handlers
E0626 00:12:01.576925   58085 completion_queue.cc:800] Kick failed: UNKNOWN:eventfd_write: Bad file descriptor (9)
I0626 00:12:02.645902   54246 fork_posix.cc:71] Other threads are currently calling into gRPC, skipping fork() handlers
I0626 00:12:04.313762   54246 fork_posix.cc:71] Other threads are currently calling into gRPC, skipping fork() handlers
I0626 00:12:05.437994   54246 fork_posix.cc:71] Other threads are currently calling into gRPC, skipping fork() handlers
E0626 00:12:05.477174   58200 completion_queue.cc:800] Kick failed: UNKNOWN:eventfd_write: Bad file descriptor (9)
I0626 00:12:06.543725   54246 fork_posix.cc:71] Other threads are currently calling into gRPC, skipping fork() handlers
I0626 00:12:07.654265   54246 fork_posix.cc:71] Other threads are currently calling into gRPC, skipping fork() handlers
E0626 00:12:07.693406   58275 completion_queue.cc:800] Kick failed: UNKNOWN:eventfd_write: Bad file descriptor (9)
I0626 00:12:08.777748   54246 fork_posix.cc:71] Other threads are currently calling into gRPC, skipping fork() handlers
I0626 00:12:09.932656   54246 fork_posix.cc:71] Other threads are currently calling into gRPC, skipping fork() handlers
I0626 00:12:11.040196   54246 fork_posix.cc:71] Other threads are currently calling into gRPC, skipping fork() handlers
E0626 00:12:11.081051   58390 ev_epoll1_linux.cc:309] epoll_ctl failed: Bad file descriptor (9)
E0626 00:12:11.081111   58390 ev_epoll1_linux.cc:309] epoll_ctl failed: Bad file descriptor (9)
I0626 00:12:12.152083   54246 fork_posix.cc:71] Other threads are currently calling into gRPC, skipping fork() handlers
I0626 00:12:13.258475   54246 fork_posix.cc:71] Other threads are currently calling into gRPC, skipping fork() handlers
I0626 00:12:14.373483   54246 fork_posix.cc:71] Other threads are currently calling into gRPC, skipping fork() handlers
I0626 00:12:16.015825   54246 fork_posix.cc:71] Other threads are currently calling into gRPC, skipping fork() handlers
I0626 00:12:17.536167   54246 fork_posix.cc:71] Other threads are currently calling into gRPC, skipping fork() handlers
E0626 00:12:17.596296   58581 completion_queue.cc:800] Kick failed: UNKNOWN:eventfd_write: Bad file descriptor (9)
I0626 00:12:18.670260   54246 fork_posix.cc:71] Other threads are currently calling into gRPC, skipping fork() handlers
E0626 00:12:18.708856   58617 completion_queue.cc:800] Kick failed: UNKNOWN:eventfd_write: Bad file descriptor (9)
I0626 00:12:19.776309   54246 fork_posix.cc:71] Other threads are currently calling into gRPC, skipping fork() handlers
E0626 00:12:19.815175   58655 completion_queue.cc:800] Kick failed: UNKNOWN:eventfd_write: Bad file descriptor (9)
I0626 00:12:20.883833   54246 fork_posix.cc:71] Other threads are currently calling into gRPC, skipping fork() handlers
E0626 00:12:20.942829   58693 completion_queue.cc:800] Kick failed: UNKNOWN:eventfd_write: Bad file descriptor (9)
I0626 00:12:22.010276   54246 fork_posix.cc:71] Other threads are currently calling into gRPC, skipping fork() handlers
E0626 00:12:22.048950   58732 completion_queue.cc:800] Kick failed: UNKNOWN:eventfd_write: Bad file descriptor (9)
E0626 00:12:22.051927   58732 ev_epoll1_linux.cc:309] epoll_ctl failed: Bad file descriptor (9)
E0626 00:12:22.051958   58732 ev_epoll1_linux.cc:309] epoll_ctl failed: Bad file descriptor (9)
I0626 00:12:23.119745   54246 fork_posix.cc:71] Other threads are currently calling into gRPC, skipping fork() handlers
E0626 00:12:23.158813   58770 completion_queue.cc:800] Kick failed: UNKNOWN:eventfd_write: Bad file descriptor (9)
I0626 00:12:24.251008   54246 fork_posix.cc:71] Other threads are currently calling into gRPC, skipping fork() handlers
E0626 00:12:24.289653   58809 completion_queue.cc:800] Kick failed: UNKNOWN:eventfd_write: Bad file descriptor (9)
I0626 00:12:25.676112   54246 fork_posix.cc:71] Other threads are currently calling into gRPC, skipping fork() handlers
E0626 00:12:25.714983   58846 completion_queue.cc:800] Kick failed: UNKNOWN:eventfd_write: Bad file descriptor (9)
I0626 00:12:26.788646   54246 fork_posix.cc:71] Other threads are currently calling into gRPC, skipping fork() handlers
E0626 00:12:26.847702   58884 completion_queue.cc:800] Kick failed: UNKNOWN:eventfd_write: Bad file descriptor (9)
I0626 00:12:28.451383   54246 fork_posix.cc:71] Other threads are currently calling into gRPC, skipping fork() handlers
E0626 00:12:28.490133   58904 completion_queue.cc:800] Kick failed: UNKNOWN:eventfd_write: Bad file descriptor (9)
I0626 00:12:29.557470   54246 fork_posix.cc:71] Other threads are currently calling into gRPC, skipping fork() handlers
I0626 00:12:30.667008   54246 fork_posix.cc:71] Other threads are currently calling into gRPC, skipping fork() handlers
I0626 00:12:31.792619   54246 fork_posix.cc:71] Other threads are currently calling into gRPC, skipping fork() handlers
I0626 00:12:32.927596   54246 fork_posix.cc:71] Other threads are currently calling into gRPC, skipping fork() handlers
E0626 00:12:32.992257   59079 ev_epoll1_linux.cc:309] epoll_ctl failed: Bad file descriptor (9)
E0626 00:12:32.992322   59079 ev_epoll1_linux.cc:309] epoll_ctl failed: Bad file descriptor (9)
I0626 00:12:34.603336   54246 fork_posix.cc:71] Other threads are currently calling into gRPC, skipping fork() handlers
E0626 00:12:34.661445   59115 completion_queue.cc:800] Kick failed: UNKNOWN:eventfd_write: Bad file descriptor (9)
I0626 00:12:35.729344   54246 fork_posix.cc:71] Other threads are currently calling into gRPC, skipping fork() handlers
E0626 00:12:35.789780   59136 completion_queue.cc:800] Kick failed: UNKNOWN:eventfd_write: Bad file descriptor (9)
I0626 00:12:36.887235   54246 fork_posix.cc:71] Other threads are currently calling into gRPC, skipping fork() handlers
E0626 00:12:36.949635   59192 completion_queue.cc:800] Kick failed: UNKNOWN:eventfd_write: Bad file descriptor (9)
I0626 00:12:38.025510   54246 fork_posix.cc:71] Other threads are currently calling into gRPC, skipping fork() handlers
I0626 00:12:39.155110   54246 fork_posix.cc:71] Other threads are currently calling into gRPC, skipping fork() handlers
E0626 00:12:39.222559   59268 completion_queue.cc:800] Kick failed: UNKNOWN:eventfd_write: Bad file descriptor (9)
I0626 00:12:41.042968   54246 fork_posix.cc:71] Other threads are currently calling into gRPC, skipping fork() handlers
E0626 00:12:41.105904   59306 ev_epoll1_linux.cc:373] (event_engine) Epoll1Poller:0x55f7f48a3260 encountered epoll_wait error: Bad file descriptor
E0626 00:12:41.105938   59308 completion_queue.cc:800] Kick failed: UNKNOWN:eventfd_write: Bad file descriptor (9)
[92mINFO [0m:      Sent reply
[92mINFO [0m:      
[92mINFO [0m:      Received: evaluate message c12b0286-d152-44c9-a49e-fc5a09d2acb7
I0626 00:15:18.364972   65364 fork_posix.cc:71] Other threads are currently calling into gRPC, skipping fork() handlers
I0626 00:15:18.428220   59512 fork_posix.cc:71] Other threads are currently calling into gRPC, skipping fork() handlers
E0626 00:15:18.471784   59568 completion_queue.cc:800] Kick failed: UNKNOWN:eventfd_write: Bad file descriptor (9)
I0626 00:15:18.472346   65364 fork_posix.cc:71] Other threads are currently calling into gRPC, skipping fork() handlers
E0626 00:15:18.473589   59568 ev_epoll1_linux.cc:309] epoll_ctl failed: Bad file descriptor (9)
[92mINFO [0m:      Sent reply
[92mINFO [0m:      
[92mINFO [0m:      Received: train message a87fd2f5-5b48-4272-bd33-0e861f70a86b
I0626 00:16:08.332043   65364 fork_posix.cc:71] Other threads are currently calling into gRPC, skipping fork() handlers
I0626 00:16:08.372333   59706 fork_posix.cc:71] Other threads are currently calling into gRPC, skipping fork() handlers
I0626 00:16:08.411523   65364 fork_posix.cc:71] Other threads are currently calling into gRPC, skipping fork() handlers
E0626 00:16:08.413654   59762 ev_epoll1_linux.cc:309] epoll_ctl failed: Bad file descriptor (9)
E0626 00:16:08.413754   59762 completion_queue.cc:800] Kick failed: UNKNOWN:eventfd_write: Bad file descriptor (9)
[92mINFO [0m:      Sent reply
[92mINFO [0m:      
[92mINFO [0m:      Received: evaluate message 56250b65-4f49-4b04-a90a-519615768df2
I0626 00:21:21.378776   65364 fork_posix.cc:71] Other threads are currently calling into gRPC, skipping fork() handlers
I0626 00:21:21.422612   61177 fork_posix.cc:71] Other threads are currently calling into gRPC, skipping fork() handlers
E0626 00:21:21.466301   61234 completion_queue.cc:800] Kick failed: UNKNOWN:eventfd_write: Bad file descriptor (9)
I0626 00:21:21.467083   65364 fork_posix.cc:71] Other threads are currently calling into gRPC, skipping fork() handlers
E0626 00:21:21.468152   61234 ev_epoll1_linux.cc:309] epoll_ctl failed: Bad file descriptor (9)
E0626 00:21:21.468175   61234 ev_epoll1_linux.cc:309] epoll_ctl failed: Bad file descriptor (9)
I0626 00:21:22.542153   61177 fork_posix.cc:71] Other threads are currently calling into gRPC, skipping fork() handlers
I0626 00:21:23.659972   61177 fork_posix.cc:71] Other threads are currently calling into gRPC, skipping fork() handlers
I0626 00:21:24.783582   61177 fork_posix.cc:71] Other threads are currently calling into gRPC, skipping fork() handlers
I0626 00:21:25.904640   61177 fork_posix.cc:71] Other threads are currently calling into gRPC, skipping fork() handlers
I0626 00:21:27.343127   61177 fork_posix.cc:71] Other threads are currently calling into gRPC, skipping fork() handlers
E0626 00:21:27.387690   61499 completion_queue.cc:800] Kick failed: UNKNOWN:eventfd_write: Bad file descriptor (9)
I0626 00:21:28.464151   61177 fork_posix.cc:71] Other threads are currently calling into gRPC, skipping fork() handlers
E0626 00:21:28.508323   61537 completion_queue.cc:800] Kick failed: UNKNOWN:eventfd_write: Bad file descriptor (9)
I0626 00:21:29.582933   61177 fork_posix.cc:71] Other threads are currently calling into gRPC, skipping fork() handlers
E0626 00:21:29.639138   61577 completion_queue.cc:800] Kick failed: UNKNOWN:eventfd_write: Bad file descriptor (9)
I0626 00:21:30.720080   61177 fork_posix.cc:71] Other threads are currently calling into gRPC, skipping fork() handlers
E0626 00:21:30.764320   61614 completion_queue.cc:800] Kick failed: UNKNOWN:eventfd_write: Bad file descriptor (9)
I0626 00:21:32.376167   61177 fork_posix.cc:71] Other threads are currently calling into gRPC, skipping fork() handlers
E0626 00:21:32.420317   61647 completion_queue.cc:800] Kick failed: UNKNOWN:eventfd_write: Bad file descriptor (9)
E0626 00:21:32.422172   61647 ev_epoll1_linux.cc:309] epoll_ctl failed: Bad file descriptor (9)
E0626 00:21:32.422196   61647 ev_epoll1_linux.cc:309] epoll_ctl failed: Bad file descriptor (9)
I0626 00:21:33.498431   61177 fork_posix.cc:71] Other threads are currently calling into gRPC, skipping fork() handlers
I0626 00:21:34.618010   61177 fork_posix.cc:71] Other threads are currently calling into gRPC, skipping fork() handlers
I0626 00:21:35.738887   61177 fork_posix.cc:71] Other threads are currently calling into gRPC, skipping fork() handlers
E0626 00:21:35.783101   61767 completion_queue.cc:800] Kick failed: UNKNOWN:eventfd_write: Bad file descriptor (9)
I0626 00:21:36.857100   61177 fork_posix.cc:71] Other threads are currently calling into gRPC, skipping fork() handlers
E0626 00:21:36.901400   61801 completion_queue.cc:800] Kick failed: UNKNOWN:eventfd_write: Bad file descriptor (9)
I0626 00:21:37.977292   61177 fork_posix.cc:71] Other threads are currently calling into gRPC, skipping fork() handlers
E0626 00:21:38.021153   61844 completion_queue.cc:800] Kick failed: UNKNOWN:eventfd_write: Bad file descriptor (9)
I0626 00:21:39.097793   61177 fork_posix.cc:71] Other threads are currently calling into gRPC, skipping fork() handlers
E0626 00:21:39.141650   61881 completion_queue.cc:800] Kick failed: UNKNOWN:eventfd_write: Bad file descriptor (9)
I0626 00:21:40.215939   61177 fork_posix.cc:71] Other threads are currently calling into gRPC, skipping fork() handlers
E0626 00:21:40.260031   61919 completion_queue.cc:800] Kick failed: UNKNOWN:eventfd_write: Bad file descriptor (9)
I0626 00:21:41.335845   61177 fork_posix.cc:71] Other threads are currently calling into gRPC, skipping fork() handlers
E0626 00:21:41.380480   61951 completion_queue.cc:800] Kick failed: UNKNOWN:eventfd_write: Bad file descriptor (9)
I0626 00:21:42.460113   61177 fork_posix.cc:71] Other threads are currently calling into gRPC, skipping fork() handlers
E0626 00:21:42.504162   61995 completion_queue.cc:800] Kick failed: UNKNOWN:eventfd_write: Bad file descriptor (9)
E0626 00:21:42.506024   61999 ev_epoll1_linux.cc:309] epoll_ctl failed: Bad file descriptor (9)
E0626 00:21:42.506048   61999 ev_epoll1_linux.cc:309] epoll_ctl failed: Bad file descriptor (9)
I0626 00:21:43.597588   61177 fork_posix.cc:71] Other threads are currently calling into gRPC, skipping fork() handlers
I0626 00:21:44.716256   61177 fork_posix.cc:71] Other threads are currently calling into gRPC, skipping fork() handlers
E0626 00:21:44.760545   62071 completion_queue.cc:800] Kick failed: UNKNOWN:eventfd_write: Bad file descriptor (9)
I0626 00:21:45.834556   61177 fork_posix.cc:71] Other threads are currently calling into gRPC, skipping fork() handlers
I0626 00:21:46.954850   61177 fork_posix.cc:71] Other threads are currently calling into gRPC, skipping fork() handlers
E0626 00:21:46.998545   62131 completion_queue.cc:800] Kick failed: UNKNOWN:eventfd_write: Bad file descriptor (9)
I0626 00:21:48.075132   61177 fork_posix.cc:71] Other threads are currently calling into gRPC, skipping fork() handlers
I0626 00:21:49.199668   61177 fork_posix.cc:71] Other threads are currently calling into gRPC, skipping fork() handlers
E0626 00:21:49.243660   62225 completion_queue.cc:800] Kick failed: UNKNOWN:eventfd_write: Bad file descriptor (9)
[92mINFO [0m:      Sent reply
[92mINFO [0m:      
[92mINFO [0m:      Received: train message 72e3d4ff-5af2-4f83-b745-1d9db9805143
I0626 00:22:13.495371   65364 fork_posix.cc:71] Other threads are currently calling into gRPC, skipping fork() handlers
I0626 00:22:13.537589   62264 fork_posix.cc:71] Other threads are currently calling into gRPC, skipping fork() handlers
I0626 00:22:13.577715   65364 fork_posix.cc:71] Other threads are currently calling into gRPC, skipping fork() handlers
E0626 00:22:13.577905   62320 completion_queue.cc:800] Kick failed: UNKNOWN:eventfd_write: Bad file descriptor (9)
E0626 00:22:13.579790   62323 ev_epoll1_linux.cc:309] epoll_ctl failed: Bad file descriptor (9)
E0626 00:22:13.579814   62323 ev_epoll1_linux.cc:309] epoll_ctl failed: Bad file descriptor (9)
[92mINFO [0m:      Sent reply
[92mINFO [0m:      
[92mINFO [0m:      Received: evaluate message a9d389d1-9c1c-4917-ba15-947a2d26b387
I0626 00:27:44.689684   65364 fork_posix.cc:71] Other threads are currently calling into gRPC, skipping fork() handlers
I0626 00:27:44.734213   62766 fork_posix.cc:71] Other threads are currently calling into gRPC, skipping fork() handlers
I0626 00:27:44.777669   65364 fork_posix.cc:71] Other threads are currently calling into gRPC, skipping fork() handlers
E0626 00:27:44.779332   62821 ev_epoll1_linux.cc:309] epoll_ctl failed: Bad file descriptor (9)
E0626 00:27:44.779387   62821 ev_epoll1_linux.cc:309] epoll_ctl failed: Bad file descriptor (9)
[92mINFO [0m:      Sent reply
[92mINFO [0m:      
[92mINFO [0m:      Received: train message 3361a9f0-9e62-49dc-abea-d56e093c4e54
I0626 00:28:37.263938   65364 fork_posix.cc:71] Other threads are currently calling into gRPC, skipping fork() handlers
I0626 00:28:37.321265   62957 fork_posix.cc:71] Other threads are currently calling into gRPC, skipping fork() handlers
I0626 00:28:37.359624   65364 fork_posix.cc:71] Other threads are currently calling into gRPC, skipping fork() handlers
E0626 00:28:37.360955   63013 ev_epoll1_linux.cc:309] epoll_ctl failed: Bad file descriptor (9)
E0626 00:28:37.361008   63013 ev_epoll1_linux.cc:309] epoll_ctl failed: Bad file descriptor (9)
E0626 00:28:37.361058   63013 completion_queue.cc:800] Kick failed: UNKNOWN:eventfd_write: Bad file descriptor (9)
[92mINFO [0m:      Sent reply
[92mINFO [0m:      
[92mINFO [0m:      Received: evaluate message 267dc7ea-f000-4965-86c4-6e35896c31f1
I0626 00:33:54.123612   63467 fork_posix.cc:71] Other threads are currently calling into gRPC, skipping fork() handlers
E0626 00:33:54.166841   63488 completion_queue.cc:800] Kick failed: UNKNOWN:eventfd_write: Bad file descriptor (9)
I0626 00:33:54.166554   65364 fork_posix.cc:71] Other threads are currently calling into gRPC, skipping fork() handlers
E0626 00:33:54.168663   63488 ev_epoll1_linux.cc:309] epoll_ctl failed: Bad file descriptor (9)
I0626 00:33:54.211559   65364 fork_posix.cc:71] Other threads are currently calling into gRPC, skipping fork() handlers
I0626 00:33:55.343994   63467 fork_posix.cc:71] Other threads are currently calling into gRPC, skipping fork() handlers
I0626 00:33:56.705386   63467 fork_posix.cc:71] Other threads are currently calling into gRPC, skipping fork() handlers
I0626 00:33:57.828435   63467 fork_posix.cc:71] Other threads are currently calling into gRPC, skipping fork() handlers
I0626 00:33:58.947054   63467 fork_posix.cc:71] Other threads are currently calling into gRPC, skipping fork() handlers
I0626 00:34:00.065793   63467 fork_posix.cc:71] Other threads are currently calling into gRPC, skipping fork() handlers
I0626 00:34:01.185509   63467 fork_posix.cc:71] Other threads are currently calling into gRPC, skipping fork() handlers
I0626 00:34:02.306029   63467 fork_posix.cc:71] Other threads are currently calling into gRPC, skipping fork() handlers
I0626 00:34:03.425700   63467 fork_posix.cc:71] Other threads are currently calling into gRPC, skipping fork() handlers
I0626 00:34:04.544701   63467 fork_posix.cc:71] Other threads are currently calling into gRPC, skipping fork() handlers
E0626 00:34:04.589043   63942 completion_queue.cc:800] Kick failed: UNKNOWN:eventfd_write: Bad file descriptor (9)
E0626 00:34:04.590972   63942 ev_epoll1_linux.cc:309] epoll_ctl failed: Bad file descriptor (9)
I0626 00:34:06.085094   63467 fork_posix.cc:71] Other threads are currently calling into gRPC, skipping fork() handlers
I0626 00:34:07.211001   63467 fork_posix.cc:71] Other threads are currently calling into gRPC, skipping fork() handlers
E0626 00:34:07.255305   64018 completion_queue.cc:800] Kick failed: UNKNOWN:eventfd_write: Bad file descriptor (9)
I0626 00:34:08.329673   63467 fork_posix.cc:71] Other threads are currently calling into gRPC, skipping fork() handlers
I0626 00:34:09.447719   63467 fork_posix.cc:71] Other threads are currently calling into gRPC, skipping fork() handlers
E0626 00:34:09.491511   64095 completion_queue.cc:800] Kick failed: UNKNOWN:eventfd_write: Bad file descriptor (9)
I0626 00:34:10.565105   63467 fork_posix.cc:71] Other threads are currently calling into gRPC, skipping fork() handlers
I0626 00:34:11.683361   63467 fork_posix.cc:71] Other threads are currently calling into gRPC, skipping fork() handlers
E0626 00:34:11.727902   64171 completion_queue.cc:800] Kick failed: UNKNOWN:eventfd_write: Bad file descriptor (9)
I0626 00:34:13.215371   63467 fork_posix.cc:71] Other threads are currently calling into gRPC, skipping fork() handlers
I0626 00:34:14.884467   63467 fork_posix.cc:71] Other threads are currently calling into gRPC, skipping fork() handlers
E0626 00:34:14.928071   64242 completion_queue.cc:800] Kick failed: UNKNOWN:eventfd_write: Bad file descriptor (9)
E0626 00:34:14.929956   64242 ev_epoll1_linux.cc:309] epoll_ctl failed: Bad file descriptor (9)
I0626 00:34:16.022649   63467 fork_posix.cc:71] Other threads are currently calling into gRPC, skipping fork() handlers
I0626 00:34:17.142979   63467 fork_posix.cc:71] Other threads are currently calling into gRPC, skipping fork() handlers
I0626 00:34:18.286188   63467 fork_posix.cc:71] Other threads are currently calling into gRPC, skipping fork() handlers
E0626 00:34:18.330199   64362 completion_queue.cc:800] Kick failed: UNKNOWN:eventfd_write: Bad file descriptor (9)
I0626 00:34:19.404195   63467 fork_posix.cc:71] Other threads are currently calling into gRPC, skipping fork() handlers
E0626 00:34:19.448088   64402 completion_queue.cc:800] Kick failed: UNKNOWN:eventfd_write: Bad file descriptor (9)
I0626 00:34:20.523912   63467 fork_posix.cc:71] Other threads are currently calling into gRPC, skipping fork() handlers
E0626 00:34:20.567978   64439 completion_queue.cc:800] Kick failed: UNKNOWN:eventfd_write: Bad file descriptor (9)
I0626 00:34:21.843796   63467 fork_posix.cc:71] Other threads are currently calling into gRPC, skipping fork() handlers
E0626 00:34:21.888112   64477 completion_queue.cc:800] Kick failed: UNKNOWN:eventfd_write: Bad file descriptor (9)
I0626 00:34:22.982096   63467 fork_posix.cc:71] Other threads are currently calling into gRPC, skipping fork() handlers
E0626 00:34:23.025796   64498 completion_queue.cc:800] Kick failed: UNKNOWN:eventfd_write: Bad file descriptor (9)
I0626 00:34:24.097784   63467 fork_posix.cc:71] Other threads are currently calling into gRPC, skipping fork() handlers
[92mINFO [0m:      Sent reply
[92mINFO [0m:      
[92mINFO [0m:      Received: train message 269f5b26-ffa2-4500-91e2-d62d6c575eb5
I0626 00:34:46.303498   65364 fork_posix.cc:71] Other threads are currently calling into gRPC, skipping fork() handlers
I0626 00:34:46.362899   64589 fork_posix.cc:71] Other threads are currently calling into gRPC, skipping fork() handlers
I0626 00:34:46.402343   65364 fork_posix.cc:71] Other threads are currently calling into gRPC, skipping fork() handlers
E0626 00:34:46.404376   64645 ev_epoll1_linux.cc:309] epoll_ctl failed: Bad file descriptor (9)
E0626 00:34:46.404488   64645 completion_queue.cc:800] Kick failed: UNKNOWN:eventfd_write: Bad file descriptor (9)
[92mINFO [0m:      Sent reply
[92mINFO [0m:      
[92mINFO [0m:      Received: evaluate message 5ca5678a-6835-42a5-a86b-1d30f646ac01
I0626 00:40:01.390321   65364 fork_posix.cc:71] Other threads are currently calling into gRPC, skipping fork() handlers
I0626 00:40:01.434031   65082 fork_posix.cc:71] Other threads are currently calling into gRPC, skipping fork() handlers
E0626 00:40:01.477665   65138 completion_queue.cc:800] Kick failed: UNKNOWN:eventfd_write: Bad file descriptor (9)
I0626 00:40:01.478600   65364 fork_posix.cc:71] Other threads are currently calling into gRPC, skipping fork() handlers
[92mINFO [0m:      Sent reply
[92mINFO [0m:      
[92mINFO [0m:      Received: train message 9f798889-9a97-44a7-ba2a-1f80d5cd69ca
I0626 00:40:54.906877   65364 fork_posix.cc:71] Other threads are currently calling into gRPC, skipping fork() handlers
I0626 00:40:54.947165   65282 fork_posix.cc:71] Other threads are currently calling into gRPC, skipping fork() handlers
E0626 00:40:54.987314   65339 completion_queue.cc:800] Kick failed: UNKNOWN:eventfd_write: Bad file descriptor (9)
I0626 00:40:54.987721   65364 fork_posix.cc:71] Other threads are currently calling into gRPC, skipping fork() handlers
E0626 00:40:54.989192   65339 ev_epoll1_linux.cc:309] epoll_ctl failed: Bad file descriptor (9)
E0626 00:40:54.989217   65339 ev_epoll1_linux.cc:309] epoll_ctl failed: Bad file descriptor (9)
[92mINFO [0m:      Sent reply
[92mINFO [0m:      
[92mINFO [0m:      Received: evaluate message 59f3dcff-d97b-4628-8e9c-ab2b5863f382
I0626 00:46:06.568790   65364 fork_posix.cc:71] Other threads are currently calling into gRPC, skipping fork() handlers
I0626 00:46:06.614021     731 fork_posix.cc:71] Other threads are currently calling into gRPC, skipping fork() handlers
I0626 00:46:06.659146   65364 fork_posix.cc:71] Other threads are currently calling into gRPC, skipping fork() handlers
E0626 00:46:06.660323     794 ev_epoll1_linux.cc:309] epoll_ctl failed: Bad file descriptor (9)
E0626 00:46:06.660378     794 ev_epoll1_linux.cc:309] epoll_ctl failed: Bad file descriptor (9)
[92mINFO [0m:      Sent reply
[92mINFO [0m:      
[92mINFO [0m:      Received: train message eb753485-5a53-43af-b9a6-fa26a150a9d9
I0626 00:47:09.029069   65364 fork_posix.cc:71] Other threads are currently calling into gRPC, skipping fork() handlers
I0626 00:47:09.068935     938 fork_posix.cc:71] Other threads are currently calling into gRPC, skipping fork() handlers
E0626 00:47:09.110611     993 ev_epoll1_linux.cc:309] epoll_ctl failed: Bad file descriptor (9)
E0626 00:47:09.110667     993 ev_epoll1_linux.cc:309] epoll_ctl failed: Bad file descriptor (9)
E0626 00:47:09.110729     993 completion_queue.cc:800] Kick failed: UNKNOWN:eventfd_write: Bad file descriptor (9)
I0626 00:47:09.128234   65364 fork_posix.cc:71] Other threads are currently calling into gRPC, skipping fork() handlers
[92mINFO [0m:      Sent reply
[92mINFO [0m:      
[92mINFO [0m:      Received: evaluate message ecd5530f-d3c7-4ba5-ad9e-9eb03feedca5
I0626 00:52:40.850122   65364 fork_posix.cc:71] Other threads are currently calling into gRPC, skipping fork() handlers
I0626 00:52:40.913479    2420 fork_posix.cc:71] Other threads are currently calling into gRPC, skipping fork() handlers
I0626 00:52:40.956243   65364 fork_posix.cc:71] Other threads are currently calling into gRPC, skipping fork() handlers
E0626 00:52:40.956546    2476 completion_queue.cc:800] Kick failed: UNKNOWN:eventfd_write: Bad file descriptor (9)
E0626 00:52:40.958402    2479 ev_epoll1_linux.cc:309] epoll_ctl failed: Bad file descriptor (9)
E0626 00:52:40.958426    2479 ev_epoll1_linux.cc:309] epoll_ctl failed: Bad file descriptor (9)
[92mINFO [0m:      Sent reply
[92mINFO [0m:      
[92mINFO [0m:      Received: train message a5bf2a05-bd53-44d5-824c-153dd0d95b29
I0626 00:53:32.852028   65364 fork_posix.cc:71] Other threads are currently calling into gRPC, skipping fork() handlers
I0626 00:53:32.892717   65364 fork_posix.cc:71] Other threads are currently calling into gRPC, skipping fork() handlers
I0626 00:53:32.932473    2617 fork_posix.cc:71] Other threads are currently calling into gRPC, skipping fork() handlers
E0626 00:53:32.972054    2709 completion_queue.cc:800] Kick failed: UNKNOWN:eventfd_write: Bad file descriptor (9)
E0626 00:53:32.973943    2712 ev_epoll1_linux.cc:309] epoll_ctl failed: Bad file descriptor (9)
[92mINFO [0m:      Sent reply
[92mINFO [0m:      
[92mINFO [0m:      Received: evaluate message adac84cc-29e9-4d07-b186-096dd3b14db5
I0626 00:59:28.767037   65364 fork_posix.cc:71] Other threads are currently calling into gRPC, skipping fork() handlers
I0626 00:59:28.810861    3144 fork_posix.cc:71] Other threads are currently calling into gRPC, skipping fork() handlers
E0626 00:59:28.854069    3200 completion_queue.cc:800] Kick failed: UNKNOWN:eventfd_write: Bad file descriptor (9)
I0626 00:59:28.854512   65364 fork_posix.cc:71] Other threads are currently calling into gRPC, skipping fork() handlers
E0626 00:59:28.855898    3200 ev_epoll1_linux.cc:309] epoll_ctl failed: Bad file descriptor (9)
E0626 00:59:28.855920    3200 ev_epoll1_linux.cc:309] epoll_ctl failed: Bad file descriptor (9)
[92mINFO [0m:      Sent reply
[92mINFO [0m:      
[92mINFO [0m:      Received: train message d9a273b3-6f62-4ea0-af94-41e9c8d66995
I0626 01:00:22.409572   65364 fork_posix.cc:71] Other threads are currently calling into gRPC, skipping fork() handlers
I0626 01:00:22.450529    3346 fork_posix.cc:71] Other threads are currently calling into gRPC, skipping fork() handlers
I0626 01:00:22.490584   65364 fork_posix.cc:71] Other threads are currently calling into gRPC, skipping fork() handlers
E0626 01:00:22.490885    3400 completion_queue.cc:800] Kick failed: UNKNOWN:eventfd_write: Bad file descriptor (9)
E0626 01:00:22.492693    3400 ev_epoll1_linux.cc:309] epoll_ctl failed: Bad file descriptor (9)
E0626 01:00:22.492713    3400 ev_epoll1_linux.cc:309] epoll_ctl failed: Bad file descriptor (9)
[92mINFO [0m:      Sent reply
[92mINFO [0m:      
[92mINFO [0m:      Received: evaluate message 2bb01412-6bb3-4e12-a676-2becbe6c44bb
I0626 01:05:58.182158   65364 fork_posix.cc:71] Other threads are currently calling into gRPC, skipping fork() handlers
I0626 01:05:58.226929    3892 fork_posix.cc:71] Other threads are currently calling into gRPC, skipping fork() handlers
I0626 01:05:58.269968   65364 fork_posix.cc:71] Other threads are currently calling into gRPC, skipping fork() handlers
E0626 01:05:58.272020    3953 ev_epoll1_linux.cc:309] epoll_ctl failed: Bad file descriptor (9)
E0626 01:05:58.272076    3953 ev_epoll1_linux.cc:309] epoll_ctl failed: Bad file descriptor (9)
E0626 01:05:58.272129    3953 completion_queue.cc:800] Kick failed: UNKNOWN:eventfd_write: Bad file descriptor (9)
[92mINFO [0m:      Sent reply
[92mINFO [0m:      
[92mINFO [0m:      Received: train message 5418b6a2-74f4-438e-873a-53136ca0b943
I0626 01:06:47.649885   65364 fork_posix.cc:71] Other threads are currently calling into gRPC, skipping fork() handlers
I0626 01:06:47.690350    4130 fork_posix.cc:71] Other threads are currently calling into gRPC, skipping fork() handlers
E0626 01:06:47.729867    4187 completion_queue.cc:800] Kick failed: UNKNOWN:eventfd_write: Bad file descriptor (9)
E0626 01:06:47.731692    4191 ev_epoll1_linux.cc:309] epoll_ctl failed: Bad file descriptor (9)
E0626 01:06:47.731715    4191 ev_epoll1_linux.cc:309] epoll_ctl failed: Bad file descriptor (9)
I0626 01:06:47.748957   65364 fork_posix.cc:71] Other threads are currently calling into gRPC, skipping fork() handlers
[92mINFO [0m:      Sent reply
[92mINFO [0m:      
[92mINFO [0m:      Received: evaluate message f6484a31-c7ef-48ad-9f86-fa8d3210074f
I0626 01:12:08.222776   65364 fork_posix.cc:71] Other threads are currently calling into gRPC, skipping fork() handlers
I0626 01:12:08.266670    4646 fork_posix.cc:71] Other threads are currently calling into gRPC, skipping fork() handlers
I0626 01:12:08.310400   65364 fork_posix.cc:71] Other threads are currently calling into gRPC, skipping fork() handlers
E0626 01:12:08.311440    4703 ev_epoll1_linux.cc:309] epoll_ctl failed: Bad file descriptor (9)
E0626 01:12:08.311493    4703 ev_epoll1_linux.cc:309] epoll_ctl failed: Bad file descriptor (9)
[92mINFO [0m:      Sent reply
[92mINFO [0m:      
[92mINFO [0m:      Received: train message c0253145-89eb-495a-8763-bf6979fa0c71
I0626 01:12:57.643772   65364 fork_posix.cc:71] Other threads are currently calling into gRPC, skipping fork() handlers
I0626 01:12:57.684508    4836 fork_posix.cc:71] Other threads are currently calling into gRPC, skipping fork() handlers
E0626 01:12:57.725868    4896 ev_epoll1_linux.cc:309] epoll_ctl failed: Bad file descriptor (9)
E0626 01:12:57.725972    4896 completion_queue.cc:800] Kick failed: UNKNOWN:eventfd_write: Bad file descriptor (9)
I0626 01:12:57.742956   65364 fork_posix.cc:71] Other threads are currently calling into gRPC, skipping fork() handlers
[92mINFO [0m:      Sent reply
[92mINFO [0m:      
[92mINFO [0m:      Received: evaluate message f4ec4911-3ac6-448d-b0f5-544d7dfbbded
I0626 01:18:16.836624   65364 fork_posix.cc:71] Other threads are currently calling into gRPC, skipping fork() handlers
I0626 01:18:16.881179    6260 fork_posix.cc:71] Other threads are currently calling into gRPC, skipping fork() handlers
I0626 01:18:16.924017   65364 fork_posix.cc:71] Other threads are currently calling into gRPC, skipping fork() handlers
E0626 01:18:16.924417    6322 completion_queue.cc:800] Kick failed: UNKNOWN:eventfd_write: Bad file descriptor (9)
E0626 01:18:16.926261    6322 ev_epoll1_linux.cc:309] epoll_ctl failed: Bad file descriptor (9)
E0626 01:18:16.926284    6322 ev_epoll1_linux.cc:309] epoll_ctl failed: Bad file descriptor (9)
[92mINFO [0m:      Sent reply
[92mINFO [0m:      
[92mINFO [0m:      Received: train message 72314b28-d7f4-4963-8d04-a00b86c2fb47
I0626 01:19:07.871029   65364 fork_posix.cc:71] Other threads are currently calling into gRPC, skipping fork() handlers
I0626 01:19:07.911273    6521 fork_posix.cc:71] Other threads are currently calling into gRPC, skipping fork() handlers
I0626 01:19:07.951723   65364 fork_posix.cc:71] Other threads are currently calling into gRPC, skipping fork() handlers
E0626 01:19:07.953054    6577 ev_epoll1_linux.cc:309] epoll_ctl failed: Bad file descriptor (9)
E0626 01:19:07.953108    6577 ev_epoll1_linux.cc:309] epoll_ctl failed: Bad file descriptor (9)
E0626 01:19:07.953169    6577 completion_queue.cc:800] Kick failed: UNKNOWN:eventfd_write: Bad file descriptor (9)
[92mINFO [0m:      Sent reply
[92mINFO [0m:      
[92mINFO [0m:      Received: evaluate message ad4c07f0-e9d3-4fd5-8681-b41a139870e6
I0626 01:24:43.088283   65364 fork_posix.cc:71] Other threads are currently calling into gRPC, skipping fork() handlers
I0626 01:24:43.132407    7034 fork_posix.cc:71] Other threads are currently calling into gRPC, skipping fork() handlers
E0626 01:24:43.176198    7090 completion_queue.cc:800] Kick failed: UNKNOWN:eventfd_write: Bad file descriptor (9)
I0626 01:24:43.177026   65364 fork_posix.cc:71] Other threads are currently calling into gRPC, skipping fork() handlers
E0626 01:24:43.178115    7090 ev_epoll1_linux.cc:309] epoll_ctl failed: Bad file descriptor (9)
E0626 01:24:43.178140    7090 ev_epoll1_linux.cc:309] epoll_ctl failed: Bad file descriptor (9)
[92mINFO [0m:      Sent reply
[92mINFO [0m:      
[92mINFO [0m:      Received: train message 8c077c76-bf1a-4e38-a2b2-c08f8bda8ea9
I0626 01:25:37.580965   65364 fork_posix.cc:71] Other threads are currently calling into gRPC, skipping fork() handlers
I0626 01:25:37.640477    7235 fork_posix.cc:71] Other threads are currently calling into gRPC, skipping fork() handlers
E0626 01:25:37.681854    7294 ev_epoll1_linux.cc:309] epoll_ctl failed: Bad file descriptor (9)
E0626 01:25:37.681911    7294 ev_epoll1_linux.cc:309] epoll_ctl failed: Bad file descriptor (9)
E0626 01:25:37.681966    7294 completion_queue.cc:800] Kick failed: UNKNOWN:eventfd_write: Bad file descriptor (9)
I0626 01:25:37.699004   65364 fork_posix.cc:71] Other threads are currently calling into gRPC, skipping fork() handlers
[92mINFO [0m:      Sent reply
[92mINFO [0m:      
[92mINFO [0m:      Received: evaluate message 6013fd6a-4d1d-4aba-94de-7b30a0f5cc49
I0626 01:31:10.697266   65364 fork_posix.cc:71] Other threads are currently calling into gRPC, skipping fork() handlers
I0626 01:31:10.760310    7744 fork_posix.cc:71] Other threads are currently calling into gRPC, skipping fork() handlers
E0626 01:31:10.803809    7800 completion_queue.cc:800] Kick failed: UNKNOWN:eventfd_write: Bad file descriptor (9)
E0626 01:31:10.805629    7800 ev_epoll1_linux.cc:309] epoll_ctl failed: Bad file descriptor (9)
E0626 01:31:10.805652    7800 ev_epoll1_linux.cc:309] epoll_ctl failed: Bad file descriptor (9)
I0626 01:31:10.823516   65364 fork_posix.cc:71] Other threads are currently calling into gRPC, skipping fork() handlers
[92mINFO [0m:      Sent reply
[92mINFO [0m:      
[92mINFO [0m:      Received: train message 98f88511-48b6-43f2-904d-c7e5660f4872
I0626 01:32:04.785819   65364 fork_posix.cc:71] Other threads are currently calling into gRPC, skipping fork() handlers
I0626 01:32:04.845260    7949 fork_posix.cc:71] Other threads are currently calling into gRPC, skipping fork() handlers
E0626 01:32:04.887030    8005 ev_epoll1_linux.cc:309] epoll_ctl failed: Bad file descriptor (9)
E0626 01:32:04.887127    8005 completion_queue.cc:800] Kick failed: UNKNOWN:eventfd_write: Bad file descriptor (9)
I0626 01:32:04.904187   65364 fork_posix.cc:71] Other threads are currently calling into gRPC, skipping fork() handlers
[92mINFO [0m:      Sent reply
[92mINFO [0m:      
[92mINFO [0m:      Received: evaluate message 0534a8ee-80bb-4254-abb1-2b2dd9b25620
I0626 01:37:35.799914   65364 fork_posix.cc:71] Other threads are currently calling into gRPC, skipping fork() handlers
I0626 01:37:35.865006    8467 fork_posix.cc:71] Other threads are currently calling into gRPC, skipping fork() handlers
I0626 01:37:35.909559   65364 fork_posix.cc:71] Other threads are currently calling into gRPC, skipping fork() handlers
E0626 01:37:35.909706    8524 completion_queue.cc:800] Kick failed: UNKNOWN:eventfd_write: Bad file descriptor (9)
E0626 01:37:35.911506    8524 ev_epoll1_linux.cc:309] epoll_ctl failed: Bad file descriptor (9)
[92mINFO [0m:      Sent reply
[92mINFO [0m:      
[92mINFO [0m:      Received: reconnect message 08c125a3-88d7-4a8c-a7bc-240129e966a7
[92mINFO [0m:      Disconnect and shut down
