Waiting for server address file...
=== FL Client 2 connecting to mdc-1057-13-8.rc.usf.edu:8080 from mdc-1057-18-1.rc.usf.edu at Thu Jun 25 14:40:05 EDT 2026 ===
==================================================
System Information for: Client 2
Node Name: mdc-1057-18-1.rc.usf.edu
OS Platform: Linux-3.10.0-1160.2.1.el7.x86_64-x86_64-with-glibc2.17
CPU: 32 physical cores, 64 logical cores
Total RAM: 251.21 GB
GPUs Available: 1
  GPU 0: NVIDIA L40S (VRAM: 44.53 GB)
==================================================
Client 2 using device: cuda
[Client 2] Connection attempt 1/10
[Client 2, Round 1] Progress: 0% (3/305) - Loss: 0.9306
[Client 2, Round 1] Progress: 1% (6/305) - Loss: 0.8558
[Client 2, Round 1] Progress: 2% (9/305) - Loss: 0.8691
[Client 2, Round 1] Progress: 3% (12/305) - Loss: 0.8349
[Client 2, Round 1] Progress: 4% (15/305) - Loss: 0.8962
[Client 2, Round 1] Progress: 5% (18/305) - Loss: 0.8397
[Client 2, Round 1] Progress: 6% (21/305) - Loss: 0.8647
[Client 2, Round 1] Progress: 7% (24/305) - Loss: 0.8688
[Client 2, Round 1] Progress: 8% (27/305) - Loss: 0.7510
[Client 2, Round 1] Progress: 9% (30/305) - Loss: 0.8343
[Client 2, Round 1] Progress: 10% (33/305) - Loss: 0.7661
[Client 2, Round 1] Progress: 11% (36/305) - Loss: 0.8881
[Client 2, Round 1] Progress: 12% (39/305) - Loss: 0.7219
[Client 2, Round 1] Progress: 13% (42/305) - Loss: 0.7320
[Client 2, Round 1] Progress: 14% (45/305) - Loss: 0.9203
[Client 2, Round 1] Progress: 15% (48/305) - Loss: 0.7784
[Client 2, Round 1] Progress: 16% (51/305) - Loss: 0.8411
[Client 2, Round 1] Progress: 17% (54/305) - Loss: 0.7263
[Client 2, Round 1] Progress: 18% (57/305) - Loss: 0.7044
[Client 2, Round 1] Progress: 19% (60/305) - Loss: 0.7035
[Client 2, Round 1] Progress: 20% (63/305) - Loss: 0.7657
[Client 2, Round 1] Progress: 21% (66/305) - Loss: 0.6564
[Client 2, Round 1] Progress: 22% (69/305) - Loss: 0.5819
[Client 2, Round 1] Progress: 23% (72/305) - Loss: 0.9915
[Client 2, Round 1] Progress: 24% (75/305) - Loss: 0.8073
[Client 2, Round 1] Progress: 25% (78/305) - Loss: 0.6853
[Client 2, Round 1] Progress: 26% (81/305) - Loss: 0.8819
[Client 2, Round 1] Progress: 27% (84/305) - Loss: 0.8039
[Client 2, Round 1] Progress: 28% (87/305) - Loss: 0.6801
[Client 2, Round 1] Progress: 29% (90/305) - Loss: 0.6021
[Client 2, Round 1] Progress: 30% (93/305) - Loss: 0.7227
[Client 2, Round 1] Progress: 31% (96/305) - Loss: 0.7624
[Client 2, Round 1] Progress: 32% (99/305) - Loss: 0.7641
[Client 2, Round 1] Progress: 33% (102/305) - Loss: 0.6801
[Client 2, Round 1] Progress: 34% (105/305) - Loss: 0.6265
[Client 2, Round 1] Progress: 35% (108/305) - Loss: 0.5101
[Client 2, Round 1] Progress: 36% (111/305) - Loss: 0.5818
[Client 2, Round 1] Progress: 37% (114/305) - Loss: 0.5071
[Client 2, Round 1] Progress: 38% (117/305) - Loss: 0.6339
[Client 2, Round 1] Progress: 39% (120/305) - Loss: 0.6632
[Client 2, Round 1] Progress: 40% (123/305) - Loss: 0.6778
[Client 2, Round 1] Progress: 41% (126/305) - Loss: 0.5286
[Client 2, Round 1] Progress: 42% (129/305) - Loss: 0.6451
[Client 2, Round 1] Progress: 43% (132/305) - Loss: 0.5517
[Client 2, Round 1] Progress: 44% (135/305) - Loss: 0.8091
[Client 2, Round 1] Progress: 45% (138/305) - Loss: 0.3340
[Client 2, Round 1] Progress: 46% (141/305) - Loss: 0.6198
[Client 2, Round 1] Progress: 47% (144/305) - Loss: 0.6514
[Client 2, Round 1] Progress: 48% (147/305) - Loss: 0.4096
[Client 2, Round 1] Progress: 49% (150/305) - Loss: 0.3434
[Client 2, Round 1] Progress: 50% (153/305) - Loss: 0.3894
[Client 2, Round 1] Progress: 51% (156/305) - Loss: 0.5021
[Client 2, Round 1] Progress: 52% (159/305) - Loss: 0.4762
[Client 2, Round 1] Progress: 53% (162/305) - Loss: 0.4025
[Client 2, Round 1] Progress: 54% (165/305) - Loss: 0.8076
[Client 2, Round 1] Progress: 55% (168/305) - Loss: 0.3622
[Client 2, Round 1] Progress: 56% (171/305) - Loss: 0.3797
[Client 2, Round 1] Progress: 57% (174/305) - Loss: 0.4383
[Client 2, Round 1] Progress: 58% (177/305) - Loss: 0.5327
[Client 2, Round 1] Progress: 59% (180/305) - Loss: 0.3419
[Client 2, Round 1] Progress: 60% (183/305) - Loss: 0.5005
[Client 2, Round 1] Progress: 60% (186/305) - Loss: 0.5498
[Client 2, Round 1] Progress: 61% (189/305) - Loss: 0.3477
[Client 2, Round 1] Progress: 62% (192/305) - Loss: 0.6531
[Client 2, Round 1] Progress: 63% (195/305) - Loss: 0.3377
[Client 2, Round 1] Progress: 64% (198/305) - Loss: 0.3798
[Client 2, Round 1] Progress: 65% (201/305) - Loss: 0.9092
[Client 2, Round 1] Progress: 66% (204/305) - Loss: 0.3080
[Client 2, Round 1] Progress: 67% (207/305) - Loss: 0.9554
[Client 2, Round 1] Progress: 68% (210/305) - Loss: 0.2997
[Client 2, Round 1] Progress: 69% (213/305) - Loss: 0.7430
[Client 2, Round 1] Progress: 70% (216/305) - Loss: 0.3206
[Client 2, Round 1] Progress: 71% (219/305) - Loss: 0.2957
[Client 2, Round 1] Progress: 72% (222/305) - Loss: 0.2259
[Client 2, Round 1] Progress: 73% (225/305) - Loss: 0.2285
[Client 2, Round 1] Progress: 74% (228/305) - Loss: 0.2405
[Client 2, Round 1] Progress: 75% (231/305) - Loss: 0.2082
[Client 2, Round 1] Progress: 76% (234/305) - Loss: 0.3413
[Client 2, Round 1] Progress: 77% (237/305) - Loss: 0.2764
[Client 2, Round 1] Progress: 78% (240/305) - Loss: 0.2190
[Client 2, Round 1] Progress: 79% (243/305) - Loss: 0.2006
[Client 2, Round 1] Progress: 80% (246/305) - Loss: 0.1877
[Client 2, Round 1] Progress: 81% (249/305) - Loss: 0.2011
[Client 2, Round 1] Progress: 82% (252/305) - Loss: 0.1859
[Client 2, Round 1] Progress: 83% (255/305) - Loss: 0.4998
[Client 2, Round 1] Progress: 84% (258/305) - Loss: 0.1484
[Client 2, Round 1] Progress: 85% (261/305) - Loss: 0.1542
[Client 2, Round 1] Progress: 86% (264/305) - Loss: 0.2312
[Client 2, Round 1] Progress: 87% (267/305) - Loss: 0.2432
[Client 2, Round 1] Progress: 88% (270/305) - Loss: 0.6085
[Client 2, Round 1] Progress: 89% (273/305) - Loss: 0.3460
[Client 2, Round 1] Progress: 90% (276/305) - Loss: 0.2791
[Client 2, Round 1] Progress: 91% (279/305) - Loss: 0.1767
[Client 2, Round 1] Progress: 92% (282/305) - Loss: 0.2380
[Client 2, Round 1] Progress: 93% (285/305) - Loss: 0.1841
[Client 2, Round 1] Progress: 94% (288/305) - Loss: 0.1498
[Client 2, Round 1] Progress: 95% (291/305) - Loss: 0.1839
[Client 2, Round 1] Progress: 96% (294/305) - Loss: 0.7935
[Client 2, Round 1] Progress: 97% (297/305) - Loss: 0.2247
[Client 2, Round 1] Progress: 98% (300/305) - Loss: 0.1695
[Client 2, Round 1] Progress: 99% (303/305) - Loss: 0.1899
[Client 2, Round 1] Progress: 100% (305/305) - Loss: 0.5164
[Client 2, Round 1] Train Loss: 0.5415
[Client 2, Round 1] Val Loss: 0.5144 | Val Dice: 0.6526
[Client 2, Round 2] Progress: 0% (3/305) - Loss: 0.3464
[Client 2, Round 2] Progress: 1% (6/305) - Loss: 0.2699
[Client 2, Round 2] Progress: 2% (9/305) - Loss: 0.4476
[Client 2, Round 2] Progress: 3% (12/305) - Loss: 0.2750
[Client 2, Round 2] Progress: 4% (15/305) - Loss: 0.3566
[Client 2, Round 2] Progress: 5% (18/305) - Loss: 0.2977
[Client 2, Round 2] Progress: 6% (21/305) - Loss: 0.2305
[Client 2, Round 2] Progress: 7% (24/305) - Loss: 0.1493
[Client 2, Round 2] Progress: 8% (27/305) - Loss: 0.3110
[Client 2, Round 2] Progress: 9% (30/305) - Loss: 0.4758
[Client 2, Round 2] Progress: 10% (33/305) - Loss: 0.3793
[Client 2, Round 2] Progress: 11% (36/305) - Loss: 0.3144
[Client 2, Round 2] Progress: 12% (39/305) - Loss: 0.2949
[Client 2, Round 2] Progress: 13% (42/305) - Loss: 0.2630
[Client 2, Round 2] Progress: 14% (45/305) - Loss: 0.3021
[Client 2, Round 2] Progress: 15% (48/305) - Loss: 0.1997
[Client 2, Round 2] Progress: 16% (51/305) - Loss: 0.2454
[Client 2, Round 2] Progress: 17% (54/305) - Loss: 0.9910
[Client 2, Round 2] Progress: 18% (57/305) - Loss: 0.1967
[Client 2, Round 2] Progress: 19% (60/305) - Loss: 0.2440
[Client 2, Round 2] Progress: 20% (63/305) - Loss: 0.1958
[Client 2, Round 2] Progress: 21% (66/305) - Loss: 0.4394
[Client 2, Round 2] Progress: 22% (69/305) - Loss: 0.3711
[Client 2, Round 2] Progress: 23% (72/305) - Loss: 0.2289
[Client 2, Round 2] Progress: 24% (75/305) - Loss: 0.3582
[Client 2, Round 2] Progress: 25% (78/305) - Loss: 0.1600
[Client 2, Round 2] Progress: 26% (81/305) - Loss: 0.2119
[Client 2, Round 2] Progress: 27% (84/305) - Loss: 0.3234
[Client 2, Round 2] Progress: 28% (87/305) - Loss: 0.1475
[Client 2, Round 2] Progress: 29% (90/305) - Loss: 0.6853
[Client 2, Round 2] Progress: 30% (93/305) - Loss: 0.1791
[Client 2, Round 2] Progress: 31% (96/305) - Loss: 0.1526
[Client 2, Round 2] Progress: 32% (99/305) - Loss: 0.3029
[Client 2, Round 2] Progress: 33% (102/305) - Loss: 0.2384
[Client 2, Round 2] Progress: 34% (105/305) - Loss: 0.1248
[Client 2, Round 2] Progress: 35% (108/305) - Loss: 0.1832
[Client 2, Round 2] Progress: 36% (111/305) - Loss: 0.3073
[Client 2, Round 2] Progress: 37% (114/305) - Loss: 0.2841
[Client 2, Round 2] Progress: 38% (117/305) - Loss: 0.1745
[Client 2, Round 2] Progress: 39% (120/305) - Loss: 0.1973
[Client 2, Round 2] Progress: 40% (123/305) - Loss: 0.1369
[Client 2, Round 2] Progress: 41% (126/305) - Loss: 0.3835
[Client 2, Round 2] Progress: 42% (129/305) - Loss: 0.1553
[Client 2, Round 2] Progress: 43% (132/305) - Loss: 0.1551
[Client 2, Round 2] Progress: 44% (135/305) - Loss: 0.3996
[Client 2, Round 2] Progress: 45% (138/305) - Loss: 0.3877
[Client 2, Round 2] Progress: 46% (141/305) - Loss: 0.1756
[Client 2, Round 2] Progress: 47% (144/305) - Loss: 0.2129
[Client 2, Round 2] Progress: 48% (147/305) - Loss: 0.4996
[Client 2, Round 2] Progress: 49% (150/305) - Loss: 0.1162
[Client 2, Round 2] Progress: 50% (153/305) - Loss: 0.1650
[Client 2, Round 2] Progress: 51% (156/305) - Loss: 0.3764
[Client 2, Round 2] Progress: 52% (159/305) - Loss: 0.1350
[Client 2, Round 2] Progress: 53% (162/305) - Loss: 0.1612
[Client 2, Round 2] Progress: 54% (165/305) - Loss: 0.2328
[Client 2, Round 2] Progress: 55% (168/305) - Loss: 0.3429
[Client 2, Round 2] Progress: 56% (171/305) - Loss: 0.1201
[Client 2, Round 2] Progress: 57% (174/305) - Loss: 0.2998
[Client 2, Round 2] Progress: 58% (177/305) - Loss: 0.1955
[Client 2, Round 2] Progress: 59% (180/305) - Loss: 0.1995
[Client 2, Round 2] Progress: 60% (183/305) - Loss: 0.1826
[Client 2, Round 2] Progress: 60% (186/305) - Loss: 0.1695
[Client 2, Round 2] Progress: 61% (189/305) - Loss: 0.5243
[Client 2, Round 2] Progress: 62% (192/305) - Loss: 0.2354
[Client 2, Round 2] Progress: 63% (195/305) - Loss: 0.1674
[Client 2, Round 2] Progress: 64% (198/305) - Loss: 0.4443
[Client 2, Round 2] Progress: 65% (201/305) - Loss: 0.2170
[Client 2, Round 2] Progress: 66% (204/305) - Loss: 0.2065
[Client 2, Round 2] Progress: 67% (207/305) - Loss: 0.1700
[Client 2, Round 2] Progress: 68% (210/305) - Loss: 0.1955
[Client 2, Round 2] Progress: 69% (213/305) - Loss: 0.5409
[Client 2, Round 2] Progress: 70% (216/305) - Loss: 0.2547
[Client 2, Round 2] Progress: 71% (219/305) - Loss: 0.1900
[Client 2, Round 2] Progress: 72% (222/305) - Loss: 0.1634
[Client 2, Round 2] Progress: 73% (225/305) - Loss: 0.1893
[Client 2, Round 2] Progress: 74% (228/305) - Loss: 0.5465
[Client 2, Round 2] Progress: 75% (231/305) - Loss: 0.2469
[Client 2, Round 2] Progress: 76% (234/305) - Loss: 0.2190
[Client 2, Round 2] Progress: 77% (237/305) - Loss: 0.3312
[Client 2, Round 2] Progress: 78% (240/305) - Loss: 0.2209
[Client 2, Round 2] Progress: 79% (243/305) - Loss: 0.2429
[Client 2, Round 2] Progress: 80% (246/305) - Loss: 0.1539
[Client 2, Round 2] Progress: 81% (249/305) - Loss: 0.1237
[Client 2, Round 2] Progress: 82% (252/305) - Loss: 0.1048
[Client 2, Round 2] Progress: 83% (255/305) - Loss: 0.1344
[Client 2, Round 2] Progress: 84% (258/305) - Loss: 0.1678
[Client 2, Round 2] Progress: 85% (261/305) - Loss: 0.2928
[Client 2, Round 2] Progress: 86% (264/305) - Loss: 0.3297
[Client 2, Round 2] Progress: 87% (267/305) - Loss: 0.3875
[Client 2, Round 2] Progress: 88% (270/305) - Loss: 0.1210
[Client 2, Round 2] Progress: 89% (273/305) - Loss: 0.3072
[Client 2, Round 2] Progress: 90% (276/305) - Loss: 0.1538
[Client 2, Round 2] Progress: 91% (279/305) - Loss: 0.2908
[Client 2, Round 2] Progress: 92% (282/305) - Loss: 0.2339
[Client 2, Round 2] Progress: 93% (285/305) - Loss: 0.0961
[Client 2, Round 2] Progress: 94% (288/305) - Loss: 0.4235
[Client 2, Round 2] Progress: 95% (291/305) - Loss: 0.1641
[Client 2, Round 2] Progress: 96% (294/305) - Loss: 0.1202
[Client 2, Round 2] Progress: 97% (297/305) - Loss: 0.1405
[Client 2, Round 2] Progress: 98% (300/305) - Loss: 0.1492
[Client 2, Round 2] Progress: 99% (303/305) - Loss: 0.2051
[Client 2, Round 2] Progress: 100% (305/305) - Loss: 0.3966
[Client 2, Round 2] Train Loss: 0.2787
[Client 2, Round 2] Val Loss: 0.3397 | Val Dice: 0.7129
[Client 2, Round 3] Progress: 0% (3/305) - Loss: 0.1342
[Client 2, Round 3] Progress: 1% (6/305) - Loss: 0.2881
[Client 2, Round 3] Progress: 2% (9/305) - Loss: 0.4481
[Client 2, Round 3] Progress: 3% (12/305) - Loss: 0.3412
[Client 2, Round 3] Progress: 4% (15/305) - Loss: 0.1618
[Client 2, Round 3] Progress: 5% (18/305) - Loss: 0.1059
[Client 2, Round 3] Progress: 6% (21/305) - Loss: 0.2604
[Client 2, Round 3] Progress: 7% (24/305) - Loss: 0.1058
[Client 2, Round 3] Progress: 8% (27/305) - Loss: 0.1847
[Client 2, Round 3] Progress: 9% (30/305) - Loss: 0.0990
[Client 2, Round 3] Progress: 10% (33/305) - Loss: 0.3185
[Client 2, Round 3] Progress: 11% (36/305) - Loss: 0.1674
[Client 2, Round 3] Progress: 12% (39/305) - Loss: 0.4283
[Client 2, Round 3] Progress: 13% (42/305) - Loss: 0.4743
[Client 2, Round 3] Progress: 14% (45/305) - Loss: 0.3527
[Client 2, Round 3] Progress: 15% (48/305) - Loss: 0.1725
[Client 2, Round 3] Progress: 16% (51/305) - Loss: 0.2022
[Client 2, Round 3] Progress: 17% (54/305) - Loss: 0.1759
[Client 2, Round 3] Progress: 18% (57/305) - Loss: 0.1530
[Client 2, Round 3] Progress: 19% (60/305) - Loss: 0.1921
[Client 2, Round 3] Progress: 20% (63/305) - Loss: 0.4221
[Client 2, Round 3] Progress: 21% (66/305) - Loss: 0.2406
[Client 2, Round 3] Progress: 22% (69/305) - Loss: 0.1796
[Client 2, Round 3] Progress: 23% (72/305) - Loss: 0.2026
[Client 2, Round 3] Progress: 24% (75/305) - Loss: 0.0945
[Client 2, Round 3] Progress: 25% (78/305) - Loss: 0.1435
[Client 2, Round 3] Progress: 26% (81/305) - Loss: 0.5095
[Client 2, Round 3] Progress: 27% (84/305) - Loss: 0.1632
[Client 2, Round 3] Progress: 28% (87/305) - Loss: 0.1393
[Client 2, Round 3] Progress: 29% (90/305) - Loss: 0.2942
[Client 2, Round 3] Progress: 30% (93/305) - Loss: 0.1900
[Client 2, Round 3] Progress: 31% (96/305) - Loss: 0.2431
[Client 2, Round 3] Progress: 32% (99/305) - Loss: 0.1655
[Client 2, Round 3] Progress: 33% (102/305) - Loss: 0.2164
[Client 2, Round 3] Progress: 34% (105/305) - Loss: 0.3962
[Client 2, Round 3] Progress: 35% (108/305) - Loss: 0.2509
[Client 2, Round 3] Progress: 36% (111/305) - Loss: 0.4255
[Client 2, Round 3] Progress: 37% (114/305) - Loss: 0.1855
[Client 2, Round 3] Progress: 38% (117/305) - Loss: 0.1911
[Client 2, Round 3] Progress: 39% (120/305) - Loss: 0.1547
[Client 2, Round 3] Progress: 40% (123/305) - Loss: 0.2187
[Client 2, Round 3] Progress: 41% (126/305) - Loss: 0.1613
[Client 2, Round 3] Progress: 42% (129/305) - Loss: 0.2103
[Client 2, Round 3] Progress: 43% (132/305) - Loss: 0.2230
[Client 2, Round 3] Progress: 44% (135/305) - Loss: 0.1466
[Client 2, Round 3] Progress: 45% (138/305) - Loss: 0.1017
[Client 2, Round 3] Progress: 46% (141/305) - Loss: 0.1055
[Client 2, Round 3] Progress: 47% (144/305) - Loss: 0.1221
[Client 2, Round 3] Progress: 48% (147/305) - Loss: 0.2114
[Client 2, Round 3] Progress: 49% (150/305) - Loss: 0.1753
[Client 2, Round 3] Progress: 50% (153/305) - Loss: 0.1999
[Client 2, Round 3] Progress: 51% (156/305) - Loss: 0.3279
[Client 2, Round 3] Progress: 52% (159/305) - Loss: 0.1746
[Client 2, Round 3] Progress: 53% (162/305) - Loss: 0.2367
[Client 2, Round 3] Progress: 54% (165/305) - Loss: 0.1209
[Client 2, Round 3] Progress: 55% (168/305) - Loss: 0.1121
[Client 2, Round 3] Progress: 56% (171/305) - Loss: 0.0943
[Client 2, Round 3] Progress: 57% (174/305) - Loss: 0.3021
[Client 2, Round 3] Progress: 58% (177/305) - Loss: 0.1237
[Client 2, Round 3] Progress: 59% (180/305) - Loss: 0.1661
[Client 2, Round 3] Progress: 60% (183/305) - Loss: 0.2335
[Client 2, Round 3] Progress: 60% (186/305) - Loss: 0.3199
[Client 2, Round 3] Progress: 61% (189/305) - Loss: 0.1545
[Client 2, Round 3] Progress: 62% (192/305) - Loss: 0.1888
[Client 2, Round 3] Progress: 63% (195/305) - Loss: 0.2247
[Client 2, Round 3] Progress: 64% (198/305) - Loss: 0.2499
[Client 2, Round 3] Progress: 65% (201/305) - Loss: 0.0942
[Client 2, Round 3] Progress: 66% (204/305) - Loss: 0.1992
[Client 2, Round 3] Progress: 67% (207/305) - Loss: 0.4923
[Client 2, Round 3] Progress: 68% (210/305) - Loss: 0.1062
[Client 2, Round 3] Progress: 69% (213/305) - Loss: 0.2358
[Client 2, Round 3] Progress: 70% (216/305) - Loss: 0.1915
[Client 2, Round 3] Progress: 71% (219/305) - Loss: 0.1876
[Client 2, Round 3] Progress: 72% (222/305) - Loss: 0.2189
[Client 2, Round 3] Progress: 73% (225/305) - Loss: 0.5341
[Client 2, Round 3] Progress: 74% (228/305) - Loss: 0.1746
[Client 2, Round 3] Progress: 75% (231/305) - Loss: 0.0919
[Client 2, Round 3] Progress: 76% (234/305) - Loss: 0.1934
[Client 2, Round 3] Progress: 77% (237/305) - Loss: 0.3146
[Client 2, Round 3] Progress: 78% (240/305) - Loss: 0.1506
[Client 2, Round 3] Progress: 79% (243/305) - Loss: 0.1672
[Client 2, Round 3] Progress: 80% (246/305) - Loss: 0.7767
[Client 2, Round 3] Progress: 81% (249/305) - Loss: 0.1494
[Client 2, Round 3] Progress: 82% (252/305) - Loss: 0.2847
[Client 2, Round 3] Progress: 83% (255/305) - Loss: 0.1580
[Client 2, Round 3] Progress: 84% (258/305) - Loss: 0.4117
[Client 2, Round 3] Progress: 85% (261/305) - Loss: 0.3408
[Client 2, Round 3] Progress: 86% (264/305) - Loss: 0.1492
[Client 2, Round 3] Progress: 87% (267/305) - Loss: 0.1563
[Client 2, Round 3] Progress: 88% (270/305) - Loss: 0.3045
[Client 2, Round 3] Progress: 89% (273/305) - Loss: 0.3018
[Client 2, Round 3] Progress: 90% (276/305) - Loss: 0.3576
[Client 2, Round 3] Progress: 91% (279/305) - Loss: 0.1784
[Client 2, Round 3] Progress: 92% (282/305) - Loss: 0.1242
[Client 2, Round 3] Progress: 93% (285/305) - Loss: 0.1564
[Client 2, Round 3] Progress: 94% (288/305) - Loss: 0.1888
[Client 2, Round 3] Progress: 95% (291/305) - Loss: 0.1777
[Client 2, Round 3] Progress: 96% (294/305) - Loss: 0.1136
[Client 2, Round 3] Progress: 97% (297/305) - Loss: 0.1034
[Client 2, Round 3] Progress: 98% (300/305) - Loss: 0.2393
[Client 2, Round 3] Progress: 99% (303/305) - Loss: 0.4761
[Client 2, Round 3] Progress: 100% (305/305) - Loss: 0.2774
[Client 2, Round 3] Train Loss: 0.2460
[Client 2, Round 3] Val Loss: 0.2930 | Val Dice: 0.7434
[Client 2, Round 4] Progress: 0% (3/305) - Loss: 0.1102
[Client 2, Round 4] Progress: 1% (6/305) - Loss: 0.1351
[Client 2, Round 4] Progress: 2% (9/305) - Loss: 0.1400
[Client 2, Round 4] Progress: 3% (12/305) - Loss: 0.1822
[Client 2, Round 4] Progress: 4% (15/305) - Loss: 0.2016
[Client 2, Round 4] Progress: 5% (18/305) - Loss: 0.1126
[Client 2, Round 4] Progress: 6% (21/305) - Loss: 0.0846
[Client 2, Round 4] Progress: 7% (24/305) - Loss: 0.2858
[Client 2, Round 4] Progress: 8% (27/305) - Loss: 0.3587
[Client 2, Round 4] Progress: 9% (30/305) - Loss: 0.1629
[Client 2, Round 4] Progress: 10% (33/305) - Loss: 0.3031
[Client 2, Round 4] Progress: 11% (36/305) - Loss: 0.2542
[Client 2, Round 4] Progress: 12% (39/305) - Loss: 0.1233
[Client 2, Round 4] Progress: 13% (42/305) - Loss: 0.3886
[Client 2, Round 4] Progress: 14% (45/305) - Loss: 0.0987
[Client 2, Round 4] Progress: 15% (48/305) - Loss: 0.3734
[Client 2, Round 4] Progress: 16% (51/305) - Loss: 0.2016
[Client 2, Round 4] Progress: 17% (54/305) - Loss: 0.3440
[Client 2, Round 4] Progress: 18% (57/305) - Loss: 0.1389
[Client 2, Round 4] Progress: 19% (60/305) - Loss: 0.2450
[Client 2, Round 4] Progress: 20% (63/305) - Loss: 0.2086
[Client 2, Round 4] Progress: 21% (66/305) - Loss: 0.2560
[Client 2, Round 4] Progress: 22% (69/305) - Loss: 0.2332
[Client 2, Round 4] Progress: 23% (72/305) - Loss: 0.2393
[Client 2, Round 4] Progress: 24% (75/305) - Loss: 0.0815
[Client 2, Round 4] Progress: 25% (78/305) - Loss: 0.1600
[Client 2, Round 4] Progress: 26% (81/305) - Loss: 0.1150
[Client 2, Round 4] Progress: 27% (84/305) - Loss: 0.1894
[Client 2, Round 4] Progress: 28% (87/305) - Loss: 0.1781
[Client 2, Round 4] Progress: 29% (90/305) - Loss: 0.1896
[Client 2, Round 4] Progress: 30% (93/305) - Loss: 0.0956
[Client 2, Round 4] Progress: 31% (96/305) - Loss: 0.1733
[Client 2, Round 4] Progress: 32% (99/305) - Loss: 0.1083
[Client 2, Round 4] Progress: 33% (102/305) - Loss: 0.1558
[Client 2, Round 4] Progress: 34% (105/305) - Loss: 0.1683
[Client 2, Round 4] Progress: 35% (108/305) - Loss: 0.2416
[Client 2, Round 4] Progress: 36% (111/305) - Loss: 0.1042
[Client 2, Round 4] Progress: 37% (114/305) - Loss: 0.7258
[Client 2, Round 4] Progress: 38% (117/305) - Loss: 0.0741
[Client 2, Round 4] Progress: 39% (120/305) - Loss: 0.0946
[Client 2, Round 4] Progress: 40% (123/305) - Loss: 0.1877
[Client 2, Round 4] Progress: 41% (126/305) - Loss: 0.2320
[Client 2, Round 4] Progress: 42% (129/305) - Loss: 0.2236
[Client 2, Round 4] Progress: 43% (132/305) - Loss: 0.1587
[Client 2, Round 4] Progress: 44% (135/305) - Loss: 0.2193
[Client 2, Round 4] Progress: 45% (138/305) - Loss: 0.1256
[Client 2, Round 4] Progress: 46% (141/305) - Loss: 0.2229
[Client 2, Round 4] Progress: 47% (144/305) - Loss: 0.1251
[Client 2, Round 4] Progress: 48% (147/305) - Loss: 0.2089
[Client 2, Round 4] Progress: 49% (150/305) - Loss: 0.1065
[Client 2, Round 4] Progress: 50% (153/305) - Loss: 0.3132
[Client 2, Round 4] Progress: 51% (156/305) - Loss: 0.1931
[Client 2, Round 4] Progress: 52% (159/305) - Loss: 0.2978
[Client 2, Round 4] Progress: 53% (162/305) - Loss: 0.2021
[Client 2, Round 4] Progress: 54% (165/305) - Loss: 0.7537
[Client 2, Round 4] Progress: 55% (168/305) - Loss: 0.1397
[Client 2, Round 4] Progress: 56% (171/305) - Loss: 0.1832
[Client 2, Round 4] Progress: 57% (174/305) - Loss: 0.1438
[Client 2, Round 4] Progress: 58% (177/305) - Loss: 0.1657
[Client 2, Round 4] Progress: 59% (180/305) - Loss: 0.4524
[Client 2, Round 4] Progress: 60% (183/305) - Loss: 0.1839
[Client 2, Round 4] Progress: 60% (186/305) - Loss: 0.5873
[Client 2, Round 4] Progress: 61% (189/305) - Loss: 0.3791
[Client 2, Round 4] Progress: 62% (192/305) - Loss: 0.0848
[Client 2, Round 4] Progress: 63% (195/305) - Loss: 0.1044
[Client 2, Round 4] Progress: 64% (198/305) - Loss: 0.0772
[Client 2, Round 4] Progress: 65% (201/305) - Loss: 0.1409
[Client 2, Round 4] Progress: 66% (204/305) - Loss: 0.1983
[Client 2, Round 4] Progress: 67% (207/305) - Loss: 0.4254
[Client 2, Round 4] Progress: 68% (210/305) - Loss: 0.2899
[Client 2, Round 4] Progress: 69% (213/305) - Loss: 0.1064
[Client 2, Round 4] Progress: 70% (216/305) - Loss: 0.1018
[Client 2, Round 4] Progress: 71% (219/305) - Loss: 0.1200
[Client 2, Round 4] Progress: 72% (222/305) - Loss: 0.1104
[Client 2, Round 4] Progress: 73% (225/305) - Loss: 0.1114
[Client 2, Round 4] Progress: 74% (228/305) - Loss: 0.2449
[Client 2, Round 4] Progress: 75% (231/305) - Loss: 0.1926
[Client 2, Round 4] Progress: 76% (234/305) - Loss: 0.1556
[Client 2, Round 4] Progress: 77% (237/305) - Loss: 0.1229
[Client 2, Round 4] Progress: 78% (240/305) - Loss: 0.1305
[Client 2, Round 4] Progress: 79% (243/305) - Loss: 0.1378
[Client 2, Round 4] Progress: 80% (246/305) - Loss: 0.1323
[Client 2, Round 4] Progress: 81% (249/305) - Loss: 0.3335
[Client 2, Round 4] Progress: 82% (252/305) - Loss: 0.1552
[Client 2, Round 4] Progress: 83% (255/305) - Loss: 0.2366
[Client 2, Round 4] Progress: 84% (258/305) - Loss: 0.1930
[Client 2, Round 4] Progress: 85% (261/305) - Loss: 0.1517
[Client 2, Round 4] Progress: 86% (264/305) - Loss: 0.1427
[Client 2, Round 4] Progress: 87% (267/305) - Loss: 0.1075
[Client 2, Round 4] Progress: 88% (270/305) - Loss: 0.1204
[Client 2, Round 4] Progress: 89% (273/305) - Loss: 0.1719
[Client 2, Round 4] Progress: 90% (276/305) - Loss: 0.1290
[Client 2, Round 4] Progress: 91% (279/305) - Loss: 0.1289
[Client 2, Round 4] Progress: 92% (282/305) - Loss: 0.1094
[Client 2, Round 4] Progress: 93% (285/305) - Loss: 0.2043
[Client 2, Round 4] Progress: 94% (288/305) - Loss: 0.1534
[Client 2, Round 4] Progress: 95% (291/305) - Loss: 0.0923
[Client 2, Round 4] Progress: 96% (294/305) - Loss: 0.2913
[Client 2, Round 4] Progress: 97% (297/305) - Loss: 0.2338
[Client 2, Round 4] Progress: 98% (300/305) - Loss: 0.2002
[Client 2, Round 4] Progress: 99% (303/305) - Loss: 0.1013
[Client 2, Round 4] Progress: 100% (305/305) - Loss: 0.1427
[Client 2, Round 4] Train Loss: 0.2222
[Client 2, Round 4] Val Loss: 0.2486 | Val Dice: 0.7840
[Client 2, Round 5] Progress: 0% (3/305) - Loss: 0.1819
[Client 2, Round 5] Progress: 1% (6/305) - Loss: 0.3509
[Client 2, Round 5] Progress: 2% (9/305) - Loss: 0.3257
[Client 2, Round 5] Progress: 3% (12/305) - Loss: 0.1301
[Client 2, Round 5] Progress: 4% (15/305) - Loss: 0.0809
[Client 2, Round 5] Progress: 5% (18/305) - Loss: 0.1035
[Client 2, Round 5] Progress: 6% (21/305) - Loss: 0.5859
[Client 2, Round 5] Progress: 7% (24/305) - Loss: 0.0924
[Client 2, Round 5] Progress: 8% (27/305) - Loss: 0.1952
[Client 2, Round 5] Progress: 9% (30/305) - Loss: 0.3362
[Client 2, Round 5] Progress: 10% (33/305) - Loss: 0.2131
[Client 2, Round 5] Progress: 11% (36/305) - Loss: 0.1856
[Client 2, Round 5] Progress: 12% (39/305) - Loss: 0.1095
[Client 2, Round 5] Progress: 13% (42/305) - Loss: 0.3124
[Client 2, Round 5] Progress: 14% (45/305) - Loss: 0.1532
[Client 2, Round 5] Progress: 15% (48/305) - Loss: 0.1153
[Client 2, Round 5] Progress: 16% (51/305) - Loss: 0.1115
[Client 2, Round 5] Progress: 17% (54/305) - Loss: 0.1663
[Client 2, Round 5] Progress: 18% (57/305) - Loss: 0.3013
[Client 2, Round 5] Progress: 19% (60/305) - Loss: 0.7772
[Client 2, Round 5] Progress: 20% (63/305) - Loss: 0.2430
[Client 2, Round 5] Progress: 21% (66/305) - Loss: 0.2144
[Client 2, Round 5] Progress: 22% (69/305) - Loss: 0.2249
[Client 2, Round 5] Progress: 23% (72/305) - Loss: 0.2132
[Client 2, Round 5] Progress: 24% (75/305) - Loss: 0.7687
[Client 2, Round 5] Progress: 25% (78/305) - Loss: 0.0955
[Client 2, Round 5] Progress: 26% (81/305) - Loss: 0.2936
[Client 2, Round 5] Progress: 27% (84/305) - Loss: 0.1422
[Client 2, Round 5] Progress: 28% (87/305) - Loss: 0.1323
[Client 2, Round 5] Progress: 29% (90/305) - Loss: 0.1828
[Client 2, Round 5] Progress: 30% (93/305) - Loss: 0.3073
[Client 2, Round 5] Progress: 31% (96/305) - Loss: 0.1758
[Client 2, Round 5] Progress: 32% (99/305) - Loss: 0.4018
[Client 2, Round 5] Progress: 33% (102/305) - Loss: 0.0902
[Client 2, Round 5] Progress: 34% (105/305) - Loss: 0.1160
[Client 2, Round 5] Progress: 35% (108/305) - Loss: 0.2901
[Client 2, Round 5] Progress: 36% (111/305) - Loss: 0.1312
[Client 2, Round 5] Progress: 37% (114/305) - Loss: 0.0754
[Client 2, Round 5] Progress: 38% (117/305) - Loss: 0.1321
[Client 2, Round 5] Progress: 39% (120/305) - Loss: 0.1358
[Client 2, Round 5] Progress: 40% (123/305) - Loss: 0.1544
[Client 2, Round 5] Progress: 41% (126/305) - Loss: 0.1610
[Client 2, Round 5] Progress: 42% (129/305) - Loss: 0.1368
[Client 2, Round 5] Progress: 43% (132/305) - Loss: 0.1303
[Client 2, Round 5] Progress: 44% (135/305) - Loss: 0.2161
[Client 2, Round 5] Progress: 45% (138/305) - Loss: 0.1606
[Client 2, Round 5] Progress: 46% (141/305) - Loss: 0.1000
[Client 2, Round 5] Progress: 47% (144/305) - Loss: 0.1538
[Client 2, Round 5] Progress: 48% (147/305) - Loss: 0.2090
[Client 2, Round 5] Progress: 49% (150/305) - Loss: 0.0796
[Client 2, Round 5] Progress: 50% (153/305) - Loss: 0.1278
[Client 2, Round 5] Progress: 51% (156/305) - Loss: 0.2710
[Client 2, Round 5] Progress: 52% (159/305) - Loss: 0.2529
[Client 2, Round 5] Progress: 53% (162/305) - Loss: 0.2446
[Client 2, Round 5] Progress: 54% (165/305) - Loss: 0.0785
[Client 2, Round 5] Progress: 55% (168/305) - Loss: 0.2111
[Client 2, Round 5] Progress: 56% (171/305) - Loss: 0.1419
[Client 2, Round 5] Progress: 57% (174/305) - Loss: 0.1515
[Client 2, Round 5] Progress: 58% (177/305) - Loss: 0.1160
[Client 2, Round 5] Progress: 59% (180/305) - Loss: 0.1287
[Client 2, Round 5] Progress: 60% (183/305) - Loss: 0.2730
[Client 2, Round 5] Progress: 60% (186/305) - Loss: 0.1680
[Client 2, Round 5] Progress: 61% (189/305) - Loss: 0.2830
[Client 2, Round 5] Progress: 62% (192/305) - Loss: 0.1110
[Client 2, Round 5] Progress: 63% (195/305) - Loss: 0.1477
[Client 2, Round 5] Progress: 64% (198/305) - Loss: 0.0912
[Client 2, Round 5] Progress: 65% (201/305) - Loss: 0.2660
[Client 2, Round 5] Progress: 66% (204/305) - Loss: 0.2060
[Client 2, Round 5] Progress: 67% (207/305) - Loss: 0.2934
[Client 2, Round 5] Progress: 68% (210/305) - Loss: 0.2130
[Client 2, Round 5] Progress: 69% (213/305) - Loss: 0.3820
[Client 2, Round 5] Progress: 70% (216/305) - Loss: 0.1381
[Client 2, Round 5] Progress: 71% (219/305) - Loss: 0.2373
[Client 2, Round 5] Progress: 72% (222/305) - Loss: 0.6635
[Client 2, Round 5] Progress: 73% (225/305) - Loss: 0.1035
[Client 2, Round 5] Progress: 74% (228/305) - Loss: 0.2837
[Client 2, Round 5] Progress: 75% (231/305) - Loss: 0.1429
[Client 2, Round 5] Progress: 76% (234/305) - Loss: 0.1266
[Client 2, Round 5] Progress: 77% (237/305) - Loss: 0.0956
[Client 2, Round 5] Progress: 78% (240/305) - Loss: 0.1731
[Client 2, Round 5] Progress: 79% (243/305) - Loss: 0.0963
[Client 2, Round 5] Progress: 80% (246/305) - Loss: 0.4851
[Client 2, Round 5] Progress: 81% (249/305) - Loss: 0.1100
[Client 2, Round 5] Progress: 82% (252/305) - Loss: 0.2193
[Client 2, Round 5] Progress: 83% (255/305) - Loss: 0.1505
[Client 2, Round 5] Progress: 84% (258/305) - Loss: 0.1440
[Client 2, Round 5] Progress: 85% (261/305) - Loss: 0.2630
[Client 2, Round 5] Progress: 86% (264/305) - Loss: 0.2375
[Client 2, Round 5] Progress: 87% (267/305) - Loss: 0.1555
[Client 2, Round 5] Progress: 88% (270/305) - Loss: 0.1902
[Client 2, Round 5] Progress: 89% (273/305) - Loss: 0.3293
[Client 2, Round 5] Progress: 90% (276/305) - Loss: 0.1531
[Client 2, Round 5] Progress: 91% (279/305) - Loss: 0.1411
[Client 2, Round 5] Progress: 92% (282/305) - Loss: 0.1410
[Client 2, Round 5] Progress: 93% (285/305) - Loss: 0.1549
[Client 2, Round 5] Progress: 94% (288/305) - Loss: 0.0956
[Client 2, Round 5] Progress: 95% (291/305) - Loss: 0.0949
[Client 2, Round 5] Progress: 96% (294/305) - Loss: 0.1090
[Client 2, Round 5] Progress: 97% (297/305) - Loss: 0.1847
[Client 2, Round 5] Progress: 98% (300/305) - Loss: 0.0990
[Client 2, Round 5] Progress: 99% (303/305) - Loss: 0.1588
[Client 2, Round 5] Progress: 100% (305/305) - Loss: 0.3708
[Client 2, Round 5] Train Loss: 0.2111
[Client 2, Round 5] Val Loss: 0.2336 | Val Dice: 0.7887
[Client 2, Round 6] Progress: 0% (3/305) - Loss: 0.2728
[Client 2, Round 6] Progress: 1% (6/305) - Loss: 0.2215
[Client 2, Round 6] Progress: 2% (9/305) - Loss: 0.1401
[Client 2, Round 6] Progress: 3% (12/305) - Loss: 0.2019
[Client 2, Round 6] Progress: 4% (15/305) - Loss: 0.1163
[Client 2, Round 6] Progress: 5% (18/305) - Loss: 0.1933
[Client 2, Round 6] Progress: 6% (21/305) - Loss: 0.1066
[Client 2, Round 6] Progress: 7% (24/305) - Loss: 0.6340
[Client 2, Round 6] Progress: 8% (27/305) - Loss: 0.1282
[Client 2, Round 6] Progress: 9% (30/305) - Loss: 0.1546
[Client 2, Round 6] Progress: 10% (33/305) - Loss: 0.1169
[Client 2, Round 6] Progress: 11% (36/305) - Loss: 0.1597
[Client 2, Round 6] Progress: 12% (39/305) - Loss: 0.0678
[Client 2, Round 6] Progress: 13% (42/305) - Loss: 0.1477
[Client 2, Round 6] Progress: 14% (45/305) - Loss: 0.1008
[Client 2, Round 6] Progress: 15% (48/305) - Loss: 0.0997
[Client 2, Round 6] Progress: 16% (51/305) - Loss: 0.0820
[Client 2, Round 6] Progress: 17% (54/305) - Loss: 0.1279
[Client 2, Round 6] Progress: 18% (57/305) - Loss: 0.2009
[Client 2, Round 6] Progress: 19% (60/305) - Loss: 0.3616
[Client 2, Round 6] Progress: 20% (63/305) - Loss: 0.1654
[Client 2, Round 6] Progress: 21% (66/305) - Loss: 0.5986
[Client 2, Round 6] Progress: 22% (69/305) - Loss: 0.1357
[Client 2, Round 6] Progress: 23% (72/305) - Loss: 0.1011
[Client 2, Round 6] Progress: 24% (75/305) - Loss: 0.1797
[Client 2, Round 6] Progress: 25% (78/305) - Loss: 0.1088
[Client 2, Round 6] Progress: 26% (81/305) - Loss: 0.2296
[Client 2, Round 6] Progress: 27% (84/305) - Loss: 0.1447
[Client 2, Round 6] Progress: 28% (87/305) - Loss: 0.3305
[Client 2, Round 6] Progress: 29% (90/305) - Loss: 0.1358
[Client 2, Round 6] Progress: 30% (93/305) - Loss: 0.2031
[Client 2, Round 6] Progress: 31% (96/305) - Loss: 0.4055
[Client 2, Round 6] Progress: 32% (99/305) - Loss: 0.1053
[Client 2, Round 6] Progress: 33% (102/305) - Loss: 0.2908
[Client 2, Round 6] Progress: 34% (105/305) - Loss: 0.9571
[Client 2, Round 6] Progress: 35% (108/305) - Loss: 0.4486
[Client 2, Round 6] Progress: 36% (111/305) - Loss: 0.1591
[Client 2, Round 6] Progress: 37% (114/305) - Loss: 0.1753
[Client 2, Round 6] Progress: 38% (117/305) - Loss: 0.1164
[Client 2, Round 6] Progress: 39% (120/305) - Loss: 0.1291
[Client 2, Round 6] Progress: 40% (123/305) - Loss: 0.1958
[Client 2, Round 6] Progress: 41% (126/305) - Loss: 0.2963
[Client 2, Round 6] Progress: 42% (129/305) - Loss: 0.3051
[Client 2, Round 6] Progress: 43% (132/305) - Loss: 0.1268
[Client 2, Round 6] Progress: 44% (135/305) - Loss: 0.1578
[Client 2, Round 6] Progress: 45% (138/305) - Loss: 0.1247
[Client 2, Round 6] Progress: 46% (141/305) - Loss: 0.1340
[Client 2, Round 6] Progress: 47% (144/305) - Loss: 0.2035
[Client 2, Round 6] Progress: 48% (147/305) - Loss: 0.3806
[Client 2, Round 6] Progress: 49% (150/305) - Loss: 0.1613
[Client 2, Round 6] Progress: 50% (153/305) - Loss: 0.1820
[Client 2, Round 6] Progress: 51% (156/305) - Loss: 0.1191
[Client 2, Round 6] Progress: 52% (159/305) - Loss: 0.0806
[Client 2, Round 6] Progress: 53% (162/305) - Loss: 0.2369
[Client 2, Round 6] Progress: 54% (165/305) - Loss: 0.2045
[Client 2, Round 6] Progress: 55% (168/305) - Loss: 0.0728
[Client 2, Round 6] Progress: 56% (171/305) - Loss: 0.1772
[Client 2, Round 6] Progress: 57% (174/305) - Loss: 0.0763
[Client 2, Round 6] Progress: 58% (177/305) - Loss: 0.1986
[Client 2, Round 6] Progress: 59% (180/305) - Loss: 0.2771
[Client 2, Round 6] Progress: 60% (183/305) - Loss: 0.1191
[Client 2, Round 6] Progress: 60% (186/305) - Loss: 0.0833
[Client 2, Round 6] Progress: 61% (189/305) - Loss: 0.2111
[Client 2, Round 6] Progress: 62% (192/305) - Loss: 0.3940
[Client 2, Round 6] Progress: 63% (195/305) - Loss: 0.1014
[Client 2, Round 6] Progress: 64% (198/305) - Loss: 0.0795
[Client 2, Round 6] Progress: 65% (201/305) - Loss: 0.2127
[Client 2, Round 6] Progress: 66% (204/305) - Loss: 0.1248
[Client 2, Round 6] Progress: 67% (207/305) - Loss: 0.0731
[Client 2, Round 6] Progress: 68% (210/305) - Loss: 0.1284
[Client 2, Round 6] Progress: 69% (213/305) - Loss: 0.0977
[Client 2, Round 6] Progress: 70% (216/305) - Loss: 0.3281
[Client 2, Round 6] Progress: 71% (219/305) - Loss: 0.1162
[Client 2, Round 6] Progress: 72% (222/305) - Loss: 0.1755
[Client 2, Round 6] Progress: 73% (225/305) - Loss: 0.1264
[Client 2, Round 6] Progress: 74% (228/305) - Loss: 0.0712
[Client 2, Round 6] Progress: 75% (231/305) - Loss: 0.0786
[Client 2, Round 6] Progress: 76% (234/305) - Loss: 0.1647
[Client 2, Round 6] Progress: 77% (237/305) - Loss: 0.0948
[Client 2, Round 6] Progress: 78% (240/305) - Loss: 0.1712
[Client 2, Round 6] Progress: 79% (243/305) - Loss: 0.1785
[Client 2, Round 6] Progress: 80% (246/305) - Loss: 0.2024
[Client 2, Round 6] Progress: 81% (249/305) - Loss: 0.1118
[Client 2, Round 6] Progress: 82% (252/305) - Loss: 0.0833
[Client 2, Round 6] Progress: 83% (255/305) - Loss: 0.0718
[Client 2, Round 6] Progress: 84% (258/305) - Loss: 0.1479
[Client 2, Round 6] Progress: 85% (261/305) - Loss: 0.0740
[Client 2, Round 6] Progress: 86% (264/305) - Loss: 0.0959
[Client 2, Round 6] Progress: 87% (267/305) - Loss: 0.1297
[Client 2, Round 6] Progress: 88% (270/305) - Loss: 0.1130
[Client 2, Round 6] Progress: 89% (273/305) - Loss: 0.7396
[Client 2, Round 6] Progress: 90% (276/305) - Loss: 0.1165
[Client 2, Round 6] Progress: 91% (279/305) - Loss: 0.1533
[Client 2, Round 6] Progress: 92% (282/305) - Loss: 0.7543
[Client 2, Round 6] Progress: 93% (285/305) - Loss: 0.3202
[Client 2, Round 6] Progress: 94% (288/305) - Loss: 0.2164
[Client 2, Round 6] Progress: 95% (291/305) - Loss: 0.1271
[Client 2, Round 6] Progress: 96% (294/305) - Loss: 0.2846
[Client 2, Round 6] Progress: 97% (297/305) - Loss: 0.1786
[Client 2, Round 6] Progress: 98% (300/305) - Loss: 0.1351
[Client 2, Round 6] Progress: 99% (303/305) - Loss: 0.0982
[Client 2, Round 6] Progress: 100% (305/305) - Loss: 0.1572
[Client 2, Round 6] Train Loss: 0.2008
[Client 2, Round 6] Val Loss: 0.2194 | Val Dice: 0.7988
[Client 2, Round 7] Progress: 0% (3/305) - Loss: 0.2099
[Client 2, Round 7] Progress: 1% (6/305) - Loss: 0.1037
[Client 2, Round 7] Progress: 2% (9/305) - Loss: 0.1379
[Client 2, Round 7] Progress: 3% (12/305) - Loss: 0.3966
[Client 2, Round 7] Progress: 4% (15/305) - Loss: 0.1009
[Client 2, Round 7] Progress: 5% (18/305) - Loss: 0.3116
[Client 2, Round 7] Progress: 6% (21/305) - Loss: 0.3723
[Client 2, Round 7] Progress: 7% (24/305) - Loss: 0.0991
[Client 2, Round 7] Progress: 8% (27/305) - Loss: 0.1296
[Client 2, Round 7] Progress: 9% (30/305) - Loss: 0.1120
[Client 2, Round 7] Progress: 10% (33/305) - Loss: 0.1731
[Client 2, Round 7] Progress: 11% (36/305) - Loss: 0.2006
[Client 2, Round 7] Progress: 12% (39/305) - Loss: 0.2265
[Client 2, Round 7] Progress: 13% (42/305) - Loss: 0.3111
[Client 2, Round 7] Progress: 14% (45/305) - Loss: 0.1617
[Client 2, Round 7] Progress: 15% (48/305) - Loss: 0.1530
[Client 2, Round 7] Progress: 16% (51/305) - Loss: 0.1716
[Client 2, Round 7] Progress: 17% (54/305) - Loss: 0.1610
[Client 2, Round 7] Progress: 18% (57/305) - Loss: 0.2084
[Client 2, Round 7] Progress: 19% (60/305) - Loss: 0.7642
[Client 2, Round 7] Progress: 20% (63/305) - Loss: 0.3622
[Client 2, Round 7] Progress: 21% (66/305) - Loss: 0.1083
[Client 2, Round 7] Progress: 22% (69/305) - Loss: 0.1361
[Client 2, Round 7] Progress: 23% (72/305) - Loss: 0.0994
[Client 2, Round 7] Progress: 24% (75/305) - Loss: 0.1586
[Client 2, Round 7] Progress: 25% (78/305) - Loss: 0.2327
[Client 2, Round 7] Progress: 26% (81/305) - Loss: 0.0843
[Client 2, Round 7] Progress: 27% (84/305) - Loss: 0.8578
[Client 2, Round 7] Progress: 28% (87/305) - Loss: 0.2451
[Client 2, Round 7] Progress: 29% (90/305) - Loss: 0.1138
[Client 2, Round 7] Progress: 30% (93/305) - Loss: 0.2575
[Client 2, Round 7] Progress: 31% (96/305) - Loss: 0.1878
[Client 2, Round 7] Progress: 32% (99/305) - Loss: 0.2159
[Client 2, Round 7] Progress: 33% (102/305) - Loss: 0.1298
[Client 2, Round 7] Progress: 34% (105/305) - Loss: 0.1622
[Client 2, Round 7] Progress: 35% (108/305) - Loss: 0.1599
[Client 2, Round 7] Progress: 36% (111/305) - Loss: 0.3928
[Client 2, Round 7] Progress: 37% (114/305) - Loss: 0.3384
[Client 2, Round 7] Progress: 38% (117/305) - Loss: 0.1088
[Client 2, Round 7] Progress: 39% (120/305) - Loss: 0.2159
[Client 2, Round 7] Progress: 40% (123/305) - Loss: 0.1062
[Client 2, Round 7] Progress: 41% (126/305) - Loss: 0.2612
[Client 2, Round 7] Progress: 42% (129/305) - Loss: 0.1181
[Client 2, Round 7] Progress: 43% (132/305) - Loss: 0.1780
[Client 2, Round 7] Progress: 44% (135/305) - Loss: 0.2136
[Client 2, Round 7] Progress: 45% (138/305) - Loss: 0.1972
[Client 2, Round 7] Progress: 46% (141/305) - Loss: 0.1715
[Client 2, Round 7] Progress: 47% (144/305) - Loss: 0.3646
[Client 2, Round 7] Progress: 48% (147/305) - Loss: 0.1493
[Client 2, Round 7] Progress: 49% (150/305) - Loss: 0.1762
[Client 2, Round 7] Progress: 50% (153/305) - Loss: 0.1104
[Client 2, Round 7] Progress: 51% (156/305) - Loss: 0.1446
[Client 2, Round 7] Progress: 52% (159/305) - Loss: 0.1684
[Client 2, Round 7] Progress: 53% (162/305) - Loss: 0.1170
[Client 2, Round 7] Progress: 54% (165/305) - Loss: 0.3933
[Client 2, Round 7] Progress: 55% (168/305) - Loss: 0.1440
[Client 2, Round 7] Progress: 56% (171/305) - Loss: 0.4524
[Client 2, Round 7] Progress: 57% (174/305) - Loss: 0.1057
[Client 2, Round 7] Progress: 58% (177/305) - Loss: 0.2104
[Client 2, Round 7] Progress: 59% (180/305) - Loss: 0.6028
[Client 2, Round 7] Progress: 60% (183/305) - Loss: 0.3778
[Client 2, Round 7] Progress: 60% (186/305) - Loss: 0.0861
[Client 2, Round 7] Progress: 61% (189/305) - Loss: 0.1572
[Client 2, Round 7] Progress: 62% (192/305) - Loss: 0.2999
[Client 2, Round 7] Progress: 63% (195/305) - Loss: 0.0970
[Client 2, Round 7] Progress: 64% (198/305) - Loss: 0.1336
[Client 2, Round 7] Progress: 65% (201/305) - Loss: 0.6495
[Client 2, Round 7] Progress: 66% (204/305) - Loss: 0.2562
[Client 2, Round 7] Progress: 67% (207/305) - Loss: 0.1412
[Client 2, Round 7] Progress: 68% (210/305) - Loss: 0.0871
[Client 2, Round 7] Progress: 69% (213/305) - Loss: 0.2074
[Client 2, Round 7] Progress: 70% (216/305) - Loss: 0.2990
[Client 2, Round 7] Progress: 71% (219/305) - Loss: 0.6059
[Client 2, Round 7] Progress: 72% (222/305) - Loss: 0.0875
[Client 2, Round 7] Progress: 73% (225/305) - Loss: 0.0937
[Client 2, Round 7] Progress: 74% (228/305) - Loss: 0.1644
[Client 2, Round 7] Progress: 75% (231/305) - Loss: 0.1100
[Client 2, Round 7] Progress: 76% (234/305) - Loss: 0.1035
[Client 2, Round 7] Progress: 77% (237/305) - Loss: 0.1932
[Client 2, Round 7] Progress: 78% (240/305) - Loss: 0.1167
[Client 2, Round 7] Progress: 79% (243/305) - Loss: 0.0665
[Client 2, Round 7] Progress: 80% (246/305) - Loss: 0.0816
[Client 2, Round 7] Progress: 81% (249/305) - Loss: 0.1663
[Client 2, Round 7] Progress: 82% (252/305) - Loss: 0.1104
[Client 2, Round 7] Progress: 83% (255/305) - Loss: 0.2277
[Client 2, Round 7] Progress: 84% (258/305) - Loss: 0.1509
[Client 2, Round 7] Progress: 85% (261/305) - Loss: 0.0958
[Client 2, Round 7] Progress: 86% (264/305) - Loss: 0.1635
[Client 2, Round 7] Progress: 87% (267/305) - Loss: 0.1037
[Client 2, Round 7] Progress: 88% (270/305) - Loss: 0.0904
[Client 2, Round 7] Progress: 89% (273/305) - Loss: 0.8608
[Client 2, Round 7] Progress: 90% (276/305) - Loss: 0.1931
[Client 2, Round 7] Progress: 91% (279/305) - Loss: 0.1614
[Client 2, Round 7] Progress: 92% (282/305) - Loss: 0.1274
[Client 2, Round 7] Progress: 93% (285/305) - Loss: 0.1273
[Client 2, Round 7] Progress: 94% (288/305) - Loss: 0.2067
[Client 2, Round 7] Progress: 95% (291/305) - Loss: 0.0817
[Client 2, Round 7] Progress: 96% (294/305) - Loss: 0.2621
[Client 2, Round 7] Progress: 97% (297/305) - Loss: 0.1544
[Client 2, Round 7] Progress: 98% (300/305) - Loss: 0.1174
[Client 2, Round 7] Progress: 99% (303/305) - Loss: 0.0907
[Client 2, Round 7] Progress: 100% (305/305) - Loss: 0.0836
[Client 2, Round 7] Train Loss: 0.1967
[Client 2, Round 7] Val Loss: 0.2270 | Val Dice: 0.7798
[Client 2, Round 8] Progress: 0% (3/305) - Loss: 0.3142
[Client 2, Round 8] Progress: 1% (6/305) - Loss: 0.2465
[Client 2, Round 8] Progress: 2% (9/305) - Loss: 0.1084
[Client 2, Round 8] Progress: 3% (12/305) - Loss: 0.1792
[Client 2, Round 8] Progress: 4% (15/305) - Loss: 0.2450
[Client 2, Round 8] Progress: 5% (18/305) - Loss: 0.1783
[Client 2, Round 8] Progress: 6% (21/305) - Loss: 0.1615
[Client 2, Round 8] Progress: 7% (24/305) - Loss: 0.3428
[Client 2, Round 8] Progress: 8% (27/305) - Loss: 0.5741
[Client 2, Round 8] Progress: 9% (30/305) - Loss: 0.1211
[Client 2, Round 8] Progress: 10% (33/305) - Loss: 0.1051
[Client 2, Round 8] Progress: 11% (36/305) - Loss: 0.0905
[Client 2, Round 8] Progress: 12% (39/305) - Loss: 0.9835
[Client 2, Round 8] Progress: 13% (42/305) - Loss: 0.0869
[Client 2, Round 8] Progress: 14% (45/305) - Loss: 0.0821
[Client 2, Round 8] Progress: 15% (48/305) - Loss: 0.0955
[Client 2, Round 8] Progress: 16% (51/305) - Loss: 0.1398
[Client 2, Round 8] Progress: 17% (54/305) - Loss: 0.2111
[Client 2, Round 8] Progress: 18% (57/305) - Loss: 0.2020
[Client 2, Round 8] Progress: 19% (60/305) - Loss: 0.1815
[Client 2, Round 8] Progress: 20% (63/305) - Loss: 0.1043
[Client 2, Round 8] Progress: 21% (66/305) - Loss: 0.0805
[Client 2, Round 8] Progress: 22% (69/305) - Loss: 0.1898
[Client 2, Round 8] Progress: 23% (72/305) - Loss: 0.0980
[Client 2, Round 8] Progress: 24% (75/305) - Loss: 0.2080
[Client 2, Round 8] Progress: 25% (78/305) - Loss: 0.1990
[Client 2, Round 8] Progress: 26% (81/305) - Loss: 0.1243
[Client 2, Round 8] Progress: 27% (84/305) - Loss: 0.1718
[Client 2, Round 8] Progress: 28% (87/305) - Loss: 0.0988
[Client 2, Round 8] Progress: 29% (90/305) - Loss: 0.1468
[Client 2, Round 8] Progress: 30% (93/305) - Loss: 0.1379
[Client 2, Round 8] Progress: 31% (96/305) - Loss: 0.7125
[Client 2, Round 8] Progress: 32% (99/305) - Loss: 0.1693
[Client 2, Round 8] Progress: 33% (102/305) - Loss: 0.1416
[Client 2, Round 8] Progress: 34% (105/305) - Loss: 0.6332
[Client 2, Round 8] Progress: 35% (108/305) - Loss: 0.3620
[Client 2, Round 8] Progress: 36% (111/305) - Loss: 0.0510
[Client 2, Round 8] Progress: 37% (114/305) - Loss: 0.0864
[Client 2, Round 8] Progress: 38% (117/305) - Loss: 0.2153
[Client 2, Round 8] Progress: 39% (120/305) - Loss: 0.0936
[Client 2, Round 8] Progress: 40% (123/305) - Loss: 0.0975
[Client 2, Round 8] Progress: 41% (126/305) - Loss: 0.1799
[Client 2, Round 8] Progress: 42% (129/305) - Loss: 0.2393
[Client 2, Round 8] Progress: 43% (132/305) - Loss: 0.1677
[Client 2, Round 8] Progress: 44% (135/305) - Loss: 0.1229
[Client 2, Round 8] Progress: 45% (138/305) - Loss: 0.1664
[Client 2, Round 8] Progress: 46% (141/305) - Loss: 0.1664
[Client 2, Round 8] Progress: 47% (144/305) - Loss: 0.0738
[Client 2, Round 8] Progress: 48% (147/305) - Loss: 0.1619
[Client 2, Round 8] Progress: 49% (150/305) - Loss: 0.0928
[Client 2, Round 8] Progress: 50% (153/305) - Loss: 0.1411
[Client 2, Round 8] Progress: 51% (156/305) - Loss: 0.1458
[Client 2, Round 8] Progress: 52% (159/305) - Loss: 0.1306
[Client 2, Round 8] Progress: 53% (162/305) - Loss: 0.1508
[Client 2, Round 8] Progress: 54% (165/305) - Loss: 0.1728
[Client 2, Round 8] Progress: 55% (168/305) - Loss: 0.2129
[Client 2, Round 8] Progress: 56% (171/305) - Loss: 0.1063
[Client 2, Round 8] Progress: 57% (174/305) - Loss: 0.1055
[Client 2, Round 8] Progress: 58% (177/305) - Loss: 0.1628
[Client 2, Round 8] Progress: 59% (180/305) - Loss: 0.1768
[Client 2, Round 8] Progress: 60% (183/305) - Loss: 0.1346
[Client 2, Round 8] Progress: 60% (186/305) - Loss: 0.0631
[Client 2, Round 8] Progress: 61% (189/305) - Loss: 0.5632
[Client 2, Round 8] Progress: 62% (192/305) - Loss: 0.1549
[Client 2, Round 8] Progress: 63% (195/305) - Loss: 0.0848
[Client 2, Round 8] Progress: 64% (198/305) - Loss: 0.1169
[Client 2, Round 8] Progress: 65% (201/305) - Loss: 0.0960
[Client 2, Round 8] Progress: 66% (204/305) - Loss: 0.1524
[Client 2, Round 8] Progress: 67% (207/305) - Loss: 0.1990
[Client 2, Round 8] Progress: 68% (210/305) - Loss: 0.2021
[Client 2, Round 8] Progress: 69% (213/305) - Loss: 0.0900
[Client 2, Round 8] Progress: 70% (216/305) - Loss: 0.2311
[Client 2, Round 8] Progress: 71% (219/305) - Loss: 0.1636
[Client 2, Round 8] Progress: 72% (222/305) - Loss: 0.3065
[Client 2, Round 8] Progress: 73% (225/305) - Loss: 0.1095
[Client 2, Round 8] Progress: 74% (228/305) - Loss: 0.1204
[Client 2, Round 8] Progress: 75% (231/305) - Loss: 0.1051
[Client 2, Round 8] Progress: 76% (234/305) - Loss: 0.2254
[Client 2, Round 8] Progress: 77% (237/305) - Loss: 0.1654
[Client 2, Round 8] Progress: 78% (240/305) - Loss: 0.2198
[Client 2, Round 8] Progress: 79% (243/305) - Loss: 0.1340
[Client 2, Round 8] Progress: 80% (246/305) - Loss: 0.0749
[Client 2, Round 8] Progress: 81% (249/305) - Loss: 0.0948
[Client 2, Round 8] Progress: 82% (252/305) - Loss: 0.2190
[Client 2, Round 8] Progress: 83% (255/305) - Loss: 0.1634
[Client 2, Round 8] Progress: 84% (258/305) - Loss: 0.0861
[Client 2, Round 8] Progress: 85% (261/305) - Loss: 0.5509
[Client 2, Round 8] Progress: 86% (264/305) - Loss: 0.1043
[Client 2, Round 8] Progress: 87% (267/305) - Loss: 0.1309
[Client 2, Round 8] Progress: 88% (270/305) - Loss: 0.1177
[Client 2, Round 8] Progress: 89% (273/305) - Loss: 0.2498
[Client 2, Round 8] Progress: 90% (276/305) - Loss: 0.3323
[Client 2, Round 8] Progress: 91% (279/305) - Loss: 0.1934
[Client 2, Round 8] Progress: 92% (282/305) - Loss: 0.0854
[Client 2, Round 8] Progress: 93% (285/305) - Loss: 0.0954
[Client 2, Round 8] Progress: 94% (288/305) - Loss: 0.1075
[Client 2, Round 8] Progress: 95% (291/305) - Loss: 0.8306
[Client 2, Round 8] Progress: 96% (294/305) - Loss: 0.3244
[Client 2, Round 8] Progress: 97% (297/305) - Loss: 0.1004
[Client 2, Round 8] Progress: 98% (300/305) - Loss: 0.2595
[Client 2, Round 8] Progress: 99% (303/305) - Loss: 0.3194
[Client 2, Round 8] Progress: 100% (305/305) - Loss: 0.1378
[Client 2, Round 8] Train Loss: 0.1889
[Client 2, Round 8] Val Loss: 0.2004 | Val Dice: 0.8064
[Client 2, Round 9] Progress: 0% (3/305) - Loss: 0.1018
[Client 2, Round 9] Progress: 1% (6/305) - Loss: 0.1026
[Client 2, Round 9] Progress: 2% (9/305) - Loss: 0.3331
[Client 2, Round 9] Progress: 3% (12/305) - Loss: 0.9482
[Client 2, Round 9] Progress: 4% (15/305) - Loss: 0.1351
[Client 2, Round 9] Progress: 5% (18/305) - Loss: 0.0524
[Client 2, Round 9] Progress: 6% (21/305) - Loss: 0.1256
[Client 2, Round 9] Progress: 7% (24/305) - Loss: 0.1294
[Client 2, Round 9] Progress: 8% (27/305) - Loss: 0.1604
[Client 2, Round 9] Progress: 9% (30/305) - Loss: 0.1121
[Client 2, Round 9] Progress: 10% (33/305) - Loss: 0.1409
[Client 2, Round 9] Progress: 11% (36/305) - Loss: 0.3224
[Client 2, Round 9] Progress: 12% (39/305) - Loss: 0.2802
[Client 2, Round 9] Progress: 13% (42/305) - Loss: 0.1475
[Client 2, Round 9] Progress: 14% (45/305) - Loss: 0.4481
[Client 2, Round 9] Progress: 15% (48/305) - Loss: 0.1175
[Client 2, Round 9] Progress: 16% (51/305) - Loss: 0.1308
[Client 2, Round 9] Progress: 17% (54/305) - Loss: 0.0849
[Client 2, Round 9] Progress: 18% (57/305) - Loss: 0.1306
[Client 2, Round 9] Progress: 19% (60/305) - Loss: 0.1701
[Client 2, Round 9] Progress: 20% (63/305) - Loss: 0.5216
[Client 2, Round 9] Progress: 21% (66/305) - Loss: 0.0841
[Client 2, Round 9] Progress: 22% (69/305) - Loss: 0.7278
[Client 2, Round 9] Progress: 23% (72/305) - Loss: 0.1414
[Client 2, Round 9] Progress: 24% (75/305) - Loss: 0.1048
[Client 2, Round 9] Progress: 25% (78/305) - Loss: 0.1223
[Client 2, Round 9] Progress: 26% (81/305) - Loss: 0.0976
[Client 2, Round 9] Progress: 27% (84/305) - Loss: 0.4807
[Client 2, Round 9] Progress: 28% (87/305) - Loss: 0.0967
[Client 2, Round 9] Progress: 29% (90/305) - Loss: 0.0999
[Client 2, Round 9] Progress: 30% (93/305) - Loss: 0.3443
[Client 2, Round 9] Progress: 31% (96/305) - Loss: 0.1148
[Client 2, Round 9] Progress: 32% (99/305) - Loss: 0.1547
[Client 2, Round 9] Progress: 33% (102/305) - Loss: 0.2285
[Client 2, Round 9] Progress: 34% (105/305) - Loss: 0.6571
[Client 2, Round 9] Progress: 35% (108/305) - Loss: 0.2400
[Client 2, Round 9] Progress: 36% (111/305) - Loss: 0.2082
[Client 2, Round 9] Progress: 37% (114/305) - Loss: 0.5042
[Client 2, Round 9] Progress: 38% (117/305) - Loss: 0.1763
[Client 2, Round 9] Progress: 39% (120/305) - Loss: 0.1787
[Client 2, Round 9] Progress: 40% (123/305) - Loss: 0.1585
[Client 2, Round 9] Progress: 41% (126/305) - Loss: 0.0825
[Client 2, Round 9] Progress: 42% (129/305) - Loss: 0.1114
[Client 2, Round 9] Progress: 43% (132/305) - Loss: 0.2526
[Client 2, Round 9] Progress: 44% (135/305) - Loss: 0.0514
[Client 2, Round 9] Progress: 45% (138/305) - Loss: 0.0507
[Client 2, Round 9] Progress: 46% (141/305) - Loss: 0.1139
[Client 2, Round 9] Progress: 47% (144/305) - Loss: 0.1361
[Client 2, Round 9] Progress: 48% (147/305) - Loss: 0.3166
[Client 2, Round 9] Progress: 49% (150/305) - Loss: 0.0794
[Client 2, Round 9] Progress: 50% (153/305) - Loss: 0.0556
[Client 2, Round 9] Progress: 51% (156/305) - Loss: 0.1103
[Client 2, Round 9] Progress: 52% (159/305) - Loss: 0.1512
[Client 2, Round 9] Progress: 53% (162/305) - Loss: 0.0663
[Client 2, Round 9] Progress: 54% (165/305) - Loss: 0.5851
[Client 2, Round 9] Progress: 55% (168/305) - Loss: 0.2538
[Client 2, Round 9] Progress: 56% (171/305) - Loss: 0.1545
[Client 2, Round 9] Progress: 57% (174/305) - Loss: 0.1914
[Client 2, Round 9] Progress: 58% (177/305) - Loss: 0.0570
[Client 2, Round 9] Progress: 59% (180/305) - Loss: 0.1054
[Client 2, Round 9] Progress: 60% (183/305) - Loss: 0.3110
[Client 2, Round 9] Progress: 60% (186/305) - Loss: 0.1984
[Client 2, Round 9] Progress: 61% (189/305) - Loss: 0.3441
[Client 2, Round 9] Progress: 62% (192/305) - Loss: 0.1667
[Client 2, Round 9] Progress: 63% (195/305) - Loss: 0.1055
[Client 2, Round 9] Progress: 64% (198/305) - Loss: 0.1239
[Client 2, Round 9] Progress: 65% (201/305) - Loss: 0.0694
[Client 2, Round 9] Progress: 66% (204/305) - Loss: 0.1256
[Client 2, Round 9] Progress: 67% (207/305) - Loss: 0.1350
[Client 2, Round 9] Progress: 68% (210/305) - Loss: 0.1002
[Client 2, Round 9] Progress: 69% (213/305) - Loss: 0.2638
[Client 2, Round 9] Progress: 70% (216/305) - Loss: 0.1509
[Client 2, Round 9] Progress: 71% (219/305) - Loss: 0.0631
[Client 2, Round 9] Progress: 72% (222/305) - Loss: 0.0589
[Client 2, Round 9] Progress: 73% (225/305) - Loss: 0.1876
[Client 2, Round 9] Progress: 74% (228/305) - Loss: 0.2020
[Client 2, Round 9] Progress: 75% (231/305) - Loss: 0.1818
[Client 2, Round 9] Progress: 76% (234/305) - Loss: 0.1729
[Client 2, Round 9] Progress: 77% (237/305) - Loss: 0.0781
[Client 2, Round 9] Progress: 78% (240/305) - Loss: 0.3013
[Client 2, Round 9] Progress: 79% (243/305) - Loss: 0.1544
[Client 2, Round 9] Progress: 80% (246/305) - Loss: 0.1038
[Client 2, Round 9] Progress: 81% (249/305) - Loss: 0.0977
[Client 2, Round 9] Progress: 82% (252/305) - Loss: 0.2073
[Client 2, Round 9] Progress: 83% (255/305) - Loss: 0.1851
[Client 2, Round 9] Progress: 84% (258/305) - Loss: 0.2401
[Client 2, Round 9] Progress: 85% (261/305) - Loss: 0.0870
[Client 2, Round 9] Progress: 86% (264/305) - Loss: 0.0857
[Client 2, Round 9] Progress: 87% (267/305) - Loss: 0.1582
[Client 2, Round 9] Progress: 88% (270/305) - Loss: 0.1187
[Client 2, Round 9] Progress: 89% (273/305) - Loss: 0.1241
[Client 2, Round 9] Progress: 90% (276/305) - Loss: 0.1347
[Client 2, Round 9] Progress: 91% (279/305) - Loss: 0.8439
[Client 2, Round 9] Progress: 92% (282/305) - Loss: 0.1794
[Client 2, Round 9] Progress: 93% (285/305) - Loss: 0.1642
[Client 2, Round 9] Progress: 94% (288/305) - Loss: 0.1178
[Client 2, Round 9] Progress: 95% (291/305) - Loss: 0.1259
[Client 2, Round 9] Progress: 96% (294/305) - Loss: 0.0764
[Client 2, Round 9] Progress: 97% (297/305) - Loss: 0.1557
[Client 2, Round 9] Progress: 98% (300/305) - Loss: 0.0990
[Client 2, Round 9] Progress: 99% (303/305) - Loss: 0.1468
[Client 2, Round 9] Progress: 100% (305/305) - Loss: 0.1252
[Client 2, Round 9] Train Loss: 0.1875
[Client 2, Round 9] Val Loss: 0.1950 | Val Dice: 0.8130
[Client 2, Round 10] Progress: 0% (3/305) - Loss: 0.1418
[Client 2, Round 10] Progress: 1% (6/305) - Loss: 0.0706
[Client 2, Round 10] Progress: 2% (9/305) - Loss: 0.0848
[Client 2, Round 10] Progress: 3% (12/305) - Loss: 0.1336
[Client 2, Round 10] Progress: 4% (15/305) - Loss: 0.1297
[Client 2, Round 10] Progress: 5% (18/305) - Loss: 0.1304
[Client 2, Round 10] Progress: 6% (21/305) - Loss: 0.0963
[Client 2, Round 10] Progress: 7% (24/305) - Loss: 0.1017
[Client 2, Round 10] Progress: 8% (27/305) - Loss: 0.0924
[Client 2, Round 10] Progress: 9% (30/305) - Loss: 0.1498
[Client 2, Round 10] Progress: 10% (33/305) - Loss: 0.1246
[Client 2, Round 10] Progress: 11% (36/305) - Loss: 0.1466
[Client 2, Round 10] Progress: 12% (39/305) - Loss: 0.2492
[Client 2, Round 10] Progress: 13% (42/305) - Loss: 0.0954
[Client 2, Round 10] Progress: 14% (45/305) - Loss: 0.1957
[Client 2, Round 10] Progress: 15% (48/305) - Loss: 0.2501
[Client 2, Round 10] Progress: 16% (51/305) - Loss: 0.2107
[Client 2, Round 10] Progress: 17% (54/305) - Loss: 0.0737
[Client 2, Round 10] Progress: 18% (57/305) - Loss: 0.1182
[Client 2, Round 10] Progress: 19% (60/305) - Loss: 0.0845
[Client 2, Round 10] Progress: 20% (63/305) - Loss: 0.1244
[Client 2, Round 10] Progress: 21% (66/305) - Loss: 0.1398
[Client 2, Round 10] Progress: 22% (69/305) - Loss: 0.1710
[Client 2, Round 10] Progress: 23% (72/305) - Loss: 0.1828
[Client 2, Round 10] Progress: 24% (75/305) - Loss: 0.1263
[Client 2, Round 10] Progress: 25% (78/305) - Loss: 0.0475
[Client 2, Round 10] Progress: 26% (81/305) - Loss: 0.0912
[Client 2, Round 10] Progress: 27% (84/305) - Loss: 0.1349
[Client 2, Round 10] Progress: 28% (87/305) - Loss: 0.0863
[Client 2, Round 10] Progress: 29% (90/305) - Loss: 0.1945
[Client 2, Round 10] Progress: 30% (93/305) - Loss: 0.0945
[Client 2, Round 10] Progress: 31% (96/305) - Loss: 0.2447
[Client 2, Round 10] Progress: 32% (99/305) - Loss: 0.2099
[Client 2, Round 10] Progress: 33% (102/305) - Loss: 0.1186
[Client 2, Round 10] Progress: 34% (105/305) - Loss: 0.0713
[Client 2, Round 10] Progress: 35% (108/305) - Loss: 0.1418
[Client 2, Round 10] Progress: 36% (111/305) - Loss: 0.1560
[Client 2, Round 10] Progress: 37% (114/305) - Loss: 0.1461
[Client 2, Round 10] Progress: 38% (117/305) - Loss: 0.1501
[Client 2, Round 10] Progress: 39% (120/305) - Loss: 0.0921
[Client 2, Round 10] Progress: 40% (123/305) - Loss: 0.0852
[Client 2, Round 10] Progress: 41% (126/305) - Loss: 0.0905
[Client 2, Round 10] Progress: 42% (129/305) - Loss: 0.3518
[Client 2, Round 10] Progress: 43% (132/305) - Loss: 0.0658
[Client 2, Round 10] Progress: 44% (135/305) - Loss: 0.0658
[Client 2, Round 10] Progress: 45% (138/305) - Loss: 0.0741
[Client 2, Round 10] Progress: 46% (141/305) - Loss: 0.0510
[Client 2, Round 10] Progress: 47% (144/305) - Loss: 0.2800
[Client 2, Round 10] Progress: 48% (147/305) - Loss: 0.2886
[Client 2, Round 10] Progress: 49% (150/305) - Loss: 0.0888
[Client 2, Round 10] Progress: 50% (153/305) - Loss: 0.6385
[Client 2, Round 10] Progress: 51% (156/305) - Loss: 0.1322
[Client 2, Round 10] Progress: 52% (159/305) - Loss: 0.3023
[Client 2, Round 10] Progress: 53% (162/305) - Loss: 0.1382
[Client 2, Round 10] Progress: 54% (165/305) - Loss: 0.2027
[Client 2, Round 10] Progress: 55% (168/305) - Loss: 0.2158
[Client 2, Round 10] Progress: 56% (171/305) - Loss: 0.2727
[Client 2, Round 10] Progress: 57% (174/305) - Loss: 0.1636
[Client 2, Round 10] Progress: 58% (177/305) - Loss: 0.1748
[Client 2, Round 10] Progress: 59% (180/305) - Loss: 0.1158
[Client 2, Round 10] Progress: 60% (183/305) - Loss: 0.4404
[Client 2, Round 10] Progress: 60% (186/305) - Loss: 0.0950
[Client 2, Round 10] Progress: 61% (189/305) - Loss: 0.0976
[Client 2, Round 10] Progress: 62% (192/305) - Loss: 0.1687
[Client 2, Round 10] Progress: 63% (195/305) - Loss: 0.0935
[Client 2, Round 10] Progress: 64% (198/305) - Loss: 0.4642
[Client 2, Round 10] Progress: 65% (201/305) - Loss: 0.2419
[Client 2, Round 10] Progress: 66% (204/305) - Loss: 0.0652
[Client 2, Round 10] Progress: 67% (207/305) - Loss: 0.1816
[Client 2, Round 10] Progress: 68% (210/305) - Loss: 0.1600
[Client 2, Round 10] Progress: 69% (213/305) - Loss: 0.1517
[Client 2, Round 10] Progress: 70% (216/305) - Loss: 0.1813
[Client 2, Round 10] Progress: 71% (219/305) - Loss: 0.1003
[Client 2, Round 10] Progress: 72% (222/305) - Loss: 0.5419
[Client 2, Round 10] Progress: 73% (225/305) - Loss: 0.1166
[Client 2, Round 10] Progress: 74% (228/305) - Loss: 0.2620
[Client 2, Round 10] Progress: 75% (231/305) - Loss: 0.2388
[Client 2, Round 10] Progress: 76% (234/305) - Loss: 0.9756
[Client 2, Round 10] Progress: 77% (237/305) - Loss: 0.2379
[Client 2, Round 10] Progress: 78% (240/305) - Loss: 0.0994
[Client 2, Round 10] Progress: 79% (243/305) - Loss: 0.1282
[Client 2, Round 10] Progress: 80% (246/305) - Loss: 0.2296
[Client 2, Round 10] Progress: 81% (249/305) - Loss: 0.2932
[Client 2, Round 10] Progress: 82% (252/305) - Loss: 0.0904
[Client 2, Round 10] Progress: 83% (255/305) - Loss: 0.7005
[Client 2, Round 10] Progress: 84% (258/305) - Loss: 0.1009
[Client 2, Round 10] Progress: 85% (261/305) - Loss: 0.1361
[Client 2, Round 10] Progress: 86% (264/305) - Loss: 0.1847
[Client 2, Round 10] Progress: 87% (267/305) - Loss: 0.3721
[Client 2, Round 10] Progress: 88% (270/305) - Loss: 0.1298
[Client 2, Round 10] Progress: 89% (273/305) - Loss: 0.0996
[Client 2, Round 10] Progress: 90% (276/305) - Loss: 0.1802
[Client 2, Round 10] Progress: 91% (279/305) - Loss: 0.0940
[Client 2, Round 10] Progress: 92% (282/305) - Loss: 0.1340
[Client 2, Round 10] Progress: 93% (285/305) - Loss: 0.1281
[Client 2, Round 10] Progress: 94% (288/305) - Loss: 0.1509
[Client 2, Round 10] Progress: 95% (291/305) - Loss: 0.0853
[Client 2, Round 10] Progress: 96% (294/305) - Loss: 0.0851
[Client 2, Round 10] Progress: 97% (297/305) - Loss: 0.1404
[Client 2, Round 10] Progress: 98% (300/305) - Loss: 0.1025
[Client 2, Round 10] Progress: 99% (303/305) - Loss: 0.3395
[Client 2, Round 10] Progress: 100% (305/305) - Loss: 0.0976
[Client 2, Round 10] Train Loss: 0.1871
[Client 2, Round 10] Val Loss: 0.1897 | Val Dice: 0.8156
[Client 2, Round 11] Progress: 0% (3/305) - Loss: 0.0411
[Client 2, Round 11] Progress: 1% (6/305) - Loss: 0.1912
[Client 2, Round 11] Progress: 2% (9/305) - Loss: 0.2016
[Client 2, Round 11] Progress: 3% (12/305) - Loss: 0.1223
[Client 2, Round 11] Progress: 4% (15/305) - Loss: 0.1717
[Client 2, Round 11] Progress: 5% (18/305) - Loss: 0.1269
[Client 2, Round 11] Progress: 6% (21/305) - Loss: 0.3397
[Client 2, Round 11] Progress: 7% (24/305) - Loss: 0.1174
[Client 2, Round 11] Progress: 8% (27/305) - Loss: 0.1181
[Client 2, Round 11] Progress: 9% (30/305) - Loss: 0.1043
[Client 2, Round 11] Progress: 10% (33/305) - Loss: 0.3015
[Client 2, Round 11] Progress: 11% (36/305) - Loss: 0.1903
[Client 2, Round 11] Progress: 12% (39/305) - Loss: 0.1707
[Client 2, Round 11] Progress: 13% (42/305) - Loss: 0.0874
[Client 2, Round 11] Progress: 14% (45/305) - Loss: 0.0747
[Client 2, Round 11] Progress: 15% (48/305) - Loss: 0.1817
[Client 2, Round 11] Progress: 16% (51/305) - Loss: 0.1509
[Client 2, Round 11] Progress: 17% (54/305) - Loss: 0.0923
[Client 2, Round 11] Progress: 18% (57/305) - Loss: 0.1577
[Client 2, Round 11] Progress: 19% (60/305) - Loss: 0.3042
[Client 2, Round 11] Progress: 20% (63/305) - Loss: 0.2028
[Client 2, Round 11] Progress: 21% (66/305) - Loss: 0.0840
[Client 2, Round 11] Progress: 22% (69/305) - Loss: 0.3193
[Client 2, Round 11] Progress: 23% (72/305) - Loss: 0.1490
[Client 2, Round 11] Progress: 24% (75/305) - Loss: 0.0976
[Client 2, Round 11] Progress: 25% (78/305) - Loss: 0.1862
[Client 2, Round 11] Progress: 26% (81/305) - Loss: 0.1277
[Client 2, Round 11] Progress: 27% (84/305) - Loss: 0.0640
[Client 2, Round 11] Progress: 28% (87/305) - Loss: 0.1680
[Client 2, Round 11] Progress: 29% (90/305) - Loss: 0.0957
[Client 2, Round 11] Progress: 30% (93/305) - Loss: 0.0590
[Client 2, Round 11] Progress: 31% (96/305) - Loss: 0.1336
[Client 2, Round 11] Progress: 32% (99/305) - Loss: 0.1642
[Client 2, Round 11] Progress: 33% (102/305) - Loss: 0.0887
[Client 2, Round 11] Progress: 34% (105/305) - Loss: 0.0979
[Client 2, Round 11] Progress: 35% (108/305) - Loss: 0.2759
[Client 2, Round 11] Progress: 36% (111/305) - Loss: 0.2172
[Client 2, Round 11] Progress: 37% (114/305) - Loss: 0.1002
[Client 2, Round 11] Progress: 38% (117/305) - Loss: 0.2017
[Client 2, Round 11] Progress: 39% (120/305) - Loss: 0.1622
[Client 2, Round 11] Progress: 40% (123/305) - Loss: 0.0774
[Client 2, Round 11] Progress: 41% (126/305) - Loss: 0.5161
[Client 2, Round 11] Progress: 42% (129/305) - Loss: 0.1392
[Client 2, Round 11] Progress: 43% (132/305) - Loss: 0.1101
[Client 2, Round 11] Progress: 44% (135/305) - Loss: 0.0585
[Client 2, Round 11] Progress: 45% (138/305) - Loss: 0.2224
[Client 2, Round 11] Progress: 46% (141/305) - Loss: 0.0916
[Client 2, Round 11] Progress: 47% (144/305) - Loss: 0.0780
[Client 2, Round 11] Progress: 48% (147/305) - Loss: 0.0948
[Client 2, Round 11] Progress: 49% (150/305) - Loss: 0.0707
[Client 2, Round 11] Progress: 50% (153/305) - Loss: 0.1295
[Client 2, Round 11] Progress: 51% (156/305) - Loss: 0.1478
[Client 2, Round 11] Progress: 52% (159/305) - Loss: 0.2614
[Client 2, Round 11] Progress: 53% (162/305) - Loss: 0.2570
[Client 2, Round 11] Progress: 54% (165/305) - Loss: 0.1174
[Client 2, Round 11] Progress: 55% (168/305) - Loss: 0.0657
[Client 2, Round 11] Progress: 56% (171/305) - Loss: 0.1083
[Client 2, Round 11] Progress: 57% (174/305) - Loss: 0.1006
[Client 2, Round 11] Progress: 58% (177/305) - Loss: 0.0915
[Client 2, Round 11] Progress: 59% (180/305) - Loss: 0.0937
[Client 2, Round 11] Progress: 60% (183/305) - Loss: 0.1031
[Client 2, Round 11] Progress: 60% (186/305) - Loss: 0.1145
[Client 2, Round 11] Progress: 61% (189/305) - Loss: 0.1384
[Client 2, Round 11] Progress: 62% (192/305) - Loss: 0.1109
[Client 2, Round 11] Progress: 63% (195/305) - Loss: 0.0496
[Client 2, Round 11] Progress: 64% (198/305) - Loss: 0.1147
[Client 2, Round 11] Progress: 65% (201/305) - Loss: 0.0562
[Client 2, Round 11] Progress: 66% (204/305) - Loss: 0.0571
[Client 2, Round 11] Progress: 67% (207/305) - Loss: 0.1358
[Client 2, Round 11] Progress: 68% (210/305) - Loss: 0.0752
[Client 2, Round 11] Progress: 69% (213/305) - Loss: 0.7139
[Client 2, Round 11] Progress: 70% (216/305) - Loss: 0.1395
[Client 2, Round 11] Progress: 71% (219/305) - Loss: 0.0933
[Client 2, Round 11] Progress: 72% (222/305) - Loss: 0.1112
[Client 2, Round 11] Progress: 73% (225/305) - Loss: 0.2094
[Client 2, Round 11] Progress: 74% (228/305) - Loss: 0.4137
[Client 2, Round 11] Progress: 75% (231/305) - Loss: 0.2065
[Client 2, Round 11] Progress: 76% (234/305) - Loss: 0.1442
[Client 2, Round 11] Progress: 77% (237/305) - Loss: 0.1284
[Client 2, Round 11] Progress: 78% (240/305) - Loss: 0.0726
[Client 2, Round 11] Progress: 79% (243/305) - Loss: 0.1848
[Client 2, Round 11] Progress: 80% (246/305) - Loss: 0.1066
[Client 2, Round 11] Progress: 81% (249/305) - Loss: 0.1412
[Client 2, Round 11] Progress: 82% (252/305) - Loss: 0.2013
[Client 2, Round 11] Progress: 83% (255/305) - Loss: 0.1073
[Client 2, Round 11] Progress: 84% (258/305) - Loss: 0.1146
[Client 2, Round 11] Progress: 85% (261/305) - Loss: 0.1495
[Client 2, Round 11] Progress: 86% (264/305) - Loss: 0.1345
[Client 2, Round 11] Progress: 87% (267/305) - Loss: 0.1405
[Client 2, Round 11] Progress: 88% (270/305) - Loss: 0.1381
[Client 2, Round 11] Progress: 89% (273/305) - Loss: 0.0951
[Client 2, Round 11] Progress: 90% (276/305) - Loss: 0.1540
[Client 2, Round 11] Progress: 91% (279/305) - Loss: 0.0852
[Client 2, Round 11] Progress: 92% (282/305) - Loss: 0.1512
[Client 2, Round 11] Progress: 93% (285/305) - Loss: 0.0676
[Client 2, Round 11] Progress: 94% (288/305) - Loss: 0.1192
[Client 2, Round 11] Progress: 95% (291/305) - Loss: 0.0795
[Client 2, Round 11] Progress: 96% (294/305) - Loss: 0.0876
[Client 2, Round 11] Progress: 97% (297/305) - Loss: 0.0791
[Client 2, Round 11] Progress: 98% (300/305) - Loss: 0.0917
[Client 2, Round 11] Progress: 99% (303/305) - Loss: 0.0731
[Client 2, Round 11] Progress: 100% (305/305) - Loss: 0.3004
[Client 2, Round 11] Train Loss: 0.1654
[Client 2, Round 11] Val Loss: 0.1803 | Val Dice: 0.8249
[Client 2, Round 12] Progress: 0% (3/305) - Loss: 0.1751
[Client 2, Round 12] Progress: 1% (6/305) - Loss: 0.2181
[Client 2, Round 12] Progress: 2% (9/305) - Loss: 0.1521
[Client 2, Round 12] Progress: 3% (12/305) - Loss: 0.1145
[Client 2, Round 12] Progress: 4% (15/305) - Loss: 0.1723
[Client 2, Round 12] Progress: 5% (18/305) - Loss: 0.1239
[Client 2, Round 12] Progress: 6% (21/305) - Loss: 0.0959
[Client 2, Round 12] Progress: 7% (24/305) - Loss: 0.3419
[Client 2, Round 12] Progress: 8% (27/305) - Loss: 0.1367
[Client 2, Round 12] Progress: 9% (30/305) - Loss: 0.0684
[Client 2, Round 12] Progress: 10% (33/305) - Loss: 0.1288
[Client 2, Round 12] Progress: 11% (36/305) - Loss: 0.1107
[Client 2, Round 12] Progress: 12% (39/305) - Loss: 0.2945
[Client 2, Round 12] Progress: 13% (42/305) - Loss: 0.1358
[Client 2, Round 12] Progress: 14% (45/305) - Loss: 0.0708
[Client 2, Round 12] Progress: 15% (48/305) - Loss: 0.1708
[Client 2, Round 12] Progress: 16% (51/305) - Loss: 0.0844
[Client 2, Round 12] Progress: 17% (54/305) - Loss: 0.2441
[Client 2, Round 12] Progress: 18% (57/305) - Loss: 0.1848
[Client 2, Round 12] Progress: 19% (60/305) - Loss: 0.0850
[Client 2, Round 12] Progress: 20% (63/305) - Loss: 0.1478
[Client 2, Round 12] Progress: 21% (66/305) - Loss: 0.0940
[Client 2, Round 12] Progress: 22% (69/305) - Loss: 0.0509
[Client 2, Round 12] Progress: 23% (72/305) - Loss: 0.2933
[Client 2, Round 12] Progress: 24% (75/305) - Loss: 0.2944
[Client 2, Round 12] Progress: 25% (78/305) - Loss: 0.2094
[Client 2, Round 12] Progress: 26% (81/305) - Loss: 0.1407
[Client 2, Round 12] Progress: 27% (84/305) - Loss: 0.0591
[Client 2, Round 12] Progress: 28% (87/305) - Loss: 0.0684
[Client 2, Round 12] Progress: 29% (90/305) - Loss: 0.1866
[Client 2, Round 12] Progress: 30% (93/305) - Loss: 0.1180
[Client 2, Round 12] Progress: 31% (96/305) - Loss: 0.1137
[Client 2, Round 12] Progress: 32% (99/305) - Loss: 0.0885
[Client 2, Round 12] Progress: 33% (102/305) - Loss: 0.4625
[Client 2, Round 12] Progress: 34% (105/305) - Loss: 0.6723
[Client 2, Round 12] Progress: 35% (108/305) - Loss: 0.0897
[Client 2, Round 12] Progress: 36% (111/305) - Loss: 0.0689
[Client 2, Round 12] Progress: 37% (114/305) - Loss: 0.1157
[Client 2, Round 12] Progress: 38% (117/305) - Loss: 0.0827
[Client 2, Round 12] Progress: 39% (120/305) - Loss: 0.0981
[Client 2, Round 12] Progress: 40% (123/305) - Loss: 0.0761
[Client 2, Round 12] Progress: 41% (126/305) - Loss: 0.0822
[Client 2, Round 12] Progress: 42% (129/305) - Loss: 0.1412
[Client 2, Round 12] Progress: 43% (132/305) - Loss: 0.1516
[Client 2, Round 12] Progress: 44% (135/305) - Loss: 0.1998
[Client 2, Round 12] Progress: 45% (138/305) - Loss: 0.2229
[Client 2, Round 12] Progress: 46% (141/305) - Loss: 0.1011
[Client 2, Round 12] Progress: 47% (144/305) - Loss: 0.1330
[Client 2, Round 12] Progress: 48% (147/305) - Loss: 0.1097
[Client 2, Round 12] Progress: 49% (150/305) - Loss: 0.2796
[Client 2, Round 12] Progress: 50% (153/305) - Loss: 0.0964
[Client 2, Round 12] Progress: 51% (156/305) - Loss: 0.1477
[Client 2, Round 12] Progress: 52% (159/305) - Loss: 0.1054
[Client 2, Round 12] Progress: 53% (162/305) - Loss: 0.1307
[Client 2, Round 12] Progress: 54% (165/305) - Loss: 0.2442
[Client 2, Round 12] Progress: 55% (168/305) - Loss: 0.1744
[Client 2, Round 12] Progress: 56% (171/305) - Loss: 0.1738
[Client 2, Round 12] Progress: 57% (174/305) - Loss: 0.0954
[Client 2, Round 12] Progress: 58% (177/305) - Loss: 0.0959
[Client 2, Round 12] Progress: 59% (180/305) - Loss: 0.1938
[Client 2, Round 12] Progress: 60% (183/305) - Loss: 0.0907
[Client 2, Round 12] Progress: 60% (186/305) - Loss: 0.7293
[Client 2, Round 12] Progress: 61% (189/305) - Loss: 0.0623
[Client 2, Round 12] Progress: 62% (192/305) - Loss: 0.0576
[Client 2, Round 12] Progress: 63% (195/305) - Loss: 0.0707
[Client 2, Round 12] Progress: 64% (198/305) - Loss: 0.3299
[Client 2, Round 12] Progress: 65% (201/305) - Loss: 0.1316
[Client 2, Round 12] Progress: 66% (204/305) - Loss: 0.2500
[Client 2, Round 12] Progress: 67% (207/305) - Loss: 0.0912
[Client 2, Round 12] Progress: 68% (210/305) - Loss: 0.0770
[Client 2, Round 12] Progress: 69% (213/305) - Loss: 0.0859
[Client 2, Round 12] Progress: 70% (216/305) - Loss: 0.1704
[Client 2, Round 12] Progress: 71% (219/305) - Loss: 0.1077
[Client 2, Round 12] Progress: 72% (222/305) - Loss: 0.3012
[Client 2, Round 12] Progress: 73% (225/305) - Loss: 0.1852
[Client 2, Round 12] Progress: 74% (228/305) - Loss: 0.7680
[Client 2, Round 12] Progress: 75% (231/305) - Loss: 0.2458
[Client 2, Round 12] Progress: 76% (234/305) - Loss: 0.1782
[Client 2, Round 12] Progress: 77% (237/305) - Loss: 0.6848
[Client 2, Round 12] Progress: 78% (240/305) - Loss: 0.0739
[Client 2, Round 12] Progress: 79% (243/305) - Loss: 0.1370
[Client 2, Round 12] Progress: 80% (246/305) - Loss: 0.1820
[Client 2, Round 12] Progress: 81% (249/305) - Loss: 0.1926
[Client 2, Round 12] Progress: 82% (252/305) - Loss: 0.5923
[Client 2, Round 12] Progress: 83% (255/305) - Loss: 0.1045
[Client 2, Round 12] Progress: 84% (258/305) - Loss: 0.6817
[Client 2, Round 12] Progress: 85% (261/305) - Loss: 0.3141
[Client 2, Round 12] Progress: 86% (264/305) - Loss: 0.0535
[Client 2, Round 12] Progress: 87% (267/305) - Loss: 0.2104
[Client 2, Round 12] Progress: 88% (270/305) - Loss: 0.1110
[Client 2, Round 12] Progress: 89% (273/305) - Loss: 0.1297
[Client 2, Round 12] Progress: 90% (276/305) - Loss: 0.0728
[Client 2, Round 12] Progress: 91% (279/305) - Loss: 0.1400
[Client 2, Round 12] Progress: 92% (282/305) - Loss: 0.1935
[Client 2, Round 12] Progress: 93% (285/305) - Loss: 0.0871
[Client 2, Round 12] Progress: 94% (288/305) - Loss: 0.5133
[Client 2, Round 12] Progress: 95% (291/305) - Loss: 0.0994
[Client 2, Round 12] Progress: 96% (294/305) - Loss: 0.1145
[Client 2, Round 12] Progress: 97% (297/305) - Loss: 0.0838
[Client 2, Round 12] Progress: 98% (300/305) - Loss: 0.0910
[Client 2, Round 12] Progress: 99% (303/305) - Loss: 0.2775
[Client 2, Round 12] Progress: 100% (305/305) - Loss: 0.1689
[Client 2, Round 12] Train Loss: 0.1723
[Client 2, Round 12] Val Loss: 0.1777 | Val Dice: 0.8230
[Client 2, Round 13] Progress: 0% (3/305) - Loss: 0.1942
[Client 2, Round 13] Progress: 1% (6/305) - Loss: 0.3167
[Client 2, Round 13] Progress: 2% (9/305) - Loss: 0.1774
[Client 2, Round 13] Progress: 3% (12/305) - Loss: 0.1488
[Client 2, Round 13] Progress: 4% (15/305) - Loss: 0.1557
[Client 2, Round 13] Progress: 5% (18/305) - Loss: 0.1485
[Client 2, Round 13] Progress: 6% (21/305) - Loss: 0.1161
[Client 2, Round 13] Progress: 7% (24/305) - Loss: 0.0829
[Client 2, Round 13] Progress: 8% (27/305) - Loss: 0.0754
[Client 2, Round 13] Progress: 9% (30/305) - Loss: 0.0992
[Client 2, Round 13] Progress: 10% (33/305) - Loss: 0.2052
[Client 2, Round 13] Progress: 11% (36/305) - Loss: 0.0915
[Client 2, Round 13] Progress: 12% (39/305) - Loss: 0.1696
[Client 2, Round 13] Progress: 13% (42/305) - Loss: 0.1380
[Client 2, Round 13] Progress: 14% (45/305) - Loss: 0.0775
[Client 2, Round 13] Progress: 15% (48/305) - Loss: 0.1172
[Client 2, Round 13] Progress: 16% (51/305) - Loss: 0.1784
[Client 2, Round 13] Progress: 17% (54/305) - Loss: 0.0787
[Client 2, Round 13] Progress: 18% (57/305) - Loss: 0.1257
[Client 2, Round 13] Progress: 19% (60/305) - Loss: 0.0938
[Client 2, Round 13] Progress: 20% (63/305) - Loss: 0.1251
[Client 2, Round 13] Progress: 21% (66/305) - Loss: 0.0978
[Client 2, Round 13] Progress: 22% (69/305) - Loss: 0.1076
[Client 2, Round 13] Progress: 23% (72/305) - Loss: 0.1920
[Client 2, Round 13] Progress: 24% (75/305) - Loss: 0.1438
[Client 2, Round 13] Progress: 25% (78/305) - Loss: 0.6742
[Client 2, Round 13] Progress: 26% (81/305) - Loss: 0.1143
[Client 2, Round 13] Progress: 27% (84/305) - Loss: 0.1452
[Client 2, Round 13] Progress: 28% (87/305) - Loss: 0.2326
[Client 2, Round 13] Progress: 29% (90/305) - Loss: 0.2739
[Client 2, Round 13] Progress: 30% (93/305) - Loss: 0.1391
[Client 2, Round 13] Progress: 31% (96/305) - Loss: 0.1391
[Client 2, Round 13] Progress: 32% (99/305) - Loss: 0.1837
[Client 2, Round 13] Progress: 33% (102/305) - Loss: 0.0922
[Client 2, Round 13] Progress: 34% (105/305) - Loss: 0.2160
[Client 2, Round 13] Progress: 35% (108/305) - Loss: 0.1225
[Client 2, Round 13] Progress: 36% (111/305) - Loss: 0.0775
[Client 2, Round 13] Progress: 37% (114/305) - Loss: 0.4281
[Client 2, Round 13] Progress: 38% (117/305) - Loss: 0.1381
[Client 2, Round 13] Progress: 39% (120/305) - Loss: 0.1534
[Client 2, Round 13] Progress: 40% (123/305) - Loss: 0.0898
[Client 2, Round 13] Progress: 41% (126/305) - Loss: 0.0908
[Client 2, Round 13] Progress: 42% (129/305) - Loss: 0.1200
[Client 2, Round 13] Progress: 43% (132/305) - Loss: 0.0664
[Client 2, Round 13] Progress: 44% (135/305) - Loss: 0.3439
[Client 2, Round 13] Progress: 45% (138/305) - Loss: 0.1774
[Client 2, Round 13] Progress: 46% (141/305) - Loss: 0.0792
[Client 2, Round 13] Progress: 47% (144/305) - Loss: 0.0818
[Client 2, Round 13] Progress: 48% (147/305) - Loss: 0.2118
[Client 2, Round 13] Progress: 49% (150/305) - Loss: 0.0934
[Client 2, Round 13] Progress: 50% (153/305) - Loss: 0.2023
[Client 2, Round 13] Progress: 51% (156/305) - Loss: 0.1539
[Client 2, Round 13] Progress: 52% (159/305) - Loss: 0.0978
[Client 2, Round 13] Progress: 53% (162/305) - Loss: 0.1815
[Client 2, Round 13] Progress: 54% (165/305) - Loss: 0.9453
[Client 2, Round 13] Progress: 55% (168/305) - Loss: 0.1506
[Client 2, Round 13] Progress: 56% (171/305) - Loss: 0.0494
[Client 2, Round 13] Progress: 57% (174/305) - Loss: 0.1305
[Client 2, Round 13] Progress: 58% (177/305) - Loss: 0.0607
[Client 2, Round 13] Progress: 59% (180/305) - Loss: 0.1354
[Client 2, Round 13] Progress: 60% (183/305) - Loss: 0.1101
[Client 2, Round 13] Progress: 60% (186/305) - Loss: 0.1909
[Client 2, Round 13] Progress: 61% (189/305) - Loss: 0.0748
[Client 2, Round 13] Progress: 62% (192/305) - Loss: 0.1737
[Client 2, Round 13] Progress: 63% (195/305) - Loss: 0.1681
[Client 2, Round 13] Progress: 64% (198/305) - Loss: 0.1519
[Client 2, Round 13] Progress: 65% (201/305) - Loss: 0.7489
[Client 2, Round 13] Progress: 66% (204/305) - Loss: 0.1938
[Client 2, Round 13] Progress: 67% (207/305) - Loss: 0.1015
[Client 2, Round 13] Progress: 68% (210/305) - Loss: 0.1604
[Client 2, Round 13] Progress: 69% (213/305) - Loss: 0.1953
[Client 2, Round 13] Progress: 70% (216/305) - Loss: 0.1630
[Client 2, Round 13] Progress: 71% (219/305) - Loss: 0.1865
[Client 2, Round 13] Progress: 72% (222/305) - Loss: 0.2103
[Client 2, Round 13] Progress: 73% (225/305) - Loss: 0.3839
[Client 2, Round 13] Progress: 74% (228/305) - Loss: 0.1420
[Client 2, Round 13] Progress: 75% (231/305) - Loss: 0.0873
[Client 2, Round 13] Progress: 76% (234/305) - Loss: 0.1394
[Client 2, Round 13] Progress: 77% (237/305) - Loss: 0.1653
[Client 2, Round 13] Progress: 78% (240/305) - Loss: 0.0934
[Client 2, Round 13] Progress: 79% (243/305) - Loss: 0.3117
[Client 2, Round 13] Progress: 80% (246/305) - Loss: 0.0614
[Client 2, Round 13] Progress: 81% (249/305) - Loss: 0.1566
[Client 2, Round 13] Progress: 82% (252/305) - Loss: 0.1438
[Client 2, Round 13] Progress: 83% (255/305) - Loss: 0.1302
[Client 2, Round 13] Progress: 84% (258/305) - Loss: 0.1081
[Client 2, Round 13] Progress: 85% (261/305) - Loss: 0.1000
[Client 2, Round 13] Progress: 86% (264/305) - Loss: 0.0759
[Client 2, Round 13] Progress: 87% (267/305) - Loss: 0.0776
[Client 2, Round 13] Progress: 88% (270/305) - Loss: 0.1270
[Client 2, Round 13] Progress: 89% (273/305) - Loss: 0.0674
[Client 2, Round 13] Progress: 90% (276/305) - Loss: 0.1777
[Client 2, Round 13] Progress: 91% (279/305) - Loss: 0.1823
[Client 2, Round 13] Progress: 92% (282/305) - Loss: 0.0849
[Client 2, Round 13] Progress: 93% (285/305) - Loss: 0.1625
[Client 2, Round 13] Progress: 94% (288/305) - Loss: 0.5161
[Client 2, Round 13] Progress: 95% (291/305) - Loss: 0.0979
[Client 2, Round 13] Progress: 96% (294/305) - Loss: 0.3319
[Client 2, Round 13] Progress: 97% (297/305) - Loss: 0.6343
[Client 2, Round 13] Progress: 98% (300/305) - Loss: 0.2077
[Client 2, Round 13] Progress: 99% (303/305) - Loss: 0.2504
[Client 2, Round 13] Progress: 100% (305/305) - Loss: 0.0889
[Client 2, Round 13] Train Loss: 0.1696
[Client 2, Round 13] Val Loss: 0.1651 | Val Dice: 0.8386
[Client 2, Round 14] Progress: 0% (3/305) - Loss: 0.0610
[Client 2, Round 14] Progress: 1% (6/305) - Loss: 0.0811
[Client 2, Round 14] Progress: 2% (9/305) - Loss: 0.3188
[Client 2, Round 14] Progress: 3% (12/305) - Loss: 0.0755
[Client 2, Round 14] Progress: 4% (15/305) - Loss: 0.1183
[Client 2, Round 14] Progress: 5% (18/305) - Loss: 0.1704
[Client 2, Round 14] Progress: 6% (21/305) - Loss: 0.1002
[Client 2, Round 14] Progress: 7% (24/305) - Loss: 0.3611
[Client 2, Round 14] Progress: 8% (27/305) - Loss: 0.2618
[Client 2, Round 14] Progress: 9% (30/305) - Loss: 0.0507
[Client 2, Round 14] Progress: 10% (33/305) - Loss: 0.1325
[Client 2, Round 14] Progress: 11% (36/305) - Loss: 0.3096
[Client 2, Round 14] Progress: 12% (39/305) - Loss: 0.1374
[Client 2, Round 14] Progress: 13% (42/305) - Loss: 0.3814
[Client 2, Round 14] Progress: 14% (45/305) - Loss: 0.0803
[Client 2, Round 14] Progress: 15% (48/305) - Loss: 0.1692
[Client 2, Round 14] Progress: 16% (51/305) - Loss: 0.2404
[Client 2, Round 14] Progress: 17% (54/305) - Loss: 0.1163
[Client 2, Round 14] Progress: 18% (57/305) - Loss: 0.0489
[Client 2, Round 14] Progress: 19% (60/305) - Loss: 0.0950
[Client 2, Round 14] Progress: 20% (63/305) - Loss: 0.0689
[Client 2, Round 14] Progress: 21% (66/305) - Loss: 0.1450
[Client 2, Round 14] Progress: 22% (69/305) - Loss: 0.1809
[Client 2, Round 14] Progress: 23% (72/305) - Loss: 0.1022
[Client 2, Round 14] Progress: 24% (75/305) - Loss: 0.0740
[Client 2, Round 14] Progress: 25% (78/305) - Loss: 0.0490
[Client 2, Round 14] Progress: 26% (81/305) - Loss: 0.1664
[Client 2, Round 14] Progress: 27% (84/305) - Loss: 0.1444
[Client 2, Round 14] Progress: 28% (87/305) - Loss: 0.0721
[Client 2, Round 14] Progress: 29% (90/305) - Loss: 0.1161
[Client 2, Round 14] Progress: 30% (93/305) - Loss: 0.0963
[Client 2, Round 14] Progress: 31% (96/305) - Loss: 0.2015
[Client 2, Round 14] Progress: 32% (99/305) - Loss: 0.0475
[Client 2, Round 14] Progress: 33% (102/305) - Loss: 0.1132
[Client 2, Round 14] Progress: 34% (105/305) - Loss: 0.1012
[Client 2, Round 14] Progress: 35% (108/305) - Loss: 0.0709
[Client 2, Round 14] Progress: 36% (111/305) - Loss: 0.1955
[Client 2, Round 14] Progress: 37% (114/305) - Loss: 0.1014
[Client 2, Round 14] Progress: 38% (117/305) - Loss: 0.1311
[Client 2, Round 14] Progress: 39% (120/305) - Loss: 0.2437
[Client 2, Round 14] Progress: 40% (123/305) - Loss: 0.1817
[Client 2, Round 14] Progress: 41% (126/305) - Loss: 0.3700
[Client 2, Round 14] Progress: 42% (129/305) - Loss: 0.1306
[Client 2, Round 14] Progress: 43% (132/305) - Loss: 0.0835
[Client 2, Round 14] Progress: 44% (135/305) - Loss: 0.1112
[Client 2, Round 14] Progress: 45% (138/305) - Loss: 0.0855
[Client 2, Round 14] Progress: 46% (141/305) - Loss: 0.0892
[Client 2, Round 14] Progress: 47% (144/305) - Loss: 0.1136
[Client 2, Round 14] Progress: 48% (147/305) - Loss: 0.0914
[Client 2, Round 14] Progress: 49% (150/305) - Loss: 0.0752
[Client 2, Round 14] Progress: 50% (153/305) - Loss: 0.1241
[Client 2, Round 14] Progress: 51% (156/305) - Loss: 0.2105
[Client 2, Round 14] Progress: 52% (159/305) - Loss: 0.1435
[Client 2, Round 14] Progress: 53% (162/305) - Loss: 0.1029
[Client 2, Round 14] Progress: 54% (165/305) - Loss: 0.0727
[Client 2, Round 14] Progress: 55% (168/305) - Loss: 0.1249
[Client 2, Round 14] Progress: 56% (171/305) - Loss: 0.1154
[Client 2, Round 14] Progress: 57% (174/305) - Loss: 0.2981
[Client 2, Round 14] Progress: 58% (177/305) - Loss: 0.1008
[Client 2, Round 14] Progress: 59% (180/305) - Loss: 1.1011
[Client 2, Round 14] Progress: 60% (183/305) - Loss: 0.1164
[Client 2, Round 14] Progress: 60% (186/305) - Loss: 0.0943
[Client 2, Round 14] Progress: 61% (189/305) - Loss: 0.6992
[Client 2, Round 14] Progress: 62% (192/305) - Loss: 0.0809
[Client 2, Round 14] Progress: 63% (195/305) - Loss: 0.0807
[Client 2, Round 14] Progress: 64% (198/305) - Loss: 0.0669
[Client 2, Round 14] Progress: 65% (201/305) - Loss: 0.2267
[Client 2, Round 14] Progress: 66% (204/305) - Loss: 0.1613
[Client 2, Round 14] Progress: 67% (207/305) - Loss: 0.1411
[Client 2, Round 14] Progress: 68% (210/305) - Loss: 0.1308
[Client 2, Round 14] Progress: 69% (213/305) - Loss: 0.1392
[Client 2, Round 14] Progress: 70% (216/305) - Loss: 0.0859
[Client 2, Round 14] Progress: 71% (219/305) - Loss: 0.0812
[Client 2, Round 14] Progress: 72% (222/305) - Loss: 0.0733
[Client 2, Round 14] Progress: 73% (225/305) - Loss: 0.1144
[Client 2, Round 14] Progress: 74% (228/305) - Loss: 0.1237
[Client 2, Round 14] Progress: 75% (231/305) - Loss: 0.0843
[Client 2, Round 14] Progress: 76% (234/305) - Loss: 0.8539
[Client 2, Round 14] Progress: 77% (237/305) - Loss: 0.0753
[Client 2, Round 14] Progress: 78% (240/305) - Loss: 0.1237
[Client 2, Round 14] Progress: 79% (243/305) - Loss: 0.2149
[Client 2, Round 14] Progress: 80% (246/305) - Loss: 0.1681
[Client 2, Round 14] Progress: 81% (249/305) - Loss: 0.2183
[Client 2, Round 14] Progress: 82% (252/305) - Loss: 0.1690
[Client 2, Round 14] Progress: 83% (255/305) - Loss: 0.1373
[Client 2, Round 14] Progress: 84% (258/305) - Loss: 0.1483
[Client 2, Round 14] Progress: 85% (261/305) - Loss: 0.1010
[Client 2, Round 14] Progress: 86% (264/305) - Loss: 0.0640
[Client 2, Round 14] Progress: 87% (267/305) - Loss: 0.0782
[Client 2, Round 14] Progress: 88% (270/305) - Loss: 0.0537
[Client 2, Round 14] Progress: 89% (273/305) - Loss: 0.1443
[Client 2, Round 14] Progress: 90% (276/305) - Loss: 0.1238
[Client 2, Round 14] Progress: 91% (279/305) - Loss: 0.1221
[Client 2, Round 14] Progress: 92% (282/305) - Loss: 0.1157
[Client 2, Round 14] Progress: 93% (285/305) - Loss: 0.1072
[Client 2, Round 14] Progress: 94% (288/305) - Loss: 0.1291
[Client 2, Round 14] Progress: 95% (291/305) - Loss: 0.1234
[Client 2, Round 14] Progress: 96% (294/305) - Loss: 0.1141
[Client 2, Round 14] Progress: 97% (297/305) - Loss: 0.1592
[Client 2, Round 14] Progress: 98% (300/305) - Loss: 0.1777
[Client 2, Round 14] Progress: 99% (303/305) - Loss: 0.1281
[Client 2, Round 14] Progress: 100% (305/305) - Loss: 0.1208
[Client 2, Round 14] Train Loss: 0.1632
[Client 2, Round 14] Val Loss: 0.1750 | Val Dice: 0.8244
[Client 2, Round 15] Progress: 0% (3/305) - Loss: 0.1173
[Client 2, Round 15] Progress: 1% (6/305) - Loss: 0.0856
[Client 2, Round 15] Progress: 2% (9/305) - Loss: 0.0808
[Client 2, Round 15] Progress: 3% (12/305) - Loss: 0.0796
[Client 2, Round 15] Progress: 4% (15/305) - Loss: 0.1719
[Client 2, Round 15] Progress: 5% (18/305) - Loss: 0.0472
[Client 2, Round 15] Progress: 6% (21/305) - Loss: 0.1046
[Client 2, Round 15] Progress: 7% (24/305) - Loss: 0.0816
[Client 2, Round 15] Progress: 8% (27/305) - Loss: 0.0914
[Client 2, Round 15] Progress: 9% (30/305) - Loss: 0.1675
[Client 2, Round 15] Progress: 10% (33/305) - Loss: 0.5416
[Client 2, Round 15] Progress: 11% (36/305) - Loss: 0.1416
[Client 2, Round 15] Progress: 12% (39/305) - Loss: 0.0867
[Client 2, Round 15] Progress: 13% (42/305) - Loss: 0.0723
[Client 2, Round 15] Progress: 14% (45/305) - Loss: 0.2237
[Client 2, Round 15] Progress: 15% (48/305) - Loss: 0.1122
[Client 2, Round 15] Progress: 16% (51/305) - Loss: 0.2547
[Client 2, Round 15] Progress: 17% (54/305) - Loss: 0.1090
[Client 2, Round 15] Progress: 18% (57/305) - Loss: 0.1082
[Client 2, Round 15] Progress: 19% (60/305) - Loss: 0.1207
[Client 2, Round 15] Progress: 20% (63/305) - Loss: 0.2042
[Client 2, Round 15] Progress: 21% (66/305) - Loss: 0.1539
[Client 2, Round 15] Progress: 22% (69/305) - Loss: 0.1027
[Client 2, Round 15] Progress: 23% (72/305) - Loss: 0.0632
[Client 2, Round 15] Progress: 24% (75/305) - Loss: 0.1550
[Client 2, Round 15] Progress: 25% (78/305) - Loss: 0.1164
[Client 2, Round 15] Progress: 26% (81/305) - Loss: 0.1208
[Client 2, Round 15] Progress: 27% (84/305) - Loss: 0.0671
[Client 2, Round 15] Progress: 28% (87/305) - Loss: 0.1021
[Client 2, Round 15] Progress: 29% (90/305) - Loss: 0.2080
[Client 2, Round 15] Progress: 30% (93/305) - Loss: 0.0835
[Client 2, Round 15] Progress: 31% (96/305) - Loss: 0.0694
[Client 2, Round 15] Progress: 32% (99/305) - Loss: 0.1482
[Client 2, Round 15] Progress: 33% (102/305) - Loss: 0.1376
[Client 2, Round 15] Progress: 34% (105/305) - Loss: 0.1360
[Client 2, Round 15] Progress: 35% (108/305) - Loss: 0.1388
[Client 2, Round 15] Progress: 36% (111/305) - Loss: 0.1866
[Client 2, Round 15] Progress: 37% (114/305) - Loss: 0.0853
[Client 2, Round 15] Progress: 38% (117/305) - Loss: 0.1461
[Client 2, Round 15] Progress: 39% (120/305) - Loss: 0.0961
[Client 2, Round 15] Progress: 40% (123/305) - Loss: 0.0799
[Client 2, Round 15] Progress: 41% (126/305) - Loss: 0.1641
[Client 2, Round 15] Progress: 42% (129/305) - Loss: 0.0863
[Client 2, Round 15] Progress: 43% (132/305) - Loss: 0.1703
[Client 2, Round 15] Progress: 44% (135/305) - Loss: 0.1268
[Client 2, Round 15] Progress: 45% (138/305) - Loss: 0.0631
[Client 2, Round 15] Progress: 46% (141/305) - Loss: 0.1421
[Client 2, Round 15] Progress: 47% (144/305) - Loss: 0.1706
[Client 2, Round 15] Progress: 48% (147/305) - Loss: 0.0491
[Client 2, Round 15] Progress: 49% (150/305) - Loss: 0.2004
[Client 2, Round 15] Progress: 50% (153/305) - Loss: 0.1177
[Client 2, Round 15] Progress: 51% (156/305) - Loss: 0.2910
[Client 2, Round 15] Progress: 52% (159/305) - Loss: 0.0587
[Client 2, Round 15] Progress: 53% (162/305) - Loss: 0.2239
[Client 2, Round 15] Progress: 54% (165/305) - Loss: 0.1384
[Client 2, Round 15] Progress: 55% (168/305) - Loss: 0.1050
[Client 2, Round 15] Progress: 56% (171/305) - Loss: 0.0832
[Client 2, Round 15] Progress: 57% (174/305) - Loss: 0.5595
[Client 2, Round 15] Progress: 58% (177/305) - Loss: 0.0489
[Client 2, Round 15] Progress: 59% (180/305) - Loss: 0.1895
[Client 2, Round 15] Progress: 60% (183/305) - Loss: 0.0576
[Client 2, Round 15] Progress: 60% (186/305) - Loss: 0.0894
[Client 2, Round 15] Progress: 61% (189/305) - Loss: 0.2516
[Client 2, Round 15] Progress: 62% (192/305) - Loss: 0.0860
[Client 2, Round 15] Progress: 63% (195/305) - Loss: 0.2028
[Client 2, Round 15] Progress: 64% (198/305) - Loss: 0.1425
[Client 2, Round 15] Progress: 65% (201/305) - Loss: 0.0925
[Client 2, Round 15] Progress: 66% (204/305) - Loss: 0.2719
[Client 2, Round 15] Progress: 67% (207/305) - Loss: 0.1969
[Client 2, Round 15] Progress: 68% (210/305) - Loss: 0.1254
[Client 2, Round 15] Progress: 69% (213/305) - Loss: 0.2087
[Client 2, Round 15] Progress: 70% (216/305) - Loss: 0.2011
[Client 2, Round 15] Progress: 71% (219/305) - Loss: 0.2633
[Client 2, Round 15] Progress: 72% (222/305) - Loss: 0.2488
[Client 2, Round 15] Progress: 73% (225/305) - Loss: 0.1393
[Client 2, Round 15] Progress: 74% (228/305) - Loss: 0.1063
[Client 2, Round 15] Progress: 75% (231/305) - Loss: 0.3589
[Client 2, Round 15] Progress: 76% (234/305) - Loss: 0.1447
[Client 2, Round 15] Progress: 77% (237/305) - Loss: 0.1330
[Client 2, Round 15] Progress: 78% (240/305) - Loss: 0.1171
[Client 2, Round 15] Progress: 79% (243/305) - Loss: 0.2056
[Client 2, Round 15] Progress: 80% (246/305) - Loss: 0.1741
[Client 2, Round 15] Progress: 81% (249/305) - Loss: 0.1486
[Client 2, Round 15] Progress: 82% (252/305) - Loss: 0.2815
[Client 2, Round 15] Progress: 83% (255/305) - Loss: 0.3001
[Client 2, Round 15] Progress: 84% (258/305) - Loss: 0.1880
[Client 2, Round 15] Progress: 85% (261/305) - Loss: 0.3189
[Client 2, Round 15] Progress: 86% (264/305) - Loss: 0.1695
[Client 2, Round 15] Progress: 87% (267/305) - Loss: 0.6444
[Client 2, Round 15] Progress: 88% (270/305) - Loss: 0.2233
[Client 2, Round 15] Progress: 89% (273/305) - Loss: 0.3466
[Client 2, Round 15] Progress: 90% (276/305) - Loss: 0.1293
[Client 2, Round 15] Progress: 91% (279/305) - Loss: 0.0766
[Client 2, Round 15] Progress: 92% (282/305) - Loss: 0.0715
[Client 2, Round 15] Progress: 93% (285/305) - Loss: 0.1726
[Client 2, Round 15] Progress: 94% (288/305) - Loss: 0.0625
[Client 2, Round 15] Progress: 95% (291/305) - Loss: 0.0832
[Client 2, Round 15] Progress: 96% (294/305) - Loss: 0.2249
[Client 2, Round 15] Progress: 97% (297/305) - Loss: 0.1867
[Client 2, Round 15] Progress: 98% (300/305) - Loss: 0.1081
[Client 2, Round 15] Progress: 99% (303/305) - Loss: 0.1444
[Client 2, Round 15] Progress: 100% (305/305) - Loss: 0.1108
[Client 2, Round 15] Train Loss: 0.1599
[Client 2, Round 15] Val Loss: 0.1564 | Val Dice: 0.8438
[Client 2, Round 16] Progress: 0% (3/305) - Loss: 0.1402
[Client 2, Round 16] Progress: 1% (6/305) - Loss: 0.0881
[Client 2, Round 16] Progress: 2% (9/305) - Loss: 0.1229
[Client 2, Round 16] Progress: 3% (12/305) - Loss: 0.1057
[Client 2, Round 16] Progress: 4% (15/305) - Loss: 0.0613
[Client 2, Round 16] Progress: 5% (18/305) - Loss: 0.2586
[Client 2, Round 16] Progress: 6% (21/305) - Loss: 0.1249
[Client 2, Round 16] Progress: 7% (24/305) - Loss: 0.1232
[Client 2, Round 16] Progress: 8% (27/305) - Loss: 0.0832
[Client 2, Round 16] Progress: 9% (30/305) - Loss: 0.1157
[Client 2, Round 16] Progress: 10% (33/305) - Loss: 0.0771
[Client 2, Round 16] Progress: 11% (36/305) - Loss: 0.0978
[Client 2, Round 16] Progress: 12% (39/305) - Loss: 0.0753
[Client 2, Round 16] Progress: 13% (42/305) - Loss: 0.1292
[Client 2, Round 16] Progress: 14% (45/305) - Loss: 0.0845
[Client 2, Round 16] Progress: 15% (48/305) - Loss: 0.1388
[Client 2, Round 16] Progress: 16% (51/305) - Loss: 0.2394
[Client 2, Round 16] Progress: 17% (54/305) - Loss: 0.4060
[Client 2, Round 16] Progress: 18% (57/305) - Loss: 0.2089
[Client 2, Round 16] Progress: 19% (60/305) - Loss: 0.0813
[Client 2, Round 16] Progress: 20% (63/305) - Loss: 0.1128
[Client 2, Round 16] Progress: 21% (66/305) - Loss: 0.1775
[Client 2, Round 16] Progress: 22% (69/305) - Loss: 0.1326
[Client 2, Round 16] Progress: 23% (72/305) - Loss: 0.1360
[Client 2, Round 16] Progress: 24% (75/305) - Loss: 0.1814
[Client 2, Round 16] Progress: 25% (78/305) - Loss: 0.0717
[Client 2, Round 16] Progress: 26% (81/305) - Loss: 0.1310
[Client 2, Round 16] Progress: 27% (84/305) - Loss: 0.0798
[Client 2, Round 16] Progress: 28% (87/305) - Loss: 0.1354
[Client 2, Round 16] Progress: 29% (90/305) - Loss: 0.1235
[Client 2, Round 16] Progress: 30% (93/305) - Loss: 0.1513
[Client 2, Round 16] Progress: 31% (96/305) - Loss: 0.3213
[Client 2, Round 16] Progress: 32% (99/305) - Loss: 0.1592
[Client 2, Round 16] Progress: 33% (102/305) - Loss: 0.3193
[Client 2, Round 16] Progress: 34% (105/305) - Loss: 0.0906
[Client 2, Round 16] Progress: 35% (108/305) - Loss: 0.1007
[Client 2, Round 16] Progress: 36% (111/305) - Loss: 0.0732
[Client 2, Round 16] Progress: 37% (114/305) - Loss: 0.0850
[Client 2, Round 16] Progress: 38% (117/305) - Loss: 0.2550
[Client 2, Round 16] Progress: 39% (120/305) - Loss: 0.1395
[Client 2, Round 16] Progress: 40% (123/305) - Loss: 0.1311
[Client 2, Round 16] Progress: 41% (126/305) - Loss: 0.0936
[Client 2, Round 16] Progress: 42% (129/305) - Loss: 0.1698
[Client 2, Round 16] Progress: 43% (132/305) - Loss: 0.3510
[Client 2, Round 16] Progress: 44% (135/305) - Loss: 0.1190
[Client 2, Round 16] Progress: 45% (138/305) - Loss: 0.1081
[Client 2, Round 16] Progress: 46% (141/305) - Loss: 0.1026
[Client 2, Round 16] Progress: 47% (144/305) - Loss: 0.0686
[Client 2, Round 16] Progress: 48% (147/305) - Loss: 0.0892
[Client 2, Round 16] Progress: 49% (150/305) - Loss: 0.1862
[Client 2, Round 16] Progress: 50% (153/305) - Loss: 0.1137
[Client 2, Round 16] Progress: 51% (156/305) - Loss: 0.1049
[Client 2, Round 16] Progress: 52% (159/305) - Loss: 0.2365
[Client 2, Round 16] Progress: 53% (162/305) - Loss: 0.0604
[Client 2, Round 16] Progress: 54% (165/305) - Loss: 0.0969
[Client 2, Round 16] Progress: 55% (168/305) - Loss: 0.1420
[Client 2, Round 16] Progress: 56% (171/305) - Loss: 0.1091
[Client 2, Round 16] Progress: 57% (174/305) - Loss: 0.1522
[Client 2, Round 16] Progress: 58% (177/305) - Loss: 0.1175
[Client 2, Round 16] Progress: 59% (180/305) - Loss: 0.1726
[Client 2, Round 16] Progress: 60% (183/305) - Loss: 0.2113
[Client 2, Round 16] Progress: 60% (186/305) - Loss: 0.2212
[Client 2, Round 16] Progress: 61% (189/305) - Loss: 0.0757
[Client 2, Round 16] Progress: 62% (192/305) - Loss: 0.1647
[Client 2, Round 16] Progress: 63% (195/305) - Loss: 0.1847
[Client 2, Round 16] Progress: 64% (198/305) - Loss: 0.1183
[Client 2, Round 16] Progress: 65% (201/305) - Loss: 0.2958
[Client 2, Round 16] Progress: 66% (204/305) - Loss: 0.6629
[Client 2, Round 16] Progress: 67% (207/305) - Loss: 0.0867
[Client 2, Round 16] Progress: 68% (210/305) - Loss: 0.1193
[Client 2, Round 16] Progress: 69% (213/305) - Loss: 0.0873
[Client 2, Round 16] Progress: 70% (216/305) - Loss: 0.1374
[Client 2, Round 16] Progress: 71% (219/305) - Loss: 0.0872
[Client 2, Round 16] Progress: 72% (222/305) - Loss: 0.4403
[Client 2, Round 16] Progress: 73% (225/305) - Loss: 0.0998
[Client 2, Round 16] Progress: 74% (228/305) - Loss: 0.0711
[Client 2, Round 16] Progress: 75% (231/305) - Loss: 0.1015
[Client 2, Round 16] Progress: 76% (234/305) - Loss: 0.1055
[Client 2, Round 16] Progress: 77% (237/305) - Loss: 0.0976
[Client 2, Round 16] Progress: 78% (240/305) - Loss: 0.2591
[Client 2, Round 16] Progress: 79% (243/305) - Loss: 0.1357
[Client 2, Round 16] Progress: 80% (246/305) - Loss: 0.0850
[Client 2, Round 16] Progress: 81% (249/305) - Loss: 0.0745
[Client 2, Round 16] Progress: 82% (252/305) - Loss: 0.6972
[Client 2, Round 16] Progress: 83% (255/305) - Loss: 0.1681
[Client 2, Round 16] Progress: 84% (258/305) - Loss: 0.2928
[Client 2, Round 16] Progress: 85% (261/305) - Loss: 0.1509
[Client 2, Round 16] Progress: 86% (264/305) - Loss: 0.3852
[Client 2, Round 16] Progress: 87% (267/305) - Loss: 0.3044
[Client 2, Round 16] Progress: 88% (270/305) - Loss: 0.3025
[Client 2, Round 16] Progress: 89% (273/305) - Loss: 0.2724
[Client 2, Round 16] Progress: 90% (276/305) - Loss: 0.1124
[Client 2, Round 16] Progress: 91% (279/305) - Loss: 0.0781
[Client 2, Round 16] Progress: 92% (282/305) - Loss: 0.0799
[Client 2, Round 16] Progress: 93% (285/305) - Loss: 0.2073
[Client 2, Round 16] Progress: 94% (288/305) - Loss: 0.2501
[Client 2, Round 16] Progress: 95% (291/305) - Loss: 0.0839
[Client 2, Round 16] Progress: 96% (294/305) - Loss: 0.0885
[Client 2, Round 16] Progress: 97% (297/305) - Loss: 0.1766
[Client 2, Round 16] Progress: 98% (300/305) - Loss: 0.0793
[Client 2, Round 16] Progress: 99% (303/305) - Loss: 0.1539
[Client 2, Round 16] Progress: 100% (305/305) - Loss: 0.0432
[Client 2, Round 16] Train Loss: 0.1583
[Client 2, Round 16] Val Loss: 0.1682 | Val Dice: 0.8292
[Client 2, Round 17] Progress: 0% (3/305) - Loss: 0.1350
[Client 2, Round 17] Progress: 1% (6/305) - Loss: 0.3264
[Client 2, Round 17] Progress: 2% (9/305) - Loss: 0.0725
[Client 2, Round 17] Progress: 3% (12/305) - Loss: 0.1755
[Client 2, Round 17] Progress: 4% (15/305) - Loss: 0.0902
[Client 2, Round 17] Progress: 5% (18/305) - Loss: 0.1466
[Client 2, Round 17] Progress: 6% (21/305) - Loss: 0.0549
[Client 2, Round 17] Progress: 7% (24/305) - Loss: 0.0506
[Client 2, Round 17] Progress: 8% (27/305) - Loss: 0.0680
[Client 2, Round 17] Progress: 9% (30/305) - Loss: 0.2056
[Client 2, Round 17] Progress: 10% (33/305) - Loss: 0.1446
[Client 2, Round 17] Progress: 11% (36/305) - Loss: 0.1334
[Client 2, Round 17] Progress: 12% (39/305) - Loss: 0.0617
[Client 2, Round 17] Progress: 13% (42/305) - Loss: 0.3063
[Client 2, Round 17] Progress: 14% (45/305) - Loss: 0.1240
[Client 2, Round 17] Progress: 15% (48/305) - Loss: 0.1353
[Client 2, Round 17] Progress: 16% (51/305) - Loss: 0.1080
[Client 2, Round 17] Progress: 17% (54/305) - Loss: 0.1287
[Client 2, Round 17] Progress: 18% (57/305) - Loss: 0.2073
[Client 2, Round 17] Progress: 19% (60/305) - Loss: 0.0690
[Client 2, Round 17] Progress: 20% (63/305) - Loss: 0.2303
[Client 2, Round 17] Progress: 21% (66/305) - Loss: 0.1169
[Client 2, Round 17] Progress: 22% (69/305) - Loss: 0.0713
[Client 2, Round 17] Progress: 23% (72/305) - Loss: 0.2870
[Client 2, Round 17] Progress: 24% (75/305) - Loss: 0.0684
[Client 2, Round 17] Progress: 25% (78/305) - Loss: 0.1588
[Client 2, Round 17] Progress: 26% (81/305) - Loss: 0.0772
[Client 2, Round 17] Progress: 27% (84/305) - Loss: 0.4395
[Client 2, Round 17] Progress: 28% (87/305) - Loss: 0.1075
[Client 2, Round 17] Progress: 29% (90/305) - Loss: 0.3122
[Client 2, Round 17] Progress: 30% (93/305) - Loss: 0.1040
[Client 2, Round 17] Progress: 31% (96/305) - Loss: 0.0995
[Client 2, Round 17] Progress: 32% (99/305) - Loss: 0.0917
[Client 2, Round 17] Progress: 33% (102/305) - Loss: 0.0869
[Client 2, Round 17] Progress: 34% (105/305) - Loss: 0.1562
[Client 2, Round 17] Progress: 35% (108/305) - Loss: 0.1772
[Client 2, Round 17] Progress: 36% (111/305) - Loss: 0.0862
[Client 2, Round 17] Progress: 37% (114/305) - Loss: 0.2452
[Client 2, Round 17] Progress: 38% (117/305) - Loss: 0.2063
[Client 2, Round 17] Progress: 39% (120/305) - Loss: 0.1083
[Client 2, Round 17] Progress: 40% (123/305) - Loss: 0.4448
[Client 2, Round 17] Progress: 41% (126/305) - Loss: 0.3889
[Client 2, Round 17] Progress: 42% (129/305) - Loss: 0.1454
[Client 2, Round 17] Progress: 43% (132/305) - Loss: 0.1439
[Client 2, Round 17] Progress: 44% (135/305) - Loss: 0.1341
[Client 2, Round 17] Progress: 45% (138/305) - Loss: 0.0498
[Client 2, Round 17] Progress: 46% (141/305) - Loss: 0.1100
[Client 2, Round 17] Progress: 47% (144/305) - Loss: 0.0947
[Client 2, Round 17] Progress: 48% (147/305) - Loss: 0.0808
[Client 2, Round 17] Progress: 49% (150/305) - Loss: 0.1723
[Client 2, Round 17] Progress: 50% (153/305) - Loss: 0.1246
[Client 2, Round 17] Progress: 51% (156/305) - Loss: 0.0901
[Client 2, Round 17] Progress: 52% (159/305) - Loss: 0.1786
[Client 2, Round 17] Progress: 53% (162/305) - Loss: 0.1149
[Client 2, Round 17] Progress: 54% (165/305) - Loss: 0.8685
[Client 2, Round 17] Progress: 55% (168/305) - Loss: 0.0673
[Client 2, Round 17] Progress: 56% (171/305) - Loss: 0.1052
[Client 2, Round 17] Progress: 57% (174/305) - Loss: 0.0953
[Client 2, Round 17] Progress: 58% (177/305) - Loss: 0.1451
[Client 2, Round 17] Progress: 59% (180/305) - Loss: 0.7223
[Client 2, Round 17] Progress: 60% (183/305) - Loss: 0.1124
[Client 2, Round 17] Progress: 60% (186/305) - Loss: 0.0736
[Client 2, Round 17] Progress: 61% (189/305) - Loss: 0.1134
[Client 2, Round 17] Progress: 62% (192/305) - Loss: 0.1234
[Client 2, Round 17] Progress: 63% (195/305) - Loss: 0.8143
[Client 2, Round 17] Progress: 64% (198/305) - Loss: 0.0818
[Client 2, Round 17] Progress: 65% (201/305) - Loss: 0.3394
[Client 2, Round 17] Progress: 66% (204/305) - Loss: 0.1170
[Client 2, Round 17] Progress: 67% (207/305) - Loss: 0.1838
[Client 2, Round 17] Progress: 68% (210/305) - Loss: 0.2881
[Client 2, Round 17] Progress: 69% (213/305) - Loss: 0.1140
[Client 2, Round 17] Progress: 70% (216/305) - Loss: 0.2799
[Client 2, Round 17] Progress: 71% (219/305) - Loss: 0.2875
[Client 2, Round 17] Progress: 72% (222/305) - Loss: 0.1504
[Client 2, Round 17] Progress: 73% (225/305) - Loss: 0.1230
[Client 2, Round 17] Progress: 74% (228/305) - Loss: 0.0571
[Client 2, Round 17] Progress: 75% (231/305) - Loss: 0.0894
[Client 2, Round 17] Progress: 76% (234/305) - Loss: 0.1219
[Client 2, Round 17] Progress: 77% (237/305) - Loss: 0.1574
[Client 2, Round 17] Progress: 78% (240/305) - Loss: 0.0762
[Client 2, Round 17] Progress: 79% (243/305) - Loss: 0.1716
[Client 2, Round 17] Progress: 80% (246/305) - Loss: 0.1534
[Client 2, Round 17] Progress: 81% (249/305) - Loss: 0.0561
[Client 2, Round 17] Progress: 82% (252/305) - Loss: 0.1818
[Client 2, Round 17] Progress: 83% (255/305) - Loss: 0.1881
[Client 2, Round 17] Progress: 84% (258/305) - Loss: 0.1079
[Client 2, Round 17] Progress: 85% (261/305) - Loss: 0.0878
[Client 2, Round 17] Progress: 86% (264/305) - Loss: 0.0938
[Client 2, Round 17] Progress: 87% (267/305) - Loss: 0.2343
[Client 2, Round 17] Progress: 88% (270/305) - Loss: 0.2236
[Client 2, Round 17] Progress: 89% (273/305) - Loss: 0.1610
[Client 2, Round 17] Progress: 90% (276/305) - Loss: 0.1008
[Client 2, Round 17] Progress: 91% (279/305) - Loss: 0.1373
[Client 2, Round 17] Progress: 92% (282/305) - Loss: 0.1761
[Client 2, Round 17] Progress: 93% (285/305) - Loss: 0.3572
[Client 2, Round 17] Progress: 94% (288/305) - Loss: 0.1351
[Client 2, Round 17] Progress: 95% (291/305) - Loss: 0.1847
[Client 2, Round 17] Progress: 96% (294/305) - Loss: 0.1785
[Client 2, Round 17] Progress: 97% (297/305) - Loss: 0.0576
[Client 2, Round 17] Progress: 98% (300/305) - Loss: 0.2935
[Client 2, Round 17] Progress: 99% (303/305) - Loss: 0.1226
[Client 2, Round 17] Progress: 100% (305/305) - Loss: 0.3720
[Client 2, Round 17] Train Loss: 0.1608
[Client 2, Round 17] Val Loss: 0.1604 | Val Dice: 0.8397
[Client 2, Round 18] Progress: 0% (3/305) - Loss: 0.2460
[Client 2, Round 18] Progress: 1% (6/305) - Loss: 0.9460
[Client 2, Round 18] Progress: 2% (9/305) - Loss: 0.0939
[Client 2, Round 18] Progress: 3% (12/305) - Loss: 0.1930
[Client 2, Round 18] Progress: 4% (15/305) - Loss: 0.1912
[Client 2, Round 18] Progress: 5% (18/305) - Loss: 0.1006
[Client 2, Round 18] Progress: 6% (21/305) - Loss: 0.1291
[Client 2, Round 18] Progress: 7% (24/305) - Loss: 0.5176
[Client 2, Round 18] Progress: 8% (27/305) - Loss: 0.1337
[Client 2, Round 18] Progress: 9% (30/305) - Loss: 0.0758
[Client 2, Round 18] Progress: 10% (33/305) - Loss: 0.0573
[Client 2, Round 18] Progress: 11% (36/305) - Loss: 0.1482
[Client 2, Round 18] Progress: 12% (39/305) - Loss: 0.1007
[Client 2, Round 18] Progress: 13% (42/305) - Loss: 0.1851
[Client 2, Round 18] Progress: 14% (45/305) - Loss: 0.7982
[Client 2, Round 18] Progress: 15% (48/305) - Loss: 0.1129
[Client 2, Round 18] Progress: 16% (51/305) - Loss: 0.2493
[Client 2, Round 18] Progress: 17% (54/305) - Loss: 0.3010
[Client 2, Round 18] Progress: 18% (57/305) - Loss: 0.0966
[Client 2, Round 18] Progress: 19% (60/305) - Loss: 0.2521
[Client 2, Round 18] Progress: 20% (63/305) - Loss: 0.1684
[Client 2, Round 18] Progress: 21% (66/305) - Loss: 0.0712
[Client 2, Round 18] Progress: 22% (69/305) - Loss: 0.4322
[Client 2, Round 18] Progress: 23% (72/305) - Loss: 0.1375
[Client 2, Round 18] Progress: 24% (75/305) - Loss: 0.0835
[Client 2, Round 18] Progress: 25% (78/305) - Loss: 0.1160
[Client 2, Round 18] Progress: 26% (81/305) - Loss: 0.0479
[Client 2, Round 18] Progress: 27% (84/305) - Loss: 0.1304
[Client 2, Round 18] Progress: 28% (87/305) - Loss: 0.1827
[Client 2, Round 18] Progress: 29% (90/305) - Loss: 0.6739
[Client 2, Round 18] Progress: 30% (93/305) - Loss: 0.1453
[Client 2, Round 18] Progress: 31% (96/305) - Loss: 0.0686
[Client 2, Round 18] Progress: 32% (99/305) - Loss: 0.2331
[Client 2, Round 18] Progress: 33% (102/305) - Loss: 0.2400
[Client 2, Round 18] Progress: 34% (105/305) - Loss: 0.1478
[Client 2, Round 18] Progress: 35% (108/305) - Loss: 0.1003
[Client 2, Round 18] Progress: 36% (111/305) - Loss: 0.1292
[Client 2, Round 18] Progress: 37% (114/305) - Loss: 0.1406
[Client 2, Round 18] Progress: 38% (117/305) - Loss: 0.0706
[Client 2, Round 18] Progress: 39% (120/305) - Loss: 0.1485
[Client 2, Round 18] Progress: 40% (123/305) - Loss: 0.3769
[Client 2, Round 18] Progress: 41% (126/305) - Loss: 0.4794
[Client 2, Round 18] Progress: 42% (129/305) - Loss: 0.0966
[Client 2, Round 18] Progress: 43% (132/305) - Loss: 0.2906
[Client 2, Round 18] Progress: 44% (135/305) - Loss: 0.1314
[Client 2, Round 18] Progress: 45% (138/305) - Loss: 0.1235
[Client 2, Round 18] Progress: 46% (141/305) - Loss: 0.0527
[Client 2, Round 18] Progress: 47% (144/305) - Loss: 0.0638
[Client 2, Round 18] Progress: 48% (147/305) - Loss: 0.0355
[Client 2, Round 18] Progress: 49% (150/305) - Loss: 0.1527
[Client 2, Round 18] Progress: 50% (153/305) - Loss: 0.0631
[Client 2, Round 18] Progress: 51% (156/305) - Loss: 0.1334
[Client 2, Round 18] Progress: 52% (159/305) - Loss: 0.1005
[Client 2, Round 18] Progress: 53% (162/305) - Loss: 0.0923
[Client 2, Round 18] Progress: 54% (165/305) - Loss: 0.1595
[Client 2, Round 18] Progress: 55% (168/305) - Loss: 0.4562
[Client 2, Round 18] Progress: 56% (171/305) - Loss: 0.1043
[Client 2, Round 18] Progress: 57% (174/305) - Loss: 0.1972
[Client 2, Round 18] Progress: 58% (177/305) - Loss: 0.0713
[Client 2, Round 18] Progress: 59% (180/305) - Loss: 0.1928
[Client 2, Round 18] Progress: 60% (183/305) - Loss: 0.0885
[Client 2, Round 18] Progress: 60% (186/305) - Loss: 0.1572
[Client 2, Round 18] Progress: 61% (189/305) - Loss: 0.1294
[Client 2, Round 18] Progress: 62% (192/305) - Loss: 0.0498
[Client 2, Round 18] Progress: 63% (195/305) - Loss: 0.0735
[Client 2, Round 18] Progress: 64% (198/305) - Loss: 0.1358
[Client 2, Round 18] Progress: 65% (201/305) - Loss: 0.5956
[Client 2, Round 18] Progress: 66% (204/305) - Loss: 0.1417
[Client 2, Round 18] Progress: 67% (207/305) - Loss: 0.1357
[Client 2, Round 18] Progress: 68% (210/305) - Loss: 0.0951
[Client 2, Round 18] Progress: 69% (213/305) - Loss: 0.2075
[Client 2, Round 18] Progress: 70% (216/305) - Loss: 0.1654
[Client 2, Round 18] Progress: 71% (219/305) - Loss: 0.0825
[Client 2, Round 18] Progress: 72% (222/305) - Loss: 0.1008
[Client 2, Round 18] Progress: 73% (225/305) - Loss: 0.1333
[Client 2, Round 18] Progress: 74% (228/305) - Loss: 0.0980
[Client 2, Round 18] Progress: 75% (231/305) - Loss: 0.5001
[Client 2, Round 18] Progress: 76% (234/305) - Loss: 0.1774
[Client 2, Round 18] Progress: 77% (237/305) - Loss: 0.2396
[Client 2, Round 18] Progress: 78% (240/305) - Loss: 0.1145
[Client 2, Round 18] Progress: 79% (243/305) - Loss: 0.3295
[Client 2, Round 18] Progress: 80% (246/305) - Loss: 0.0847
[Client 2, Round 18] Progress: 81% (249/305) - Loss: 0.0768
[Client 2, Round 18] Progress: 82% (252/305) - Loss: 0.1315
[Client 2, Round 18] Progress: 83% (255/305) - Loss: 0.0586
[Client 2, Round 18] Progress: 84% (258/305) - Loss: 0.0896
[Client 2, Round 18] Progress: 85% (261/305) - Loss: 0.1497
[Client 2, Round 18] Progress: 86% (264/305) - Loss: 0.0891
[Client 2, Round 18] Progress: 87% (267/305) - Loss: 0.0806
[Client 2, Round 18] Progress: 88% (270/305) - Loss: 0.0764
[Client 2, Round 18] Progress: 89% (273/305) - Loss: 0.1344
[Client 2, Round 18] Progress: 90% (276/305) - Loss: 0.2029
[Client 2, Round 18] Progress: 91% (279/305) - Loss: 0.0635
[Client 2, Round 18] Progress: 92% (282/305) - Loss: 0.1125
[Client 2, Round 18] Progress: 93% (285/305) - Loss: 0.1848
[Client 2, Round 18] Progress: 94% (288/305) - Loss: 0.1788
[Client 2, Round 18] Progress: 95% (291/305) - Loss: 0.1697
[Client 2, Round 18] Progress: 96% (294/305) - Loss: 0.2058
[Client 2, Round 18] Progress: 97% (297/305) - Loss: 0.1241
[Client 2, Round 18] Progress: 98% (300/305) - Loss: 0.1254
[Client 2, Round 18] Progress: 99% (303/305) - Loss: 0.2489
[Client 2, Round 18] Progress: 100% (305/305) - Loss: 0.8509
[Client 2, Round 18] Train Loss: 0.1609
[Client 2, Round 18] Val Loss: 0.1707 | Val Dice: 0.8267
[Client 2, Round 19] Progress: 0% (3/305) - Loss: 0.4360
[Client 2, Round 19] Progress: 1% (6/305) - Loss: 0.1566
[Client 2, Round 19] Progress: 2% (9/305) - Loss: 0.1074
[Client 2, Round 19] Progress: 3% (12/305) - Loss: 0.0953
[Client 2, Round 19] Progress: 4% (15/305) - Loss: 0.6896
[Client 2, Round 19] Progress: 5% (18/305) - Loss: 0.2012
[Client 2, Round 19] Progress: 6% (21/305) - Loss: 0.1585
[Client 2, Round 19] Progress: 7% (24/305) - Loss: 0.1309
[Client 2, Round 19] Progress: 8% (27/305) - Loss: 0.2296
[Client 2, Round 19] Progress: 9% (30/305) - Loss: 0.0941
[Client 2, Round 19] Progress: 10% (33/305) - Loss: 0.1227
[Client 2, Round 19] Progress: 11% (36/305) - Loss: 0.1828
[Client 2, Round 19] Progress: 12% (39/305) - Loss: 0.0984
[Client 2, Round 19] Progress: 13% (42/305) - Loss: 0.3348
[Client 2, Round 19] Progress: 14% (45/305) - Loss: 0.0784
[Client 2, Round 19] Progress: 15% (48/305) - Loss: 0.0607
[Client 2, Round 19] Progress: 16% (51/305) - Loss: 0.1280
[Client 2, Round 19] Progress: 17% (54/305) - Loss: 0.1362
[Client 2, Round 19] Progress: 18% (57/305) - Loss: 0.1531
[Client 2, Round 19] Progress: 19% (60/305) - Loss: 0.0969
[Client 2, Round 19] Progress: 20% (63/305) - Loss: 0.0842
[Client 2, Round 19] Progress: 21% (66/305) - Loss: 0.0972
[Client 2, Round 19] Progress: 22% (69/305) - Loss: 0.1779
[Client 2, Round 19] Progress: 23% (72/305) - Loss: 0.1255
[Client 2, Round 19] Progress: 24% (75/305) - Loss: 0.1278
[Client 2, Round 19] Progress: 25% (78/305) - Loss: 0.0678
[Client 2, Round 19] Progress: 26% (81/305) - Loss: 0.1402
[Client 2, Round 19] Progress: 27% (84/305) - Loss: 0.0854
[Client 2, Round 19] Progress: 28% (87/305) - Loss: 0.1204
[Client 2, Round 19] Progress: 29% (90/305) - Loss: 0.0985
[Client 2, Round 19] Progress: 30% (93/305) - Loss: 0.1143
[Client 2, Round 19] Progress: 31% (96/305) - Loss: 0.1562
[Client 2, Round 19] Progress: 32% (99/305) - Loss: 0.0702
[Client 2, Round 19] Progress: 33% (102/305) - Loss: 0.1158
[Client 2, Round 19] Progress: 34% (105/305) - Loss: 0.0619
[Client 2, Round 19] Progress: 35% (108/305) - Loss: 0.1525
[Client 2, Round 19] Progress: 36% (111/305) - Loss: 0.0682
[Client 2, Round 19] Progress: 37% (114/305) - Loss: 0.0639
[Client 2, Round 19] Progress: 38% (117/305) - Loss: 0.0869
[Client 2, Round 19] Progress: 39% (120/305) - Loss: 0.0667
[Client 2, Round 19] Progress: 40% (123/305) - Loss: 0.0826
[Client 2, Round 19] Progress: 41% (126/305) - Loss: 0.1429
[Client 2, Round 19] Progress: 42% (129/305) - Loss: 0.0887
[Client 2, Round 19] Progress: 43% (132/305) - Loss: 0.0807
[Client 2, Round 19] Progress: 44% (135/305) - Loss: 0.1918
[Client 2, Round 19] Progress: 45% (138/305) - Loss: 0.1990
[Client 2, Round 19] Progress: 46% (141/305) - Loss: 0.0700
[Client 2, Round 19] Progress: 47% (144/305) - Loss: 0.0575
[Client 2, Round 19] Progress: 48% (147/305) - Loss: 0.1014
[Client 2, Round 19] Progress: 49% (150/305) - Loss: 0.0709
[Client 2, Round 19] Progress: 50% (153/305) - Loss: 0.1310
[Client 2, Round 19] Progress: 51% (156/305) - Loss: 0.1842
[Client 2, Round 19] Progress: 52% (159/305) - Loss: 0.1460
[Client 2, Round 19] Progress: 53% (162/305) - Loss: 0.4842
[Client 2, Round 19] Progress: 54% (165/305) - Loss: 0.3643
[Client 2, Round 19] Progress: 55% (168/305) - Loss: 0.1127
[Client 2, Round 19] Progress: 56% (171/305) - Loss: 0.2822
[Client 2, Round 19] Progress: 57% (174/305) - Loss: 0.1911
[Client 2, Round 19] Progress: 58% (177/305) - Loss: 0.0671
[Client 2, Round 19] Progress: 59% (180/305) - Loss: 0.1237
[Client 2, Round 19] Progress: 60% (183/305) - Loss: 0.0545
[Client 2, Round 19] Progress: 60% (186/305) - Loss: 0.0903
[Client 2, Round 19] Progress: 61% (189/305) - Loss: 0.1842
[Client 2, Round 19] Progress: 62% (192/305) - Loss: 0.1739
[Client 2, Round 19] Progress: 63% (195/305) - Loss: 0.0375
[Client 2, Round 19] Progress: 64% (198/305) - Loss: 0.0411
[Client 2, Round 19] Progress: 65% (201/305) - Loss: 0.0785
[Client 2, Round 19] Progress: 66% (204/305) - Loss: 0.1135
[Client 2, Round 19] Progress: 67% (207/305) - Loss: 0.1266
[Client 2, Round 19] Progress: 68% (210/305) - Loss: 0.2126
[Client 2, Round 19] Progress: 69% (213/305) - Loss: 0.1445
[Client 2, Round 19] Progress: 70% (216/305) - Loss: 0.1370
[Client 2, Round 19] Progress: 71% (219/305) - Loss: 0.0809
[Client 2, Round 19] Progress: 72% (222/305) - Loss: 0.2467
[Client 2, Round 19] Progress: 73% (225/305) - Loss: 0.0973
[Client 2, Round 19] Progress: 74% (228/305) - Loss: 0.1732
[Client 2, Round 19] Progress: 75% (231/305) - Loss: 0.7188
[Client 2, Round 19] Progress: 76% (234/305) - Loss: 0.0805
[Client 2, Round 19] Progress: 77% (237/305) - Loss: 0.1163
[Client 2, Round 19] Progress: 78% (240/305) - Loss: 0.1398
[Client 2, Round 19] Progress: 79% (243/305) - Loss: 0.0729
[Client 2, Round 19] Progress: 80% (246/305) - Loss: 0.1758
[Client 2, Round 19] Progress: 81% (249/305) - Loss: 0.0847
[Client 2, Round 19] Progress: 82% (252/305) - Loss: 0.0939
[Client 2, Round 19] Progress: 83% (255/305) - Loss: 0.0903
[Client 2, Round 19] Progress: 84% (258/305) - Loss: 0.1665
[Client 2, Round 19] Progress: 85% (261/305) - Loss: 0.1399
[Client 2, Round 19] Progress: 86% (264/305) - Loss: 0.0897
[Client 2, Round 19] Progress: 87% (267/305) - Loss: 0.1257
[Client 2, Round 19] Progress: 88% (270/305) - Loss: 0.3360
[Client 2, Round 19] Progress: 89% (273/305) - Loss: 0.1894
[Client 2, Round 19] Progress: 90% (276/305) - Loss: 0.1310
[Client 2, Round 19] Progress: 91% (279/305) - Loss: 0.2400
[Client 2, Round 19] Progress: 92% (282/305) - Loss: 0.0794
[Client 2, Round 19] Progress: 93% (285/305) - Loss: 0.0924
[Client 2, Round 19] Progress: 94% (288/305) - Loss: 0.1383
[Client 2, Round 19] Progress: 95% (291/305) - Loss: 0.0965
[Client 2, Round 19] Progress: 96% (294/305) - Loss: 0.1130
[Client 2, Round 19] Progress: 97% (297/305) - Loss: 0.0994
[Client 2, Round 19] Progress: 98% (300/305) - Loss: 0.3665
[Client 2, Round 19] Progress: 99% (303/305) - Loss: 0.0780
[Client 2, Round 19] Progress: 100% (305/305) - Loss: 0.2819
[Client 2, Round 19] Train Loss: 0.1512
[Client 2, Round 19] Val Loss: 0.1580 | Val Dice: 0.8393
[Client 2, Round 20] Progress: 0% (3/305) - Loss: 0.1032
[Client 2, Round 20] Progress: 1% (6/305) - Loss: 0.1382
[Client 2, Round 20] Progress: 2% (9/305) - Loss: 0.1166
[Client 2, Round 20] Progress: 3% (12/305) - Loss: 0.0785
[Client 2, Round 20] Progress: 4% (15/305) - Loss: 0.0946
[Client 2, Round 20] Progress: 5% (18/305) - Loss: 0.1013
[Client 2, Round 20] Progress: 6% (21/305) - Loss: 0.1414
[Client 2, Round 20] Progress: 7% (24/305) - Loss: 0.0818
[Client 2, Round 20] Progress: 8% (27/305) - Loss: 0.0900
[Client 2, Round 20] Progress: 9% (30/305) - Loss: 0.0617
[Client 2, Round 20] Progress: 10% (33/305) - Loss: 0.0766
[Client 2, Round 20] Progress: 11% (36/305) - Loss: 0.1205
[Client 2, Round 20] Progress: 12% (39/305) - Loss: 0.1471
[Client 2, Round 20] Progress: 13% (42/305) - Loss: 0.3533
[Client 2, Round 20] Progress: 14% (45/305) - Loss: 0.3182
[Client 2, Round 20] Progress: 15% (48/305) - Loss: 0.1163
[Client 2, Round 20] Progress: 16% (51/305) - Loss: 0.1798
[Client 2, Round 20] Progress: 17% (54/305) - Loss: 0.3050
[Client 2, Round 20] Progress: 18% (57/305) - Loss: 0.1212
[Client 2, Round 20] Progress: 19% (60/305) - Loss: 0.2209
[Client 2, Round 20] Progress: 20% (63/305) - Loss: 0.1260
[Client 2, Round 20] Progress: 21% (66/305) - Loss: 0.1971
[Client 2, Round 20] Progress: 22% (69/305) - Loss: 0.0775
[Client 2, Round 20] Progress: 23% (72/305) - Loss: 0.1812
[Client 2, Round 20] Progress: 24% (75/305) - Loss: 0.1066
[Client 2, Round 20] Progress: 25% (78/305) - Loss: 0.0817
[Client 2, Round 20] Progress: 26% (81/305) - Loss: 0.1647
[Client 2, Round 20] Progress: 27% (84/305) - Loss: 0.0875
[Client 2, Round 20] Progress: 28% (87/305) - Loss: 0.0778
[Client 2, Round 20] Progress: 29% (90/305) - Loss: 0.1419
[Client 2, Round 20] Progress: 30% (93/305) - Loss: 0.0674
[Client 2, Round 20] Progress: 31% (96/305) - Loss: 0.1382
[Client 2, Round 20] Progress: 32% (99/305) - Loss: 0.1970
[Client 2, Round 20] Progress: 33% (102/305) - Loss: 0.0545
[Client 2, Round 20] Progress: 34% (105/305) - Loss: 0.9560
[Client 2, Round 20] Progress: 35% (108/305) - Loss: 0.2392
[Client 2, Round 20] Progress: 36% (111/305) - Loss: 0.1579
[Client 2, Round 20] Progress: 37% (114/305) - Loss: 0.1059
[Client 2, Round 20] Progress: 38% (117/305) - Loss: 0.1369
[Client 2, Round 20] Progress: 39% (120/305) - Loss: 0.1605
[Client 2, Round 20] Progress: 40% (123/305) - Loss: 0.0463
[Client 2, Round 20] Progress: 41% (126/305) - Loss: 0.0759
[Client 2, Round 20] Progress: 42% (129/305) - Loss: 0.3608
[Client 2, Round 20] Progress: 43% (132/305) - Loss: 0.0709
[Client 2, Round 20] Progress: 44% (135/305) - Loss: 0.1343
[Client 2, Round 20] Progress: 45% (138/305) - Loss: 0.1790
[Client 2, Round 20] Progress: 46% (141/305) - Loss: 0.1714
[Client 2, Round 20] Progress: 47% (144/305) - Loss: 0.1514
[Client 2, Round 20] Progress: 48% (147/305) - Loss: 0.0815
[Client 2, Round 20] Progress: 49% (150/305) - Loss: 0.1503
[Client 2, Round 20] Progress: 50% (153/305) - Loss: 0.2218
[Client 2, Round 20] Progress: 51% (156/305) - Loss: 0.0841
[Client 2, Round 20] Progress: 52% (159/305) - Loss: 0.0564
[Client 2, Round 20] Progress: 53% (162/305) - Loss: 0.1830
[Client 2, Round 20] Progress: 54% (165/305) - Loss: 0.0642
[Client 2, Round 20] Progress: 55% (168/305) - Loss: 0.1095
[Client 2, Round 20] Progress: 56% (171/305) - Loss: 0.0856
[Client 2, Round 20] Progress: 57% (174/305) - Loss: 0.0934
[Client 2, Round 20] Progress: 58% (177/305) - Loss: 0.1260
[Client 2, Round 20] Progress: 59% (180/305) - Loss: 0.1271
[Client 2, Round 20] Progress: 60% (183/305) - Loss: 0.0573
[Client 2, Round 20] Progress: 60% (186/305) - Loss: 0.0928
[Client 2, Round 20] Progress: 61% (189/305) - Loss: 0.1131
[Client 2, Round 20] Progress: 62% (192/305) - Loss: 0.2147
[Client 2, Round 20] Progress: 63% (195/305) - Loss: 0.1216
[Client 2, Round 20] Progress: 64% (198/305) - Loss: 0.0602
[Client 2, Round 20] Progress: 65% (201/305) - Loss: 0.1429
[Client 2, Round 20] Progress: 66% (204/305) - Loss: 0.1153
[Client 2, Round 20] Progress: 67% (207/305) - Loss: 0.1601
[Client 2, Round 20] Progress: 68% (210/305) - Loss: 0.1625
[Client 2, Round 20] Progress: 69% (213/305) - Loss: 0.0841
[Client 2, Round 20] Progress: 70% (216/305) - Loss: 0.0804
[Client 2, Round 20] Progress: 71% (219/305) - Loss: 0.0868
[Client 2, Round 20] Progress: 72% (222/305) - Loss: 0.0978
[Client 2, Round 20] Progress: 73% (225/305) - Loss: 0.1221
[Client 2, Round 20] Progress: 74% (228/305) - Loss: 0.1323
[Client 2, Round 20] Progress: 75% (231/305) - Loss: 0.1095
[Client 2, Round 20] Progress: 76% (234/305) - Loss: 0.1169
[Client 2, Round 20] Progress: 77% (237/305) - Loss: 0.2296
[Client 2, Round 20] Progress: 78% (240/305) - Loss: 0.4078
[Client 2, Round 20] Progress: 79% (243/305) - Loss: 0.1193
[Client 2, Round 20] Progress: 80% (246/305) - Loss: 0.1297
[Client 2, Round 20] Progress: 81% (249/305) - Loss: 0.1019
[Client 2, Round 20] Progress: 82% (252/305) - Loss: 0.0562
[Client 2, Round 20] Progress: 83% (255/305) - Loss: 0.1516
[Client 2, Round 20] Progress: 84% (258/305) - Loss: 0.1063
[Client 2, Round 20] Progress: 85% (261/305) - Loss: 0.2733
[Client 2, Round 20] Progress: 86% (264/305) - Loss: 0.1165
[Client 2, Round 20] Progress: 87% (267/305) - Loss: 0.3009
[Client 2, Round 20] Progress: 88% (270/305) - Loss: 0.1303
[Client 2, Round 20] Progress: 89% (273/305) - Loss: 0.0793
[Client 2, Round 20] Progress: 90% (276/305) - Loss: 0.1256
[Client 2, Round 20] Progress: 91% (279/305) - Loss: 0.1316
[Client 2, Round 20] Progress: 92% (282/305) - Loss: 0.2009
[Client 2, Round 20] Progress: 93% (285/305) - Loss: 0.0466
[Client 2, Round 20] Progress: 94% (288/305) - Loss: 0.0421
[Client 2, Round 20] Progress: 95% (291/305) - Loss: 0.1442
[Client 2, Round 20] Progress: 96% (294/305) - Loss: 0.1174
[Client 2, Round 20] Progress: 97% (297/305) - Loss: 0.7048
[Client 2, Round 20] Progress: 98% (300/305) - Loss: 0.1522
[Client 2, Round 20] Progress: 99% (303/305) - Loss: 0.0834
[Client 2, Round 20] Progress: 100% (305/305) - Loss: 0.0625
[Client 2, Round 20] Train Loss: 0.1495
[Client 2, Round 20] Val Loss: 0.1646 | Val Dice: 0.8342
[Client 2, Round 21] Progress: 0% (3/305) - Loss: 0.0440
[Client 2, Round 21] Progress: 1% (6/305) - Loss: 0.0933
[Client 2, Round 21] Progress: 2% (9/305) - Loss: 0.0764
[Client 2, Round 21] Progress: 3% (12/305) - Loss: 0.1301
[Client 2, Round 21] Progress: 4% (15/305) - Loss: 0.0856
[Client 2, Round 21] Progress: 5% (18/305) - Loss: 0.1868
[Client 2, Round 21] Progress: 6% (21/305) - Loss: 0.1005
[Client 2, Round 21] Progress: 7% (24/305) - Loss: 0.0870
[Client 2, Round 21] Progress: 8% (27/305) - Loss: 0.1095
[Client 2, Round 21] Progress: 9% (30/305) - Loss: 0.1494
[Client 2, Round 21] Progress: 10% (33/305) - Loss: 0.1675
[Client 2, Round 21] Progress: 11% (36/305) - Loss: 0.0655
[Client 2, Round 21] Progress: 12% (39/305) - Loss: 0.1546
[Client 2, Round 21] Progress: 13% (42/305) - Loss: 0.0603
[Client 2, Round 21] Progress: 14% (45/305) - Loss: 0.0773
[Client 2, Round 21] Progress: 15% (48/305) - Loss: 0.1220
[Client 2, Round 21] Progress: 16% (51/305) - Loss: 0.3654
[Client 2, Round 21] Progress: 17% (54/305) - Loss: 0.0624
[Client 2, Round 21] Progress: 18% (57/305) - Loss: 0.1088
[Client 2, Round 21] Progress: 19% (60/305) - Loss: 0.1367
[Client 2, Round 21] Progress: 20% (63/305) - Loss: 0.1494
[Client 2, Round 21] Progress: 21% (66/305) - Loss: 0.0866
[Client 2, Round 21] Progress: 22% (69/305) - Loss: 0.1358
[Client 2, Round 21] Progress: 23% (72/305) - Loss: 0.0848
[Client 2, Round 21] Progress: 24% (75/305) - Loss: 0.0947
[Client 2, Round 21] Progress: 25% (78/305) - Loss: 0.0716
[Client 2, Round 21] Progress: 26% (81/305) - Loss: 0.3049
[Client 2, Round 21] Progress: 27% (84/305) - Loss: 0.1321
[Client 2, Round 21] Progress: 28% (87/305) - Loss: 0.1155
[Client 2, Round 21] Progress: 29% (90/305) - Loss: 0.1526
[Client 2, Round 21] Progress: 30% (93/305) - Loss: 0.1565
[Client 2, Round 21] Progress: 31% (96/305) - Loss: 0.1098
[Client 2, Round 21] Progress: 32% (99/305) - Loss: 0.2477
[Client 2, Round 21] Progress: 33% (102/305) - Loss: 0.1300
[Client 2, Round 21] Progress: 34% (105/305) - Loss: 0.0804
[Client 2, Round 21] Progress: 35% (108/305) - Loss: 0.0616
[Client 2, Round 21] Progress: 36% (111/305) - Loss: 0.1087
[Client 2, Round 21] Progress: 37% (114/305) - Loss: 0.1641
[Client 2, Round 21] Progress: 38% (117/305) - Loss: 0.0787
[Client 2, Round 21] Progress: 39% (120/305) - Loss: 0.1423
[Client 2, Round 21] Progress: 40% (123/305) - Loss: 0.1401
[Client 2, Round 21] Progress: 41% (126/305) - Loss: 0.0417
[Client 2, Round 21] Progress: 42% (129/305) - Loss: 0.7244
[Client 2, Round 21] Progress: 43% (132/305) - Loss: 0.1093
[Client 2, Round 21] Progress: 44% (135/305) - Loss: 0.1107
[Client 2, Round 21] Progress: 45% (138/305) - Loss: 0.1528
[Client 2, Round 21] Progress: 46% (141/305) - Loss: 0.0616
[Client 2, Round 21] Progress: 47% (144/305) - Loss: 0.1293
[Client 2, Round 21] Progress: 48% (147/305) - Loss: 0.1240
[Client 2, Round 21] Progress: 49% (150/305) - Loss: 0.1025
[Client 2, Round 21] Progress: 50% (153/305) - Loss: 0.0650
[Client 2, Round 21] Progress: 51% (156/305) - Loss: 0.2696
[Client 2, Round 21] Progress: 52% (159/305) - Loss: 0.1565
[Client 2, Round 21] Progress: 53% (162/305) - Loss: 0.0733
[Client 2, Round 21] Progress: 54% (165/305) - Loss: 0.2441
[Client 2, Round 21] Progress: 55% (168/305) - Loss: 0.1570
[Client 2, Round 21] Progress: 56% (171/305) - Loss: 0.2021
[Client 2, Round 21] Progress: 57% (174/305) - Loss: 0.0983
[Client 2, Round 21] Progress: 58% (177/305) - Loss: 0.1043
[Client 2, Round 21] Progress: 59% (180/305) - Loss: 0.2464
[Client 2, Round 21] Progress: 60% (183/305) - Loss: 0.1175
[Client 2, Round 21] Progress: 60% (186/305) - Loss: 0.1524
[Client 2, Round 21] Progress: 61% (189/305) - Loss: 0.1305
[Client 2, Round 21] Progress: 62% (192/305) - Loss: 0.0621
[Client 2, Round 21] Progress: 63% (195/305) - Loss: 0.1087
[Client 2, Round 21] Progress: 64% (198/305) - Loss: 0.0955
[Client 2, Round 21] Progress: 65% (201/305) - Loss: 0.1889
[Client 2, Round 21] Progress: 66% (204/305) - Loss: 0.1904
[Client 2, Round 21] Progress: 67% (207/305) - Loss: 0.5584
[Client 2, Round 21] Progress: 68% (210/305) - Loss: 0.1061
[Client 2, Round 21] Progress: 69% (213/305) - Loss: 0.1058
[Client 2, Round 21] Progress: 70% (216/305) - Loss: 0.1372
[Client 2, Round 21] Progress: 71% (219/305) - Loss: 0.1093
[Client 2, Round 21] Progress: 72% (222/305) - Loss: 0.0753
[Client 2, Round 21] Progress: 73% (225/305) - Loss: 0.1177
[Client 2, Round 21] Progress: 74% (228/305) - Loss: 0.1092
[Client 2, Round 21] Progress: 75% (231/305) - Loss: 0.0558
[Client 2, Round 21] Progress: 76% (234/305) - Loss: 0.0558
[Client 2, Round 21] Progress: 77% (237/305) - Loss: 0.1546
[Client 2, Round 21] Progress: 78% (240/305) - Loss: 0.1233
[Client 2, Round 21] Progress: 79% (243/305) - Loss: 0.1222
[Client 2, Round 21] Progress: 80% (246/305) - Loss: 0.2207
[Client 2, Round 21] Progress: 81% (249/305) - Loss: 0.0782
[Client 2, Round 21] Progress: 82% (252/305) - Loss: 0.1744
[Client 2, Round 21] Progress: 83% (255/305) - Loss: 0.0782
[Client 2, Round 21] Progress: 84% (258/305) - Loss: 0.2157
[Client 2, Round 21] Progress: 85% (261/305) - Loss: 0.4174
[Client 2, Round 21] Progress: 86% (264/305) - Loss: 0.2171
[Client 2, Round 21] Progress: 87% (267/305) - Loss: 0.3650
[Client 2, Round 21] Progress: 88% (270/305) - Loss: 0.1672
[Client 2, Round 21] Progress: 89% (273/305) - Loss: 0.2760
[Client 2, Round 21] Progress: 90% (276/305) - Loss: 0.1590
[Client 2, Round 21] Progress: 91% (279/305) - Loss: 0.2159
[Client 2, Round 21] Progress: 92% (282/305) - Loss: 0.1745
[Client 2, Round 21] Progress: 93% (285/305) - Loss: 0.3154
[Client 2, Round 21] Progress: 94% (288/305) - Loss: 0.4164
[Client 2, Round 21] Progress: 95% (291/305) - Loss: 0.1166
[Client 2, Round 21] Progress: 96% (294/305) - Loss: 0.0852
[Client 2, Round 21] Progress: 97% (297/305) - Loss: 0.1027
[Client 2, Round 21] Progress: 98% (300/305) - Loss: 0.2000
[Client 2, Round 21] Progress: 99% (303/305) - Loss: 0.1728
[Client 2, Round 21] Progress: 100% (305/305) - Loss: 0.8037
[Client 2, Round 21] Train Loss: 0.1528
[Client 2, Round 21] Val Loss: 0.1634 | Val Dice: 0.8366
[Client 2, Round 22] Progress: 0% (3/305) - Loss: 0.0495
[Client 2, Round 22] Progress: 1% (6/305) - Loss: 0.0839
[Client 2, Round 22] Progress: 2% (9/305) - Loss: 0.1124
[Client 2, Round 22] Progress: 3% (12/305) - Loss: 0.2003
[Client 2, Round 22] Progress: 4% (15/305) - Loss: 0.0787
[Client 2, Round 22] Progress: 5% (18/305) - Loss: 0.0762
[Client 2, Round 22] Progress: 6% (21/305) - Loss: 0.0874
[Client 2, Round 22] Progress: 7% (24/305) - Loss: 0.0639
[Client 2, Round 22] Progress: 8% (27/305) - Loss: 0.0837
[Client 2, Round 22] Progress: 9% (30/305) - Loss: 0.0443
[Client 2, Round 22] Progress: 10% (33/305) - Loss: 0.1587
[Client 2, Round 22] Progress: 11% (36/305) - Loss: 0.1836
[Client 2, Round 22] Progress: 12% (39/305) - Loss: 0.0567
[Client 2, Round 22] Progress: 13% (42/305) - Loss: 0.7853
[Client 2, Round 22] Progress: 14% (45/305) - Loss: 0.1189
[Client 2, Round 22] Progress: 15% (48/305) - Loss: 0.0922
[Client 2, Round 22] Progress: 16% (51/305) - Loss: 0.0367
[Client 2, Round 22] Progress: 17% (54/305) - Loss: 0.1629
[Client 2, Round 22] Progress: 18% (57/305) - Loss: 0.0855
[Client 2, Round 22] Progress: 19% (60/305) - Loss: 0.1654
[Client 2, Round 22] Progress: 20% (63/305) - Loss: 0.1521
[Client 2, Round 22] Progress: 21% (66/305) - Loss: 0.0911
[Client 2, Round 22] Progress: 22% (69/305) - Loss: 0.0914
[Client 2, Round 22] Progress: 23% (72/305) - Loss: 0.3288
[Client 2, Round 22] Progress: 24% (75/305) - Loss: 0.1354
[Client 2, Round 22] Progress: 25% (78/305) - Loss: 0.1491
[Client 2, Round 22] Progress: 26% (81/305) - Loss: 0.0793
[Client 2, Round 22] Progress: 27% (84/305) - Loss: 0.2594
[Client 2, Round 22] Progress: 28% (87/305) - Loss: 0.1247
[Client 2, Round 22] Progress: 29% (90/305) - Loss: 0.2207
[Client 2, Round 22] Progress: 30% (93/305) - Loss: 0.1658
[Client 2, Round 22] Progress: 31% (96/305) - Loss: 0.1571
[Client 2, Round 22] Progress: 32% (99/305) - Loss: 0.0774
[Client 2, Round 22] Progress: 33% (102/305) - Loss: 0.0882
[Client 2, Round 22] Progress: 34% (105/305) - Loss: 0.0985
[Client 2, Round 22] Progress: 35% (108/305) - Loss: 0.1514
[Client 2, Round 22] Progress: 36% (111/305) - Loss: 0.6502
[Client 2, Round 22] Progress: 37% (114/305) - Loss: 0.1478
[Client 2, Round 22] Progress: 38% (117/305) - Loss: 0.2074
[Client 2, Round 22] Progress: 39% (120/305) - Loss: 0.1013
[Client 2, Round 22] Progress: 40% (123/305) - Loss: 0.1127
[Client 2, Round 22] Progress: 41% (126/305) - Loss: 0.4539
[Client 2, Round 22] Progress: 42% (129/305) - Loss: 0.1468
[Client 2, Round 22] Progress: 43% (132/305) - Loss: 0.0412
[Client 2, Round 22] Progress: 44% (135/305) - Loss: 0.2053
[Client 2, Round 22] Progress: 45% (138/305) - Loss: 0.1168
[Client 2, Round 22] Progress: 46% (141/305) - Loss: 0.1076
[Client 2, Round 22] Progress: 47% (144/305) - Loss: 0.0640
[Client 2, Round 22] Progress: 48% (147/305) - Loss: 0.0969
[Client 2, Round 22] Progress: 49% (150/305) - Loss: 0.0628
[Client 2, Round 22] Progress: 50% (153/305) - Loss: 0.1350
[Client 2, Round 22] Progress: 51% (156/305) - Loss: 0.3796
[Client 2, Round 22] Progress: 52% (159/305) - Loss: 0.2730
[Client 2, Round 22] Progress: 53% (162/305) - Loss: 0.0906
[Client 2, Round 22] Progress: 54% (165/305) - Loss: 0.1138
[Client 2, Round 22] Progress: 55% (168/305) - Loss: 0.0508
[Client 2, Round 22] Progress: 56% (171/305) - Loss: 0.0462
[Client 2, Round 22] Progress: 57% (174/305) - Loss: 0.1861
[Client 2, Round 22] Progress: 58% (177/305) - Loss: 0.1244
[Client 2, Round 22] Progress: 59% (180/305) - Loss: 0.1204
[Client 2, Round 22] Progress: 60% (183/305) - Loss: 0.0659
[Client 2, Round 22] Progress: 60% (186/305) - Loss: 0.1073
[Client 2, Round 22] Progress: 61% (189/305) - Loss: 0.1288
[Client 2, Round 22] Progress: 62% (192/305) - Loss: 0.0837
[Client 2, Round 22] Progress: 63% (195/305) - Loss: 0.0784
[Client 2, Round 22] Progress: 64% (198/305) - Loss: 0.1937
[Client 2, Round 22] Progress: 65% (201/305) - Loss: 0.1572
[Client 2, Round 22] Progress: 66% (204/305) - Loss: 0.1594
[Client 2, Round 22] Progress: 67% (207/305) - Loss: 0.0907
[Client 2, Round 22] Progress: 68% (210/305) - Loss: 0.0772
[Client 2, Round 22] Progress: 69% (213/305) - Loss: 0.1214
[Client 2, Round 22] Progress: 70% (216/305) - Loss: 0.1581
[Client 2, Round 22] Progress: 71% (219/305) - Loss: 0.1240
[Client 2, Round 22] Progress: 72% (222/305) - Loss: 0.0877
[Client 2, Round 22] Progress: 73% (225/305) - Loss: 0.1833
[Client 2, Round 22] Progress: 74% (228/305) - Loss: 0.3274
[Client 2, Round 22] Progress: 75% (231/305) - Loss: 0.1562
[Client 2, Round 22] Progress: 76% (234/305) - Loss: 0.3608
[Client 2, Round 22] Progress: 77% (237/305) - Loss: 0.1424
[Client 2, Round 22] Progress: 78% (240/305) - Loss: 0.0889
[Client 2, Round 22] Progress: 79% (243/305) - Loss: 0.1406
[Client 2, Round 22] Progress: 80% (246/305) - Loss: 0.1064
[Client 2, Round 22] Progress: 81% (249/305) - Loss: 0.0837
[Client 2, Round 22] Progress: 82% (252/305) - Loss: 0.0549
[Client 2, Round 22] Progress: 83% (255/305) - Loss: 0.1636
[Client 2, Round 22] Progress: 84% (258/305) - Loss: 0.1359
[Client 2, Round 22] Progress: 85% (261/305) - Loss: 0.1444
[Client 2, Round 22] Progress: 86% (264/305) - Loss: 0.0643
[Client 2, Round 22] Progress: 87% (267/305) - Loss: 0.0827
[Client 2, Round 22] Progress: 88% (270/305) - Loss: 0.1540
[Client 2, Round 22] Progress: 89% (273/305) - Loss: 0.0786
[Client 2, Round 22] Progress: 90% (276/305) - Loss: 0.0698
[Client 2, Round 22] Progress: 91% (279/305) - Loss: 0.1210
[Client 2, Round 22] Progress: 92% (282/305) - Loss: 0.0562
[Client 2, Round 22] Progress: 93% (285/305) - Loss: 0.1236
[Client 2, Round 22] Progress: 94% (288/305) - Loss: 0.0733
[Client 2, Round 22] Progress: 95% (291/305) - Loss: 0.1407
[Client 2, Round 22] Progress: 96% (294/305) - Loss: 0.2148
[Client 2, Round 22] Progress: 97% (297/305) - Loss: 0.1006
[Client 2, Round 22] Progress: 98% (300/305) - Loss: 0.1001
[Client 2, Round 22] Progress: 99% (303/305) - Loss: 0.1430
[Client 2, Round 22] Progress: 100% (305/305) - Loss: 0.1325
[Client 2, Round 22] Train Loss: 0.1542
[Client 2, Round 22] Val Loss: 0.1479 | Val Dice: 0.8520
[Client 2, Round 23] Progress: 0% (3/305) - Loss: 0.3917
[Client 2, Round 23] Progress: 1% (6/305) - Loss: 0.1272
[Client 2, Round 23] Progress: 2% (9/305) - Loss: 0.0698
[Client 2, Round 23] Progress: 3% (12/305) - Loss: 0.1355
[Client 2, Round 23] Progress: 4% (15/305) - Loss: 0.2390
[Client 2, Round 23] Progress: 5% (18/305) - Loss: 0.1565
[Client 2, Round 23] Progress: 6% (21/305) - Loss: 0.2180
[Client 2, Round 23] Progress: 7% (24/305) - Loss: 0.0684
[Client 2, Round 23] Progress: 8% (27/305) - Loss: 0.1355
[Client 2, Round 23] Progress: 9% (30/305) - Loss: 0.1422
[Client 2, Round 23] Progress: 10% (33/305) - Loss: 0.1710
[Client 2, Round 23] Progress: 11% (36/305) - Loss: 0.1345
[Client 2, Round 23] Progress: 12% (39/305) - Loss: 0.7574
[Client 2, Round 23] Progress: 13% (42/305) - Loss: 0.1191
[Client 2, Round 23] Progress: 14% (45/305) - Loss: 0.0920
[Client 2, Round 23] Progress: 15% (48/305) - Loss: 0.1515
[Client 2, Round 23] Progress: 16% (51/305) - Loss: 0.1020
[Client 2, Round 23] Progress: 17% (54/305) - Loss: 0.1278
[Client 2, Round 23] Progress: 18% (57/305) - Loss: 0.0804
[Client 2, Round 23] Progress: 19% (60/305) - Loss: 0.1093
[Client 2, Round 23] Progress: 20% (63/305) - Loss: 0.0657
[Client 2, Round 23] Progress: 21% (66/305) - Loss: 0.0730
[Client 2, Round 23] Progress: 22% (69/305) - Loss: 0.1431
[Client 2, Round 23] Progress: 23% (72/305) - Loss: 0.1399
[Client 2, Round 23] Progress: 24% (75/305) - Loss: 0.2004
[Client 2, Round 23] Progress: 25% (78/305) - Loss: 0.1060
[Client 2, Round 23] Progress: 26% (81/305) - Loss: 0.0491
[Client 2, Round 23] Progress: 27% (84/305) - Loss: 0.0875
[Client 2, Round 23] Progress: 28% (87/305) - Loss: 0.1049
[Client 2, Round 23] Progress: 29% (90/305) - Loss: 0.1392
[Client 2, Round 23] Progress: 30% (93/305) - Loss: 0.0436
[Client 2, Round 23] Progress: 31% (96/305) - Loss: 0.2104
[Client 2, Round 23] Progress: 32% (99/305) - Loss: 0.1042
[Client 2, Round 23] Progress: 33% (102/305) - Loss: 0.2864
[Client 2, Round 23] Progress: 34% (105/305) - Loss: 0.2273
[Client 2, Round 23] Progress: 35% (108/305) - Loss: 0.1034
[Client 2, Round 23] Progress: 36% (111/305) - Loss: 0.0933
[Client 2, Round 23] Progress: 37% (114/305) - Loss: 0.1082
[Client 2, Round 23] Progress: 38% (117/305) - Loss: 0.0684
[Client 2, Round 23] Progress: 39% (120/305) - Loss: 0.1628
[Client 2, Round 23] Progress: 40% (123/305) - Loss: 1.0086
[Client 2, Round 23] Progress: 41% (126/305) - Loss: 0.0777
[Client 2, Round 23] Progress: 42% (129/305) - Loss: 0.2845
[Client 2, Round 23] Progress: 43% (132/305) - Loss: 0.0876
[Client 2, Round 23] Progress: 44% (135/305) - Loss: 0.1851
[Client 2, Round 23] Progress: 45% (138/305) - Loss: 0.3409
[Client 2, Round 23] Progress: 46% (141/305) - Loss: 0.0843
[Client 2, Round 23] Progress: 47% (144/305) - Loss: 0.0968
[Client 2, Round 23] Progress: 48% (147/305) - Loss: 0.1068
[Client 2, Round 23] Progress: 49% (150/305) - Loss: 0.0817
[Client 2, Round 23] Progress: 50% (153/305) - Loss: 0.2045
[Client 2, Round 23] Progress: 51% (156/305) - Loss: 0.0969
[Client 2, Round 23] Progress: 52% (159/305) - Loss: 0.1466
[Client 2, Round 23] Progress: 53% (162/305) - Loss: 0.6619
[Client 2, Round 23] Progress: 54% (165/305) - Loss: 0.1693
[Client 2, Round 23] Progress: 55% (168/305) - Loss: 0.0983
[Client 2, Round 23] Progress: 56% (171/305) - Loss: 0.0723
[Client 2, Round 23] Progress: 57% (174/305) - Loss: 0.1391
[Client 2, Round 23] Progress: 58% (177/305) - Loss: 0.1022
[Client 2, Round 23] Progress: 59% (180/305) - Loss: 0.1106
[Client 2, Round 23] Progress: 60% (183/305) - Loss: 0.1527
[Client 2, Round 23] Progress: 60% (186/305) - Loss: 0.1349
[Client 2, Round 23] Progress: 61% (189/305) - Loss: 0.1695
[Client 2, Round 23] Progress: 62% (192/305) - Loss: 0.1801
[Client 2, Round 23] Progress: 63% (195/305) - Loss: 0.0850
[Client 2, Round 23] Progress: 64% (198/305) - Loss: 0.0961
[Client 2, Round 23] Progress: 65% (201/305) - Loss: 0.1248
[Client 2, Round 23] Progress: 66% (204/305) - Loss: 0.0695
[Client 2, Round 23] Progress: 67% (207/305) - Loss: 0.0629
[Client 2, Round 23] Progress: 68% (210/305) - Loss: 0.2014
[Client 2, Round 23] Progress: 69% (213/305) - Loss: 0.1837
[Client 2, Round 23] Progress: 70% (216/305) - Loss: 0.0834
[Client 2, Round 23] Progress: 71% (219/305) - Loss: 0.0864
[Client 2, Round 23] Progress: 72% (222/305) - Loss: 0.2408
[Client 2, Round 23] Progress: 73% (225/305) - Loss: 0.0702
[Client 2, Round 23] Progress: 74% (228/305) - Loss: 0.1451
[Client 2, Round 23] Progress: 75% (231/305) - Loss: 0.0537
[Client 2, Round 23] Progress: 76% (234/305) - Loss: 0.1508
[Client 2, Round 23] Progress: 77% (237/305) - Loss: 0.1739
[Client 2, Round 23] Progress: 78% (240/305) - Loss: 0.0893
[Client 2, Round 23] Progress: 79% (243/305) - Loss: 0.7850
[Client 2, Round 23] Progress: 80% (246/305) - Loss: 0.1123
[Client 2, Round 23] Progress: 81% (249/305) - Loss: 0.1130
[Client 2, Round 23] Progress: 82% (252/305) - Loss: 0.1856
[Client 2, Round 23] Progress: 83% (255/305) - Loss: 0.2897
[Client 2, Round 23] Progress: 84% (258/305) - Loss: 0.1477
[Client 2, Round 23] Progress: 85% (261/305) - Loss: 0.0822
[Client 2, Round 23] Progress: 86% (264/305) - Loss: 0.1453
[Client 2, Round 23] Progress: 87% (267/305) - Loss: 0.1538
[Client 2, Round 23] Progress: 88% (270/305) - Loss: 0.1206
[Client 2, Round 23] Progress: 89% (273/305) - Loss: 0.2517
[Client 2, Round 23] Progress: 90% (276/305) - Loss: 0.2772
[Client 2, Round 23] Progress: 91% (279/305) - Loss: 0.1713
[Client 2, Round 23] Progress: 92% (282/305) - Loss: 0.0844
[Client 2, Round 23] Progress: 93% (285/305) - Loss: 0.0898
[Client 2, Round 23] Progress: 94% (288/305) - Loss: 0.0342
[Client 2, Round 23] Progress: 95% (291/305) - Loss: 0.0843
[Client 2, Round 23] Progress: 96% (294/305) - Loss: 0.1917
[Client 2, Round 23] Progress: 97% (297/305) - Loss: 0.0442
[Client 2, Round 23] Progress: 98% (300/305) - Loss: 0.1169
[Client 2, Round 23] Progress: 99% (303/305) - Loss: 0.0867
[Client 2, Round 23] Progress: 100% (305/305) - Loss: 0.0559
[Client 2, Round 23] Train Loss: 0.1540
[Client 2, Round 23] Val Loss: 0.1528 | Val Dice: 0.8461
[Client 2, Round 24] Progress: 0% (3/305) - Loss: 0.3171
[Client 2, Round 24] Progress: 1% (6/305) - Loss: 0.1357
[Client 2, Round 24] Progress: 2% (9/305) - Loss: 0.0686
[Client 2, Round 24] Progress: 3% (12/305) - Loss: 0.1231
[Client 2, Round 24] Progress: 4% (15/305) - Loss: 0.1082
[Client 2, Round 24] Progress: 5% (18/305) - Loss: 0.1256
[Client 2, Round 24] Progress: 6% (21/305) - Loss: 0.2217
[Client 2, Round 24] Progress: 7% (24/305) - Loss: 0.3114
[Client 2, Round 24] Progress: 8% (27/305) - Loss: 0.0997
[Client 2, Round 24] Progress: 9% (30/305) - Loss: 0.1012
[Client 2, Round 24] Progress: 10% (33/305) - Loss: 0.0847
[Client 2, Round 24] Progress: 11% (36/305) - Loss: 0.2891
[Client 2, Round 24] Progress: 12% (39/305) - Loss: 0.0783
[Client 2, Round 24] Progress: 13% (42/305) - Loss: 0.1149
[Client 2, Round 24] Progress: 14% (45/305) - Loss: 0.1131
[Client 2, Round 24] Progress: 15% (48/305) - Loss: 0.0783
[Client 2, Round 24] Progress: 16% (51/305) - Loss: 0.0540
[Client 2, Round 24] Progress: 17% (54/305) - Loss: 0.0992
[Client 2, Round 24] Progress: 18% (57/305) - Loss: 0.1359
[Client 2, Round 24] Progress: 19% (60/305) - Loss: 0.0929
[Client 2, Round 24] Progress: 20% (63/305) - Loss: 0.0537
[Client 2, Round 24] Progress: 21% (66/305) - Loss: 0.3481
[Client 2, Round 24] Progress: 22% (69/305) - Loss: 0.2075
[Client 2, Round 24] Progress: 23% (72/305) - Loss: 0.1340
[Client 2, Round 24] Progress: 24% (75/305) - Loss: 0.1448
[Client 2, Round 24] Progress: 25% (78/305) - Loss: 0.0575
[Client 2, Round 24] Progress: 26% (81/305) - Loss: 0.0975
[Client 2, Round 24] Progress: 27% (84/305) - Loss: 0.0985
[Client 2, Round 24] Progress: 28% (87/305) - Loss: 0.0760
[Client 2, Round 24] Progress: 29% (90/305) - Loss: 0.1482
[Client 2, Round 24] Progress: 30% (93/305) - Loss: 0.1510
[Client 2, Round 24] Progress: 31% (96/305) - Loss: 0.1018
[Client 2, Round 24] Progress: 32% (99/305) - Loss: 0.1280
[Client 2, Round 24] Progress: 33% (102/305) - Loss: 0.0619
[Client 2, Round 24] Progress: 34% (105/305) - Loss: 0.1593
[Client 2, Round 24] Progress: 35% (108/305) - Loss: 0.1239
[Client 2, Round 24] Progress: 36% (111/305) - Loss: 0.0504
[Client 2, Round 24] Progress: 37% (114/305) - Loss: 0.1254
[Client 2, Round 24] Progress: 38% (117/305) - Loss: 0.1166
[Client 2, Round 24] Progress: 39% (120/305) - Loss: 0.1826
[Client 2, Round 24] Progress: 40% (123/305) - Loss: 0.1493
[Client 2, Round 24] Progress: 41% (126/305) - Loss: 0.1081
[Client 2, Round 24] Progress: 42% (129/305) - Loss: 0.2005
[Client 2, Round 24] Progress: 43% (132/305) - Loss: 0.1503
[Client 2, Round 24] Progress: 44% (135/305) - Loss: 0.0802
[Client 2, Round 24] Progress: 45% (138/305) - Loss: 0.1317
[Client 2, Round 24] Progress: 46% (141/305) - Loss: 0.1518
[Client 2, Round 24] Progress: 47% (144/305) - Loss: 0.2082
[Client 2, Round 24] Progress: 48% (147/305) - Loss: 0.1185
[Client 2, Round 24] Progress: 49% (150/305) - Loss: 0.0532
[Client 2, Round 24] Progress: 50% (153/305) - Loss: 0.1122
[Client 2, Round 24] Progress: 51% (156/305) - Loss: 0.0818
[Client 2, Round 24] Progress: 52% (159/305) - Loss: 0.0523
[Client 2, Round 24] Progress: 53% (162/305) - Loss: 0.1299
[Client 2, Round 24] Progress: 54% (165/305) - Loss: 0.0981
[Client 2, Round 24] Progress: 55% (168/305) - Loss: 0.0996
[Client 2, Round 24] Progress: 56% (171/305) - Loss: 0.1908
[Client 2, Round 24] Progress: 57% (174/305) - Loss: 0.1242
[Client 2, Round 24] Progress: 58% (177/305) - Loss: 0.0934
[Client 2, Round 24] Progress: 59% (180/305) - Loss: 0.3874
[Client 2, Round 24] Progress: 60% (183/305) - Loss: 0.0445
[Client 2, Round 24] Progress: 60% (186/305) - Loss: 0.7511
[Client 2, Round 24] Progress: 61% (189/305) - Loss: 0.0939
[Client 2, Round 24] Progress: 62% (192/305) - Loss: 0.0636
[Client 2, Round 24] Progress: 63% (195/305) - Loss: 0.0795
[Client 2, Round 24] Progress: 64% (198/305) - Loss: 0.0969
[Client 2, Round 24] Progress: 65% (201/305) - Loss: 0.0930
[Client 2, Round 24] Progress: 66% (204/305) - Loss: 0.2019
[Client 2, Round 24] Progress: 67% (207/305) - Loss: 0.1651
[Client 2, Round 24] Progress: 68% (210/305) - Loss: 0.0699
[Client 2, Round 24] Progress: 69% (213/305) - Loss: 0.1477
[Client 2, Round 24] Progress: 70% (216/305) - Loss: 0.0717
[Client 2, Round 24] Progress: 71% (219/305) - Loss: 0.1114
[Client 2, Round 24] Progress: 72% (222/305) - Loss: 0.0519
[Client 2, Round 24] Progress: 73% (225/305) - Loss: 0.1504
[Client 2, Round 24] Progress: 74% (228/305) - Loss: 0.1761
[Client 2, Round 24] Progress: 75% (231/305) - Loss: 0.1582
[Client 2, Round 24] Progress: 76% (234/305) - Loss: 0.1282
[Client 2, Round 24] Progress: 77% (237/305) - Loss: 0.1149
[Client 2, Round 24] Progress: 78% (240/305) - Loss: 0.0952
[Client 2, Round 24] Progress: 79% (243/305) - Loss: 0.1814
[Client 2, Round 24] Progress: 80% (246/305) - Loss: 0.1718
[Client 2, Round 24] Progress: 81% (249/305) - Loss: 0.1259
[Client 2, Round 24] Progress: 82% (252/305) - Loss: 0.0846
[Client 2, Round 24] Progress: 83% (255/305) - Loss: 0.0481
[Client 2, Round 24] Progress: 84% (258/305) - Loss: 0.5942
[Client 2, Round 24] Progress: 85% (261/305) - Loss: 0.0786
[Client 2, Round 24] Progress: 86% (264/305) - Loss: 0.1335
[Client 2, Round 24] Progress: 87% (267/305) - Loss: 0.0823
[Client 2, Round 24] Progress: 88% (270/305) - Loss: 0.1385
[Client 2, Round 24] Progress: 89% (273/305) - Loss: 0.0814
[Client 2, Round 24] Progress: 90% (276/305) - Loss: 0.1402
[Client 2, Round 24] Progress: 91% (279/305) - Loss: 0.1100
[Client 2, Round 24] Progress: 92% (282/305) - Loss: 0.2183
[Client 2, Round 24] Progress: 93% (285/305) - Loss: 0.1392
[Client 2, Round 24] Progress: 94% (288/305) - Loss: 0.1058
[Client 2, Round 24] Progress: 95% (291/305) - Loss: 0.2137
[Client 2, Round 24] Progress: 96% (294/305) - Loss: 0.0701
[Client 2, Round 24] Progress: 97% (297/305) - Loss: 0.1870
[Client 2, Round 24] Progress: 98% (300/305) - Loss: 0.1179
[Client 2, Round 24] Progress: 99% (303/305) - Loss: 0.0628
[Client 2, Round 24] Progress: 100% (305/305) - Loss: 0.1209
[Client 2, Round 24] Train Loss: 0.1520
[Client 2, Round 24] Val Loss: 0.1537 | Val Dice: 0.8451
[Client 2, Round 25] Progress: 0% (3/305) - Loss: 0.3010
[Client 2, Round 25] Progress: 1% (6/305) - Loss: 0.1146
[Client 2, Round 25] Progress: 2% (9/305) - Loss: 0.1002
[Client 2, Round 25] Progress: 3% (12/305) - Loss: 0.0913
[Client 2, Round 25] Progress: 4% (15/305) - Loss: 0.1436
[Client 2, Round 25] Progress: 5% (18/305) - Loss: 0.1592
[Client 2, Round 25] Progress: 6% (21/305) - Loss: 0.0901
[Client 2, Round 25] Progress: 7% (24/305) - Loss: 0.0519
[Client 2, Round 25] Progress: 8% (27/305) - Loss: 0.0841
[Client 2, Round 25] Progress: 9% (30/305) - Loss: 0.1248
[Client 2, Round 25] Progress: 10% (33/305) - Loss: 0.1492
[Client 2, Round 25] Progress: 11% (36/305) - Loss: 0.2898
[Client 2, Round 25] Progress: 12% (39/305) - Loss: 0.1115
[Client 2, Round 25] Progress: 13% (42/305) - Loss: 0.1736
[Client 2, Round 25] Progress: 14% (45/305) - Loss: 0.1310
[Client 2, Round 25] Progress: 15% (48/305) - Loss: 0.2780
[Client 2, Round 25] Progress: 16% (51/305) - Loss: 0.1656
[Client 2, Round 25] Progress: 17% (54/305) - Loss: 0.2223
[Client 2, Round 25] Progress: 18% (57/305) - Loss: 0.0925
[Client 2, Round 25] Progress: 19% (60/305) - Loss: 0.1715
[Client 2, Round 25] Progress: 20% (63/305) - Loss: 0.1835
[Client 2, Round 25] Progress: 21% (66/305) - Loss: 0.1225
[Client 2, Round 25] Progress: 22% (69/305) - Loss: 0.0538
[Client 2, Round 25] Progress: 23% (72/305) - Loss: 0.0517
[Client 2, Round 25] Progress: 24% (75/305) - Loss: 0.2118
[Client 2, Round 25] Progress: 25% (78/305) - Loss: 0.1239
[Client 2, Round 25] Progress: 26% (81/305) - Loss: 0.0924
[Client 2, Round 25] Progress: 27% (84/305) - Loss: 0.7177
[Client 2, Round 25] Progress: 28% (87/305) - Loss: 0.0932
[Client 2, Round 25] Progress: 29% (90/305) - Loss: 0.2785
[Client 2, Round 25] Progress: 30% (93/305) - Loss: 0.0933
[Client 2, Round 25] Progress: 31% (96/305) - Loss: 0.0661
[Client 2, Round 25] Progress: 32% (99/305) - Loss: 0.0381
[Client 2, Round 25] Progress: 33% (102/305) - Loss: 0.1551
[Client 2, Round 25] Progress: 34% (105/305) - Loss: 0.1377
[Client 2, Round 25] Progress: 35% (108/305) - Loss: 0.2536
[Client 2, Round 25] Progress: 36% (111/305) - Loss: 0.0817
[Client 2, Round 25] Progress: 37% (114/305) - Loss: 0.1744
[Client 2, Round 25] Progress: 38% (117/305) - Loss: 0.0727
[Client 2, Round 25] Progress: 39% (120/305) - Loss: 0.1797
[Client 2, Round 25] Progress: 40% (123/305) - Loss: 0.1281
[Client 2, Round 25] Progress: 41% (126/305) - Loss: 0.0843
[Client 2, Round 25] Progress: 42% (129/305) - Loss: 0.1134
[Client 2, Round 25] Progress: 43% (132/305) - Loss: 0.2555
[Client 2, Round 25] Progress: 44% (135/305) - Loss: 0.1196
[Client 2, Round 25] Progress: 45% (138/305) - Loss: 0.0417
[Client 2, Round 25] Progress: 46% (141/305) - Loss: 0.0871
[Client 2, Round 25] Progress: 47% (144/305) - Loss: 0.0791
[Client 2, Round 25] Progress: 48% (147/305) - Loss: 0.3229
[Client 2, Round 25] Progress: 49% (150/305) - Loss: 0.0664
[Client 2, Round 25] Progress: 50% (153/305) - Loss: 0.2110
[Client 2, Round 25] Progress: 51% (156/305) - Loss: 0.1591
[Client 2, Round 25] Progress: 52% (159/305) - Loss: 0.1291
[Client 2, Round 25] Progress: 53% (162/305) - Loss: 0.2312
[Client 2, Round 25] Progress: 54% (165/305) - Loss: 0.0707
[Client 2, Round 25] Progress: 55% (168/305) - Loss: 0.1070
[Client 2, Round 25] Progress: 56% (171/305) - Loss: 0.0867
[Client 2, Round 25] Progress: 57% (174/305) - Loss: 0.1976
[Client 2, Round 25] Progress: 58% (177/305) - Loss: 0.1292
[Client 2, Round 25] Progress: 59% (180/305) - Loss: 0.1255
[Client 2, Round 25] Progress: 60% (183/305) - Loss: 0.1075
[Client 2, Round 25] Progress: 60% (186/305) - Loss: 0.1822
[Client 2, Round 25] Progress: 61% (189/305) - Loss: 0.1045
[Client 2, Round 25] Progress: 62% (192/305) - Loss: 0.1006
[Client 2, Round 25] Progress: 63% (195/305) - Loss: 0.1530
[Client 2, Round 25] Progress: 64% (198/305) - Loss: 0.2039
[Client 2, Round 25] Progress: 65% (201/305) - Loss: 0.1173
[Client 2, Round 25] Progress: 66% (204/305) - Loss: 0.1882
[Client 2, Round 25] Progress: 67% (207/305) - Loss: 0.0898
[Client 2, Round 25] Progress: 68% (210/305) - Loss: 0.1330
[Client 2, Round 25] Progress: 69% (213/305) - Loss: 0.2133
[Client 2, Round 25] Progress: 70% (216/305) - Loss: 0.0962
[Client 2, Round 25] Progress: 71% (219/305) - Loss: 0.3428
[Client 2, Round 25] Progress: 72% (222/305) - Loss: 0.1022
[Client 2, Round 25] Progress: 73% (225/305) - Loss: 0.1497
[Client 2, Round 25] Progress: 74% (228/305) - Loss: 0.1903
[Client 2, Round 25] Progress: 75% (231/305) - Loss: 0.1109
[Client 2, Round 25] Progress: 76% (234/305) - Loss: 0.1439
[Client 2, Round 25] Progress: 77% (237/305) - Loss: 0.1946
[Client 2, Round 25] Progress: 78% (240/305) - Loss: 0.1500
[Client 2, Round 25] Progress: 79% (243/305) - Loss: 0.4023
[Client 2, Round 25] Progress: 80% (246/305) - Loss: 0.1238
[Client 2, Round 25] Progress: 81% (249/305) - Loss: 0.1744
[Client 2, Round 25] Progress: 82% (252/305) - Loss: 0.0606
[Client 2, Round 25] Progress: 83% (255/305) - Loss: 0.1107
[Client 2, Round 25] Progress: 84% (258/305) - Loss: 0.0720
[Client 2, Round 25] Progress: 85% (261/305) - Loss: 0.0778
[Client 2, Round 25] Progress: 86% (264/305) - Loss: 0.0915
[Client 2, Round 25] Progress: 87% (267/305) - Loss: 0.1199
[Client 2, Round 25] Progress: 88% (270/305) - Loss: 0.0650
[Client 2, Round 25] Progress: 89% (273/305) - Loss: 0.0315
[Client 2, Round 25] Progress: 90% (276/305) - Loss: 0.1070
[Client 2, Round 25] Progress: 91% (279/305) - Loss: 0.1328
[Client 2, Round 25] Progress: 92% (282/305) - Loss: 0.8730
[Client 2, Round 25] Progress: 93% (285/305) - Loss: 0.2629
[Client 2, Round 25] Progress: 94% (288/305) - Loss: 0.0877
[Client 2, Round 25] Progress: 95% (291/305) - Loss: 0.0939
[Client 2, Round 25] Progress: 96% (294/305) - Loss: 0.0624
[Client 2, Round 25] Progress: 97% (297/305) - Loss: 0.0959
[Client 2, Round 25] Progress: 98% (300/305) - Loss: 0.0490
[Client 2, Round 25] Progress: 99% (303/305) - Loss: 0.0769
[Client 2, Round 25] Progress: 100% (305/305) - Loss: 0.2486
[Client 2, Round 25] Train Loss: 0.1499
[Client 2, Round 25] Val Loss: 0.1517 | Val Dice: 0.8484
[Client 2, Round 26] Progress: 0% (3/305) - Loss: 0.1101
[Client 2, Round 26] Progress: 1% (6/305) - Loss: 0.1722
[Client 2, Round 26] Progress: 2% (9/305) - Loss: 0.0631
[Client 2, Round 26] Progress: 3% (12/305) - Loss: 0.0965
[Client 2, Round 26] Progress: 4% (15/305) - Loss: 0.0667
[Client 2, Round 26] Progress: 5% (18/305) - Loss: 0.1582
[Client 2, Round 26] Progress: 6% (21/305) - Loss: 0.0576
[Client 2, Round 26] Progress: 7% (24/305) - Loss: 0.1412
[Client 2, Round 26] Progress: 8% (27/305) - Loss: 0.1357
[Client 2, Round 26] Progress: 9% (30/305) - Loss: 0.0888
[Client 2, Round 26] Progress: 10% (33/305) - Loss: 0.1301
[Client 2, Round 26] Progress: 11% (36/305) - Loss: 0.1103
[Client 2, Round 26] Progress: 12% (39/305) - Loss: 0.1004
[Client 2, Round 26] Progress: 13% (42/305) - Loss: 0.1536
[Client 2, Round 26] Progress: 14% (45/305) - Loss: 0.1371
[Client 2, Round 26] Progress: 15% (48/305) - Loss: 0.0536
[Client 2, Round 26] Progress: 16% (51/305) - Loss: 0.1805
[Client 2, Round 26] Progress: 17% (54/305) - Loss: 0.1336
[Client 2, Round 26] Progress: 18% (57/305) - Loss: 0.1627
[Client 2, Round 26] Progress: 19% (60/305) - Loss: 0.1131
[Client 2, Round 26] Progress: 20% (63/305) - Loss: 0.0911
[Client 2, Round 26] Progress: 21% (66/305) - Loss: 0.0919
[Client 2, Round 26] Progress: 22% (69/305) - Loss: 0.1454
[Client 2, Round 26] Progress: 23% (72/305) - Loss: 0.1073
[Client 2, Round 26] Progress: 24% (75/305) - Loss: 0.0503
[Client 2, Round 26] Progress: 25% (78/305) - Loss: 0.2030
[Client 2, Round 26] Progress: 26% (81/305) - Loss: 0.1938
[Client 2, Round 26] Progress: 27% (84/305) - Loss: 0.1309
[Client 2, Round 26] Progress: 28% (87/305) - Loss: 0.2486
[Client 2, Round 26] Progress: 29% (90/305) - Loss: 0.1212
[Client 2, Round 26] Progress: 30% (93/305) - Loss: 0.1173
[Client 2, Round 26] Progress: 31% (96/305) - Loss: 0.0782
[Client 2, Round 26] Progress: 32% (99/305) - Loss: 0.1401
[Client 2, Round 26] Progress: 33% (102/305) - Loss: 0.1282
[Client 2, Round 26] Progress: 34% (105/305) - Loss: 0.1165
[Client 2, Round 26] Progress: 35% (108/305) - Loss: 0.0816
[Client 2, Round 26] Progress: 36% (111/305) - Loss: 0.1506
[Client 2, Round 26] Progress: 37% (114/305) - Loss: 0.1348
[Client 2, Round 26] Progress: 38% (117/305) - Loss: 0.1142
[Client 2, Round 26] Progress: 39% (120/305) - Loss: 0.1445
[Client 2, Round 26] Progress: 40% (123/305) - Loss: 0.1280
[Client 2, Round 26] Progress: 41% (126/305) - Loss: 0.1200
[Client 2, Round 26] Progress: 42% (129/305) - Loss: 0.0481
[Client 2, Round 26] Progress: 43% (132/305) - Loss: 0.2098
[Client 2, Round 26] Progress: 44% (135/305) - Loss: 0.0948
[Client 2, Round 26] Progress: 45% (138/305) - Loss: 0.1272
[Client 2, Round 26] Progress: 46% (141/305) - Loss: 0.3469
[Client 2, Round 26] Progress: 47% (144/305) - Loss: 0.1013
[Client 2, Round 26] Progress: 48% (147/305) - Loss: 0.2236
[Client 2, Round 26] Progress: 49% (150/305) - Loss: 0.0863
[Client 2, Round 26] Progress: 50% (153/305) - Loss: 0.1957
[Client 2, Round 26] Progress: 51% (156/305) - Loss: 0.0813
[Client 2, Round 26] Progress: 52% (159/305) - Loss: 0.1129
[Client 2, Round 26] Progress: 53% (162/305) - Loss: 0.1183
[Client 2, Round 26] Progress: 54% (165/305) - Loss: 0.2255
[Client 2, Round 26] Progress: 55% (168/305) - Loss: 0.0797
[Client 2, Round 26] Progress: 56% (171/305) - Loss: 0.0796
[Client 2, Round 26] Progress: 57% (174/305) - Loss: 0.1178
[Client 2, Round 26] Progress: 58% (177/305) - Loss: 0.1556
[Client 2, Round 26] Progress: 59% (180/305) - Loss: 0.0901
[Client 2, Round 26] Progress: 60% (183/305) - Loss: 0.0428
[Client 2, Round 26] Progress: 60% (186/305) - Loss: 0.0747
[Client 2, Round 26] Progress: 61% (189/305) - Loss: 0.1526
[Client 2, Round 26] Progress: 62% (192/305) - Loss: 0.0449
[Client 2, Round 26] Progress: 63% (195/305) - Loss: 0.1060
[Client 2, Round 26] Progress: 64% (198/305) - Loss: 0.1345
[Client 2, Round 26] Progress: 65% (201/305) - Loss: 0.1215
[Client 2, Round 26] Progress: 66% (204/305) - Loss: 0.0899
[Client 2, Round 26] Progress: 67% (207/305) - Loss: 0.6776
[Client 2, Round 26] Progress: 68% (210/305) - Loss: 0.1468
[Client 2, Round 26] Progress: 69% (213/305) - Loss: 0.0719
[Client 2, Round 26] Progress: 70% (216/305) - Loss: 0.0623
[Client 2, Round 26] Progress: 71% (219/305) - Loss: 0.0810
[Client 2, Round 26] Progress: 72% (222/305) - Loss: 0.1007
[Client 2, Round 26] Progress: 73% (225/305) - Loss: 0.1147
[Client 2, Round 26] Progress: 74% (228/305) - Loss: 0.1036
[Client 2, Round 26] Progress: 75% (231/305) - Loss: 0.1016
[Client 2, Round 26] Progress: 76% (234/305) - Loss: 0.1226
[Client 2, Round 26] Progress: 77% (237/305) - Loss: 0.0952
[Client 2, Round 26] Progress: 78% (240/305) - Loss: 0.0814
[Client 2, Round 26] Progress: 79% (243/305) - Loss: 0.1188
[Client 2, Round 26] Progress: 80% (246/305) - Loss: 0.0822
[Client 2, Round 26] Progress: 81% (249/305) - Loss: 0.1856
[Client 2, Round 26] Progress: 82% (252/305) - Loss: 0.1427
[Client 2, Round 26] Progress: 83% (255/305) - Loss: 0.0857
[Client 2, Round 26] Progress: 84% (258/305) - Loss: 0.0725
[Client 2, Round 26] Progress: 85% (261/305) - Loss: 0.2478
[Client 2, Round 26] Progress: 86% (264/305) - Loss: 0.1309
[Client 2, Round 26] Progress: 87% (267/305) - Loss: 0.1313
[Client 2, Round 26] Progress: 88% (270/305) - Loss: 0.0968
[Client 2, Round 26] Progress: 89% (273/305) - Loss: 0.1612
[Client 2, Round 26] Progress: 90% (276/305) - Loss: 0.3033
[Client 2, Round 26] Progress: 91% (279/305) - Loss: 0.0403
[Client 2, Round 26] Progress: 92% (282/305) - Loss: 0.0801
[Client 2, Round 26] Progress: 93% (285/305) - Loss: 0.0949
[Client 2, Round 26] Progress: 94% (288/305) - Loss: 0.0671
[Client 2, Round 26] Progress: 95% (291/305) - Loss: 0.1627
[Client 2, Round 26] Progress: 96% (294/305) - Loss: 0.0546
[Client 2, Round 26] Progress: 97% (297/305) - Loss: 0.1335
[Client 2, Round 26] Progress: 98% (300/305) - Loss: 0.1507
[Client 2, Round 26] Progress: 99% (303/305) - Loss: 0.0549
[Client 2, Round 26] Progress: 100% (305/305) - Loss: 0.4836
[Client 2, Round 26] Train Loss: 0.1476
[Client 2, Round 26] Val Loss: 0.1440 | Val Dice: 0.8550
[Client 2, Round 27] Progress: 0% (3/305) - Loss: 0.0848
[Client 2, Round 27] Progress: 1% (6/305) - Loss: 0.0586
[Client 2, Round 27] Progress: 2% (9/305) - Loss: 0.1123
[Client 2, Round 27] Progress: 3% (12/305) - Loss: 0.2043
[Client 2, Round 27] Progress: 4% (15/305) - Loss: 0.0778
[Client 2, Round 27] Progress: 5% (18/305) - Loss: 0.1318
[Client 2, Round 27] Progress: 6% (21/305) - Loss: 0.0537
[Client 2, Round 27] Progress: 7% (24/305) - Loss: 0.2896
[Client 2, Round 27] Progress: 8% (27/305) - Loss: 0.0853
[Client 2, Round 27] Progress: 9% (30/305) - Loss: 0.0807
[Client 2, Round 27] Progress: 10% (33/305) - Loss: 0.1383
[Client 2, Round 27] Progress: 11% (36/305) - Loss: 0.0638
[Client 2, Round 27] Progress: 12% (39/305) - Loss: 0.0757
[Client 2, Round 27] Progress: 13% (42/305) - Loss: 0.1859
[Client 2, Round 27] Progress: 14% (45/305) - Loss: 0.2281
[Client 2, Round 27] Progress: 15% (48/305) - Loss: 0.1619
[Client 2, Round 27] Progress: 16% (51/305) - Loss: 0.0773
[Client 2, Round 27] Progress: 17% (54/305) - Loss: 0.0810
[Client 2, Round 27] Progress: 18% (57/305) - Loss: 0.1070
[Client 2, Round 27] Progress: 19% (60/305) - Loss: 0.1748
[Client 2, Round 27] Progress: 20% (63/305) - Loss: 0.2073
[Client 2, Round 27] Progress: 21% (66/305) - Loss: 0.5251
[Client 2, Round 27] Progress: 22% (69/305) - Loss: 0.0935
[Client 2, Round 27] Progress: 23% (72/305) - Loss: 0.0600
[Client 2, Round 27] Progress: 24% (75/305) - Loss: 0.1621
[Client 2, Round 27] Progress: 25% (78/305) - Loss: 0.0501
[Client 2, Round 27] Progress: 26% (81/305) - Loss: 0.6817
[Client 2, Round 27] Progress: 27% (84/305) - Loss: 0.1671
[Client 2, Round 27] Progress: 28% (87/305) - Loss: 0.1057
[Client 2, Round 27] Progress: 29% (90/305) - Loss: 0.1243
[Client 2, Round 27] Progress: 30% (93/305) - Loss: 0.0956
[Client 2, Round 27] Progress: 31% (96/305) - Loss: 0.1248
[Client 2, Round 27] Progress: 32% (99/305) - Loss: 0.0951
[Client 2, Round 27] Progress: 33% (102/305) - Loss: 0.1734
[Client 2, Round 27] Progress: 34% (105/305) - Loss: 0.1684
[Client 2, Round 27] Progress: 35% (108/305) - Loss: 0.1376
[Client 2, Round 27] Progress: 36% (111/305) - Loss: 0.0547
[Client 2, Round 27] Progress: 37% (114/305) - Loss: 0.0981
[Client 2, Round 27] Progress: 38% (117/305) - Loss: 0.0375
[Client 2, Round 27] Progress: 39% (120/305) - Loss: 0.5655
[Client 2, Round 27] Progress: 40% (123/305) - Loss: 0.1916
[Client 2, Round 27] Progress: 41% (126/305) - Loss: 0.1072
[Client 2, Round 27] Progress: 42% (129/305) - Loss: 0.1179
[Client 2, Round 27] Progress: 43% (132/305) - Loss: 0.2630
[Client 2, Round 27] Progress: 44% (135/305) - Loss: 0.1747
[Client 2, Round 27] Progress: 45% (138/305) - Loss: 0.0750
[Client 2, Round 27] Progress: 46% (141/305) - Loss: 0.1364
[Client 2, Round 27] Progress: 47% (144/305) - Loss: 0.1397
[Client 2, Round 27] Progress: 48% (147/305) - Loss: 0.1286
[Client 2, Round 27] Progress: 49% (150/305) - Loss: 0.1117
[Client 2, Round 27] Progress: 50% (153/305) - Loss: 0.1013
[Client 2, Round 27] Progress: 51% (156/305) - Loss: 0.4115
[Client 2, Round 27] Progress: 52% (159/305) - Loss: 0.1266
[Client 2, Round 27] Progress: 53% (162/305) - Loss: 0.1278
[Client 2, Round 27] Progress: 54% (165/305) - Loss: 0.2991
[Client 2, Round 27] Progress: 55% (168/305) - Loss: 0.1685
[Client 2, Round 27] Progress: 56% (171/305) - Loss: 0.2825
[Client 2, Round 27] Progress: 57% (174/305) - Loss: 0.0846
[Client 2, Round 27] Progress: 58% (177/305) - Loss: 0.1870
[Client 2, Round 27] Progress: 59% (180/305) - Loss: 0.3045
[Client 2, Round 27] Progress: 60% (183/305) - Loss: 0.0905
[Client 2, Round 27] Progress: 60% (186/305) - Loss: 0.1247
[Client 2, Round 27] Progress: 61% (189/305) - Loss: 0.2017
[Client 2, Round 27] Progress: 62% (192/305) - Loss: 0.0851
[Client 2, Round 27] Progress: 63% (195/305) - Loss: 0.0826
[Client 2, Round 27] Progress: 64% (198/305) - Loss: 0.2429
[Client 2, Round 27] Progress: 65% (201/305) - Loss: 0.0509
[Client 2, Round 27] Progress: 66% (204/305) - Loss: 0.1048
[Client 2, Round 27] Progress: 67% (207/305) - Loss: 0.2130
[Client 2, Round 27] Progress: 68% (210/305) - Loss: 0.4611
[Client 2, Round 27] Progress: 69% (213/305) - Loss: 0.0805
[Client 2, Round 27] Progress: 70% (216/305) - Loss: 0.0726
[Client 2, Round 27] Progress: 71% (219/305) - Loss: 0.1076
[Client 2, Round 27] Progress: 72% (222/305) - Loss: 0.1696
[Client 2, Round 27] Progress: 73% (225/305) - Loss: 0.1068
[Client 2, Round 27] Progress: 74% (228/305) - Loss: 0.1069
[Client 2, Round 27] Progress: 75% (231/305) - Loss: 0.1068
[Client 2, Round 27] Progress: 76% (234/305) - Loss: 0.1457
[Client 2, Round 27] Progress: 77% (237/305) - Loss: 0.1377
[Client 2, Round 27] Progress: 78% (240/305) - Loss: 0.0888
[Client 2, Round 27] Progress: 79% (243/305) - Loss: 0.2566
[Client 2, Round 27] Progress: 80% (246/305) - Loss: 0.1083
[Client 2, Round 27] Progress: 81% (249/305) - Loss: 0.2943
[Client 2, Round 27] Progress: 82% (252/305) - Loss: 0.1140
[Client 2, Round 27] Progress: 83% (255/305) - Loss: 0.0932
[Client 2, Round 27] Progress: 84% (258/305) - Loss: 0.1677
[Client 2, Round 27] Progress: 85% (261/305) - Loss: 0.0603
[Client 2, Round 27] Progress: 86% (264/305) - Loss: 0.1376
[Client 2, Round 27] Progress: 87% (267/305) - Loss: 0.1291
[Client 2, Round 27] Progress: 88% (270/305) - Loss: 0.0940
[Client 2, Round 27] Progress: 89% (273/305) - Loss: 0.1299
[Client 2, Round 27] Progress: 90% (276/305) - Loss: 0.5872
[Client 2, Round 27] Progress: 91% (279/305) - Loss: 0.0943
[Client 2, Round 27] Progress: 92% (282/305) - Loss: 0.4789
[Client 2, Round 27] Progress: 93% (285/305) - Loss: 0.1408
[Client 2, Round 27] Progress: 94% (288/305) - Loss: 0.0606
[Client 2, Round 27] Progress: 95% (291/305) - Loss: 0.1466
[Client 2, Round 27] Progress: 96% (294/305) - Loss: 0.1018
[Client 2, Round 27] Progress: 97% (297/305) - Loss: 0.1488
[Client 2, Round 27] Progress: 98% (300/305) - Loss: 0.1407
[Client 2, Round 27] Progress: 99% (303/305) - Loss: 0.1621
[Client 2, Round 27] Progress: 100% (305/305) - Loss: 0.1107
[Client 2, Round 27] Train Loss: 0.1518
[Client 2, Round 27] Val Loss: 0.1433 | Val Dice: 0.8571
[Client 2, Round 28] Progress: 0% (3/305) - Loss: 0.0728
[Client 2, Round 28] Progress: 1% (6/305) - Loss: 0.2257
[Client 2, Round 28] Progress: 2% (9/305) - Loss: 0.0753
[Client 2, Round 28] Progress: 3% (12/305) - Loss: 0.0711
[Client 2, Round 28] Progress: 4% (15/305) - Loss: 0.3870
[Client 2, Round 28] Progress: 5% (18/305) - Loss: 0.0801
[Client 2, Round 28] Progress: 6% (21/305) - Loss: 0.0939
[Client 2, Round 28] Progress: 7% (24/305) - Loss: 0.1874
[Client 2, Round 28] Progress: 8% (27/305) - Loss: 0.1173
[Client 2, Round 28] Progress: 9% (30/305) - Loss: 0.1993
[Client 2, Round 28] Progress: 10% (33/305) - Loss: 0.9677
[Client 2, Round 28] Progress: 11% (36/305) - Loss: 0.1541
[Client 2, Round 28] Progress: 12% (39/305) - Loss: 0.1566
[Client 2, Round 28] Progress: 13% (42/305) - Loss: 0.0596
[Client 2, Round 28] Progress: 14% (45/305) - Loss: 0.1087
[Client 2, Round 28] Progress: 15% (48/305) - Loss: 0.3706
[Client 2, Round 28] Progress: 16% (51/305) - Loss: 0.1362
[Client 2, Round 28] Progress: 17% (54/305) - Loss: 0.2750
[Client 2, Round 28] Progress: 18% (57/305) - Loss: 0.1030
[Client 2, Round 28] Progress: 19% (60/305) - Loss: 0.0669
[Client 2, Round 28] Progress: 20% (63/305) - Loss: 0.0657
[Client 2, Round 28] Progress: 21% (66/305) - Loss: 0.0894
[Client 2, Round 28] Progress: 22% (69/305) - Loss: 0.1093
[Client 2, Round 28] Progress: 23% (72/305) - Loss: 0.1255
[Client 2, Round 28] Progress: 24% (75/305) - Loss: 0.0817
[Client 2, Round 28] Progress: 25% (78/305) - Loss: 0.1067
[Client 2, Round 28] Progress: 26% (81/305) - Loss: 0.0541
[Client 2, Round 28] Progress: 27% (84/305) - Loss: 0.0926
[Client 2, Round 28] Progress: 28% (87/305) - Loss: 0.0916
[Client 2, Round 28] Progress: 29% (90/305) - Loss: 0.1348
[Client 2, Round 28] Progress: 30% (93/305) - Loss: 0.1141
[Client 2, Round 28] Progress: 31% (96/305) - Loss: 0.0722
[Client 2, Round 28] Progress: 32% (99/305) - Loss: 0.0864
[Client 2, Round 28] Progress: 33% (102/305) - Loss: 0.1598
[Client 2, Round 28] Progress: 34% (105/305) - Loss: 0.1878
[Client 2, Round 28] Progress: 35% (108/305) - Loss: 0.0898
[Client 2, Round 28] Progress: 36% (111/305) - Loss: 0.2020
[Client 2, Round 28] Progress: 37% (114/305) - Loss: 0.2441
[Client 2, Round 28] Progress: 38% (117/305) - Loss: 0.1448
[Client 2, Round 28] Progress: 39% (120/305) - Loss: 0.3573
[Client 2, Round 28] Progress: 40% (123/305) - Loss: 0.4633
[Client 2, Round 28] Progress: 41% (126/305) - Loss: 0.7027
[Client 2, Round 28] Progress: 42% (129/305) - Loss: 0.2293
[Client 2, Round 28] Progress: 43% (132/305) - Loss: 0.0874
[Client 2, Round 28] Progress: 44% (135/305) - Loss: 0.0871
[Client 2, Round 28] Progress: 45% (138/305) - Loss: 0.1131
[Client 2, Round 28] Progress: 46% (141/305) - Loss: 0.1423
[Client 2, Round 28] Progress: 47% (144/305) - Loss: 0.1301
[Client 2, Round 28] Progress: 48% (147/305) - Loss: 0.0963
[Client 2, Round 28] Progress: 49% (150/305) - Loss: 0.1750
[Client 2, Round 28] Progress: 50% (153/305) - Loss: 0.0690
[Client 2, Round 28] Progress: 51% (156/305) - Loss: 0.0946
[Client 2, Round 28] Progress: 52% (159/305) - Loss: 0.0548
[Client 2, Round 28] Progress: 53% (162/305) - Loss: 0.1512
[Client 2, Round 28] Progress: 54% (165/305) - Loss: 0.1765
[Client 2, Round 28] Progress: 55% (168/305) - Loss: 0.1989
[Client 2, Round 28] Progress: 56% (171/305) - Loss: 0.0469
[Client 2, Round 28] Progress: 57% (174/305) - Loss: 0.0853
[Client 2, Round 28] Progress: 58% (177/305) - Loss: 0.0438
[Client 2, Round 28] Progress: 59% (180/305) - Loss: 0.1004
[Client 2, Round 28] Progress: 60% (183/305) - Loss: 0.1283
[Client 2, Round 28] Progress: 60% (186/305) - Loss: 0.1140
[Client 2, Round 28] Progress: 61% (189/305) - Loss: 0.0693
[Client 2, Round 28] Progress: 62% (192/305) - Loss: 0.0723
[Client 2, Round 28] Progress: 63% (195/305) - Loss: 0.1501
[Client 2, Round 28] Progress: 64% (198/305) - Loss: 0.1292
[Client 2, Round 28] Progress: 65% (201/305) - Loss: 0.1255
[Client 2, Round 28] Progress: 66% (204/305) - Loss: 0.1605
[Client 2, Round 28] Progress: 67% (207/305) - Loss: 0.1484
[Client 2, Round 28] Progress: 68% (210/305) - Loss: 0.1364
[Client 2, Round 28] Progress: 69% (213/305) - Loss: 0.1959
[Client 2, Round 28] Progress: 70% (216/305) - Loss: 0.0778
[Client 2, Round 28] Progress: 71% (219/305) - Loss: 0.0583
[Client 2, Round 28] Progress: 72% (222/305) - Loss: 0.0600
[Client 2, Round 28] Progress: 73% (225/305) - Loss: 0.0631
[Client 2, Round 28] Progress: 74% (228/305) - Loss: 0.1875
[Client 2, Round 28] Progress: 75% (231/305) - Loss: 0.0937
[Client 2, Round 28] Progress: 76% (234/305) - Loss: 0.0810
[Client 2, Round 28] Progress: 77% (237/305) - Loss: 0.0559
[Client 2, Round 28] Progress: 78% (240/305) - Loss: 0.0834
[Client 2, Round 28] Progress: 79% (243/305) - Loss: 0.1127
[Client 2, Round 28] Progress: 80% (246/305) - Loss: 0.0953
[Client 2, Round 28] Progress: 81% (249/305) - Loss: 0.3802
[Client 2, Round 28] Progress: 82% (252/305) - Loss: 0.3291
[Client 2, Round 28] Progress: 83% (255/305) - Loss: 0.0709
[Client 2, Round 28] Progress: 84% (258/305) - Loss: 0.0464
[Client 2, Round 28] Progress: 85% (261/305) - Loss: 0.1034
[Client 2, Round 28] Progress: 86% (264/305) - Loss: 0.1520
[Client 2, Round 28] Progress: 87% (267/305) - Loss: 0.1245
[Client 2, Round 28] Progress: 88% (270/305) - Loss: 0.1433
[Client 2, Round 28] Progress: 89% (273/305) - Loss: 0.1022
[Client 2, Round 28] Progress: 90% (276/305) - Loss: 0.1553
[Client 2, Round 28] Progress: 91% (279/305) - Loss: 0.0768
[Client 2, Round 28] Progress: 92% (282/305) - Loss: 0.4053
[Client 2, Round 28] Progress: 93% (285/305) - Loss: 0.1571
[Client 2, Round 28] Progress: 94% (288/305) - Loss: 0.1354
[Client 2, Round 28] Progress: 95% (291/305) - Loss: 0.1190
[Client 2, Round 28] Progress: 96% (294/305) - Loss: 0.1431
[Client 2, Round 28] Progress: 97% (297/305) - Loss: 0.0772
[Client 2, Round 28] Progress: 98% (300/305) - Loss: 0.2955
[Client 2, Round 28] Progress: 99% (303/305) - Loss: 0.1340
[Client 2, Round 28] Progress: 100% (305/305) - Loss: 0.1051
[Client 2, Round 28] Train Loss: 0.1469
[Client 2, Round 28] Val Loss: 0.1404 | Val Dice: 0.8612
[Client 2, Round 29] Progress: 0% (3/305) - Loss: 0.1481
[Client 2, Round 29] Progress: 1% (6/305) - Loss: 0.0579
[Client 2, Round 29] Progress: 2% (9/305) - Loss: 0.0613
[Client 2, Round 29] Progress: 3% (12/305) - Loss: 0.2003
[Client 2, Round 29] Progress: 4% (15/305) - Loss: 0.0948
[Client 2, Round 29] Progress: 5% (18/305) - Loss: 0.1651
[Client 2, Round 29] Progress: 6% (21/305) - Loss: 0.1080
[Client 2, Round 29] Progress: 7% (24/305) - Loss: 0.1791
[Client 2, Round 29] Progress: 8% (27/305) - Loss: 0.2702
[Client 2, Round 29] Progress: 9% (30/305) - Loss: 0.0684
[Client 2, Round 29] Progress: 10% (33/305) - Loss: 0.1988
[Client 2, Round 29] Progress: 11% (36/305) - Loss: 0.2487
[Client 2, Round 29] Progress: 12% (39/305) - Loss: 0.1106
[Client 2, Round 29] Progress: 13% (42/305) - Loss: 0.1474
[Client 2, Round 29] Progress: 14% (45/305) - Loss: 0.1140
[Client 2, Round 29] Progress: 15% (48/305) - Loss: 0.0737
[Client 2, Round 29] Progress: 16% (51/305) - Loss: 0.0932
[Client 2, Round 29] Progress: 17% (54/305) - Loss: 0.0715
[Client 2, Round 29] Progress: 18% (57/305) - Loss: 0.1723
[Client 2, Round 29] Progress: 19% (60/305) - Loss: 0.2293
[Client 2, Round 29] Progress: 20% (63/305) - Loss: 0.6767
[Client 2, Round 29] Progress: 21% (66/305) - Loss: 0.1210
[Client 2, Round 29] Progress: 22% (69/305) - Loss: 0.0596
[Client 2, Round 29] Progress: 23% (72/305) - Loss: 0.1182
[Client 2, Round 29] Progress: 24% (75/305) - Loss: 0.1618
[Client 2, Round 29] Progress: 25% (78/305) - Loss: 0.1878
[Client 2, Round 29] Progress: 26% (81/305) - Loss: 0.1128
[Client 2, Round 29] Progress: 27% (84/305) - Loss: 0.1032
[Client 2, Round 29] Progress: 28% (87/305) - Loss: 0.2172
[Client 2, Round 29] Progress: 29% (90/305) - Loss: 0.0971
[Client 2, Round 29] Progress: 30% (93/305) - Loss: 0.1008
[Client 2, Round 29] Progress: 31% (96/305) - Loss: 0.1856
[Client 2, Round 29] Progress: 32% (99/305) - Loss: 0.0733
[Client 2, Round 29] Progress: 33% (102/305) - Loss: 0.1046
[Client 2, Round 29] Progress: 34% (105/305) - Loss: 0.1260
[Client 2, Round 29] Progress: 35% (108/305) - Loss: 1.0035
[Client 2, Round 29] Progress: 36% (111/305) - Loss: 0.1090
[Client 2, Round 29] Progress: 37% (114/305) - Loss: 0.0897
[Client 2, Round 29] Progress: 38% (117/305) - Loss: 0.6379
[Client 2, Round 29] Progress: 39% (120/305) - Loss: 0.0719
[Client 2, Round 29] Progress: 40% (123/305) - Loss: 0.4242
[Client 2, Round 29] Progress: 41% (126/305) - Loss: 0.0867
[Client 2, Round 29] Progress: 42% (129/305) - Loss: 0.0447
[Client 2, Round 29] Progress: 43% (132/305) - Loss: 0.2357
[Client 2, Round 29] Progress: 44% (135/305) - Loss: 0.1304
[Client 2, Round 29] Progress: 45% (138/305) - Loss: 0.0597
[Client 2, Round 29] Progress: 46% (141/305) - Loss: 0.1031
[Client 2, Round 29] Progress: 47% (144/305) - Loss: 0.0503
[Client 2, Round 29] Progress: 48% (147/305) - Loss: 0.0665
[Client 2, Round 29] Progress: 49% (150/305) - Loss: 0.0412
[Client 2, Round 29] Progress: 50% (153/305) - Loss: 0.1214
[Client 2, Round 29] Progress: 51% (156/305) - Loss: 0.1222
[Client 2, Round 29] Progress: 52% (159/305) - Loss: 0.1530
[Client 2, Round 29] Progress: 53% (162/305) - Loss: 0.1578
[Client 2, Round 29] Progress: 54% (165/305) - Loss: 0.1452
[Client 2, Round 29] Progress: 55% (168/305) - Loss: 0.1867
[Client 2, Round 29] Progress: 56% (171/305) - Loss: 0.0752
[Client 2, Round 29] Progress: 57% (174/305) - Loss: 0.0848
[Client 2, Round 29] Progress: 58% (177/305) - Loss: 0.2148
[Client 2, Round 29] Progress: 59% (180/305) - Loss: 0.1006
[Client 2, Round 29] Progress: 60% (183/305) - Loss: 0.2321
[Client 2, Round 29] Progress: 60% (186/305) - Loss: 0.0680
[Client 2, Round 29] Progress: 61% (189/305) - Loss: 0.1412
[Client 2, Round 29] Progress: 62% (192/305) - Loss: 0.0827
[Client 2, Round 29] Progress: 63% (195/305) - Loss: 0.0830
[Client 2, Round 29] Progress: 64% (198/305) - Loss: 0.1351
[Client 2, Round 29] Progress: 65% (201/305) - Loss: 0.0790
[Client 2, Round 29] Progress: 66% (204/305) - Loss: 0.1273
[Client 2, Round 29] Progress: 67% (207/305) - Loss: 0.0362
[Client 2, Round 29] Progress: 68% (210/305) - Loss: 0.1646
[Client 2, Round 29] Progress: 69% (213/305) - Loss: 0.7255
[Client 2, Round 29] Progress: 70% (216/305) - Loss: 0.4311
[Client 2, Round 29] Progress: 71% (219/305) - Loss: 0.0345
[Client 2, Round 29] Progress: 72% (222/305) - Loss: 0.2026
[Client 2, Round 29] Progress: 73% (225/305) - Loss: 0.1737
[Client 2, Round 29] Progress: 74% (228/305) - Loss: 0.1296
[Client 2, Round 29] Progress: 75% (231/305) - Loss: 0.1426
[Client 2, Round 29] Progress: 76% (234/305) - Loss: 0.0627
[Client 2, Round 29] Progress: 77% (237/305) - Loss: 0.0793
[Client 2, Round 29] Progress: 78% (240/305) - Loss: 0.1265
[Client 2, Round 29] Progress: 79% (243/305) - Loss: 0.1870
[Client 2, Round 29] Progress: 80% (246/305) - Loss: 0.1090
[Client 2, Round 29] Progress: 81% (249/305) - Loss: 0.1120
[Client 2, Round 29] Progress: 82% (252/305) - Loss: 0.1156
[Client 2, Round 29] Progress: 83% (255/305) - Loss: 0.2071
[Client 2, Round 29] Progress: 84% (258/305) - Loss: 0.1486
[Client 2, Round 29] Progress: 85% (261/305) - Loss: 0.1442
[Client 2, Round 29] Progress: 86% (264/305) - Loss: 0.1127
[Client 2, Round 29] Progress: 87% (267/305) - Loss: 0.0953
[Client 2, Round 29] Progress: 88% (270/305) - Loss: 0.1322
[Client 2, Round 29] Progress: 89% (273/305) - Loss: 0.1335
[Client 2, Round 29] Progress: 90% (276/305) - Loss: 0.1278
[Client 2, Round 29] Progress: 91% (279/305) - Loss: 0.0813
[Client 2, Round 29] Progress: 92% (282/305) - Loss: 0.0522
[Client 2, Round 29] Progress: 93% (285/305) - Loss: 0.0840
[Client 2, Round 29] Progress: 94% (288/305) - Loss: 0.1277
[Client 2, Round 29] Progress: 95% (291/305) - Loss: 0.0797
[Client 2, Round 29] Progress: 96% (294/305) - Loss: 0.2343
[Client 2, Round 29] Progress: 97% (297/305) - Loss: 0.1038
[Client 2, Round 29] Progress: 98% (300/305) - Loss: 0.1373
[Client 2, Round 29] Progress: 99% (303/305) - Loss: 0.4343
[Client 2, Round 29] Progress: 100% (305/305) - Loss: 0.1594
[Client 2, Round 29] Train Loss: 0.1472
[Client 2, Round 29] Val Loss: 0.1367 | Val Dice: 0.8620
[Client 2, Round 30] Progress: 0% (3/305) - Loss: 0.1508
[Client 2, Round 30] Progress: 1% (6/305) - Loss: 0.4857
[Client 2, Round 30] Progress: 2% (9/305) - Loss: 0.1216
[Client 2, Round 30] Progress: 3% (12/305) - Loss: 0.0868
[Client 2, Round 30] Progress: 4% (15/305) - Loss: 0.1501
[Client 2, Round 30] Progress: 5% (18/305) - Loss: 0.4043
[Client 2, Round 30] Progress: 6% (21/305) - Loss: 0.2504
[Client 2, Round 30] Progress: 7% (24/305) - Loss: 0.2255
[Client 2, Round 30] Progress: 8% (27/305) - Loss: 0.2059
[Client 2, Round 30] Progress: 9% (30/305) - Loss: 0.0518
[Client 2, Round 30] Progress: 10% (33/305) - Loss: 0.1016
[Client 2, Round 30] Progress: 11% (36/305) - Loss: 0.2384
[Client 2, Round 30] Progress: 12% (39/305) - Loss: 0.1256
[Client 2, Round 30] Progress: 13% (42/305) - Loss: 0.1243
[Client 2, Round 30] Progress: 14% (45/305) - Loss: 0.1685
[Client 2, Round 30] Progress: 15% (48/305) - Loss: 0.0994
[Client 2, Round 30] Progress: 16% (51/305) - Loss: 0.1039
[Client 2, Round 30] Progress: 17% (54/305) - Loss: 0.1374
[Client 2, Round 30] Progress: 18% (57/305) - Loss: 0.0812
[Client 2, Round 30] Progress: 19% (60/305) - Loss: 0.2207
[Client 2, Round 30] Progress: 20% (63/305) - Loss: 0.1586
[Client 2, Round 30] Progress: 21% (66/305) - Loss: 0.1590
[Client 2, Round 30] Progress: 22% (69/305) - Loss: 0.0687
[Client 2, Round 30] Progress: 23% (72/305) - Loss: 0.1313
[Client 2, Round 30] Progress: 24% (75/305) - Loss: 0.2040
[Client 2, Round 30] Progress: 25% (78/305) - Loss: 0.1213
[Client 2, Round 30] Progress: 26% (81/305) - Loss: 0.2387
[Client 2, Round 30] Progress: 27% (84/305) - Loss: 0.1273
[Client 2, Round 30] Progress: 28% (87/305) - Loss: 0.0884
[Client 2, Round 30] Progress: 29% (90/305) - Loss: 0.1045
[Client 2, Round 30] Progress: 30% (93/305) - Loss: 0.1553
[Client 2, Round 30] Progress: 31% (96/305) - Loss: 0.0843
[Client 2, Round 30] Progress: 32% (99/305) - Loss: 0.1055
[Client 2, Round 30] Progress: 33% (102/305) - Loss: 0.2154
[Client 2, Round 30] Progress: 34% (105/305) - Loss: 0.0680
[Client 2, Round 30] Progress: 35% (108/305) - Loss: 0.1208
[Client 2, Round 30] Progress: 36% (111/305) - Loss: 0.0864
[Client 2, Round 30] Progress: 37% (114/305) - Loss: 0.0970
[Client 2, Round 30] Progress: 38% (117/305) - Loss: 0.0863
[Client 2, Round 30] Progress: 39% (120/305) - Loss: 0.0669
[Client 2, Round 30] Progress: 40% (123/305) - Loss: 0.0855
[Client 2, Round 30] Progress: 41% (126/305) - Loss: 0.1758
[Client 2, Round 30] Progress: 42% (129/305) - Loss: 0.1642
[Client 2, Round 30] Progress: 43% (132/305) - Loss: 0.1467
[Client 2, Round 30] Progress: 44% (135/305) - Loss: 0.1374
[Client 2, Round 30] Progress: 45% (138/305) - Loss: 0.0695
[Client 2, Round 30] Progress: 46% (141/305) - Loss: 0.1351
[Client 2, Round 30] Progress: 47% (144/305) - Loss: 0.0980
[Client 2, Round 30] Progress: 48% (147/305) - Loss: 0.1587
[Client 2, Round 30] Progress: 49% (150/305) - Loss: 0.2306
[Client 2, Round 30] Progress: 50% (153/305) - Loss: 0.1080
[Client 2, Round 30] Progress: 51% (156/305) - Loss: 0.0760
[Client 2, Round 30] Progress: 52% (159/305) - Loss: 0.1021
[Client 2, Round 30] Progress: 53% (162/305) - Loss: 0.2264
[Client 2, Round 30] Progress: 54% (165/305) - Loss: 0.0621
[Client 2, Round 30] Progress: 55% (168/305) - Loss: 0.0921
[Client 2, Round 30] Progress: 56% (171/305) - Loss: 0.0662
[Client 2, Round 30] Progress: 57% (174/305) - Loss: 0.1156
[Client 2, Round 30] Progress: 58% (177/305) - Loss: 0.1780
[Client 2, Round 30] Progress: 59% (180/305) - Loss: 0.0720
[Client 2, Round 30] Progress: 60% (183/305) - Loss: 0.1510
[Client 2, Round 30] Progress: 60% (186/305) - Loss: 0.0462
[Client 2, Round 30] Progress: 61% (189/305) - Loss: 0.0657
[Client 2, Round 30] Progress: 62% (192/305) - Loss: 0.0846
[Client 2, Round 30] Progress: 63% (195/305) - Loss: 0.1258
[Client 2, Round 30] Progress: 64% (198/305) - Loss: 0.2056
[Client 2, Round 30] Progress: 65% (201/305) - Loss: 0.5327
[Client 2, Round 30] Progress: 66% (204/305) - Loss: 0.1196
[Client 2, Round 30] Progress: 67% (207/305) - Loss: 0.1532
[Client 2, Round 30] Progress: 68% (210/305) - Loss: 0.1147
[Client 2, Round 30] Progress: 69% (213/305) - Loss: 0.2794
[Client 2, Round 30] Progress: 70% (216/305) - Loss: 0.8242
[Client 2, Round 30] Progress: 71% (219/305) - Loss: 0.1171
[Client 2, Round 30] Progress: 72% (222/305) - Loss: 0.0909
[Client 2, Round 30] Progress: 73% (225/305) - Loss: 0.0951
[Client 2, Round 30] Progress: 74% (228/305) - Loss: 0.1454
[Client 2, Round 30] Progress: 75% (231/305) - Loss: 0.1123
[Client 2, Round 30] Progress: 76% (234/305) - Loss: 0.1731
[Client 2, Round 30] Progress: 77% (237/305) - Loss: 0.1939
[Client 2, Round 30] Progress: 78% (240/305) - Loss: 0.0410
[Client 2, Round 30] Progress: 79% (243/305) - Loss: 0.0714
[Client 2, Round 30] Progress: 80% (246/305) - Loss: 0.1238
[Client 2, Round 30] Progress: 81% (249/305) - Loss: 0.1340
[Client 2, Round 30] Progress: 82% (252/305) - Loss: 0.0881
[Client 2, Round 30] Progress: 83% (255/305) - Loss: 0.0680
[Client 2, Round 30] Progress: 84% (258/305) - Loss: 0.0591
[Client 2, Round 30] Progress: 85% (261/305) - Loss: 0.0735
[Client 2, Round 30] Progress: 86% (264/305) - Loss: 0.0913
[Client 2, Round 30] Progress: 87% (267/305) - Loss: 0.0778
[Client 2, Round 30] Progress: 88% (270/305) - Loss: 0.1471
[Client 2, Round 30] Progress: 89% (273/305) - Loss: 0.1620
[Client 2, Round 30] Progress: 90% (276/305) - Loss: 0.0698
[Client 2, Round 30] Progress: 91% (279/305) - Loss: 0.1618
[Client 2, Round 30] Progress: 92% (282/305) - Loss: 0.0632
[Client 2, Round 30] Progress: 93% (285/305) - Loss: 0.1139
[Client 2, Round 30] Progress: 94% (288/305) - Loss: 0.1094
[Client 2, Round 30] Progress: 95% (291/305) - Loss: 0.0765
[Client 2, Round 30] Progress: 96% (294/305) - Loss: 0.2450
[Client 2, Round 30] Progress: 97% (297/305) - Loss: 0.0711
[Client 2, Round 30] Progress: 98% (300/305) - Loss: 0.0602
[Client 2, Round 30] Progress: 99% (303/305) - Loss: 0.1042
[Client 2, Round 30] Progress: 100% (305/305) - Loss: 0.1096
[Client 2, Round 30] Train Loss: 0.1440
[Client 2, Round 30] Val Loss: 0.1411 | Val Dice: 0.8592
[Client 2, Round 31] Progress: 0% (3/305) - Loss: 0.1559
[Client 2, Round 31] Progress: 1% (6/305) - Loss: 0.1757
[Client 2, Round 31] Progress: 2% (9/305) - Loss: 0.1002
[Client 2, Round 31] Progress: 3% (12/305) - Loss: 0.5266
[Client 2, Round 31] Progress: 4% (15/305) - Loss: 0.1351
[Client 2, Round 31] Progress: 5% (18/305) - Loss: 0.1818
[Client 2, Round 31] Progress: 6% (21/305) - Loss: 0.1749
[Client 2, Round 31] Progress: 7% (24/305) - Loss: 0.1482
[Client 2, Round 31] Progress: 8% (27/305) - Loss: 0.1269
[Client 2, Round 31] Progress: 9% (30/305) - Loss: 0.2919
[Client 2, Round 31] Progress: 10% (33/305) - Loss: 0.0719
[Client 2, Round 31] Progress: 11% (36/305) - Loss: 0.0766
[Client 2, Round 31] Progress: 12% (39/305) - Loss: 0.0860
[Client 2, Round 31] Progress: 13% (42/305) - Loss: 0.0778
[Client 2, Round 31] Progress: 14% (45/305) - Loss: 0.0897
[Client 2, Round 31] Progress: 15% (48/305) - Loss: 0.0991
[Client 2, Round 31] Progress: 16% (51/305) - Loss: 0.0546
[Client 2, Round 31] Progress: 17% (54/305) - Loss: 0.0436
[Client 2, Round 31] Progress: 18% (57/305) - Loss: 0.1506
[Client 2, Round 31] Progress: 19% (60/305) - Loss: 0.0785
[Client 2, Round 31] Progress: 20% (63/305) - Loss: 0.1421
[Client 2, Round 31] Progress: 21% (66/305) - Loss: 0.0861
[Client 2, Round 31] Progress: 22% (69/305) - Loss: 0.7826
[Client 2, Round 31] Progress: 23% (72/305) - Loss: 0.0815
[Client 2, Round 31] Progress: 24% (75/305) - Loss: 0.1492
[Client 2, Round 31] Progress: 25% (78/305) - Loss: 0.0831
[Client 2, Round 31] Progress: 26% (81/305) - Loss: 0.1765
[Client 2, Round 31] Progress: 27% (84/305) - Loss: 0.1064
[Client 2, Round 31] Progress: 28% (87/305) - Loss: 0.0950
[Client 2, Round 31] Progress: 29% (90/305) - Loss: 0.2915
[Client 2, Round 31] Progress: 30% (93/305) - Loss: 0.0767
[Client 2, Round 31] Progress: 31% (96/305) - Loss: 0.1030
[Client 2, Round 31] Progress: 32% (99/305) - Loss: 0.3342
[Client 2, Round 31] Progress: 33% (102/305) - Loss: 0.1045
[Client 2, Round 31] Progress: 34% (105/305) - Loss: 0.0417
[Client 2, Round 31] Progress: 35% (108/305) - Loss: 0.1754
[Client 2, Round 31] Progress: 36% (111/305) - Loss: 0.0981
[Client 2, Round 31] Progress: 37% (114/305) - Loss: 0.1742
[Client 2, Round 31] Progress: 38% (117/305) - Loss: 0.0863
[Client 2, Round 31] Progress: 39% (120/305) - Loss: 0.0569
[Client 2, Round 31] Progress: 40% (123/305) - Loss: 0.1327
[Client 2, Round 31] Progress: 41% (126/305) - Loss: 0.2087
[Client 2, Round 31] Progress: 42% (129/305) - Loss: 0.0666
[Client 2, Round 31] Progress: 43% (132/305) - Loss: 0.1452
[Client 2, Round 31] Progress: 44% (135/305) - Loss: 0.3053
[Client 2, Round 31] Progress: 45% (138/305) - Loss: 0.0995
[Client 2, Round 31] Progress: 46% (141/305) - Loss: 0.1748
[Client 2, Round 31] Progress: 47% (144/305) - Loss: 0.0807
[Client 2, Round 31] Progress: 48% (147/305) - Loss: 0.1018
[Client 2, Round 31] Progress: 49% (150/305) - Loss: 0.0849
[Client 2, Round 31] Progress: 50% (153/305) - Loss: 0.0696
[Client 2, Round 31] Progress: 51% (156/305) - Loss: 0.1252
[Client 2, Round 31] Progress: 52% (159/305) - Loss: 0.2930
[Client 2, Round 31] Progress: 53% (162/305) - Loss: 0.5126
[Client 2, Round 31] Progress: 54% (165/305) - Loss: 0.0623
[Client 2, Round 31] Progress: 55% (168/305) - Loss: 0.1377
[Client 2, Round 31] Progress: 56% (171/305) - Loss: 0.3087
[Client 2, Round 31] Progress: 57% (174/305) - Loss: 0.1358
[Client 2, Round 31] Progress: 58% (177/305) - Loss: 0.0872
[Client 2, Round 31] Progress: 59% (180/305) - Loss: 0.0857
[Client 2, Round 31] Progress: 60% (183/305) - Loss: 0.1042
[Client 2, Round 31] Progress: 60% (186/305) - Loss: 0.0982
[Client 2, Round 31] Progress: 61% (189/305) - Loss: 0.1137
[Client 2, Round 31] Progress: 62% (192/305) - Loss: 0.1309
[Client 2, Round 31] Progress: 63% (195/305) - Loss: 0.1378
[Client 2, Round 31] Progress: 64% (198/305) - Loss: 0.1356
[Client 2, Round 31] Progress: 65% (201/305) - Loss: 0.1251
[Client 2, Round 31] Progress: 66% (204/305) - Loss: 0.0837
[Client 2, Round 31] Progress: 67% (207/305) - Loss: 0.1323
[Client 2, Round 31] Progress: 68% (210/305) - Loss: 0.1355
[Client 2, Round 31] Progress: 69% (213/305) - Loss: 0.1313
[Client 2, Round 31] Progress: 70% (216/305) - Loss: 0.1826
[Client 2, Round 31] Progress: 71% (219/305) - Loss: 0.1026
[Client 2, Round 31] Progress: 72% (222/305) - Loss: 0.0769
[Client 2, Round 31] Progress: 73% (225/305) - Loss: 0.1732
[Client 2, Round 31] Progress: 74% (228/305) - Loss: 0.1860
[Client 2, Round 31] Progress: 75% (231/305) - Loss: 0.0519
[Client 2, Round 31] Progress: 76% (234/305) - Loss: 0.1442
[Client 2, Round 31] Progress: 77% (237/305) - Loss: 0.1837
[Client 2, Round 31] Progress: 78% (240/305) - Loss: 0.0686
[Client 2, Round 31] Progress: 79% (243/305) - Loss: 0.0941
[Client 2, Round 31] Progress: 80% (246/305) - Loss: 0.1358
[Client 2, Round 31] Progress: 81% (249/305) - Loss: 0.1149
[Client 2, Round 31] Progress: 82% (252/305) - Loss: 0.0885
[Client 2, Round 31] Progress: 83% (255/305) - Loss: 0.1084
[Client 2, Round 31] Progress: 84% (258/305) - Loss: 0.1163
[Client 2, Round 31] Progress: 85% (261/305) - Loss: 0.7493
[Client 2, Round 31] Progress: 86% (264/305) - Loss: 0.0884
[Client 2, Round 31] Progress: 87% (267/305) - Loss: 0.1478
[Client 2, Round 31] Progress: 88% (270/305) - Loss: 0.1239
[Client 2, Round 31] Progress: 89% (273/305) - Loss: 0.0574
[Client 2, Round 31] Progress: 90% (276/305) - Loss: 0.7128
[Client 2, Round 31] Progress: 91% (279/305) - Loss: 0.0913
[Client 2, Round 31] Progress: 92% (282/305) - Loss: 0.0627
[Client 2, Round 31] Progress: 93% (285/305) - Loss: 0.2089
[Client 2, Round 31] Progress: 94% (288/305) - Loss: 0.1214
[Client 2, Round 31] Progress: 95% (291/305) - Loss: 0.2043
[Client 2, Round 31] Progress: 96% (294/305) - Loss: 0.0797
[Client 2, Round 31] Progress: 97% (297/305) - Loss: 0.1213
[Client 2, Round 31] Progress: 98% (300/305) - Loss: 0.0810
[Client 2, Round 31] Progress: 99% (303/305) - Loss: 0.0577
[Client 2, Round 31] Progress: 100% (305/305) - Loss: 0.1305
[Client 2, Round 31] Train Loss: 0.1486
[Client 2, Round 31] Val Loss: 0.1444 | Val Dice: 0.8535
[Client 2, Round 32] Progress: 0% (3/305) - Loss: 0.1136
[Client 2, Round 32] Progress: 1% (6/305) - Loss: 0.0855
[Client 2, Round 32] Progress: 2% (9/305) - Loss: 0.0869
[Client 2, Round 32] Progress: 3% (12/305) - Loss: 0.1867
[Client 2, Round 32] Progress: 4% (15/305) - Loss: 0.2306
[Client 2, Round 32] Progress: 5% (18/305) - Loss: 0.3347
[Client 2, Round 32] Progress: 6% (21/305) - Loss: 0.8535
[Client 2, Round 32] Progress: 7% (24/305) - Loss: 0.3371
[Client 2, Round 32] Progress: 8% (27/305) - Loss: 0.0746
[Client 2, Round 32] Progress: 9% (30/305) - Loss: 0.0689
[Client 2, Round 32] Progress: 10% (33/305) - Loss: 0.0832
[Client 2, Round 32] Progress: 11% (36/305) - Loss: 0.0948
[Client 2, Round 32] Progress: 12% (39/305) - Loss: 0.1022
[Client 2, Round 32] Progress: 13% (42/305) - Loss: 0.0887
[Client 2, Round 32] Progress: 14% (45/305) - Loss: 0.1935
[Client 2, Round 32] Progress: 15% (48/305) - Loss: 0.1049
[Client 2, Round 32] Progress: 16% (51/305) - Loss: 0.1781
[Client 2, Round 32] Progress: 17% (54/305) - Loss: 0.0543
[Client 2, Round 32] Progress: 18% (57/305) - Loss: 0.0698
[Client 2, Round 32] Progress: 19% (60/305) - Loss: 0.1398
[Client 2, Round 32] Progress: 20% (63/305) - Loss: 0.0783
[Client 2, Round 32] Progress: 21% (66/305) - Loss: 0.1253
[Client 2, Round 32] Progress: 22% (69/305) - Loss: 0.1195
[Client 2, Round 32] Progress: 23% (72/305) - Loss: 0.3672
[Client 2, Round 32] Progress: 24% (75/305) - Loss: 0.1135
[Client 2, Round 32] Progress: 25% (78/305) - Loss: 0.1892
[Client 2, Round 32] Progress: 26% (81/305) - Loss: 0.0847
[Client 2, Round 32] Progress: 27% (84/305) - Loss: 0.1420
[Client 2, Round 32] Progress: 28% (87/305) - Loss: 0.0933
[Client 2, Round 32] Progress: 29% (90/305) - Loss: 0.0929
[Client 2, Round 32] Progress: 30% (93/305) - Loss: 0.1034
[Client 2, Round 32] Progress: 31% (96/305) - Loss: 0.0704
[Client 2, Round 32] Progress: 32% (99/305) - Loss: 0.1490
[Client 2, Round 32] Progress: 33% (102/305) - Loss: 0.2190
[Client 2, Round 32] Progress: 34% (105/305) - Loss: 0.1235
[Client 2, Round 32] Progress: 35% (108/305) - Loss: 0.1644
[Client 2, Round 32] Progress: 36% (111/305) - Loss: 0.1172
[Client 2, Round 32] Progress: 37% (114/305) - Loss: 0.1045
[Client 2, Round 32] Progress: 38% (117/305) - Loss: 0.1434
[Client 2, Round 32] Progress: 39% (120/305) - Loss: 0.2012
[Client 2, Round 32] Progress: 40% (123/305) - Loss: 0.1340
[Client 2, Round 32] Progress: 41% (126/305) - Loss: 0.0697
[Client 2, Round 32] Progress: 42% (129/305) - Loss: 0.1467
[Client 2, Round 32] Progress: 43% (132/305) - Loss: 0.0840
[Client 2, Round 32] Progress: 44% (135/305) - Loss: 0.0837
[Client 2, Round 32] Progress: 45% (138/305) - Loss: 0.0792
[Client 2, Round 32] Progress: 46% (141/305) - Loss: 0.1992
[Client 2, Round 32] Progress: 47% (144/305) - Loss: 0.7757
[Client 2, Round 32] Progress: 48% (147/305) - Loss: 0.1874
[Client 2, Round 32] Progress: 49% (150/305) - Loss: 0.1799
[Client 2, Round 32] Progress: 50% (153/305) - Loss: 0.0440
[Client 2, Round 32] Progress: 51% (156/305) - Loss: 0.1377
[Client 2, Round 32] Progress: 52% (159/305) - Loss: 0.0845
[Client 2, Round 32] Progress: 53% (162/305) - Loss: 0.1351
[Client 2, Round 32] Progress: 54% (165/305) - Loss: 0.2124
[Client 2, Round 32] Progress: 55% (168/305) - Loss: 0.0500
[Client 2, Round 32] Progress: 56% (171/305) - Loss: 0.0791
[Client 2, Round 32] Progress: 57% (174/305) - Loss: 0.0833
[Client 2, Round 32] Progress: 58% (177/305) - Loss: 0.0825
[Client 2, Round 32] Progress: 59% (180/305) - Loss: 0.1139
[Client 2, Round 32] Progress: 60% (183/305) - Loss: 0.0624
[Client 2, Round 32] Progress: 60% (186/305) - Loss: 0.1524
[Client 2, Round 32] Progress: 61% (189/305) - Loss: 0.1228
[Client 2, Round 32] Progress: 62% (192/305) - Loss: 0.1083
[Client 2, Round 32] Progress: 63% (195/305) - Loss: 0.0700
[Client 2, Round 32] Progress: 64% (198/305) - Loss: 0.1311
[Client 2, Round 32] Progress: 65% (201/305) - Loss: 0.0904
[Client 2, Round 32] Progress: 66% (204/305) - Loss: 0.1800
[Client 2, Round 32] Progress: 67% (207/305) - Loss: 0.1158
[Client 2, Round 32] Progress: 68% (210/305) - Loss: 0.0888
[Client 2, Round 32] Progress: 69% (213/305) - Loss: 0.7144
[Client 2, Round 32] Progress: 70% (216/305) - Loss: 0.1359
[Client 2, Round 32] Progress: 71% (219/305) - Loss: 0.0430
[Client 2, Round 32] Progress: 72% (222/305) - Loss: 0.2511
[Client 2, Round 32] Progress: 73% (225/305) - Loss: 0.2725
[Client 2, Round 32] Progress: 74% (228/305) - Loss: 0.1546
[Client 2, Round 32] Progress: 75% (231/305) - Loss: 0.0717
[Client 2, Round 32] Progress: 76% (234/305) - Loss: 0.1222
[Client 2, Round 32] Progress: 77% (237/305) - Loss: 0.1028
[Client 2, Round 32] Progress: 78% (240/305) - Loss: 0.0818
[Client 2, Round 32] Progress: 79% (243/305) - Loss: 0.0766
[Client 2, Round 32] Progress: 80% (246/305) - Loss: 0.1570
[Client 2, Round 32] Progress: 81% (249/305) - Loss: 0.0816
[Client 2, Round 32] Progress: 82% (252/305) - Loss: 0.1617
[Client 2, Round 32] Progress: 83% (255/305) - Loss: 0.1264
[Client 2, Round 32] Progress: 84% (258/305) - Loss: 0.2466
[Client 2, Round 32] Progress: 85% (261/305) - Loss: 0.0638
[Client 2, Round 32] Progress: 86% (264/305) - Loss: 0.1007
[Client 2, Round 32] Progress: 87% (267/305) - Loss: 0.1181
[Client 2, Round 32] Progress: 88% (270/305) - Loss: 0.1637
[Client 2, Round 32] Progress: 89% (273/305) - Loss: 0.2582
[Client 2, Round 32] Progress: 90% (276/305) - Loss: 0.1885
[Client 2, Round 32] Progress: 91% (279/305) - Loss: 0.0845
[Client 2, Round 32] Progress: 92% (282/305) - Loss: 0.0964
[Client 2, Round 32] Progress: 93% (285/305) - Loss: 0.4289
[Client 2, Round 32] Progress: 94% (288/305) - Loss: 0.1753
[Client 2, Round 32] Progress: 95% (291/305) - Loss: 0.3185
[Client 2, Round 32] Progress: 96% (294/305) - Loss: 0.1034
[Client 2, Round 32] Progress: 97% (297/305) - Loss: 0.1111
[Client 2, Round 32] Progress: 98% (300/305) - Loss: 0.0809
[Client 2, Round 32] Progress: 99% (303/305) - Loss: 0.3325
[Client 2, Round 32] Progress: 100% (305/305) - Loss: 0.1991
[Client 2, Round 32] Train Loss: 0.1412
[Client 2, Round 32] Val Loss: 0.1525 | Val Dice: 0.8453
[Client 2, Round 33] Progress: 0% (3/305) - Loss: 0.1247
[Client 2, Round 33] Progress: 1% (6/305) - Loss: 0.0835
[Client 2, Round 33] Progress: 2% (9/305) - Loss: 0.0834
[Client 2, Round 33] Progress: 3% (12/305) - Loss: 0.1578
[Client 2, Round 33] Progress: 4% (15/305) - Loss: 0.1285
[Client 2, Round 33] Progress: 5% (18/305) - Loss: 0.0704
[Client 2, Round 33] Progress: 6% (21/305) - Loss: 0.1120
[Client 2, Round 33] Progress: 7% (24/305) - Loss: 0.1308
[Client 2, Round 33] Progress: 8% (27/305) - Loss: 0.1307
[Client 2, Round 33] Progress: 9% (30/305) - Loss: 0.1110
[Client 2, Round 33] Progress: 10% (33/305) - Loss: 0.0557
[Client 2, Round 33] Progress: 11% (36/305) - Loss: 0.1763
[Client 2, Round 33] Progress: 12% (39/305) - Loss: 0.1287
[Client 2, Round 33] Progress: 13% (42/305) - Loss: 0.0890
[Client 2, Round 33] Progress: 14% (45/305) - Loss: 0.1378
[Client 2, Round 33] Progress: 15% (48/305) - Loss: 0.1487
[Client 2, Round 33] Progress: 16% (51/305) - Loss: 0.2303
[Client 2, Round 33] Progress: 17% (54/305) - Loss: 0.1221
[Client 2, Round 33] Progress: 18% (57/305) - Loss: 0.1025
[Client 2, Round 33] Progress: 19% (60/305) - Loss: 0.0835
[Client 2, Round 33] Progress: 20% (63/305) - Loss: 0.2001
[Client 2, Round 33] Progress: 21% (66/305) - Loss: 0.0623
[Client 2, Round 33] Progress: 22% (69/305) - Loss: 0.1330
[Client 2, Round 33] Progress: 23% (72/305) - Loss: 0.1185
[Client 2, Round 33] Progress: 24% (75/305) - Loss: 0.1102
[Client 2, Round 33] Progress: 25% (78/305) - Loss: 0.3796
[Client 2, Round 33] Progress: 26% (81/305) - Loss: 0.0903
[Client 2, Round 33] Progress: 27% (84/305) - Loss: 0.0663
[Client 2, Round 33] Progress: 28% (87/305) - Loss: 0.1572
[Client 2, Round 33] Progress: 29% (90/305) - Loss: 0.0640
[Client 2, Round 33] Progress: 30% (93/305) - Loss: 0.0935
[Client 2, Round 33] Progress: 31% (96/305) - Loss: 0.0820
[Client 2, Round 33] Progress: 32% (99/305) - Loss: 0.1096
[Client 2, Round 33] Progress: 33% (102/305) - Loss: 0.1573
[Client 2, Round 33] Progress: 34% (105/305) - Loss: 0.1263
[Client 2, Round 33] Progress: 35% (108/305) - Loss: 0.2470
[Client 2, Round 33] Progress: 36% (111/305) - Loss: 0.1420
[Client 2, Round 33] Progress: 37% (114/305) - Loss: 0.1196
[Client 2, Round 33] Progress: 38% (117/305) - Loss: 0.1115
[Client 2, Round 33] Progress: 39% (120/305) - Loss: 0.1657
[Client 2, Round 33] Progress: 40% (123/305) - Loss: 0.0474
[Client 2, Round 33] Progress: 41% (126/305) - Loss: 0.0567
[Client 2, Round 33] Progress: 42% (129/305) - Loss: 0.1428
[Client 2, Round 33] Progress: 43% (132/305) - Loss: 0.4481
[Client 2, Round 33] Progress: 44% (135/305) - Loss: 0.1239
[Client 2, Round 33] Progress: 45% (138/305) - Loss: 0.1192
[Client 2, Round 33] Progress: 46% (141/305) - Loss: 0.1299
[Client 2, Round 33] Progress: 47% (144/305) - Loss: 0.0616
[Client 2, Round 33] Progress: 48% (147/305) - Loss: 0.1129
[Client 2, Round 33] Progress: 49% (150/305) - Loss: 0.1114
[Client 2, Round 33] Progress: 50% (153/305) - Loss: 0.0524
[Client 2, Round 33] Progress: 51% (156/305) - Loss: 0.1535
[Client 2, Round 33] Progress: 52% (159/305) - Loss: 0.0603
[Client 2, Round 33] Progress: 53% (162/305) - Loss: 0.1442
[Client 2, Round 33] Progress: 54% (165/305) - Loss: 0.1119
[Client 2, Round 33] Progress: 55% (168/305) - Loss: 0.0976
[Client 2, Round 33] Progress: 56% (171/305) - Loss: 0.1230
[Client 2, Round 33] Progress: 57% (174/305) - Loss: 0.0662
[Client 2, Round 33] Progress: 58% (177/305) - Loss: 0.6183
[Client 2, Round 33] Progress: 59% (180/305) - Loss: 0.1096
[Client 2, Round 33] Progress: 60% (183/305) - Loss: 0.2273
[Client 2, Round 33] Progress: 60% (186/305) - Loss: 0.1390
[Client 2, Round 33] Progress: 61% (189/305) - Loss: 0.1338
[Client 2, Round 33] Progress: 62% (192/305) - Loss: 0.0511
[Client 2, Round 33] Progress: 63% (195/305) - Loss: 0.1146
[Client 2, Round 33] Progress: 64% (198/305) - Loss: 0.0736
[Client 2, Round 33] Progress: 65% (201/305) - Loss: 0.0747
[Client 2, Round 33] Progress: 66% (204/305) - Loss: 0.1327
[Client 2, Round 33] Progress: 67% (207/305) - Loss: 0.1318
[Client 2, Round 33] Progress: 68% (210/305) - Loss: 0.0824
[Client 2, Round 33] Progress: 69% (213/305) - Loss: 0.0974
[Client 2, Round 33] Progress: 70% (216/305) - Loss: 0.0963
[Client 2, Round 33] Progress: 71% (219/305) - Loss: 0.7282
[Client 2, Round 33] Progress: 72% (222/305) - Loss: 0.0485
[Client 2, Round 33] Progress: 73% (225/305) - Loss: 0.0602
[Client 2, Round 33] Progress: 74% (228/305) - Loss: 0.1360
[Client 2, Round 33] Progress: 75% (231/305) - Loss: 0.0530
[Client 2, Round 33] Progress: 76% (234/305) - Loss: 0.0846
[Client 2, Round 33] Progress: 77% (237/305) - Loss: 0.2894
[Client 2, Round 33] Progress: 78% (240/305) - Loss: 0.0761
[Client 2, Round 33] Progress: 79% (243/305) - Loss: 0.0874
[Client 2, Round 33] Progress: 80% (246/305) - Loss: 0.0698
[Client 2, Round 33] Progress: 81% (249/305) - Loss: 0.1084
[Client 2, Round 33] Progress: 82% (252/305) - Loss: 0.0330
[Client 2, Round 33] Progress: 83% (255/305) - Loss: 0.1393
[Client 2, Round 33] Progress: 84% (258/305) - Loss: 0.0894
[Client 2, Round 33] Progress: 85% (261/305) - Loss: 0.1414
[Client 2, Round 33] Progress: 86% (264/305) - Loss: 0.0909
[Client 2, Round 33] Progress: 87% (267/305) - Loss: 0.2027
[Client 2, Round 33] Progress: 88% (270/305) - Loss: 0.6185
[Client 2, Round 33] Progress: 89% (273/305) - Loss: 0.1781
[Client 2, Round 33] Progress: 90% (276/305) - Loss: 0.0508
[Client 2, Round 33] Progress: 91% (279/305) - Loss: 0.1761
[Client 2, Round 33] Progress: 92% (282/305) - Loss: 0.0926
[Client 2, Round 33] Progress: 93% (285/305) - Loss: 0.0712
[Client 2, Round 33] Progress: 94% (288/305) - Loss: 0.1056
[Client 2, Round 33] Progress: 95% (291/305) - Loss: 0.0914
[Client 2, Round 33] Progress: 96% (294/305) - Loss: 0.0849
[Client 2, Round 33] Progress: 97% (297/305) - Loss: 0.0786
[Client 2, Round 33] Progress: 98% (300/305) - Loss: 0.0731
[Client 2, Round 33] Progress: 99% (303/305) - Loss: 0.0887
[Client 2, Round 33] Progress: 100% (305/305) - Loss: 0.0833
[Client 2, Round 33] Train Loss: 0.1432
[Client 2, Round 33] Val Loss: 0.1443 | Val Dice: 0.8556
[Client 2, Round 34] Progress: 0% (3/305) - Loss: 0.0819
[Client 2, Round 34] Progress: 1% (6/305) - Loss: 0.1167
[Client 2, Round 34] Progress: 2% (9/305) - Loss: 0.1124
[Client 2, Round 34] Progress: 3% (12/305) - Loss: 0.0689
[Client 2, Round 34] Progress: 4% (15/305) - Loss: 0.2282
[Client 2, Round 34] Progress: 5% (18/305) - Loss: 0.0704
[Client 2, Round 34] Progress: 6% (21/305) - Loss: 0.2100
[Client 2, Round 34] Progress: 7% (24/305) - Loss: 0.1255
[Client 2, Round 34] Progress: 8% (27/305) - Loss: 0.0917
[Client 2, Round 34] Progress: 9% (30/305) - Loss: 0.1890
[Client 2, Round 34] Progress: 10% (33/305) - Loss: 0.3718
[Client 2, Round 34] Progress: 11% (36/305) - Loss: 0.0571
[Client 2, Round 34] Progress: 12% (39/305) - Loss: 0.1891
[Client 2, Round 34] Progress: 13% (42/305) - Loss: 0.2372
[Client 2, Round 34] Progress: 14% (45/305) - Loss: 0.0373
[Client 2, Round 34] Progress: 15% (48/305) - Loss: 0.1387
[Client 2, Round 34] Progress: 16% (51/305) - Loss: 0.1430
[Client 2, Round 34] Progress: 17% (54/305) - Loss: 0.0691
[Client 2, Round 34] Progress: 18% (57/305) - Loss: 0.0578
[Client 2, Round 34] Progress: 19% (60/305) - Loss: 0.0691
[Client 2, Round 34] Progress: 20% (63/305) - Loss: 0.0953
[Client 2, Round 34] Progress: 21% (66/305) - Loss: 0.2155
[Client 2, Round 34] Progress: 22% (69/305) - Loss: 0.0672
[Client 2, Round 34] Progress: 23% (72/305) - Loss: 0.1494
[Client 2, Round 34] Progress: 24% (75/305) - Loss: 0.1520
[Client 2, Round 34] Progress: 25% (78/305) - Loss: 0.0437
[Client 2, Round 34] Progress: 26% (81/305) - Loss: 0.1306
[Client 2, Round 34] Progress: 27% (84/305) - Loss: 0.2459
[Client 2, Round 34] Progress: 28% (87/305) - Loss: 0.1711
[Client 2, Round 34] Progress: 29% (90/305) - Loss: 0.0666
[Client 2, Round 34] Progress: 30% (93/305) - Loss: 0.1616
[Client 2, Round 34] Progress: 31% (96/305) - Loss: 0.1106
[Client 2, Round 34] Progress: 32% (99/305) - Loss: 0.0925
[Client 2, Round 34] Progress: 33% (102/305) - Loss: 0.0647
[Client 2, Round 34] Progress: 34% (105/305) - Loss: 0.1308
[Client 2, Round 34] Progress: 35% (108/305) - Loss: 0.0462
[Client 2, Round 34] Progress: 36% (111/305) - Loss: 0.2057
[Client 2, Round 34] Progress: 37% (114/305) - Loss: 0.3603
[Client 2, Round 34] Progress: 38% (117/305) - Loss: 0.1305
[Client 2, Round 34] Progress: 39% (120/305) - Loss: 0.1341
[Client 2, Round 34] Progress: 40% (123/305) - Loss: 0.1083
[Client 2, Round 34] Progress: 41% (126/305) - Loss: 0.7135
[Client 2, Round 34] Progress: 42% (129/305) - Loss: 0.1692
[Client 2, Round 34] Progress: 43% (132/305) - Loss: 0.1018
[Client 2, Round 34] Progress: 44% (135/305) - Loss: 0.0968
[Client 2, Round 34] Progress: 45% (138/305) - Loss: 0.1226
[Client 2, Round 34] Progress: 46% (141/305) - Loss: 0.2206
[Client 2, Round 34] Progress: 47% (144/305) - Loss: 0.1213
[Client 2, Round 34] Progress: 48% (147/305) - Loss: 0.1239
[Client 2, Round 34] Progress: 49% (150/305) - Loss: 0.0978
[Client 2, Round 34] Progress: 50% (153/305) - Loss: 0.1077
[Client 2, Round 34] Progress: 51% (156/305) - Loss: 0.3242
[Client 2, Round 34] Progress: 52% (159/305) - Loss: 0.1209
[Client 2, Round 34] Progress: 53% (162/305) - Loss: 0.0568
[Client 2, Round 34] Progress: 54% (165/305) - Loss: 0.1299
[Client 2, Round 34] Progress: 55% (168/305) - Loss: 0.1649
[Client 2, Round 34] Progress: 56% (171/305) - Loss: 0.0431
[Client 2, Round 34] Progress: 57% (174/305) - Loss: 0.0884
[Client 2, Round 34] Progress: 58% (177/305) - Loss: 0.0849
[Client 2, Round 34] Progress: 59% (180/305) - Loss: 0.0687
[Client 2, Round 34] Progress: 60% (183/305) - Loss: 0.1371
[Client 2, Round 34] Progress: 60% (186/305) - Loss: 0.0809
[Client 2, Round 34] Progress: 61% (189/305) - Loss: 0.1486
[Client 2, Round 34] Progress: 62% (192/305) - Loss: 0.0298
[Client 2, Round 34] Progress: 63% (195/305) - Loss: 0.0637
[Client 2, Round 34] Progress: 64% (198/305) - Loss: 0.0865
[Client 2, Round 34] Progress: 65% (201/305) - Loss: 0.5340
[Client 2, Round 34] Progress: 66% (204/305) - Loss: 0.1945
[Client 2, Round 34] Progress: 67% (207/305) - Loss: 0.1044
[Client 2, Round 34] Progress: 68% (210/305) - Loss: 0.2186
[Client 2, Round 34] Progress: 69% (213/305) - Loss: 0.4185
[Client 2, Round 34] Progress: 70% (216/305) - Loss: 0.1281
[Client 2, Round 34] Progress: 71% (219/305) - Loss: 0.2117
[Client 2, Round 34] Progress: 72% (222/305) - Loss: 0.1146
[Client 2, Round 34] Progress: 73% (225/305) - Loss: 0.0802
[Client 2, Round 34] Progress: 74% (228/305) - Loss: 0.1950
[Client 2, Round 34] Progress: 75% (231/305) - Loss: 0.0980
[Client 2, Round 34] Progress: 76% (234/305) - Loss: 0.1254
[Client 2, Round 34] Progress: 77% (237/305) - Loss: 0.0753
[Client 2, Round 34] Progress: 78% (240/305) - Loss: 0.1409
[Client 2, Round 34] Progress: 79% (243/305) - Loss: 0.0736
[Client 2, Round 34] Progress: 80% (246/305) - Loss: 0.0981
[Client 2, Round 34] Progress: 81% (249/305) - Loss: 0.2135
[Client 2, Round 34] Progress: 82% (252/305) - Loss: 0.1512
[Client 2, Round 34] Progress: 83% (255/305) - Loss: 0.1041
[Client 2, Round 34] Progress: 84% (258/305) - Loss: 0.0851
[Client 2, Round 34] Progress: 85% (261/305) - Loss: 0.1340
[Client 2, Round 34] Progress: 86% (264/305) - Loss: 0.0448
[Client 2, Round 34] Progress: 87% (267/305) - Loss: 0.0639
[Client 2, Round 34] Progress: 88% (270/305) - Loss: 0.0852
[Client 2, Round 34] Progress: 89% (273/305) - Loss: 0.1216
[Client 2, Round 34] Progress: 90% (276/305) - Loss: 0.0791
[Client 2, Round 34] Progress: 91% (279/305) - Loss: 0.1120
[Client 2, Round 34] Progress: 92% (282/305) - Loss: 0.2502
[Client 2, Round 34] Progress: 93% (285/305) - Loss: 0.0914
[Client 2, Round 34] Progress: 94% (288/305) - Loss: 0.1217
[Client 2, Round 34] Progress: 95% (291/305) - Loss: 0.4260
[Client 2, Round 34] Progress: 96% (294/305) - Loss: 0.1287
[Client 2, Round 34] Progress: 97% (297/305) - Loss: 0.1039
[Client 2, Round 34] Progress: 98% (300/305) - Loss: 0.3199
[Client 2, Round 34] Progress: 99% (303/305) - Loss: 0.1659
[Client 2, Round 34] Progress: 100% (305/305) - Loss: 0.0744
[Client 2, Round 34] Train Loss: 0.1372
[Client 2, Round 34] Val Loss: 0.1530 | Val Dice: 0.8456
[Client 2, Round 35] Progress: 0% (3/305) - Loss: 0.0889
[Client 2, Round 35] Progress: 1% (6/305) - Loss: 0.1228
[Client 2, Round 35] Progress: 2% (9/305) - Loss: 0.2679
[Client 2, Round 35] Progress: 3% (12/305) - Loss: 0.0967
[Client 2, Round 35] Progress: 4% (15/305) - Loss: 0.9047
[Client 2, Round 35] Progress: 5% (18/305) - Loss: 0.0806
[Client 2, Round 35] Progress: 6% (21/305) - Loss: 0.0501
[Client 2, Round 35] Progress: 7% (24/305) - Loss: 0.0606
[Client 2, Round 35] Progress: 8% (27/305) - Loss: 0.1376
[Client 2, Round 35] Progress: 9% (30/305) - Loss: 0.0480
[Client 2, Round 35] Progress: 10% (33/305) - Loss: 0.0748
[Client 2, Round 35] Progress: 11% (36/305) - Loss: 0.2943
[Client 2, Round 35] Progress: 12% (39/305) - Loss: 0.0864
[Client 2, Round 35] Progress: 13% (42/305) - Loss: 0.3239
[Client 2, Round 35] Progress: 14% (45/305) - Loss: 0.1230
[Client 2, Round 35] Progress: 15% (48/305) - Loss: 0.0520
[Client 2, Round 35] Progress: 16% (51/305) - Loss: 0.1024
[Client 2, Round 35] Progress: 17% (54/305) - Loss: 0.1252
[Client 2, Round 35] Progress: 18% (57/305) - Loss: 0.3036
[Client 2, Round 35] Progress: 19% (60/305) - Loss: 0.1334
[Client 2, Round 35] Progress: 20% (63/305) - Loss: 0.2705
[Client 2, Round 35] Progress: 21% (66/305) - Loss: 0.1309
[Client 2, Round 35] Progress: 22% (69/305) - Loss: 0.1807
[Client 2, Round 35] Progress: 23% (72/305) - Loss: 0.1041
[Client 2, Round 35] Progress: 24% (75/305) - Loss: 0.1151
[Client 2, Round 35] Progress: 25% (78/305) - Loss: 0.1516
[Client 2, Round 35] Progress: 26% (81/305) - Loss: 0.1484
[Client 2, Round 35] Progress: 27% (84/305) - Loss: 0.0806
[Client 2, Round 35] Progress: 28% (87/305) - Loss: 0.0795
[Client 2, Round 35] Progress: 29% (90/305) - Loss: 0.0355
[Client 2, Round 35] Progress: 30% (93/305) - Loss: 0.1815
[Client 2, Round 35] Progress: 31% (96/305) - Loss: 0.1409
[Client 2, Round 35] Progress: 32% (99/305) - Loss: 0.0687
[Client 2, Round 35] Progress: 33% (102/305) - Loss: 0.0382
[Client 2, Round 35] Progress: 34% (105/305) - Loss: 0.2905
[Client 2, Round 35] Progress: 35% (108/305) - Loss: 0.1552
[Client 2, Round 35] Progress: 36% (111/305) - Loss: 0.3055
[Client 2, Round 35] Progress: 37% (114/305) - Loss: 0.1570
[Client 2, Round 35] Progress: 38% (117/305) - Loss: 0.0981
[Client 2, Round 35] Progress: 39% (120/305) - Loss: 0.3448
[Client 2, Round 35] Progress: 40% (123/305) - Loss: 0.0620
[Client 2, Round 35] Progress: 41% (126/305) - Loss: 0.0732
[Client 2, Round 35] Progress: 42% (129/305) - Loss: 0.1277
[Client 2, Round 35] Progress: 43% (132/305) - Loss: 0.1117
[Client 2, Round 35] Progress: 44% (135/305) - Loss: 0.1299
[Client 2, Round 35] Progress: 45% (138/305) - Loss: 0.1028
[Client 2, Round 35] Progress: 46% (141/305) - Loss: 0.1846
[Client 2, Round 35] Progress: 47% (144/305) - Loss: 0.1380
[Client 2, Round 35] Progress: 48% (147/305) - Loss: 0.0891
[Client 2, Round 35] Progress: 49% (150/305) - Loss: 0.0818
[Client 2, Round 35] Progress: 50% (153/305) - Loss: 0.4830
[Client 2, Round 35] Progress: 51% (156/305) - Loss: 0.1738
[Client 2, Round 35] Progress: 52% (159/305) - Loss: 0.1290
[Client 2, Round 35] Progress: 53% (162/305) - Loss: 0.1180
[Client 2, Round 35] Progress: 54% (165/305) - Loss: 0.1592
[Client 2, Round 35] Progress: 55% (168/305) - Loss: 0.0666
[Client 2, Round 35] Progress: 56% (171/305) - Loss: 0.1890
[Client 2, Round 35] Progress: 57% (174/305) - Loss: 0.0860
[Client 2, Round 35] Progress: 58% (177/305) - Loss: 0.1399
[Client 2, Round 35] Progress: 59% (180/305) - Loss: 0.2313
[Client 2, Round 35] Progress: 60% (183/305) - Loss: 0.1208
[Client 2, Round 35] Progress: 60% (186/305) - Loss: 0.0893
[Client 2, Round 35] Progress: 61% (189/305) - Loss: 0.2866
[Client 2, Round 35] Progress: 62% (192/305) - Loss: 0.3048
[Client 2, Round 35] Progress: 63% (195/305) - Loss: 0.0430
[Client 2, Round 35] Progress: 64% (198/305) - Loss: 0.0769
[Client 2, Round 35] Progress: 65% (201/305) - Loss: 0.0565
[Client 2, Round 35] Progress: 66% (204/305) - Loss: 0.0788
[Client 2, Round 35] Progress: 67% (207/305) - Loss: 0.0774
[Client 2, Round 35] Progress: 68% (210/305) - Loss: 0.0796
[Client 2, Round 35] Progress: 69% (213/305) - Loss: 0.0682
[Client 2, Round 35] Progress: 70% (216/305) - Loss: 0.0872
[Client 2, Round 35] Progress: 71% (219/305) - Loss: 0.1899
[Client 2, Round 35] Progress: 72% (222/305) - Loss: 0.0375
[Client 2, Round 35] Progress: 73% (225/305) - Loss: 0.1079
[Client 2, Round 35] Progress: 74% (228/305) - Loss: 0.0909
[Client 2, Round 35] Progress: 75% (231/305) - Loss: 0.1016
[Client 2, Round 35] Progress: 76% (234/305) - Loss: 0.1011
[Client 2, Round 35] Progress: 77% (237/305) - Loss: 0.1498
[Client 2, Round 35] Progress: 78% (240/305) - Loss: 0.1783
[Client 2, Round 35] Progress: 79% (243/305) - Loss: 0.0855
[Client 2, Round 35] Progress: 80% (246/305) - Loss: 0.1089
[Client 2, Round 35] Progress: 81% (249/305) - Loss: 0.0983
[Client 2, Round 35] Progress: 82% (252/305) - Loss: 0.4751
[Client 2, Round 35] Progress: 83% (255/305) - Loss: 0.0984
[Client 2, Round 35] Progress: 84% (258/305) - Loss: 0.1541
[Client 2, Round 35] Progress: 85% (261/305) - Loss: 0.1064
[Client 2, Round 35] Progress: 86% (264/305) - Loss: 0.2335
[Client 2, Round 35] Progress: 87% (267/305) - Loss: 0.7270
[Client 2, Round 35] Progress: 88% (270/305) - Loss: 0.1434
[Client 2, Round 35] Progress: 89% (273/305) - Loss: 0.1546
[Client 2, Round 35] Progress: 90% (276/305) - Loss: 0.1099
[Client 2, Round 35] Progress: 91% (279/305) - Loss: 0.1154
[Client 2, Round 35] Progress: 92% (282/305) - Loss: 0.1796
[Client 2, Round 35] Progress: 93% (285/305) - Loss: 0.0527
[Client 2, Round 35] Progress: 94% (288/305) - Loss: 0.2174
[Client 2, Round 35] Progress: 95% (291/305) - Loss: 0.2074
[Client 2, Round 35] Progress: 96% (294/305) - Loss: 0.0834
[Client 2, Round 35] Progress: 97% (297/305) - Loss: 0.0610
[Client 2, Round 35] Progress: 98% (300/305) - Loss: 0.1350
[Client 2, Round 35] Progress: 99% (303/305) - Loss: 0.0741
[Client 2, Round 35] Progress: 100% (305/305) - Loss: 0.1957
[Client 2, Round 35] Train Loss: 0.1459
[Client 2, Round 35] Val Loss: 0.1464 | Val Dice: 0.8530
[Client 2, Round 36] Progress: 0% (3/305) - Loss: 0.1296
[Client 2, Round 36] Progress: 1% (6/305) - Loss: 0.0317
[Client 2, Round 36] Progress: 2% (9/305) - Loss: 0.0828
[Client 2, Round 36] Progress: 3% (12/305) - Loss: 0.1375
[Client 2, Round 36] Progress: 4% (15/305) - Loss: 0.1334
[Client 2, Round 36] Progress: 5% (18/305) - Loss: 0.1433
[Client 2, Round 36] Progress: 6% (21/305) - Loss: 0.2030
[Client 2, Round 36] Progress: 7% (24/305) - Loss: 0.0369
[Client 2, Round 36] Progress: 8% (27/305) - Loss: 0.0625
[Client 2, Round 36] Progress: 9% (30/305) - Loss: 0.0736
[Client 2, Round 36] Progress: 10% (33/305) - Loss: 0.1335
[Client 2, Round 36] Progress: 11% (36/305) - Loss: 0.1664
[Client 2, Round 36] Progress: 12% (39/305) - Loss: 0.0723
[Client 2, Round 36] Progress: 13% (42/305) - Loss: 0.1121
[Client 2, Round 36] Progress: 14% (45/305) - Loss: 0.1263
[Client 2, Round 36] Progress: 15% (48/305) - Loss: 0.1928
[Client 2, Round 36] Progress: 16% (51/305) - Loss: 0.0890
[Client 2, Round 36] Progress: 17% (54/305) - Loss: 0.1095
[Client 2, Round 36] Progress: 18% (57/305) - Loss: 0.0958
[Client 2, Round 36] Progress: 19% (60/305) - Loss: 0.3830
[Client 2, Round 36] Progress: 20% (63/305) - Loss: 0.1092
[Client 2, Round 36] Progress: 21% (66/305) - Loss: 0.0451
[Client 2, Round 36] Progress: 22% (69/305) - Loss: 0.1663
[Client 2, Round 36] Progress: 23% (72/305) - Loss: 0.1597
[Client 2, Round 36] Progress: 24% (75/305) - Loss: 0.0884
[Client 2, Round 36] Progress: 25% (78/305) - Loss: 0.0697
[Client 2, Round 36] Progress: 26% (81/305) - Loss: 0.1938
[Client 2, Round 36] Progress: 27% (84/305) - Loss: 0.4203
[Client 2, Round 36] Progress: 28% (87/305) - Loss: 0.0893
[Client 2, Round 36] Progress: 29% (90/305) - Loss: 0.1397
[Client 2, Round 36] Progress: 30% (93/305) - Loss: 0.0632
[Client 2, Round 36] Progress: 31% (96/305) - Loss: 0.1000
[Client 2, Round 36] Progress: 32% (99/305) - Loss: 0.0655
[Client 2, Round 36] Progress: 33% (102/305) - Loss: 0.0868
[Client 2, Round 36] Progress: 34% (105/305) - Loss: 0.0999
[Client 2, Round 36] Progress: 35% (108/305) - Loss: 0.0554
[Client 2, Round 36] Progress: 36% (111/305) - Loss: 0.0845
[Client 2, Round 36] Progress: 37% (114/305) - Loss: 0.0612
[Client 2, Round 36] Progress: 38% (117/305) - Loss: 0.0862
[Client 2, Round 36] Progress: 39% (120/305) - Loss: 0.0471
[Client 2, Round 36] Progress: 40% (123/305) - Loss: 0.3127
[Client 2, Round 36] Progress: 41% (126/305) - Loss: 0.0888
[Client 2, Round 36] Progress: 42% (129/305) - Loss: 0.1998
[Client 2, Round 36] Progress: 43% (132/305) - Loss: 0.0711
[Client 2, Round 36] Progress: 44% (135/305) - Loss: 0.1132
[Client 2, Round 36] Progress: 45% (138/305) - Loss: 0.1021
[Client 2, Round 36] Progress: 46% (141/305) - Loss: 0.0525
[Client 2, Round 36] Progress: 47% (144/305) - Loss: 0.1391
[Client 2, Round 36] Progress: 48% (147/305) - Loss: 0.2064
[Client 2, Round 36] Progress: 49% (150/305) - Loss: 0.0992
[Client 2, Round 36] Progress: 50% (153/305) - Loss: 0.1666
[Client 2, Round 36] Progress: 51% (156/305) - Loss: 0.2491
[Client 2, Round 36] Progress: 52% (159/305) - Loss: 0.0296
[Client 2, Round 36] Progress: 53% (162/305) - Loss: 0.1509
[Client 2, Round 36] Progress: 54% (165/305) - Loss: 0.2814
[Client 2, Round 36] Progress: 55% (168/305) - Loss: 0.3367
[Client 2, Round 36] Progress: 56% (171/305) - Loss: 0.0646
[Client 2, Round 36] Progress: 57% (174/305) - Loss: 0.1377
[Client 2, Round 36] Progress: 58% (177/305) - Loss: 0.1899
[Client 2, Round 36] Progress: 59% (180/305) - Loss: 0.2081
[Client 2, Round 36] Progress: 60% (183/305) - Loss: 0.1584
[Client 2, Round 36] Progress: 60% (186/305) - Loss: 0.0792
[Client 2, Round 36] Progress: 61% (189/305) - Loss: 0.1301
[Client 2, Round 36] Progress: 62% (192/305) - Loss: 0.1711
[Client 2, Round 36] Progress: 63% (195/305) - Loss: 0.1567
[Client 2, Round 36] Progress: 64% (198/305) - Loss: 0.1197
[Client 2, Round 36] Progress: 65% (201/305) - Loss: 0.1841
[Client 2, Round 36] Progress: 66% (204/305) - Loss: 0.0470
[Client 2, Round 36] Progress: 67% (207/305) - Loss: 0.2108
[Client 2, Round 36] Progress: 68% (210/305) - Loss: 0.1810
[Client 2, Round 36] Progress: 69% (213/305) - Loss: 0.1184
[Client 2, Round 36] Progress: 70% (216/305) - Loss: 0.0798
[Client 2, Round 36] Progress: 71% (219/305) - Loss: 0.0825
[Client 2, Round 36] Progress: 72% (222/305) - Loss: 0.0777
[Client 2, Round 36] Progress: 73% (225/305) - Loss: 0.0715
[Client 2, Round 36] Progress: 74% (228/305) - Loss: 0.0815
[Client 2, Round 36] Progress: 75% (231/305) - Loss: 0.2242
[Client 2, Round 36] Progress: 76% (234/305) - Loss: 0.0656
[Client 2, Round 36] Progress: 77% (237/305) - Loss: 0.0463
[Client 2, Round 36] Progress: 78% (240/305) - Loss: 0.1644
[Client 2, Round 36] Progress: 79% (243/305) - Loss: 0.0533
[Client 2, Round 36] Progress: 80% (246/305) - Loss: 0.0975
[Client 2, Round 36] Progress: 81% (249/305) - Loss: 0.0442
[Client 2, Round 36] Progress: 82% (252/305) - Loss: 0.0535
[Client 2, Round 36] Progress: 83% (255/305) - Loss: 0.1346
[Client 2, Round 36] Progress: 84% (258/305) - Loss: 0.0943
[Client 2, Round 36] Progress: 85% (261/305) - Loss: 0.0695
[Client 2, Round 36] Progress: 86% (264/305) - Loss: 0.0819
[Client 2, Round 36] Progress: 87% (267/305) - Loss: 0.1411
[Client 2, Round 36] Progress: 88% (270/305) - Loss: 0.1041
[Client 2, Round 36] Progress: 89% (273/305) - Loss: 0.1324
[Client 2, Round 36] Progress: 90% (276/305) - Loss: 0.2942
[Client 2, Round 36] Progress: 91% (279/305) - Loss: 0.0694
[Client 2, Round 36] Progress: 92% (282/305) - Loss: 0.1181
[Client 2, Round 36] Progress: 93% (285/305) - Loss: 0.0793
[Client 2, Round 36] Progress: 94% (288/305) - Loss: 0.8085
[Client 2, Round 36] Progress: 95% (291/305) - Loss: 0.3244
[Client 2, Round 36] Progress: 96% (294/305) - Loss: 0.0798
[Client 2, Round 36] Progress: 97% (297/305) - Loss: 0.0692
[Client 2, Round 36] Progress: 98% (300/305) - Loss: 0.1115
[Client 2, Round 36] Progress: 99% (303/305) - Loss: 0.1312
[Client 2, Round 36] Progress: 100% (305/305) - Loss: 0.0754
[Client 2, Round 36] Train Loss: 0.1386
[Client 2, Round 36] Val Loss: 0.1426 | Val Dice: 0.8574
[Client 2, Round 37] Progress: 0% (3/305) - Loss: 0.0882
[Client 2, Round 37] Progress: 1% (6/305) - Loss: 0.0832
[Client 2, Round 37] Progress: 2% (9/305) - Loss: 0.2070
[Client 2, Round 37] Progress: 3% (12/305) - Loss: 0.0467
[Client 2, Round 37] Progress: 4% (15/305) - Loss: 0.1571
[Client 2, Round 37] Progress: 5% (18/305) - Loss: 0.0568
[Client 2, Round 37] Progress: 6% (21/305) - Loss: 0.0853
[Client 2, Round 37] Progress: 7% (24/305) - Loss: 0.2218
[Client 2, Round 37] Progress: 8% (27/305) - Loss: 0.0409
[Client 2, Round 37] Progress: 9% (30/305) - Loss: 0.1385
[Client 2, Round 37] Progress: 10% (33/305) - Loss: 0.1003
[Client 2, Round 37] Progress: 11% (36/305) - Loss: 0.0587
[Client 2, Round 37] Progress: 12% (39/305) - Loss: 0.0585
[Client 2, Round 37] Progress: 13% (42/305) - Loss: 0.1377
[Client 2, Round 37] Progress: 14% (45/305) - Loss: 0.1120
[Client 2, Round 37] Progress: 15% (48/305) - Loss: 0.0378
[Client 2, Round 37] Progress: 16% (51/305) - Loss: 0.2765
[Client 2, Round 37] Progress: 17% (54/305) - Loss: 0.1244
[Client 2, Round 37] Progress: 18% (57/305) - Loss: 0.2167
[Client 2, Round 37] Progress: 19% (60/305) - Loss: 0.1033
[Client 2, Round 37] Progress: 20% (63/305) - Loss: 0.0977
[Client 2, Round 37] Progress: 21% (66/305) - Loss: 0.1636
[Client 2, Round 37] Progress: 22% (69/305) - Loss: 0.6244
[Client 2, Round 37] Progress: 23% (72/305) - Loss: 0.1603
[Client 2, Round 37] Progress: 24% (75/305) - Loss: 0.0877
[Client 2, Round 37] Progress: 25% (78/305) - Loss: 0.4868
[Client 2, Round 37] Progress: 26% (81/305) - Loss: 0.4571
[Client 2, Round 37] Progress: 27% (84/305) - Loss: 0.1217
[Client 2, Round 37] Progress: 28% (87/305) - Loss: 0.0806
[Client 2, Round 37] Progress: 29% (90/305) - Loss: 0.1581
[Client 2, Round 37] Progress: 30% (93/305) - Loss: 0.0830
[Client 2, Round 37] Progress: 31% (96/305) - Loss: 0.0844
[Client 2, Round 37] Progress: 32% (99/305) - Loss: 0.0725
[Client 2, Round 37] Progress: 33% (102/305) - Loss: 0.1637
[Client 2, Round 37] Progress: 34% (105/305) - Loss: 0.1352
[Client 2, Round 37] Progress: 35% (108/305) - Loss: 0.5062
[Client 2, Round 37] Progress: 36% (111/305) - Loss: 0.0701
[Client 2, Round 37] Progress: 37% (114/305) - Loss: 0.3545
[Client 2, Round 37] Progress: 38% (117/305) - Loss: 0.2370
[Client 2, Round 37] Progress: 39% (120/305) - Loss: 0.1023
[Client 2, Round 37] Progress: 40% (123/305) - Loss: 0.0526
[Client 2, Round 37] Progress: 41% (126/305) - Loss: 0.0789
[Client 2, Round 37] Progress: 42% (129/305) - Loss: 0.2133
[Client 2, Round 37] Progress: 43% (132/305) - Loss: 0.2006
[Client 2, Round 37] Progress: 44% (135/305) - Loss: 0.1423
[Client 2, Round 37] Progress: 45% (138/305) - Loss: 0.1134
[Client 2, Round 37] Progress: 46% (141/305) - Loss: 0.0906
[Client 2, Round 37] Progress: 47% (144/305) - Loss: 0.2666
[Client 2, Round 37] Progress: 48% (147/305) - Loss: 0.1741
[Client 2, Round 37] Progress: 49% (150/305) - Loss: 0.0878
[Client 2, Round 37] Progress: 50% (153/305) - Loss: 0.1370
[Client 2, Round 37] Progress: 51% (156/305) - Loss: 0.0644
[Client 2, Round 37] Progress: 52% (159/305) - Loss: 0.0715
[Client 2, Round 37] Progress: 53% (162/305) - Loss: 0.0712
[Client 2, Round 37] Progress: 54% (165/305) - Loss: 0.1375
[Client 2, Round 37] Progress: 55% (168/305) - Loss: 0.0641
[Client 2, Round 37] Progress: 56% (171/305) - Loss: 0.0721
[Client 2, Round 37] Progress: 57% (174/305) - Loss: 0.4703
[Client 2, Round 37] Progress: 58% (177/305) - Loss: 0.1252
[Client 2, Round 37] Progress: 59% (180/305) - Loss: 0.1308
[Client 2, Round 37] Progress: 60% (183/305) - Loss: 0.2835
[Client 2, Round 37] Progress: 60% (186/305) - Loss: 0.1128
[Client 2, Round 37] Progress: 61% (189/305) - Loss: 0.4230
[Client 2, Round 37] Progress: 62% (192/305) - Loss: 0.1228
[Client 2, Round 37] Progress: 63% (195/305) - Loss: 0.0747
[Client 2, Round 37] Progress: 64% (198/305) - Loss: 0.1596
[Client 2, Round 37] Progress: 65% (201/305) - Loss: 0.0892
[Client 2, Round 37] Progress: 66% (204/305) - Loss: 0.1099
[Client 2, Round 37] Progress: 67% (207/305) - Loss: 0.1322
[Client 2, Round 37] Progress: 68% (210/305) - Loss: 0.0898
[Client 2, Round 37] Progress: 69% (213/305) - Loss: 0.0654
[Client 2, Round 37] Progress: 70% (216/305) - Loss: 0.1502
[Client 2, Round 37] Progress: 71% (219/305) - Loss: 0.0670
[Client 2, Round 37] Progress: 72% (222/305) - Loss: 0.0735
[Client 2, Round 37] Progress: 73% (225/305) - Loss: 0.0654
[Client 2, Round 37] Progress: 74% (228/305) - Loss: 0.3833
[Client 2, Round 37] Progress: 75% (231/305) - Loss: 0.1682
[Client 2, Round 37] Progress: 76% (234/305) - Loss: 0.0956
[Client 2, Round 37] Progress: 77% (237/305) - Loss: 0.1459
[Client 2, Round 37] Progress: 78% (240/305) - Loss: 0.0454
[Client 2, Round 37] Progress: 79% (243/305) - Loss: 0.0924
[Client 2, Round 37] Progress: 80% (246/305) - Loss: 0.1791
[Client 2, Round 37] Progress: 81% (249/305) - Loss: 0.0960
[Client 2, Round 37] Progress: 82% (252/305) - Loss: 0.1060
[Client 2, Round 37] Progress: 83% (255/305) - Loss: 0.1053
[Client 2, Round 37] Progress: 84% (258/305) - Loss: 0.1459
[Client 2, Round 37] Progress: 85% (261/305) - Loss: 0.2648
[Client 2, Round 37] Progress: 86% (264/305) - Loss: 0.0838
[Client 2, Round 37] Progress: 87% (267/305) - Loss: 0.0685
[Client 2, Round 37] Progress: 88% (270/305) - Loss: 0.1076
[Client 2, Round 37] Progress: 89% (273/305) - Loss: 0.0596
[Client 2, Round 37] Progress: 90% (276/305) - Loss: 0.0722
[Client 2, Round 37] Progress: 91% (279/305) - Loss: 0.2909
[Client 2, Round 37] Progress: 92% (282/305) - Loss: 0.0543
[Client 2, Round 37] Progress: 93% (285/305) - Loss: 0.1417
[Client 2, Round 37] Progress: 94% (288/305) - Loss: 0.0779
[Client 2, Round 37] Progress: 95% (291/305) - Loss: 0.0383
[Client 2, Round 37] Progress: 96% (294/305) - Loss: 0.1421
[Client 2, Round 37] Progress: 97% (297/305) - Loss: 0.0799
[Client 2, Round 37] Progress: 98% (300/305) - Loss: 0.1240
[Client 2, Round 37] Progress: 99% (303/305) - Loss: 0.0640
[Client 2, Round 37] Progress: 100% (305/305) - Loss: 0.1738
[Client 2, Round 37] Train Loss: 0.1437
[Client 2, Round 37] Val Loss: 0.1355 | Val Dice: 0.8647
[Client 2, Round 38] Progress: 0% (3/305) - Loss: 0.1125
[Client 2, Round 38] Progress: 1% (6/305) - Loss: 0.3351
[Client 2, Round 38] Progress: 2% (9/305) - Loss: 0.0461
[Client 2, Round 38] Progress: 3% (12/305) - Loss: 0.0417
[Client 2, Round 38] Progress: 4% (15/305) - Loss: 0.1093
[Client 2, Round 38] Progress: 5% (18/305) - Loss: 0.0731
[Client 2, Round 38] Progress: 6% (21/305) - Loss: 0.2256
[Client 2, Round 38] Progress: 7% (24/305) - Loss: 0.1188
[Client 2, Round 38] Progress: 8% (27/305) - Loss: 0.0823
[Client 2, Round 38] Progress: 9% (30/305) - Loss: 0.1105
[Client 2, Round 38] Progress: 10% (33/305) - Loss: 0.1129
[Client 2, Round 38] Progress: 11% (36/305) - Loss: 0.0920
[Client 2, Round 38] Progress: 12% (39/305) - Loss: 0.1672
[Client 2, Round 38] Progress: 13% (42/305) - Loss: 0.1641
[Client 2, Round 38] Progress: 14% (45/305) - Loss: 0.0867
[Client 2, Round 38] Progress: 15% (48/305) - Loss: 0.0732
[Client 2, Round 38] Progress: 16% (51/305) - Loss: 0.2216
[Client 2, Round 38] Progress: 17% (54/305) - Loss: 0.0854
[Client 2, Round 38] Progress: 18% (57/305) - Loss: 0.0610
[Client 2, Round 38] Progress: 19% (60/305) - Loss: 0.1491
[Client 2, Round 38] Progress: 20% (63/305) - Loss: 0.0506
[Client 2, Round 38] Progress: 21% (66/305) - Loss: 0.0873
[Client 2, Round 38] Progress: 22% (69/305) - Loss: 0.0808
[Client 2, Round 38] Progress: 23% (72/305) - Loss: 0.1000
[Client 2, Round 38] Progress: 24% (75/305) - Loss: 0.0660
[Client 2, Round 38] Progress: 25% (78/305) - Loss: 0.1355
[Client 2, Round 38] Progress: 26% (81/305) - Loss: 0.2524
[Client 2, Round 38] Progress: 27% (84/305) - Loss: 0.0623
[Client 2, Round 38] Progress: 28% (87/305) - Loss: 0.2717
[Client 2, Round 38] Progress: 29% (90/305) - Loss: 0.1952
[Client 2, Round 38] Progress: 30% (93/305) - Loss: 0.3444
[Client 2, Round 38] Progress: 31% (96/305) - Loss: 0.1058
[Client 2, Round 38] Progress: 32% (99/305) - Loss: 0.0372
[Client 2, Round 38] Progress: 33% (102/305) - Loss: 0.1846
[Client 2, Round 38] Progress: 34% (105/305) - Loss: 0.2030
[Client 2, Round 38] Progress: 35% (108/305) - Loss: 0.2763
[Client 2, Round 38] Progress: 36% (111/305) - Loss: 0.0723
[Client 2, Round 38] Progress: 37% (114/305) - Loss: 0.1723
[Client 2, Round 38] Progress: 38% (117/305) - Loss: 0.0614
[Client 2, Round 38] Progress: 39% (120/305) - Loss: 0.1375
[Client 2, Round 38] Progress: 40% (123/305) - Loss: 0.1981
[Client 2, Round 38] Progress: 41% (126/305) - Loss: 0.1751
[Client 2, Round 38] Progress: 42% (129/305) - Loss: 0.1398
[Client 2, Round 38] Progress: 43% (132/305) - Loss: 0.1990
[Client 2, Round 38] Progress: 44% (135/305) - Loss: 0.1793
[Client 2, Round 38] Progress: 45% (138/305) - Loss: 0.2504
[Client 2, Round 38] Progress: 46% (141/305) - Loss: 0.0543
[Client 2, Round 38] Progress: 47% (144/305) - Loss: 0.0691
[Client 2, Round 38] Progress: 48% (147/305) - Loss: 0.1699
[Client 2, Round 38] Progress: 49% (150/305) - Loss: 0.0686
[Client 2, Round 38] Progress: 50% (153/305) - Loss: 0.1327
[Client 2, Round 38] Progress: 51% (156/305) - Loss: 0.0670
[Client 2, Round 38] Progress: 52% (159/305) - Loss: 0.0723
[Client 2, Round 38] Progress: 53% (162/305) - Loss: 0.0962
[Client 2, Round 38] Progress: 54% (165/305) - Loss: 0.0425
[Client 2, Round 38] Progress: 55% (168/305) - Loss: 0.1188
[Client 2, Round 38] Progress: 56% (171/305) - Loss: 0.1065
[Client 2, Round 38] Progress: 57% (174/305) - Loss: 0.0759
[Client 2, Round 38] Progress: 58% (177/305) - Loss: 0.0765
[Client 2, Round 38] Progress: 59% (180/305) - Loss: 0.0881
[Client 2, Round 38] Progress: 60% (183/305) - Loss: 0.1275
[Client 2, Round 38] Progress: 60% (186/305) - Loss: 0.1855
[Client 2, Round 38] Progress: 61% (189/305) - Loss: 0.1669
[Client 2, Round 38] Progress: 62% (192/305) - Loss: 0.1062
[Client 2, Round 38] Progress: 63% (195/305) - Loss: 0.0298
[Client 2, Round 38] Progress: 64% (198/305) - Loss: 0.0704
[Client 2, Round 38] Progress: 65% (201/305) - Loss: 0.1166
[Client 2, Round 38] Progress: 66% (204/305) - Loss: 0.0639
[Client 2, Round 38] Progress: 67% (207/305) - Loss: 0.1657
[Client 2, Round 38] Progress: 68% (210/305) - Loss: 0.0821
[Client 2, Round 38] Progress: 69% (213/305) - Loss: 0.1518
[Client 2, Round 38] Progress: 70% (216/305) - Loss: 0.1141
[Client 2, Round 38] Progress: 71% (219/305) - Loss: 0.2471
[Client 2, Round 38] Progress: 72% (222/305) - Loss: 0.0899
[Client 2, Round 38] Progress: 73% (225/305) - Loss: 0.0300
[Client 2, Round 38] Progress: 74% (228/305) - Loss: 0.0676
[Client 2, Round 38] Progress: 75% (231/305) - Loss: 0.1289
[Client 2, Round 38] Progress: 76% (234/305) - Loss: 0.1382
[Client 2, Round 38] Progress: 77% (237/305) - Loss: 0.0891
[Client 2, Round 38] Progress: 78% (240/305) - Loss: 0.0500
[Client 2, Round 38] Progress: 79% (243/305) - Loss: 0.5542
[Client 2, Round 38] Progress: 80% (246/305) - Loss: 0.1641
[Client 2, Round 38] Progress: 81% (249/305) - Loss: 0.1228
[Client 2, Round 38] Progress: 82% (252/305) - Loss: 0.1363
[Client 2, Round 38] Progress: 83% (255/305) - Loss: 0.0822
[Client 2, Round 38] Progress: 84% (258/305) - Loss: 0.0852
[Client 2, Round 38] Progress: 85% (261/305) - Loss: 0.1403
[Client 2, Round 38] Progress: 86% (264/305) - Loss: 0.2439
[Client 2, Round 38] Progress: 87% (267/305) - Loss: 0.0918
[Client 2, Round 38] Progress: 88% (270/305) - Loss: 0.1787
[Client 2, Round 38] Progress: 89% (273/305) - Loss: 0.2343
[Client 2, Round 38] Progress: 90% (276/305) - Loss: 0.1214
[Client 2, Round 38] Progress: 91% (279/305) - Loss: 0.1125
[Client 2, Round 38] Progress: 92% (282/305) - Loss: 0.1282
[Client 2, Round 38] Progress: 93% (285/305) - Loss: 0.2163
[Client 2, Round 38] Progress: 94% (288/305) - Loss: 0.1127
[Client 2, Round 38] Progress: 95% (291/305) - Loss: 0.1019
[Client 2, Round 38] Progress: 96% (294/305) - Loss: 0.1010
[Client 2, Round 38] Progress: 97% (297/305) - Loss: 0.2051
[Client 2, Round 38] Progress: 98% (300/305) - Loss: 0.0966
[Client 2, Round 38] Progress: 99% (303/305) - Loss: 0.1225
[Client 2, Round 38] Progress: 100% (305/305) - Loss: 0.1601
[Client 2, Round 38] Train Loss: 0.1441
[Client 2, Round 38] Val Loss: 0.1319 | Val Dice: 0.8684
[Client 2, Round 39] Progress: 0% (3/305) - Loss: 0.0530
[Client 2, Round 39] Progress: 1% (6/305) - Loss: 0.2730
[Client 2, Round 39] Progress: 2% (9/305) - Loss: 0.1690
[Client 2, Round 39] Progress: 3% (12/305) - Loss: 0.0677
[Client 2, Round 39] Progress: 4% (15/305) - Loss: 0.0394
[Client 2, Round 39] Progress: 5% (18/305) - Loss: 0.1766
[Client 2, Round 39] Progress: 6% (21/305) - Loss: 0.0342
[Client 2, Round 39] Progress: 7% (24/305) - Loss: 0.0503
[Client 2, Round 39] Progress: 8% (27/305) - Loss: 0.0745
[Client 2, Round 39] Progress: 9% (30/305) - Loss: 0.1539
[Client 2, Round 39] Progress: 10% (33/305) - Loss: 0.1013
[Client 2, Round 39] Progress: 11% (36/305) - Loss: 0.0715
[Client 2, Round 39] Progress: 12% (39/305) - Loss: 0.0862
[Client 2, Round 39] Progress: 13% (42/305) - Loss: 0.0578
[Client 2, Round 39] Progress: 14% (45/305) - Loss: 0.1206
[Client 2, Round 39] Progress: 15% (48/305) - Loss: 0.0368
[Client 2, Round 39] Progress: 16% (51/305) - Loss: 0.1646
[Client 2, Round 39] Progress: 17% (54/305) - Loss: 0.1052
[Client 2, Round 39] Progress: 18% (57/305) - Loss: 0.0638
[Client 2, Round 39] Progress: 19% (60/305) - Loss: 0.1514
[Client 2, Round 39] Progress: 20% (63/305) - Loss: 0.0654
[Client 2, Round 39] Progress: 21% (66/305) - Loss: 0.2649
[Client 2, Round 39] Progress: 22% (69/305) - Loss: 0.0727
[Client 2, Round 39] Progress: 23% (72/305) - Loss: 0.0836
[Client 2, Round 39] Progress: 24% (75/305) - Loss: 0.1079
[Client 2, Round 39] Progress: 25% (78/305) - Loss: 0.4818
[Client 2, Round 39] Progress: 26% (81/305) - Loss: 0.5957
[Client 2, Round 39] Progress: 27% (84/305) - Loss: 0.1172
[Client 2, Round 39] Progress: 28% (87/305) - Loss: 0.0600
[Client 2, Round 39] Progress: 29% (90/305) - Loss: 0.1295
[Client 2, Round 39] Progress: 30% (93/305) - Loss: 0.0861
[Client 2, Round 39] Progress: 31% (96/305) - Loss: 0.1274
[Client 2, Round 39] Progress: 32% (99/305) - Loss: 0.4500
[Client 2, Round 39] Progress: 33% (102/305) - Loss: 0.0981
[Client 2, Round 39] Progress: 34% (105/305) - Loss: 0.1128
[Client 2, Round 39] Progress: 35% (108/305) - Loss: 0.0582
[Client 2, Round 39] Progress: 36% (111/305) - Loss: 0.1688
[Client 2, Round 39] Progress: 37% (114/305) - Loss: 0.1859
[Client 2, Round 39] Progress: 38% (117/305) - Loss: 0.0710
[Client 2, Round 39] Progress: 39% (120/305) - Loss: 0.1037
[Client 2, Round 39] Progress: 40% (123/305) - Loss: 0.0548
[Client 2, Round 39] Progress: 41% (126/305) - Loss: 0.0786
[Client 2, Round 39] Progress: 42% (129/305) - Loss: 0.1829
[Client 2, Round 39] Progress: 43% (132/305) - Loss: 0.0678
[Client 2, Round 39] Progress: 44% (135/305) - Loss: 0.0900
[Client 2, Round 39] Progress: 45% (138/305) - Loss: 0.1790
[Client 2, Round 39] Progress: 46% (141/305) - Loss: 0.0395
[Client 2, Round 39] Progress: 47% (144/305) - Loss: 0.0970
[Client 2, Round 39] Progress: 48% (147/305) - Loss: 0.1449
[Client 2, Round 39] Progress: 49% (150/305) - Loss: 0.0823
[Client 2, Round 39] Progress: 50% (153/305) - Loss: 0.0374
[Client 2, Round 39] Progress: 51% (156/305) - Loss: 0.0672
[Client 2, Round 39] Progress: 52% (159/305) - Loss: 0.0854
[Client 2, Round 39] Progress: 53% (162/305) - Loss: 0.3338
[Client 2, Round 39] Progress: 54% (165/305) - Loss: 0.1228
[Client 2, Round 39] Progress: 55% (168/305) - Loss: 0.0820
[Client 2, Round 39] Progress: 56% (171/305) - Loss: 0.0993
[Client 2, Round 39] Progress: 57% (174/305) - Loss: 0.0787
[Client 2, Round 39] Progress: 58% (177/305) - Loss: 0.1087
[Client 2, Round 39] Progress: 59% (180/305) - Loss: 0.1280
[Client 2, Round 39] Progress: 60% (183/305) - Loss: 0.0607
[Client 2, Round 39] Progress: 60% (186/305) - Loss: 0.1677
[Client 2, Round 39] Progress: 61% (189/305) - Loss: 0.0951
[Client 2, Round 39] Progress: 62% (192/305) - Loss: 0.1926
[Client 2, Round 39] Progress: 63% (195/305) - Loss: 0.1037
[Client 2, Round 39] Progress: 64% (198/305) - Loss: 0.0426
[Client 2, Round 39] Progress: 65% (201/305) - Loss: 0.0900
[Client 2, Round 39] Progress: 66% (204/305) - Loss: 0.0818
[Client 2, Round 39] Progress: 67% (207/305) - Loss: 0.0399
[Client 2, Round 39] Progress: 68% (210/305) - Loss: 0.1237
[Client 2, Round 39] Progress: 69% (213/305) - Loss: 0.2994
[Client 2, Round 39] Progress: 70% (216/305) - Loss: 0.1228
[Client 2, Round 39] Progress: 71% (219/305) - Loss: 0.2037
[Client 2, Round 39] Progress: 72% (222/305) - Loss: 0.1256
[Client 2, Round 39] Progress: 73% (225/305) - Loss: 0.0842
[Client 2, Round 39] Progress: 74% (228/305) - Loss: 0.0864
[Client 2, Round 39] Progress: 75% (231/305) - Loss: 0.0625
[Client 2, Round 39] Progress: 76% (234/305) - Loss: 0.0396
[Client 2, Round 39] Progress: 77% (237/305) - Loss: 0.1584
[Client 2, Round 39] Progress: 78% (240/305) - Loss: 0.0964
[Client 2, Round 39] Progress: 79% (243/305) - Loss: 0.2186
[Client 2, Round 39] Progress: 80% (246/305) - Loss: 0.2589
[Client 2, Round 39] Progress: 81% (249/305) - Loss: 0.1241
[Client 2, Round 39] Progress: 82% (252/305) - Loss: 0.1770
[Client 2, Round 39] Progress: 83% (255/305) - Loss: 0.0857
[Client 2, Round 39] Progress: 84% (258/305) - Loss: 0.0690
[Client 2, Round 39] Progress: 85% (261/305) - Loss: 0.2608
[Client 2, Round 39] Progress: 86% (264/305) - Loss: 0.1092
[Client 2, Round 39] Progress: 87% (267/305) - Loss: 0.2230
[Client 2, Round 39] Progress: 88% (270/305) - Loss: 0.0720
[Client 2, Round 39] Progress: 89% (273/305) - Loss: 0.1490
[Client 2, Round 39] Progress: 90% (276/305) - Loss: 0.1022
[Client 2, Round 39] Progress: 91% (279/305) - Loss: 0.2378
[Client 2, Round 39] Progress: 92% (282/305) - Loss: 0.0935
[Client 2, Round 39] Progress: 93% (285/305) - Loss: 0.1177
[Client 2, Round 39] Progress: 94% (288/305) - Loss: 0.0779
[Client 2, Round 39] Progress: 95% (291/305) - Loss: 0.1651
[Client 2, Round 39] Progress: 96% (294/305) - Loss: 0.0736
[Client 2, Round 39] Progress: 97% (297/305) - Loss: 0.6413
[Client 2, Round 39] Progress: 98% (300/305) - Loss: 0.1290
[Client 2, Round 39] Progress: 99% (303/305) - Loss: 0.1327
[Client 2, Round 39] Progress: 100% (305/305) - Loss: 0.1192
[Client 2, Round 39] Train Loss: 0.1403
[Client 2, Round 39] Val Loss: 0.1349 | Val Dice: 0.8646
[Client 2, Round 40] Progress: 0% (3/305) - Loss: 0.1260
[Client 2, Round 40] Progress: 1% (6/305) - Loss: 0.0810
[Client 2, Round 40] Progress: 2% (9/305) - Loss: 0.1079
[Client 2, Round 40] Progress: 3% (12/305) - Loss: 0.2572
[Client 2, Round 40] Progress: 4% (15/305) - Loss: 0.0775
[Client 2, Round 40] Progress: 5% (18/305) - Loss: 0.1468
[Client 2, Round 40] Progress: 6% (21/305) - Loss: 0.0815
[Client 2, Round 40] Progress: 7% (24/305) - Loss: 0.0873
[Client 2, Round 40] Progress: 8% (27/305) - Loss: 0.0656
[Client 2, Round 40] Progress: 9% (30/305) - Loss: 0.1502
[Client 2, Round 40] Progress: 10% (33/305) - Loss: 0.0403
[Client 2, Round 40] Progress: 11% (36/305) - Loss: 0.0897
[Client 2, Round 40] Progress: 12% (39/305) - Loss: 0.1139
[Client 2, Round 40] Progress: 13% (42/305) - Loss: 0.0886
[Client 2, Round 40] Progress: 14% (45/305) - Loss: 0.1068
[Client 2, Round 40] Progress: 15% (48/305) - Loss: 0.0617
[Client 2, Round 40] Progress: 16% (51/305) - Loss: 0.0716
[Client 2, Round 40] Progress: 17% (54/305) - Loss: 0.0517
[Client 2, Round 40] Progress: 18% (57/305) - Loss: 0.1573
[Client 2, Round 40] Progress: 19% (60/305) - Loss: 0.1191
[Client 2, Round 40] Progress: 20% (63/305) - Loss: 0.0730
[Client 2, Round 40] Progress: 21% (66/305) - Loss: 0.1613
[Client 2, Round 40] Progress: 22% (69/305) - Loss: 0.1149
[Client 2, Round 40] Progress: 23% (72/305) - Loss: 0.0742
[Client 2, Round 40] Progress: 24% (75/305) - Loss: 0.0558
[Client 2, Round 40] Progress: 25% (78/305) - Loss: 0.0535
[Client 2, Round 40] Progress: 26% (81/305) - Loss: 0.1081
[Client 2, Round 40] Progress: 27% (84/305) - Loss: 0.0470
[Client 2, Round 40] Progress: 28% (87/305) - Loss: 0.1020
[Client 2, Round 40] Progress: 29% (90/305) - Loss: 0.0652
[Client 2, Round 40] Progress: 30% (93/305) - Loss: 0.1921
[Client 2, Round 40] Progress: 31% (96/305) - Loss: 0.0922
[Client 2, Round 40] Progress: 32% (99/305) - Loss: 0.2088
[Client 2, Round 40] Progress: 33% (102/305) - Loss: 0.0994
[Client 2, Round 40] Progress: 34% (105/305) - Loss: 0.1498
[Client 2, Round 40] Progress: 35% (108/305) - Loss: 0.0832
[Client 2, Round 40] Progress: 36% (111/305) - Loss: 0.1879
[Client 2, Round 40] Progress: 37% (114/305) - Loss: 0.1225
[Client 2, Round 40] Progress: 38% (117/305) - Loss: 0.1063
[Client 2, Round 40] Progress: 39% (120/305) - Loss: 0.1159
[Client 2, Round 40] Progress: 40% (123/305) - Loss: 0.1361
[Client 2, Round 40] Progress: 41% (126/305) - Loss: 0.0706
[Client 2, Round 40] Progress: 42% (129/305) - Loss: 0.1540
[Client 2, Round 40] Progress: 43% (132/305) - Loss: 0.0608
[Client 2, Round 40] Progress: 44% (135/305) - Loss: 0.0605
[Client 2, Round 40] Progress: 45% (138/305) - Loss: 0.0613
[Client 2, Round 40] Progress: 46% (141/305) - Loss: 0.0441
[Client 2, Round 40] Progress: 47% (144/305) - Loss: 0.1489
[Client 2, Round 40] Progress: 48% (147/305) - Loss: 0.0737
[Client 2, Round 40] Progress: 49% (150/305) - Loss: 0.1159
[Client 2, Round 40] Progress: 50% (153/305) - Loss: 0.0829
[Client 2, Round 40] Progress: 51% (156/305) - Loss: 0.0730
[Client 2, Round 40] Progress: 52% (159/305) - Loss: 0.0842
[Client 2, Round 40] Progress: 53% (162/305) - Loss: 0.0854
[Client 2, Round 40] Progress: 54% (165/305) - Loss: 0.0693
[Client 2, Round 40] Progress: 55% (168/305) - Loss: 0.0753
[Client 2, Round 40] Progress: 56% (171/305) - Loss: 0.0667
[Client 2, Round 40] Progress: 57% (174/305) - Loss: 0.1019
[Client 2, Round 40] Progress: 58% (177/305) - Loss: 0.0859
[Client 2, Round 40] Progress: 59% (180/305) - Loss: 0.1395
[Client 2, Round 40] Progress: 60% (183/305) - Loss: 0.0331
[Client 2, Round 40] Progress: 60% (186/305) - Loss: 0.1253
[Client 2, Round 40] Progress: 61% (189/305) - Loss: 0.1182
[Client 2, Round 40] Progress: 62% (192/305) - Loss: 0.0684
[Client 2, Round 40] Progress: 63% (195/305) - Loss: 0.0671
[Client 2, Round 40] Progress: 64% (198/305) - Loss: 0.1387
[Client 2, Round 40] Progress: 65% (201/305) - Loss: 0.0540
[Client 2, Round 40] Progress: 66% (204/305) - Loss: 0.2076
[Client 2, Round 40] Progress: 67% (207/305) - Loss: 0.1204
[Client 2, Round 40] Progress: 68% (210/305) - Loss: 0.0862
[Client 2, Round 40] Progress: 69% (213/305) - Loss: 0.0327
[Client 2, Round 40] Progress: 70% (216/305) - Loss: 0.1485
[Client 2, Round 40] Progress: 71% (219/305) - Loss: 0.2101
[Client 2, Round 40] Progress: 72% (222/305) - Loss: 0.1031
[Client 2, Round 40] Progress: 73% (225/305) - Loss: 0.1501
[Client 2, Round 40] Progress: 74% (228/305) - Loss: 0.1866
[Client 2, Round 40] Progress: 75% (231/305) - Loss: 0.0857
[Client 2, Round 40] Progress: 76% (234/305) - Loss: 0.6556
[Client 2, Round 40] Progress: 77% (237/305) - Loss: 0.1753
[Client 2, Round 40] Progress: 78% (240/305) - Loss: 0.1834
[Client 2, Round 40] Progress: 79% (243/305) - Loss: 0.1041
[Client 2, Round 40] Progress: 80% (246/305) - Loss: 0.1728
[Client 2, Round 40] Progress: 81% (249/305) - Loss: 0.1348
[Client 2, Round 40] Progress: 82% (252/305) - Loss: 0.0690
[Client 2, Round 40] Progress: 83% (255/305) - Loss: 0.1610
[Client 2, Round 40] Progress: 84% (258/305) - Loss: 0.0695
[Client 2, Round 40] Progress: 85% (261/305) - Loss: 0.1117
[Client 2, Round 40] Progress: 86% (264/305) - Loss: 0.0829
[Client 2, Round 40] Progress: 87% (267/305) - Loss: 0.2548
[Client 2, Round 40] Progress: 88% (270/305) - Loss: 0.0896
[Client 2, Round 40] Progress: 89% (273/305) - Loss: 0.1328
[Client 2, Round 40] Progress: 90% (276/305) - Loss: 0.0723
[Client 2, Round 40] Progress: 91% (279/305) - Loss: 0.1671
[Client 2, Round 40] Progress: 92% (282/305) - Loss: 0.1474
[Client 2, Round 40] Progress: 93% (285/305) - Loss: 0.0479
[Client 2, Round 40] Progress: 94% (288/305) - Loss: 0.0986
[Client 2, Round 40] Progress: 95% (291/305) - Loss: 0.0811
[Client 2, Round 40] Progress: 96% (294/305) - Loss: 0.1318
[Client 2, Round 40] Progress: 97% (297/305) - Loss: 0.0838
[Client 2, Round 40] Progress: 98% (300/305) - Loss: 0.1535
[Client 2, Round 40] Progress: 99% (303/305) - Loss: 0.0544
[Client 2, Round 40] Progress: 100% (305/305) - Loss: 0.1313
[Client 2, Round 40] Train Loss: 0.1422
[Client 2, Round 40] Val Loss: 0.1415 | Val Dice: 0.8584
[Client 2, Round 41] Progress: 0% (3/305) - Loss: 0.0597
[Client 2, Round 41] Progress: 1% (6/305) - Loss: 0.0680
[Client 2, Round 41] Progress: 2% (9/305) - Loss: 0.0845
[Client 2, Round 41] Progress: 3% (12/305) - Loss: 0.0891
[Client 2, Round 41] Progress: 4% (15/305) - Loss: 0.1217
[Client 2, Round 41] Progress: 5% (18/305) - Loss: 0.0485
[Client 2, Round 41] Progress: 6% (21/305) - Loss: 0.1452
[Client 2, Round 41] Progress: 7% (24/305) - Loss: 0.0747
[Client 2, Round 41] Progress: 8% (27/305) - Loss: 0.1404
[Client 2, Round 41] Progress: 9% (30/305) - Loss: 0.1267
[Client 2, Round 41] Progress: 10% (33/305) - Loss: 0.1233
[Client 2, Round 41] Progress: 11% (36/305) - Loss: 0.0535
[Client 2, Round 41] Progress: 12% (39/305) - Loss: 0.1682
[Client 2, Round 41] Progress: 13% (42/305) - Loss: 0.0868
[Client 2, Round 41] Progress: 14% (45/305) - Loss: 0.1085
[Client 2, Round 41] Progress: 15% (48/305) - Loss: 0.1169
[Client 2, Round 41] Progress: 16% (51/305) - Loss: 0.0887
[Client 2, Round 41] Progress: 17% (54/305) - Loss: 0.1071
[Client 2, Round 41] Progress: 18% (57/305) - Loss: 0.1287
[Client 2, Round 41] Progress: 19% (60/305) - Loss: 0.0788
[Client 2, Round 41] Progress: 20% (63/305) - Loss: 0.0718
[Client 2, Round 41] Progress: 21% (66/305) - Loss: 0.2706
[Client 2, Round 41] Progress: 22% (69/305) - Loss: 0.2061
[Client 2, Round 41] Progress: 23% (72/305) - Loss: 0.0788
[Client 2, Round 41] Progress: 24% (75/305) - Loss: 0.2053
[Client 2, Round 41] Progress: 25% (78/305) - Loss: 0.0448
[Client 2, Round 41] Progress: 26% (81/305) - Loss: 0.0780
[Client 2, Round 41] Progress: 27% (84/305) - Loss: 0.0803
[Client 2, Round 41] Progress: 28% (87/305) - Loss: 0.2049
[Client 2, Round 41] Progress: 29% (90/305) - Loss: 0.0832
[Client 2, Round 41] Progress: 30% (93/305) - Loss: 0.1091
[Client 2, Round 41] Progress: 31% (96/305) - Loss: 0.1367
[Client 2, Round 41] Progress: 32% (99/305) - Loss: 0.0586
[Client 2, Round 41] Progress: 33% (102/305) - Loss: 0.0665
[Client 2, Round 41] Progress: 34% (105/305) - Loss: 0.1579
[Client 2, Round 41] Progress: 35% (108/305) - Loss: 0.1233
[Client 2, Round 41] Progress: 36% (111/305) - Loss: 0.1184
[Client 2, Round 41] Progress: 37% (114/305) - Loss: 0.0403
[Client 2, Round 41] Progress: 38% (117/305) - Loss: 0.7067
[Client 2, Round 41] Progress: 39% (120/305) - Loss: 0.2055
[Client 2, Round 41] Progress: 40% (123/305) - Loss: 0.1760
[Client 2, Round 41] Progress: 41% (126/305) - Loss: 0.0951
[Client 2, Round 41] Progress: 42% (129/305) - Loss: 0.0923
[Client 2, Round 41] Progress: 43% (132/305) - Loss: 0.1605
[Client 2, Round 41] Progress: 44% (135/305) - Loss: 0.1071
[Client 2, Round 41] Progress: 45% (138/305) - Loss: 0.0847
[Client 2, Round 41] Progress: 46% (141/305) - Loss: 0.2053
[Client 2, Round 41] Progress: 47% (144/305) - Loss: 0.1060
[Client 2, Round 41] Progress: 48% (147/305) - Loss: 0.0412
[Client 2, Round 41] Progress: 49% (150/305) - Loss: 0.0529
[Client 2, Round 41] Progress: 50% (153/305) - Loss: 0.1009
[Client 2, Round 41] Progress: 51% (156/305) - Loss: 0.0925
[Client 2, Round 41] Progress: 52% (159/305) - Loss: 0.1950
[Client 2, Round 41] Progress: 53% (162/305) - Loss: 0.1212
[Client 2, Round 41] Progress: 54% (165/305) - Loss: 0.1018
[Client 2, Round 41] Progress: 55% (168/305) - Loss: 0.0909
[Client 2, Round 41] Progress: 56% (171/305) - Loss: 0.0648
[Client 2, Round 41] Progress: 57% (174/305) - Loss: 0.1008
[Client 2, Round 41] Progress: 58% (177/305) - Loss: 0.1175
[Client 2, Round 41] Progress: 59% (180/305) - Loss: 0.1076
[Client 2, Round 41] Progress: 60% (183/305) - Loss: 0.1307
[Client 2, Round 41] Progress: 60% (186/305) - Loss: 0.8947
[Client 2, Round 41] Progress: 61% (189/305) - Loss: 0.0864
[Client 2, Round 41] Progress: 62% (192/305) - Loss: 0.0939
[Client 2, Round 41] Progress: 63% (195/305) - Loss: 0.1545
[Client 2, Round 41] Progress: 64% (198/305) - Loss: 0.1582
[Client 2, Round 41] Progress: 65% (201/305) - Loss: 0.1151
[Client 2, Round 41] Progress: 66% (204/305) - Loss: 0.0573
[Client 2, Round 41] Progress: 67% (207/305) - Loss: 0.1359
[Client 2, Round 41] Progress: 68% (210/305) - Loss: 0.0711
[Client 2, Round 41] Progress: 69% (213/305) - Loss: 0.1842
[Client 2, Round 41] Progress: 70% (216/305) - Loss: 0.1281
[Client 2, Round 41] Progress: 71% (219/305) - Loss: 0.1277
[Client 2, Round 41] Progress: 72% (222/305) - Loss: 0.0445
[Client 2, Round 41] Progress: 73% (225/305) - Loss: 0.1104
[Client 2, Round 41] Progress: 74% (228/305) - Loss: 0.4388
[Client 2, Round 41] Progress: 75% (231/305) - Loss: 0.2041
[Client 2, Round 41] Progress: 76% (234/305) - Loss: 0.1392
[Client 2, Round 41] Progress: 77% (237/305) - Loss: 0.1977
[Client 2, Round 41] Progress: 78% (240/305) - Loss: 0.1104
[Client 2, Round 41] Progress: 79% (243/305) - Loss: 0.0913
[Client 2, Round 41] Progress: 80% (246/305) - Loss: 0.2268
[Client 2, Round 41] Progress: 81% (249/305) - Loss: 0.1014
[Client 2, Round 41] Progress: 82% (252/305) - Loss: 0.1068
[Client 2, Round 41] Progress: 83% (255/305) - Loss: 0.0843
[Client 2, Round 41] Progress: 84% (258/305) - Loss: 0.0970
[Client 2, Round 41] Progress: 85% (261/305) - Loss: 0.0826
[Client 2, Round 41] Progress: 86% (264/305) - Loss: 0.0377
[Client 2, Round 41] Progress: 87% (267/305) - Loss: 0.1580
[Client 2, Round 41] Progress: 88% (270/305) - Loss: 0.0464
[Client 2, Round 41] Progress: 89% (273/305) - Loss: 0.0806
[Client 2, Round 41] Progress: 90% (276/305) - Loss: 0.0830
[Client 2, Round 41] Progress: 91% (279/305) - Loss: 0.1607
[Client 2, Round 41] Progress: 92% (282/305) - Loss: 0.1405
[Client 2, Round 41] Progress: 93% (285/305) - Loss: 0.0812
[Client 2, Round 41] Progress: 94% (288/305) - Loss: 0.0859
[Client 2, Round 41] Progress: 95% (291/305) - Loss: 0.1626
[Client 2, Round 41] Progress: 96% (294/305) - Loss: 0.1749
[Client 2, Round 41] Progress: 97% (297/305) - Loss: 0.1381
[Client 2, Round 41] Progress: 98% (300/305) - Loss: 0.2355
[Client 2, Round 41] Progress: 99% (303/305) - Loss: 0.1347
[Client 2, Round 41] Progress: 100% (305/305) - Loss: 0.1258
[Client 2, Round 41] Train Loss: 0.1380
[Client 2, Round 41] Val Loss: 0.1428 | Val Dice: 0.8565
[Client 2, Round 42] Progress: 0% (3/305) - Loss: 0.2677
[Client 2, Round 42] Progress: 1% (6/305) - Loss: 0.2044
[Client 2, Round 42] Progress: 2% (9/305) - Loss: 0.0915
[Client 2, Round 42] Progress: 3% (12/305) - Loss: 0.2559
[Client 2, Round 42] Progress: 4% (15/305) - Loss: 0.1688
[Client 2, Round 42] Progress: 5% (18/305) - Loss: 0.1224
[Client 2, Round 42] Progress: 6% (21/305) - Loss: 0.1349
[Client 2, Round 42] Progress: 7% (24/305) - Loss: 0.1970
[Client 2, Round 42] Progress: 8% (27/305) - Loss: 0.1517
[Client 2, Round 42] Progress: 9% (30/305) - Loss: 0.1345
[Client 2, Round 42] Progress: 10% (33/305) - Loss: 0.1545
[Client 2, Round 42] Progress: 11% (36/305) - Loss: 0.0987
[Client 2, Round 42] Progress: 12% (39/305) - Loss: 0.0861
[Client 2, Round 42] Progress: 13% (42/305) - Loss: 0.1197
[Client 2, Round 42] Progress: 14% (45/305) - Loss: 0.1324
[Client 2, Round 42] Progress: 15% (48/305) - Loss: 0.1031
[Client 2, Round 42] Progress: 16% (51/305) - Loss: 0.0947
[Client 2, Round 42] Progress: 17% (54/305) - Loss: 0.1430
[Client 2, Round 42] Progress: 18% (57/305) - Loss: 0.1310
[Client 2, Round 42] Progress: 19% (60/305) - Loss: 0.0922
[Client 2, Round 42] Progress: 20% (63/305) - Loss: 0.1193
[Client 2, Round 42] Progress: 21% (66/305) - Loss: 0.0800
[Client 2, Round 42] Progress: 22% (69/305) - Loss: 0.0724
[Client 2, Round 42] Progress: 23% (72/305) - Loss: 0.0624
[Client 2, Round 42] Progress: 24% (75/305) - Loss: 0.0706
[Client 2, Round 42] Progress: 25% (78/305) - Loss: 0.1130
[Client 2, Round 42] Progress: 26% (81/305) - Loss: 0.1193
[Client 2, Round 42] Progress: 27% (84/305) - Loss: 0.0938
[Client 2, Round 42] Progress: 28% (87/305) - Loss: 0.1505
[Client 2, Round 42] Progress: 29% (90/305) - Loss: 0.1358
[Client 2, Round 42] Progress: 30% (93/305) - Loss: 0.0851
[Client 2, Round 42] Progress: 31% (96/305) - Loss: 0.1047
[Client 2, Round 42] Progress: 32% (99/305) - Loss: 0.7328
[Client 2, Round 42] Progress: 33% (102/305) - Loss: 0.1810
[Client 2, Round 42] Progress: 34% (105/305) - Loss: 0.1152
[Client 2, Round 42] Progress: 35% (108/305) - Loss: 0.1375
[Client 2, Round 42] Progress: 36% (111/305) - Loss: 0.0595
[Client 2, Round 42] Progress: 37% (114/305) - Loss: 0.1406
[Client 2, Round 42] Progress: 38% (117/305) - Loss: 0.0846
[Client 2, Round 42] Progress: 39% (120/305) - Loss: 0.2119
[Client 2, Round 42] Progress: 40% (123/305) - Loss: 0.0955
[Client 2, Round 42] Progress: 41% (126/305) - Loss: 0.1233
[Client 2, Round 42] Progress: 42% (129/305) - Loss: 0.1548
[Client 2, Round 42] Progress: 43% (132/305) - Loss: 0.1169
[Client 2, Round 42] Progress: 44% (135/305) - Loss: 0.0803
[Client 2, Round 42] Progress: 45% (138/305) - Loss: 0.1604
[Client 2, Round 42] Progress: 46% (141/305) - Loss: 0.0688
[Client 2, Round 42] Progress: 47% (144/305) - Loss: 0.1148
[Client 2, Round 42] Progress: 48% (147/305) - Loss: 0.0922
[Client 2, Round 42] Progress: 49% (150/305) - Loss: 0.4546
[Client 2, Round 42] Progress: 50% (153/305) - Loss: 0.0578
[Client 2, Round 42] Progress: 51% (156/305) - Loss: 0.1241
[Client 2, Round 42] Progress: 52% (159/305) - Loss: 0.1019
[Client 2, Round 42] Progress: 53% (162/305) - Loss: 0.1776
[Client 2, Round 42] Progress: 54% (165/305) - Loss: 0.0649
[Client 2, Round 42] Progress: 55% (168/305) - Loss: 0.1167
[Client 2, Round 42] Progress: 56% (171/305) - Loss: 0.2186
[Client 2, Round 42] Progress: 57% (174/305) - Loss: 0.1638
[Client 2, Round 42] Progress: 58% (177/305) - Loss: 0.1394
[Client 2, Round 42] Progress: 59% (180/305) - Loss: 0.2307
[Client 2, Round 42] Progress: 60% (183/305) - Loss: 0.1306
[Client 2, Round 42] Progress: 60% (186/305) - Loss: 0.1073
[Client 2, Round 42] Progress: 61% (189/305) - Loss: 0.7116
[Client 2, Round 42] Progress: 62% (192/305) - Loss: 0.0747
[Client 2, Round 42] Progress: 63% (195/305) - Loss: 0.1518
[Client 2, Round 42] Progress: 64% (198/305) - Loss: 0.2035
[Client 2, Round 42] Progress: 65% (201/305) - Loss: 0.0945
[Client 2, Round 42] Progress: 66% (204/305) - Loss: 0.0776
[Client 2, Round 42] Progress: 67% (207/305) - Loss: 0.2334
[Client 2, Round 42] Progress: 68% (210/305) - Loss: 0.1514
[Client 2, Round 42] Progress: 69% (213/305) - Loss: 0.1145
[Client 2, Round 42] Progress: 70% (216/305) - Loss: 0.4605
[Client 2, Round 42] Progress: 71% (219/305) - Loss: 0.2105
[Client 2, Round 42] Progress: 72% (222/305) - Loss: 0.0531
[Client 2, Round 42] Progress: 73% (225/305) - Loss: 0.1231
[Client 2, Round 42] Progress: 74% (228/305) - Loss: 0.0906
[Client 2, Round 42] Progress: 75% (231/305) - Loss: 0.0647
[Client 2, Round 42] Progress: 76% (234/305) - Loss: 0.1392
[Client 2, Round 42] Progress: 77% (237/305) - Loss: 0.0804
[Client 2, Round 42] Progress: 78% (240/305) - Loss: 0.0987
[Client 2, Round 42] Progress: 79% (243/305) - Loss: 0.1188
[Client 2, Round 42] Progress: 80% (246/305) - Loss: 0.0486
[Client 2, Round 42] Progress: 81% (249/305) - Loss: 0.0554
[Client 2, Round 42] Progress: 82% (252/305) - Loss: 0.0673
[Client 2, Round 42] Progress: 83% (255/305) - Loss: 0.0572
[Client 2, Round 42] Progress: 84% (258/305) - Loss: 0.0605
[Client 2, Round 42] Progress: 85% (261/305) - Loss: 0.0578
[Client 2, Round 42] Progress: 86% (264/305) - Loss: 0.2091
[Client 2, Round 42] Progress: 87% (267/305) - Loss: 0.9816
[Client 2, Round 42] Progress: 88% (270/305) - Loss: 0.1425
[Client 2, Round 42] Progress: 89% (273/305) - Loss: 0.0511
[Client 2, Round 42] Progress: 90% (276/305) - Loss: 0.1651
[Client 2, Round 42] Progress: 91% (279/305) - Loss: 0.0790
[Client 2, Round 42] Progress: 92% (282/305) - Loss: 0.1082
[Client 2, Round 42] Progress: 93% (285/305) - Loss: 0.0773
[Client 2, Round 42] Progress: 94% (288/305) - Loss: 0.1410
[Client 2, Round 42] Progress: 95% (291/305) - Loss: 0.0460
[Client 2, Round 42] Progress: 96% (294/305) - Loss: 0.3222
[Client 2, Round 42] Progress: 97% (297/305) - Loss: 0.2119
[Client 2, Round 42] Progress: 98% (300/305) - Loss: 0.1991
[Client 2, Round 42] Progress: 99% (303/305) - Loss: 0.0837
[Client 2, Round 42] Progress: 100% (305/305) - Loss: 0.0752
[Client 2, Round 42] Train Loss: 0.1350
[Client 2, Round 42] Val Loss: 0.1384 | Val Dice: 0.8594
[Client 2, Round 43] Progress: 0% (3/305) - Loss: 0.1266
[Client 2, Round 43] Progress: 1% (6/305) - Loss: 0.1029
[Client 2, Round 43] Progress: 2% (9/305) - Loss: 0.1793
[Client 2, Round 43] Progress: 3% (12/305) - Loss: 0.0692
[Client 2, Round 43] Progress: 4% (15/305) - Loss: 0.0753
[Client 2, Round 43] Progress: 5% (18/305) - Loss: 0.0675
[Client 2, Round 43] Progress: 6% (21/305) - Loss: 0.0655
[Client 2, Round 43] Progress: 7% (24/305) - Loss: 0.3032
[Client 2, Round 43] Progress: 8% (27/305) - Loss: 0.1088
[Client 2, Round 43] Progress: 9% (30/305) - Loss: 0.1198
[Client 2, Round 43] Progress: 10% (33/305) - Loss: 0.1550
[Client 2, Round 43] Progress: 11% (36/305) - Loss: 0.1598
[Client 2, Round 43] Progress: 12% (39/305) - Loss: 0.0586
[Client 2, Round 43] Progress: 13% (42/305) - Loss: 0.1466
[Client 2, Round 43] Progress: 14% (45/305) - Loss: 0.1037
[Client 2, Round 43] Progress: 15% (48/305) - Loss: 0.0707
[Client 2, Round 43] Progress: 16% (51/305) - Loss: 0.1119
[Client 2, Round 43] Progress: 17% (54/305) - Loss: 0.0678
[Client 2, Round 43] Progress: 18% (57/305) - Loss: 0.1058
[Client 2, Round 43] Progress: 19% (60/305) - Loss: 0.1177
[Client 2, Round 43] Progress: 20% (63/305) - Loss: 0.0786
[Client 2, Round 43] Progress: 21% (66/305) - Loss: 0.1385
[Client 2, Round 43] Progress: 22% (69/305) - Loss: 0.2098
[Client 2, Round 43] Progress: 23% (72/305) - Loss: 0.0980
[Client 2, Round 43] Progress: 24% (75/305) - Loss: 0.1670
[Client 2, Round 43] Progress: 25% (78/305) - Loss: 0.2198
[Client 2, Round 43] Progress: 26% (81/305) - Loss: 0.0462
[Client 2, Round 43] Progress: 27% (84/305) - Loss: 0.1174
[Client 2, Round 43] Progress: 28% (87/305) - Loss: 0.0630
[Client 2, Round 43] Progress: 29% (90/305) - Loss: 0.1818
[Client 2, Round 43] Progress: 30% (93/305) - Loss: 0.0900
[Client 2, Round 43] Progress: 31% (96/305) - Loss: 0.0850
[Client 2, Round 43] Progress: 32% (99/305) - Loss: 0.1809
[Client 2, Round 43] Progress: 33% (102/305) - Loss: 0.0849
[Client 2, Round 43] Progress: 34% (105/305) - Loss: 0.0716
[Client 2, Round 43] Progress: 35% (108/305) - Loss: 0.1431
[Client 2, Round 43] Progress: 36% (111/305) - Loss: 0.0761
[Client 2, Round 43] Progress: 37% (114/305) - Loss: 0.0464
[Client 2, Round 43] Progress: 38% (117/305) - Loss: 0.1014
[Client 2, Round 43] Progress: 39% (120/305) - Loss: 0.1616
[Client 2, Round 43] Progress: 40% (123/305) - Loss: 0.1811
[Client 2, Round 43] Progress: 41% (126/305) - Loss: 0.1894
[Client 2, Round 43] Progress: 42% (129/305) - Loss: 0.0894
[Client 2, Round 43] Progress: 43% (132/305) - Loss: 0.1162
[Client 2, Round 43] Progress: 44% (135/305) - Loss: 0.0884
[Client 2, Round 43] Progress: 45% (138/305) - Loss: 0.1142
[Client 2, Round 43] Progress: 46% (141/305) - Loss: 0.0578
[Client 2, Round 43] Progress: 47% (144/305) - Loss: 0.0512
[Client 2, Round 43] Progress: 48% (147/305) - Loss: 0.2020
[Client 2, Round 43] Progress: 49% (150/305) - Loss: 0.1475
[Client 2, Round 43] Progress: 50% (153/305) - Loss: 0.0999
[Client 2, Round 43] Progress: 51% (156/305) - Loss: 0.0875
[Client 2, Round 43] Progress: 52% (159/305) - Loss: 0.0978
[Client 2, Round 43] Progress: 53% (162/305) - Loss: 0.0609
[Client 2, Round 43] Progress: 54% (165/305) - Loss: 0.1351
[Client 2, Round 43] Progress: 55% (168/305) - Loss: 0.1173
[Client 2, Round 43] Progress: 56% (171/305) - Loss: 0.0577
[Client 2, Round 43] Progress: 57% (174/305) - Loss: 0.1090
[Client 2, Round 43] Progress: 58% (177/305) - Loss: 0.0866
[Client 2, Round 43] Progress: 59% (180/305) - Loss: 0.0585
[Client 2, Round 43] Progress: 60% (183/305) - Loss: 0.1325
[Client 2, Round 43] Progress: 60% (186/305) - Loss: 0.1115
[Client 2, Round 43] Progress: 61% (189/305) - Loss: 0.1549
[Client 2, Round 43] Progress: 62% (192/305) - Loss: 0.0755
[Client 2, Round 43] Progress: 63% (195/305) - Loss: 0.0715
[Client 2, Round 43] Progress: 64% (198/305) - Loss: 0.1587
[Client 2, Round 43] Progress: 65% (201/305) - Loss: 0.1399
[Client 2, Round 43] Progress: 66% (204/305) - Loss: 0.1399
[Client 2, Round 43] Progress: 67% (207/305) - Loss: 0.0594
[Client 2, Round 43] Progress: 68% (210/305) - Loss: 0.1109
[Client 2, Round 43] Progress: 69% (213/305) - Loss: 0.0507
[Client 2, Round 43] Progress: 70% (216/305) - Loss: 0.1507
[Client 2, Round 43] Progress: 71% (219/305) - Loss: 0.2110
[Client 2, Round 43] Progress: 72% (222/305) - Loss: 0.0529
[Client 2, Round 43] Progress: 73% (225/305) - Loss: 0.0803
[Client 2, Round 43] Progress: 74% (228/305) - Loss: 0.0587
[Client 2, Round 43] Progress: 75% (231/305) - Loss: 0.1326
[Client 2, Round 43] Progress: 76% (234/305) - Loss: 0.0979
[Client 2, Round 43] Progress: 77% (237/305) - Loss: 0.2534
[Client 2, Round 43] Progress: 78% (240/305) - Loss: 0.1387
[Client 2, Round 43] Progress: 79% (243/305) - Loss: 0.1434
[Client 2, Round 43] Progress: 80% (246/305) - Loss: 0.1150
[Client 2, Round 43] Progress: 81% (249/305) - Loss: 0.1882
[Client 2, Round 43] Progress: 82% (252/305) - Loss: 0.1120
[Client 2, Round 43] Progress: 83% (255/305) - Loss: 0.1914
[Client 2, Round 43] Progress: 84% (258/305) - Loss: 0.1435
[Client 2, Round 43] Progress: 85% (261/305) - Loss: 0.1359
[Client 2, Round 43] Progress: 86% (264/305) - Loss: 0.3819
[Client 2, Round 43] Progress: 87% (267/305) - Loss: 0.0552
[Client 2, Round 43] Progress: 88% (270/305) - Loss: 0.1103
[Client 2, Round 43] Progress: 89% (273/305) - Loss: 0.6115
[Client 2, Round 43] Progress: 90% (276/305) - Loss: 0.7909
[Client 2, Round 43] Progress: 91% (279/305) - Loss: 0.1268
[Client 2, Round 43] Progress: 92% (282/305) - Loss: 0.1038
[Client 2, Round 43] Progress: 93% (285/305) - Loss: 0.1079
[Client 2, Round 43] Progress: 94% (288/305) - Loss: 0.0855
[Client 2, Round 43] Progress: 95% (291/305) - Loss: 0.1037
[Client 2, Round 43] Progress: 96% (294/305) - Loss: 0.1886
[Client 2, Round 43] Progress: 97% (297/305) - Loss: 0.6798
[Client 2, Round 43] Progress: 98% (300/305) - Loss: 0.0662
[Client 2, Round 43] Progress: 99% (303/305) - Loss: 0.5175
[Client 2, Round 43] Progress: 100% (305/305) - Loss: 0.0729
[Client 2, Round 43] Train Loss: 0.1403
[Client 2, Round 43] Val Loss: 0.1332 | Val Dice: 0.8688
[Client 2, Round 44] Progress: 0% (3/305) - Loss: 0.0855
[Client 2, Round 44] Progress: 1% (6/305) - Loss: 0.0871
[Client 2, Round 44] Progress: 2% (9/305) - Loss: 0.0832
[Client 2, Round 44] Progress: 3% (12/305) - Loss: 0.1227
[Client 2, Round 44] Progress: 4% (15/305) - Loss: 0.0932
[Client 2, Round 44] Progress: 5% (18/305) - Loss: 0.1385
[Client 2, Round 44] Progress: 6% (21/305) - Loss: 0.1536
[Client 2, Round 44] Progress: 7% (24/305) - Loss: 0.1502
[Client 2, Round 44] Progress: 8% (27/305) - Loss: 0.0938
[Client 2, Round 44] Progress: 9% (30/305) - Loss: 0.1158
[Client 2, Round 44] Progress: 10% (33/305) - Loss: 0.1043
[Client 2, Round 44] Progress: 11% (36/305) - Loss: 0.1608
[Client 2, Round 44] Progress: 12% (39/305) - Loss: 0.0888
[Client 2, Round 44] Progress: 13% (42/305) - Loss: 0.0372
[Client 2, Round 44] Progress: 14% (45/305) - Loss: 0.1691
[Client 2, Round 44] Progress: 15% (48/305) - Loss: 0.1012
[Client 2, Round 44] Progress: 16% (51/305) - Loss: 0.2192
[Client 2, Round 44] Progress: 17% (54/305) - Loss: 0.1037
[Client 2, Round 44] Progress: 18% (57/305) - Loss: 0.1281
[Client 2, Round 44] Progress: 19% (60/305) - Loss: 0.0445
[Client 2, Round 44] Progress: 20% (63/305) - Loss: 0.2824
[Client 2, Round 44] Progress: 21% (66/305) - Loss: 0.0914
[Client 2, Round 44] Progress: 22% (69/305) - Loss: 0.3570
[Client 2, Round 44] Progress: 23% (72/305) - Loss: 0.0615
[Client 2, Round 44] Progress: 24% (75/305) - Loss: 0.6220
[Client 2, Round 44] Progress: 25% (78/305) - Loss: 0.1970
[Client 2, Round 44] Progress: 26% (81/305) - Loss: 0.1305
[Client 2, Round 44] Progress: 27% (84/305) - Loss: 0.3388
[Client 2, Round 44] Progress: 28% (87/305) - Loss: 0.0504
[Client 2, Round 44] Progress: 29% (90/305) - Loss: 0.0772
[Client 2, Round 44] Progress: 30% (93/305) - Loss: 0.1891
[Client 2, Round 44] Progress: 31% (96/305) - Loss: 0.0858
[Client 2, Round 44] Progress: 32% (99/305) - Loss: 0.1340
[Client 2, Round 44] Progress: 33% (102/305) - Loss: 0.1020
[Client 2, Round 44] Progress: 34% (105/305) - Loss: 0.3279
[Client 2, Round 44] Progress: 35% (108/305) - Loss: 0.0888
[Client 2, Round 44] Progress: 36% (111/305) - Loss: 0.1445
[Client 2, Round 44] Progress: 37% (114/305) - Loss: 0.1239
[Client 2, Round 44] Progress: 38% (117/305) - Loss: 0.0619
[Client 2, Round 44] Progress: 39% (120/305) - Loss: 0.0992
[Client 2, Round 44] Progress: 40% (123/305) - Loss: 0.0455
[Client 2, Round 44] Progress: 41% (126/305) - Loss: 0.0430
[Client 2, Round 44] Progress: 42% (129/305) - Loss: 0.0794
[Client 2, Round 44] Progress: 43% (132/305) - Loss: 0.1881
[Client 2, Round 44] Progress: 44% (135/305) - Loss: 0.0734
[Client 2, Round 44] Progress: 45% (138/305) - Loss: 0.1317
[Client 2, Round 44] Progress: 46% (141/305) - Loss: 0.0813
[Client 2, Round 44] Progress: 47% (144/305) - Loss: 0.0665
[Client 2, Round 44] Progress: 48% (147/305) - Loss: 0.0890
[Client 2, Round 44] Progress: 49% (150/305) - Loss: 0.1538
[Client 2, Round 44] Progress: 50% (153/305) - Loss: 0.1382
[Client 2, Round 44] Progress: 51% (156/305) - Loss: 0.1150
[Client 2, Round 44] Progress: 52% (159/305) - Loss: 0.1184
[Client 2, Round 44] Progress: 53% (162/305) - Loss: 0.1589
[Client 2, Round 44] Progress: 54% (165/305) - Loss: 0.1462
[Client 2, Round 44] Progress: 55% (168/305) - Loss: 0.1089
[Client 2, Round 44] Progress: 56% (171/305) - Loss: 0.0909
[Client 2, Round 44] Progress: 57% (174/305) - Loss: 0.1348
[Client 2, Round 44] Progress: 58% (177/305) - Loss: 0.0806
[Client 2, Round 44] Progress: 59% (180/305) - Loss: 0.1401
[Client 2, Round 44] Progress: 60% (183/305) - Loss: 0.1331
[Client 2, Round 44] Progress: 60% (186/305) - Loss: 0.0615
[Client 2, Round 44] Progress: 61% (189/305) - Loss: 0.0861
[Client 2, Round 44] Progress: 62% (192/305) - Loss: 0.2126
[Client 2, Round 44] Progress: 63% (195/305) - Loss: 0.0690
[Client 2, Round 44] Progress: 64% (198/305) - Loss: 0.0672
[Client 2, Round 44] Progress: 65% (201/305) - Loss: 0.0836
[Client 2, Round 44] Progress: 66% (204/305) - Loss: 0.0957
[Client 2, Round 44] Progress: 67% (207/305) - Loss: 0.0769
[Client 2, Round 44] Progress: 68% (210/305) - Loss: 0.0803
[Client 2, Round 44] Progress: 69% (213/305) - Loss: 0.1805
[Client 2, Round 44] Progress: 70% (216/305) - Loss: 0.1791
[Client 2, Round 44] Progress: 71% (219/305) - Loss: 0.1953
[Client 2, Round 44] Progress: 72% (222/305) - Loss: 0.0956
[Client 2, Round 44] Progress: 73% (225/305) - Loss: 0.1103
[Client 2, Round 44] Progress: 74% (228/305) - Loss: 0.1533
[Client 2, Round 44] Progress: 75% (231/305) - Loss: 0.3396
[Client 2, Round 44] Progress: 76% (234/305) - Loss: 0.0796
[Client 2, Round 44] Progress: 77% (237/305) - Loss: 0.1206
[Client 2, Round 44] Progress: 78% (240/305) - Loss: 0.0749
[Client 2, Round 44] Progress: 79% (243/305) - Loss: 0.1801
[Client 2, Round 44] Progress: 80% (246/305) - Loss: 0.1585
[Client 2, Round 44] Progress: 81% (249/305) - Loss: 0.1028
[Client 2, Round 44] Progress: 82% (252/305) - Loss: 0.0905
[Client 2, Round 44] Progress: 83% (255/305) - Loss: 0.1865
[Client 2, Round 44] Progress: 84% (258/305) - Loss: 0.4603
[Client 2, Round 44] Progress: 85% (261/305) - Loss: 0.4710
[Client 2, Round 44] Progress: 86% (264/305) - Loss: 0.0417
[Client 2, Round 44] Progress: 87% (267/305) - Loss: 0.0531
[Client 2, Round 44] Progress: 88% (270/305) - Loss: 0.0975
[Client 2, Round 44] Progress: 89% (273/305) - Loss: 0.0638
[Client 2, Round 44] Progress: 90% (276/305) - Loss: 0.1012
[Client 2, Round 44] Progress: 91% (279/305) - Loss: 0.1696
[Client 2, Round 44] Progress: 92% (282/305) - Loss: 0.1420
[Client 2, Round 44] Progress: 93% (285/305) - Loss: 0.1001
[Client 2, Round 44] Progress: 94% (288/305) - Loss: 0.3644
[Client 2, Round 44] Progress: 95% (291/305) - Loss: 0.1084
[Client 2, Round 44] Progress: 96% (294/305) - Loss: 0.0322
[Client 2, Round 44] Progress: 97% (297/305) - Loss: 0.0619
[Client 2, Round 44] Progress: 98% (300/305) - Loss: 0.0994
[Client 2, Round 44] Progress: 99% (303/305) - Loss: 0.1256
[Client 2, Round 44] Progress: 100% (305/305) - Loss: 0.0693
[Client 2, Round 44] Train Loss: 0.1387
[Client 2, Round 44] Val Loss: 0.1457 | Val Dice: 0.8525
[Client 2, Round 45] Progress: 0% (3/305) - Loss: 0.1385
[Client 2, Round 45] Progress: 1% (6/305) - Loss: 0.1628
[Client 2, Round 45] Progress: 2% (9/305) - Loss: 0.0537
[Client 2, Round 45] Progress: 3% (12/305) - Loss: 0.1126
[Client 2, Round 45] Progress: 4% (15/305) - Loss: 0.8140
[Client 2, Round 45] Progress: 5% (18/305) - Loss: 0.1828
[Client 2, Round 45] Progress: 6% (21/305) - Loss: 0.6983
[Client 2, Round 45] Progress: 7% (24/305) - Loss: 0.1137
[Client 2, Round 45] Progress: 8% (27/305) - Loss: 0.1415
[Client 2, Round 45] Progress: 9% (30/305) - Loss: 0.1794
[Client 2, Round 45] Progress: 10% (33/305) - Loss: 0.1772
[Client 2, Round 45] Progress: 11% (36/305) - Loss: 0.1205
[Client 2, Round 45] Progress: 12% (39/305) - Loss: 0.1810
[Client 2, Round 45] Progress: 13% (42/305) - Loss: 0.0598
[Client 2, Round 45] Progress: 14% (45/305) - Loss: 0.2646
[Client 2, Round 45] Progress: 15% (48/305) - Loss: 0.0549
[Client 2, Round 45] Progress: 16% (51/305) - Loss: 0.0349
[Client 2, Round 45] Progress: 17% (54/305) - Loss: 0.1102
[Client 2, Round 45] Progress: 18% (57/305) - Loss: 0.0823
[Client 2, Round 45] Progress: 19% (60/305) - Loss: 0.0944
[Client 2, Round 45] Progress: 20% (63/305) - Loss: 0.0814
[Client 2, Round 45] Progress: 21% (66/305) - Loss: 0.3027
[Client 2, Round 45] Progress: 22% (69/305) - Loss: 0.1222
[Client 2, Round 45] Progress: 23% (72/305) - Loss: 0.0844
[Client 2, Round 45] Progress: 24% (75/305) - Loss: 0.3433
[Client 2, Round 45] Progress: 25% (78/305) - Loss: 0.2358
[Client 2, Round 45] Progress: 26% (81/305) - Loss: 0.0731
[Client 2, Round 45] Progress: 27% (84/305) - Loss: 0.0796
[Client 2, Round 45] Progress: 28% (87/305) - Loss: 0.0588
[Client 2, Round 45] Progress: 29% (90/305) - Loss: 0.0985
[Client 2, Round 45] Progress: 30% (93/305) - Loss: 0.0448
[Client 2, Round 45] Progress: 31% (96/305) - Loss: 0.0786
[Client 2, Round 45] Progress: 32% (99/305) - Loss: 0.1262
[Client 2, Round 45] Progress: 33% (102/305) - Loss: 0.1513
[Client 2, Round 45] Progress: 34% (105/305) - Loss: 0.0701
[Client 2, Round 45] Progress: 35% (108/305) - Loss: 0.0934
[Client 2, Round 45] Progress: 36% (111/305) - Loss: 0.1618
[Client 2, Round 45] Progress: 37% (114/305) - Loss: 0.1715
[Client 2, Round 45] Progress: 38% (117/305) - Loss: 0.0681
[Client 2, Round 45] Progress: 39% (120/305) - Loss: 0.0917
[Client 2, Round 45] Progress: 40% (123/305) - Loss: 0.1438
[Client 2, Round 45] Progress: 41% (126/305) - Loss: 0.0495
[Client 2, Round 45] Progress: 42% (129/305) - Loss: 0.0617
[Client 2, Round 45] Progress: 43% (132/305) - Loss: 0.1145
[Client 2, Round 45] Progress: 44% (135/305) - Loss: 0.0581
[Client 2, Round 45] Progress: 45% (138/305) - Loss: 0.0626
[Client 2, Round 45] Progress: 46% (141/305) - Loss: 0.1147
[Client 2, Round 45] Progress: 47% (144/305) - Loss: 0.1744
[Client 2, Round 45] Progress: 48% (147/305) - Loss: 0.1799
[Client 2, Round 45] Progress: 49% (150/305) - Loss: 0.1176
[Client 2, Round 45] Progress: 50% (153/305) - Loss: 0.0375
[Client 2, Round 45] Progress: 51% (156/305) - Loss: 0.9485
[Client 2, Round 45] Progress: 52% (159/305) - Loss: 0.1441
[Client 2, Round 45] Progress: 53% (162/305) - Loss: 0.0678
[Client 2, Round 45] Progress: 54% (165/305) - Loss: 0.0653
[Client 2, Round 45] Progress: 55% (168/305) - Loss: 0.1840
[Client 2, Round 45] Progress: 56% (171/305) - Loss: 0.1501
[Client 2, Round 45] Progress: 57% (174/305) - Loss: 0.1844
[Client 2, Round 45] Progress: 58% (177/305) - Loss: 0.0974
[Client 2, Round 45] Progress: 59% (180/305) - Loss: 0.1058
[Client 2, Round 45] Progress: 60% (183/305) - Loss: 0.1962
[Client 2, Round 45] Progress: 60% (186/305) - Loss: 0.0838
[Client 2, Round 45] Progress: 61% (189/305) - Loss: 0.1773
[Client 2, Round 45] Progress: 62% (192/305) - Loss: 0.0978
[Client 2, Round 45] Progress: 63% (195/305) - Loss: 0.0687
[Client 2, Round 45] Progress: 64% (198/305) - Loss: 0.0638
[Client 2, Round 45] Progress: 65% (201/305) - Loss: 0.0761
[Client 2, Round 45] Progress: 66% (204/305) - Loss: 0.1907
[Client 2, Round 45] Progress: 67% (207/305) - Loss: 0.1427
[Client 2, Round 45] Progress: 68% (210/305) - Loss: 0.1502
[Client 2, Round 45] Progress: 69% (213/305) - Loss: 0.0964
[Client 2, Round 45] Progress: 70% (216/305) - Loss: 0.0678
[Client 2, Round 45] Progress: 71% (219/305) - Loss: 0.1062
[Client 2, Round 45] Progress: 72% (222/305) - Loss: 0.1071
[Client 2, Round 45] Progress: 73% (225/305) - Loss: 0.1325
[Client 2, Round 45] Progress: 74% (228/305) - Loss: 0.1776
[Client 2, Round 45] Progress: 75% (231/305) - Loss: 0.0820
[Client 2, Round 45] Progress: 76% (234/305) - Loss: 0.1231
[Client 2, Round 45] Progress: 77% (237/305) - Loss: 0.0462
[Client 2, Round 45] Progress: 78% (240/305) - Loss: 0.0850
[Client 2, Round 45] Progress: 79% (243/305) - Loss: 0.0626
[Client 2, Round 45] Progress: 80% (246/305) - Loss: 0.0576
[Client 2, Round 45] Progress: 81% (249/305) - Loss: 0.1659
[Client 2, Round 45] Progress: 82% (252/305) - Loss: 0.1391
[Client 2, Round 45] Progress: 83% (255/305) - Loss: 0.1930
[Client 2, Round 45] Progress: 84% (258/305) - Loss: 0.0850
[Client 2, Round 45] Progress: 85% (261/305) - Loss: 0.1870
[Client 2, Round 45] Progress: 86% (264/305) - Loss: 0.0898
[Client 2, Round 45] Progress: 87% (267/305) - Loss: 0.0756
[Client 2, Round 45] Progress: 88% (270/305) - Loss: 0.0704
[Client 2, Round 45] Progress: 89% (273/305) - Loss: 0.0367
[Client 2, Round 45] Progress: 90% (276/305) - Loss: 0.0820
[Client 2, Round 45] Progress: 91% (279/305) - Loss: 0.1787
[Client 2, Round 45] Progress: 92% (282/305) - Loss: 0.0843
[Client 2, Round 45] Progress: 93% (285/305) - Loss: 0.1742
[Client 2, Round 45] Progress: 94% (288/305) - Loss: 0.0612
[Client 2, Round 45] Progress: 95% (291/305) - Loss: 0.0818
[Client 2, Round 45] Progress: 96% (294/305) - Loss: 0.1860
[Client 2, Round 45] Progress: 97% (297/305) - Loss: 0.1106
[Client 2, Round 45] Progress: 98% (300/305) - Loss: 0.1278
[Client 2, Round 45] Progress: 99% (303/305) - Loss: 0.2047
[Client 2, Round 45] Progress: 100% (305/305) - Loss: 0.0975
[Client 2, Round 45] Train Loss: 0.1357
[Client 2, Round 45] Val Loss: 0.1507 | Val Dice: 0.8482
[Client 2, Round 46] Progress: 0% (3/305) - Loss: 0.1146
[Client 2, Round 46] Progress: 1% (6/305) - Loss: 0.6317
[Client 2, Round 46] Progress: 2% (9/305) - Loss: 0.1158
[Client 2, Round 46] Progress: 3% (12/305) - Loss: 0.0652
[Client 2, Round 46] Progress: 4% (15/305) - Loss: 0.0623
[Client 2, Round 46] Progress: 5% (18/305) - Loss: 0.3988
[Client 2, Round 46] Progress: 6% (21/305) - Loss: 0.1199
[Client 2, Round 46] Progress: 7% (24/305) - Loss: 0.1462
[Client 2, Round 46] Progress: 8% (27/305) - Loss: 0.1149
[Client 2, Round 46] Progress: 9% (30/305) - Loss: 0.0955
[Client 2, Round 46] Progress: 10% (33/305) - Loss: 0.3109
[Client 2, Round 46] Progress: 11% (36/305) - Loss: 0.0784
[Client 2, Round 46] Progress: 12% (39/305) - Loss: 0.1714
[Client 2, Round 46] Progress: 13% (42/305) - Loss: 0.2598
[Client 2, Round 46] Progress: 14% (45/305) - Loss: 0.0566
[Client 2, Round 46] Progress: 15% (48/305) - Loss: 0.1649
[Client 2, Round 46] Progress: 16% (51/305) - Loss: 0.2415
[Client 2, Round 46] Progress: 17% (54/305) - Loss: 0.1734
[Client 2, Round 46] Progress: 18% (57/305) - Loss: 0.7492
[Client 2, Round 46] Progress: 19% (60/305) - Loss: 0.1591
[Client 2, Round 46] Progress: 20% (63/305) - Loss: 0.1537
[Client 2, Round 46] Progress: 21% (66/305) - Loss: 0.2507
[Client 2, Round 46] Progress: 22% (69/305) - Loss: 0.2360
[Client 2, Round 46] Progress: 23% (72/305) - Loss: 0.7526
[Client 2, Round 46] Progress: 24% (75/305) - Loss: 0.2716
[Client 2, Round 46] Progress: 25% (78/305) - Loss: 0.1439
[Client 2, Round 46] Progress: 26% (81/305) - Loss: 0.1520
[Client 2, Round 46] Progress: 27% (84/305) - Loss: 0.0876
[Client 2, Round 46] Progress: 28% (87/305) - Loss: 0.0718
[Client 2, Round 46] Progress: 29% (90/305) - Loss: 0.4712
[Client 2, Round 46] Progress: 30% (93/305) - Loss: 0.2720
[Client 2, Round 46] Progress: 31% (96/305) - Loss: 0.1032
[Client 2, Round 46] Progress: 32% (99/305) - Loss: 0.1864
[Client 2, Round 46] Progress: 33% (102/305) - Loss: 0.0945
[Client 2, Round 46] Progress: 34% (105/305) - Loss: 0.2843
[Client 2, Round 46] Progress: 35% (108/305) - Loss: 0.1225
[Client 2, Round 46] Progress: 36% (111/305) - Loss: 0.1003
[Client 2, Round 46] Progress: 37% (114/305) - Loss: 0.0991
[Client 2, Round 46] Progress: 38% (117/305) - Loss: 0.1055
[Client 2, Round 46] Progress: 39% (120/305) - Loss: 0.1501
[Client 2, Round 46] Progress: 40% (123/305) - Loss: 0.0760
[Client 2, Round 46] Progress: 41% (126/305) - Loss: 0.1093
[Client 2, Round 46] Progress: 42% (129/305) - Loss: 0.0950
[Client 2, Round 46] Progress: 43% (132/305) - Loss: 0.0867
[Client 2, Round 46] Progress: 44% (135/305) - Loss: 0.1486
[Client 2, Round 46] Progress: 45% (138/305) - Loss: 0.0955
[Client 2, Round 46] Progress: 46% (141/305) - Loss: 0.1241
[Client 2, Round 46] Progress: 47% (144/305) - Loss: 0.1581
[Client 2, Round 46] Progress: 48% (147/305) - Loss: 0.1100
[Client 2, Round 46] Progress: 49% (150/305) - Loss: 0.0831
[Client 2, Round 46] Progress: 50% (153/305) - Loss: 0.1295
[Client 2, Round 46] Progress: 51% (156/305) - Loss: 0.0862
[Client 2, Round 46] Progress: 52% (159/305) - Loss: 0.1975
[Client 2, Round 46] Progress: 53% (162/305) - Loss: 0.1736
[Client 2, Round 46] Progress: 54% (165/305) - Loss: 0.3322
[Client 2, Round 46] Progress: 55% (168/305) - Loss: 0.2015
[Client 2, Round 46] Progress: 56% (171/305) - Loss: 0.0607
[Client 2, Round 46] Progress: 57% (174/305) - Loss: 0.1144
[Client 2, Round 46] Progress: 58% (177/305) - Loss: 0.1873
[Client 2, Round 46] Progress: 59% (180/305) - Loss: 0.0879
[Client 2, Round 46] Progress: 60% (183/305) - Loss: 0.1163
[Client 2, Round 46] Progress: 60% (186/305) - Loss: 0.0503
[Client 2, Round 46] Progress: 61% (189/305) - Loss: 0.1535
[Client 2, Round 46] Progress: 62% (192/305) - Loss: 0.1021
[Client 2, Round 46] Progress: 63% (195/305) - Loss: 0.7513
[Client 2, Round 46] Progress: 64% (198/305) - Loss: 0.2115
[Client 2, Round 46] Progress: 65% (201/305) - Loss: 0.1457
[Client 2, Round 46] Progress: 66% (204/305) - Loss: 0.0772
[Client 2, Round 46] Progress: 67% (207/305) - Loss: 0.0562
[Client 2, Round 46] Progress: 68% (210/305) - Loss: 0.0732
[Client 2, Round 46] Progress: 69% (213/305) - Loss: 0.1209
[Client 2, Round 46] Progress: 70% (216/305) - Loss: 0.3233
[Client 2, Round 46] Progress: 71% (219/305) - Loss: 0.1485
[Client 2, Round 46] Progress: 72% (222/305) - Loss: 0.1255
[Client 2, Round 46] Progress: 73% (225/305) - Loss: 0.1357
[Client 2, Round 46] Progress: 74% (228/305) - Loss: 0.1456
[Client 2, Round 46] Progress: 75% (231/305) - Loss: 0.1022
[Client 2, Round 46] Progress: 76% (234/305) - Loss: 0.0442
[Client 2, Round 46] Progress: 77% (237/305) - Loss: 0.1200
[Client 2, Round 46] Progress: 78% (240/305) - Loss: 0.0807
[Client 2, Round 46] Progress: 79% (243/305) - Loss: 0.2283
[Client 2, Round 46] Progress: 80% (246/305) - Loss: 0.1243
[Client 2, Round 46] Progress: 81% (249/305) - Loss: 0.0897
[Client 2, Round 46] Progress: 82% (252/305) - Loss: 0.1762
[Client 2, Round 46] Progress: 83% (255/305) - Loss: 0.0764
[Client 2, Round 46] Progress: 84% (258/305) - Loss: 0.6126
[Client 2, Round 46] Progress: 85% (261/305) - Loss: 0.0792
[Client 2, Round 46] Progress: 86% (264/305) - Loss: 0.1707
[Client 2, Round 46] Progress: 87% (267/305) - Loss: 0.0650
[Client 2, Round 46] Progress: 88% (270/305) - Loss: 0.1815
[Client 2, Round 46] Progress: 89% (273/305) - Loss: 0.0560
[Client 2, Round 46] Progress: 90% (276/305) - Loss: 0.1208
[Client 2, Round 46] Progress: 91% (279/305) - Loss: 0.2431
[Client 2, Round 46] Progress: 92% (282/305) - Loss: 0.0774
[Client 2, Round 46] Progress: 93% (285/305) - Loss: 0.1099
[Client 2, Round 46] Progress: 94% (288/305) - Loss: 0.1451
[Client 2, Round 46] Progress: 95% (291/305) - Loss: 0.2701
[Client 2, Round 46] Progress: 96% (294/305) - Loss: 0.0964
[Client 2, Round 46] Progress: 97% (297/305) - Loss: 0.2568
[Client 2, Round 46] Progress: 98% (300/305) - Loss: 0.0898
[Client 2, Round 46] Progress: 99% (303/305) - Loss: 0.2267
[Client 2, Round 46] Progress: 100% (305/305) - Loss: 0.3914
[Client 2, Round 46] Train Loss: 0.1593
[Client 2, Round 46] Val Loss: 0.1322 | Val Dice: 0.8668
[Client 2, Round 47] Progress: 0% (3/305) - Loss: 0.0443
[Client 2, Round 47] Progress: 1% (6/305) - Loss: 0.1449
[Client 2, Round 47] Progress: 2% (9/305) - Loss: 0.1120
[Client 2, Round 47] Progress: 3% (12/305) - Loss: 0.0581
[Client 2, Round 47] Progress: 4% (15/305) - Loss: 0.1136
[Client 2, Round 47] Progress: 5% (18/305) - Loss: 0.0529
[Client 2, Round 47] Progress: 6% (21/305) - Loss: 0.0853
[Client 2, Round 47] Progress: 7% (24/305) - Loss: 0.4672
[Client 2, Round 47] Progress: 8% (27/305) - Loss: 0.1245
[Client 2, Round 47] Progress: 9% (30/305) - Loss: 0.1446
[Client 2, Round 47] Progress: 10% (33/305) - Loss: 0.0525
[Client 2, Round 47] Progress: 11% (36/305) - Loss: 0.2975
[Client 2, Round 47] Progress: 12% (39/305) - Loss: 0.1312
[Client 2, Round 47] Progress: 13% (42/305) - Loss: 0.0945
[Client 2, Round 47] Progress: 14% (45/305) - Loss: 0.0593
[Client 2, Round 47] Progress: 15% (48/305) - Loss: 0.0698
[Client 2, Round 47] Progress: 16% (51/305) - Loss: 0.1355
[Client 2, Round 47] Progress: 17% (54/305) - Loss: 0.4942
[Client 2, Round 47] Progress: 18% (57/305) - Loss: 0.1327
[Client 2, Round 47] Progress: 19% (60/305) - Loss: 0.1270
[Client 2, Round 47] Progress: 20% (63/305) - Loss: 0.0618
[Client 2, Round 47] Progress: 21% (66/305) - Loss: 0.1021
[Client 2, Round 47] Progress: 22% (69/305) - Loss: 0.0885
[Client 2, Round 47] Progress: 23% (72/305) - Loss: 0.1030
[Client 2, Round 47] Progress: 24% (75/305) - Loss: 0.1693
[Client 2, Round 47] Progress: 25% (78/305) - Loss: 0.0912
[Client 2, Round 47] Progress: 26% (81/305) - Loss: 0.0623
[Client 2, Round 47] Progress: 27% (84/305) - Loss: 0.0738
[Client 2, Round 47] Progress: 28% (87/305) - Loss: 0.0896
[Client 2, Round 47] Progress: 29% (90/305) - Loss: 0.0732
[Client 2, Round 47] Progress: 30% (93/305) - Loss: 0.7532
[Client 2, Round 47] Progress: 31% (96/305) - Loss: 0.1390
[Client 2, Round 47] Progress: 32% (99/305) - Loss: 0.1645
[Client 2, Round 47] Progress: 33% (102/305) - Loss: 0.1283
[Client 2, Round 47] Progress: 34% (105/305) - Loss: 0.2468
[Client 2, Round 47] Progress: 35% (108/305) - Loss: 0.1647
[Client 2, Round 47] Progress: 36% (111/305) - Loss: 0.0514
[Client 2, Round 47] Progress: 37% (114/305) - Loss: 0.1073
[Client 2, Round 47] Progress: 38% (117/305) - Loss: 0.0896
[Client 2, Round 47] Progress: 39% (120/305) - Loss: 0.2728
[Client 2, Round 47] Progress: 40% (123/305) - Loss: 0.0847
[Client 2, Round 47] Progress: 41% (126/305) - Loss: 0.1069
[Client 2, Round 47] Progress: 42% (129/305) - Loss: 0.0455
[Client 2, Round 47] Progress: 43% (132/305) - Loss: 0.1159
[Client 2, Round 47] Progress: 44% (135/305) - Loss: 0.1774
[Client 2, Round 47] Progress: 45% (138/305) - Loss: 0.1665
[Client 2, Round 47] Progress: 46% (141/305) - Loss: 0.1955
[Client 2, Round 47] Progress: 47% (144/305) - Loss: 0.1467
[Client 2, Round 47] Progress: 48% (147/305) - Loss: 0.1686
[Client 2, Round 47] Progress: 49% (150/305) - Loss: 0.1808
[Client 2, Round 47] Progress: 50% (153/305) - Loss: 0.0669
[Client 2, Round 47] Progress: 51% (156/305) - Loss: 0.0844
[Client 2, Round 47] Progress: 52% (159/305) - Loss: 0.1794
[Client 2, Round 47] Progress: 53% (162/305) - Loss: 0.9263
[Client 2, Round 47] Progress: 54% (165/305) - Loss: 0.1300
[Client 2, Round 47] Progress: 55% (168/305) - Loss: 0.1649
[Client 2, Round 47] Progress: 56% (171/305) - Loss: 0.1075
[Client 2, Round 47] Progress: 57% (174/305) - Loss: 0.0797
[Client 2, Round 47] Progress: 58% (177/305) - Loss: 0.1810
[Client 2, Round 47] Progress: 59% (180/305) - Loss: 0.0904
[Client 2, Round 47] Progress: 60% (183/305) - Loss: 0.1145
[Client 2, Round 47] Progress: 60% (186/305) - Loss: 0.0896
[Client 2, Round 47] Progress: 61% (189/305) - Loss: 0.0939
[Client 2, Round 47] Progress: 62% (192/305) - Loss: 0.4891
[Client 2, Round 47] Progress: 63% (195/305) - Loss: 0.0959
[Client 2, Round 47] Progress: 64% (198/305) - Loss: 0.1675
[Client 2, Round 47] Progress: 65% (201/305) - Loss: 0.1753
[Client 2, Round 47] Progress: 66% (204/305) - Loss: 0.1350
[Client 2, Round 47] Progress: 67% (207/305) - Loss: 0.0852
[Client 2, Round 47] Progress: 68% (210/305) - Loss: 0.1073
[Client 2, Round 47] Progress: 69% (213/305) - Loss: 0.0721
[Client 2, Round 47] Progress: 70% (216/305) - Loss: 0.2693
[Client 2, Round 47] Progress: 71% (219/305) - Loss: 0.0892
[Client 2, Round 47] Progress: 72% (222/305) - Loss: 0.0813
[Client 2, Round 47] Progress: 73% (225/305) - Loss: 0.0678
[Client 2, Round 47] Progress: 74% (228/305) - Loss: 0.1395
[Client 2, Round 47] Progress: 75% (231/305) - Loss: 0.0690
[Client 2, Round 47] Progress: 76% (234/305) - Loss: 0.0630
[Client 2, Round 47] Progress: 77% (237/305) - Loss: 0.0918
[Client 2, Round 47] Progress: 78% (240/305) - Loss: 0.1089
[Client 2, Round 47] Progress: 79% (243/305) - Loss: 0.1081
[Client 2, Round 47] Progress: 80% (246/305) - Loss: 0.7246
[Client 2, Round 47] Progress: 81% (249/305) - Loss: 0.1594
[Client 2, Round 47] Progress: 82% (252/305) - Loss: 0.1092
[Client 2, Round 47] Progress: 83% (255/305) - Loss: 0.2617
[Client 2, Round 47] Progress: 84% (258/305) - Loss: 0.2915
[Client 2, Round 47] Progress: 85% (261/305) - Loss: 0.3791
[Client 2, Round 47] Progress: 86% (264/305) - Loss: 0.0470
[Client 2, Round 47] Progress: 87% (267/305) - Loss: 0.0785
[Client 2, Round 47] Progress: 88% (270/305) - Loss: 0.0970
[Client 2, Round 47] Progress: 89% (273/305) - Loss: 0.0619
[Client 2, Round 47] Progress: 90% (276/305) - Loss: 0.1222
[Client 2, Round 47] Progress: 91% (279/305) - Loss: 0.1469
[Client 2, Round 47] Progress: 92% (282/305) - Loss: 0.1563
[Client 2, Round 47] Progress: 93% (285/305) - Loss: 0.0523
[Client 2, Round 47] Progress: 94% (288/305) - Loss: 0.1687
[Client 2, Round 47] Progress: 95% (291/305) - Loss: 0.0429
[Client 2, Round 47] Progress: 96% (294/305) - Loss: 0.2232
[Client 2, Round 47] Progress: 97% (297/305) - Loss: 0.1664
[Client 2, Round 47] Progress: 98% (300/305) - Loss: 0.1613
[Client 2, Round 47] Progress: 99% (303/305) - Loss: 0.1814
[Client 2, Round 47] Progress: 100% (305/305) - Loss: 0.0843
[Client 2, Round 47] Train Loss: 0.1460
[Client 2, Round 47] Val Loss: 0.1271 | Val Dice: 0.8716
[Client 2, Round 48] Progress: 0% (3/305) - Loss: 0.1044
[Client 2, Round 48] Progress: 1% (6/305) - Loss: 0.1060
[Client 2, Round 48] Progress: 2% (9/305) - Loss: 0.0779
[Client 2, Round 48] Progress: 3% (12/305) - Loss: 0.0315
[Client 2, Round 48] Progress: 4% (15/305) - Loss: 0.1014
[Client 2, Round 48] Progress: 5% (18/305) - Loss: 0.3680
[Client 2, Round 48] Progress: 6% (21/305) - Loss: 0.0798
[Client 2, Round 48] Progress: 7% (24/305) - Loss: 0.1207
[Client 2, Round 48] Progress: 8% (27/305) - Loss: 0.0394
[Client 2, Round 48] Progress: 9% (30/305) - Loss: 0.1616
[Client 2, Round 48] Progress: 10% (33/305) - Loss: 0.1063
[Client 2, Round 48] Progress: 11% (36/305) - Loss: 0.0790
[Client 2, Round 48] Progress: 12% (39/305) - Loss: 0.6773
[Client 2, Round 48] Progress: 13% (42/305) - Loss: 0.1181
[Client 2, Round 48] Progress: 14% (45/305) - Loss: 0.0979
[Client 2, Round 48] Progress: 15% (48/305) - Loss: 0.1418
[Client 2, Round 48] Progress: 16% (51/305) - Loss: 0.0669
[Client 2, Round 48] Progress: 17% (54/305) - Loss: 0.1460
[Client 2, Round 48] Progress: 18% (57/305) - Loss: 0.0945
[Client 2, Round 48] Progress: 19% (60/305) - Loss: 0.1121
[Client 2, Round 48] Progress: 20% (63/305) - Loss: 0.1269
[Client 2, Round 48] Progress: 21% (66/305) - Loss: 0.1278
[Client 2, Round 48] Progress: 22% (69/305) - Loss: 0.4397
[Client 2, Round 48] Progress: 23% (72/305) - Loss: 0.1522
[Client 2, Round 48] Progress: 24% (75/305) - Loss: 0.0608
[Client 2, Round 48] Progress: 25% (78/305) - Loss: 0.2198
[Client 2, Round 48] Progress: 26% (81/305) - Loss: 0.0554
[Client 2, Round 48] Progress: 27% (84/305) - Loss: 0.0557
[Client 2, Round 48] Progress: 28% (87/305) - Loss: 0.0917
[Client 2, Round 48] Progress: 29% (90/305) - Loss: 0.0876
[Client 2, Round 48] Progress: 30% (93/305) - Loss: 0.0813
[Client 2, Round 48] Progress: 31% (96/305) - Loss: 0.1352
[Client 2, Round 48] Progress: 32% (99/305) - Loss: 0.0990
[Client 2, Round 48] Progress: 33% (102/305) - Loss: 0.1911
[Client 2, Round 48] Progress: 34% (105/305) - Loss: 0.0744
[Client 2, Round 48] Progress: 35% (108/305) - Loss: 0.1185
[Client 2, Round 48] Progress: 36% (111/305) - Loss: 0.0385
[Client 2, Round 48] Progress: 37% (114/305) - Loss: 0.3038
[Client 2, Round 48] Progress: 38% (117/305) - Loss: 0.3772
[Client 2, Round 48] Progress: 39% (120/305) - Loss: 0.0970
[Client 2, Round 48] Progress: 40% (123/305) - Loss: 0.1490
[Client 2, Round 48] Progress: 41% (126/305) - Loss: 0.1157
[Client 2, Round 48] Progress: 42% (129/305) - Loss: 0.1228
[Client 2, Round 48] Progress: 43% (132/305) - Loss: 0.1151
[Client 2, Round 48] Progress: 44% (135/305) - Loss: 0.0643
[Client 2, Round 48] Progress: 45% (138/305) - Loss: 0.1210
[Client 2, Round 48] Progress: 46% (141/305) - Loss: 0.0550
[Client 2, Round 48] Progress: 47% (144/305) - Loss: 0.0582
[Client 2, Round 48] Progress: 48% (147/305) - Loss: 0.0534
[Client 2, Round 48] Progress: 49% (150/305) - Loss: 0.2636
[Client 2, Round 48] Progress: 50% (153/305) - Loss: 0.0745
[Client 2, Round 48] Progress: 51% (156/305) - Loss: 0.0890
[Client 2, Round 48] Progress: 52% (159/305) - Loss: 0.1602
[Client 2, Round 48] Progress: 53% (162/305) - Loss: 0.0708
[Client 2, Round 48] Progress: 54% (165/305) - Loss: 0.0792
[Client 2, Round 48] Progress: 55% (168/305) - Loss: 0.0606
[Client 2, Round 48] Progress: 56% (171/305) - Loss: 0.1001
[Client 2, Round 48] Progress: 57% (174/305) - Loss: 0.2015
[Client 2, Round 48] Progress: 58% (177/305) - Loss: 0.0758
[Client 2, Round 48] Progress: 59% (180/305) - Loss: 0.0794
[Client 2, Round 48] Progress: 60% (183/305) - Loss: 0.0806
[Client 2, Round 48] Progress: 60% (186/305) - Loss: 0.0694
[Client 2, Round 48] Progress: 61% (189/305) - Loss: 0.1590
[Client 2, Round 48] Progress: 62% (192/305) - Loss: 0.0660
[Client 2, Round 48] Progress: 63% (195/305) - Loss: 0.1755
[Client 2, Round 48] Progress: 64% (198/305) - Loss: 0.0942
[Client 2, Round 48] Progress: 65% (201/305) - Loss: 0.1096
[Client 2, Round 48] Progress: 66% (204/305) - Loss: 0.0547
[Client 2, Round 48] Progress: 67% (207/305) - Loss: 0.1323
[Client 2, Round 48] Progress: 68% (210/305) - Loss: 0.1599
[Client 2, Round 48] Progress: 69% (213/305) - Loss: 0.0736
[Client 2, Round 48] Progress: 70% (216/305) - Loss: 0.1113
[Client 2, Round 48] Progress: 71% (219/305) - Loss: 0.0817
[Client 2, Round 48] Progress: 72% (222/305) - Loss: 0.0612
[Client 2, Round 48] Progress: 73% (225/305) - Loss: 0.3335
[Client 2, Round 48] Progress: 74% (228/305) - Loss: 0.1958
[Client 2, Round 48] Progress: 75% (231/305) - Loss: 0.0788
[Client 2, Round 48] Progress: 76% (234/305) - Loss: 0.1041
[Client 2, Round 48] Progress: 77% (237/305) - Loss: 0.0963
[Client 2, Round 48] Progress: 78% (240/305) - Loss: 0.0665
[Client 2, Round 48] Progress: 79% (243/305) - Loss: 0.1669
[Client 2, Round 48] Progress: 80% (246/305) - Loss: 0.0934
[Client 2, Round 48] Progress: 81% (249/305) - Loss: 0.1420
[Client 2, Round 48] Progress: 82% (252/305) - Loss: 0.1222
[Client 2, Round 48] Progress: 83% (255/305) - Loss: 0.0834
[Client 2, Round 48] Progress: 84% (258/305) - Loss: 0.3143
[Client 2, Round 48] Progress: 85% (261/305) - Loss: 0.1000
[Client 2, Round 48] Progress: 86% (264/305) - Loss: 0.6401
[Client 2, Round 48] Progress: 87% (267/305) - Loss: 0.1092
[Client 2, Round 48] Progress: 88% (270/305) - Loss: 0.1812
[Client 2, Round 48] Progress: 89% (273/305) - Loss: 0.1031
[Client 2, Round 48] Progress: 90% (276/305) - Loss: 0.0899
[Client 2, Round 48] Progress: 91% (279/305) - Loss: 0.0698
[Client 2, Round 48] Progress: 92% (282/305) - Loss: 0.1480
[Client 2, Round 48] Progress: 93% (285/305) - Loss: 0.1004
[Client 2, Round 48] Progress: 94% (288/305) - Loss: 0.1188
[Client 2, Round 48] Progress: 95% (291/305) - Loss: 0.3354
[Client 2, Round 48] Progress: 96% (294/305) - Loss: 0.0368
[Client 2, Round 48] Progress: 97% (297/305) - Loss: 0.0480
[Client 2, Round 48] Progress: 98% (300/305) - Loss: 0.0434
[Client 2, Round 48] Progress: 99% (303/305) - Loss: 0.1101
[Client 2, Round 48] Progress: 100% (305/305) - Loss: 0.2021
[Client 2, Round 48] Train Loss: 0.1355
[Client 2, Round 48] Val Loss: 0.1296 | Val Dice: 0.8692
[Client 2, Round 49] Progress: 0% (3/305) - Loss: 0.3207
[Client 2, Round 49] Progress: 1% (6/305) - Loss: 0.1377
[Client 2, Round 49] Progress: 2% (9/305) - Loss: 0.1195
[Client 2, Round 49] Progress: 3% (12/305) - Loss: 0.0599
[Client 2, Round 49] Progress: 4% (15/305) - Loss: 0.0805
[Client 2, Round 49] Progress: 5% (18/305) - Loss: 0.0733
[Client 2, Round 49] Progress: 6% (21/305) - Loss: 0.2616
[Client 2, Round 49] Progress: 7% (24/305) - Loss: 0.1264
[Client 2, Round 49] Progress: 8% (27/305) - Loss: 0.2040
[Client 2, Round 49] Progress: 9% (30/305) - Loss: 0.2151
[Client 2, Round 49] Progress: 10% (33/305) - Loss: 0.1114
[Client 2, Round 49] Progress: 11% (36/305) - Loss: 0.0558
[Client 2, Round 49] Progress: 12% (39/305) - Loss: 0.1091
[Client 2, Round 49] Progress: 13% (42/305) - Loss: 0.1252
[Client 2, Round 49] Progress: 14% (45/305) - Loss: 0.1382
[Client 2, Round 49] Progress: 15% (48/305) - Loss: 0.0688
[Client 2, Round 49] Progress: 16% (51/305) - Loss: 0.1714
[Client 2, Round 49] Progress: 17% (54/305) - Loss: 0.1460
[Client 2, Round 49] Progress: 18% (57/305) - Loss: 0.0508
[Client 2, Round 49] Progress: 19% (60/305) - Loss: 0.1188
[Client 2, Round 49] Progress: 20% (63/305) - Loss: 0.0788
[Client 2, Round 49] Progress: 21% (66/305) - Loss: 0.0732
[Client 2, Round 49] Progress: 22% (69/305) - Loss: 0.2172
[Client 2, Round 49] Progress: 23% (72/305) - Loss: 0.1491
[Client 2, Round 49] Progress: 24% (75/305) - Loss: 0.0499
[Client 2, Round 49] Progress: 25% (78/305) - Loss: 0.0825
[Client 2, Round 49] Progress: 26% (81/305) - Loss: 0.0785
[Client 2, Round 49] Progress: 27% (84/305) - Loss: 0.0673
[Client 2, Round 49] Progress: 28% (87/305) - Loss: 0.3448
[Client 2, Round 49] Progress: 29% (90/305) - Loss: 0.0949
[Client 2, Round 49] Progress: 30% (93/305) - Loss: 0.1160
[Client 2, Round 49] Progress: 31% (96/305) - Loss: 0.0912
[Client 2, Round 49] Progress: 32% (99/305) - Loss: 0.1328
[Client 2, Round 49] Progress: 33% (102/305) - Loss: 0.4191
[Client 2, Round 49] Progress: 34% (105/305) - Loss: 0.1151
[Client 2, Round 49] Progress: 35% (108/305) - Loss: 0.0828
[Client 2, Round 49] Progress: 36% (111/305) - Loss: 0.7688
[Client 2, Round 49] Progress: 37% (114/305) - Loss: 0.1156
[Client 2, Round 49] Progress: 38% (117/305) - Loss: 0.1789
[Client 2, Round 49] Progress: 39% (120/305) - Loss: 0.1430
[Client 2, Round 49] Progress: 40% (123/305) - Loss: 0.1552
[Client 2, Round 49] Progress: 41% (126/305) - Loss: 0.1134
[Client 2, Round 49] Progress: 42% (129/305) - Loss: 0.1198
[Client 2, Round 49] Progress: 43% (132/305) - Loss: 0.1353
[Client 2, Round 49] Progress: 44% (135/305) - Loss: 0.0745
[Client 2, Round 49] Progress: 45% (138/305) - Loss: 0.5485
[Client 2, Round 49] Progress: 46% (141/305) - Loss: 0.0691
[Client 2, Round 49] Progress: 47% (144/305) - Loss: 0.4031
[Client 2, Round 49] Progress: 48% (147/305) - Loss: 0.0692
[Client 2, Round 49] Progress: 49% (150/305) - Loss: 0.0776
[Client 2, Round 49] Progress: 50% (153/305) - Loss: 0.0982
[Client 2, Round 49] Progress: 51% (156/305) - Loss: 0.0908
[Client 2, Round 49] Progress: 52% (159/305) - Loss: 0.1920
[Client 2, Round 49] Progress: 53% (162/305) - Loss: 0.1615
[Client 2, Round 49] Progress: 54% (165/305) - Loss: 0.0477
[Client 2, Round 49] Progress: 55% (168/305) - Loss: 0.3319
[Client 2, Round 49] Progress: 56% (171/305) - Loss: 0.1214
[Client 2, Round 49] Progress: 57% (174/305) - Loss: 0.1857
[Client 2, Round 49] Progress: 58% (177/305) - Loss: 0.0812
[Client 2, Round 49] Progress: 59% (180/305) - Loss: 0.1147
[Client 2, Round 49] Progress: 60% (183/305) - Loss: 0.1527
[Client 2, Round 49] Progress: 60% (186/305) - Loss: 0.0932
[Client 2, Round 49] Progress: 61% (189/305) - Loss: 0.1614
[Client 2, Round 49] Progress: 62% (192/305) - Loss: 0.1790
[Client 2, Round 49] Progress: 63% (195/305) - Loss: 0.0843
[Client 2, Round 49] Progress: 64% (198/305) - Loss: 0.3820
[Client 2, Round 49] Progress: 65% (201/305) - Loss: 0.0971
[Client 2, Round 49] Progress: 66% (204/305) - Loss: 0.1620
[Client 2, Round 49] Progress: 67% (207/305) - Loss: 0.1913
[Client 2, Round 49] Progress: 68% (210/305) - Loss: 0.1375
[Client 2, Round 49] Progress: 69% (213/305) - Loss: 0.0771
[Client 2, Round 49] Progress: 70% (216/305) - Loss: 0.0431
[Client 2, Round 49] Progress: 71% (219/305) - Loss: 0.4043
[Client 2, Round 49] Progress: 72% (222/305) - Loss: 0.0682
[Client 2, Round 49] Progress: 73% (225/305) - Loss: 0.0835
[Client 2, Round 49] Progress: 74% (228/305) - Loss: 0.0910
[Client 2, Round 49] Progress: 75% (231/305) - Loss: 0.1802
[Client 2, Round 49] Progress: 76% (234/305) - Loss: 0.1019
[Client 2, Round 49] Progress: 77% (237/305) - Loss: 0.1022
[Client 2, Round 49] Progress: 78% (240/305) - Loss: 0.0673
[Client 2, Round 49] Progress: 79% (243/305) - Loss: 0.0770
[Client 2, Round 49] Progress: 80% (246/305) - Loss: 0.1503
[Client 2, Round 49] Progress: 81% (249/305) - Loss: 0.2154
[Client 2, Round 49] Progress: 82% (252/305) - Loss: 0.0922
[Client 2, Round 49] Progress: 83% (255/305) - Loss: 0.1006
[Client 2, Round 49] Progress: 84% (258/305) - Loss: 0.1546
[Client 2, Round 49] Progress: 85% (261/305) - Loss: 0.0706
[Client 2, Round 49] Progress: 86% (264/305) - Loss: 0.1397
[Client 2, Round 49] Progress: 87% (267/305) - Loss: 0.0666
[Client 2, Round 49] Progress: 88% (270/305) - Loss: 0.1199
[Client 2, Round 49] Progress: 89% (273/305) - Loss: 0.0845
[Client 2, Round 49] Progress: 90% (276/305) - Loss: 0.1094
[Client 2, Round 49] Progress: 91% (279/305) - Loss: 0.1658
[Client 2, Round 49] Progress: 92% (282/305) - Loss: 0.1188
[Client 2, Round 49] Progress: 93% (285/305) - Loss: 0.0814
[Client 2, Round 49] Progress: 94% (288/305) - Loss: 0.1309
[Client 2, Round 49] Progress: 95% (291/305) - Loss: 0.1158
[Client 2, Round 49] Progress: 96% (294/305) - Loss: 0.0397
[Client 2, Round 49] Progress: 97% (297/305) - Loss: 0.1709
[Client 2, Round 49] Progress: 98% (300/305) - Loss: 0.0757
[Client 2, Round 49] Progress: 99% (303/305) - Loss: 0.1050
[Client 2, Round 49] Progress: 100% (305/305) - Loss: 0.1607
[Client 2, Round 49] Train Loss: 0.1398
[Client 2, Round 49] Val Loss: 0.1324 | Val Dice: 0.8665
[Client 2, Round 50] Progress: 0% (3/305) - Loss: 0.1179
[Client 2, Round 50] Progress: 1% (6/305) - Loss: 0.0400
[Client 2, Round 50] Progress: 2% (9/305) - Loss: 0.1148
[Client 2, Round 50] Progress: 3% (12/305) - Loss: 0.0778
[Client 2, Round 50] Progress: 4% (15/305) - Loss: 0.1513
[Client 2, Round 50] Progress: 5% (18/305) - Loss: 0.0916
[Client 2, Round 50] Progress: 6% (21/305) - Loss: 0.2891
[Client 2, Round 50] Progress: 7% (24/305) - Loss: 0.0926
[Client 2, Round 50] Progress: 8% (27/305) - Loss: 0.0868
[Client 2, Round 50] Progress: 9% (30/305) - Loss: 0.0808
[Client 2, Round 50] Progress: 10% (33/305) - Loss: 0.0827
[Client 2, Round 50] Progress: 11% (36/305) - Loss: 0.0814
[Client 2, Round 50] Progress: 12% (39/305) - Loss: 0.6795
[Client 2, Round 50] Progress: 13% (42/305) - Loss: 0.0892
[Client 2, Round 50] Progress: 14% (45/305) - Loss: 0.1328
[Client 2, Round 50] Progress: 15% (48/305) - Loss: 0.4509
[Client 2, Round 50] Progress: 16% (51/305) - Loss: 0.1199
[Client 2, Round 50] Progress: 17% (54/305) - Loss: 0.1058
[Client 2, Round 50] Progress: 18% (57/305) - Loss: 0.1336
[Client 2, Round 50] Progress: 19% (60/305) - Loss: 0.1415
[Client 2, Round 50] Progress: 20% (63/305) - Loss: 0.1678
[Client 2, Round 50] Progress: 21% (66/305) - Loss: 0.0384
[Client 2, Round 50] Progress: 22% (69/305) - Loss: 0.1693
[Client 2, Round 50] Progress: 23% (72/305) - Loss: 0.0964
[Client 2, Round 50] Progress: 24% (75/305) - Loss: 0.1063
[Client 2, Round 50] Progress: 25% (78/305) - Loss: 0.1331
[Client 2, Round 50] Progress: 26% (81/305) - Loss: 0.1167
[Client 2, Round 50] Progress: 27% (84/305) - Loss: 0.0517
[Client 2, Round 50] Progress: 28% (87/305) - Loss: 0.0825
[Client 2, Round 50] Progress: 29% (90/305) - Loss: 0.2243
[Client 2, Round 50] Progress: 30% (93/305) - Loss: 0.1310
[Client 2, Round 50] Progress: 31% (96/305) - Loss: 0.0327
[Client 2, Round 50] Progress: 32% (99/305) - Loss: 0.1804
[Client 2, Round 50] Progress: 33% (102/305) - Loss: 0.0528
[Client 2, Round 50] Progress: 34% (105/305) - Loss: 0.0642
[Client 2, Round 50] Progress: 35% (108/305) - Loss: 0.0349
[Client 2, Round 50] Progress: 36% (111/305) - Loss: 0.0748
[Client 2, Round 50] Progress: 37% (114/305) - Loss: 0.1396
[Client 2, Round 50] Progress: 38% (117/305) - Loss: 0.0995
[Client 2, Round 50] Progress: 39% (120/305) - Loss: 0.0695
[Client 2, Round 50] Progress: 40% (123/305) - Loss: 0.0623
[Client 2, Round 50] Progress: 41% (126/305) - Loss: 0.0554
[Client 2, Round 50] Progress: 42% (129/305) - Loss: 0.0479
[Client 2, Round 50] Progress: 43% (132/305) - Loss: 0.0932
[Client 2, Round 50] Progress: 44% (135/305) - Loss: 0.2083
[Client 2, Round 50] Progress: 45% (138/305) - Loss: 0.0607
[Client 2, Round 50] Progress: 46% (141/305) - Loss: 0.1493
[Client 2, Round 50] Progress: 47% (144/305) - Loss: 0.0575
[Client 2, Round 50] Progress: 48% (147/305) - Loss: 0.0888
[Client 2, Round 50] Progress: 49% (150/305) - Loss: 0.1548
[Client 2, Round 50] Progress: 50% (153/305) - Loss: 0.0672
[Client 2, Round 50] Progress: 51% (156/305) - Loss: 0.1000
[Client 2, Round 50] Progress: 52% (159/305) - Loss: 0.0406
[Client 2, Round 50] Progress: 53% (162/305) - Loss: 0.0679
[Client 2, Round 50] Progress: 54% (165/305) - Loss: 0.0719
[Client 2, Round 50] Progress: 55% (168/305) - Loss: 0.0979
[Client 2, Round 50] Progress: 56% (171/305) - Loss: 0.1276
[Client 2, Round 50] Progress: 57% (174/305) - Loss: 0.1096
[Client 2, Round 50] Progress: 58% (177/305) - Loss: 0.1580
[Client 2, Round 50] Progress: 59% (180/305) - Loss: 0.1759
[Client 2, Round 50] Progress: 60% (183/305) - Loss: 0.1308
[Client 2, Round 50] Progress: 60% (186/305) - Loss: 0.0475
[Client 2, Round 50] Progress: 61% (189/305) - Loss: 0.0628
[Client 2, Round 50] Progress: 62% (192/305) - Loss: 0.0352
[Client 2, Round 50] Progress: 63% (195/305) - Loss: 0.0940
[Client 2, Round 50] Progress: 64% (198/305) - Loss: 0.0947
[Client 2, Round 50] Progress: 65% (201/305) - Loss: 0.2369
[Client 2, Round 50] Progress: 66% (204/305) - Loss: 0.0706
[Client 2, Round 50] Progress: 67% (207/305) - Loss: 0.2598
[Client 2, Round 50] Progress: 68% (210/305) - Loss: 0.1239
[Client 2, Round 50] Progress: 69% (213/305) - Loss: 0.0957
[Client 2, Round 50] Progress: 70% (216/305) - Loss: 0.1432
[Client 2, Round 50] Progress: 71% (219/305) - Loss: 0.1992
[Client 2, Round 50] Progress: 72% (222/305) - Loss: 0.1703
[Client 2, Round 50] Progress: 73% (225/305) - Loss: 0.1030
[Client 2, Round 50] Progress: 74% (228/305) - Loss: 0.0290
[Client 2, Round 50] Progress: 75% (231/305) - Loss: 0.3248
[Client 2, Round 50] Progress: 76% (234/305) - Loss: 0.2758
[Client 2, Round 50] Progress: 77% (237/305) - Loss: 0.1183
[Client 2, Round 50] Progress: 78% (240/305) - Loss: 0.1024
[Client 2, Round 50] Progress: 79% (243/305) - Loss: 0.2189
[Client 2, Round 50] Progress: 80% (246/305) - Loss: 0.1193
[Client 2, Round 50] Progress: 81% (249/305) - Loss: 0.0964
[Client 2, Round 50] Progress: 82% (252/305) - Loss: 0.2504
[Client 2, Round 50] Progress: 83% (255/305) - Loss: 0.0914
[Client 2, Round 50] Progress: 84% (258/305) - Loss: 0.0652
[Client 2, Round 50] Progress: 85% (261/305) - Loss: 0.2073
[Client 2, Round 50] Progress: 86% (264/305) - Loss: 0.1141
[Client 2, Round 50] Progress: 87% (267/305) - Loss: 0.0779
[Client 2, Round 50] Progress: 88% (270/305) - Loss: 0.0724
[Client 2, Round 50] Progress: 89% (273/305) - Loss: 0.0509
[Client 2, Round 50] Progress: 90% (276/305) - Loss: 0.0768
[Client 2, Round 50] Progress: 91% (279/305) - Loss: 0.1412
[Client 2, Round 50] Progress: 92% (282/305) - Loss: 0.0962
[Client 2, Round 50] Progress: 93% (285/305) - Loss: 0.6873
[Client 2, Round 50] Progress: 94% (288/305) - Loss: 0.1009
[Client 2, Round 50] Progress: 95% (291/305) - Loss: 0.1270
[Client 2, Round 50] Progress: 96% (294/305) - Loss: 0.2362
[Client 2, Round 50] Progress: 97% (297/305) - Loss: 0.1413
[Client 2, Round 50] Progress: 98% (300/305) - Loss: 0.1036
[Client 2, Round 50] Progress: 99% (303/305) - Loss: 0.1075
[Client 2, Round 50] Progress: 100% (305/305) - Loss: 0.6753
[Client 2, Round 50] Train Loss: 0.1341
[Client 2, Round 50] Val Loss: 0.1433 | Val Dice: 0.8558
[Client 2, Round 51] Progress: 0% (3/305) - Loss: 0.1876
[Client 2, Round 51] Progress: 1% (6/305) - Loss: 0.1043
[Client 2, Round 51] Progress: 2% (9/305) - Loss: 0.0872
[Client 2, Round 51] Progress: 3% (12/305) - Loss: 0.1765
[Client 2, Round 51] Progress: 4% (15/305) - Loss: 0.1239
[Client 2, Round 51] Progress: 5% (18/305) - Loss: 0.0913
[Client 2, Round 51] Progress: 6% (21/305) - Loss: 0.0716
[Client 2, Round 51] Progress: 7% (24/305) - Loss: 0.0512
[Client 2, Round 51] Progress: 8% (27/305) - Loss: 0.1623
[Client 2, Round 51] Progress: 9% (30/305) - Loss: 0.5496
[Client 2, Round 51] Progress: 10% (33/305) - Loss: 0.1063
[Client 2, Round 51] Progress: 11% (36/305) - Loss: 0.0746
[Client 2, Round 51] Progress: 12% (39/305) - Loss: 0.1905
[Client 2, Round 51] Progress: 13% (42/305) - Loss: 0.0995
[Client 2, Round 51] Progress: 14% (45/305) - Loss: 0.1659
[Client 2, Round 51] Progress: 15% (48/305) - Loss: 0.1770
[Client 2, Round 51] Progress: 16% (51/305) - Loss: 0.1443
[Client 2, Round 51] Progress: 17% (54/305) - Loss: 0.0690
[Client 2, Round 51] Progress: 18% (57/305) - Loss: 0.0517
[Client 2, Round 51] Progress: 19% (60/305) - Loss: 0.1566
[Client 2, Round 51] Progress: 20% (63/305) - Loss: 0.1156
[Client 2, Round 51] Progress: 21% (66/305) - Loss: 0.0744
[Client 2, Round 51] Progress: 22% (69/305) - Loss: 0.1680
[Client 2, Round 51] Progress: 23% (72/305) - Loss: 0.1784
[Client 2, Round 51] Progress: 24% (75/305) - Loss: 0.1303
[Client 2, Round 51] Progress: 25% (78/305) - Loss: 0.0848
[Client 2, Round 51] Progress: 26% (81/305) - Loss: 0.1627
[Client 2, Round 51] Progress: 27% (84/305) - Loss: 0.1695
[Client 2, Round 51] Progress: 28% (87/305) - Loss: 0.0851
[Client 2, Round 51] Progress: 29% (90/305) - Loss: 0.0729
[Client 2, Round 51] Progress: 30% (93/305) - Loss: 0.1347
[Client 2, Round 51] Progress: 31% (96/305) - Loss: 0.0973
[Client 2, Round 51] Progress: 32% (99/305) - Loss: 0.6891
[Client 2, Round 51] Progress: 33% (102/305) - Loss: 0.2196
[Client 2, Round 51] Progress: 34% (105/305) - Loss: 0.2002
[Client 2, Round 51] Progress: 35% (108/305) - Loss: 0.0557
[Client 2, Round 51] Progress: 36% (111/305) - Loss: 0.1687
[Client 2, Round 51] Progress: 37% (114/305) - Loss: 0.1877
[Client 2, Round 51] Progress: 38% (117/305) - Loss: 0.0448
[Client 2, Round 51] Progress: 39% (120/305) - Loss: 0.0519
[Client 2, Round 51] Progress: 40% (123/305) - Loss: 0.0629
[Client 2, Round 51] Progress: 41% (126/305) - Loss: 0.4364
[Client 2, Round 51] Progress: 42% (129/305) - Loss: 0.1200
[Client 2, Round 51] Progress: 43% (132/305) - Loss: 0.3789
[Client 2, Round 51] Progress: 44% (135/305) - Loss: 0.2639
[Client 2, Round 51] Progress: 45% (138/305) - Loss: 0.0773
[Client 2, Round 51] Progress: 46% (141/305) - Loss: 0.2835
[Client 2, Round 51] Progress: 47% (144/305) - Loss: 0.0706
[Client 2, Round 51] Progress: 48% (147/305) - Loss: 0.1251
[Client 2, Round 51] Progress: 49% (150/305) - Loss: 0.1525
[Client 2, Round 51] Progress: 50% (153/305) - Loss: 0.2110
[Client 2, Round 51] Progress: 51% (156/305) - Loss: 0.0799
[Client 2, Round 51] Progress: 52% (159/305) - Loss: 0.0948
[Client 2, Round 51] Progress: 53% (162/305) - Loss: 0.1511
[Client 2, Round 51] Progress: 54% (165/305) - Loss: 0.0647
[Client 2, Round 51] Progress: 55% (168/305) - Loss: 0.0910
[Client 2, Round 51] Progress: 56% (171/305) - Loss: 0.3505
[Client 2, Round 51] Progress: 57% (174/305) - Loss: 0.0745
[Client 2, Round 51] Progress: 58% (177/305) - Loss: 0.0992
[Client 2, Round 51] Progress: 59% (180/305) - Loss: 0.1790
[Client 2, Round 51] Progress: 60% (183/305) - Loss: 0.1178
[Client 2, Round 51] Progress: 60% (186/305) - Loss: 0.1352
[Client 2, Round 51] Progress: 61% (189/305) - Loss: 0.0927
[Client 2, Round 51] Progress: 62% (192/305) - Loss: 0.0668
[Client 2, Round 51] Progress: 63% (195/305) - Loss: 0.2323
[Client 2, Round 51] Progress: 64% (198/305) - Loss: 0.0622
[Client 2, Round 51] Progress: 65% (201/305) - Loss: 0.0334
[Client 2, Round 51] Progress: 66% (204/305) - Loss: 0.2439
[Client 2, Round 51] Progress: 67% (207/305) - Loss: 0.4004
[Client 2, Round 51] Progress: 68% (210/305) - Loss: 0.0749
[Client 2, Round 51] Progress: 69% (213/305) - Loss: 0.0562
[Client 2, Round 51] Progress: 70% (216/305) - Loss: 0.0787
[Client 2, Round 51] Progress: 71% (219/305) - Loss: 0.1033
[Client 2, Round 51] Progress: 72% (222/305) - Loss: 0.2561
[Client 2, Round 51] Progress: 73% (225/305) - Loss: 0.0962
[Client 2, Round 51] Progress: 74% (228/305) - Loss: 0.0420
[Client 2, Round 51] Progress: 75% (231/305) - Loss: 0.1897
[Client 2, Round 51] Progress: 76% (234/305) - Loss: 0.1062
[Client 2, Round 51] Progress: 77% (237/305) - Loss: 0.0718
[Client 2, Round 51] Progress: 78% (240/305) - Loss: 0.0829
[Client 2, Round 51] Progress: 79% (243/305) - Loss: 0.0591
[Client 2, Round 51] Progress: 80% (246/305) - Loss: 0.1148
[Client 2, Round 51] Progress: 81% (249/305) - Loss: 0.0921
[Client 2, Round 51] Progress: 82% (252/305) - Loss: 0.1170
[Client 2, Round 51] Progress: 83% (255/305) - Loss: 0.0849
[Client 2, Round 51] Progress: 84% (258/305) - Loss: 0.1056
[Client 2, Round 51] Progress: 85% (261/305) - Loss: 0.1932
[Client 2, Round 51] Progress: 86% (264/305) - Loss: 0.0365
[Client 2, Round 51] Progress: 87% (267/305) - Loss: 0.0439
[Client 2, Round 51] Progress: 88% (270/305) - Loss: 0.1325
[Client 2, Round 51] Progress: 89% (273/305) - Loss: 0.0692
[Client 2, Round 51] Progress: 90% (276/305) - Loss: 0.3404
[Client 2, Round 51] Progress: 91% (279/305) - Loss: 0.4006
[Client 2, Round 51] Progress: 92% (282/305) - Loss: 0.7931
[Client 2, Round 51] Progress: 93% (285/305) - Loss: 0.0781
[Client 2, Round 51] Progress: 94% (288/305) - Loss: 0.1423
[Client 2, Round 51] Progress: 95% (291/305) - Loss: 0.1690
[Client 2, Round 51] Progress: 96% (294/305) - Loss: 0.1309
[Client 2, Round 51] Progress: 97% (297/305) - Loss: 0.0836
[Client 2, Round 51] Progress: 98% (300/305) - Loss: 0.1540
[Client 2, Round 51] Progress: 99% (303/305) - Loss: 0.0635
[Client 2, Round 51] Progress: 100% (305/305) - Loss: 0.1101
[Client 2, Round 51] Train Loss: 0.1344
[Client 2, Round 51] Val Loss: 0.1275 | Val Dice: 0.8722
[Client 2, Round 52] Progress: 0% (3/305) - Loss: 0.0566
[Client 2, Round 52] Progress: 1% (6/305) - Loss: 0.0821
[Client 2, Round 52] Progress: 2% (9/305) - Loss: 0.0617
[Client 2, Round 52] Progress: 3% (12/305) - Loss: 0.2057
[Client 2, Round 52] Progress: 4% (15/305) - Loss: 0.0845
[Client 2, Round 52] Progress: 5% (18/305) - Loss: 0.1001
[Client 2, Round 52] Progress: 6% (21/305) - Loss: 0.1134
[Client 2, Round 52] Progress: 7% (24/305) - Loss: 0.1368
[Client 2, Round 52] Progress: 8% (27/305) - Loss: 0.2006
[Client 2, Round 52] Progress: 9% (30/305) - Loss: 0.0827
[Client 2, Round 52] Progress: 10% (33/305) - Loss: 0.0568
[Client 2, Round 52] Progress: 11% (36/305) - Loss: 0.0666
[Client 2, Round 52] Progress: 12% (39/305) - Loss: 0.0974
[Client 2, Round 52] Progress: 13% (42/305) - Loss: 0.0865
[Client 2, Round 52] Progress: 14% (45/305) - Loss: 0.1693
[Client 2, Round 52] Progress: 15% (48/305) - Loss: 0.0735
[Client 2, Round 52] Progress: 16% (51/305) - Loss: 0.1045
[Client 2, Round 52] Progress: 17% (54/305) - Loss: 0.1308
[Client 2, Round 52] Progress: 18% (57/305) - Loss: 0.2246
[Client 2, Round 52] Progress: 19% (60/305) - Loss: 0.0999
[Client 2, Round 52] Progress: 20% (63/305) - Loss: 0.0743
[Client 2, Round 52] Progress: 21% (66/305) - Loss: 0.1589
[Client 2, Round 52] Progress: 22% (69/305) - Loss: 0.0934
[Client 2, Round 52] Progress: 23% (72/305) - Loss: 0.1394
[Client 2, Round 52] Progress: 24% (75/305) - Loss: 0.0551
[Client 2, Round 52] Progress: 25% (78/305) - Loss: 0.1399
[Client 2, Round 52] Progress: 26% (81/305) - Loss: 0.1406
[Client 2, Round 52] Progress: 27% (84/305) - Loss: 0.1679
[Client 2, Round 52] Progress: 28% (87/305) - Loss: 0.1572
[Client 2, Round 52] Progress: 29% (90/305) - Loss: 0.0766
[Client 2, Round 52] Progress: 30% (93/305) - Loss: 0.1707
[Client 2, Round 52] Progress: 31% (96/305) - Loss: 0.0434
[Client 2, Round 52] Progress: 32% (99/305) - Loss: 0.1819
[Client 2, Round 52] Progress: 33% (102/305) - Loss: 0.0873
[Client 2, Round 52] Progress: 34% (105/305) - Loss: 0.0804
[Client 2, Round 52] Progress: 35% (108/305) - Loss: 0.1026
[Client 2, Round 52] Progress: 36% (111/305) - Loss: 0.0966
[Client 2, Round 52] Progress: 37% (114/305) - Loss: 0.1687
[Client 2, Round 52] Progress: 38% (117/305) - Loss: 0.1659
[Client 2, Round 52] Progress: 39% (120/305) - Loss: 0.1082
[Client 2, Round 52] Progress: 40% (123/305) - Loss: 0.0528
[Client 2, Round 52] Progress: 41% (126/305) - Loss: 0.1064
[Client 2, Round 52] Progress: 42% (129/305) - Loss: 0.0667
[Client 2, Round 52] Progress: 43% (132/305) - Loss: 0.0938
[Client 2, Round 52] Progress: 44% (135/305) - Loss: 0.0668
[Client 2, Round 52] Progress: 45% (138/305) - Loss: 0.1849
[Client 2, Round 52] Progress: 46% (141/305) - Loss: 0.2926
[Client 2, Round 52] Progress: 47% (144/305) - Loss: 0.0380
[Client 2, Round 52] Progress: 48% (147/305) - Loss: 0.1649
[Client 2, Round 52] Progress: 49% (150/305) - Loss: 0.1287
[Client 2, Round 52] Progress: 50% (153/305) - Loss: 0.0982
[Client 2, Round 52] Progress: 51% (156/305) - Loss: 0.1238
[Client 2, Round 52] Progress: 52% (159/305) - Loss: 0.1215
[Client 2, Round 52] Progress: 53% (162/305) - Loss: 0.2083
[Client 2, Round 52] Progress: 54% (165/305) - Loss: 0.0788
[Client 2, Round 52] Progress: 55% (168/305) - Loss: 0.0677
[Client 2, Round 52] Progress: 56% (171/305) - Loss: 0.1019
[Client 2, Round 52] Progress: 57% (174/305) - Loss: 0.0613
[Client 2, Round 52] Progress: 58% (177/305) - Loss: 0.1137
[Client 2, Round 52] Progress: 59% (180/305) - Loss: 0.1368
[Client 2, Round 52] Progress: 60% (183/305) - Loss: 0.5199
[Client 2, Round 52] Progress: 60% (186/305) - Loss: 0.0847
[Client 2, Round 52] Progress: 61% (189/305) - Loss: 0.0906
[Client 2, Round 52] Progress: 62% (192/305) - Loss: 0.0571
[Client 2, Round 52] Progress: 63% (195/305) - Loss: 0.0815
[Client 2, Round 52] Progress: 64% (198/305) - Loss: 0.0839
[Client 2, Round 52] Progress: 65% (201/305) - Loss: 0.2378
[Client 2, Round 52] Progress: 66% (204/305) - Loss: 0.0739
[Client 2, Round 52] Progress: 67% (207/305) - Loss: 0.1707
[Client 2, Round 52] Progress: 68% (210/305) - Loss: 0.1030
[Client 2, Round 52] Progress: 69% (213/305) - Loss: 0.1079
[Client 2, Round 52] Progress: 70% (216/305) - Loss: 0.1385
[Client 2, Round 52] Progress: 71% (219/305) - Loss: 0.0649
[Client 2, Round 52] Progress: 72% (222/305) - Loss: 0.1242
[Client 2, Round 52] Progress: 73% (225/305) - Loss: 0.1183
[Client 2, Round 52] Progress: 74% (228/305) - Loss: 0.1268
[Client 2, Round 52] Progress: 75% (231/305) - Loss: 0.1236
[Client 2, Round 52] Progress: 76% (234/305) - Loss: 0.2800
[Client 2, Round 52] Progress: 77% (237/305) - Loss: 0.1873
[Client 2, Round 52] Progress: 78% (240/305) - Loss: 0.1135
[Client 2, Round 52] Progress: 79% (243/305) - Loss: 0.1632
[Client 2, Round 52] Progress: 80% (246/305) - Loss: 0.4679
[Client 2, Round 52] Progress: 81% (249/305) - Loss: 0.0978
[Client 2, Round 52] Progress: 82% (252/305) - Loss: 0.1192
[Client 2, Round 52] Progress: 83% (255/305) - Loss: 0.1312
[Client 2, Round 52] Progress: 84% (258/305) - Loss: 0.0823
[Client 2, Round 52] Progress: 85% (261/305) - Loss: 0.0620
[Client 2, Round 52] Progress: 86% (264/305) - Loss: 0.1406
[Client 2, Round 52] Progress: 87% (267/305) - Loss: 0.0867
[Client 2, Round 52] Progress: 88% (270/305) - Loss: 0.0766
[Client 2, Round 52] Progress: 89% (273/305) - Loss: 0.0822
[Client 2, Round 52] Progress: 90% (276/305) - Loss: 0.1701
[Client 2, Round 52] Progress: 91% (279/305) - Loss: 0.0563
[Client 2, Round 52] Progress: 92% (282/305) - Loss: 0.0488
[Client 2, Round 52] Progress: 93% (285/305) - Loss: 0.0798
[Client 2, Round 52] Progress: 94% (288/305) - Loss: 0.0874
[Client 2, Round 52] Progress: 95% (291/305) - Loss: 0.1481
[Client 2, Round 52] Progress: 96% (294/305) - Loss: 0.0825
[Client 2, Round 52] Progress: 97% (297/305) - Loss: 0.2887
[Client 2, Round 52] Progress: 98% (300/305) - Loss: 0.0773
[Client 2, Round 52] Progress: 99% (303/305) - Loss: 0.0810
[Client 2, Round 52] Progress: 100% (305/305) - Loss: 0.0763
[Client 2, Round 52] Train Loss: 0.1360
[Client 2, Round 52] Val Loss: 0.1341 | Val Dice: 0.8647
[Client 2, Round 53] Progress: 0% (3/305) - Loss: 0.1205
[Client 2, Round 53] Progress: 1% (6/305) - Loss: 0.4547
[Client 2, Round 53] Progress: 2% (9/305) - Loss: 0.1401
[Client 2, Round 53] Progress: 3% (12/305) - Loss: 0.1020
[Client 2, Round 53] Progress: 4% (15/305) - Loss: 0.0444
[Client 2, Round 53] Progress: 5% (18/305) - Loss: 0.1396
[Client 2, Round 53] Progress: 6% (21/305) - Loss: 0.0638
[Client 2, Round 53] Progress: 7% (24/305) - Loss: 0.1422
[Client 2, Round 53] Progress: 8% (27/305) - Loss: 0.0746
[Client 2, Round 53] Progress: 9% (30/305) - Loss: 0.1840
[Client 2, Round 53] Progress: 10% (33/305) - Loss: 0.0424
[Client 2, Round 53] Progress: 11% (36/305) - Loss: 0.3578
[Client 2, Round 53] Progress: 12% (39/305) - Loss: 0.7060
[Client 2, Round 53] Progress: 13% (42/305) - Loss: 0.1482
[Client 2, Round 53] Progress: 14% (45/305) - Loss: 0.0578
[Client 2, Round 53] Progress: 15% (48/305) - Loss: 0.1142
[Client 2, Round 53] Progress: 16% (51/305) - Loss: 0.1136
[Client 2, Round 53] Progress: 17% (54/305) - Loss: 0.1226
[Client 2, Round 53] Progress: 18% (57/305) - Loss: 0.1217
[Client 2, Round 53] Progress: 19% (60/305) - Loss: 0.0731
[Client 2, Round 53] Progress: 20% (63/305) - Loss: 0.1244
[Client 2, Round 53] Progress: 21% (66/305) - Loss: 0.1000
[Client 2, Round 53] Progress: 22% (69/305) - Loss: 0.0881
[Client 2, Round 53] Progress: 23% (72/305) - Loss: 0.1816
[Client 2, Round 53] Progress: 24% (75/305) - Loss: 0.0997
[Client 2, Round 53] Progress: 25% (78/305) - Loss: 0.1228
[Client 2, Round 53] Progress: 26% (81/305) - Loss: 0.1062
[Client 2, Round 53] Progress: 27% (84/305) - Loss: 0.0790
[Client 2, Round 53] Progress: 28% (87/305) - Loss: 0.1635
[Client 2, Round 53] Progress: 29% (90/305) - Loss: 0.0725
[Client 2, Round 53] Progress: 30% (93/305) - Loss: 0.1188
[Client 2, Round 53] Progress: 31% (96/305) - Loss: 0.9231
[Client 2, Round 53] Progress: 32% (99/305) - Loss: 0.1695
[Client 2, Round 53] Progress: 33% (102/305) - Loss: 0.1316
[Client 2, Round 53] Progress: 34% (105/305) - Loss: 0.0487
[Client 2, Round 53] Progress: 35% (108/305) - Loss: 0.1194
[Client 2, Round 53] Progress: 36% (111/305) - Loss: 0.0902
[Client 2, Round 53] Progress: 37% (114/305) - Loss: 0.0583
[Client 2, Round 53] Progress: 38% (117/305) - Loss: 0.1246
[Client 2, Round 53] Progress: 39% (120/305) - Loss: 0.0666
[Client 2, Round 53] Progress: 40% (123/305) - Loss: 0.0764
[Client 2, Round 53] Progress: 41% (126/305) - Loss: 0.0615
[Client 2, Round 53] Progress: 42% (129/305) - Loss: 0.1675
[Client 2, Round 53] Progress: 43% (132/305) - Loss: 0.0543
[Client 2, Round 53] Progress: 44% (135/305) - Loss: 0.1312
[Client 2, Round 53] Progress: 45% (138/305) - Loss: 0.1318
[Client 2, Round 53] Progress: 46% (141/305) - Loss: 0.0872
[Client 2, Round 53] Progress: 47% (144/305) - Loss: 0.0300
[Client 2, Round 53] Progress: 48% (147/305) - Loss: 0.1614
[Client 2, Round 53] Progress: 49% (150/305) - Loss: 0.0779
[Client 2, Round 53] Progress: 50% (153/305) - Loss: 0.0925
[Client 2, Round 53] Progress: 51% (156/305) - Loss: 0.0898
[Client 2, Round 53] Progress: 52% (159/305) - Loss: 0.2057
[Client 2, Round 53] Progress: 53% (162/305) - Loss: 0.1049
[Client 2, Round 53] Progress: 54% (165/305) - Loss: 0.2936
[Client 2, Round 53] Progress: 55% (168/305) - Loss: 0.1824
[Client 2, Round 53] Progress: 56% (171/305) - Loss: 0.0626
[Client 2, Round 53] Progress: 57% (174/305) - Loss: 0.0740
[Client 2, Round 53] Progress: 58% (177/305) - Loss: 0.0916
[Client 2, Round 53] Progress: 59% (180/305) - Loss: 0.2991
[Client 2, Round 53] Progress: 60% (183/305) - Loss: 0.0818
[Client 2, Round 53] Progress: 60% (186/305) - Loss: 0.1754
[Client 2, Round 53] Progress: 61% (189/305) - Loss: 0.0969
[Client 2, Round 53] Progress: 62% (192/305) - Loss: 0.1035
[Client 2, Round 53] Progress: 63% (195/305) - Loss: 0.0748
[Client 2, Round 53] Progress: 64% (198/305) - Loss: 0.0823
[Client 2, Round 53] Progress: 65% (201/305) - Loss: 0.1513
[Client 2, Round 53] Progress: 66% (204/305) - Loss: 0.0813
[Client 2, Round 53] Progress: 67% (207/305) - Loss: 0.0515
[Client 2, Round 53] Progress: 68% (210/305) - Loss: 0.0691
[Client 2, Round 53] Progress: 69% (213/305) - Loss: 0.0831
[Client 2, Round 53] Progress: 70% (216/305) - Loss: 0.0565
[Client 2, Round 53] Progress: 71% (219/305) - Loss: 0.1453
[Client 2, Round 53] Progress: 72% (222/305) - Loss: 0.7809
[Client 2, Round 53] Progress: 73% (225/305) - Loss: 0.0587
[Client 2, Round 53] Progress: 74% (228/305) - Loss: 0.1781
[Client 2, Round 53] Progress: 75% (231/305) - Loss: 0.0624
[Client 2, Round 53] Progress: 76% (234/305) - Loss: 0.0800
[Client 2, Round 53] Progress: 77% (237/305) - Loss: 0.1889
[Client 2, Round 53] Progress: 78% (240/305) - Loss: 0.0912
[Client 2, Round 53] Progress: 79% (243/305) - Loss: 0.0827
[Client 2, Round 53] Progress: 80% (246/305) - Loss: 0.3212
[Client 2, Round 53] Progress: 81% (249/305) - Loss: 0.0712
[Client 2, Round 53] Progress: 82% (252/305) - Loss: 0.1201
[Client 2, Round 53] Progress: 83% (255/305) - Loss: 0.0797
[Client 2, Round 53] Progress: 84% (258/305) - Loss: 0.1860
[Client 2, Round 53] Progress: 85% (261/305) - Loss: 0.1449
[Client 2, Round 53] Progress: 86% (264/305) - Loss: 0.1941
[Client 2, Round 53] Progress: 87% (267/305) - Loss: 0.0732
[Client 2, Round 53] Progress: 88% (270/305) - Loss: 0.0993
[Client 2, Round 53] Progress: 89% (273/305) - Loss: 0.0830
[Client 2, Round 53] Progress: 90% (276/305) - Loss: 0.3435
[Client 2, Round 53] Progress: 91% (279/305) - Loss: 0.0713
[Client 2, Round 53] Progress: 92% (282/305) - Loss: 0.1278
[Client 2, Round 53] Progress: 93% (285/305) - Loss: 0.2180
[Client 2, Round 53] Progress: 94% (288/305) - Loss: 0.2259
[Client 2, Round 53] Progress: 95% (291/305) - Loss: 0.0738
[Client 2, Round 53] Progress: 96% (294/305) - Loss: 0.1444
[Client 2, Round 53] Progress: 97% (297/305) - Loss: 0.1242
[Client 2, Round 53] Progress: 98% (300/305) - Loss: 0.0500
[Client 2, Round 53] Progress: 99% (303/305) - Loss: 0.0834
[Client 2, Round 53] Progress: 100% (305/305) - Loss: 0.1374
[Client 2, Round 53] Train Loss: 0.1318
[Client 2, Round 53] Val Loss: 0.1359 | Val Dice: 0.8627
[Client 2, Round 54] Progress: 0% (3/305) - Loss: 0.1174
[Client 2, Round 54] Progress: 1% (6/305) - Loss: 0.0827
[Client 2, Round 54] Progress: 2% (9/305) - Loss: 0.1067
[Client 2, Round 54] Progress: 3% (12/305) - Loss: 0.1939
[Client 2, Round 54] Progress: 4% (15/305) - Loss: 0.0545
[Client 2, Round 54] Progress: 5% (18/305) - Loss: 0.0463
[Client 2, Round 54] Progress: 6% (21/305) - Loss: 0.0364
[Client 2, Round 54] Progress: 7% (24/305) - Loss: 0.1385
[Client 2, Round 54] Progress: 8% (27/305) - Loss: 0.1316
[Client 2, Round 54] Progress: 9% (30/305) - Loss: 0.0784
[Client 2, Round 54] Progress: 10% (33/305) - Loss: 0.0735
[Client 2, Round 54] Progress: 11% (36/305) - Loss: 0.1833
[Client 2, Round 54] Progress: 12% (39/305) - Loss: 0.0424
[Client 2, Round 54] Progress: 13% (42/305) - Loss: 0.2570
[Client 2, Round 54] Progress: 14% (45/305) - Loss: 0.0839
[Client 2, Round 54] Progress: 15% (48/305) - Loss: 0.1082
[Client 2, Round 54] Progress: 16% (51/305) - Loss: 0.1049
[Client 2, Round 54] Progress: 17% (54/305) - Loss: 0.1343
[Client 2, Round 54] Progress: 18% (57/305) - Loss: 0.0899
[Client 2, Round 54] Progress: 19% (60/305) - Loss: 0.0811
[Client 2, Round 54] Progress: 20% (63/305) - Loss: 0.0990
[Client 2, Round 54] Progress: 21% (66/305) - Loss: 0.1707
[Client 2, Round 54] Progress: 22% (69/305) - Loss: 0.0418
[Client 2, Round 54] Progress: 23% (72/305) - Loss: 0.2341
[Client 2, Round 54] Progress: 24% (75/305) - Loss: 0.6998
[Client 2, Round 54] Progress: 25% (78/305) - Loss: 0.1329
[Client 2, Round 54] Progress: 26% (81/305) - Loss: 0.0499
[Client 2, Round 54] Progress: 27% (84/305) - Loss: 0.1097
[Client 2, Round 54] Progress: 28% (87/305) - Loss: 0.0712
[Client 2, Round 54] Progress: 29% (90/305) - Loss: 0.2041
[Client 2, Round 54] Progress: 30% (93/305) - Loss: 0.0479
[Client 2, Round 54] Progress: 31% (96/305) - Loss: 0.0855
[Client 2, Round 54] Progress: 32% (99/305) - Loss: 0.0787
[Client 2, Round 54] Progress: 33% (102/305) - Loss: 0.1082
[Client 2, Round 54] Progress: 34% (105/305) - Loss: 0.1044
[Client 2, Round 54] Progress: 35% (108/305) - Loss: 0.0691
[Client 2, Round 54] Progress: 36% (111/305) - Loss: 0.0715
[Client 2, Round 54] Progress: 37% (114/305) - Loss: 0.0280
[Client 2, Round 54] Progress: 38% (117/305) - Loss: 0.4366
[Client 2, Round 54] Progress: 39% (120/305) - Loss: 0.0582
[Client 2, Round 54] Progress: 40% (123/305) - Loss: 0.3877
[Client 2, Round 54] Progress: 41% (126/305) - Loss: 0.0821
[Client 2, Round 54] Progress: 42% (129/305) - Loss: 0.0642
[Client 2, Round 54] Progress: 43% (132/305) - Loss: 0.1038
[Client 2, Round 54] Progress: 44% (135/305) - Loss: 0.1520
[Client 2, Round 54] Progress: 45% (138/305) - Loss: 0.0731
[Client 2, Round 54] Progress: 46% (141/305) - Loss: 0.0928
[Client 2, Round 54] Progress: 47% (144/305) - Loss: 0.2273
[Client 2, Round 54] Progress: 48% (147/305) - Loss: 0.0907
[Client 2, Round 54] Progress: 49% (150/305) - Loss: 0.0754
[Client 2, Round 54] Progress: 50% (153/305) - Loss: 0.1797
[Client 2, Round 54] Progress: 51% (156/305) - Loss: 0.0512
[Client 2, Round 54] Progress: 52% (159/305) - Loss: 0.0762
[Client 2, Round 54] Progress: 53% (162/305) - Loss: 0.0983
[Client 2, Round 54] Progress: 54% (165/305) - Loss: 0.0967
[Client 2, Round 54] Progress: 55% (168/305) - Loss: 0.0374
[Client 2, Round 54] Progress: 56% (171/305) - Loss: 0.1817
[Client 2, Round 54] Progress: 57% (174/305) - Loss: 0.0742
[Client 2, Round 54] Progress: 58% (177/305) - Loss: 0.0726
[Client 2, Round 54] Progress: 59% (180/305) - Loss: 0.1909
[Client 2, Round 54] Progress: 60% (183/305) - Loss: 0.2399
[Client 2, Round 54] Progress: 60% (186/305) - Loss: 0.1294
[Client 2, Round 54] Progress: 61% (189/305) - Loss: 0.2288
[Client 2, Round 54] Progress: 62% (192/305) - Loss: 0.0783
[Client 2, Round 54] Progress: 63% (195/305) - Loss: 0.1433
[Client 2, Round 54] Progress: 64% (198/305) - Loss: 0.1193
[Client 2, Round 54] Progress: 65% (201/305) - Loss: 0.1906
[Client 2, Round 54] Progress: 66% (204/305) - Loss: 0.0552
[Client 2, Round 54] Progress: 67% (207/305) - Loss: 0.0623
[Client 2, Round 54] Progress: 68% (210/305) - Loss: 0.0449
[Client 2, Round 54] Progress: 69% (213/305) - Loss: 0.1044
[Client 2, Round 54] Progress: 70% (216/305) - Loss: 0.1902
[Client 2, Round 54] Progress: 71% (219/305) - Loss: 0.0771
[Client 2, Round 54] Progress: 72% (222/305) - Loss: 0.1192
[Client 2, Round 54] Progress: 73% (225/305) - Loss: 0.0752
[Client 2, Round 54] Progress: 74% (228/305) - Loss: 0.1713
[Client 2, Round 54] Progress: 75% (231/305) - Loss: 0.0765
[Client 2, Round 54] Progress: 76% (234/305) - Loss: 0.1216
[Client 2, Round 54] Progress: 77% (237/305) - Loss: 0.1586
[Client 2, Round 54] Progress: 78% (240/305) - Loss: 0.0874
[Client 2, Round 54] Progress: 79% (243/305) - Loss: 0.1339
[Client 2, Round 54] Progress: 80% (246/305) - Loss: 0.0713
[Client 2, Round 54] Progress: 81% (249/305) - Loss: 0.1895
[Client 2, Round 54] Progress: 82% (252/305) - Loss: 0.1344
[Client 2, Round 54] Progress: 83% (255/305) - Loss: 0.3353
[Client 2, Round 54] Progress: 84% (258/305) - Loss: 0.9325
[Client 2, Round 54] Progress: 85% (261/305) - Loss: 0.0600
[Client 2, Round 54] Progress: 86% (264/305) - Loss: 0.2297
[Client 2, Round 54] Progress: 87% (267/305) - Loss: 0.1466
[Client 2, Round 54] Progress: 88% (270/305) - Loss: 0.3438
[Client 2, Round 54] Progress: 89% (273/305) - Loss: 0.1943
[Client 2, Round 54] Progress: 90% (276/305) - Loss: 0.1119
[Client 2, Round 54] Progress: 91% (279/305) - Loss: 0.1482
[Client 2, Round 54] Progress: 92% (282/305) - Loss: 0.1795
[Client 2, Round 54] Progress: 93% (285/305) - Loss: 0.1316
[Client 2, Round 54] Progress: 94% (288/305) - Loss: 0.0516
[Client 2, Round 54] Progress: 95% (291/305) - Loss: 0.0696
[Client 2, Round 54] Progress: 96% (294/305) - Loss: 0.1508
[Client 2, Round 54] Progress: 97% (297/305) - Loss: 0.0764
[Client 2, Round 54] Progress: 98% (300/305) - Loss: 0.0740
[Client 2, Round 54] Progress: 99% (303/305) - Loss: 0.0834
[Client 2, Round 54] Progress: 100% (305/305) - Loss: 0.0640
[Client 2, Round 54] Train Loss: 0.1404
[Client 2, Round 54] Val Loss: 0.1359 | Val Dice: 0.8646
[Client 2, Round 55] Progress: 0% (3/305) - Loss: 0.1282
[Client 2, Round 55] Progress: 1% (6/305) - Loss: 0.1216
[Client 2, Round 55] Progress: 2% (9/305) - Loss: 0.1637
[Client 2, Round 55] Progress: 3% (12/305) - Loss: 0.1389
[Client 2, Round 55] Progress: 4% (15/305) - Loss: 0.0635
[Client 2, Round 55] Progress: 5% (18/305) - Loss: 0.1113
[Client 2, Round 55] Progress: 6% (21/305) - Loss: 0.1664
[Client 2, Round 55] Progress: 7% (24/305) - Loss: 0.1678
[Client 2, Round 55] Progress: 8% (27/305) - Loss: 0.7443
[Client 2, Round 55] Progress: 9% (30/305) - Loss: 0.3346
[Client 2, Round 55] Progress: 10% (33/305) - Loss: 0.3408
[Client 2, Round 55] Progress: 11% (36/305) - Loss: 0.1976
[Client 2, Round 55] Progress: 12% (39/305) - Loss: 0.0712
[Client 2, Round 55] Progress: 13% (42/305) - Loss: 0.3155
[Client 2, Round 55] Progress: 14% (45/305) - Loss: 0.0871
[Client 2, Round 55] Progress: 15% (48/305) - Loss: 0.0728
[Client 2, Round 55] Progress: 16% (51/305) - Loss: 0.1196
[Client 2, Round 55] Progress: 17% (54/305) - Loss: 0.0856
[Client 2, Round 55] Progress: 18% (57/305) - Loss: 0.1353
[Client 2, Round 55] Progress: 19% (60/305) - Loss: 0.0697
[Client 2, Round 55] Progress: 20% (63/305) - Loss: 0.0781
[Client 2, Round 55] Progress: 21% (66/305) - Loss: 0.0601
[Client 2, Round 55] Progress: 22% (69/305) - Loss: 0.1045
[Client 2, Round 55] Progress: 23% (72/305) - Loss: 0.4223
[Client 2, Round 55] Progress: 24% (75/305) - Loss: 0.0706
[Client 2, Round 55] Progress: 25% (78/305) - Loss: 0.1042
[Client 2, Round 55] Progress: 26% (81/305) - Loss: 0.0972
[Client 2, Round 55] Progress: 27% (84/305) - Loss: 0.0872
[Client 2, Round 55] Progress: 28% (87/305) - Loss: 0.0721
[Client 2, Round 55] Progress: 29% (90/305) - Loss: 0.0795
[Client 2, Round 55] Progress: 30% (93/305) - Loss: 0.3150
[Client 2, Round 55] Progress: 31% (96/305) - Loss: 0.1059
[Client 2, Round 55] Progress: 32% (99/305) - Loss: 0.1362
[Client 2, Round 55] Progress: 33% (102/305) - Loss: 0.1437
[Client 2, Round 55] Progress: 34% (105/305) - Loss: 0.2140
[Client 2, Round 55] Progress: 35% (108/305) - Loss: 0.2338
[Client 2, Round 55] Progress: 36% (111/305) - Loss: 0.1486
[Client 2, Round 55] Progress: 37% (114/305) - Loss: 0.1013
[Client 2, Round 55] Progress: 38% (117/305) - Loss: 0.7955
[Client 2, Round 55] Progress: 39% (120/305) - Loss: 0.0660
[Client 2, Round 55] Progress: 40% (123/305) - Loss: 0.0645
[Client 2, Round 55] Progress: 41% (126/305) - Loss: 0.1112
[Client 2, Round 55] Progress: 42% (129/305) - Loss: 0.1287
[Client 2, Round 55] Progress: 43% (132/305) - Loss: 0.0358
[Client 2, Round 55] Progress: 44% (135/305) - Loss: 0.1459
[Client 2, Round 55] Progress: 45% (138/305) - Loss: 0.0823
[Client 2, Round 55] Progress: 46% (141/305) - Loss: 0.0467
[Client 2, Round 55] Progress: 47% (144/305) - Loss: 0.0626
[Client 2, Round 55] Progress: 48% (147/305) - Loss: 0.1702
[Client 2, Round 55] Progress: 49% (150/305) - Loss: 0.0745
[Client 2, Round 55] Progress: 50% (153/305) - Loss: 0.1266
[Client 2, Round 55] Progress: 51% (156/305) - Loss: 0.1385
[Client 2, Round 55] Progress: 52% (159/305) - Loss: 0.1616
[Client 2, Round 55] Progress: 53% (162/305) - Loss: 0.1536
[Client 2, Round 55] Progress: 54% (165/305) - Loss: 0.0900
[Client 2, Round 55] Progress: 55% (168/305) - Loss: 0.1164
[Client 2, Round 55] Progress: 56% (171/305) - Loss: 0.1183
[Client 2, Round 55] Progress: 57% (174/305) - Loss: 0.2081
[Client 2, Round 55] Progress: 58% (177/305) - Loss: 0.1447
[Client 2, Round 55] Progress: 59% (180/305) - Loss: 0.0864
[Client 2, Round 55] Progress: 60% (183/305) - Loss: 0.1062
[Client 2, Round 55] Progress: 60% (186/305) - Loss: 0.0888
[Client 2, Round 55] Progress: 61% (189/305) - Loss: 0.1366
[Client 2, Round 55] Progress: 62% (192/305) - Loss: 0.2316
[Client 2, Round 55] Progress: 63% (195/305) - Loss: 0.1023
[Client 2, Round 55] Progress: 64% (198/305) - Loss: 0.1271
[Client 2, Round 55] Progress: 65% (201/305) - Loss: 0.0366
[Client 2, Round 55] Progress: 66% (204/305) - Loss: 0.0761
[Client 2, Round 55] Progress: 67% (207/305) - Loss: 0.5051
[Client 2, Round 55] Progress: 68% (210/305) - Loss: 0.1644
[Client 2, Round 55] Progress: 69% (213/305) - Loss: 0.0906
[Client 2, Round 55] Progress: 70% (216/305) - Loss: 0.2755
[Client 2, Round 55] Progress: 71% (219/305) - Loss: 0.0682
[Client 2, Round 55] Progress: 72% (222/305) - Loss: 0.0757
[Client 2, Round 55] Progress: 73% (225/305) - Loss: 0.1201
[Client 2, Round 55] Progress: 74% (228/305) - Loss: 0.0804
[Client 2, Round 55] Progress: 75% (231/305) - Loss: 0.0802
[Client 2, Round 55] Progress: 76% (234/305) - Loss: 0.0781
[Client 2, Round 55] Progress: 77% (237/305) - Loss: 0.1074
[Client 2, Round 55] Progress: 78% (240/305) - Loss: 0.1257
[Client 2, Round 55] Progress: 79% (243/305) - Loss: 0.1119
[Client 2, Round 55] Progress: 80% (246/305) - Loss: 0.0785
[Client 2, Round 55] Progress: 81% (249/305) - Loss: 0.0925
[Client 2, Round 55] Progress: 82% (252/305) - Loss: 0.1149
[Client 2, Round 55] Progress: 83% (255/305) - Loss: 0.1070
[Client 2, Round 55] Progress: 84% (258/305) - Loss: 0.4034
[Client 2, Round 55] Progress: 85% (261/305) - Loss: 0.0857
[Client 2, Round 55] Progress: 86% (264/305) - Loss: 0.0815
[Client 2, Round 55] Progress: 87% (267/305) - Loss: 0.1227
[Client 2, Round 55] Progress: 88% (270/305) - Loss: 0.1003
[Client 2, Round 55] Progress: 89% (273/305) - Loss: 0.1364
[Client 2, Round 55] Progress: 90% (276/305) - Loss: 0.0605
[Client 2, Round 55] Progress: 91% (279/305) - Loss: 0.0600
[Client 2, Round 55] Progress: 92% (282/305) - Loss: 0.1980
[Client 2, Round 55] Progress: 93% (285/305) - Loss: 0.0613
[Client 2, Round 55] Progress: 94% (288/305) - Loss: 0.2302
[Client 2, Round 55] Progress: 95% (291/305) - Loss: 0.1939
[Client 2, Round 55] Progress: 96% (294/305) - Loss: 0.0756
[Client 2, Round 55] Progress: 97% (297/305) - Loss: 0.4074
[Client 2, Round 55] Progress: 98% (300/305) - Loss: 0.0910
[Client 2, Round 55] Progress: 99% (303/305) - Loss: 0.0846
[Client 2, Round 55] Progress: 100% (305/305) - Loss: 0.0619
[Client 2, Round 55] Train Loss: 0.1410
[Client 2, Round 55] Val Loss: 0.1299 | Val Dice: 0.8686
[Client 2, Round 56] Progress: 0% (3/305) - Loss: 0.1129
[Client 2, Round 56] Progress: 1% (6/305) - Loss: 0.0864
[Client 2, Round 56] Progress: 2% (9/305) - Loss: 0.0602
[Client 2, Round 56] Progress: 3% (12/305) - Loss: 0.1048
[Client 2, Round 56] Progress: 4% (15/305) - Loss: 0.1087
[Client 2, Round 56] Progress: 5% (18/305) - Loss: 0.5285
[Client 2, Round 56] Progress: 6% (21/305) - Loss: 0.0950
[Client 2, Round 56] Progress: 7% (24/305) - Loss: 0.0680
[Client 2, Round 56] Progress: 8% (27/305) - Loss: 0.3541
[Client 2, Round 56] Progress: 9% (30/305) - Loss: 0.1480
[Client 2, Round 56] Progress: 10% (33/305) - Loss: 0.1447
[Client 2, Round 56] Progress: 11% (36/305) - Loss: 0.0957
[Client 2, Round 56] Progress: 12% (39/305) - Loss: 0.1308
[Client 2, Round 56] Progress: 13% (42/305) - Loss: 0.0664
[Client 2, Round 56] Progress: 14% (45/305) - Loss: 0.0706
[Client 2, Round 56] Progress: 15% (48/305) - Loss: 0.1544
[Client 2, Round 56] Progress: 16% (51/305) - Loss: 0.0834
[Client 2, Round 56] Progress: 17% (54/305) - Loss: 0.0778
[Client 2, Round 56] Progress: 18% (57/305) - Loss: 0.3102
[Client 2, Round 56] Progress: 19% (60/305) - Loss: 0.0849
[Client 2, Round 56] Progress: 20% (63/305) - Loss: 0.1128
[Client 2, Round 56] Progress: 21% (66/305) - Loss: 0.1832
[Client 2, Round 56] Progress: 22% (69/305) - Loss: 0.1359
[Client 2, Round 56] Progress: 23% (72/305) - Loss: 0.2922
[Client 2, Round 56] Progress: 24% (75/305) - Loss: 0.0346
[Client 2, Round 56] Progress: 25% (78/305) - Loss: 0.0727
[Client 2, Round 56] Progress: 26% (81/305) - Loss: 0.1112
[Client 2, Round 56] Progress: 27% (84/305) - Loss: 0.1120
[Client 2, Round 56] Progress: 28% (87/305) - Loss: 0.0670
[Client 2, Round 56] Progress: 29% (90/305) - Loss: 0.7395
[Client 2, Round 56] Progress: 30% (93/305) - Loss: 0.0843
[Client 2, Round 56] Progress: 31% (96/305) - Loss: 0.1204
[Client 2, Round 56] Progress: 32% (99/305) - Loss: 0.1407
[Client 2, Round 56] Progress: 33% (102/305) - Loss: 0.2984
[Client 2, Round 56] Progress: 34% (105/305) - Loss: 0.1296
[Client 2, Round 56] Progress: 35% (108/305) - Loss: 0.0912
[Client 2, Round 56] Progress: 36% (111/305) - Loss: 0.1113
[Client 2, Round 56] Progress: 37% (114/305) - Loss: 0.1272
[Client 2, Round 56] Progress: 38% (117/305) - Loss: 0.0438
[Client 2, Round 56] Progress: 39% (120/305) - Loss: 0.1276
[Client 2, Round 56] Progress: 40% (123/305) - Loss: 0.0783
[Client 2, Round 56] Progress: 41% (126/305) - Loss: 0.0733
[Client 2, Round 56] Progress: 42% (129/305) - Loss: 0.1258
[Client 2, Round 56] Progress: 43% (132/305) - Loss: 0.0535
[Client 2, Round 56] Progress: 44% (135/305) - Loss: 0.1005
[Client 2, Round 56] Progress: 45% (138/305) - Loss: 0.1848
[Client 2, Round 56] Progress: 46% (141/305) - Loss: 0.1235
[Client 2, Round 56] Progress: 47% (144/305) - Loss: 0.1462
[Client 2, Round 56] Progress: 48% (147/305) - Loss: 0.0657
[Client 2, Round 56] Progress: 49% (150/305) - Loss: 0.0505
[Client 2, Round 56] Progress: 50% (153/305) - Loss: 0.1288
[Client 2, Round 56] Progress: 51% (156/305) - Loss: 0.2100
[Client 2, Round 56] Progress: 52% (159/305) - Loss: 0.2124
[Client 2, Round 56] Progress: 53% (162/305) - Loss: 0.1053
[Client 2, Round 56] Progress: 54% (165/305) - Loss: 0.0725
[Client 2, Round 56] Progress: 55% (168/305) - Loss: 0.0778
[Client 2, Round 56] Progress: 56% (171/305) - Loss: 0.2083
[Client 2, Round 56] Progress: 57% (174/305) - Loss: 0.1380
[Client 2, Round 56] Progress: 58% (177/305) - Loss: 0.1825
[Client 2, Round 56] Progress: 59% (180/305) - Loss: 0.5331
[Client 2, Round 56] Progress: 60% (183/305) - Loss: 0.3999
[Client 2, Round 56] Progress: 60% (186/305) - Loss: 0.0897
[Client 2, Round 56] Progress: 61% (189/305) - Loss: 0.1079
[Client 2, Round 56] Progress: 62% (192/305) - Loss: 0.2512
[Client 2, Round 56] Progress: 63% (195/305) - Loss: 0.0710
[Client 2, Round 56] Progress: 64% (198/305) - Loss: 0.1737
[Client 2, Round 56] Progress: 65% (201/305) - Loss: 0.0918
[Client 2, Round 56] Progress: 66% (204/305) - Loss: 0.1446
[Client 2, Round 56] Progress: 67% (207/305) - Loss: 0.1721
[Client 2, Round 56] Progress: 68% (210/305) - Loss: 0.0930
[Client 2, Round 56] Progress: 69% (213/305) - Loss: 0.1648
[Client 2, Round 56] Progress: 70% (216/305) - Loss: 0.0688
[Client 2, Round 56] Progress: 71% (219/305) - Loss: 0.0771
[Client 2, Round 56] Progress: 72% (222/305) - Loss: 0.0731
[Client 2, Round 56] Progress: 73% (225/305) - Loss: 0.0624
[Client 2, Round 56] Progress: 74% (228/305) - Loss: 0.0923
[Client 2, Round 56] Progress: 75% (231/305) - Loss: 0.0848
[Client 2, Round 56] Progress: 76% (234/305) - Loss: 0.2322
[Client 2, Round 56] Progress: 77% (237/305) - Loss: 0.5220
[Client 2, Round 56] Progress: 78% (240/305) - Loss: 0.1440
[Client 2, Round 56] Progress: 79% (243/305) - Loss: 0.0999
[Client 2, Round 56] Progress: 80% (246/305) - Loss: 0.1188
[Client 2, Round 56] Progress: 81% (249/305) - Loss: 0.1081
[Client 2, Round 56] Progress: 82% (252/305) - Loss: 0.1717
[Client 2, Round 56] Progress: 83% (255/305) - Loss: 0.0659
[Client 2, Round 56] Progress: 84% (258/305) - Loss: 0.0917
[Client 2, Round 56] Progress: 85% (261/305) - Loss: 0.0722
[Client 2, Round 56] Progress: 86% (264/305) - Loss: 0.0619
[Client 2, Round 56] Progress: 87% (267/305) - Loss: 0.1404
[Client 2, Round 56] Progress: 88% (270/305) - Loss: 0.0645
[Client 2, Round 56] Progress: 89% (273/305) - Loss: 0.1055
[Client 2, Round 56] Progress: 90% (276/305) - Loss: 0.3443
[Client 2, Round 56] Progress: 91% (279/305) - Loss: 0.0354
[Client 2, Round 56] Progress: 92% (282/305) - Loss: 0.1917
[Client 2, Round 56] Progress: 93% (285/305) - Loss: 0.1382
[Client 2, Round 56] Progress: 94% (288/305) - Loss: 0.0829
[Client 2, Round 56] Progress: 95% (291/305) - Loss: 0.1749
[Client 2, Round 56] Progress: 96% (294/305) - Loss: 0.1332
[Client 2, Round 56] Progress: 97% (297/305) - Loss: 0.1322
[Client 2, Round 56] Progress: 98% (300/305) - Loss: 0.0578
[Client 2, Round 56] Progress: 99% (303/305) - Loss: 0.1769
[Client 2, Round 56] Progress: 100% (305/305) - Loss: 0.0708
[Client 2, Round 56] Train Loss: 0.1432
[Client 2, Round 56] Val Loss: 0.1395 | Val Dice: 0.8594
[Client 2, Round 57] Progress: 0% (3/305) - Loss: 0.1358
[Client 2, Round 57] Progress: 1% (6/305) - Loss: 0.1066
[Client 2, Round 57] Progress: 2% (9/305) - Loss: 0.0798
[Client 2, Round 57] Progress: 3% (12/305) - Loss: 0.1431
[Client 2, Round 57] Progress: 4% (15/305) - Loss: 0.0601
[Client 2, Round 57] Progress: 5% (18/305) - Loss: 0.4933
[Client 2, Round 57] Progress: 6% (21/305) - Loss: 0.0543
[Client 2, Round 57] Progress: 7% (24/305) - Loss: 0.1696
[Client 2, Round 57] Progress: 8% (27/305) - Loss: 0.2209
[Client 2, Round 57] Progress: 9% (30/305) - Loss: 0.1077
[Client 2, Round 57] Progress: 10% (33/305) - Loss: 0.0648
[Client 2, Round 57] Progress: 11% (36/305) - Loss: 0.0907
[Client 2, Round 57] Progress: 12% (39/305) - Loss: 0.0952
[Client 2, Round 57] Progress: 13% (42/305) - Loss: 0.0684
[Client 2, Round 57] Progress: 14% (45/305) - Loss: 0.0938
[Client 2, Round 57] Progress: 15% (48/305) - Loss: 0.1354
[Client 2, Round 57] Progress: 16% (51/305) - Loss: 0.3314
[Client 2, Round 57] Progress: 17% (54/305) - Loss: 0.0646
[Client 2, Round 57] Progress: 18% (57/305) - Loss: 0.0929
[Client 2, Round 57] Progress: 19% (60/305) - Loss: 0.1311
[Client 2, Round 57] Progress: 20% (63/305) - Loss: 0.1550
[Client 2, Round 57] Progress: 21% (66/305) - Loss: 0.0372
[Client 2, Round 57] Progress: 22% (69/305) - Loss: 0.0475
[Client 2, Round 57] Progress: 23% (72/305) - Loss: 0.0636
[Client 2, Round 57] Progress: 24% (75/305) - Loss: 0.1949
[Client 2, Round 57] Progress: 25% (78/305) - Loss: 0.0539
[Client 2, Round 57] Progress: 26% (81/305) - Loss: 0.1085
[Client 2, Round 57] Progress: 27% (84/305) - Loss: 0.1495
[Client 2, Round 57] Progress: 28% (87/305) - Loss: 0.1405
[Client 2, Round 57] Progress: 29% (90/305) - Loss: 0.0406
[Client 2, Round 57] Progress: 30% (93/305) - Loss: 0.2533
[Client 2, Round 57] Progress: 31% (96/305) - Loss: 0.0508
[Client 2, Round 57] Progress: 32% (99/305) - Loss: 0.1017
[Client 2, Round 57] Progress: 33% (102/305) - Loss: 0.0809
[Client 2, Round 57] Progress: 34% (105/305) - Loss: 0.1360
[Client 2, Round 57] Progress: 35% (108/305) - Loss: 0.1377
[Client 2, Round 57] Progress: 36% (111/305) - Loss: 0.2063
[Client 2, Round 57] Progress: 37% (114/305) - Loss: 0.1550
[Client 2, Round 57] Progress: 38% (117/305) - Loss: 0.1071
[Client 2, Round 57] Progress: 39% (120/305) - Loss: 0.0795
[Client 2, Round 57] Progress: 40% (123/305) - Loss: 0.0649
[Client 2, Round 57] Progress: 41% (126/305) - Loss: 0.0741
[Client 2, Round 57] Progress: 42% (129/305) - Loss: 0.0812
[Client 2, Round 57] Progress: 43% (132/305) - Loss: 0.2192
[Client 2, Round 57] Progress: 44% (135/305) - Loss: 0.0818
[Client 2, Round 57] Progress: 45% (138/305) - Loss: 0.0795
[Client 2, Round 57] Progress: 46% (141/305) - Loss: 0.0992
[Client 2, Round 57] Progress: 47% (144/305) - Loss: 0.1608
[Client 2, Round 57] Progress: 48% (147/305) - Loss: 0.1615
[Client 2, Round 57] Progress: 49% (150/305) - Loss: 0.0926
[Client 2, Round 57] Progress: 50% (153/305) - Loss: 0.0469
[Client 2, Round 57] Progress: 51% (156/305) - Loss: 0.1098
[Client 2, Round 57] Progress: 52% (159/305) - Loss: 0.0791
[Client 2, Round 57] Progress: 53% (162/305) - Loss: 0.1324
[Client 2, Round 57] Progress: 54% (165/305) - Loss: 0.0767
[Client 2, Round 57] Progress: 55% (168/305) - Loss: 0.1119
[Client 2, Round 57] Progress: 56% (171/305) - Loss: 0.1049
[Client 2, Round 57] Progress: 57% (174/305) - Loss: 0.0464
[Client 2, Round 57] Progress: 58% (177/305) - Loss: 0.0925
[Client 2, Round 57] Progress: 59% (180/305) - Loss: 0.1591
[Client 2, Round 57] Progress: 60% (183/305) - Loss: 0.0825
[Client 2, Round 57] Progress: 60% (186/305) - Loss: 0.0819
[Client 2, Round 57] Progress: 61% (189/305) - Loss: 0.2915
[Client 2, Round 57] Progress: 62% (192/305) - Loss: 0.0830
[Client 2, Round 57] Progress: 63% (195/305) - Loss: 0.0561
[Client 2, Round 57] Progress: 64% (198/305) - Loss: 0.1998
[Client 2, Round 57] Progress: 65% (201/305) - Loss: 0.1125
[Client 2, Round 57] Progress: 66% (204/305) - Loss: 0.1170
[Client 2, Round 57] Progress: 67% (207/305) - Loss: 0.1136
[Client 2, Round 57] Progress: 68% (210/305) - Loss: 0.0775
[Client 2, Round 57] Progress: 69% (213/305) - Loss: 0.1361
[Client 2, Round 57] Progress: 70% (216/305) - Loss: 0.0430
[Client 2, Round 57] Progress: 71% (219/305) - Loss: 0.1100
[Client 2, Round 57] Progress: 72% (222/305) - Loss: 0.0471
[Client 2, Round 57] Progress: 73% (225/305) - Loss: 0.0852
[Client 2, Round 57] Progress: 74% (228/305) - Loss: 0.1221
[Client 2, Round 57] Progress: 75% (231/305) - Loss: 0.1669
[Client 2, Round 57] Progress: 76% (234/305) - Loss: 0.2124
[Client 2, Round 57] Progress: 77% (237/305) - Loss: 0.0769
[Client 2, Round 57] Progress: 78% (240/305) - Loss: 0.0855
[Client 2, Round 57] Progress: 79% (243/305) - Loss: 0.0679
[Client 2, Round 57] Progress: 80% (246/305) - Loss: 0.1479
[Client 2, Round 57] Progress: 81% (249/305) - Loss: 0.0792
[Client 2, Round 57] Progress: 82% (252/305) - Loss: 0.1291
[Client 2, Round 57] Progress: 83% (255/305) - Loss: 0.0826
[Client 2, Round 57] Progress: 84% (258/305) - Loss: 0.1840
[Client 2, Round 57] Progress: 85% (261/305) - Loss: 0.3378
[Client 2, Round 57] Progress: 86% (264/305) - Loss: 0.1125
[Client 2, Round 57] Progress: 87% (267/305) - Loss: 0.0727
[Client 2, Round 57] Progress: 88% (270/305) - Loss: 0.1436
[Client 2, Round 57] Progress: 89% (273/305) - Loss: 0.0510
[Client 2, Round 57] Progress: 90% (276/305) - Loss: 0.1148
[Client 2, Round 57] Progress: 91% (279/305) - Loss: 0.0924
[Client 2, Round 57] Progress: 92% (282/305) - Loss: 0.1569
[Client 2, Round 57] Progress: 93% (285/305) - Loss: 0.2099
[Client 2, Round 57] Progress: 94% (288/305) - Loss: 0.1907
[Client 2, Round 57] Progress: 95% (291/305) - Loss: 0.1240
[Client 2, Round 57] Progress: 96% (294/305) - Loss: 0.1679
[Client 2, Round 57] Progress: 97% (297/305) - Loss: 0.2060
[Client 2, Round 57] Progress: 98% (300/305) - Loss: 0.1255
[Client 2, Round 57] Progress: 99% (303/305) - Loss: 0.1656
[Client 2, Round 57] Progress: 100% (305/305) - Loss: 0.0786
[Client 2, Round 57] Train Loss: 0.1322
[Client 2, Round 57] Val Loss: 0.1346 | Val Dice: 0.8649
[Client 2, Round 58] Progress: 0% (3/305) - Loss: 0.1368
[Client 2, Round 58] Progress: 1% (6/305) - Loss: 0.1748
[Client 2, Round 58] Progress: 2% (9/305) - Loss: 0.1889
[Client 2, Round 58] Progress: 3% (12/305) - Loss: 0.0384
[Client 2, Round 58] Progress: 4% (15/305) - Loss: 0.0616
[Client 2, Round 58] Progress: 5% (18/305) - Loss: 0.1282
[Client 2, Round 58] Progress: 6% (21/305) - Loss: 0.8297
[Client 2, Round 58] Progress: 7% (24/305) - Loss: 0.1412
[Client 2, Round 58] Progress: 8% (27/305) - Loss: 0.1270
[Client 2, Round 58] Progress: 9% (30/305) - Loss: 0.2123
[Client 2, Round 58] Progress: 10% (33/305) - Loss: 0.0982
[Client 2, Round 58] Progress: 11% (36/305) - Loss: 0.1253
[Client 2, Round 58] Progress: 12% (39/305) - Loss: 0.1188
[Client 2, Round 58] Progress: 13% (42/305) - Loss: 0.1745
[Client 2, Round 58] Progress: 14% (45/305) - Loss: 0.4061
[Client 2, Round 58] Progress: 15% (48/305) - Loss: 0.0988
[Client 2, Round 58] Progress: 16% (51/305) - Loss: 0.1417
[Client 2, Round 58] Progress: 17% (54/305) - Loss: 0.0782
[Client 2, Round 58] Progress: 18% (57/305) - Loss: 0.0840
[Client 2, Round 58] Progress: 19% (60/305) - Loss: 0.2006
[Client 2, Round 58] Progress: 20% (63/305) - Loss: 0.1208
[Client 2, Round 58] Progress: 21% (66/305) - Loss: 0.0743
[Client 2, Round 58] Progress: 22% (69/305) - Loss: 0.1653
[Client 2, Round 58] Progress: 23% (72/305) - Loss: 0.2476
[Client 2, Round 58] Progress: 24% (75/305) - Loss: 0.0447
[Client 2, Round 58] Progress: 25% (78/305) - Loss: 0.0838
[Client 2, Round 58] Progress: 26% (81/305) - Loss: 0.1105
[Client 2, Round 58] Progress: 27% (84/305) - Loss: 0.0895
[Client 2, Round 58] Progress: 28% (87/305) - Loss: 0.1561
[Client 2, Round 58] Progress: 29% (90/305) - Loss: 0.0966
[Client 2, Round 58] Progress: 30% (93/305) - Loss: 0.5960
[Client 2, Round 58] Progress: 31% (96/305) - Loss: 0.1480
[Client 2, Round 58] Progress: 32% (99/305) - Loss: 0.0996
[Client 2, Round 58] Progress: 33% (102/305) - Loss: 0.1374
[Client 2, Round 58] Progress: 34% (105/305) - Loss: 0.7952
[Client 2, Round 58] Progress: 35% (108/305) - Loss: 0.2268
[Client 2, Round 58] Progress: 36% (111/305) - Loss: 0.1313
[Client 2, Round 58] Progress: 37% (114/305) - Loss: 0.0774
[Client 2, Round 58] Progress: 38% (117/305) - Loss: 0.1466
[Client 2, Round 58] Progress: 39% (120/305) - Loss: 0.0714
[Client 2, Round 58] Progress: 40% (123/305) - Loss: 0.0514
[Client 2, Round 58] Progress: 41% (126/305) - Loss: 0.0738
[Client 2, Round 58] Progress: 42% (129/305) - Loss: 0.1332
[Client 2, Round 58] Progress: 43% (132/305) - Loss: 0.1224
[Client 2, Round 58] Progress: 44% (135/305) - Loss: 0.0884
[Client 2, Round 58] Progress: 45% (138/305) - Loss: 0.3043
[Client 2, Round 58] Progress: 46% (141/305) - Loss: 0.0776
[Client 2, Round 58] Progress: 47% (144/305) - Loss: 0.0619
[Client 2, Round 58] Progress: 48% (147/305) - Loss: 0.0823
[Client 2, Round 58] Progress: 49% (150/305) - Loss: 0.0907
[Client 2, Round 58] Progress: 50% (153/305) - Loss: 0.0485
[Client 2, Round 58] Progress: 51% (156/305) - Loss: 0.0957
[Client 2, Round 58] Progress: 52% (159/305) - Loss: 0.3660
[Client 2, Round 58] Progress: 53% (162/305) - Loss: 0.0700
[Client 2, Round 58] Progress: 54% (165/305) - Loss: 0.1369
[Client 2, Round 58] Progress: 55% (168/305) - Loss: 0.1296
[Client 2, Round 58] Progress: 56% (171/305) - Loss: 0.1447
[Client 2, Round 58] Progress: 57% (174/305) - Loss: 0.1234
[Client 2, Round 58] Progress: 58% (177/305) - Loss: 0.1106
[Client 2, Round 58] Progress: 59% (180/305) - Loss: 0.0916
[Client 2, Round 58] Progress: 60% (183/305) - Loss: 0.0842
[Client 2, Round 58] Progress: 60% (186/305) - Loss: 0.1038
[Client 2, Round 58] Progress: 61% (189/305) - Loss: 0.4690
[Client 2, Round 58] Progress: 62% (192/305) - Loss: 0.0776
[Client 2, Round 58] Progress: 63% (195/305) - Loss: 0.1046
[Client 2, Round 58] Progress: 64% (198/305) - Loss: 0.0663
[Client 2, Round 58] Progress: 65% (201/305) - Loss: 0.0565
[Client 2, Round 58] Progress: 66% (204/305) - Loss: 0.0536
[Client 2, Round 58] Progress: 67% (207/305) - Loss: 0.1170
[Client 2, Round 58] Progress: 68% (210/305) - Loss: 0.0757
[Client 2, Round 58] Progress: 69% (213/305) - Loss: 0.1787
[Client 2, Round 58] Progress: 70% (216/305) - Loss: 0.1172
[Client 2, Round 58] Progress: 71% (219/305) - Loss: 0.2106
[Client 2, Round 58] Progress: 72% (222/305) - Loss: 0.7760
[Client 2, Round 58] Progress: 73% (225/305) - Loss: 0.0879
[Client 2, Round 58] Progress: 74% (228/305) - Loss: 0.1158
[Client 2, Round 58] Progress: 75% (231/305) - Loss: 0.1463
[Client 2, Round 58] Progress: 76% (234/305) - Loss: 0.0651
[Client 2, Round 58] Progress: 77% (237/305) - Loss: 0.0675
[Client 2, Round 58] Progress: 78% (240/305) - Loss: 0.1204
[Client 2, Round 58] Progress: 79% (243/305) - Loss: 0.1297
[Client 2, Round 58] Progress: 80% (246/305) - Loss: 0.0822
[Client 2, Round 58] Progress: 81% (249/305) - Loss: 0.1360
[Client 2, Round 58] Progress: 82% (252/305) - Loss: 0.0720
[Client 2, Round 58] Progress: 83% (255/305) - Loss: 0.2549
[Client 2, Round 58] Progress: 84% (258/305) - Loss: 0.3056
[Client 2, Round 58] Progress: 85% (261/305) - Loss: 0.0446
[Client 2, Round 58] Progress: 86% (264/305) - Loss: 0.1296
[Client 2, Round 58] Progress: 87% (267/305) - Loss: 0.0774
[Client 2, Round 58] Progress: 88% (270/305) - Loss: 0.0593
[Client 2, Round 58] Progress: 89% (273/305) - Loss: 0.1246
[Client 2, Round 58] Progress: 90% (276/305) - Loss: 0.1038
[Client 2, Round 58] Progress: 91% (279/305) - Loss: 0.1308
[Client 2, Round 58] Progress: 92% (282/305) - Loss: 0.0619
[Client 2, Round 58] Progress: 93% (285/305) - Loss: 0.0611
[Client 2, Round 58] Progress: 94% (288/305) - Loss: 0.0769
[Client 2, Round 58] Progress: 95% (291/305) - Loss: 0.1719
[Client 2, Round 58] Progress: 96% (294/305) - Loss: 0.0617
[Client 2, Round 58] Progress: 97% (297/305) - Loss: 0.0885
[Client 2, Round 58] Progress: 98% (300/305) - Loss: 0.0484
[Client 2, Round 58] Progress: 99% (303/305) - Loss: 0.7048
[Client 2, Round 58] Progress: 100% (305/305) - Loss: 0.0660
[Client 2, Round 58] Train Loss: 0.1335
[Client 2, Round 58] Val Loss: 0.1337 | Val Dice: 0.8660
[Client 2, Round 59] Progress: 0% (3/305) - Loss: 0.1549
[Client 2, Round 59] Progress: 1% (6/305) - Loss: 0.1683
[Client 2, Round 59] Progress: 2% (9/305) - Loss: 0.0600
[Client 2, Round 59] Progress: 3% (12/305) - Loss: 0.1521
[Client 2, Round 59] Progress: 4% (15/305) - Loss: 0.1417
[Client 2, Round 59] Progress: 5% (18/305) - Loss: 0.1200
[Client 2, Round 59] Progress: 6% (21/305) - Loss: 0.2122
[Client 2, Round 59] Progress: 7% (24/305) - Loss: 0.0761
[Client 2, Round 59] Progress: 8% (27/305) - Loss: 0.0874
[Client 2, Round 59] Progress: 9% (30/305) - Loss: 0.0468
[Client 2, Round 59] Progress: 10% (33/305) - Loss: 0.1230
[Client 2, Round 59] Progress: 11% (36/305) - Loss: 0.0699
[Client 2, Round 59] Progress: 12% (39/305) - Loss: 0.0773
[Client 2, Round 59] Progress: 13% (42/305) - Loss: 0.0734
[Client 2, Round 59] Progress: 14% (45/305) - Loss: 0.1735
[Client 2, Round 59] Progress: 15% (48/305) - Loss: 0.1255
[Client 2, Round 59] Progress: 16% (51/305) - Loss: 0.2766
[Client 2, Round 59] Progress: 17% (54/305) - Loss: 0.1151
[Client 2, Round 59] Progress: 18% (57/305) - Loss: 0.0868
[Client 2, Round 59] Progress: 19% (60/305) - Loss: 0.1111
[Client 2, Round 59] Progress: 20% (63/305) - Loss: 0.0477
[Client 2, Round 59] Progress: 21% (66/305) - Loss: 0.2296
[Client 2, Round 59] Progress: 22% (69/305) - Loss: 0.0685
[Client 2, Round 59] Progress: 23% (72/305) - Loss: 0.0667
[Client 2, Round 59] Progress: 24% (75/305) - Loss: 0.0724
[Client 2, Round 59] Progress: 25% (78/305) - Loss: 0.1268
[Client 2, Round 59] Progress: 26% (81/305) - Loss: 0.0812
[Client 2, Round 59] Progress: 27% (84/305) - Loss: 0.2653
[Client 2, Round 59] Progress: 28% (87/305) - Loss: 0.0525
[Client 2, Round 59] Progress: 29% (90/305) - Loss: 0.1734
[Client 2, Round 59] Progress: 30% (93/305) - Loss: 0.0805
[Client 2, Round 59] Progress: 31% (96/305) - Loss: 0.1567
[Client 2, Round 59] Progress: 32% (99/305) - Loss: 0.0746
[Client 2, Round 59] Progress: 33% (102/305) - Loss: 0.2237
[Client 2, Round 59] Progress: 34% (105/305) - Loss: 0.1873
[Client 2, Round 59] Progress: 35% (108/305) - Loss: 0.0931
[Client 2, Round 59] Progress: 36% (111/305) - Loss: 0.2336
[Client 2, Round 59] Progress: 37% (114/305) - Loss: 0.0687
[Client 2, Round 59] Progress: 38% (117/305) - Loss: 0.0918
[Client 2, Round 59] Progress: 39% (120/305) - Loss: 0.1117
[Client 2, Round 59] Progress: 40% (123/305) - Loss: 0.1652
[Client 2, Round 59] Progress: 41% (126/305) - Loss: 0.0767
[Client 2, Round 59] Progress: 42% (129/305) - Loss: 0.0767
[Client 2, Round 59] Progress: 43% (132/305) - Loss: 0.2268
[Client 2, Round 59] Progress: 44% (135/305) - Loss: 0.1338
[Client 2, Round 59] Progress: 45% (138/305) - Loss: 0.3517
[Client 2, Round 59] Progress: 46% (141/305) - Loss: 0.3004
[Client 2, Round 59] Progress: 47% (144/305) - Loss: 0.1723
[Client 2, Round 59] Progress: 48% (147/305) - Loss: 0.1330
[Client 2, Round 59] Progress: 49% (150/305) - Loss: 0.0849
[Client 2, Round 59] Progress: 50% (153/305) - Loss: 0.1301
[Client 2, Round 59] Progress: 51% (156/305) - Loss: 0.3931
[Client 2, Round 59] Progress: 52% (159/305) - Loss: 0.1065
[Client 2, Round 59] Progress: 53% (162/305) - Loss: 0.1358
[Client 2, Round 59] Progress: 54% (165/305) - Loss: 0.0764
[Client 2, Round 59] Progress: 55% (168/305) - Loss: 0.1716
[Client 2, Round 59] Progress: 56% (171/305) - Loss: 0.0743
[Client 2, Round 59] Progress: 57% (174/305) - Loss: 0.1692
[Client 2, Round 59] Progress: 58% (177/305) - Loss: 0.0801
[Client 2, Round 59] Progress: 59% (180/305) - Loss: 0.0763
[Client 2, Round 59] Progress: 60% (183/305) - Loss: 0.2027
[Client 2, Round 59] Progress: 60% (186/305) - Loss: 0.0830
[Client 2, Round 59] Progress: 61% (189/305) - Loss: 0.1405
[Client 2, Round 59] Progress: 62% (192/305) - Loss: 0.1348
[Client 2, Round 59] Progress: 63% (195/305) - Loss: 0.0598
[Client 2, Round 59] Progress: 64% (198/305) - Loss: 0.1356
[Client 2, Round 59] Progress: 65% (201/305) - Loss: 0.0890
[Client 2, Round 59] Progress: 66% (204/305) - Loss: 0.1236
[Client 2, Round 59] Progress: 67% (207/305) - Loss: 0.1101
[Client 2, Round 59] Progress: 68% (210/305) - Loss: 0.1036
[Client 2, Round 59] Progress: 69% (213/305) - Loss: 0.2179
[Client 2, Round 59] Progress: 70% (216/305) - Loss: 0.1098
[Client 2, Round 59] Progress: 71% (219/305) - Loss: 0.0852
[Client 2, Round 59] Progress: 72% (222/305) - Loss: 0.0835
[Client 2, Round 59] Progress: 73% (225/305) - Loss: 0.1087
[Client 2, Round 59] Progress: 74% (228/305) - Loss: 0.0301
[Client 2, Round 59] Progress: 75% (231/305) - Loss: 0.0607
[Client 2, Round 59] Progress: 76% (234/305) - Loss: 0.0817
[Client 2, Round 59] Progress: 77% (237/305) - Loss: 0.1798
[Client 2, Round 59] Progress: 78% (240/305) - Loss: 0.0941
[Client 2, Round 59] Progress: 79% (243/305) - Loss: 0.0298
[Client 2, Round 59] Progress: 80% (246/305) - Loss: 0.0666
[Client 2, Round 59] Progress: 81% (249/305) - Loss: 0.2650
[Client 2, Round 59] Progress: 82% (252/305) - Loss: 0.1525
[Client 2, Round 59] Progress: 83% (255/305) - Loss: 0.1278
[Client 2, Round 59] Progress: 84% (258/305) - Loss: 0.1171
[Client 2, Round 59] Progress: 85% (261/305) - Loss: 0.0855
[Client 2, Round 59] Progress: 86% (264/305) - Loss: 0.0867
[Client 2, Round 59] Progress: 87% (267/305) - Loss: 0.1966
[Client 2, Round 59] Progress: 88% (270/305) - Loss: 0.0621
[Client 2, Round 59] Progress: 89% (273/305) - Loss: 0.0529
[Client 2, Round 59] Progress: 90% (276/305) - Loss: 0.0785
[Client 2, Round 59] Progress: 91% (279/305) - Loss: 0.2094
[Client 2, Round 59] Progress: 92% (282/305) - Loss: 0.0566
[Client 2, Round 59] Progress: 93% (285/305) - Loss: 0.1252
[Client 2, Round 59] Progress: 94% (288/305) - Loss: 0.0422
[Client 2, Round 59] Progress: 95% (291/305) - Loss: 0.1277
[Client 2, Round 59] Progress: 96% (294/305) - Loss: 0.1622
[Client 2, Round 59] Progress: 97% (297/305) - Loss: 0.3032
[Client 2, Round 59] Progress: 98% (300/305) - Loss: 0.0584
[Client 2, Round 59] Progress: 99% (303/305) - Loss: 0.0447
[Client 2, Round 59] Progress: 100% (305/305) - Loss: 0.2880
[Client 2, Round 59] Train Loss: 0.1311
[Client 2, Round 59] Val Loss: 0.1244 | Val Dice: 0.8752
[Client 2, Round 60] Progress: 0% (3/305) - Loss: 0.0533
[Client 2, Round 60] Progress: 1% (6/305) - Loss: 0.0630
[Client 2, Round 60] Progress: 2% (9/305) - Loss: 0.1226
[Client 2, Round 60] Progress: 3% (12/305) - Loss: 0.0994
[Client 2, Round 60] Progress: 4% (15/305) - Loss: 0.0538
[Client 2, Round 60] Progress: 5% (18/305) - Loss: 0.1787
[Client 2, Round 60] Progress: 6% (21/305) - Loss: 0.8755
[Client 2, Round 60] Progress: 7% (24/305) - Loss: 0.2002
[Client 2, Round 60] Progress: 8% (27/305) - Loss: 0.1427
[Client 2, Round 60] Progress: 9% (30/305) - Loss: 0.0327
[Client 2, Round 60] Progress: 10% (33/305) - Loss: 0.0689
[Client 2, Round 60] Progress: 11% (36/305) - Loss: 0.0925
[Client 2, Round 60] Progress: 12% (39/305) - Loss: 0.1101
[Client 2, Round 60] Progress: 13% (42/305) - Loss: 0.2139
[Client 2, Round 60] Progress: 14% (45/305) - Loss: 0.1366
[Client 2, Round 60] Progress: 15% (48/305) - Loss: 0.1496
[Client 2, Round 60] Progress: 16% (51/305) - Loss: 0.1045
[Client 2, Round 60] Progress: 17% (54/305) - Loss: 0.2347
[Client 2, Round 60] Progress: 18% (57/305) - Loss: 0.1720
[Client 2, Round 60] Progress: 19% (60/305) - Loss: 0.3507
[Client 2, Round 60] Progress: 20% (63/305) - Loss: 0.0545
[Client 2, Round 60] Progress: 21% (66/305) - Loss: 0.1317
[Client 2, Round 60] Progress: 22% (69/305) - Loss: 0.1325
[Client 2, Round 60] Progress: 23% (72/305) - Loss: 0.0785
[Client 2, Round 60] Progress: 24% (75/305) - Loss: 0.1430
[Client 2, Round 60] Progress: 25% (78/305) - Loss: 0.0516
[Client 2, Round 60] Progress: 26% (81/305) - Loss: 0.0646
[Client 2, Round 60] Progress: 27% (84/305) - Loss: 0.0773
[Client 2, Round 60] Progress: 28% (87/305) - Loss: 0.1094
[Client 2, Round 60] Progress: 29% (90/305) - Loss: 0.1183
[Client 2, Round 60] Progress: 30% (93/305) - Loss: 0.1198
[Client 2, Round 60] Progress: 31% (96/305) - Loss: 0.1702
[Client 2, Round 60] Progress: 32% (99/305) - Loss: 0.0629
[Client 2, Round 60] Progress: 33% (102/305) - Loss: 0.1383
[Client 2, Round 60] Progress: 34% (105/305) - Loss: 0.0649
[Client 2, Round 60] Progress: 35% (108/305) - Loss: 0.0623
[Client 2, Round 60] Progress: 36% (111/305) - Loss: 0.0569
[Client 2, Round 60] Progress: 37% (114/305) - Loss: 0.0996
[Client 2, Round 60] Progress: 38% (117/305) - Loss: 0.7059
[Client 2, Round 60] Progress: 39% (120/305) - Loss: 0.1222
[Client 2, Round 60] Progress: 40% (123/305) - Loss: 0.0918
[Client 2, Round 60] Progress: 41% (126/305) - Loss: 0.1457
[Client 2, Round 60] Progress: 42% (129/305) - Loss: 0.1952
[Client 2, Round 60] Progress: 43% (132/305) - Loss: 0.0645
[Client 2, Round 60] Progress: 44% (135/305) - Loss: 0.4517
[Client 2, Round 60] Progress: 45% (138/305) - Loss: 0.0463
[Client 2, Round 60] Progress: 46% (141/305) - Loss: 0.0309
[Client 2, Round 60] Progress: 47% (144/305) - Loss: 0.1543
[Client 2, Round 60] Progress: 48% (147/305) - Loss: 0.1295
[Client 2, Round 60] Progress: 49% (150/305) - Loss: 0.1656
[Client 2, Round 60] Progress: 50% (153/305) - Loss: 0.0785
[Client 2, Round 60] Progress: 51% (156/305) - Loss: 0.0784
[Client 2, Round 60] Progress: 52% (159/305) - Loss: 0.0920
[Client 2, Round 60] Progress: 53% (162/305) - Loss: 0.0397
[Client 2, Round 60] Progress: 54% (165/305) - Loss: 0.0889
[Client 2, Round 60] Progress: 55% (168/305) - Loss: 0.0700
[Client 2, Round 60] Progress: 56% (171/305) - Loss: 0.1454
[Client 2, Round 60] Progress: 57% (174/305) - Loss: 0.1643
[Client 2, Round 60] Progress: 58% (177/305) - Loss: 0.1411
[Client 2, Round 60] Progress: 59% (180/305) - Loss: 0.0978
[Client 2, Round 60] Progress: 60% (183/305) - Loss: 0.0991
[Client 2, Round 60] Progress: 60% (186/305) - Loss: 0.0918
[Client 2, Round 60] Progress: 61% (189/305) - Loss: 0.0605
[Client 2, Round 60] Progress: 62% (192/305) - Loss: 0.0396
[Client 2, Round 60] Progress: 63% (195/305) - Loss: 0.0633
[Client 2, Round 60] Progress: 64% (198/305) - Loss: 0.1358
[Client 2, Round 60] Progress: 65% (201/305) - Loss: 0.1018
[Client 2, Round 60] Progress: 66% (204/305) - Loss: 0.1456
[Client 2, Round 60] Progress: 67% (207/305) - Loss: 0.1200
[Client 2, Round 60] Progress: 68% (210/305) - Loss: 0.0356
[Client 2, Round 60] Progress: 69% (213/305) - Loss: 0.1488
[Client 2, Round 60] Progress: 70% (216/305) - Loss: 0.1198
[Client 2, Round 60] Progress: 71% (219/305) - Loss: 0.3034
[Client 2, Round 60] Progress: 72% (222/305) - Loss: 0.1060
[Client 2, Round 60] Progress: 73% (225/305) - Loss: 0.0674
[Client 2, Round 60] Progress: 74% (228/305) - Loss: 0.1194
[Client 2, Round 60] Progress: 75% (231/305) - Loss: 0.0831
[Client 2, Round 60] Progress: 76% (234/305) - Loss: 0.0892
[Client 2, Round 60] Progress: 77% (237/305) - Loss: 0.0955
[Client 2, Round 60] Progress: 78% (240/305) - Loss: 0.1518
[Client 2, Round 60] Progress: 79% (243/305) - Loss: 0.1367
[Client 2, Round 60] Progress: 80% (246/305) - Loss: 0.0875
[Client 2, Round 60] Progress: 81% (249/305) - Loss: 0.7276
[Client 2, Round 60] Progress: 82% (252/305) - Loss: 0.1660
[Client 2, Round 60] Progress: 83% (255/305) - Loss: 0.0883
[Client 2, Round 60] Progress: 84% (258/305) - Loss: 0.0909
[Client 2, Round 60] Progress: 85% (261/305) - Loss: 0.0615
[Client 2, Round 60] Progress: 86% (264/305) - Loss: 0.0944
[Client 2, Round 60] Progress: 87% (267/305) - Loss: 0.1416
[Client 2, Round 60] Progress: 88% (270/305) - Loss: 0.0754
[Client 2, Round 60] Progress: 89% (273/305) - Loss: 0.0524
[Client 2, Round 60] Progress: 90% (276/305) - Loss: 0.0723
[Client 2, Round 60] Progress: 91% (279/305) - Loss: 0.0630
[Client 2, Round 60] Progress: 92% (282/305) - Loss: 0.1251
[Client 2, Round 60] Progress: 93% (285/305) - Loss: 0.5654
[Client 2, Round 60] Progress: 94% (288/305) - Loss: 0.0751
[Client 2, Round 60] Progress: 95% (291/305) - Loss: 0.0806
[Client 2, Round 60] Progress: 96% (294/305) - Loss: 0.1976
[Client 2, Round 60] Progress: 97% (297/305) - Loss: 0.0725
[Client 2, Round 60] Progress: 98% (300/305) - Loss: 0.0756
[Client 2, Round 60] Progress: 99% (303/305) - Loss: 0.0946
[Client 2, Round 60] Progress: 100% (305/305) - Loss: 0.1105
[Client 2, Round 60] Train Loss: 0.1294
[Client 2, Round 60] Val Loss: 0.1248 | Val Dice: 0.8745
[Client 2, Round 61] Progress: 0% (3/305) - Loss: 0.0971
[Client 2, Round 61] Progress: 1% (6/305) - Loss: 0.0600
[Client 2, Round 61] Progress: 2% (9/305) - Loss: 0.1568
[Client 2, Round 61] Progress: 3% (12/305) - Loss: 0.1229
[Client 2, Round 61] Progress: 4% (15/305) - Loss: 0.1203
[Client 2, Round 61] Progress: 5% (18/305) - Loss: 0.0637
[Client 2, Round 61] Progress: 6% (21/305) - Loss: 0.9240
[Client 2, Round 61] Progress: 7% (24/305) - Loss: 0.1804
[Client 2, Round 61] Progress: 8% (27/305) - Loss: 0.1036
[Client 2, Round 61] Progress: 9% (30/305) - Loss: 0.0980
[Client 2, Round 61] Progress: 10% (33/305) - Loss: 0.0764
[Client 2, Round 61] Progress: 11% (36/305) - Loss: 0.1366
[Client 2, Round 61] Progress: 12% (39/305) - Loss: 0.2602
[Client 2, Round 61] Progress: 13% (42/305) - Loss: 0.1435
[Client 2, Round 61] Progress: 14% (45/305) - Loss: 0.1063
[Client 2, Round 61] Progress: 15% (48/305) - Loss: 0.1078
[Client 2, Round 61] Progress: 16% (51/305) - Loss: 0.0805
[Client 2, Round 61] Progress: 17% (54/305) - Loss: 0.2946
[Client 2, Round 61] Progress: 18% (57/305) - Loss: 0.0472
[Client 2, Round 61] Progress: 19% (60/305) - Loss: 0.0904
[Client 2, Round 61] Progress: 20% (63/305) - Loss: 0.0533
[Client 2, Round 61] Progress: 21% (66/305) - Loss: 0.0738
[Client 2, Round 61] Progress: 22% (69/305) - Loss: 0.1355
[Client 2, Round 61] Progress: 23% (72/305) - Loss: 0.2856
[Client 2, Round 61] Progress: 24% (75/305) - Loss: 0.0829
[Client 2, Round 61] Progress: 25% (78/305) - Loss: 0.2446
[Client 2, Round 61] Progress: 26% (81/305) - Loss: 0.1695
[Client 2, Round 61] Progress: 27% (84/305) - Loss: 0.1290
[Client 2, Round 61] Progress: 28% (87/305) - Loss: 0.1337
[Client 2, Round 61] Progress: 29% (90/305) - Loss: 0.0645
[Client 2, Round 61] Progress: 30% (93/305) - Loss: 0.1273
[Client 2, Round 61] Progress: 31% (96/305) - Loss: 0.1215
[Client 2, Round 61] Progress: 32% (99/305) - Loss: 0.0789
[Client 2, Round 61] Progress: 33% (102/305) - Loss: 0.0374
[Client 2, Round 61] Progress: 34% (105/305) - Loss: 0.0689
[Client 2, Round 61] Progress: 35% (108/305) - Loss: 0.1076
[Client 2, Round 61] Progress: 36% (111/305) - Loss: 0.2123
[Client 2, Round 61] Progress: 37% (114/305) - Loss: 0.0939
[Client 2, Round 61] Progress: 38% (117/305) - Loss: 0.0946
[Client 2, Round 61] Progress: 39% (120/305) - Loss: 0.1027
[Client 2, Round 61] Progress: 40% (123/305) - Loss: 0.1340
[Client 2, Round 61] Progress: 41% (126/305) - Loss: 0.2603
[Client 2, Round 61] Progress: 42% (129/305) - Loss: 0.1267
[Client 2, Round 61] Progress: 43% (132/305) - Loss: 0.1617
[Client 2, Round 61] Progress: 44% (135/305) - Loss: 0.0709
[Client 2, Round 61] Progress: 45% (138/305) - Loss: 0.1909
[Client 2, Round 61] Progress: 46% (141/305) - Loss: 0.1242
[Client 2, Round 61] Progress: 47% (144/305) - Loss: 0.0664
[Client 2, Round 61] Progress: 48% (147/305) - Loss: 0.0682
[Client 2, Round 61] Progress: 49% (150/305) - Loss: 0.1325
[Client 2, Round 61] Progress: 50% (153/305) - Loss: 0.1431
[Client 2, Round 61] Progress: 51% (156/305) - Loss: 0.1279
[Client 2, Round 61] Progress: 52% (159/305) - Loss: 0.2674
[Client 2, Round 61] Progress: 53% (162/305) - Loss: 0.0657
[Client 2, Round 61] Progress: 54% (165/305) - Loss: 0.0893
[Client 2, Round 61] Progress: 55% (168/305) - Loss: 0.1518
[Client 2, Round 61] Progress: 56% (171/305) - Loss: 0.1814
[Client 2, Round 61] Progress: 57% (174/305) - Loss: 0.2118
[Client 2, Round 61] Progress: 58% (177/305) - Loss: 0.1678
[Client 2, Round 61] Progress: 59% (180/305) - Loss: 0.0683
[Client 2, Round 61] Progress: 60% (183/305) - Loss: 0.1526
[Client 2, Round 61] Progress: 60% (186/305) - Loss: 0.0383
[Client 2, Round 61] Progress: 61% (189/305) - Loss: 0.1142
[Client 2, Round 61] Progress: 62% (192/305) - Loss: 0.0410
[Client 2, Round 61] Progress: 63% (195/305) - Loss: 0.0493
[Client 2, Round 61] Progress: 64% (198/305) - Loss: 0.0581
[Client 2, Round 61] Progress: 65% (201/305) - Loss: 0.0504
[Client 2, Round 61] Progress: 66% (204/305) - Loss: 0.1340
[Client 2, Round 61] Progress: 67% (207/305) - Loss: 0.0884
[Client 2, Round 61] Progress: 68% (210/305) - Loss: 0.0848
[Client 2, Round 61] Progress: 69% (213/305) - Loss: 0.2039
[Client 2, Round 61] Progress: 70% (216/305) - Loss: 0.0639
[Client 2, Round 61] Progress: 71% (219/305) - Loss: 0.3670
[Client 2, Round 61] Progress: 72% (222/305) - Loss: 0.0683
[Client 2, Round 61] Progress: 73% (225/305) - Loss: 0.1502
[Client 2, Round 61] Progress: 74% (228/305) - Loss: 0.4110
[Client 2, Round 61] Progress: 75% (231/305) - Loss: 0.1240
[Client 2, Round 61] Progress: 76% (234/305) - Loss: 0.0979
[Client 2, Round 61] Progress: 77% (237/305) - Loss: 0.0759
[Client 2, Round 61] Progress: 78% (240/305) - Loss: 0.1936
[Client 2, Round 61] Progress: 79% (243/305) - Loss: 0.2370
[Client 2, Round 61] Progress: 80% (246/305) - Loss: 0.1766
[Client 2, Round 61] Progress: 81% (249/305) - Loss: 0.2356
[Client 2, Round 61] Progress: 82% (252/305) - Loss: 0.1237
[Client 2, Round 61] Progress: 83% (255/305) - Loss: 0.0797
[Client 2, Round 61] Progress: 84% (258/305) - Loss: 0.1000
[Client 2, Round 61] Progress: 85% (261/305) - Loss: 0.1562
[Client 2, Round 61] Progress: 86% (264/305) - Loss: 0.0397
[Client 2, Round 61] Progress: 87% (267/305) - Loss: 0.1303
[Client 2, Round 61] Progress: 88% (270/305) - Loss: 0.0634
[Client 2, Round 61] Progress: 89% (273/305) - Loss: 0.2570
[Client 2, Round 61] Progress: 90% (276/305) - Loss: 0.0668
[Client 2, Round 61] Progress: 91% (279/305) - Loss: 0.2469
[Client 2, Round 61] Progress: 92% (282/305) - Loss: 0.1255
[Client 2, Round 61] Progress: 93% (285/305) - Loss: 0.0882
[Client 2, Round 61] Progress: 94% (288/305) - Loss: 0.1475
[Client 2, Round 61] Progress: 95% (291/305) - Loss: 0.1843
[Client 2, Round 61] Progress: 96% (294/305) - Loss: 0.5106
[Client 2, Round 61] Progress: 97% (297/305) - Loss: 0.0579
[Client 2, Round 61] Progress: 98% (300/305) - Loss: 0.1124
[Client 2, Round 61] Progress: 99% (303/305) - Loss: 0.1567
[Client 2, Round 61] Progress: 100% (305/305) - Loss: 0.0406
[Client 2, Round 61] Train Loss: 0.1327
[Client 2, Round 61] Val Loss: 0.1227 | Val Dice: 0.8761
[Client 2, Round 62] Progress: 0% (3/305) - Loss: 0.1178
[Client 2, Round 62] Progress: 1% (6/305) - Loss: 0.1789
[Client 2, Round 62] Progress: 2% (9/305) - Loss: 0.0440
[Client 2, Round 62] Progress: 3% (12/305) - Loss: 0.0832
[Client 2, Round 62] Progress: 4% (15/305) - Loss: 0.1294
[Client 2, Round 62] Progress: 5% (18/305) - Loss: 0.0948
[Client 2, Round 62] Progress: 6% (21/305) - Loss: 0.0452
[Client 2, Round 62] Progress: 7% (24/305) - Loss: 0.1730
[Client 2, Round 62] Progress: 8% (27/305) - Loss: 0.0670
[Client 2, Round 62] Progress: 9% (30/305) - Loss: 0.1829
[Client 2, Round 62] Progress: 10% (33/305) - Loss: 0.0980
[Client 2, Round 62] Progress: 11% (36/305) - Loss: 0.0774
[Client 2, Round 62] Progress: 12% (39/305) - Loss: 0.1196
[Client 2, Round 62] Progress: 13% (42/305) - Loss: 0.0405
[Client 2, Round 62] Progress: 14% (45/305) - Loss: 0.0616
[Client 2, Round 62] Progress: 15% (48/305) - Loss: 0.0611
[Client 2, Round 62] Progress: 16% (51/305) - Loss: 0.2094
[Client 2, Round 62] Progress: 17% (54/305) - Loss: 0.1771
[Client 2, Round 62] Progress: 18% (57/305) - Loss: 0.0827
[Client 2, Round 62] Progress: 19% (60/305) - Loss: 0.1517
[Client 2, Round 62] Progress: 20% (63/305) - Loss: 0.0810
[Client 2, Round 62] Progress: 21% (66/305) - Loss: 0.0587
[Client 2, Round 62] Progress: 22% (69/305) - Loss: 0.1341
[Client 2, Round 62] Progress: 23% (72/305) - Loss: 0.1330
[Client 2, Round 62] Progress: 24% (75/305) - Loss: 0.1031
[Client 2, Round 62] Progress: 25% (78/305) - Loss: 0.0957
[Client 2, Round 62] Progress: 26% (81/305) - Loss: 0.1431
[Client 2, Round 62] Progress: 27% (84/305) - Loss: 0.1169
[Client 2, Round 62] Progress: 28% (87/305) - Loss: 0.1427
[Client 2, Round 62] Progress: 29% (90/305) - Loss: 0.1188
[Client 2, Round 62] Progress: 30% (93/305) - Loss: 0.0683
[Client 2, Round 62] Progress: 31% (96/305) - Loss: 0.0995
[Client 2, Round 62] Progress: 32% (99/305) - Loss: 0.1785
[Client 2, Round 62] Progress: 33% (102/305) - Loss: 0.0494
[Client 2, Round 62] Progress: 34% (105/305) - Loss: 0.0993
[Client 2, Round 62] Progress: 35% (108/305) - Loss: 0.0876
[Client 2, Round 62] Progress: 36% (111/305) - Loss: 0.0827
[Client 2, Round 62] Progress: 37% (114/305) - Loss: 0.3064
[Client 2, Round 62] Progress: 38% (117/305) - Loss: 0.0873
[Client 2, Round 62] Progress: 39% (120/305) - Loss: 0.0629
[Client 2, Round 62] Progress: 40% (123/305) - Loss: 0.1012
[Client 2, Round 62] Progress: 41% (126/305) - Loss: 0.0721
[Client 2, Round 62] Progress: 42% (129/305) - Loss: 0.1649
[Client 2, Round 62] Progress: 43% (132/305) - Loss: 0.0355
[Client 2, Round 62] Progress: 44% (135/305) - Loss: 0.1215
[Client 2, Round 62] Progress: 45% (138/305) - Loss: 0.0544
[Client 2, Round 62] Progress: 46% (141/305) - Loss: 0.7727
[Client 2, Round 62] Progress: 47% (144/305) - Loss: 0.1717
[Client 2, Round 62] Progress: 48% (147/305) - Loss: 0.1193
[Client 2, Round 62] Progress: 49% (150/305) - Loss: 0.1496
[Client 2, Round 62] Progress: 50% (153/305) - Loss: 0.1471
[Client 2, Round 62] Progress: 51% (156/305) - Loss: 0.1098
[Client 2, Round 62] Progress: 52% (159/305) - Loss: 0.0692
[Client 2, Round 62] Progress: 53% (162/305) - Loss: 0.0997
[Client 2, Round 62] Progress: 54% (165/305) - Loss: 0.1667
[Client 2, Round 62] Progress: 55% (168/305) - Loss: 0.1910
[Client 2, Round 62] Progress: 56% (171/305) - Loss: 0.2281
[Client 2, Round 62] Progress: 57% (174/305) - Loss: 0.0520
[Client 2, Round 62] Progress: 58% (177/305) - Loss: 0.1026
[Client 2, Round 62] Progress: 59% (180/305) - Loss: 0.2189
[Client 2, Round 62] Progress: 60% (183/305) - Loss: 0.0797
[Client 2, Round 62] Progress: 60% (186/305) - Loss: 0.1286
[Client 2, Round 62] Progress: 61% (189/305) - Loss: 0.0660
[Client 2, Round 62] Progress: 62% (192/305) - Loss: 0.1264
[Client 2, Round 62] Progress: 63% (195/305) - Loss: 0.0964
[Client 2, Round 62] Progress: 64% (198/305) - Loss: 0.0613
[Client 2, Round 62] Progress: 65% (201/305) - Loss: 0.0458
[Client 2, Round 62] Progress: 66% (204/305) - Loss: 0.2119
[Client 2, Round 62] Progress: 67% (207/305) - Loss: 0.1180
[Client 2, Round 62] Progress: 68% (210/305) - Loss: 0.0727
[Client 2, Round 62] Progress: 69% (213/305) - Loss: 0.0954
[Client 2, Round 62] Progress: 70% (216/305) - Loss: 0.3094
[Client 2, Round 62] Progress: 71% (219/305) - Loss: 0.0824
[Client 2, Round 62] Progress: 72% (222/305) - Loss: 0.0927
[Client 2, Round 62] Progress: 73% (225/305) - Loss: 0.0877
[Client 2, Round 62] Progress: 74% (228/305) - Loss: 0.0807
[Client 2, Round 62] Progress: 75% (231/305) - Loss: 0.0817
[Client 2, Round 62] Progress: 76% (234/305) - Loss: 0.1304
[Client 2, Round 62] Progress: 77% (237/305) - Loss: 0.0593
[Client 2, Round 62] Progress: 78% (240/305) - Loss: 0.0593
[Client 2, Round 62] Progress: 79% (243/305) - Loss: 0.1980
[Client 2, Round 62] Progress: 80% (246/305) - Loss: 0.1037
[Client 2, Round 62] Progress: 81% (249/305) - Loss: 0.1362
[Client 2, Round 62] Progress: 82% (252/305) - Loss: 0.2890
[Client 2, Round 62] Progress: 83% (255/305) - Loss: 0.2985
[Client 2, Round 62] Progress: 84% (258/305) - Loss: 0.0912
[Client 2, Round 62] Progress: 85% (261/305) - Loss: 0.0928
[Client 2, Round 62] Progress: 86% (264/305) - Loss: 0.1613
[Client 2, Round 62] Progress: 87% (267/305) - Loss: 0.2640
[Client 2, Round 62] Progress: 88% (270/305) - Loss: 0.0548
[Client 2, Round 62] Progress: 89% (273/305) - Loss: 0.0769
[Client 2, Round 62] Progress: 90% (276/305) - Loss: 0.2594
[Client 2, Round 62] Progress: 91% (279/305) - Loss: 0.1120
[Client 2, Round 62] Progress: 92% (282/305) - Loss: 0.0577
[Client 2, Round 62] Progress: 93% (285/305) - Loss: 0.0353
[Client 2, Round 62] Progress: 94% (288/305) - Loss: 0.0801
[Client 2, Round 62] Progress: 95% (291/305) - Loss: 0.0646
[Client 2, Round 62] Progress: 96% (294/305) - Loss: 0.1060
[Client 2, Round 62] Progress: 97% (297/305) - Loss: 0.0961
[Client 2, Round 62] Progress: 98% (300/305) - Loss: 0.4490
[Client 2, Round 62] Progress: 99% (303/305) - Loss: 0.1187
[Client 2, Round 62] Progress: 100% (305/305) - Loss: 0.1088
[Client 2, Round 62] Train Loss: 0.1318
[Client 2, Round 62] Val Loss: 0.1217 | Val Dice: 0.8769
[Client 2, Round 63] Progress: 0% (3/305) - Loss: 0.1922
[Client 2, Round 63] Progress: 1% (6/305) - Loss: 0.0849
[Client 2, Round 63] Progress: 2% (9/305) - Loss: 0.0458
[Client 2, Round 63] Progress: 3% (12/305) - Loss: 0.0540
[Client 2, Round 63] Progress: 4% (15/305) - Loss: 0.0629
[Client 2, Round 63] Progress: 5% (18/305) - Loss: 0.3828
[Client 2, Round 63] Progress: 6% (21/305) - Loss: 0.1361
[Client 2, Round 63] Progress: 7% (24/305) - Loss: 0.1247
[Client 2, Round 63] Progress: 8% (27/305) - Loss: 0.1186
[Client 2, Round 63] Progress: 9% (30/305) - Loss: 0.0914
[Client 2, Round 63] Progress: 10% (33/305) - Loss: 0.0691
[Client 2, Round 63] Progress: 11% (36/305) - Loss: 0.1277
[Client 2, Round 63] Progress: 12% (39/305) - Loss: 0.2088
[Client 2, Round 63] Progress: 13% (42/305) - Loss: 0.3314
[Client 2, Round 63] Progress: 14% (45/305) - Loss: 0.1855
[Client 2, Round 63] Progress: 15% (48/305) - Loss: 0.5357
[Client 2, Round 63] Progress: 16% (51/305) - Loss: 0.1656
[Client 2, Round 63] Progress: 17% (54/305) - Loss: 0.0651
[Client 2, Round 63] Progress: 18% (57/305) - Loss: 0.1417
[Client 2, Round 63] Progress: 19% (60/305) - Loss: 0.1545
[Client 2, Round 63] Progress: 20% (63/305) - Loss: 0.1416
[Client 2, Round 63] Progress: 21% (66/305) - Loss: 0.1354
[Client 2, Round 63] Progress: 22% (69/305) - Loss: 0.0433
[Client 2, Round 63] Progress: 23% (72/305) - Loss: 0.1362
[Client 2, Round 63] Progress: 24% (75/305) - Loss: 0.0764
[Client 2, Round 63] Progress: 25% (78/305) - Loss: 0.0606
[Client 2, Round 63] Progress: 26% (81/305) - Loss: 0.1544
[Client 2, Round 63] Progress: 27% (84/305) - Loss: 0.1346
[Client 2, Round 63] Progress: 28% (87/305) - Loss: 0.1496
[Client 2, Round 63] Progress: 29% (90/305) - Loss: 0.1148
[Client 2, Round 63] Progress: 30% (93/305) - Loss: 0.1414
[Client 2, Round 63] Progress: 31% (96/305) - Loss: 0.3106
[Client 2, Round 63] Progress: 32% (99/305) - Loss: 0.0890
[Client 2, Round 63] Progress: 33% (102/305) - Loss: 0.1181
[Client 2, Round 63] Progress: 34% (105/305) - Loss: 0.0633
[Client 2, Round 63] Progress: 35% (108/305) - Loss: 0.0886
[Client 2, Round 63] Progress: 36% (111/305) - Loss: 0.1652
[Client 2, Round 63] Progress: 37% (114/305) - Loss: 0.1394
[Client 2, Round 63] Progress: 38% (117/305) - Loss: 0.1801
[Client 2, Round 63] Progress: 39% (120/305) - Loss: 0.1013
[Client 2, Round 63] Progress: 40% (123/305) - Loss: 0.1610
[Client 2, Round 63] Progress: 41% (126/305) - Loss: 0.0758
[Client 2, Round 63] Progress: 42% (129/305) - Loss: 0.2738
[Client 2, Round 63] Progress: 43% (132/305) - Loss: 0.1897
[Client 2, Round 63] Progress: 44% (135/305) - Loss: 0.0775
[Client 2, Round 63] Progress: 45% (138/305) - Loss: 0.0641
[Client 2, Round 63] Progress: 46% (141/305) - Loss: 0.0970
[Client 2, Round 63] Progress: 47% (144/305) - Loss: 0.1155
[Client 2, Round 63] Progress: 48% (147/305) - Loss: 0.0432
[Client 2, Round 63] Progress: 49% (150/305) - Loss: 0.7249
[Client 2, Round 63] Progress: 50% (153/305) - Loss: 0.1824
[Client 2, Round 63] Progress: 51% (156/305) - Loss: 0.1226
[Client 2, Round 63] Progress: 52% (159/305) - Loss: 0.2450
[Client 2, Round 63] Progress: 53% (162/305) - Loss: 0.1068
[Client 2, Round 63] Progress: 54% (165/305) - Loss: 0.1291
[Client 2, Round 63] Progress: 55% (168/305) - Loss: 0.0530
[Client 2, Round 63] Progress: 56% (171/305) - Loss: 0.0777
[Client 2, Round 63] Progress: 57% (174/305) - Loss: 0.0901
[Client 2, Round 63] Progress: 58% (177/305) - Loss: 0.3273
[Client 2, Round 63] Progress: 59% (180/305) - Loss: 0.0616
[Client 2, Round 63] Progress: 60% (183/305) - Loss: 0.0691
[Client 2, Round 63] Progress: 60% (186/305) - Loss: 0.0719
[Client 2, Round 63] Progress: 61% (189/305) - Loss: 0.0856
[Client 2, Round 63] Progress: 62% (192/305) - Loss: 0.0357
[Client 2, Round 63] Progress: 63% (195/305) - Loss: 0.2903
[Client 2, Round 63] Progress: 64% (198/305) - Loss: 0.0446
[Client 2, Round 63] Progress: 65% (201/305) - Loss: 0.1013
[Client 2, Round 63] Progress: 66% (204/305) - Loss: 0.0749
[Client 2, Round 63] Progress: 67% (207/305) - Loss: 0.2044
[Client 2, Round 63] Progress: 68% (210/305) - Loss: 0.1045
[Client 2, Round 63] Progress: 69% (213/305) - Loss: 0.0936
[Client 2, Round 63] Progress: 70% (216/305) - Loss: 0.0287
[Client 2, Round 63] Progress: 71% (219/305) - Loss: 0.0623
[Client 2, Round 63] Progress: 72% (222/305) - Loss: 0.0632
[Client 2, Round 63] Progress: 73% (225/305) - Loss: 0.1388
[Client 2, Round 63] Progress: 74% (228/305) - Loss: 0.0598
[Client 2, Round 63] Progress: 75% (231/305) - Loss: 0.0864
[Client 2, Round 63] Progress: 76% (234/305) - Loss: 0.0614
[Client 2, Round 63] Progress: 77% (237/305) - Loss: 0.1428
[Client 2, Round 63] Progress: 78% (240/305) - Loss: 0.0315
[Client 2, Round 63] Progress: 79% (243/305) - Loss: 0.0842
[Client 2, Round 63] Progress: 80% (246/305) - Loss: 0.0376
[Client 2, Round 63] Progress: 81% (249/305) - Loss: 0.2034
[Client 2, Round 63] Progress: 82% (252/305) - Loss: 0.0398
[Client 2, Round 63] Progress: 83% (255/305) - Loss: 0.0883
[Client 2, Round 63] Progress: 84% (258/305) - Loss: 0.0937
[Client 2, Round 63] Progress: 85% (261/305) - Loss: 0.1210
[Client 2, Round 63] Progress: 86% (264/305) - Loss: 0.1170
[Client 2, Round 63] Progress: 87% (267/305) - Loss: 0.1359
[Client 2, Round 63] Progress: 88% (270/305) - Loss: 0.0601
[Client 2, Round 63] Progress: 89% (273/305) - Loss: 0.0744
[Client 2, Round 63] Progress: 90% (276/305) - Loss: 0.1005
[Client 2, Round 63] Progress: 91% (279/305) - Loss: 0.0920
[Client 2, Round 63] Progress: 92% (282/305) - Loss: 0.1482
[Client 2, Round 63] Progress: 93% (285/305) - Loss: 0.0566
[Client 2, Round 63] Progress: 94% (288/305) - Loss: 0.0856
[Client 2, Round 63] Progress: 95% (291/305) - Loss: 0.0881
[Client 2, Round 63] Progress: 96% (294/305) - Loss: 0.0986
[Client 2, Round 63] Progress: 97% (297/305) - Loss: 0.1918
[Client 2, Round 63] Progress: 98% (300/305) - Loss: 0.2736
[Client 2, Round 63] Progress: 99% (303/305) - Loss: 0.1357
[Client 2, Round 63] Progress: 100% (305/305) - Loss: 0.1298
[Client 2, Round 63] Train Loss: 0.1283
[Client 2, Round 63] Val Loss: 0.1297 | Val Dice: 0.8705
[Client 2, Round 64] Progress: 0% (3/305) - Loss: 0.2069
[Client 2, Round 64] Progress: 1% (6/305) - Loss: 0.1005
[Client 2, Round 64] Progress: 2% (9/305) - Loss: 0.0881
[Client 2, Round 64] Progress: 3% (12/305) - Loss: 0.0400
[Client 2, Round 64] Progress: 4% (15/305) - Loss: 0.7775
[Client 2, Round 64] Progress: 5% (18/305) - Loss: 0.1617
[Client 2, Round 64] Progress: 6% (21/305) - Loss: 0.3877
[Client 2, Round 64] Progress: 7% (24/305) - Loss: 0.1241
[Client 2, Round 64] Progress: 8% (27/305) - Loss: 0.2424
[Client 2, Round 64] Progress: 9% (30/305) - Loss: 0.1323
[Client 2, Round 64] Progress: 10% (33/305) - Loss: 0.0849
[Client 2, Round 64] Progress: 11% (36/305) - Loss: 0.1511
[Client 2, Round 64] Progress: 12% (39/305) - Loss: 0.1299
[Client 2, Round 64] Progress: 13% (42/305) - Loss: 0.0646
[Client 2, Round 64] Progress: 14% (45/305) - Loss: 0.1884
[Client 2, Round 64] Progress: 15% (48/305) - Loss: 0.2322
[Client 2, Round 64] Progress: 16% (51/305) - Loss: 0.0640
[Client 2, Round 64] Progress: 17% (54/305) - Loss: 0.0616
[Client 2, Round 64] Progress: 18% (57/305) - Loss: 0.1327
[Client 2, Round 64] Progress: 19% (60/305) - Loss: 0.0984
[Client 2, Round 64] Progress: 20% (63/305) - Loss: 0.1029
[Client 2, Round 64] Progress: 21% (66/305) - Loss: 0.0846
[Client 2, Round 64] Progress: 22% (69/305) - Loss: 0.1570
[Client 2, Round 64] Progress: 23% (72/305) - Loss: 0.0380
[Client 2, Round 64] Progress: 24% (75/305) - Loss: 0.2034
[Client 2, Round 64] Progress: 25% (78/305) - Loss: 0.1395
[Client 2, Round 64] Progress: 26% (81/305) - Loss: 0.1010
[Client 2, Round 64] Progress: 27% (84/305) - Loss: 0.0796
[Client 2, Round 64] Progress: 28% (87/305) - Loss: 0.2163
[Client 2, Round 64] Progress: 29% (90/305) - Loss: 0.0741
[Client 2, Round 64] Progress: 30% (93/305) - Loss: 0.0649
[Client 2, Round 64] Progress: 31% (96/305) - Loss: 0.1747
[Client 2, Round 64] Progress: 32% (99/305) - Loss: 0.0937
[Client 2, Round 64] Progress: 33% (102/305) - Loss: 0.0549
[Client 2, Round 64] Progress: 34% (105/305) - Loss: 0.7178
[Client 2, Round 64] Progress: 35% (108/305) - Loss: 0.1101
[Client 2, Round 64] Progress: 36% (111/305) - Loss: 0.0787
[Client 2, Round 64] Progress: 37% (114/305) - Loss: 0.0545
[Client 2, Round 64] Progress: 38% (117/305) - Loss: 0.0851
[Client 2, Round 64] Progress: 39% (120/305) - Loss: 0.1804
[Client 2, Round 64] Progress: 40% (123/305) - Loss: 0.0759
[Client 2, Round 64] Progress: 41% (126/305) - Loss: 0.0942
[Client 2, Round 64] Progress: 42% (129/305) - Loss: 0.0603
[Client 2, Round 64] Progress: 43% (132/305) - Loss: 0.2689
[Client 2, Round 64] Progress: 44% (135/305) - Loss: 0.0648
[Client 2, Round 64] Progress: 45% (138/305) - Loss: 0.0819
[Client 2, Round 64] Progress: 46% (141/305) - Loss: 0.0424
[Client 2, Round 64] Progress: 47% (144/305) - Loss: 0.0730
[Client 2, Round 64] Progress: 48% (147/305) - Loss: 0.1149
[Client 2, Round 64] Progress: 49% (150/305) - Loss: 0.0654
[Client 2, Round 64] Progress: 50% (153/305) - Loss: 0.0898
[Client 2, Round 64] Progress: 51% (156/305) - Loss: 0.1843
[Client 2, Round 64] Progress: 52% (159/305) - Loss: 0.1113
[Client 2, Round 64] Progress: 53% (162/305) - Loss: 0.0871
[Client 2, Round 64] Progress: 54% (165/305) - Loss: 0.0751
[Client 2, Round 64] Progress: 55% (168/305) - Loss: 0.1222
[Client 2, Round 64] Progress: 56% (171/305) - Loss: 0.1628
[Client 2, Round 64] Progress: 57% (174/305) - Loss: 0.2502
[Client 2, Round 64] Progress: 58% (177/305) - Loss: 0.1177
[Client 2, Round 64] Progress: 59% (180/305) - Loss: 0.1169
[Client 2, Round 64] Progress: 60% (183/305) - Loss: 0.0773
[Client 2, Round 64] Progress: 60% (186/305) - Loss: 0.1300
[Client 2, Round 64] Progress: 61% (189/305) - Loss: 0.0487
[Client 2, Round 64] Progress: 62% (192/305) - Loss: 0.1314
[Client 2, Round 64] Progress: 63% (195/305) - Loss: 0.1126
[Client 2, Round 64] Progress: 64% (198/305) - Loss: 0.0665
[Client 2, Round 64] Progress: 65% (201/305) - Loss: 0.1549
[Client 2, Round 64] Progress: 66% (204/305) - Loss: 0.0553
[Client 2, Round 64] Progress: 67% (207/305) - Loss: 0.1000
[Client 2, Round 64] Progress: 68% (210/305) - Loss: 0.0809
[Client 2, Round 64] Progress: 69% (213/305) - Loss: 0.0988
[Client 2, Round 64] Progress: 70% (216/305) - Loss: 0.5967
[Client 2, Round 64] Progress: 71% (219/305) - Loss: 0.0760
[Client 2, Round 64] Progress: 72% (222/305) - Loss: 0.0672
[Client 2, Round 64] Progress: 73% (225/305) - Loss: 0.0822
[Client 2, Round 64] Progress: 74% (228/305) - Loss: 0.2886
[Client 2, Round 64] Progress: 75% (231/305) - Loss: 0.0979
[Client 2, Round 64] Progress: 76% (234/305) - Loss: 0.0631
[Client 2, Round 64] Progress: 77% (237/305) - Loss: 0.1338
[Client 2, Round 64] Progress: 78% (240/305) - Loss: 0.1340
[Client 2, Round 64] Progress: 79% (243/305) - Loss: 0.1760
[Client 2, Round 64] Progress: 80% (246/305) - Loss: 0.1078
[Client 2, Round 64] Progress: 81% (249/305) - Loss: 0.0848
[Client 2, Round 64] Progress: 82% (252/305) - Loss: 0.1424
[Client 2, Round 64] Progress: 83% (255/305) - Loss: 0.1172
[Client 2, Round 64] Progress: 84% (258/305) - Loss: 0.0461
[Client 2, Round 64] Progress: 85% (261/305) - Loss: 0.1030
[Client 2, Round 64] Progress: 86% (264/305) - Loss: 0.2151
[Client 2, Round 64] Progress: 87% (267/305) - Loss: 0.1335
[Client 2, Round 64] Progress: 88% (270/305) - Loss: 0.1007
[Client 2, Round 64] Progress: 89% (273/305) - Loss: 0.0979
[Client 2, Round 64] Progress: 90% (276/305) - Loss: 0.0828
[Client 2, Round 64] Progress: 91% (279/305) - Loss: 0.1388
[Client 2, Round 64] Progress: 92% (282/305) - Loss: 0.1288
[Client 2, Round 64] Progress: 93% (285/305) - Loss: 0.0864
[Client 2, Round 64] Progress: 94% (288/305) - Loss: 0.7499
[Client 2, Round 64] Progress: 95% (291/305) - Loss: 0.3746
[Client 2, Round 64] Progress: 96% (294/305) - Loss: 0.0555
[Client 2, Round 64] Progress: 97% (297/305) - Loss: 0.3013
[Client 2, Round 64] Progress: 98% (300/305) - Loss: 0.0841
[Client 2, Round 64] Progress: 99% (303/305) - Loss: 0.1778
[Client 2, Round 64] Progress: 100% (305/305) - Loss: 0.0618
[Client 2, Round 64] Train Loss: 0.1347
[Client 2, Round 64] Val Loss: 0.1156 | Val Dice: 0.8851
[Client 2, Round 65] Progress: 0% (3/305) - Loss: 0.1399
[Client 2, Round 65] Progress: 1% (6/305) - Loss: 0.0666
[Client 2, Round 65] Progress: 2% (9/305) - Loss: 0.1231
[Client 2, Round 65] Progress: 3% (12/305) - Loss: 0.0511
[Client 2, Round 65] Progress: 4% (15/305) - Loss: 0.6008
[Client 2, Round 65] Progress: 5% (18/305) - Loss: 0.0745
[Client 2, Round 65] Progress: 6% (21/305) - Loss: 0.1046
[Client 2, Round 65] Progress: 7% (24/305) - Loss: 0.0910
[Client 2, Round 65] Progress: 8% (27/305) - Loss: 0.0981
[Client 2, Round 65] Progress: 9% (30/305) - Loss: 0.0840
[Client 2, Round 65] Progress: 10% (33/305) - Loss: 0.1139
[Client 2, Round 65] Progress: 11% (36/305) - Loss: 0.4772
[Client 2, Round 65] Progress: 12% (39/305) - Loss: 0.1174
[Client 2, Round 65] Progress: 13% (42/305) - Loss: 0.0984
[Client 2, Round 65] Progress: 14% (45/305) - Loss: 0.2932
[Client 2, Round 65] Progress: 15% (48/305) - Loss: 0.0898
[Client 2, Round 65] Progress: 16% (51/305) - Loss: 0.0924
[Client 2, Round 65] Progress: 17% (54/305) - Loss: 0.1408
[Client 2, Round 65] Progress: 18% (57/305) - Loss: 0.1110
[Client 2, Round 65] Progress: 19% (60/305) - Loss: 0.1044
[Client 2, Round 65] Progress: 20% (63/305) - Loss: 0.1747
[Client 2, Round 65] Progress: 21% (66/305) - Loss: 0.0837
[Client 2, Round 65] Progress: 22% (69/305) - Loss: 0.1053
[Client 2, Round 65] Progress: 23% (72/305) - Loss: 0.2278
[Client 2, Round 65] Progress: 24% (75/305) - Loss: 0.1728
[Client 2, Round 65] Progress: 25% (78/305) - Loss: 0.0894
[Client 2, Round 65] Progress: 26% (81/305) - Loss: 0.0611
[Client 2, Round 65] Progress: 27% (84/305) - Loss: 0.0696
[Client 2, Round 65] Progress: 28% (87/305) - Loss: 0.0857
[Client 2, Round 65] Progress: 29% (90/305) - Loss: 0.1291
[Client 2, Round 65] Progress: 30% (93/305) - Loss: 0.6647
[Client 2, Round 65] Progress: 31% (96/305) - Loss: 0.0529
[Client 2, Round 65] Progress: 32% (99/305) - Loss: 0.4277
[Client 2, Round 65] Progress: 33% (102/305) - Loss: 0.0862
[Client 2, Round 65] Progress: 34% (105/305) - Loss: 0.6917
[Client 2, Round 65] Progress: 35% (108/305) - Loss: 0.0599
[Client 2, Round 65] Progress: 36% (111/305) - Loss: 0.1136
[Client 2, Round 65] Progress: 37% (114/305) - Loss: 0.0622
[Client 2, Round 65] Progress: 38% (117/305) - Loss: 0.3034
[Client 2, Round 65] Progress: 39% (120/305) - Loss: 0.0650
[Client 2, Round 65] Progress: 40% (123/305) - Loss: 0.1731
[Client 2, Round 65] Progress: 41% (126/305) - Loss: 0.1238
[Client 2, Round 65] Progress: 42% (129/305) - Loss: 0.2068
[Client 2, Round 65] Progress: 43% (132/305) - Loss: 0.1579
[Client 2, Round 65] Progress: 44% (135/305) - Loss: 0.0766
[Client 2, Round 65] Progress: 45% (138/305) - Loss: 0.1073
[Client 2, Round 65] Progress: 46% (141/305) - Loss: 0.0615
[Client 2, Round 65] Progress: 47% (144/305) - Loss: 0.0754
[Client 2, Round 65] Progress: 48% (147/305) - Loss: 0.0643
[Client 2, Round 65] Progress: 49% (150/305) - Loss: 0.1336
[Client 2, Round 65] Progress: 50% (153/305) - Loss: 0.0771
[Client 2, Round 65] Progress: 51% (156/305) - Loss: 0.0556
[Client 2, Round 65] Progress: 52% (159/305) - Loss: 0.1014
[Client 2, Round 65] Progress: 53% (162/305) - Loss: 0.0764
[Client 2, Round 65] Progress: 54% (165/305) - Loss: 0.1280
[Client 2, Round 65] Progress: 55% (168/305) - Loss: 0.1141
[Client 2, Round 65] Progress: 56% (171/305) - Loss: 0.1424
[Client 2, Round 65] Progress: 57% (174/305) - Loss: 0.1032
[Client 2, Round 65] Progress: 58% (177/305) - Loss: 0.0378
[Client 2, Round 65] Progress: 59% (180/305) - Loss: 0.0677
[Client 2, Round 65] Progress: 60% (183/305) - Loss: 0.0784
[Client 2, Round 65] Progress: 60% (186/305) - Loss: 0.1541
[Client 2, Round 65] Progress: 61% (189/305) - Loss: 0.0680
[Client 2, Round 65] Progress: 62% (192/305) - Loss: 0.0588
[Client 2, Round 65] Progress: 63% (195/305) - Loss: 0.1162
[Client 2, Round 65] Progress: 64% (198/305) - Loss: 0.1287
[Client 2, Round 65] Progress: 65% (201/305) - Loss: 0.1271
[Client 2, Round 65] Progress: 66% (204/305) - Loss: 0.1034
[Client 2, Round 65] Progress: 67% (207/305) - Loss: 0.1289
[Client 2, Round 65] Progress: 68% (210/305) - Loss: 0.0392
[Client 2, Round 65] Progress: 69% (213/305) - Loss: 0.1437
[Client 2, Round 65] Progress: 70% (216/305) - Loss: 0.1383
[Client 2, Round 65] Progress: 71% (219/305) - Loss: 0.0761
[Client 2, Round 65] Progress: 72% (222/305) - Loss: 0.0440
[Client 2, Round 65] Progress: 73% (225/305) - Loss: 0.1245
[Client 2, Round 65] Progress: 74% (228/305) - Loss: 0.0848
[Client 2, Round 65] Progress: 75% (231/305) - Loss: 0.0790
[Client 2, Round 65] Progress: 76% (234/305) - Loss: 0.0852
[Client 2, Round 65] Progress: 77% (237/305) - Loss: 0.0721
[Client 2, Round 65] Progress: 78% (240/305) - Loss: 0.2439
[Client 2, Round 65] Progress: 79% (243/305) - Loss: 0.0662
[Client 2, Round 65] Progress: 80% (246/305) - Loss: 0.0620
[Client 2, Round 65] Progress: 81% (249/305) - Loss: 0.1029
[Client 2, Round 65] Progress: 82% (252/305) - Loss: 0.1159
[Client 2, Round 65] Progress: 83% (255/305) - Loss: 0.0792
[Client 2, Round 65] Progress: 84% (258/305) - Loss: 0.1197
[Client 2, Round 65] Progress: 85% (261/305) - Loss: 0.1474
[Client 2, Round 65] Progress: 86% (264/305) - Loss: 0.0731
[Client 2, Round 65] Progress: 87% (267/305) - Loss: 0.0722
[Client 2, Round 65] Progress: 88% (270/305) - Loss: 0.0967
[Client 2, Round 65] Progress: 89% (273/305) - Loss: 0.0849
[Client 2, Round 65] Progress: 90% (276/305) - Loss: 0.1544
[Client 2, Round 65] Progress: 91% (279/305) - Loss: 0.1984
[Client 2, Round 65] Progress: 92% (282/305) - Loss: 0.0544
[Client 2, Round 65] Progress: 93% (285/305) - Loss: 0.0517
[Client 2, Round 65] Progress: 94% (288/305) - Loss: 0.0626
[Client 2, Round 65] Progress: 95% (291/305) - Loss: 0.3041
[Client 2, Round 65] Progress: 96% (294/305) - Loss: 0.0803
[Client 2, Round 65] Progress: 97% (297/305) - Loss: 0.0993
[Client 2, Round 65] Progress: 98% (300/305) - Loss: 0.2086
[Client 2, Round 65] Progress: 99% (303/305) - Loss: 0.0567
[Client 2, Round 65] Progress: 100% (305/305) - Loss: 0.1974
[Client 2, Round 65] Train Loss: 0.1314
[Client 2, Round 65] Val Loss: 0.1194 | Val Dice: 0.8805
[Client 2, Round 66] Progress: 0% (3/305) - Loss: 0.1466
[Client 2, Round 66] Progress: 1% (6/305) - Loss: 0.0546
[Client 2, Round 66] Progress: 2% (9/305) - Loss: 0.1071
[Client 2, Round 66] Progress: 3% (12/305) - Loss: 0.1301
[Client 2, Round 66] Progress: 4% (15/305) - Loss: 0.0968
[Client 2, Round 66] Progress: 5% (18/305) - Loss: 0.1683
[Client 2, Round 66] Progress: 6% (21/305) - Loss: 0.0761
[Client 2, Round 66] Progress: 7% (24/305) - Loss: 0.0648
[Client 2, Round 66] Progress: 8% (27/305) - Loss: 0.0849
[Client 2, Round 66] Progress: 9% (30/305) - Loss: 0.7022
[Client 2, Round 66] Progress: 10% (33/305) - Loss: 0.0325
[Client 2, Round 66] Progress: 11% (36/305) - Loss: 0.0336
[Client 2, Round 66] Progress: 12% (39/305) - Loss: 0.1341
[Client 2, Round 66] Progress: 13% (42/305) - Loss: 0.0390
[Client 2, Round 66] Progress: 14% (45/305) - Loss: 0.2023
[Client 2, Round 66] Progress: 15% (48/305) - Loss: 0.1539
[Client 2, Round 66] Progress: 16% (51/305) - Loss: 0.2007
[Client 2, Round 66] Progress: 17% (54/305) - Loss: 0.1344
[Client 2, Round 66] Progress: 18% (57/305) - Loss: 0.1848
[Client 2, Round 66] Progress: 19% (60/305) - Loss: 0.0506
[Client 2, Round 66] Progress: 20% (63/305) - Loss: 0.1212
[Client 2, Round 66] Progress: 21% (66/305) - Loss: 0.1664
[Client 2, Round 66] Progress: 22% (69/305) - Loss: 0.1202
[Client 2, Round 66] Progress: 23% (72/305) - Loss: 0.0727
[Client 2, Round 66] Progress: 24% (75/305) - Loss: 0.0660
[Client 2, Round 66] Progress: 25% (78/305) - Loss: 0.0705
[Client 2, Round 66] Progress: 26% (81/305) - Loss: 0.0705
[Client 2, Round 66] Progress: 27% (84/305) - Loss: 0.1220
[Client 2, Round 66] Progress: 28% (87/305) - Loss: 0.0674
[Client 2, Round 66] Progress: 29% (90/305) - Loss: 0.2007
[Client 2, Round 66] Progress: 30% (93/305) - Loss: 0.1632
[Client 2, Round 66] Progress: 31% (96/305) - Loss: 0.0784
[Client 2, Round 66] Progress: 32% (99/305) - Loss: 0.0769
[Client 2, Round 66] Progress: 33% (102/305) - Loss: 0.0622
[Client 2, Round 66] Progress: 34% (105/305) - Loss: 0.1288
[Client 2, Round 66] Progress: 35% (108/305) - Loss: 0.0533
[Client 2, Round 66] Progress: 36% (111/305) - Loss: 0.1492
[Client 2, Round 66] Progress: 37% (114/305) - Loss: 0.0740
[Client 2, Round 66] Progress: 38% (117/305) - Loss: 0.5192
[Client 2, Round 66] Progress: 39% (120/305) - Loss: 0.1692
[Client 2, Round 66] Progress: 40% (123/305) - Loss: 0.0960
[Client 2, Round 66] Progress: 41% (126/305) - Loss: 0.0932
[Client 2, Round 66] Progress: 42% (129/305) - Loss: 0.3621
[Client 2, Round 66] Progress: 43% (132/305) - Loss: 0.1234
[Client 2, Round 66] Progress: 44% (135/305) - Loss: 0.0553
[Client 2, Round 66] Progress: 45% (138/305) - Loss: 0.1350
[Client 2, Round 66] Progress: 46% (141/305) - Loss: 0.1915
[Client 2, Round 66] Progress: 47% (144/305) - Loss: 0.0832
[Client 2, Round 66] Progress: 48% (147/305) - Loss: 0.0757
[Client 2, Round 66] Progress: 49% (150/305) - Loss: 0.1885
[Client 2, Round 66] Progress: 50% (153/305) - Loss: 0.2222
[Client 2, Round 66] Progress: 51% (156/305) - Loss: 0.0671
[Client 2, Round 66] Progress: 52% (159/305) - Loss: 0.1391
[Client 2, Round 66] Progress: 53% (162/305) - Loss: 0.0959
[Client 2, Round 66] Progress: 54% (165/305) - Loss: 0.0875
[Client 2, Round 66] Progress: 55% (168/305) - Loss: 0.0732
[Client 2, Round 66] Progress: 56% (171/305) - Loss: 0.0788
[Client 2, Round 66] Progress: 57% (174/305) - Loss: 0.2174
[Client 2, Round 66] Progress: 58% (177/305) - Loss: 0.1516
[Client 2, Round 66] Progress: 59% (180/305) - Loss: 0.1261
[Client 2, Round 66] Progress: 60% (183/305) - Loss: 0.1214
[Client 2, Round 66] Progress: 60% (186/305) - Loss: 0.0772
[Client 2, Round 66] Progress: 61% (189/305) - Loss: 0.0807
[Client 2, Round 66] Progress: 62% (192/305) - Loss: 0.1100
[Client 2, Round 66] Progress: 63% (195/305) - Loss: 0.7796
[Client 2, Round 66] Progress: 64% (198/305) - Loss: 0.0791
[Client 2, Round 66] Progress: 65% (201/305) - Loss: 0.0419
[Client 2, Round 66] Progress: 66% (204/305) - Loss: 0.2062
[Client 2, Round 66] Progress: 67% (207/305) - Loss: 0.1119
[Client 2, Round 66] Progress: 68% (210/305) - Loss: 0.0564
[Client 2, Round 66] Progress: 69% (213/305) - Loss: 0.1069
[Client 2, Round 66] Progress: 70% (216/305) - Loss: 0.1841
[Client 2, Round 66] Progress: 71% (219/305) - Loss: 0.0633
[Client 2, Round 66] Progress: 72% (222/305) - Loss: 0.2250
[Client 2, Round 66] Progress: 73% (225/305) - Loss: 0.0868
[Client 2, Round 66] Progress: 74% (228/305) - Loss: 0.1224
[Client 2, Round 66] Progress: 75% (231/305) - Loss: 0.1612
[Client 2, Round 66] Progress: 76% (234/305) - Loss: 0.1447
[Client 2, Round 66] Progress: 77% (237/305) - Loss: 0.0704
[Client 2, Round 66] Progress: 78% (240/305) - Loss: 0.1643
[Client 2, Round 66] Progress: 79% (243/305) - Loss: 0.1338
[Client 2, Round 66] Progress: 80% (246/305) - Loss: 0.0718
[Client 2, Round 66] Progress: 81% (249/305) - Loss: 0.4670
[Client 2, Round 66] Progress: 82% (252/305) - Loss: 0.0945
[Client 2, Round 66] Progress: 83% (255/305) - Loss: 0.1308
[Client 2, Round 66] Progress: 84% (258/305) - Loss: 0.2142
[Client 2, Round 66] Progress: 85% (261/305) - Loss: 0.1140
[Client 2, Round 66] Progress: 86% (264/305) - Loss: 0.1643
[Client 2, Round 66] Progress: 87% (267/305) - Loss: 0.0806
[Client 2, Round 66] Progress: 88% (270/305) - Loss: 0.1023
[Client 2, Round 66] Progress: 89% (273/305) - Loss: 0.0849
[Client 2, Round 66] Progress: 90% (276/305) - Loss: 0.1105
[Client 2, Round 66] Progress: 91% (279/305) - Loss: 0.1413
[Client 2, Round 66] Progress: 92% (282/305) - Loss: 0.0988
[Client 2, Round 66] Progress: 93% (285/305) - Loss: 0.0376
[Client 2, Round 66] Progress: 94% (288/305) - Loss: 0.2000
[Client 2, Round 66] Progress: 95% (291/305) - Loss: 0.5088
[Client 2, Round 66] Progress: 96% (294/305) - Loss: 0.0795
[Client 2, Round 66] Progress: 97% (297/305) - Loss: 0.2111
[Client 2, Round 66] Progress: 98% (300/305) - Loss: 0.0873
[Client 2, Round 66] Progress: 99% (303/305) - Loss: 0.0596
[Client 2, Round 66] Progress: 100% (305/305) - Loss: 0.2034
[Client 2, Round 66] Train Loss: 0.1335
[Client 2, Round 66] Val Loss: 0.1331 | Val Dice: 0.8663
[Client 2, Round 67] Progress: 0% (3/305) - Loss: 0.1993
[Client 2, Round 67] Progress: 1% (6/305) - Loss: 0.0507
[Client 2, Round 67] Progress: 2% (9/305) - Loss: 0.1087
[Client 2, Round 67] Progress: 3% (12/305) - Loss: 0.1942
[Client 2, Round 67] Progress: 4% (15/305) - Loss: 0.1953
[Client 2, Round 67] Progress: 5% (18/305) - Loss: 0.1463
[Client 2, Round 67] Progress: 6% (21/305) - Loss: 0.1510
[Client 2, Round 67] Progress: 7% (24/305) - Loss: 0.1461
[Client 2, Round 67] Progress: 8% (27/305) - Loss: 0.1625
[Client 2, Round 67] Progress: 9% (30/305) - Loss: 0.1270
[Client 2, Round 67] Progress: 10% (33/305) - Loss: 0.0561
[Client 2, Round 67] Progress: 11% (36/305) - Loss: 0.0615
[Client 2, Round 67] Progress: 12% (39/305) - Loss: 0.1299
[Client 2, Round 67] Progress: 13% (42/305) - Loss: 0.8298
[Client 2, Round 67] Progress: 14% (45/305) - Loss: 0.1295
[Client 2, Round 67] Progress: 15% (48/305) - Loss: 0.3457
[Client 2, Round 67] Progress: 16% (51/305) - Loss: 0.1195
[Client 2, Round 67] Progress: 17% (54/305) - Loss: 0.1684
[Client 2, Round 67] Progress: 18% (57/305) - Loss: 0.0905
[Client 2, Round 67] Progress: 19% (60/305) - Loss: 0.0557
[Client 2, Round 67] Progress: 20% (63/305) - Loss: 0.1735
[Client 2, Round 67] Progress: 21% (66/305) - Loss: 0.1763
[Client 2, Round 67] Progress: 22% (69/305) - Loss: 0.1009
[Client 2, Round 67] Progress: 23% (72/305) - Loss: 0.1220
[Client 2, Round 67] Progress: 24% (75/305) - Loss: 0.1218
[Client 2, Round 67] Progress: 25% (78/305) - Loss: 0.3905
[Client 2, Round 67] Progress: 26% (81/305) - Loss: 0.1856
[Client 2, Round 67] Progress: 27% (84/305) - Loss: 0.0802
[Client 2, Round 67] Progress: 28% (87/305) - Loss: 0.0876
[Client 2, Round 67] Progress: 29% (90/305) - Loss: 0.1141
[Client 2, Round 67] Progress: 30% (93/305) - Loss: 0.0943
[Client 2, Round 67] Progress: 31% (96/305) - Loss: 0.3031
[Client 2, Round 67] Progress: 32% (99/305) - Loss: 0.1934
[Client 2, Round 67] Progress: 33% (102/305) - Loss: 0.1048
[Client 2, Round 67] Progress: 34% (105/305) - Loss: 0.1375
[Client 2, Round 67] Progress: 35% (108/305) - Loss: 0.1894
[Client 2, Round 67] Progress: 36% (111/305) - Loss: 0.1043
[Client 2, Round 67] Progress: 37% (114/305) - Loss: 0.1015
[Client 2, Round 67] Progress: 38% (117/305) - Loss: 0.0826
[Client 2, Round 67] Progress: 39% (120/305) - Loss: 0.0900
[Client 2, Round 67] Progress: 40% (123/305) - Loss: 0.1437
[Client 2, Round 67] Progress: 41% (126/305) - Loss: 0.0827
[Client 2, Round 67] Progress: 42% (129/305) - Loss: 0.0749
[Client 2, Round 67] Progress: 43% (132/305) - Loss: 0.0904
[Client 2, Round 67] Progress: 44% (135/305) - Loss: 0.1049
[Client 2, Round 67] Progress: 45% (138/305) - Loss: 0.1203
[Client 2, Round 67] Progress: 46% (141/305) - Loss: 0.0864
[Client 2, Round 67] Progress: 47% (144/305) - Loss: 0.0698
[Client 2, Round 67] Progress: 48% (147/305) - Loss: 0.2109
[Client 2, Round 67] Progress: 49% (150/305) - Loss: 0.1025
[Client 2, Round 67] Progress: 50% (153/305) - Loss: 0.0689
[Client 2, Round 67] Progress: 51% (156/305) - Loss: 0.0784
[Client 2, Round 67] Progress: 52% (159/305) - Loss: 0.1343
[Client 2, Round 67] Progress: 53% (162/305) - Loss: 0.1798
[Client 2, Round 67] Progress: 54% (165/305) - Loss: 0.0675
[Client 2, Round 67] Progress: 55% (168/305) - Loss: 0.0453
[Client 2, Round 67] Progress: 56% (171/305) - Loss: 0.0746
[Client 2, Round 67] Progress: 57% (174/305) - Loss: 0.0388
[Client 2, Round 67] Progress: 58% (177/305) - Loss: 0.0567
[Client 2, Round 67] Progress: 59% (180/305) - Loss: 0.0798
[Client 2, Round 67] Progress: 60% (183/305) - Loss: 0.1183
[Client 2, Round 67] Progress: 60% (186/305) - Loss: 0.1410
[Client 2, Round 67] Progress: 61% (189/305) - Loss: 0.0445
[Client 2, Round 67] Progress: 62% (192/305) - Loss: 0.0635
[Client 2, Round 67] Progress: 63% (195/305) - Loss: 0.1435
[Client 2, Round 67] Progress: 64% (198/305) - Loss: 0.1298
[Client 2, Round 67] Progress: 65% (201/305) - Loss: 0.1553
[Client 2, Round 67] Progress: 66% (204/305) - Loss: 0.1310
[Client 2, Round 67] Progress: 67% (207/305) - Loss: 0.0646
[Client 2, Round 67] Progress: 68% (210/305) - Loss: 0.1104
[Client 2, Round 67] Progress: 69% (213/305) - Loss: 0.0693
[Client 2, Round 67] Progress: 70% (216/305) - Loss: 0.0854
[Client 2, Round 67] Progress: 71% (219/305) - Loss: 0.1318
[Client 2, Round 67] Progress: 72% (222/305) - Loss: 0.0940
[Client 2, Round 67] Progress: 73% (225/305) - Loss: 0.0785
[Client 2, Round 67] Progress: 74% (228/305) - Loss: 0.0636
[Client 2, Round 67] Progress: 75% (231/305) - Loss: 0.0886
[Client 2, Round 67] Progress: 76% (234/305) - Loss: 0.0992
[Client 2, Round 67] Progress: 77% (237/305) - Loss: 0.0820
[Client 2, Round 67] Progress: 78% (240/305) - Loss: 0.2329
[Client 2, Round 67] Progress: 79% (243/305) - Loss: 0.0347
[Client 2, Round 67] Progress: 80% (246/305) - Loss: 0.0332
[Client 2, Round 67] Progress: 81% (249/305) - Loss: 0.0790
[Client 2, Round 67] Progress: 82% (252/305) - Loss: 0.1306
[Client 2, Round 67] Progress: 83% (255/305) - Loss: 0.1190
[Client 2, Round 67] Progress: 84% (258/305) - Loss: 0.7823
[Client 2, Round 67] Progress: 85% (261/305) - Loss: 0.1262
[Client 2, Round 67] Progress: 86% (264/305) - Loss: 0.4897
[Client 2, Round 67] Progress: 87% (267/305) - Loss: 0.0922
[Client 2, Round 67] Progress: 88% (270/305) - Loss: 0.1028
[Client 2, Round 67] Progress: 89% (273/305) - Loss: 0.0681
[Client 2, Round 67] Progress: 90% (276/305) - Loss: 0.0853
[Client 2, Round 67] Progress: 91% (279/305) - Loss: 0.0663
[Client 2, Round 67] Progress: 92% (282/305) - Loss: 0.0792
[Client 2, Round 67] Progress: 93% (285/305) - Loss: 0.1779
[Client 2, Round 67] Progress: 94% (288/305) - Loss: 0.0603
[Client 2, Round 67] Progress: 95% (291/305) - Loss: 0.0831
[Client 2, Round 67] Progress: 96% (294/305) - Loss: 0.0447
[Client 2, Round 67] Progress: 97% (297/305) - Loss: 0.0442
[Client 2, Round 67] Progress: 98% (300/305) - Loss: 0.0785
[Client 2, Round 67] Progress: 99% (303/305) - Loss: 0.1089
[Client 2, Round 67] Progress: 100% (305/305) - Loss: 0.1614
[Client 2, Round 67] Train Loss: 0.1289
[Client 2, Round 67] Val Loss: 0.1282 | Val Dice: 0.8715
[Client 2, Round 68] Progress: 0% (3/305) - Loss: 0.0777
[Client 2, Round 68] Progress: 1% (6/305) - Loss: 0.1220
[Client 2, Round 68] Progress: 2% (9/305) - Loss: 0.0690
[Client 2, Round 68] Progress: 3% (12/305) - Loss: 0.1465
[Client 2, Round 68] Progress: 4% (15/305) - Loss: 0.7804
[Client 2, Round 68] Progress: 5% (18/305) - Loss: 0.0958
[Client 2, Round 68] Progress: 6% (21/305) - Loss: 0.0609
[Client 2, Round 68] Progress: 7% (24/305) - Loss: 0.0976
[Client 2, Round 68] Progress: 8% (27/305) - Loss: 0.1368
[Client 2, Round 68] Progress: 9% (30/305) - Loss: 0.0589
[Client 2, Round 68] Progress: 10% (33/305) - Loss: 0.3954
[Client 2, Round 68] Progress: 11% (36/305) - Loss: 0.1106
[Client 2, Round 68] Progress: 12% (39/305) - Loss: 0.3064
[Client 2, Round 68] Progress: 13% (42/305) - Loss: 0.1153
[Client 2, Round 68] Progress: 14% (45/305) - Loss: 0.1186
[Client 2, Round 68] Progress: 15% (48/305) - Loss: 0.1727
[Client 2, Round 68] Progress: 16% (51/305) - Loss: 0.1347
[Client 2, Round 68] Progress: 17% (54/305) - Loss: 0.1631
[Client 2, Round 68] Progress: 18% (57/305) - Loss: 0.1984
[Client 2, Round 68] Progress: 19% (60/305) - Loss: 0.0626
[Client 2, Round 68] Progress: 20% (63/305) - Loss: 0.1168
[Client 2, Round 68] Progress: 21% (66/305) - Loss: 0.1262
[Client 2, Round 68] Progress: 22% (69/305) - Loss: 0.0676
[Client 2, Round 68] Progress: 23% (72/305) - Loss: 0.1147
[Client 2, Round 68] Progress: 24% (75/305) - Loss: 0.1979
[Client 2, Round 68] Progress: 25% (78/305) - Loss: 0.1040
[Client 2, Round 68] Progress: 26% (81/305) - Loss: 0.0951
[Client 2, Round 68] Progress: 27% (84/305) - Loss: 0.0765
[Client 2, Round 68] Progress: 28% (87/305) - Loss: 0.0787
[Client 2, Round 68] Progress: 29% (90/305) - Loss: 0.1404
[Client 2, Round 68] Progress: 30% (93/305) - Loss: 0.1000
[Client 2, Round 68] Progress: 31% (96/305) - Loss: 0.2029
[Client 2, Round 68] Progress: 32% (99/305) - Loss: 0.0894
[Client 2, Round 68] Progress: 33% (102/305) - Loss: 0.1433
[Client 2, Round 68] Progress: 34% (105/305) - Loss: 0.4604
[Client 2, Round 68] Progress: 35% (108/305) - Loss: 0.0646
[Client 2, Round 68] Progress: 36% (111/305) - Loss: 0.0542
[Client 2, Round 68] Progress: 37% (114/305) - Loss: 0.1124
[Client 2, Round 68] Progress: 38% (117/305) - Loss: 0.1357
[Client 2, Round 68] Progress: 39% (120/305) - Loss: 0.1495
[Client 2, Round 68] Progress: 40% (123/305) - Loss: 0.0758
[Client 2, Round 68] Progress: 41% (126/305) - Loss: 0.0696
[Client 2, Round 68] Progress: 42% (129/305) - Loss: 0.0728
[Client 2, Round 68] Progress: 43% (132/305) - Loss: 0.2977
[Client 2, Round 68] Progress: 44% (135/305) - Loss: 0.1837
[Client 2, Round 68] Progress: 45% (138/305) - Loss: 0.1252
[Client 2, Round 68] Progress: 46% (141/305) - Loss: 0.1554
[Client 2, Round 68] Progress: 47% (144/305) - Loss: 0.1175
[Client 2, Round 68] Progress: 48% (147/305) - Loss: 0.1775
[Client 2, Round 68] Progress: 49% (150/305) - Loss: 0.1366
[Client 2, Round 68] Progress: 50% (153/305) - Loss: 0.0640
[Client 2, Round 68] Progress: 51% (156/305) - Loss: 0.2068
[Client 2, Round 68] Progress: 52% (159/305) - Loss: 0.7015
[Client 2, Round 68] Progress: 53% (162/305) - Loss: 0.0567
[Client 2, Round 68] Progress: 54% (165/305) - Loss: 0.0382
[Client 2, Round 68] Progress: 55% (168/305) - Loss: 0.1727
[Client 2, Round 68] Progress: 56% (171/305) - Loss: 0.0603
[Client 2, Round 68] Progress: 57% (174/305) - Loss: 0.0917
[Client 2, Round 68] Progress: 58% (177/305) - Loss: 0.0962
[Client 2, Round 68] Progress: 59% (180/305) - Loss: 0.1100
[Client 2, Round 68] Progress: 60% (183/305) - Loss: 0.0800
[Client 2, Round 68] Progress: 60% (186/305) - Loss: 0.2568
[Client 2, Round 68] Progress: 61% (189/305) - Loss: 0.2333
[Client 2, Round 68] Progress: 62% (192/305) - Loss: 0.2684
[Client 2, Round 68] Progress: 63% (195/305) - Loss: 0.1014
[Client 2, Round 68] Progress: 64% (198/305) - Loss: 0.1886
[Client 2, Round 68] Progress: 65% (201/305) - Loss: 0.0852
[Client 2, Round 68] Progress: 66% (204/305) - Loss: 0.1087
[Client 2, Round 68] Progress: 67% (207/305) - Loss: 0.1337
[Client 2, Round 68] Progress: 68% (210/305) - Loss: 0.0777
[Client 2, Round 68] Progress: 69% (213/305) - Loss: 0.1361
[Client 2, Round 68] Progress: 70% (216/305) - Loss: 0.0532
[Client 2, Round 68] Progress: 71% (219/305) - Loss: 0.1209
[Client 2, Round 68] Progress: 72% (222/305) - Loss: 0.0804
[Client 2, Round 68] Progress: 73% (225/305) - Loss: 0.1326
[Client 2, Round 68] Progress: 74% (228/305) - Loss: 0.0487
[Client 2, Round 68] Progress: 75% (231/305) - Loss: 0.1100
[Client 2, Round 68] Progress: 76% (234/305) - Loss: 0.1399
[Client 2, Round 68] Progress: 77% (237/305) - Loss: 0.1491
[Client 2, Round 68] Progress: 78% (240/305) - Loss: 0.0769
[Client 2, Round 68] Progress: 79% (243/305) - Loss: 0.0566
[Client 2, Round 68] Progress: 80% (246/305) - Loss: 0.0808
[Client 2, Round 68] Progress: 81% (249/305) - Loss: 0.1219
[Client 2, Round 68] Progress: 82% (252/305) - Loss: 0.6534
[Client 2, Round 68] Progress: 83% (255/305) - Loss: 0.0764
[Client 2, Round 68] Progress: 84% (258/305) - Loss: 0.1154
[Client 2, Round 68] Progress: 85% (261/305) - Loss: 0.2954
[Client 2, Round 68] Progress: 86% (264/305) - Loss: 0.2543
[Client 2, Round 68] Progress: 87% (267/305) - Loss: 0.1033
[Client 2, Round 68] Progress: 88% (270/305) - Loss: 0.0889
[Client 2, Round 68] Progress: 89% (273/305) - Loss: 0.0523
[Client 2, Round 68] Progress: 90% (276/305) - Loss: 0.1834
[Client 2, Round 68] Progress: 91% (279/305) - Loss: 0.1195
[Client 2, Round 68] Progress: 92% (282/305) - Loss: 0.1392
[Client 2, Round 68] Progress: 93% (285/305) - Loss: 0.1476
[Client 2, Round 68] Progress: 94% (288/305) - Loss: 0.1215
[Client 2, Round 68] Progress: 95% (291/305) - Loss: 0.0380
[Client 2, Round 68] Progress: 96% (294/305) - Loss: 0.1548
[Client 2, Round 68] Progress: 97% (297/305) - Loss: 0.0791
[Client 2, Round 68] Progress: 98% (300/305) - Loss: 0.1103
[Client 2, Round 68] Progress: 99% (303/305) - Loss: 0.1876
[Client 2, Round 68] Progress: 100% (305/305) - Loss: 0.0518
[Client 2, Round 68] Train Loss: 0.1320
[Client 2, Round 68] Val Loss: 0.1284 | Val Dice: 0.8711
[Client 2, Round 69] Progress: 0% (3/305) - Loss: 0.1532
[Client 2, Round 69] Progress: 1% (6/305) - Loss: 0.0849
[Client 2, Round 69] Progress: 2% (9/305) - Loss: 0.1198
[Client 2, Round 69] Progress: 3% (12/305) - Loss: 0.1382
[Client 2, Round 69] Progress: 4% (15/305) - Loss: 0.1985
[Client 2, Round 69] Progress: 5% (18/305) - Loss: 0.0504
[Client 2, Round 69] Progress: 6% (21/305) - Loss: 0.0574
[Client 2, Round 69] Progress: 7% (24/305) - Loss: 0.1368
[Client 2, Round 69] Progress: 8% (27/305) - Loss: 0.1084
[Client 2, Round 69] Progress: 9% (30/305) - Loss: 0.2009
[Client 2, Round 69] Progress: 10% (33/305) - Loss: 0.0666
[Client 2, Round 69] Progress: 11% (36/305) - Loss: 0.0561
[Client 2, Round 69] Progress: 12% (39/305) - Loss: 0.1444
[Client 2, Round 69] Progress: 13% (42/305) - Loss: 0.0735
[Client 2, Round 69] Progress: 14% (45/305) - Loss: 0.0874
[Client 2, Round 69] Progress: 15% (48/305) - Loss: 0.0833
[Client 2, Round 69] Progress: 16% (51/305) - Loss: 0.0779
[Client 2, Round 69] Progress: 17% (54/305) - Loss: 0.2031
[Client 2, Round 69] Progress: 18% (57/305) - Loss: 0.1873
[Client 2, Round 69] Progress: 19% (60/305) - Loss: 0.0367
[Client 2, Round 69] Progress: 20% (63/305) - Loss: 0.1187
[Client 2, Round 69] Progress: 21% (66/305) - Loss: 0.1668
[Client 2, Round 69] Progress: 22% (69/305) - Loss: 0.1560
[Client 2, Round 69] Progress: 23% (72/305) - Loss: 0.0694
[Client 2, Round 69] Progress: 24% (75/305) - Loss: 0.1656
[Client 2, Round 69] Progress: 25% (78/305) - Loss: 0.1255
[Client 2, Round 69] Progress: 26% (81/305) - Loss: 0.0707
[Client 2, Round 69] Progress: 27% (84/305) - Loss: 0.0994
[Client 2, Round 69] Progress: 28% (87/305) - Loss: 0.2488
[Client 2, Round 69] Progress: 29% (90/305) - Loss: 0.1475
[Client 2, Round 69] Progress: 30% (93/305) - Loss: 0.0788
[Client 2, Round 69] Progress: 31% (96/305) - Loss: 0.2397
[Client 2, Round 69] Progress: 32% (99/305) - Loss: 0.1186
[Client 2, Round 69] Progress: 33% (102/305) - Loss: 0.2215
[Client 2, Round 69] Progress: 34% (105/305) - Loss: 0.0627
[Client 2, Round 69] Progress: 35% (108/305) - Loss: 0.1040
[Client 2, Round 69] Progress: 36% (111/305) - Loss: 0.2944
[Client 2, Round 69] Progress: 37% (114/305) - Loss: 0.1426
[Client 2, Round 69] Progress: 38% (117/305) - Loss: 0.1155
[Client 2, Round 69] Progress: 39% (120/305) - Loss: 0.0590
[Client 2, Round 69] Progress: 40% (123/305) - Loss: 0.0998
[Client 2, Round 69] Progress: 41% (126/305) - Loss: 0.1162
[Client 2, Round 69] Progress: 42% (129/305) - Loss: 0.0476
[Client 2, Round 69] Progress: 43% (132/305) - Loss: 0.8374
[Client 2, Round 69] Progress: 44% (135/305) - Loss: 0.0613
[Client 2, Round 69] Progress: 45% (138/305) - Loss: 0.1565
[Client 2, Round 69] Progress: 46% (141/305) - Loss: 0.1266
[Client 2, Round 69] Progress: 47% (144/305) - Loss: 0.1848
[Client 2, Round 69] Progress: 48% (147/305) - Loss: 0.0835
[Client 2, Round 69] Progress: 49% (150/305) - Loss: 0.2072
[Client 2, Round 69] Progress: 50% (153/305) - Loss: 0.1104
[Client 2, Round 69] Progress: 51% (156/305) - Loss: 0.0522
[Client 2, Round 69] Progress: 52% (159/305) - Loss: 0.0776
[Client 2, Round 69] Progress: 53% (162/305) - Loss: 0.0892
[Client 2, Round 69] Progress: 54% (165/305) - Loss: 0.1559
[Client 2, Round 69] Progress: 55% (168/305) - Loss: 0.1446
[Client 2, Round 69] Progress: 56% (171/305) - Loss: 0.0754
[Client 2, Round 69] Progress: 57% (174/305) - Loss: 0.0491
[Client 2, Round 69] Progress: 58% (177/305) - Loss: 0.0828
[Client 2, Round 69] Progress: 59% (180/305) - Loss: 0.3271
[Client 2, Round 69] Progress: 60% (183/305) - Loss: 0.4763
[Client 2, Round 69] Progress: 60% (186/305) - Loss: 0.0991
[Client 2, Round 69] Progress: 61% (189/305) - Loss: 0.0843
[Client 2, Round 69] Progress: 62% (192/305) - Loss: 0.0701
[Client 2, Round 69] Progress: 63% (195/305) - Loss: 0.1263
[Client 2, Round 69] Progress: 64% (198/305) - Loss: 0.0835
[Client 2, Round 69] Progress: 65% (201/305) - Loss: 0.1443
[Client 2, Round 69] Progress: 66% (204/305) - Loss: 0.0693
[Client 2, Round 69] Progress: 67% (207/305) - Loss: 0.0357
[Client 2, Round 69] Progress: 68% (210/305) - Loss: 0.0918
[Client 2, Round 69] Progress: 69% (213/305) - Loss: 0.2900
[Client 2, Round 69] Progress: 70% (216/305) - Loss: 0.1307
[Client 2, Round 69] Progress: 71% (219/305) - Loss: 0.1656
[Client 2, Round 69] Progress: 72% (222/305) - Loss: 0.0715
[Client 2, Round 69] Progress: 73% (225/305) - Loss: 0.0819
[Client 2, Round 69] Progress: 74% (228/305) - Loss: 0.1176
[Client 2, Round 69] Progress: 75% (231/305) - Loss: 0.0782
[Client 2, Round 69] Progress: 76% (234/305) - Loss: 0.1005
[Client 2, Round 69] Progress: 77% (237/305) - Loss: 0.0993
[Client 2, Round 69] Progress: 78% (240/305) - Loss: 0.2234
[Client 2, Round 69] Progress: 79% (243/305) - Loss: 0.1332
[Client 2, Round 69] Progress: 80% (246/305) - Loss: 0.1126
[Client 2, Round 69] Progress: 81% (249/305) - Loss: 0.0323
[Client 2, Round 69] Progress: 82% (252/305) - Loss: 0.2028
[Client 2, Round 69] Progress: 83% (255/305) - Loss: 0.0705
[Client 2, Round 69] Progress: 84% (258/305) - Loss: 0.1117
[Client 2, Round 69] Progress: 85% (261/305) - Loss: 0.1267
[Client 2, Round 69] Progress: 86% (264/305) - Loss: 0.0879
[Client 2, Round 69] Progress: 87% (267/305) - Loss: 0.0489
[Client 2, Round 69] Progress: 88% (270/305) - Loss: 0.0810
[Client 2, Round 69] Progress: 89% (273/305) - Loss: 0.3522
[Client 2, Round 69] Progress: 90% (276/305) - Loss: 0.0739
[Client 2, Round 69] Progress: 91% (279/305) - Loss: 0.0680
[Client 2, Round 69] Progress: 92% (282/305) - Loss: 0.2962
[Client 2, Round 69] Progress: 93% (285/305) - Loss: 0.1720
[Client 2, Round 69] Progress: 94% (288/305) - Loss: 0.9532
[Client 2, Round 69] Progress: 95% (291/305) - Loss: 0.1080
[Client 2, Round 69] Progress: 96% (294/305) - Loss: 0.1585
[Client 2, Round 69] Progress: 97% (297/305) - Loss: 0.2069
[Client 2, Round 69] Progress: 98% (300/305) - Loss: 0.1285
[Client 2, Round 69] Progress: 99% (303/305) - Loss: 0.1031
[Client 2, Round 69] Progress: 100% (305/305) - Loss: 0.0419
[Client 2, Round 69] Train Loss: 0.1349
[Client 2, Round 69] Val Loss: 0.1270 | Val Dice: 0.8731
[Client 2, Round 70] Progress: 0% (3/305) - Loss: 0.1108
[Client 2, Round 70] Progress: 1% (6/305) - Loss: 0.1226
[Client 2, Round 70] Progress: 2% (9/305) - Loss: 0.0841
[Client 2, Round 70] Progress: 3% (12/305) - Loss: 0.0700
[Client 2, Round 70] Progress: 4% (15/305) - Loss: 0.4232
[Client 2, Round 70] Progress: 5% (18/305) - Loss: 0.3512
[Client 2, Round 70] Progress: 6% (21/305) - Loss: 0.2571
[Client 2, Round 70] Progress: 7% (24/305) - Loss: 0.1206
[Client 2, Round 70] Progress: 8% (27/305) - Loss: 0.0640
[Client 2, Round 70] Progress: 9% (30/305) - Loss: 0.1109
[Client 2, Round 70] Progress: 10% (33/305) - Loss: 0.1349
[Client 2, Round 70] Progress: 11% (36/305) - Loss: 0.3669
[Client 2, Round 70] Progress: 12% (39/305) - Loss: 0.0641
[Client 2, Round 70] Progress: 13% (42/305) - Loss: 0.0767
[Client 2, Round 70] Progress: 14% (45/305) - Loss: 0.0839
[Client 2, Round 70] Progress: 15% (48/305) - Loss: 0.0514
[Client 2, Round 70] Progress: 16% (51/305) - Loss: 0.1271
[Client 2, Round 70] Progress: 17% (54/305) - Loss: 0.1628
[Client 2, Round 70] Progress: 18% (57/305) - Loss: 0.0691
[Client 2, Round 70] Progress: 19% (60/305) - Loss: 0.1529
[Client 2, Round 70] Progress: 20% (63/305) - Loss: 0.1060
[Client 2, Round 70] Progress: 21% (66/305) - Loss: 0.1054
[Client 2, Round 70] Progress: 22% (69/305) - Loss: 0.1323
[Client 2, Round 70] Progress: 23% (72/305) - Loss: 0.4214
[Client 2, Round 70] Progress: 24% (75/305) - Loss: 0.1785
[Client 2, Round 70] Progress: 25% (78/305) - Loss: 0.1040
[Client 2, Round 70] Progress: 26% (81/305) - Loss: 0.1317
[Client 2, Round 70] Progress: 27% (84/305) - Loss: 0.1701
[Client 2, Round 70] Progress: 28% (87/305) - Loss: 0.1297
[Client 2, Round 70] Progress: 29% (90/305) - Loss: 0.0533
[Client 2, Round 70] Progress: 30% (93/305) - Loss: 0.1337
[Client 2, Round 70] Progress: 31% (96/305) - Loss: 0.2575
[Client 2, Round 70] Progress: 32% (99/305) - Loss: 0.2416
[Client 2, Round 70] Progress: 33% (102/305) - Loss: 0.0676
[Client 2, Round 70] Progress: 34% (105/305) - Loss: 0.1154
[Client 2, Round 70] Progress: 35% (108/305) - Loss: 0.2353
[Client 2, Round 70] Progress: 36% (111/305) - Loss: 0.0501
[Client 2, Round 70] Progress: 37% (114/305) - Loss: 0.1702
[Client 2, Round 70] Progress: 38% (117/305) - Loss: 0.1096
[Client 2, Round 70] Progress: 39% (120/305) - Loss: 0.1293
[Client 2, Round 70] Progress: 40% (123/305) - Loss: 0.0480
[Client 2, Round 70] Progress: 41% (126/305) - Loss: 0.0812
[Client 2, Round 70] Progress: 42% (129/305) - Loss: 0.0495
[Client 2, Round 70] Progress: 43% (132/305) - Loss: 0.0819
[Client 2, Round 70] Progress: 44% (135/305) - Loss: 0.1422
[Client 2, Round 70] Progress: 45% (138/305) - Loss: 0.0768
[Client 2, Round 70] Progress: 46% (141/305) - Loss: 0.0327
[Client 2, Round 70] Progress: 47% (144/305) - Loss: 0.1003
[Client 2, Round 70] Progress: 48% (147/305) - Loss: 0.0909
[Client 2, Round 70] Progress: 49% (150/305) - Loss: 0.0828
[Client 2, Round 70] Progress: 50% (153/305) - Loss: 0.0712
[Client 2, Round 70] Progress: 51% (156/305) - Loss: 0.0750
[Client 2, Round 70] Progress: 52% (159/305) - Loss: 0.0552
[Client 2, Round 70] Progress: 53% (162/305) - Loss: 0.1240
[Client 2, Round 70] Progress: 54% (165/305) - Loss: 0.1132
[Client 2, Round 70] Progress: 55% (168/305) - Loss: 0.1148
[Client 2, Round 70] Progress: 56% (171/305) - Loss: 0.1043
[Client 2, Round 70] Progress: 57% (174/305) - Loss: 0.0659
[Client 2, Round 70] Progress: 58% (177/305) - Loss: 0.1584
[Client 2, Round 70] Progress: 59% (180/305) - Loss: 0.0353
[Client 2, Round 70] Progress: 60% (183/305) - Loss: 0.0621
[Client 2, Round 70] Progress: 60% (186/305) - Loss: 0.1054
[Client 2, Round 70] Progress: 61% (189/305) - Loss: 0.0751
[Client 2, Round 70] Progress: 62% (192/305) - Loss: 0.0558
[Client 2, Round 70] Progress: 63% (195/305) - Loss: 0.0539
[Client 2, Round 70] Progress: 64% (198/305) - Loss: 0.0565
[Client 2, Round 70] Progress: 65% (201/305) - Loss: 0.1375
[Client 2, Round 70] Progress: 66% (204/305) - Loss: 0.0774
[Client 2, Round 70] Progress: 67% (207/305) - Loss: 0.1304
[Client 2, Round 70] Progress: 68% (210/305) - Loss: 0.1540
[Client 2, Round 70] Progress: 69% (213/305) - Loss: 0.0636
[Client 2, Round 70] Progress: 70% (216/305) - Loss: 0.1529
[Client 2, Round 70] Progress: 71% (219/305) - Loss: 0.1447
[Client 2, Round 70] Progress: 72% (222/305) - Loss: 0.1541
[Client 2, Round 70] Progress: 73% (225/305) - Loss: 0.0777
[Client 2, Round 70] Progress: 74% (228/305) - Loss: 0.0659
[Client 2, Round 70] Progress: 75% (231/305) - Loss: 0.0565
[Client 2, Round 70] Progress: 76% (234/305) - Loss: 0.0487
[Client 2, Round 70] Progress: 77% (237/305) - Loss: 0.0911
[Client 2, Round 70] Progress: 78% (240/305) - Loss: 0.1271
[Client 2, Round 70] Progress: 79% (243/305) - Loss: 0.0986
[Client 2, Round 70] Progress: 80% (246/305) - Loss: 0.0731
[Client 2, Round 70] Progress: 81% (249/305) - Loss: 0.0390
[Client 2, Round 70] Progress: 82% (252/305) - Loss: 0.4168
[Client 2, Round 70] Progress: 83% (255/305) - Loss: 0.4032
[Client 2, Round 70] Progress: 84% (258/305) - Loss: 0.1314
[Client 2, Round 70] Progress: 85% (261/305) - Loss: 0.0653
[Client 2, Round 70] Progress: 86% (264/305) - Loss: 0.0991
[Client 2, Round 70] Progress: 87% (267/305) - Loss: 0.1385
[Client 2, Round 70] Progress: 88% (270/305) - Loss: 0.1880
[Client 2, Round 70] Progress: 89% (273/305) - Loss: 0.1285
[Client 2, Round 70] Progress: 90% (276/305) - Loss: 0.3626
[Client 2, Round 70] Progress: 91% (279/305) - Loss: 0.2304
[Client 2, Round 70] Progress: 92% (282/305) - Loss: 0.1300
[Client 2, Round 70] Progress: 93% (285/305) - Loss: 0.1772
[Client 2, Round 70] Progress: 94% (288/305) - Loss: 0.0578
[Client 2, Round 70] Progress: 95% (291/305) - Loss: 0.1219
[Client 2, Round 70] Progress: 96% (294/305) - Loss: 0.0922
[Client 2, Round 70] Progress: 97% (297/305) - Loss: 0.1450
[Client 2, Round 70] Progress: 98% (300/305) - Loss: 0.1124
[Client 2, Round 70] Progress: 99% (303/305) - Loss: 0.0676
[Client 2, Round 70] Progress: 100% (305/305) - Loss: 0.0641
[Client 2, Round 70] Train Loss: 0.1300
[Client 2, Round 70] Val Loss: 0.1179 | Val Dice: 0.8834
[Client 2, Round 71] Progress: 0% (3/305) - Loss: 0.1866
[Client 2, Round 71] Progress: 1% (6/305) - Loss: 0.0848
[Client 2, Round 71] Progress: 2% (9/305) - Loss: 0.0362
[Client 2, Round 71] Progress: 3% (12/305) - Loss: 0.0789
[Client 2, Round 71] Progress: 4% (15/305) - Loss: 0.0344
[Client 2, Round 71] Progress: 5% (18/305) - Loss: 0.0668
[Client 2, Round 71] Progress: 6% (21/305) - Loss: 0.0658
[Client 2, Round 71] Progress: 7% (24/305) - Loss: 0.1746
[Client 2, Round 71] Progress: 8% (27/305) - Loss: 0.5045
[Client 2, Round 71] Progress: 9% (30/305) - Loss: 0.0371
[Client 2, Round 71] Progress: 10% (33/305) - Loss: 0.1200
[Client 2, Round 71] Progress: 11% (36/305) - Loss: 0.0347
[Client 2, Round 71] Progress: 12% (39/305) - Loss: 0.0967
[Client 2, Round 71] Progress: 13% (42/305) - Loss: 0.0660
[Client 2, Round 71] Progress: 14% (45/305) - Loss: 0.0940
[Client 2, Round 71] Progress: 15% (48/305) - Loss: 0.1063
[Client 2, Round 71] Progress: 16% (51/305) - Loss: 0.0700
[Client 2, Round 71] Progress: 17% (54/305) - Loss: 0.1401
[Client 2, Round 71] Progress: 18% (57/305) - Loss: 0.1459
[Client 2, Round 71] Progress: 19% (60/305) - Loss: 0.0824
[Client 2, Round 71] Progress: 20% (63/305) - Loss: 0.0768
[Client 2, Round 71] Progress: 21% (66/305) - Loss: 0.1213
[Client 2, Round 71] Progress: 22% (69/305) - Loss: 0.0439
[Client 2, Round 71] Progress: 23% (72/305) - Loss: 0.0955
[Client 2, Round 71] Progress: 24% (75/305) - Loss: 0.0530
[Client 2, Round 71] Progress: 25% (78/305) - Loss: 0.0447
[Client 2, Round 71] Progress: 26% (81/305) - Loss: 0.1322
[Client 2, Round 71] Progress: 27% (84/305) - Loss: 0.2207
[Client 2, Round 71] Progress: 28% (87/305) - Loss: 0.0671
[Client 2, Round 71] Progress: 29% (90/305) - Loss: 0.0797
[Client 2, Round 71] Progress: 30% (93/305) - Loss: 0.1477
[Client 2, Round 71] Progress: 31% (96/305) - Loss: 0.0816
[Client 2, Round 71] Progress: 32% (99/305) - Loss: 0.0612
[Client 2, Round 71] Progress: 33% (102/305) - Loss: 0.0494
[Client 2, Round 71] Progress: 34% (105/305) - Loss: 0.1093
[Client 2, Round 71] Progress: 35% (108/305) - Loss: 0.7404
[Client 2, Round 71] Progress: 36% (111/305) - Loss: 0.0689
[Client 2, Round 71] Progress: 37% (114/305) - Loss: 0.1704
[Client 2, Round 71] Progress: 38% (117/305) - Loss: 0.1188
[Client 2, Round 71] Progress: 39% (120/305) - Loss: 0.1657
[Client 2, Round 71] Progress: 40% (123/305) - Loss: 0.0646
[Client 2, Round 71] Progress: 41% (126/305) - Loss: 0.0327
[Client 2, Round 71] Progress: 42% (129/305) - Loss: 0.0753
[Client 2, Round 71] Progress: 43% (132/305) - Loss: 0.1035
[Client 2, Round 71] Progress: 44% (135/305) - Loss: 0.0860
[Client 2, Round 71] Progress: 45% (138/305) - Loss: 0.0775
[Client 2, Round 71] Progress: 46% (141/305) - Loss: 0.0718
[Client 2, Round 71] Progress: 47% (144/305) - Loss: 0.0637
[Client 2, Round 71] Progress: 48% (147/305) - Loss: 0.1264
[Client 2, Round 71] Progress: 49% (150/305) - Loss: 0.1280
[Client 2, Round 71] Progress: 50% (153/305) - Loss: 0.1873
[Client 2, Round 71] Progress: 51% (156/305) - Loss: 0.0904
[Client 2, Round 71] Progress: 52% (159/305) - Loss: 0.1731
[Client 2, Round 71] Progress: 53% (162/305) - Loss: 0.0869
[Client 2, Round 71] Progress: 54% (165/305) - Loss: 0.1104
[Client 2, Round 71] Progress: 55% (168/305) - Loss: 0.0818
[Client 2, Round 71] Progress: 56% (171/305) - Loss: 0.0669
[Client 2, Round 71] Progress: 57% (174/305) - Loss: 0.0531
[Client 2, Round 71] Progress: 58% (177/305) - Loss: 0.1101
[Client 2, Round 71] Progress: 59% (180/305) - Loss: 0.0738
[Client 2, Round 71] Progress: 60% (183/305) - Loss: 0.0994
[Client 2, Round 71] Progress: 60% (186/305) - Loss: 0.0850
[Client 2, Round 71] Progress: 61% (189/305) - Loss: 0.1502
[Client 2, Round 71] Progress: 62% (192/305) - Loss: 0.0611
[Client 2, Round 71] Progress: 63% (195/305) - Loss: 0.0908
[Client 2, Round 71] Progress: 64% (198/305) - Loss: 0.0766
[Client 2, Round 71] Progress: 65% (201/305) - Loss: 0.0832
[Client 2, Round 71] Progress: 66% (204/305) - Loss: 0.1267
[Client 2, Round 71] Progress: 67% (207/305) - Loss: 0.1907
[Client 2, Round 71] Progress: 68% (210/305) - Loss: 0.0524
[Client 2, Round 71] Progress: 69% (213/305) - Loss: 0.0586
[Client 2, Round 71] Progress: 70% (216/305) - Loss: 0.0879
[Client 2, Round 71] Progress: 71% (219/305) - Loss: 0.1093
[Client 2, Round 71] Progress: 72% (222/305) - Loss: 0.0804
[Client 2, Round 71] Progress: 73% (225/305) - Loss: 0.1751
[Client 2, Round 71] Progress: 74% (228/305) - Loss: 0.1410
[Client 2, Round 71] Progress: 75% (231/305) - Loss: 0.3606
[Client 2, Round 71] Progress: 76% (234/305) - Loss: 0.0849
[Client 2, Round 71] Progress: 77% (237/305) - Loss: 0.0777
[Client 2, Round 71] Progress: 78% (240/305) - Loss: 0.3252
[Client 2, Round 71] Progress: 79% (243/305) - Loss: 0.0950
[Client 2, Round 71] Progress: 80% (246/305) - Loss: 0.0283
[Client 2, Round 71] Progress: 81% (249/305) - Loss: 0.0996
[Client 2, Round 71] Progress: 82% (252/305) - Loss: 0.1047
[Client 2, Round 71] Progress: 83% (255/305) - Loss: 0.3636
[Client 2, Round 71] Progress: 84% (258/305) - Loss: 0.2389
[Client 2, Round 71] Progress: 85% (261/305) - Loss: 0.0508
[Client 2, Round 71] Progress: 86% (264/305) - Loss: 0.1265
[Client 2, Round 71] Progress: 87% (267/305) - Loss: 0.1276
[Client 2, Round 71] Progress: 88% (270/305) - Loss: 0.0575
[Client 2, Round 71] Progress: 89% (273/305) - Loss: 0.2615
[Client 2, Round 71] Progress: 90% (276/305) - Loss: 0.0593
[Client 2, Round 71] Progress: 91% (279/305) - Loss: 0.0521
[Client 2, Round 71] Progress: 92% (282/305) - Loss: 0.1058
[Client 2, Round 71] Progress: 93% (285/305) - Loss: 0.1013
[Client 2, Round 71] Progress: 94% (288/305) - Loss: 0.0462
[Client 2, Round 71] Progress: 95% (291/305) - Loss: 0.1311
[Client 2, Round 71] Progress: 96% (294/305) - Loss: 0.0853
[Client 2, Round 71] Progress: 97% (297/305) - Loss: 0.0709
[Client 2, Round 71] Progress: 98% (300/305) - Loss: 0.1860
[Client 2, Round 71] Progress: 99% (303/305) - Loss: 0.0901
[Client 2, Round 71] Progress: 100% (305/305) - Loss: 0.1450
[Client 2, Round 71] Train Loss: 0.1263
[Client 2, Round 71] Val Loss: 0.1232 | Val Dice: 0.8773
[Client 2, Round 72] Progress: 0% (3/305) - Loss: 0.0669
[Client 2, Round 72] Progress: 1% (6/305) - Loss: 0.1559
[Client 2, Round 72] Progress: 2% (9/305) - Loss: 0.0667
[Client 2, Round 72] Progress: 3% (12/305) - Loss: 0.0746
[Client 2, Round 72] Progress: 4% (15/305) - Loss: 0.1298
[Client 2, Round 72] Progress: 5% (18/305) - Loss: 0.1486
[Client 2, Round 72] Progress: 6% (21/305) - Loss: 0.1072
[Client 2, Round 72] Progress: 7% (24/305) - Loss: 0.0989
[Client 2, Round 72] Progress: 8% (27/305) - Loss: 0.2279
[Client 2, Round 72] Progress: 9% (30/305) - Loss: 0.1467
[Client 2, Round 72] Progress: 10% (33/305) - Loss: 0.1438
[Client 2, Round 72] Progress: 11% (36/305) - Loss: 0.1050
[Client 2, Round 72] Progress: 12% (39/305) - Loss: 0.0438
[Client 2, Round 72] Progress: 13% (42/305) - Loss: 0.0932
[Client 2, Round 72] Progress: 14% (45/305) - Loss: 0.1293
[Client 2, Round 72] Progress: 15% (48/305) - Loss: 0.1838
[Client 2, Round 72] Progress: 16% (51/305) - Loss: 0.1334
[Client 2, Round 72] Progress: 17% (54/305) - Loss: 0.0834
[Client 2, Round 72] Progress: 18% (57/305) - Loss: 0.0994
[Client 2, Round 72] Progress: 19% (60/305) - Loss: 0.0765
[Client 2, Round 72] Progress: 20% (63/305) - Loss: 0.0759
[Client 2, Round 72] Progress: 21% (66/305) - Loss: 0.0804
[Client 2, Round 72] Progress: 22% (69/305) - Loss: 0.0637
[Client 2, Round 72] Progress: 23% (72/305) - Loss: 0.0563
[Client 2, Round 72] Progress: 24% (75/305) - Loss: 0.0546
[Client 2, Round 72] Progress: 25% (78/305) - Loss: 0.1053
[Client 2, Round 72] Progress: 26% (81/305) - Loss: 0.0985
[Client 2, Round 72] Progress: 27% (84/305) - Loss: 0.1115
[Client 2, Round 72] Progress: 28% (87/305) - Loss: 0.2737
[Client 2, Round 72] Progress: 29% (90/305) - Loss: 0.1183
[Client 2, Round 72] Progress: 30% (93/305) - Loss: 0.0612
[Client 2, Round 72] Progress: 31% (96/305) - Loss: 0.2630
[Client 2, Round 72] Progress: 32% (99/305) - Loss: 0.0835
[Client 2, Round 72] Progress: 33% (102/305) - Loss: 0.1061
[Client 2, Round 72] Progress: 34% (105/305) - Loss: 0.0765
[Client 2, Round 72] Progress: 35% (108/305) - Loss: 0.1132
[Client 2, Round 72] Progress: 36% (111/305) - Loss: 0.0903
[Client 2, Round 72] Progress: 37% (114/305) - Loss: 0.0732
[Client 2, Round 72] Progress: 38% (117/305) - Loss: 0.0567
[Client 2, Round 72] Progress: 39% (120/305) - Loss: 0.0671
[Client 2, Round 72] Progress: 40% (123/305) - Loss: 0.1155
[Client 2, Round 72] Progress: 41% (126/305) - Loss: 0.1021
[Client 2, Round 72] Progress: 42% (129/305) - Loss: 0.1375
[Client 2, Round 72] Progress: 43% (132/305) - Loss: 0.0787
[Client 2, Round 72] Progress: 44% (135/305) - Loss: 0.2710
[Client 2, Round 72] Progress: 45% (138/305) - Loss: 0.0351
[Client 2, Round 72] Progress: 46% (141/305) - Loss: 0.1784
[Client 2, Round 72] Progress: 47% (144/305) - Loss: 0.0840
[Client 2, Round 72] Progress: 48% (147/305) - Loss: 0.0973
[Client 2, Round 72] Progress: 49% (150/305) - Loss: 0.0570
[Client 2, Round 72] Progress: 50% (153/305) - Loss: 0.2155
[Client 2, Round 72] Progress: 51% (156/305) - Loss: 0.1067
[Client 2, Round 72] Progress: 52% (159/305) - Loss: 0.0795
[Client 2, Round 72] Progress: 53% (162/305) - Loss: 0.0924
[Client 2, Round 72] Progress: 54% (165/305) - Loss: 0.1881
[Client 2, Round 72] Progress: 55% (168/305) - Loss: 0.1561
[Client 2, Round 72] Progress: 56% (171/305) - Loss: 0.0758
[Client 2, Round 72] Progress: 57% (174/305) - Loss: 0.2119
[Client 2, Round 72] Progress: 58% (177/305) - Loss: 0.1832
[Client 2, Round 72] Progress: 59% (180/305) - Loss: 0.0782
[Client 2, Round 72] Progress: 60% (183/305) - Loss: 0.1222
[Client 2, Round 72] Progress: 60% (186/305) - Loss: 0.1311
[Client 2, Round 72] Progress: 61% (189/305) - Loss: 0.1541
[Client 2, Round 72] Progress: 62% (192/305) - Loss: 0.0460
[Client 2, Round 72] Progress: 63% (195/305) - Loss: 0.1055
[Client 2, Round 72] Progress: 64% (198/305) - Loss: 0.2559
[Client 2, Round 72] Progress: 65% (201/305) - Loss: 0.0780
[Client 2, Round 72] Progress: 66% (204/305) - Loss: 0.0912
[Client 2, Round 72] Progress: 67% (207/305) - Loss: 0.1042
[Client 2, Round 72] Progress: 68% (210/305) - Loss: 0.1738
[Client 2, Round 72] Progress: 69% (213/305) - Loss: 0.1583
[Client 2, Round 72] Progress: 70% (216/305) - Loss: 0.0428
[Client 2, Round 72] Progress: 71% (219/305) - Loss: 0.1281
[Client 2, Round 72] Progress: 72% (222/305) - Loss: 0.1813
[Client 2, Round 72] Progress: 73% (225/305) - Loss: 0.0633
[Client 2, Round 72] Progress: 74% (228/305) - Loss: 0.0900
[Client 2, Round 72] Progress: 75% (231/305) - Loss: 0.0787
[Client 2, Round 72] Progress: 76% (234/305) - Loss: 0.1199
[Client 2, Round 72] Progress: 77% (237/305) - Loss: 0.1382
[Client 2, Round 72] Progress: 78% (240/305) - Loss: 0.1510
[Client 2, Round 72] Progress: 79% (243/305) - Loss: 0.1104
[Client 2, Round 72] Progress: 80% (246/305) - Loss: 0.1215
[Client 2, Round 72] Progress: 81% (249/305) - Loss: 0.0693
[Client 2, Round 72] Progress: 82% (252/305) - Loss: 0.0620
[Client 2, Round 72] Progress: 83% (255/305) - Loss: 0.1148
[Client 2, Round 72] Progress: 84% (258/305) - Loss: 0.0637
[Client 2, Round 72] Progress: 85% (261/305) - Loss: 0.0371
[Client 2, Round 72] Progress: 86% (264/305) - Loss: 0.1013
[Client 2, Round 72] Progress: 87% (267/305) - Loss: 0.0725
[Client 2, Round 72] Progress: 88% (270/305) - Loss: 0.0812
[Client 2, Round 72] Progress: 89% (273/305) - Loss: 0.1270
[Client 2, Round 72] Progress: 90% (276/305) - Loss: 0.0776
[Client 2, Round 72] Progress: 91% (279/305) - Loss: 0.1900
[Client 2, Round 72] Progress: 92% (282/305) - Loss: 0.0908
[Client 2, Round 72] Progress: 93% (285/305) - Loss: 0.1153
[Client 2, Round 72] Progress: 94% (288/305) - Loss: 0.1320
[Client 2, Round 72] Progress: 95% (291/305) - Loss: 0.0860
[Client 2, Round 72] Progress: 96% (294/305) - Loss: 0.0814
[Client 2, Round 72] Progress: 97% (297/305) - Loss: 0.1461
[Client 2, Round 72] Progress: 98% (300/305) - Loss: 0.0605
[Client 2, Round 72] Progress: 99% (303/305) - Loss: 0.0624
[Client 2, Round 72] Progress: 100% (305/305) - Loss: 0.0620
[Client 2, Round 72] Train Loss: 0.1319
[Client 2, Round 72] Val Loss: 0.1315 | Val Dice: 0.8691
[Client 2, Round 73] Progress: 0% (3/305) - Loss: 0.7912
[Client 2, Round 73] Progress: 1% (6/305) - Loss: 0.1094
[Client 2, Round 73] Progress: 2% (9/305) - Loss: 0.1185
[Client 2, Round 73] Progress: 3% (12/305) - Loss: 0.1208
[Client 2, Round 73] Progress: 4% (15/305) - Loss: 0.1035
[Client 2, Round 73] Progress: 5% (18/305) - Loss: 0.1146
[Client 2, Round 73] Progress: 6% (21/305) - Loss: 0.0696
[Client 2, Round 73] Progress: 7% (24/305) - Loss: 0.2552
[Client 2, Round 73] Progress: 8% (27/305) - Loss: 0.0389
[Client 2, Round 73] Progress: 9% (30/305) - Loss: 0.0756
[Client 2, Round 73] Progress: 10% (33/305) - Loss: 0.1035
[Client 2, Round 73] Progress: 11% (36/305) - Loss: 0.0832
[Client 2, Round 73] Progress: 12% (39/305) - Loss: 0.1329
[Client 2, Round 73] Progress: 13% (42/305) - Loss: 0.0990
[Client 2, Round 73] Progress: 14% (45/305) - Loss: 0.1039
[Client 2, Round 73] Progress: 15% (48/305) - Loss: 0.3362
[Client 2, Round 73] Progress: 16% (51/305) - Loss: 0.1125
[Client 2, Round 73] Progress: 17% (54/305) - Loss: 0.1290
[Client 2, Round 73] Progress: 18% (57/305) - Loss: 0.1646
[Client 2, Round 73] Progress: 19% (60/305) - Loss: 0.6606
[Client 2, Round 73] Progress: 20% (63/305) - Loss: 0.1034
[Client 2, Round 73] Progress: 21% (66/305) - Loss: 0.0886
[Client 2, Round 73] Progress: 22% (69/305) - Loss: 0.0715
[Client 2, Round 73] Progress: 23% (72/305) - Loss: 0.1164
[Client 2, Round 73] Progress: 24% (75/305) - Loss: 0.0498
[Client 2, Round 73] Progress: 25% (78/305) - Loss: 0.0777
[Client 2, Round 73] Progress: 26% (81/305) - Loss: 0.0925
[Client 2, Round 73] Progress: 27% (84/305) - Loss: 0.0750
[Client 2, Round 73] Progress: 28% (87/305) - Loss: 0.1052
[Client 2, Round 73] Progress: 29% (90/305) - Loss: 0.1615
[Client 2, Round 73] Progress: 30% (93/305) - Loss: 0.1595
[Client 2, Round 73] Progress: 31% (96/305) - Loss: 0.0590
[Client 2, Round 73] Progress: 32% (99/305) - Loss: 0.0851
[Client 2, Round 73] Progress: 33% (102/305) - Loss: 0.0478
[Client 2, Round 73] Progress: 34% (105/305) - Loss: 0.0581
[Client 2, Round 73] Progress: 35% (108/305) - Loss: 0.1554
[Client 2, Round 73] Progress: 36% (111/305) - Loss: 0.1475
[Client 2, Round 73] Progress: 37% (114/305) - Loss: 0.1331
[Client 2, Round 73] Progress: 38% (117/305) - Loss: 0.0524
[Client 2, Round 73] Progress: 39% (120/305) - Loss: 0.0818
[Client 2, Round 73] Progress: 40% (123/305) - Loss: 0.1032
[Client 2, Round 73] Progress: 41% (126/305) - Loss: 0.0882
[Client 2, Round 73] Progress: 42% (129/305) - Loss: 0.0732
[Client 2, Round 73] Progress: 43% (132/305) - Loss: 0.0974
[Client 2, Round 73] Progress: 44% (135/305) - Loss: 0.1333
[Client 2, Round 73] Progress: 45% (138/305) - Loss: 0.0644
[Client 2, Round 73] Progress: 46% (141/305) - Loss: 0.0803
[Client 2, Round 73] Progress: 47% (144/305) - Loss: 0.1285
[Client 2, Round 73] Progress: 48% (147/305) - Loss: 0.0569
[Client 2, Round 73] Progress: 49% (150/305) - Loss: 0.1001
[Client 2, Round 73] Progress: 50% (153/305) - Loss: 0.2247
[Client 2, Round 73] Progress: 51% (156/305) - Loss: 0.1299
[Client 2, Round 73] Progress: 52% (159/305) - Loss: 0.1358
[Client 2, Round 73] Progress: 53% (162/305) - Loss: 0.0830
[Client 2, Round 73] Progress: 54% (165/305) - Loss: 0.0487
[Client 2, Round 73] Progress: 55% (168/305) - Loss: 0.0804
[Client 2, Round 73] Progress: 56% (171/305) - Loss: 0.0719
[Client 2, Round 73] Progress: 57% (174/305) - Loss: 0.1739
[Client 2, Round 73] Progress: 58% (177/305) - Loss: 0.0853
[Client 2, Round 73] Progress: 59% (180/305) - Loss: 0.1066
[Client 2, Round 73] Progress: 60% (183/305) - Loss: 0.5057
[Client 2, Round 73] Progress: 60% (186/305) - Loss: 0.1038
[Client 2, Round 73] Progress: 61% (189/305) - Loss: 0.1012
[Client 2, Round 73] Progress: 62% (192/305) - Loss: 0.1022
[Client 2, Round 73] Progress: 63% (195/305) - Loss: 0.0912
[Client 2, Round 73] Progress: 64% (198/305) - Loss: 0.0781
[Client 2, Round 73] Progress: 65% (201/305) - Loss: 0.1443
[Client 2, Round 73] Progress: 66% (204/305) - Loss: 0.0832
[Client 2, Round 73] Progress: 67% (207/305) - Loss: 0.1417
[Client 2, Round 73] Progress: 68% (210/305) - Loss: 0.0944
[Client 2, Round 73] Progress: 69% (213/305) - Loss: 0.1230
[Client 2, Round 73] Progress: 70% (216/305) - Loss: 0.1223
[Client 2, Round 73] Progress: 71% (219/305) - Loss: 0.0755
[Client 2, Round 73] Progress: 72% (222/305) - Loss: 0.0576
[Client 2, Round 73] Progress: 73% (225/305) - Loss: 0.0836
[Client 2, Round 73] Progress: 74% (228/305) - Loss: 0.2003
[Client 2, Round 73] Progress: 75% (231/305) - Loss: 0.1163
[Client 2, Round 73] Progress: 76% (234/305) - Loss: 0.1541
[Client 2, Round 73] Progress: 77% (237/305) - Loss: 0.0832
[Client 2, Round 73] Progress: 78% (240/305) - Loss: 0.0952
[Client 2, Round 73] Progress: 79% (243/305) - Loss: 0.2021
[Client 2, Round 73] Progress: 80% (246/305) - Loss: 0.0778
[Client 2, Round 73] Progress: 81% (249/305) - Loss: 0.0642
[Client 2, Round 73] Progress: 82% (252/305) - Loss: 0.0424
[Client 2, Round 73] Progress: 83% (255/305) - Loss: 0.1069
[Client 2, Round 73] Progress: 84% (258/305) - Loss: 0.1584
[Client 2, Round 73] Progress: 85% (261/305) - Loss: 0.1272
[Client 2, Round 73] Progress: 86% (264/305) - Loss: 0.0862
[Client 2, Round 73] Progress: 87% (267/305) - Loss: 0.0526
[Client 2, Round 73] Progress: 88% (270/305) - Loss: 0.0746
[Client 2, Round 73] Progress: 89% (273/305) - Loss: 0.3082
[Client 2, Round 73] Progress: 90% (276/305) - Loss: 0.1088
[Client 2, Round 73] Progress: 91% (279/305) - Loss: 0.0755
[Client 2, Round 73] Progress: 92% (282/305) - Loss: 0.1027
[Client 2, Round 73] Progress: 93% (285/305) - Loss: 0.0871
[Client 2, Round 73] Progress: 94% (288/305) - Loss: 0.1868
[Client 2, Round 73] Progress: 95% (291/305) - Loss: 0.1577
[Client 2, Round 73] Progress: 96% (294/305) - Loss: 0.0756
[Client 2, Round 73] Progress: 97% (297/305) - Loss: 0.1393
[Client 2, Round 73] Progress: 98% (300/305) - Loss: 0.0551
[Client 2, Round 73] Progress: 99% (303/305) - Loss: 0.0813
[Client 2, Round 73] Progress: 100% (305/305) - Loss: 0.1392
[Client 2, Round 73] Train Loss: 0.1268
[Client 2, Round 73] Val Loss: 0.1215 | Val Dice: 0.8795
[Client 2, Round 74] Progress: 0% (3/305) - Loss: 0.0869
[Client 2, Round 74] Progress: 1% (6/305) - Loss: 0.1031
[Client 2, Round 74] Progress: 2% (9/305) - Loss: 0.0757
[Client 2, Round 74] Progress: 3% (12/305) - Loss: 0.0641
[Client 2, Round 74] Progress: 4% (15/305) - Loss: 0.0773
[Client 2, Round 74] Progress: 5% (18/305) - Loss: 0.7945
[Client 2, Round 74] Progress: 6% (21/305) - Loss: 0.2303
[Client 2, Round 74] Progress: 7% (24/305) - Loss: 0.1163
[Client 2, Round 74] Progress: 8% (27/305) - Loss: 0.4273
[Client 2, Round 74] Progress: 9% (30/305) - Loss: 0.0810
[Client 2, Round 74] Progress: 10% (33/305) - Loss: 0.1328
[Client 2, Round 74] Progress: 11% (36/305) - Loss: 0.6324
[Client 2, Round 74] Progress: 12% (39/305) - Loss: 0.2158
[Client 2, Round 74] Progress: 13% (42/305) - Loss: 0.0862
[Client 2, Round 74] Progress: 14% (45/305) - Loss: 0.2102
[Client 2, Round 74] Progress: 15% (48/305) - Loss: 0.1934
[Client 2, Round 74] Progress: 16% (51/305) - Loss: 0.1791
[Client 2, Round 74] Progress: 17% (54/305) - Loss: 0.0985
[Client 2, Round 74] Progress: 18% (57/305) - Loss: 0.1544
[Client 2, Round 74] Progress: 19% (60/305) - Loss: 0.0703
[Client 2, Round 74] Progress: 20% (63/305) - Loss: 0.1153
[Client 2, Round 74] Progress: 21% (66/305) - Loss: 0.0593
[Client 2, Round 74] Progress: 22% (69/305) - Loss: 0.0565
[Client 2, Round 74] Progress: 23% (72/305) - Loss: 0.0728
[Client 2, Round 74] Progress: 24% (75/305) - Loss: 0.0844
[Client 2, Round 74] Progress: 25% (78/305) - Loss: 0.0522
[Client 2, Round 74] Progress: 26% (81/305) - Loss: 0.2208
[Client 2, Round 74] Progress: 27% (84/305) - Loss: 0.1220
[Client 2, Round 74] Progress: 28% (87/305) - Loss: 0.0728
[Client 2, Round 74] Progress: 29% (90/305) - Loss: 0.0803
[Client 2, Round 74] Progress: 30% (93/305) - Loss: 0.1229
[Client 2, Round 74] Progress: 31% (96/305) - Loss: 0.0637
[Client 2, Round 74] Progress: 32% (99/305) - Loss: 0.0854
[Client 2, Round 74] Progress: 33% (102/305) - Loss: 0.0813
[Client 2, Round 74] Progress: 34% (105/305) - Loss: 0.1844
[Client 2, Round 74] Progress: 35% (108/305) - Loss: 0.0726
[Client 2, Round 74] Progress: 36% (111/305) - Loss: 0.0736
[Client 2, Round 74] Progress: 37% (114/305) - Loss: 0.0360
[Client 2, Round 74] Progress: 38% (117/305) - Loss: 0.1270
[Client 2, Round 74] Progress: 39% (120/305) - Loss: 0.2070
[Client 2, Round 74] Progress: 40% (123/305) - Loss: 0.1324
[Client 2, Round 74] Progress: 41% (126/305) - Loss: 0.0507
[Client 2, Round 74] Progress: 42% (129/305) - Loss: 0.1244
[Client 2, Round 74] Progress: 43% (132/305) - Loss: 0.7099
[Client 2, Round 74] Progress: 44% (135/305) - Loss: 0.1028
[Client 2, Round 74] Progress: 45% (138/305) - Loss: 0.0680
[Client 2, Round 74] Progress: 46% (141/305) - Loss: 0.2334
[Client 2, Round 74] Progress: 47% (144/305) - Loss: 0.0909
[Client 2, Round 74] Progress: 48% (147/305) - Loss: 0.1084
[Client 2, Round 74] Progress: 49% (150/305) - Loss: 0.1808
[Client 2, Round 74] Progress: 50% (153/305) - Loss: 0.1009
[Client 2, Round 74] Progress: 51% (156/305) - Loss: 0.0898
[Client 2, Round 74] Progress: 52% (159/305) - Loss: 0.1202
[Client 2, Round 74] Progress: 53% (162/305) - Loss: 0.0524
[Client 2, Round 74] Progress: 54% (165/305) - Loss: 0.1316
[Client 2, Round 74] Progress: 55% (168/305) - Loss: 0.0719
[Client 2, Round 74] Progress: 56% (171/305) - Loss: 0.1167
[Client 2, Round 74] Progress: 57% (174/305) - Loss: 0.0552
[Client 2, Round 74] Progress: 58% (177/305) - Loss: 0.1601
[Client 2, Round 74] Progress: 59% (180/305) - Loss: 0.0950
[Client 2, Round 74] Progress: 60% (183/305) - Loss: 0.0797
[Client 2, Round 74] Progress: 60% (186/305) - Loss: 0.1146
[Client 2, Round 74] Progress: 61% (189/305) - Loss: 0.1154
[Client 2, Round 74] Progress: 62% (192/305) - Loss: 0.0427
[Client 2, Round 74] Progress: 63% (195/305) - Loss: 0.1400
[Client 2, Round 74] Progress: 64% (198/305) - Loss: 0.0703
[Client 2, Round 74] Progress: 65% (201/305) - Loss: 0.0880
[Client 2, Round 74] Progress: 66% (204/305) - Loss: 0.0751
[Client 2, Round 74] Progress: 67% (207/305) - Loss: 0.0753
[Client 2, Round 74] Progress: 68% (210/305) - Loss: 0.1104
[Client 2, Round 74] Progress: 69% (213/305) - Loss: 0.0615
[Client 2, Round 74] Progress: 70% (216/305) - Loss: 0.0762
[Client 2, Round 74] Progress: 71% (219/305) - Loss: 0.0761
[Client 2, Round 74] Progress: 72% (222/305) - Loss: 0.0530
[Client 2, Round 74] Progress: 73% (225/305) - Loss: 0.0798
[Client 2, Round 74] Progress: 74% (228/305) - Loss: 0.1689
[Client 2, Round 74] Progress: 75% (231/305) - Loss: 0.1078
[Client 2, Round 74] Progress: 76% (234/305) - Loss: 0.1141
[Client 2, Round 74] Progress: 77% (237/305) - Loss: 0.0486
[Client 2, Round 74] Progress: 78% (240/305) - Loss: 0.1361
[Client 2, Round 74] Progress: 79% (243/305) - Loss: 0.1692
[Client 2, Round 74] Progress: 80% (246/305) - Loss: 0.1448
[Client 2, Round 74] Progress: 81% (249/305) - Loss: 0.3177
[Client 2, Round 74] Progress: 82% (252/305) - Loss: 0.0586
[Client 2, Round 74] Progress: 83% (255/305) - Loss: 0.0819
[Client 2, Round 74] Progress: 84% (258/305) - Loss: 0.0633
[Client 2, Round 74] Progress: 85% (261/305) - Loss: 0.0893
[Client 2, Round 74] Progress: 86% (264/305) - Loss: 0.1074
[Client 2, Round 74] Progress: 87% (267/305) - Loss: 0.1484
[Client 2, Round 74] Progress: 88% (270/305) - Loss: 0.1050
[Client 2, Round 74] Progress: 89% (273/305) - Loss: 0.0449
[Client 2, Round 74] Progress: 90% (276/305) - Loss: 0.1253
[Client 2, Round 74] Progress: 91% (279/305) - Loss: 0.1528
[Client 2, Round 74] Progress: 92% (282/305) - Loss: 0.1638
[Client 2, Round 74] Progress: 93% (285/305) - Loss: 0.1442
[Client 2, Round 74] Progress: 94% (288/305) - Loss: 0.1165
[Client 2, Round 74] Progress: 95% (291/305) - Loss: 0.1211
[Client 2, Round 74] Progress: 96% (294/305) - Loss: 0.1533
[Client 2, Round 74] Progress: 97% (297/305) - Loss: 0.1213
[Client 2, Round 74] Progress: 98% (300/305) - Loss: 0.0676
[Client 2, Round 74] Progress: 99% (303/305) - Loss: 0.0874
[Client 2, Round 74] Progress: 100% (305/305) - Loss: 0.1821
[Client 2, Round 74] Train Loss: 0.1235
[Client 2, Round 74] Val Loss: 0.1099 | Val Dice: 0.8910
[Client 2, Round 75] Progress: 0% (3/305) - Loss: 0.0412
[Client 2, Round 75] Progress: 1% (6/305) - Loss: 0.3905
[Client 2, Round 75] Progress: 2% (9/305) - Loss: 0.0808
[Client 2, Round 75] Progress: 3% (12/305) - Loss: 0.0734
[Client 2, Round 75] Progress: 4% (15/305) - Loss: 0.2295
[Client 2, Round 75] Progress: 5% (18/305) - Loss: 0.1043
[Client 2, Round 75] Progress: 6% (21/305) - Loss: 0.0650
[Client 2, Round 75] Progress: 7% (24/305) - Loss: 0.0422
[Client 2, Round 75] Progress: 8% (27/305) - Loss: 0.1368
[Client 2, Round 75] Progress: 9% (30/305) - Loss: 0.0638
[Client 2, Round 75] Progress: 10% (33/305) - Loss: 0.1543
[Client 2, Round 75] Progress: 11% (36/305) - Loss: 0.7934
[Client 2, Round 75] Progress: 12% (39/305) - Loss: 0.0942
[Client 2, Round 75] Progress: 13% (42/305) - Loss: 0.0808
[Client 2, Round 75] Progress: 14% (45/305) - Loss: 0.0711
[Client 2, Round 75] Progress: 15% (48/305) - Loss: 0.1119
[Client 2, Round 75] Progress: 16% (51/305) - Loss: 0.0464
[Client 2, Round 75] Progress: 17% (54/305) - Loss: 0.1329
[Client 2, Round 75] Progress: 18% (57/305) - Loss: 0.0384
[Client 2, Round 75] Progress: 19% (60/305) - Loss: 0.0621
[Client 2, Round 75] Progress: 20% (63/305) - Loss: 0.1239
[Client 2, Round 75] Progress: 21% (66/305) - Loss: 0.2471
[Client 2, Round 75] Progress: 22% (69/305) - Loss: 0.0669
[Client 2, Round 75] Progress: 23% (72/305) - Loss: 0.2217
[Client 2, Round 75] Progress: 24% (75/305) - Loss: 0.0918
[Client 2, Round 75] Progress: 25% (78/305) - Loss: 0.0661
[Client 2, Round 75] Progress: 26% (81/305) - Loss: 0.0530
[Client 2, Round 75] Progress: 27% (84/305) - Loss: 0.1632
[Client 2, Round 75] Progress: 28% (87/305) - Loss: 0.1283
[Client 2, Round 75] Progress: 29% (90/305) - Loss: 0.0382
[Client 2, Round 75] Progress: 30% (93/305) - Loss: 0.1908
[Client 2, Round 75] Progress: 31% (96/305) - Loss: 0.0780
[Client 2, Round 75] Progress: 32% (99/305) - Loss: 0.2322
[Client 2, Round 75] Progress: 33% (102/305) - Loss: 0.1342
[Client 2, Round 75] Progress: 34% (105/305) - Loss: 0.1316
[Client 2, Round 75] Progress: 35% (108/305) - Loss: 0.0957
[Client 2, Round 75] Progress: 36% (111/305) - Loss: 0.0498
[Client 2, Round 75] Progress: 37% (114/305) - Loss: 0.0379
[Client 2, Round 75] Progress: 38% (117/305) - Loss: 0.1371
[Client 2, Round 75] Progress: 39% (120/305) - Loss: 0.1654
[Client 2, Round 75] Progress: 40% (123/305) - Loss: 0.0720
[Client 2, Round 75] Progress: 41% (126/305) - Loss: 0.3251
[Client 2, Round 75] Progress: 42% (129/305) - Loss: 0.1004
[Client 2, Round 75] Progress: 43% (132/305) - Loss: 0.0578
[Client 2, Round 75] Progress: 44% (135/305) - Loss: 0.2652
[Client 2, Round 75] Progress: 45% (138/305) - Loss: 0.1852
[Client 2, Round 75] Progress: 46% (141/305) - Loss: 0.1907
[Client 2, Round 75] Progress: 47% (144/305) - Loss: 0.0760
[Client 2, Round 75] Progress: 48% (147/305) - Loss: 0.0523
[Client 2, Round 75] Progress: 49% (150/305) - Loss: 0.1249
[Client 2, Round 75] Progress: 50% (153/305) - Loss: 0.2836
[Client 2, Round 75] Progress: 51% (156/305) - Loss: 0.2411
[Client 2, Round 75] Progress: 52% (159/305) - Loss: 0.1549
[Client 2, Round 75] Progress: 53% (162/305) - Loss: 0.1341
[Client 2, Round 75] Progress: 54% (165/305) - Loss: 0.1292
[Client 2, Round 75] Progress: 55% (168/305) - Loss: 0.1229
[Client 2, Round 75] Progress: 56% (171/305) - Loss: 0.0945
[Client 2, Round 75] Progress: 57% (174/305) - Loss: 0.1613
[Client 2, Round 75] Progress: 58% (177/305) - Loss: 0.5021
[Client 2, Round 75] Progress: 59% (180/305) - Loss: 0.0789
[Client 2, Round 75] Progress: 60% (183/305) - Loss: 0.2166
[Client 2, Round 75] Progress: 60% (186/305) - Loss: 0.1004
[Client 2, Round 75] Progress: 61% (189/305) - Loss: 0.1116
[Client 2, Round 75] Progress: 62% (192/305) - Loss: 0.1339
[Client 2, Round 75] Progress: 63% (195/305) - Loss: 0.0804
[Client 2, Round 75] Progress: 64% (198/305) - Loss: 0.1321
[Client 2, Round 75] Progress: 65% (201/305) - Loss: 0.1393
[Client 2, Round 75] Progress: 66% (204/305) - Loss: 0.1272
[Client 2, Round 75] Progress: 67% (207/305) - Loss: 0.0976
[Client 2, Round 75] Progress: 68% (210/305) - Loss: 0.1666
[Client 2, Round 75] Progress: 69% (213/305) - Loss: 0.0413
[Client 2, Round 75] Progress: 70% (216/305) - Loss: 0.0848
[Client 2, Round 75] Progress: 71% (219/305) - Loss: 0.1163
[Client 2, Round 75] Progress: 72% (222/305) - Loss: 0.0880
[Client 2, Round 75] Progress: 73% (225/305) - Loss: 0.0706
[Client 2, Round 75] Progress: 74% (228/305) - Loss: 0.1881
[Client 2, Round 75] Progress: 75% (231/305) - Loss: 0.0649
[Client 2, Round 75] Progress: 76% (234/305) - Loss: 0.1197
[Client 2, Round 75] Progress: 77% (237/305) - Loss: 0.0944
[Client 2, Round 75] Progress: 78% (240/305) - Loss: 0.1093
[Client 2, Round 75] Progress: 79% (243/305) - Loss: 0.1217
[Client 2, Round 75] Progress: 80% (246/305) - Loss: 0.0794
[Client 2, Round 75] Progress: 81% (249/305) - Loss: 0.1651
[Client 2, Round 75] Progress: 82% (252/305) - Loss: 0.2112
[Client 2, Round 75] Progress: 83% (255/305) - Loss: 0.0680
[Client 2, Round 75] Progress: 84% (258/305) - Loss: 0.0666
[Client 2, Round 75] Progress: 85% (261/305) - Loss: 0.6984
[Client 2, Round 75] Progress: 86% (264/305) - Loss: 0.1038
[Client 2, Round 75] Progress: 87% (267/305) - Loss: 0.0724
[Client 2, Round 75] Progress: 88% (270/305) - Loss: 0.1705
[Client 2, Round 75] Progress: 89% (273/305) - Loss: 0.0878
[Client 2, Round 75] Progress: 90% (276/305) - Loss: 0.1301
[Client 2, Round 75] Progress: 91% (279/305) - Loss: 0.1000
[Client 2, Round 75] Progress: 92% (282/305) - Loss: 0.1753
[Client 2, Round 75] Progress: 93% (285/305) - Loss: 0.1396
[Client 2, Round 75] Progress: 94% (288/305) - Loss: 0.0992
[Client 2, Round 75] Progress: 95% (291/305) - Loss: 0.1914
[Client 2, Round 75] Progress: 96% (294/305) - Loss: 0.1772
[Client 2, Round 75] Progress: 97% (297/305) - Loss: 0.0413
[Client 2, Round 75] Progress: 98% (300/305) - Loss: 0.0736
[Client 2, Round 75] Progress: 99% (303/305) - Loss: 0.1804
[Client 2, Round 75] Progress: 100% (305/305) - Loss: 0.1518
[Client 2, Round 75] Train Loss: 0.1296
[Client 2, Round 75] Val Loss: 0.1280 | Val Dice: 0.8715
[Client 2, Round 76] Progress: 0% (3/305) - Loss: 0.0562
[Client 2, Round 76] Progress: 1% (6/305) - Loss: 0.0944
[Client 2, Round 76] Progress: 2% (9/305) - Loss: 0.1545
[Client 2, Round 76] Progress: 3% (12/305) - Loss: 0.2320
[Client 2, Round 76] Progress: 4% (15/305) - Loss: 0.1650
[Client 2, Round 76] Progress: 5% (18/305) - Loss: 0.1825
[Client 2, Round 76] Progress: 6% (21/305) - Loss: 0.1385
[Client 2, Round 76] Progress: 7% (24/305) - Loss: 0.0686
[Client 2, Round 76] Progress: 8% (27/305) - Loss: 0.2366
[Client 2, Round 76] Progress: 9% (30/305) - Loss: 0.0810
[Client 2, Round 76] Progress: 10% (33/305) - Loss: 0.1577
[Client 2, Round 76] Progress: 11% (36/305) - Loss: 0.0683
[Client 2, Round 76] Progress: 12% (39/305) - Loss: 0.1454
[Client 2, Round 76] Progress: 13% (42/305) - Loss: 0.1103
[Client 2, Round 76] Progress: 14% (45/305) - Loss: 0.1267
[Client 2, Round 76] Progress: 15% (48/305) - Loss: 0.1914
[Client 2, Round 76] Progress: 16% (51/305) - Loss: 0.0914
[Client 2, Round 76] Progress: 17% (54/305) - Loss: 0.2004
[Client 2, Round 76] Progress: 18% (57/305) - Loss: 0.1844
[Client 2, Round 76] Progress: 19% (60/305) - Loss: 0.2474
[Client 2, Round 76] Progress: 20% (63/305) - Loss: 0.1128
[Client 2, Round 76] Progress: 21% (66/305) - Loss: 0.0874
[Client 2, Round 76] Progress: 22% (69/305) - Loss: 0.0747
[Client 2, Round 76] Progress: 23% (72/305) - Loss: 0.0795
[Client 2, Round 76] Progress: 24% (75/305) - Loss: 0.0691
[Client 2, Round 76] Progress: 25% (78/305) - Loss: 0.1146
[Client 2, Round 76] Progress: 26% (81/305) - Loss: 0.1482
[Client 2, Round 76] Progress: 27% (84/305) - Loss: 0.1511
[Client 2, Round 76] Progress: 28% (87/305) - Loss: 0.1678
[Client 2, Round 76] Progress: 29% (90/305) - Loss: 0.0529
[Client 2, Round 76] Progress: 30% (93/305) - Loss: 0.0947
[Client 2, Round 76] Progress: 31% (96/305) - Loss: 0.0739
[Client 2, Round 76] Progress: 32% (99/305) - Loss: 0.0760
[Client 2, Round 76] Progress: 33% (102/305) - Loss: 0.0422
[Client 2, Round 76] Progress: 34% (105/305) - Loss: 0.2313
[Client 2, Round 76] Progress: 35% (108/305) - Loss: 0.2151
[Client 2, Round 76] Progress: 36% (111/305) - Loss: 0.0581
[Client 2, Round 76] Progress: 37% (114/305) - Loss: 0.1563
[Client 2, Round 76] Progress: 38% (117/305) - Loss: 0.1800
[Client 2, Round 76] Progress: 39% (120/305) - Loss: 0.0692
[Client 2, Round 76] Progress: 40% (123/305) - Loss: 0.0685
[Client 2, Round 76] Progress: 41% (126/305) - Loss: 0.0934
[Client 2, Round 76] Progress: 42% (129/305) - Loss: 0.0344
[Client 2, Round 76] Progress: 43% (132/305) - Loss: 0.0378
[Client 2, Round 76] Progress: 44% (135/305) - Loss: 0.0893
[Client 2, Round 76] Progress: 45% (138/305) - Loss: 0.7644
[Client 2, Round 76] Progress: 46% (141/305) - Loss: 0.0596
[Client 2, Round 76] Progress: 47% (144/305) - Loss: 0.0877
[Client 2, Round 76] Progress: 48% (147/305) - Loss: 0.1674
[Client 2, Round 76] Progress: 49% (150/305) - Loss: 0.1305
[Client 2, Round 76] Progress: 50% (153/305) - Loss: 0.0624
[Client 2, Round 76] Progress: 51% (156/305) - Loss: 0.0333
[Client 2, Round 76] Progress: 52% (159/305) - Loss: 0.3222
[Client 2, Round 76] Progress: 53% (162/305) - Loss: 0.0515
[Client 2, Round 76] Progress: 54% (165/305) - Loss: 0.0619
[Client 2, Round 76] Progress: 55% (168/305) - Loss: 0.0699
[Client 2, Round 76] Progress: 56% (171/305) - Loss: 0.1921
[Client 2, Round 76] Progress: 57% (174/305) - Loss: 0.0657
[Client 2, Round 76] Progress: 58% (177/305) - Loss: 0.4400
[Client 2, Round 76] Progress: 59% (180/305) - Loss: 0.1048
[Client 2, Round 76] Progress: 60% (183/305) - Loss: 0.1751
[Client 2, Round 76] Progress: 60% (186/305) - Loss: 0.1870
[Client 2, Round 76] Progress: 61% (189/305) - Loss: 0.0809
[Client 2, Round 76] Progress: 62% (192/305) - Loss: 0.0903
[Client 2, Round 76] Progress: 63% (195/305) - Loss: 0.0804
[Client 2, Round 76] Progress: 64% (198/305) - Loss: 0.1870
[Client 2, Round 76] Progress: 65% (201/305) - Loss: 0.1255
[Client 2, Round 76] Progress: 66% (204/305) - Loss: 0.1174
[Client 2, Round 76] Progress: 67% (207/305) - Loss: 0.2018
[Client 2, Round 76] Progress: 68% (210/305) - Loss: 0.0802
[Client 2, Round 76] Progress: 69% (213/305) - Loss: 0.1414
[Client 2, Round 76] Progress: 70% (216/305) - Loss: 0.1350
[Client 2, Round 76] Progress: 71% (219/305) - Loss: 0.1222
[Client 2, Round 76] Progress: 72% (222/305) - Loss: 0.4386
[Client 2, Round 76] Progress: 73% (225/305) - Loss: 0.0834
[Client 2, Round 76] Progress: 74% (228/305) - Loss: 0.0739
[Client 2, Round 76] Progress: 75% (231/305) - Loss: 0.1229
[Client 2, Round 76] Progress: 76% (234/305) - Loss: 0.2351
[Client 2, Round 76] Progress: 77% (237/305) - Loss: 0.0993
[Client 2, Round 76] Progress: 78% (240/305) - Loss: 0.1599
[Client 2, Round 76] Progress: 79% (243/305) - Loss: 0.0461
[Client 2, Round 76] Progress: 80% (246/305) - Loss: 0.0964
[Client 2, Round 76] Progress: 81% (249/305) - Loss: 0.0537
[Client 2, Round 76] Progress: 82% (252/305) - Loss: 0.1465
[Client 2, Round 76] Progress: 83% (255/305) - Loss: 0.0661
[Client 2, Round 76] Progress: 84% (258/305) - Loss: 0.1029
[Client 2, Round 76] Progress: 85% (261/305) - Loss: 0.1132
[Client 2, Round 76] Progress: 86% (264/305) - Loss: 0.1292
[Client 2, Round 76] Progress: 87% (267/305) - Loss: 0.1642
[Client 2, Round 76] Progress: 88% (270/305) - Loss: 0.0978
[Client 2, Round 76] Progress: 89% (273/305) - Loss: 0.1472
[Client 2, Round 76] Progress: 90% (276/305) - Loss: 0.1020
[Client 2, Round 76] Progress: 91% (279/305) - Loss: 0.0849
[Client 2, Round 76] Progress: 92% (282/305) - Loss: 0.0542
[Client 2, Round 76] Progress: 93% (285/305) - Loss: 0.0794
[Client 2, Round 76] Progress: 94% (288/305) - Loss: 0.1104
[Client 2, Round 76] Progress: 95% (291/305) - Loss: 0.0871
[Client 2, Round 76] Progress: 96% (294/305) - Loss: 0.0856
[Client 2, Round 76] Progress: 97% (297/305) - Loss: 0.0464
[Client 2, Round 76] Progress: 98% (300/305) - Loss: 0.0985
[Client 2, Round 76] Progress: 99% (303/305) - Loss: 0.1162
[Client 2, Round 76] Progress: 100% (305/305) - Loss: 0.1888
[Client 2, Round 76] Train Loss: 0.1325
[Client 2, Round 76] Val Loss: 0.1177 | Val Dice: 0.8821
[Client 2, Round 77] Progress: 0% (3/305) - Loss: 0.1084
[Client 2, Round 77] Progress: 1% (6/305) - Loss: 0.0845
[Client 2, Round 77] Progress: 2% (9/305) - Loss: 0.7942
[Client 2, Round 77] Progress: 3% (12/305) - Loss: 0.0709
[Client 2, Round 77] Progress: 4% (15/305) - Loss: 0.0488
[Client 2, Round 77] Progress: 5% (18/305) - Loss: 0.0558
[Client 2, Round 77] Progress: 6% (21/305) - Loss: 0.0379
[Client 2, Round 77] Progress: 7% (24/305) - Loss: 0.0657
[Client 2, Round 77] Progress: 8% (27/305) - Loss: 0.2695
[Client 2, Round 77] Progress: 9% (30/305) - Loss: 0.1070
[Client 2, Round 77] Progress: 10% (33/305) - Loss: 0.1332
[Client 2, Round 77] Progress: 11% (36/305) - Loss: 0.0828
[Client 2, Round 77] Progress: 12% (39/305) - Loss: 0.0983
[Client 2, Round 77] Progress: 13% (42/305) - Loss: 0.1299
[Client 2, Round 77] Progress: 14% (45/305) - Loss: 0.0725
[Client 2, Round 77] Progress: 15% (48/305) - Loss: 0.1410
[Client 2, Round 77] Progress: 16% (51/305) - Loss: 0.1376
[Client 2, Round 77] Progress: 17% (54/305) - Loss: 0.0955
[Client 2, Round 77] Progress: 18% (57/305) - Loss: 0.0741
[Client 2, Round 77] Progress: 19% (60/305) - Loss: 0.0849
[Client 2, Round 77] Progress: 20% (63/305) - Loss: 0.1276
[Client 2, Round 77] Progress: 21% (66/305) - Loss: 0.0614
[Client 2, Round 77] Progress: 22% (69/305) - Loss: 0.1555
[Client 2, Round 77] Progress: 23% (72/305) - Loss: 0.1581
[Client 2, Round 77] Progress: 24% (75/305) - Loss: 0.1145
[Client 2, Round 77] Progress: 25% (78/305) - Loss: 0.1202
[Client 2, Round 77] Progress: 26% (81/305) - Loss: 0.0883
[Client 2, Round 77] Progress: 27% (84/305) - Loss: 0.0657
[Client 2, Round 77] Progress: 28% (87/305) - Loss: 0.2532
[Client 2, Round 77] Progress: 29% (90/305) - Loss: 0.1912
[Client 2, Round 77] Progress: 30% (93/305) - Loss: 0.0805
[Client 2, Round 77] Progress: 31% (96/305) - Loss: 0.4043
[Client 2, Round 77] Progress: 32% (99/305) - Loss: 0.0695
[Client 2, Round 77] Progress: 33% (102/305) - Loss: 0.0858
[Client 2, Round 77] Progress: 34% (105/305) - Loss: 0.0572
[Client 2, Round 77] Progress: 35% (108/305) - Loss: 0.0684
[Client 2, Round 77] Progress: 36% (111/305) - Loss: 0.1341
[Client 2, Round 77] Progress: 37% (114/305) - Loss: 0.1388
[Client 2, Round 77] Progress: 38% (117/305) - Loss: 0.0812
[Client 2, Round 77] Progress: 39% (120/305) - Loss: 0.0959
[Client 2, Round 77] Progress: 40% (123/305) - Loss: 0.1007
[Client 2, Round 77] Progress: 41% (126/305) - Loss: 0.0469
[Client 2, Round 77] Progress: 42% (129/305) - Loss: 0.2202
[Client 2, Round 77] Progress: 43% (132/305) - Loss: 0.0291
[Client 2, Round 77] Progress: 44% (135/305) - Loss: 0.0543
[Client 2, Round 77] Progress: 45% (138/305) - Loss: 0.0846
[Client 2, Round 77] Progress: 46% (141/305) - Loss: 0.0498
[Client 2, Round 77] Progress: 47% (144/305) - Loss: 0.1104
[Client 2, Round 77] Progress: 48% (147/305) - Loss: 0.2637
[Client 2, Round 77] Progress: 49% (150/305) - Loss: 0.1359
[Client 2, Round 77] Progress: 50% (153/305) - Loss: 0.1321
[Client 2, Round 77] Progress: 51% (156/305) - Loss: 0.4479
[Client 2, Round 77] Progress: 52% (159/305) - Loss: 0.0744
[Client 2, Round 77] Progress: 53% (162/305) - Loss: 0.0580
[Client 2, Round 77] Progress: 54% (165/305) - Loss: 0.1862
[Client 2, Round 77] Progress: 55% (168/305) - Loss: 0.0646
[Client 2, Round 77] Progress: 56% (171/305) - Loss: 0.1603
[Client 2, Round 77] Progress: 57% (174/305) - Loss: 0.2228
[Client 2, Round 77] Progress: 58% (177/305) - Loss: 0.0737
[Client 2, Round 77] Progress: 59% (180/305) - Loss: 0.1009
[Client 2, Round 77] Progress: 60% (183/305) - Loss: 0.0362
[Client 2, Round 77] Progress: 60% (186/305) - Loss: 0.1203
[Client 2, Round 77] Progress: 61% (189/305) - Loss: 0.0330
[Client 2, Round 77] Progress: 62% (192/305) - Loss: 0.0369
[Client 2, Round 77] Progress: 63% (195/305) - Loss: 0.1198
[Client 2, Round 77] Progress: 64% (198/305) - Loss: 0.0875
[Client 2, Round 77] Progress: 65% (201/305) - Loss: 0.0435
[Client 2, Round 77] Progress: 66% (204/305) - Loss: 0.1514
[Client 2, Round 77] Progress: 67% (207/305) - Loss: 0.1264
[Client 2, Round 77] Progress: 68% (210/305) - Loss: 0.0738
[Client 2, Round 77] Progress: 69% (213/305) - Loss: 0.1484
[Client 2, Round 77] Progress: 70% (216/305) - Loss: 0.0643
[Client 2, Round 77] Progress: 71% (219/305) - Loss: 0.1724
[Client 2, Round 77] Progress: 72% (222/305) - Loss: 0.1895
[Client 2, Round 77] Progress: 73% (225/305) - Loss: 0.6765
[Client 2, Round 77] Progress: 74% (228/305) - Loss: 0.1112
[Client 2, Round 77] Progress: 75% (231/305) - Loss: 0.1406
[Client 2, Round 77] Progress: 76% (234/305) - Loss: 0.0869
[Client 2, Round 77] Progress: 77% (237/305) - Loss: 0.1661
[Client 2, Round 77] Progress: 78% (240/305) - Loss: 0.2262
[Client 2, Round 77] Progress: 79% (243/305) - Loss: 0.0593
[Client 2, Round 77] Progress: 80% (246/305) - Loss: 0.2846
[Client 2, Round 77] Progress: 81% (249/305) - Loss: 0.1305
[Client 2, Round 77] Progress: 82% (252/305) - Loss: 0.1320
[Client 2, Round 77] Progress: 83% (255/305) - Loss: 0.2685
[Client 2, Round 77] Progress: 84% (258/305) - Loss: 0.2091
[Client 2, Round 77] Progress: 85% (261/305) - Loss: 0.1442
[Client 2, Round 77] Progress: 86% (264/305) - Loss: 0.0822
[Client 2, Round 77] Progress: 87% (267/305) - Loss: 0.0957
[Client 2, Round 77] Progress: 88% (270/305) - Loss: 0.1012
[Client 2, Round 77] Progress: 89% (273/305) - Loss: 0.0574
[Client 2, Round 77] Progress: 90% (276/305) - Loss: 0.0944
[Client 2, Round 77] Progress: 91% (279/305) - Loss: 0.1103
[Client 2, Round 77] Progress: 92% (282/305) - Loss: 0.0986
[Client 2, Round 77] Progress: 93% (285/305) - Loss: 0.7537
[Client 2, Round 77] Progress: 94% (288/305) - Loss: 0.1001
[Client 2, Round 77] Progress: 95% (291/305) - Loss: 0.0946
[Client 2, Round 77] Progress: 96% (294/305) - Loss: 0.1539
[Client 2, Round 77] Progress: 97% (297/305) - Loss: 0.0835
[Client 2, Round 77] Progress: 98% (300/305) - Loss: 0.1048
[Client 2, Round 77] Progress: 99% (303/305) - Loss: 0.0965
[Client 2, Round 77] Progress: 100% (305/305) - Loss: 0.0928
[Client 2, Round 77] Train Loss: 0.1296
[Client 2, Round 77] Val Loss: 0.1309 | Val Dice: 0.8697
[Client 2, Round 78] Progress: 0% (3/305) - Loss: 0.1023
[Client 2, Round 78] Progress: 1% (6/305) - Loss: 0.0958
[Client 2, Round 78] Progress: 2% (9/305) - Loss: 0.0473
[Client 2, Round 78] Progress: 3% (12/305) - Loss: 0.0805
[Client 2, Round 78] Progress: 4% (15/305) - Loss: 0.0849
[Client 2, Round 78] Progress: 5% (18/305) - Loss: 0.0748
[Client 2, Round 78] Progress: 6% (21/305) - Loss: 0.1236
[Client 2, Round 78] Progress: 7% (24/305) - Loss: 0.1657
[Client 2, Round 78] Progress: 8% (27/305) - Loss: 0.0528
[Client 2, Round 78] Progress: 9% (30/305) - Loss: 0.1295
[Client 2, Round 78] Progress: 10% (33/305) - Loss: 0.1023
[Client 2, Round 78] Progress: 11% (36/305) - Loss: 0.0709
[Client 2, Round 78] Progress: 12% (39/305) - Loss: 0.1169
[Client 2, Round 78] Progress: 13% (42/305) - Loss: 0.1142
[Client 2, Round 78] Progress: 14% (45/305) - Loss: 0.2679
[Client 2, Round 78] Progress: 15% (48/305) - Loss: 0.0562
[Client 2, Round 78] Progress: 16% (51/305) - Loss: 0.0728
[Client 2, Round 78] Progress: 17% (54/305) - Loss: 0.3351
[Client 2, Round 78] Progress: 18% (57/305) - Loss: 0.2496
[Client 2, Round 78] Progress: 19% (60/305) - Loss: 0.1222
[Client 2, Round 78] Progress: 20% (63/305) - Loss: 0.0940
[Client 2, Round 78] Progress: 21% (66/305) - Loss: 0.1425
[Client 2, Round 78] Progress: 22% (69/305) - Loss: 0.2339
[Client 2, Round 78] Progress: 23% (72/305) - Loss: 0.1013
[Client 2, Round 78] Progress: 24% (75/305) - Loss: 0.0543
[Client 2, Round 78] Progress: 25% (78/305) - Loss: 0.1027
[Client 2, Round 78] Progress: 26% (81/305) - Loss: 0.1025
[Client 2, Round 78] Progress: 27% (84/305) - Loss: 0.1166
[Client 2, Round 78] Progress: 28% (87/305) - Loss: 0.0808
[Client 2, Round 78] Progress: 29% (90/305) - Loss: 0.2190
[Client 2, Round 78] Progress: 30% (93/305) - Loss: 0.1468
[Client 2, Round 78] Progress: 31% (96/305) - Loss: 0.1228
[Client 2, Round 78] Progress: 32% (99/305) - Loss: 0.1058
[Client 2, Round 78] Progress: 33% (102/305) - Loss: 0.1865
[Client 2, Round 78] Progress: 34% (105/305) - Loss: 0.0520
[Client 2, Round 78] Progress: 35% (108/305) - Loss: 0.0518
[Client 2, Round 78] Progress: 36% (111/305) - Loss: 0.0398
[Client 2, Round 78] Progress: 37% (114/305) - Loss: 0.1290
[Client 2, Round 78] Progress: 38% (117/305) - Loss: 0.1671
[Client 2, Round 78] Progress: 39% (120/305) - Loss: 0.0750
[Client 2, Round 78] Progress: 40% (123/305) - Loss: 0.2339
[Client 2, Round 78] Progress: 41% (126/305) - Loss: 0.1505
[Client 2, Round 78] Progress: 42% (129/305) - Loss: 0.1035
[Client 2, Round 78] Progress: 43% (132/305) - Loss: 0.0672
[Client 2, Round 78] Progress: 44% (135/305) - Loss: 0.0818
[Client 2, Round 78] Progress: 45% (138/305) - Loss: 0.0823
[Client 2, Round 78] Progress: 46% (141/305) - Loss: 0.1317
[Client 2, Round 78] Progress: 47% (144/305) - Loss: 0.0781
[Client 2, Round 78] Progress: 48% (147/305) - Loss: 0.0689
[Client 2, Round 78] Progress: 49% (150/305) - Loss: 0.0424
[Client 2, Round 78] Progress: 50% (153/305) - Loss: 0.2568
[Client 2, Round 78] Progress: 51% (156/305) - Loss: 0.1668
[Client 2, Round 78] Progress: 52% (159/305) - Loss: 0.0759
[Client 2, Round 78] Progress: 53% (162/305) - Loss: 0.0710
[Client 2, Round 78] Progress: 54% (165/305) - Loss: 0.1578
[Client 2, Round 78] Progress: 55% (168/305) - Loss: 0.0828
[Client 2, Round 78] Progress: 56% (171/305) - Loss: 0.1658
[Client 2, Round 78] Progress: 57% (174/305) - Loss: 0.0699
[Client 2, Round 78] Progress: 58% (177/305) - Loss: 0.1317
[Client 2, Round 78] Progress: 59% (180/305) - Loss: 0.1342
[Client 2, Round 78] Progress: 60% (183/305) - Loss: 0.0814
[Client 2, Round 78] Progress: 60% (186/305) - Loss: 0.1142
[Client 2, Round 78] Progress: 61% (189/305) - Loss: 0.0463
[Client 2, Round 78] Progress: 62% (192/305) - Loss: 0.1313
[Client 2, Round 78] Progress: 63% (195/305) - Loss: 0.0626
[Client 2, Round 78] Progress: 64% (198/305) - Loss: 0.1458
[Client 2, Round 78] Progress: 65% (201/305) - Loss: 0.1123
[Client 2, Round 78] Progress: 66% (204/305) - Loss: 0.0821
[Client 2, Round 78] Progress: 67% (207/305) - Loss: 0.1809
[Client 2, Round 78] Progress: 68% (210/305) - Loss: 0.0802
[Client 2, Round 78] Progress: 69% (213/305) - Loss: 0.0909
[Client 2, Round 78] Progress: 70% (216/305) - Loss: 0.3474
[Client 2, Round 78] Progress: 71% (219/305) - Loss: 0.1626
[Client 2, Round 78] Progress: 72% (222/305) - Loss: 0.0697
[Client 2, Round 78] Progress: 73% (225/305) - Loss: 0.1070
[Client 2, Round 78] Progress: 74% (228/305) - Loss: 0.0780
[Client 2, Round 78] Progress: 75% (231/305) - Loss: 0.1320
[Client 2, Round 78] Progress: 76% (234/305) - Loss: 0.0856
[Client 2, Round 78] Progress: 77% (237/305) - Loss: 0.1079
[Client 2, Round 78] Progress: 78% (240/305) - Loss: 0.0355
[Client 2, Round 78] Progress: 79% (243/305) - Loss: 0.1044
[Client 2, Round 78] Progress: 80% (246/305) - Loss: 0.1329
[Client 2, Round 78] Progress: 81% (249/305) - Loss: 0.0560
[Client 2, Round 78] Progress: 82% (252/305) - Loss: 0.1289
[Client 2, Round 78] Progress: 83% (255/305) - Loss: 0.0603
[Client 2, Round 78] Progress: 84% (258/305) - Loss: 0.0844
[Client 2, Round 78] Progress: 85% (261/305) - Loss: 0.0666
[Client 2, Round 78] Progress: 86% (264/305) - Loss: 0.0621
[Client 2, Round 78] Progress: 87% (267/305) - Loss: 0.1483
[Client 2, Round 78] Progress: 88% (270/305) - Loss: 0.1788
[Client 2, Round 78] Progress: 89% (273/305) - Loss: 0.1027
[Client 2, Round 78] Progress: 90% (276/305) - Loss: 0.0640
[Client 2, Round 78] Progress: 91% (279/305) - Loss: 0.1175
[Client 2, Round 78] Progress: 92% (282/305) - Loss: 0.2595
[Client 2, Round 78] Progress: 93% (285/305) - Loss: 0.0672
[Client 2, Round 78] Progress: 94% (288/305) - Loss: 0.6003
[Client 2, Round 78] Progress: 95% (291/305) - Loss: 0.1808
[Client 2, Round 78] Progress: 96% (294/305) - Loss: 0.0460
[Client 2, Round 78] Progress: 97% (297/305) - Loss: 0.1629
[Client 2, Round 78] Progress: 98% (300/305) - Loss: 0.0773
[Client 2, Round 78] Progress: 99% (303/305) - Loss: 0.0842
[Client 2, Round 78] Progress: 100% (305/305) - Loss: 0.1467
[Client 2, Round 78] Train Loss: 0.1239
[Client 2, Round 78] Val Loss: 0.1272 | Val Dice: 0.8727
[Client 2, Round 79] Progress: 0% (3/305) - Loss: 0.1289
[Client 2, Round 79] Progress: 1% (6/305) - Loss: 0.1140
[Client 2, Round 79] Progress: 2% (9/305) - Loss: 0.1190
[Client 2, Round 79] Progress: 3% (12/305) - Loss: 0.0598
[Client 2, Round 79] Progress: 4% (15/305) - Loss: 0.3982
[Client 2, Round 79] Progress: 5% (18/305) - Loss: 0.2620
[Client 2, Round 79] Progress: 6% (21/305) - Loss: 0.0757
[Client 2, Round 79] Progress: 7% (24/305) - Loss: 0.1369
[Client 2, Round 79] Progress: 8% (27/305) - Loss: 0.1165
[Client 2, Round 79] Progress: 9% (30/305) - Loss: 0.0791
[Client 2, Round 79] Progress: 10% (33/305) - Loss: 0.1440
[Client 2, Round 79] Progress: 11% (36/305) - Loss: 0.0516
[Client 2, Round 79] Progress: 12% (39/305) - Loss: 0.0511
[Client 2, Round 79] Progress: 13% (42/305) - Loss: 0.0549
[Client 2, Round 79] Progress: 14% (45/305) - Loss: 0.2888
[Client 2, Round 79] Progress: 15% (48/305) - Loss: 0.0665
[Client 2, Round 79] Progress: 16% (51/305) - Loss: 0.0918
[Client 2, Round 79] Progress: 17% (54/305) - Loss: 0.0597
[Client 2, Round 79] Progress: 18% (57/305) - Loss: 0.1347
[Client 2, Round 79] Progress: 19% (60/305) - Loss: 0.1674
[Client 2, Round 79] Progress: 20% (63/305) - Loss: 0.1063
[Client 2, Round 79] Progress: 21% (66/305) - Loss: 0.0801
[Client 2, Round 79] Progress: 22% (69/305) - Loss: 0.0725
[Client 2, Round 79] Progress: 23% (72/305) - Loss: 0.1667
[Client 2, Round 79] Progress: 24% (75/305) - Loss: 0.0463
[Client 2, Round 79] Progress: 25% (78/305) - Loss: 0.1471
[Client 2, Round 79] Progress: 26% (81/305) - Loss: 0.0349
[Client 2, Round 79] Progress: 27% (84/305) - Loss: 0.1629
[Client 2, Round 79] Progress: 28% (87/305) - Loss: 0.1293
[Client 2, Round 79] Progress: 29% (90/305) - Loss: 0.2189
[Client 2, Round 79] Progress: 30% (93/305) - Loss: 0.0917
[Client 2, Round 79] Progress: 31% (96/305) - Loss: 0.1262
[Client 2, Round 79] Progress: 32% (99/305) - Loss: 0.1238
[Client 2, Round 79] Progress: 33% (102/305) - Loss: 0.6986
[Client 2, Round 79] Progress: 34% (105/305) - Loss: 0.1316
[Client 2, Round 79] Progress: 35% (108/305) - Loss: 0.1216
[Client 2, Round 79] Progress: 36% (111/305) - Loss: 0.1241
[Client 2, Round 79] Progress: 37% (114/305) - Loss: 0.1558
[Client 2, Round 79] Progress: 38% (117/305) - Loss: 0.0748
[Client 2, Round 79] Progress: 39% (120/305) - Loss: 0.0558
[Client 2, Round 79] Progress: 40% (123/305) - Loss: 0.0801
[Client 2, Round 79] Progress: 41% (126/305) - Loss: 0.0604
[Client 2, Round 79] Progress: 42% (129/305) - Loss: 0.0999
[Client 2, Round 79] Progress: 43% (132/305) - Loss: 0.1421
[Client 2, Round 79] Progress: 44% (135/305) - Loss: 0.0385
[Client 2, Round 79] Progress: 45% (138/305) - Loss: 0.0786
[Client 2, Round 79] Progress: 46% (141/305) - Loss: 0.2278
[Client 2, Round 79] Progress: 47% (144/305) - Loss: 0.1252
[Client 2, Round 79] Progress: 48% (147/305) - Loss: 0.0994
[Client 2, Round 79] Progress: 49% (150/305) - Loss: 0.1132
[Client 2, Round 79] Progress: 50% (153/305) - Loss: 0.0801
[Client 2, Round 79] Progress: 51% (156/305) - Loss: 0.0559
[Client 2, Round 79] Progress: 52% (159/305) - Loss: 0.0769
[Client 2, Round 79] Progress: 53% (162/305) - Loss: 0.1050
[Client 2, Round 79] Progress: 54% (165/305) - Loss: 0.0715
[Client 2, Round 79] Progress: 55% (168/305) - Loss: 0.0654
[Client 2, Round 79] Progress: 56% (171/305) - Loss: 0.0636
[Client 2, Round 79] Progress: 57% (174/305) - Loss: 0.0615
[Client 2, Round 79] Progress: 58% (177/305) - Loss: 0.0994
[Client 2, Round 79] Progress: 59% (180/305) - Loss: 0.0521
[Client 2, Round 79] Progress: 60% (183/305) - Loss: 0.1128
[Client 2, Round 79] Progress: 60% (186/305) - Loss: 0.5552
[Client 2, Round 79] Progress: 61% (189/305) - Loss: 0.3818
[Client 2, Round 79] Progress: 62% (192/305) - Loss: 0.0751
[Client 2, Round 79] Progress: 63% (195/305) - Loss: 0.0768
[Client 2, Round 79] Progress: 64% (198/305) - Loss: 0.1219
[Client 2, Round 79] Progress: 65% (201/305) - Loss: 0.1076
[Client 2, Round 79] Progress: 66% (204/305) - Loss: 0.0827
[Client 2, Round 79] Progress: 67% (207/305) - Loss: 0.0694
[Client 2, Round 79] Progress: 68% (210/305) - Loss: 0.0610
[Client 2, Round 79] Progress: 69% (213/305) - Loss: 0.0771
[Client 2, Round 79] Progress: 70% (216/305) - Loss: 0.1325
[Client 2, Round 79] Progress: 71% (219/305) - Loss: 0.0800
[Client 2, Round 79] Progress: 72% (222/305) - Loss: 0.1256
[Client 2, Round 79] Progress: 73% (225/305) - Loss: 0.0560
[Client 2, Round 79] Progress: 74% (228/305) - Loss: 0.1936
[Client 2, Round 79] Progress: 75% (231/305) - Loss: 0.0738
[Client 2, Round 79] Progress: 76% (234/305) - Loss: 0.0913
[Client 2, Round 79] Progress: 77% (237/305) - Loss: 0.7814
[Client 2, Round 79] Progress: 78% (240/305) - Loss: 0.5206
[Client 2, Round 79] Progress: 79% (243/305) - Loss: 0.1159
[Client 2, Round 79] Progress: 80% (246/305) - Loss: 0.0877
[Client 2, Round 79] Progress: 81% (249/305) - Loss: 0.6224
[Client 2, Round 79] Progress: 82% (252/305) - Loss: 0.1351
[Client 2, Round 79] Progress: 83% (255/305) - Loss: 0.1707
[Client 2, Round 79] Progress: 84% (258/305) - Loss: 0.0662
[Client 2, Round 79] Progress: 85% (261/305) - Loss: 0.4897
[Client 2, Round 79] Progress: 86% (264/305) - Loss: 0.1060
[Client 2, Round 79] Progress: 87% (267/305) - Loss: 0.1347
[Client 2, Round 79] Progress: 88% (270/305) - Loss: 0.0748
[Client 2, Round 79] Progress: 89% (273/305) - Loss: 0.0847
[Client 2, Round 79] Progress: 90% (276/305) - Loss: 0.2000
[Client 2, Round 79] Progress: 91% (279/305) - Loss: 0.1638
[Client 2, Round 79] Progress: 92% (282/305) - Loss: 0.2293
[Client 2, Round 79] Progress: 93% (285/305) - Loss: 0.0757
[Client 2, Round 79] Progress: 94% (288/305) - Loss: 0.1085
[Client 2, Round 79] Progress: 95% (291/305) - Loss: 0.1206
[Client 2, Round 79] Progress: 96% (294/305) - Loss: 0.0689
[Client 2, Round 79] Progress: 97% (297/305) - Loss: 0.0541
[Client 2, Round 79] Progress: 98% (300/305) - Loss: 0.0544
[Client 2, Round 79] Progress: 99% (303/305) - Loss: 0.0901
[Client 2, Round 79] Progress: 100% (305/305) - Loss: 0.1035
[Client 2, Round 79] Train Loss: 0.1258
[Client 2, Round 79] Val Loss: 0.1140 | Val Dice: 0.8855
[Client 2, Round 80] Progress: 0% (3/305) - Loss: 0.0678
[Client 2, Round 80] Progress: 1% (6/305) - Loss: 0.0776
[Client 2, Round 80] Progress: 2% (9/305) - Loss: 0.3135
[Client 2, Round 80] Progress: 3% (12/305) - Loss: 0.0681
[Client 2, Round 80] Progress: 4% (15/305) - Loss: 0.0585
[Client 2, Round 80] Progress: 5% (18/305) - Loss: 0.0686
[Client 2, Round 80] Progress: 6% (21/305) - Loss: 0.0976
[Client 2, Round 80] Progress: 7% (24/305) - Loss: 0.1179
[Client 2, Round 80] Progress: 8% (27/305) - Loss: 0.2422
[Client 2, Round 80] Progress: 9% (30/305) - Loss: 0.0765
[Client 2, Round 80] Progress: 10% (33/305) - Loss: 0.0772
[Client 2, Round 80] Progress: 11% (36/305) - Loss: 0.1116
[Client 2, Round 80] Progress: 12% (39/305) - Loss: 0.1434
[Client 2, Round 80] Progress: 13% (42/305) - Loss: 0.1206
[Client 2, Round 80] Progress: 14% (45/305) - Loss: 0.0626
[Client 2, Round 80] Progress: 15% (48/305) - Loss: 0.0812
[Client 2, Round 80] Progress: 16% (51/305) - Loss: 0.1005
[Client 2, Round 80] Progress: 17% (54/305) - Loss: 0.1344
[Client 2, Round 80] Progress: 18% (57/305) - Loss: 0.1090
[Client 2, Round 80] Progress: 19% (60/305) - Loss: 0.2398
[Client 2, Round 80] Progress: 20% (63/305) - Loss: 0.1042
[Client 2, Round 80] Progress: 21% (66/305) - Loss: 0.0431
[Client 2, Round 80] Progress: 22% (69/305) - Loss: 0.0359
[Client 2, Round 80] Progress: 23% (72/305) - Loss: 0.0828
[Client 2, Round 80] Progress: 24% (75/305) - Loss: 0.0425
[Client 2, Round 80] Progress: 25% (78/305) - Loss: 0.0413
[Client 2, Round 80] Progress: 26% (81/305) - Loss: 0.3484
[Client 2, Round 80] Progress: 27% (84/305) - Loss: 0.0686
[Client 2, Round 80] Progress: 28% (87/305) - Loss: 0.1011
[Client 2, Round 80] Progress: 29% (90/305) - Loss: 0.2844
[Client 2, Round 80] Progress: 30% (93/305) - Loss: 0.0778
[Client 2, Round 80] Progress: 31% (96/305) - Loss: 0.1110
[Client 2, Round 80] Progress: 32% (99/305) - Loss: 0.0809
[Client 2, Round 80] Progress: 33% (102/305) - Loss: 0.1516
[Client 2, Round 80] Progress: 34% (105/305) - Loss: 0.1830
[Client 2, Round 80] Progress: 35% (108/305) - Loss: 0.1094
[Client 2, Round 80] Progress: 36% (111/305) - Loss: 0.2247
[Client 2, Round 80] Progress: 37% (114/305) - Loss: 0.4393
[Client 2, Round 80] Progress: 38% (117/305) - Loss: 0.0695
[Client 2, Round 80] Progress: 39% (120/305) - Loss: 0.0491
[Client 2, Round 80] Progress: 40% (123/305) - Loss: 0.0789
[Client 2, Round 80] Progress: 41% (126/305) - Loss: 0.0700
[Client 2, Round 80] Progress: 42% (129/305) - Loss: 0.0436
[Client 2, Round 80] Progress: 43% (132/305) - Loss: 0.1500
[Client 2, Round 80] Progress: 44% (135/305) - Loss: 0.0787
[Client 2, Round 80] Progress: 45% (138/305) - Loss: 0.0821
[Client 2, Round 80] Progress: 46% (141/305) - Loss: 0.1488
[Client 2, Round 80] Progress: 47% (144/305) - Loss: 0.1040
[Client 2, Round 80] Progress: 48% (147/305) - Loss: 0.0599
[Client 2, Round 80] Progress: 49% (150/305) - Loss: 0.1246
[Client 2, Round 80] Progress: 50% (153/305) - Loss: 0.0419
[Client 2, Round 80] Progress: 51% (156/305) - Loss: 0.1003
[Client 2, Round 80] Progress: 52% (159/305) - Loss: 0.1220
[Client 2, Round 80] Progress: 53% (162/305) - Loss: 0.0882
[Client 2, Round 80] Progress: 54% (165/305) - Loss: 0.0514
[Client 2, Round 80] Progress: 55% (168/305) - Loss: 0.0725
[Client 2, Round 80] Progress: 56% (171/305) - Loss: 0.1680
[Client 2, Round 80] Progress: 57% (174/305) - Loss: 0.1964
[Client 2, Round 80] Progress: 58% (177/305) - Loss: 0.1379
[Client 2, Round 80] Progress: 59% (180/305) - Loss: 0.0452
[Client 2, Round 80] Progress: 60% (183/305) - Loss: 0.0310
[Client 2, Round 80] Progress: 60% (186/305) - Loss: 0.1095
[Client 2, Round 80] Progress: 61% (189/305) - Loss: 0.1000
[Client 2, Round 80] Progress: 62% (192/305) - Loss: 0.0755
[Client 2, Round 80] Progress: 63% (195/305) - Loss: 0.1599
[Client 2, Round 80] Progress: 64% (198/305) - Loss: 0.0405
[Client 2, Round 80] Progress: 65% (201/305) - Loss: 0.0693
[Client 2, Round 80] Progress: 66% (204/305) - Loss: 0.0444
[Client 2, Round 80] Progress: 67% (207/305) - Loss: 0.0796
[Client 2, Round 80] Progress: 68% (210/305) - Loss: 0.1473
[Client 2, Round 80] Progress: 69% (213/305) - Loss: 0.0784
[Client 2, Round 80] Progress: 70% (216/305) - Loss: 0.0737
[Client 2, Round 80] Progress: 71% (219/305) - Loss: 0.0687
[Client 2, Round 80] Progress: 72% (222/305) - Loss: 0.1132
[Client 2, Round 80] Progress: 73% (225/305) - Loss: 0.0614
[Client 2, Round 80] Progress: 74% (228/305) - Loss: 0.0639
[Client 2, Round 80] Progress: 75% (231/305) - Loss: 0.0842
[Client 2, Round 80] Progress: 76% (234/305) - Loss: 0.1151
[Client 2, Round 80] Progress: 77% (237/305) - Loss: 0.1064
[Client 2, Round 80] Progress: 78% (240/305) - Loss: 0.1057
[Client 2, Round 80] Progress: 79% (243/305) - Loss: 0.1949
[Client 2, Round 80] Progress: 80% (246/305) - Loss: 0.0425
[Client 2, Round 80] Progress: 81% (249/305) - Loss: 0.1062
[Client 2, Round 80] Progress: 82% (252/305) - Loss: 0.0762
[Client 2, Round 80] Progress: 83% (255/305) - Loss: 0.1885
[Client 2, Round 80] Progress: 84% (258/305) - Loss: 0.1689
[Client 2, Round 80] Progress: 85% (261/305) - Loss: 0.3478
[Client 2, Round 80] Progress: 86% (264/305) - Loss: 0.1822
[Client 2, Round 80] Progress: 87% (267/305) - Loss: 0.1261
[Client 2, Round 80] Progress: 88% (270/305) - Loss: 0.0915
[Client 2, Round 80] Progress: 89% (273/305) - Loss: 0.1160
[Client 2, Round 80] Progress: 90% (276/305) - Loss: 0.3296
[Client 2, Round 80] Progress: 91% (279/305) - Loss: 0.0882
[Client 2, Round 80] Progress: 92% (282/305) - Loss: 0.0856
[Client 2, Round 80] Progress: 93% (285/305) - Loss: 0.1769
[Client 2, Round 80] Progress: 94% (288/305) - Loss: 0.1414
[Client 2, Round 80] Progress: 95% (291/305) - Loss: 0.5506
[Client 2, Round 80] Progress: 96% (294/305) - Loss: 0.0882
[Client 2, Round 80] Progress: 97% (297/305) - Loss: 0.2503
[Client 2, Round 80] Progress: 98% (300/305) - Loss: 0.2323
[Client 2, Round 80] Progress: 99% (303/305) - Loss: 0.0955
[Client 2, Round 80] Progress: 100% (305/305) - Loss: 0.1477
[Client 2, Round 80] Train Loss: 0.1227
[Client 2, Round 80] Val Loss: 0.1185 | Val Dice: 0.8819
[Client 2, Round 81] Progress: 0% (3/305) - Loss: 0.1381
[Client 2, Round 81] Progress: 1% (6/305) - Loss: 0.1310
[Client 2, Round 81] Progress: 2% (9/305) - Loss: 0.1839
[Client 2, Round 81] Progress: 3% (12/305) - Loss: 0.0556
[Client 2, Round 81] Progress: 4% (15/305) - Loss: 0.1679
[Client 2, Round 81] Progress: 5% (18/305) - Loss: 0.0974
[Client 2, Round 81] Progress: 6% (21/305) - Loss: 0.1429
[Client 2, Round 81] Progress: 7% (24/305) - Loss: 0.0533
[Client 2, Round 81] Progress: 8% (27/305) - Loss: 0.2448
[Client 2, Round 81] Progress: 9% (30/305) - Loss: 0.1277
[Client 2, Round 81] Progress: 10% (33/305) - Loss: 0.0462
[Client 2, Round 81] Progress: 11% (36/305) - Loss: 0.0767
[Client 2, Round 81] Progress: 12% (39/305) - Loss: 0.0655
[Client 2, Round 81] Progress: 13% (42/305) - Loss: 0.2606
[Client 2, Round 81] Progress: 14% (45/305) - Loss: 0.1931
[Client 2, Round 81] Progress: 15% (48/305) - Loss: 0.1028
[Client 2, Round 81] Progress: 16% (51/305) - Loss: 0.0779
[Client 2, Round 81] Progress: 17% (54/305) - Loss: 0.2228
[Client 2, Round 81] Progress: 18% (57/305) - Loss: 0.0664
[Client 2, Round 81] Progress: 19% (60/305) - Loss: 0.0992
[Client 2, Round 81] Progress: 20% (63/305) - Loss: 0.0928
[Client 2, Round 81] Progress: 21% (66/305) - Loss: 0.0536
[Client 2, Round 81] Progress: 22% (69/305) - Loss: 0.1718
[Client 2, Round 81] Progress: 23% (72/305) - Loss: 0.0702
[Client 2, Round 81] Progress: 24% (75/305) - Loss: 0.1108
[Client 2, Round 81] Progress: 25% (78/305) - Loss: 0.1329
[Client 2, Round 81] Progress: 26% (81/305) - Loss: 0.0590
[Client 2, Round 81] Progress: 27% (84/305) - Loss: 0.0838
[Client 2, Round 81] Progress: 28% (87/305) - Loss: 0.2084
[Client 2, Round 81] Progress: 29% (90/305) - Loss: 0.1936
[Client 2, Round 81] Progress: 30% (93/305) - Loss: 0.1370
[Client 2, Round 81] Progress: 31% (96/305) - Loss: 0.1300
[Client 2, Round 81] Progress: 32% (99/305) - Loss: 0.0520
[Client 2, Round 81] Progress: 33% (102/305) - Loss: 0.0661
[Client 2, Round 81] Progress: 34% (105/305) - Loss: 0.1138
[Client 2, Round 81] Progress: 35% (108/305) - Loss: 0.4235
[Client 2, Round 81] Progress: 36% (111/305) - Loss: 0.0500
[Client 2, Round 81] Progress: 37% (114/305) - Loss: 0.1460
[Client 2, Round 81] Progress: 38% (117/305) - Loss: 0.1312
[Client 2, Round 81] Progress: 39% (120/305) - Loss: 0.0459
[Client 2, Round 81] Progress: 40% (123/305) - Loss: 0.0494
[Client 2, Round 81] Progress: 41% (126/305) - Loss: 0.0605
[Client 2, Round 81] Progress: 42% (129/305) - Loss: 0.1430
[Client 2, Round 81] Progress: 43% (132/305) - Loss: 0.0587
[Client 2, Round 81] Progress: 44% (135/305) - Loss: 0.0869
[Client 2, Round 81] Progress: 45% (138/305) - Loss: 0.0513
[Client 2, Round 81] Progress: 46% (141/305) - Loss: 0.2687
[Client 2, Round 81] Progress: 47% (144/305) - Loss: 0.0604
[Client 2, Round 81] Progress: 48% (147/305) - Loss: 0.0629
[Client 2, Round 81] Progress: 49% (150/305) - Loss: 0.0415
[Client 2, Round 81] Progress: 50% (153/305) - Loss: 0.0591
[Client 2, Round 81] Progress: 51% (156/305) - Loss: 0.1820
[Client 2, Round 81] Progress: 52% (159/305) - Loss: 0.0660
[Client 2, Round 81] Progress: 53% (162/305) - Loss: 0.1332
[Client 2, Round 81] Progress: 54% (165/305) - Loss: 0.1081
[Client 2, Round 81] Progress: 55% (168/305) - Loss: 0.1187
[Client 2, Round 81] Progress: 56% (171/305) - Loss: 0.0450
[Client 2, Round 81] Progress: 57% (174/305) - Loss: 0.0566
[Client 2, Round 81] Progress: 58% (177/305) - Loss: 0.1950
[Client 2, Round 81] Progress: 59% (180/305) - Loss: 0.1224
[Client 2, Round 81] Progress: 60% (183/305) - Loss: 0.0800
[Client 2, Round 81] Progress: 60% (186/305) - Loss: 0.0951
[Client 2, Round 81] Progress: 61% (189/305) - Loss: 0.0987
[Client 2, Round 81] Progress: 62% (192/305) - Loss: 0.0728
[Client 2, Round 81] Progress: 63% (195/305) - Loss: 0.0439
[Client 2, Round 81] Progress: 64% (198/305) - Loss: 0.1023
[Client 2, Round 81] Progress: 65% (201/305) - Loss: 0.0414
[Client 2, Round 81] Progress: 66% (204/305) - Loss: 0.4367
[Client 2, Round 81] Progress: 67% (207/305) - Loss: 0.1018
[Client 2, Round 81] Progress: 68% (210/305) - Loss: 0.0919
[Client 2, Round 81] Progress: 69% (213/305) - Loss: 0.0652
[Client 2, Round 81] Progress: 70% (216/305) - Loss: 0.0936
[Client 2, Round 81] Progress: 71% (219/305) - Loss: 0.2703
[Client 2, Round 81] Progress: 72% (222/305) - Loss: 0.1521
[Client 2, Round 81] Progress: 73% (225/305) - Loss: 0.1220
[Client 2, Round 81] Progress: 74% (228/305) - Loss: 0.4079
[Client 2, Round 81] Progress: 75% (231/305) - Loss: 0.0662
[Client 2, Round 81] Progress: 76% (234/305) - Loss: 0.0694
[Client 2, Round 81] Progress: 77% (237/305) - Loss: 0.1831
[Client 2, Round 81] Progress: 78% (240/305) - Loss: 0.0934
[Client 2, Round 81] Progress: 79% (243/305) - Loss: 0.0791
[Client 2, Round 81] Progress: 80% (246/305) - Loss: 0.1375
[Client 2, Round 81] Progress: 81% (249/305) - Loss: 0.1359
[Client 2, Round 81] Progress: 82% (252/305) - Loss: 0.0793
[Client 2, Round 81] Progress: 83% (255/305) - Loss: 0.0795
[Client 2, Round 81] Progress: 84% (258/305) - Loss: 0.1136
[Client 2, Round 81] Progress: 85% (261/305) - Loss: 0.3597
[Client 2, Round 81] Progress: 86% (264/305) - Loss: 0.0484
[Client 2, Round 81] Progress: 87% (267/305) - Loss: 0.1101
[Client 2, Round 81] Progress: 88% (270/305) - Loss: 0.2326
[Client 2, Round 81] Progress: 89% (273/305) - Loss: 0.0403
[Client 2, Round 81] Progress: 90% (276/305) - Loss: 0.3042
[Client 2, Round 81] Progress: 91% (279/305) - Loss: 0.0991
[Client 2, Round 81] Progress: 92% (282/305) - Loss: 0.1027
[Client 2, Round 81] Progress: 93% (285/305) - Loss: 0.2636
[Client 2, Round 81] Progress: 94% (288/305) - Loss: 0.1746
[Client 2, Round 81] Progress: 95% (291/305) - Loss: 0.0315
[Client 2, Round 81] Progress: 96% (294/305) - Loss: 0.0670
[Client 2, Round 81] Progress: 97% (297/305) - Loss: 0.0841
[Client 2, Round 81] Progress: 98% (300/305) - Loss: 0.1015
[Client 2, Round 81] Progress: 99% (303/305) - Loss: 0.1321
[Client 2, Round 81] Progress: 100% (305/305) - Loss: 0.1497
[Client 2, Round 81] Train Loss: 0.1272
[Client 2, Round 81] Val Loss: 0.1125 | Val Dice: 0.8878
[Client 2, Round 82] Progress: 0% (3/305) - Loss: 0.1957
[Client 2, Round 82] Progress: 1% (6/305) - Loss: 0.1272
[Client 2, Round 82] Progress: 2% (9/305) - Loss: 0.0362
[Client 2, Round 82] Progress: 3% (12/305) - Loss: 0.0688
[Client 2, Round 82] Progress: 4% (15/305) - Loss: 0.1273
[Client 2, Round 82] Progress: 5% (18/305) - Loss: 0.0728
[Client 2, Round 82] Progress: 6% (21/305) - Loss: 0.1323
[Client 2, Round 82] Progress: 7% (24/305) - Loss: 0.1907
[Client 2, Round 82] Progress: 8% (27/305) - Loss: 0.0448
[Client 2, Round 82] Progress: 9% (30/305) - Loss: 0.0891
[Client 2, Round 82] Progress: 10% (33/305) - Loss: 0.0426
[Client 2, Round 82] Progress: 11% (36/305) - Loss: 0.1084
[Client 2, Round 82] Progress: 12% (39/305) - Loss: 0.1023
[Client 2, Round 82] Progress: 13% (42/305) - Loss: 0.0984
[Client 2, Round 82] Progress: 14% (45/305) - Loss: 0.0736
[Client 2, Round 82] Progress: 15% (48/305) - Loss: 0.1435
[Client 2, Round 82] Progress: 16% (51/305) - Loss: 0.1442
[Client 2, Round 82] Progress: 17% (54/305) - Loss: 0.1184
[Client 2, Round 82] Progress: 18% (57/305) - Loss: 0.1253
[Client 2, Round 82] Progress: 19% (60/305) - Loss: 0.1137
[Client 2, Round 82] Progress: 20% (63/305) - Loss: 0.0643
[Client 2, Round 82] Progress: 21% (66/305) - Loss: 0.1334
[Client 2, Round 82] Progress: 22% (69/305) - Loss: 0.0992
[Client 2, Round 82] Progress: 23% (72/305) - Loss: 0.1162
[Client 2, Round 82] Progress: 24% (75/305) - Loss: 0.0829
[Client 2, Round 82] Progress: 25% (78/305) - Loss: 0.0775
[Client 2, Round 82] Progress: 26% (81/305) - Loss: 0.0550
[Client 2, Round 82] Progress: 27% (84/305) - Loss: 0.1625
[Client 2, Round 82] Progress: 28% (87/305) - Loss: 0.1039
[Client 2, Round 82] Progress: 29% (90/305) - Loss: 0.1713
[Client 2, Round 82] Progress: 30% (93/305) - Loss: 0.0613
[Client 2, Round 82] Progress: 31% (96/305) - Loss: 0.0928
[Client 2, Round 82] Progress: 32% (99/305) - Loss: 0.1553
[Client 2, Round 82] Progress: 33% (102/305) - Loss: 0.1041
[Client 2, Round 82] Progress: 34% (105/305) - Loss: 0.0650
[Client 2, Round 82] Progress: 35% (108/305) - Loss: 0.2140
[Client 2, Round 82] Progress: 36% (111/305) - Loss: 0.0779
[Client 2, Round 82] Progress: 37% (114/305) - Loss: 0.0810
[Client 2, Round 82] Progress: 38% (117/305) - Loss: 0.0712
[Client 2, Round 82] Progress: 39% (120/305) - Loss: 0.0694
[Client 2, Round 82] Progress: 40% (123/305) - Loss: 0.0750
[Client 2, Round 82] Progress: 41% (126/305) - Loss: 0.0582
[Client 2, Round 82] Progress: 42% (129/305) - Loss: 0.2198
[Client 2, Round 82] Progress: 43% (132/305) - Loss: 0.1613
[Client 2, Round 82] Progress: 44% (135/305) - Loss: 0.0709
[Client 2, Round 82] Progress: 45% (138/305) - Loss: 0.0857
[Client 2, Round 82] Progress: 46% (141/305) - Loss: 0.0433
[Client 2, Round 82] Progress: 47% (144/305) - Loss: 0.1147
[Client 2, Round 82] Progress: 48% (147/305) - Loss: 0.1483
[Client 2, Round 82] Progress: 49% (150/305) - Loss: 0.1571
[Client 2, Round 82] Progress: 50% (153/305) - Loss: 0.0671
[Client 2, Round 82] Progress: 51% (156/305) - Loss: 0.1079
[Client 2, Round 82] Progress: 52% (159/305) - Loss: 0.1962
[Client 2, Round 82] Progress: 53% (162/305) - Loss: 0.0627
[Client 2, Round 82] Progress: 54% (165/305) - Loss: 0.0669
[Client 2, Round 82] Progress: 55% (168/305) - Loss: 0.0532
[Client 2, Round 82] Progress: 56% (171/305) - Loss: 0.1266
[Client 2, Round 82] Progress: 57% (174/305) - Loss: 0.3054
[Client 2, Round 82] Progress: 58% (177/305) - Loss: 0.1526
[Client 2, Round 82] Progress: 59% (180/305) - Loss: 0.1040
[Client 2, Round 82] Progress: 60% (183/305) - Loss: 0.1600
[Client 2, Round 82] Progress: 60% (186/305) - Loss: 0.1302
[Client 2, Round 82] Progress: 61% (189/305) - Loss: 0.1289
[Client 2, Round 82] Progress: 62% (192/305) - Loss: 0.0908
[Client 2, Round 82] Progress: 63% (195/305) - Loss: 0.0346
[Client 2, Round 82] Progress: 64% (198/305) - Loss: 0.0787
[Client 2, Round 82] Progress: 65% (201/305) - Loss: 0.0654
[Client 2, Round 82] Progress: 66% (204/305) - Loss: 0.0884
[Client 2, Round 82] Progress: 67% (207/305) - Loss: 0.0333
[Client 2, Round 82] Progress: 68% (210/305) - Loss: 0.1828
[Client 2, Round 82] Progress: 69% (213/305) - Loss: 0.0674
[Client 2, Round 82] Progress: 70% (216/305) - Loss: 0.0638
[Client 2, Round 82] Progress: 71% (219/305) - Loss: 0.0649
[Client 2, Round 82] Progress: 72% (222/305) - Loss: 0.0445
[Client 2, Round 82] Progress: 73% (225/305) - Loss: 0.0921
[Client 2, Round 82] Progress: 74% (228/305) - Loss: 0.2311
[Client 2, Round 82] Progress: 75% (231/305) - Loss: 0.1677
[Client 2, Round 82] Progress: 76% (234/305) - Loss: 0.1574
[Client 2, Round 82] Progress: 77% (237/305) - Loss: 0.0741
[Client 2, Round 82] Progress: 78% (240/305) - Loss: 0.0962
[Client 2, Round 82] Progress: 79% (243/305) - Loss: 0.1504
[Client 2, Round 82] Progress: 80% (246/305) - Loss: 0.1674
[Client 2, Round 82] Progress: 81% (249/305) - Loss: 0.2655
[Client 2, Round 82] Progress: 82% (252/305) - Loss: 0.1672
[Client 2, Round 82] Progress: 83% (255/305) - Loss: 0.0704
[Client 2, Round 82] Progress: 84% (258/305) - Loss: 0.1402
[Client 2, Round 82] Progress: 85% (261/305) - Loss: 0.5029
[Client 2, Round 82] Progress: 86% (264/305) - Loss: 0.0610
[Client 2, Round 82] Progress: 87% (267/305) - Loss: 0.0426
[Client 2, Round 82] Progress: 88% (270/305) - Loss: 0.1620
[Client 2, Round 82] Progress: 89% (273/305) - Loss: 0.0411
[Client 2, Round 82] Progress: 90% (276/305) - Loss: 0.1111
[Client 2, Round 82] Progress: 91% (279/305) - Loss: 0.0558
[Client 2, Round 82] Progress: 92% (282/305) - Loss: 0.1339
[Client 2, Round 82] Progress: 93% (285/305) - Loss: 0.1066
[Client 2, Round 82] Progress: 94% (288/305) - Loss: 0.0624
[Client 2, Round 82] Progress: 95% (291/305) - Loss: 0.0730
[Client 2, Round 82] Progress: 96% (294/305) - Loss: 0.1237
[Client 2, Round 82] Progress: 97% (297/305) - Loss: 0.0441
[Client 2, Round 82] Progress: 98% (300/305) - Loss: 0.0846
[Client 2, Round 82] Progress: 99% (303/305) - Loss: 0.0885
[Client 2, Round 82] Progress: 100% (305/305) - Loss: 0.1220
[Client 2, Round 82] Train Loss: 0.1188
[Client 2, Round 82] Val Loss: 0.1089 | Val Dice: 0.8926
[Client 2, Round 83] Progress: 0% (3/305) - Loss: 0.1122
[Client 2, Round 83] Progress: 1% (6/305) - Loss: 0.0590
[Client 2, Round 83] Progress: 2% (9/305) - Loss: 0.0429
[Client 2, Round 83] Progress: 3% (12/305) - Loss: 0.0422
[Client 2, Round 83] Progress: 4% (15/305) - Loss: 0.1092
[Client 2, Round 83] Progress: 5% (18/305) - Loss: 0.0738
[Client 2, Round 83] Progress: 6% (21/305) - Loss: 0.0821
[Client 2, Round 83] Progress: 7% (24/305) - Loss: 0.1110
[Client 2, Round 83] Progress: 8% (27/305) - Loss: 0.0465
[Client 2, Round 83] Progress: 9% (30/305) - Loss: 0.0854
[Client 2, Round 83] Progress: 10% (33/305) - Loss: 0.1329
[Client 2, Round 83] Progress: 11% (36/305) - Loss: 0.1756
[Client 2, Round 83] Progress: 12% (39/305) - Loss: 0.0502
[Client 2, Round 83] Progress: 13% (42/305) - Loss: 0.0669
[Client 2, Round 83] Progress: 14% (45/305) - Loss: 0.0558
[Client 2, Round 83] Progress: 15% (48/305) - Loss: 0.0584
[Client 2, Round 83] Progress: 16% (51/305) - Loss: 0.0774
[Client 2, Round 83] Progress: 17% (54/305) - Loss: 0.0359
[Client 2, Round 83] Progress: 18% (57/305) - Loss: 0.1140
[Client 2, Round 83] Progress: 19% (60/305) - Loss: 0.0535
[Client 2, Round 83] Progress: 20% (63/305) - Loss: 0.1544
[Client 2, Round 83] Progress: 21% (66/305) - Loss: 0.1711
[Client 2, Round 83] Progress: 22% (69/305) - Loss: 0.1228
[Client 2, Round 83] Progress: 23% (72/305) - Loss: 0.1226
[Client 2, Round 83] Progress: 24% (75/305) - Loss: 0.0435
[Client 2, Round 83] Progress: 25% (78/305) - Loss: 0.2225
[Client 2, Round 83] Progress: 26% (81/305) - Loss: 0.0469
[Client 2, Round 83] Progress: 27% (84/305) - Loss: 0.0688
[Client 2, Round 83] Progress: 28% (87/305) - Loss: 0.0901
[Client 2, Round 83] Progress: 29% (90/305) - Loss: 0.0916
[Client 2, Round 83] Progress: 30% (93/305) - Loss: 0.0527
[Client 2, Round 83] Progress: 31% (96/305) - Loss: 0.1134
[Client 2, Round 83] Progress: 32% (99/305) - Loss: 0.1409
[Client 2, Round 83] Progress: 33% (102/305) - Loss: 0.0480
[Client 2, Round 83] Progress: 34% (105/305) - Loss: 0.0639
[Client 2, Round 83] Progress: 35% (108/305) - Loss: 0.1011
[Client 2, Round 83] Progress: 36% (111/305) - Loss: 0.1528
[Client 2, Round 83] Progress: 37% (114/305) - Loss: 0.1125
[Client 2, Round 83] Progress: 38% (117/305) - Loss: 0.0640
[Client 2, Round 83] Progress: 39% (120/305) - Loss: 0.1308
[Client 2, Round 83] Progress: 40% (123/305) - Loss: 0.1533
[Client 2, Round 83] Progress: 41% (126/305) - Loss: 0.1752
[Client 2, Round 83] Progress: 42% (129/305) - Loss: 0.1920
[Client 2, Round 83] Progress: 43% (132/305) - Loss: 0.0874
[Client 2, Round 83] Progress: 44% (135/305) - Loss: 0.2647
[Client 2, Round 83] Progress: 45% (138/305) - Loss: 0.0275
[Client 2, Round 83] Progress: 46% (141/305) - Loss: 0.0878
[Client 2, Round 83] Progress: 47% (144/305) - Loss: 0.0622
[Client 2, Round 83] Progress: 48% (147/305) - Loss: 0.1536
[Client 2, Round 83] Progress: 49% (150/305) - Loss: 0.1284
[Client 2, Round 83] Progress: 50% (153/305) - Loss: 0.0709
[Client 2, Round 83] Progress: 51% (156/305) - Loss: 0.0797
[Client 2, Round 83] Progress: 52% (159/305) - Loss: 0.1175
[Client 2, Round 83] Progress: 53% (162/305) - Loss: 0.0391
[Client 2, Round 83] Progress: 54% (165/305) - Loss: 0.1067
[Client 2, Round 83] Progress: 55% (168/305) - Loss: 0.0785
[Client 2, Round 83] Progress: 56% (171/305) - Loss: 0.5328
[Client 2, Round 83] Progress: 57% (174/305) - Loss: 0.1591
[Client 2, Round 83] Progress: 58% (177/305) - Loss: 0.0787
[Client 2, Round 83] Progress: 59% (180/305) - Loss: 0.1849
[Client 2, Round 83] Progress: 60% (183/305) - Loss: 0.1473
[Client 2, Round 83] Progress: 60% (186/305) - Loss: 0.1498
[Client 2, Round 83] Progress: 61% (189/305) - Loss: 0.0840
[Client 2, Round 83] Progress: 62% (192/305) - Loss: 0.1032
[Client 2, Round 83] Progress: 63% (195/305) - Loss: 0.0940
[Client 2, Round 83] Progress: 64% (198/305) - Loss: 0.2035
[Client 2, Round 83] Progress: 65% (201/305) - Loss: 0.2061
[Client 2, Round 83] Progress: 66% (204/305) - Loss: 0.7944
[Client 2, Round 83] Progress: 67% (207/305) - Loss: 0.2313
[Client 2, Round 83] Progress: 68% (210/305) - Loss: 0.1206
[Client 2, Round 83] Progress: 69% (213/305) - Loss: 0.1653
[Client 2, Round 83] Progress: 70% (216/305) - Loss: 0.1108
[Client 2, Round 83] Progress: 71% (219/305) - Loss: 0.0725
[Client 2, Round 83] Progress: 72% (222/305) - Loss: 0.0902
[Client 2, Round 83] Progress: 73% (225/305) - Loss: 0.0787
[Client 2, Round 83] Progress: 74% (228/305) - Loss: 0.0721
[Client 2, Round 83] Progress: 75% (231/305) - Loss: 0.0796
[Client 2, Round 83] Progress: 76% (234/305) - Loss: 0.0380
[Client 2, Round 83] Progress: 77% (237/305) - Loss: 0.0739
[Client 2, Round 83] Progress: 78% (240/305) - Loss: 0.1025
[Client 2, Round 83] Progress: 79% (243/305) - Loss: 0.1260
[Client 2, Round 83] Progress: 80% (246/305) - Loss: 0.2737
[Client 2, Round 83] Progress: 81% (249/305) - Loss: 0.0509
[Client 2, Round 83] Progress: 82% (252/305) - Loss: 0.1224
[Client 2, Round 83] Progress: 83% (255/305) - Loss: 0.0475
[Client 2, Round 83] Progress: 84% (258/305) - Loss: 0.0803
[Client 2, Round 83] Progress: 85% (261/305) - Loss: 0.0616
[Client 2, Round 83] Progress: 86% (264/305) - Loss: 0.1281
[Client 2, Round 83] Progress: 87% (267/305) - Loss: 0.0755
[Client 2, Round 83] Progress: 88% (270/305) - Loss: 0.1114
[Client 2, Round 83] Progress: 89% (273/305) - Loss: 0.1717
[Client 2, Round 83] Progress: 90% (276/305) - Loss: 0.0847
[Client 2, Round 83] Progress: 91% (279/305) - Loss: 0.1960
[Client 2, Round 83] Progress: 92% (282/305) - Loss: 0.0308
[Client 2, Round 83] Progress: 93% (285/305) - Loss: 0.2165
[Client 2, Round 83] Progress: 94% (288/305) - Loss: 0.1158
[Client 2, Round 83] Progress: 95% (291/305) - Loss: 0.0688
[Client 2, Round 83] Progress: 96% (294/305) - Loss: 0.1200
[Client 2, Round 83] Progress: 97% (297/305) - Loss: 0.0888
[Client 2, Round 83] Progress: 98% (300/305) - Loss: 0.0668
[Client 2, Round 83] Progress: 99% (303/305) - Loss: 0.0778
[Client 2, Round 83] Progress: 100% (305/305) - Loss: 0.2056
[Client 2, Round 83] Train Loss: 0.1253
[Client 2, Round 83] Val Loss: 0.1198 | Val Dice: 0.8795
[Client 2, Round 84] Progress: 0% (3/305) - Loss: 0.1151
[Client 2, Round 84] Progress: 1% (6/305) - Loss: 0.0965
[Client 2, Round 84] Progress: 2% (9/305) - Loss: 0.1355
[Client 2, Round 84] Progress: 3% (12/305) - Loss: 0.7043
[Client 2, Round 84] Progress: 4% (15/305) - Loss: 0.0809
[Client 2, Round 84] Progress: 5% (18/305) - Loss: 0.0326
[Client 2, Round 84] Progress: 6% (21/305) - Loss: 0.0618
[Client 2, Round 84] Progress: 7% (24/305) - Loss: 0.0949
[Client 2, Round 84] Progress: 8% (27/305) - Loss: 0.1197
[Client 2, Round 84] Progress: 9% (30/305) - Loss: 0.0800
[Client 2, Round 84] Progress: 10% (33/305) - Loss: 0.1064
[Client 2, Round 84] Progress: 11% (36/305) - Loss: 0.0580
[Client 2, Round 84] Progress: 12% (39/305) - Loss: 0.0697
[Client 2, Round 84] Progress: 13% (42/305) - Loss: 0.1141
[Client 2, Round 84] Progress: 14% (45/305) - Loss: 0.0775
[Client 2, Round 84] Progress: 15% (48/305) - Loss: 0.1210
[Client 2, Round 84] Progress: 16% (51/305) - Loss: 0.0655
[Client 2, Round 84] Progress: 17% (54/305) - Loss: 0.1167
[Client 2, Round 84] Progress: 18% (57/305) - Loss: 0.1040
[Client 2, Round 84] Progress: 19% (60/305) - Loss: 0.1150
[Client 2, Round 84] Progress: 20% (63/305) - Loss: 0.1614
[Client 2, Round 84] Progress: 21% (66/305) - Loss: 0.1118
[Client 2, Round 84] Progress: 22% (69/305) - Loss: 0.1146
[Client 2, Round 84] Progress: 23% (72/305) - Loss: 0.1547
[Client 2, Round 84] Progress: 24% (75/305) - Loss: 0.1105
[Client 2, Round 84] Progress: 25% (78/305) - Loss: 0.1657
[Client 2, Round 84] Progress: 26% (81/305) - Loss: 0.1445
[Client 2, Round 84] Progress: 27% (84/305) - Loss: 0.0698
[Client 2, Round 84] Progress: 28% (87/305) - Loss: 0.1695
[Client 2, Round 84] Progress: 29% (90/305) - Loss: 0.0584
[Client 2, Round 84] Progress: 30% (93/305) - Loss: 0.1027
[Client 2, Round 84] Progress: 31% (96/305) - Loss: 0.7912
[Client 2, Round 84] Progress: 32% (99/305) - Loss: 0.0319
[Client 2, Round 84] Progress: 33% (102/305) - Loss: 0.0735
[Client 2, Round 84] Progress: 34% (105/305) - Loss: 0.0683
[Client 2, Round 84] Progress: 35% (108/305) - Loss: 0.0554
[Client 2, Round 84] Progress: 36% (111/305) - Loss: 0.0682
[Client 2, Round 84] Progress: 37% (114/305) - Loss: 0.0421
[Client 2, Round 84] Progress: 38% (117/305) - Loss: 0.0643
[Client 2, Round 84] Progress: 39% (120/305) - Loss: 0.1819
[Client 2, Round 84] Progress: 40% (123/305) - Loss: 0.1426
[Client 2, Round 84] Progress: 41% (126/305) - Loss: 0.0995
[Client 2, Round 84] Progress: 42% (129/305) - Loss: 0.1431
[Client 2, Round 84] Progress: 43% (132/305) - Loss: 0.1011
[Client 2, Round 84] Progress: 44% (135/305) - Loss: 0.1195
[Client 2, Round 84] Progress: 45% (138/305) - Loss: 0.2575
[Client 2, Round 84] Progress: 46% (141/305) - Loss: 0.0778
[Client 2, Round 84] Progress: 47% (144/305) - Loss: 0.2161
[Client 2, Round 84] Progress: 48% (147/305) - Loss: 0.1259
[Client 2, Round 84] Progress: 49% (150/305) - Loss: 0.1665
[Client 2, Round 84] Progress: 50% (153/305) - Loss: 0.0454
[Client 2, Round 84] Progress: 51% (156/305) - Loss: 0.0825
[Client 2, Round 84] Progress: 52% (159/305) - Loss: 0.0893
[Client 2, Round 84] Progress: 53% (162/305) - Loss: 0.2261
[Client 2, Round 84] Progress: 54% (165/305) - Loss: 0.0837
[Client 2, Round 84] Progress: 55% (168/305) - Loss: 0.1567
[Client 2, Round 84] Progress: 56% (171/305) - Loss: 0.2109
[Client 2, Round 84] Progress: 57% (174/305) - Loss: 0.0847
[Client 2, Round 84] Progress: 58% (177/305) - Loss: 0.0715
[Client 2, Round 84] Progress: 59% (180/305) - Loss: 0.1902
[Client 2, Round 84] Progress: 60% (183/305) - Loss: 0.2081
[Client 2, Round 84] Progress: 60% (186/305) - Loss: 0.0812
[Client 2, Round 84] Progress: 61% (189/305) - Loss: 0.0697
[Client 2, Round 84] Progress: 62% (192/305) - Loss: 0.0515
[Client 2, Round 84] Progress: 63% (195/305) - Loss: 0.0765
[Client 2, Round 84] Progress: 64% (198/305) - Loss: 0.0922
[Client 2, Round 84] Progress: 65% (201/305) - Loss: 0.0677
[Client 2, Round 84] Progress: 66% (204/305) - Loss: 0.1783
[Client 2, Round 84] Progress: 67% (207/305) - Loss: 0.1019
[Client 2, Round 84] Progress: 68% (210/305) - Loss: 0.0842
[Client 2, Round 84] Progress: 69% (213/305) - Loss: 0.0960
[Client 2, Round 84] Progress: 70% (216/305) - Loss: 0.1496
[Client 2, Round 84] Progress: 71% (219/305) - Loss: 0.0761
[Client 2, Round 84] Progress: 72% (222/305) - Loss: 0.0440
[Client 2, Round 84] Progress: 73% (225/305) - Loss: 0.0644
[Client 2, Round 84] Progress: 74% (228/305) - Loss: 0.1166
[Client 2, Round 84] Progress: 75% (231/305) - Loss: 0.1317
[Client 2, Round 84] Progress: 76% (234/305) - Loss: 0.1969
[Client 2, Round 84] Progress: 77% (237/305) - Loss: 0.1588
[Client 2, Round 84] Progress: 78% (240/305) - Loss: 0.1825
[Client 2, Round 84] Progress: 79% (243/305) - Loss: 0.1024
[Client 2, Round 84] Progress: 80% (246/305) - Loss: 0.0401
[Client 2, Round 84] Progress: 81% (249/305) - Loss: 0.5914
[Client 2, Round 84] Progress: 82% (252/305) - Loss: 0.3251
[Client 2, Round 84] Progress: 83% (255/305) - Loss: 0.1137
[Client 2, Round 84] Progress: 84% (258/305) - Loss: 0.3898
[Client 2, Round 84] Progress: 85% (261/305) - Loss: 0.1349
[Client 2, Round 84] Progress: 86% (264/305) - Loss: 0.0795
[Client 2, Round 84] Progress: 87% (267/305) - Loss: 0.1266
[Client 2, Round 84] Progress: 88% (270/305) - Loss: 0.1204
[Client 2, Round 84] Progress: 89% (273/305) - Loss: 0.1049
[Client 2, Round 84] Progress: 90% (276/305) - Loss: 0.0767
[Client 2, Round 84] Progress: 91% (279/305) - Loss: 0.1278
[Client 2, Round 84] Progress: 92% (282/305) - Loss: 0.5585
[Client 2, Round 84] Progress: 93% (285/305) - Loss: 0.1358
[Client 2, Round 84] Progress: 94% (288/305) - Loss: 0.0604
[Client 2, Round 84] Progress: 95% (291/305) - Loss: 0.0863
[Client 2, Round 84] Progress: 96% (294/305) - Loss: 0.2140
[Client 2, Round 84] Progress: 97% (297/305) - Loss: 0.0767
[Client 2, Round 84] Progress: 98% (300/305) - Loss: 0.0630
[Client 2, Round 84] Progress: 99% (303/305) - Loss: 0.0512
[Client 2, Round 84] Progress: 100% (305/305) - Loss: 0.1446
[Client 2, Round 84] Train Loss: 0.1232
[Client 2, Round 84] Val Loss: 0.1099 | Val Dice: 0.8912
[Client 2, Round 85] Progress: 0% (3/305) - Loss: 0.1842
[Client 2, Round 85] Progress: 1% (6/305) - Loss: 0.0431
[Client 2, Round 85] Progress: 2% (9/305) - Loss: 0.1355
[Client 2, Round 85] Progress: 3% (12/305) - Loss: 0.0469
[Client 2, Round 85] Progress: 4% (15/305) - Loss: 0.0869
[Client 2, Round 85] Progress: 5% (18/305) - Loss: 0.0688
[Client 2, Round 85] Progress: 6% (21/305) - Loss: 0.1424
[Client 2, Round 85] Progress: 7% (24/305) - Loss: 0.1629
[Client 2, Round 85] Progress: 8% (27/305) - Loss: 0.2781
[Client 2, Round 85] Progress: 9% (30/305) - Loss: 0.0526
[Client 2, Round 85] Progress: 10% (33/305) - Loss: 0.1406
[Client 2, Round 85] Progress: 11% (36/305) - Loss: 0.1211
[Client 2, Round 85] Progress: 12% (39/305) - Loss: 0.0724
[Client 2, Round 85] Progress: 13% (42/305) - Loss: 0.3998
[Client 2, Round 85] Progress: 14% (45/305) - Loss: 0.1140
[Client 2, Round 85] Progress: 15% (48/305) - Loss: 0.1212
[Client 2, Round 85] Progress: 16% (51/305) - Loss: 0.1723
[Client 2, Round 85] Progress: 17% (54/305) - Loss: 0.0766
[Client 2, Round 85] Progress: 18% (57/305) - Loss: 0.0752
[Client 2, Round 85] Progress: 19% (60/305) - Loss: 0.0626
[Client 2, Round 85] Progress: 20% (63/305) - Loss: 0.2563
[Client 2, Round 85] Progress: 21% (66/305) - Loss: 0.1725
[Client 2, Round 85] Progress: 22% (69/305) - Loss: 0.1015
[Client 2, Round 85] Progress: 23% (72/305) - Loss: 0.1993
[Client 2, Round 85] Progress: 24% (75/305) - Loss: 0.2344
[Client 2, Round 85] Progress: 25% (78/305) - Loss: 0.1534
[Client 2, Round 85] Progress: 26% (81/305) - Loss: 0.0302
[Client 2, Round 85] Progress: 27% (84/305) - Loss: 0.4293
[Client 2, Round 85] Progress: 28% (87/305) - Loss: 0.0707
[Client 2, Round 85] Progress: 29% (90/305) - Loss: 0.0955
[Client 2, Round 85] Progress: 30% (93/305) - Loss: 0.2328
[Client 2, Round 85] Progress: 31% (96/305) - Loss: 0.1179
[Client 2, Round 85] Progress: 32% (99/305) - Loss: 0.0558
[Client 2, Round 85] Progress: 33% (102/305) - Loss: 0.0620
[Client 2, Round 85] Progress: 34% (105/305) - Loss: 0.1117
[Client 2, Round 85] Progress: 35% (108/305) - Loss: 0.1109
[Client 2, Round 85] Progress: 36% (111/305) - Loss: 0.1040
[Client 2, Round 85] Progress: 37% (114/305) - Loss: 0.0803
[Client 2, Round 85] Progress: 38% (117/305) - Loss: 0.1063
[Client 2, Round 85] Progress: 39% (120/305) - Loss: 0.1553
[Client 2, Round 85] Progress: 40% (123/305) - Loss: 0.1143
[Client 2, Round 85] Progress: 41% (126/305) - Loss: 0.0552
[Client 2, Round 85] Progress: 42% (129/305) - Loss: 0.0674
[Client 2, Round 85] Progress: 43% (132/305) - Loss: 0.0871
[Client 2, Round 85] Progress: 44% (135/305) - Loss: 0.0738
[Client 2, Round 85] Progress: 45% (138/305) - Loss: 0.0566
[Client 2, Round 85] Progress: 46% (141/305) - Loss: 0.1516
[Client 2, Round 85] Progress: 47% (144/305) - Loss: 0.1571
[Client 2, Round 85] Progress: 48% (147/305) - Loss: 0.1191
[Client 2, Round 85] Progress: 49% (150/305) - Loss: 0.4981
[Client 2, Round 85] Progress: 50% (153/305) - Loss: 0.2180
[Client 2, Round 85] Progress: 51% (156/305) - Loss: 0.3529
[Client 2, Round 85] Progress: 52% (159/305) - Loss: 0.0952
[Client 2, Round 85] Progress: 53% (162/305) - Loss: 0.0779
[Client 2, Round 85] Progress: 54% (165/305) - Loss: 0.0625
[Client 2, Round 85] Progress: 55% (168/305) - Loss: 0.1261
[Client 2, Round 85] Progress: 56% (171/305) - Loss: 0.1152
[Client 2, Round 85] Progress: 57% (174/305) - Loss: 0.1567
[Client 2, Round 85] Progress: 58% (177/305) - Loss: 0.1740
[Client 2, Round 85] Progress: 59% (180/305) - Loss: 0.0644
[Client 2, Round 85] Progress: 60% (183/305) - Loss: 0.7126
[Client 2, Round 85] Progress: 60% (186/305) - Loss: 0.0877
[Client 2, Round 85] Progress: 61% (189/305) - Loss: 0.0821
[Client 2, Round 85] Progress: 62% (192/305) - Loss: 0.1477
[Client 2, Round 85] Progress: 63% (195/305) - Loss: 0.1574
[Client 2, Round 85] Progress: 64% (198/305) - Loss: 0.0888
[Client 2, Round 85] Progress: 65% (201/305) - Loss: 0.1001
[Client 2, Round 85] Progress: 66% (204/305) - Loss: 0.1732
[Client 2, Round 85] Progress: 67% (207/305) - Loss: 0.0973
[Client 2, Round 85] Progress: 68% (210/305) - Loss: 0.1382
[Client 2, Round 85] Progress: 69% (213/305) - Loss: 0.0510
[Client 2, Round 85] Progress: 70% (216/305) - Loss: 0.0575
[Client 2, Round 85] Progress: 71% (219/305) - Loss: 0.1771
[Client 2, Round 85] Progress: 72% (222/305) - Loss: 0.0659
[Client 2, Round 85] Progress: 73% (225/305) - Loss: 0.0773
[Client 2, Round 85] Progress: 74% (228/305) - Loss: 0.1710
[Client 2, Round 85] Progress: 75% (231/305) - Loss: 0.1536
[Client 2, Round 85] Progress: 76% (234/305) - Loss: 0.0635
[Client 2, Round 85] Progress: 77% (237/305) - Loss: 0.1203
[Client 2, Round 85] Progress: 78% (240/305) - Loss: 0.0928
[Client 2, Round 85] Progress: 79% (243/305) - Loss: 0.1418
[Client 2, Round 85] Progress: 80% (246/305) - Loss: 0.1057
[Client 2, Round 85] Progress: 81% (249/305) - Loss: 0.1142
[Client 2, Round 85] Progress: 82% (252/305) - Loss: 0.2554
[Client 2, Round 85] Progress: 83% (255/305) - Loss: 0.0282
[Client 2, Round 85] Progress: 84% (258/305) - Loss: 0.0516
[Client 2, Round 85] Progress: 85% (261/305) - Loss: 0.1864
[Client 2, Round 85] Progress: 86% (264/305) - Loss: 0.7827
[Client 2, Round 85] Progress: 87% (267/305) - Loss: 0.0940
[Client 2, Round 85] Progress: 88% (270/305) - Loss: 0.0325
[Client 2, Round 85] Progress: 89% (273/305) - Loss: 0.0635
[Client 2, Round 85] Progress: 90% (276/305) - Loss: 0.1272
[Client 2, Round 85] Progress: 91% (279/305) - Loss: 0.0654
[Client 2, Round 85] Progress: 92% (282/305) - Loss: 0.0849
[Client 2, Round 85] Progress: 93% (285/305) - Loss: 0.0680
[Client 2, Round 85] Progress: 94% (288/305) - Loss: 0.1803
[Client 2, Round 85] Progress: 95% (291/305) - Loss: 0.2570
[Client 2, Round 85] Progress: 96% (294/305) - Loss: 0.1715
[Client 2, Round 85] Progress: 97% (297/305) - Loss: 0.0662
[Client 2, Round 85] Progress: 98% (300/305) - Loss: 0.0682
[Client 2, Round 85] Progress: 99% (303/305) - Loss: 0.0674
[Client 2, Round 85] Progress: 100% (305/305) - Loss: 0.0770
[Client 2, Round 85] Train Loss: 0.1286
[Client 2, Round 85] Val Loss: 0.1223 | Val Dice: 0.8789
[Client 2, Round 86] Progress: 0% (3/305) - Loss: 0.1849
[Client 2, Round 86] Progress: 1% (6/305) - Loss: 0.1136
[Client 2, Round 86] Progress: 2% (9/305) - Loss: 0.0690
[Client 2, Round 86] Progress: 3% (12/305) - Loss: 0.0652
[Client 2, Round 86] Progress: 4% (15/305) - Loss: 0.2824
[Client 2, Round 86] Progress: 5% (18/305) - Loss: 0.2426
[Client 2, Round 86] Progress: 6% (21/305) - Loss: 0.1001
[Client 2, Round 86] Progress: 7% (24/305) - Loss: 0.0605
[Client 2, Round 86] Progress: 8% (27/305) - Loss: 0.1634
[Client 2, Round 86] Progress: 9% (30/305) - Loss: 0.1248
[Client 2, Round 86] Progress: 10% (33/305) - Loss: 0.1261
[Client 2, Round 86] Progress: 11% (36/305) - Loss: 0.1302
[Client 2, Round 86] Progress: 12% (39/305) - Loss: 0.1411
[Client 2, Round 86] Progress: 13% (42/305) - Loss: 0.2045
[Client 2, Round 86] Progress: 14% (45/305) - Loss: 0.0689
[Client 2, Round 86] Progress: 15% (48/305) - Loss: 0.0508
[Client 2, Round 86] Progress: 16% (51/305) - Loss: 0.1854
[Client 2, Round 86] Progress: 17% (54/305) - Loss: 0.1035
[Client 2, Round 86] Progress: 18% (57/305) - Loss: 0.1208
[Client 2, Round 86] Progress: 19% (60/305) - Loss: 0.1735
[Client 2, Round 86] Progress: 20% (63/305) - Loss: 0.1425
[Client 2, Round 86] Progress: 21% (66/305) - Loss: 0.1357
[Client 2, Round 86] Progress: 22% (69/305) - Loss: 0.1052
[Client 2, Round 86] Progress: 23% (72/305) - Loss: 0.0461
[Client 2, Round 86] Progress: 24% (75/305) - Loss: 0.0823
[Client 2, Round 86] Progress: 25% (78/305) - Loss: 0.0672
[Client 2, Round 86] Progress: 26% (81/305) - Loss: 0.1105
[Client 2, Round 86] Progress: 27% (84/305) - Loss: 0.1126
[Client 2, Round 86] Progress: 28% (87/305) - Loss: 0.0475
[Client 2, Round 86] Progress: 29% (90/305) - Loss: 0.0691
[Client 2, Round 86] Progress: 30% (93/305) - Loss: 0.0288
[Client 2, Round 86] Progress: 31% (96/305) - Loss: 0.0880
[Client 2, Round 86] Progress: 32% (99/305) - Loss: 0.1115
[Client 2, Round 86] Progress: 33% (102/305) - Loss: 0.1792
[Client 2, Round 86] Progress: 34% (105/305) - Loss: 0.1188
[Client 2, Round 86] Progress: 35% (108/305) - Loss: 0.1576
[Client 2, Round 86] Progress: 36% (111/305) - Loss: 0.1088
[Client 2, Round 86] Progress: 37% (114/305) - Loss: 0.0985
[Client 2, Round 86] Progress: 38% (117/305) - Loss: 0.1193
[Client 2, Round 86] Progress: 39% (120/305) - Loss: 0.0742
[Client 2, Round 86] Progress: 40% (123/305) - Loss: 0.0975
[Client 2, Round 86] Progress: 41% (126/305) - Loss: 0.0856
[Client 2, Round 86] Progress: 42% (129/305) - Loss: 0.1395
[Client 2, Round 86] Progress: 43% (132/305) - Loss: 0.1881
[Client 2, Round 86] Progress: 44% (135/305) - Loss: 0.0790
[Client 2, Round 86] Progress: 45% (138/305) - Loss: 0.0807
[Client 2, Round 86] Progress: 46% (141/305) - Loss: 0.1422
[Client 2, Round 86] Progress: 47% (144/305) - Loss: 0.0699
[Client 2, Round 86] Progress: 48% (147/305) - Loss: 0.1000
[Client 2, Round 86] Progress: 49% (150/305) - Loss: 0.6052
[Client 2, Round 86] Progress: 50% (153/305) - Loss: 0.1724
[Client 2, Round 86] Progress: 51% (156/305) - Loss: 0.3025
[Client 2, Round 86] Progress: 52% (159/305) - Loss: 0.1880
[Client 2, Round 86] Progress: 53% (162/305) - Loss: 0.0793
[Client 2, Round 86] Progress: 54% (165/305) - Loss: 0.0624
[Client 2, Round 86] Progress: 55% (168/305) - Loss: 0.2315
[Client 2, Round 86] Progress: 56% (171/305) - Loss: 0.0701
[Client 2, Round 86] Progress: 57% (174/305) - Loss: 0.0672
[Client 2, Round 86] Progress: 58% (177/305) - Loss: 0.1041
[Client 2, Round 86] Progress: 59% (180/305) - Loss: 0.0735
[Client 2, Round 86] Progress: 60% (183/305) - Loss: 0.0687
[Client 2, Round 86] Progress: 60% (186/305) - Loss: 0.0829
[Client 2, Round 86] Progress: 61% (189/305) - Loss: 0.0539
[Client 2, Round 86] Progress: 62% (192/305) - Loss: 0.1188
[Client 2, Round 86] Progress: 63% (195/305) - Loss: 0.6781
[Client 2, Round 86] Progress: 64% (198/305) - Loss: 0.1149
[Client 2, Round 86] Progress: 65% (201/305) - Loss: 0.1163
[Client 2, Round 86] Progress: 66% (204/305) - Loss: 0.1881
[Client 2, Round 86] Progress: 67% (207/305) - Loss: 0.1278
[Client 2, Round 86] Progress: 68% (210/305) - Loss: 0.1333
[Client 2, Round 86] Progress: 69% (213/305) - Loss: 0.1891
[Client 2, Round 86] Progress: 70% (216/305) - Loss: 0.1981
[Client 2, Round 86] Progress: 71% (219/305) - Loss: 0.0935
[Client 2, Round 86] Progress: 72% (222/305) - Loss: 0.0898
[Client 2, Round 86] Progress: 73% (225/305) - Loss: 0.0871
[Client 2, Round 86] Progress: 74% (228/305) - Loss: 0.1133
[Client 2, Round 86] Progress: 75% (231/305) - Loss: 0.1293
[Client 2, Round 86] Progress: 76% (234/305) - Loss: 0.0623
[Client 2, Round 86] Progress: 77% (237/305) - Loss: 0.0882
[Client 2, Round 86] Progress: 78% (240/305) - Loss: 0.0663
[Client 2, Round 86] Progress: 79% (243/305) - Loss: 0.0461
[Client 2, Round 86] Progress: 80% (246/305) - Loss: 0.0647
[Client 2, Round 86] Progress: 81% (249/305) - Loss: 0.0788
[Client 2, Round 86] Progress: 82% (252/305) - Loss: 0.1390
[Client 2, Round 86] Progress: 83% (255/305) - Loss: 0.0497
[Client 2, Round 86] Progress: 84% (258/305) - Loss: 0.3605
[Client 2, Round 86] Progress: 85% (261/305) - Loss: 0.1194
[Client 2, Round 86] Progress: 86% (264/305) - Loss: 0.0571
[Client 2, Round 86] Progress: 87% (267/305) - Loss: 0.0877
[Client 2, Round 86] Progress: 88% (270/305) - Loss: 0.7589
[Client 2, Round 86] Progress: 89% (273/305) - Loss: 0.1165
[Client 2, Round 86] Progress: 90% (276/305) - Loss: 0.1443
[Client 2, Round 86] Progress: 91% (279/305) - Loss: 0.7386
[Client 2, Round 86] Progress: 92% (282/305) - Loss: 0.1738
[Client 2, Round 86] Progress: 93% (285/305) - Loss: 0.2266
[Client 2, Round 86] Progress: 94% (288/305) - Loss: 0.1741
[Client 2, Round 86] Progress: 95% (291/305) - Loss: 0.2099
[Client 2, Round 86] Progress: 96% (294/305) - Loss: 0.1782
[Client 2, Round 86] Progress: 97% (297/305) - Loss: 0.1248
[Client 2, Round 86] Progress: 98% (300/305) - Loss: 0.1488
[Client 2, Round 86] Progress: 99% (303/305) - Loss: 0.1469
[Client 2, Round 86] Progress: 100% (305/305) - Loss: 0.0510
[Client 2, Round 86] Train Loss: 0.1359
[Client 2, Round 86] Val Loss: 0.1089 | Val Dice: 0.8913
[Client 2, Round 87] Progress: 0% (3/305) - Loss: 0.0554
[Client 2, Round 87] Progress: 1% (6/305) - Loss: 0.0908
[Client 2, Round 87] Progress: 2% (9/305) - Loss: 0.0721
[Client 2, Round 87] Progress: 3% (12/305) - Loss: 0.1149
[Client 2, Round 87] Progress: 4% (15/305) - Loss: 0.1878
[Client 2, Round 87] Progress: 5% (18/305) - Loss: 0.2350
[Client 2, Round 87] Progress: 6% (21/305) - Loss: 0.1248
[Client 2, Round 87] Progress: 7% (24/305) - Loss: 0.1519
[Client 2, Round 87] Progress: 8% (27/305) - Loss: 0.1320
[Client 2, Round 87] Progress: 9% (30/305) - Loss: 0.0368
[Client 2, Round 87] Progress: 10% (33/305) - Loss: 0.0940
[Client 2, Round 87] Progress: 11% (36/305) - Loss: 0.0778
[Client 2, Round 87] Progress: 12% (39/305) - Loss: 0.1653
[Client 2, Round 87] Progress: 13% (42/305) - Loss: 0.0402
[Client 2, Round 87] Progress: 14% (45/305) - Loss: 0.0757
[Client 2, Round 87] Progress: 15% (48/305) - Loss: 0.0696
[Client 2, Round 87] Progress: 16% (51/305) - Loss: 0.0558
[Client 2, Round 87] Progress: 17% (54/305) - Loss: 0.1020
[Client 2, Round 87] Progress: 18% (57/305) - Loss: 0.0602
[Client 2, Round 87] Progress: 19% (60/305) - Loss: 0.0515
[Client 2, Round 87] Progress: 20% (63/305) - Loss: 0.0874
[Client 2, Round 87] Progress: 21% (66/305) - Loss: 0.1473
[Client 2, Round 87] Progress: 22% (69/305) - Loss: 0.0573
[Client 2, Round 87] Progress: 23% (72/305) - Loss: 0.1812
[Client 2, Round 87] Progress: 24% (75/305) - Loss: 0.0823
[Client 2, Round 87] Progress: 25% (78/305) - Loss: 0.0527
[Client 2, Round 87] Progress: 26% (81/305) - Loss: 0.1816
[Client 2, Round 87] Progress: 27% (84/305) - Loss: 0.1620
[Client 2, Round 87] Progress: 28% (87/305) - Loss: 0.2996
[Client 2, Round 87] Progress: 29% (90/305) - Loss: 0.0538
[Client 2, Round 87] Progress: 30% (93/305) - Loss: 0.1376
[Client 2, Round 87] Progress: 31% (96/305) - Loss: 0.2292
[Client 2, Round 87] Progress: 32% (99/305) - Loss: 0.0800
[Client 2, Round 87] Progress: 33% (102/305) - Loss: 0.0906
[Client 2, Round 87] Progress: 34% (105/305) - Loss: 0.0943
[Client 2, Round 87] Progress: 35% (108/305) - Loss: 0.1739
[Client 2, Round 87] Progress: 36% (111/305) - Loss: 0.1257
[Client 2, Round 87] Progress: 37% (114/305) - Loss: 0.1141
[Client 2, Round 87] Progress: 38% (117/305) - Loss: 0.1198
[Client 2, Round 87] Progress: 39% (120/305) - Loss: 0.1293
[Client 2, Round 87] Progress: 40% (123/305) - Loss: 0.1298
[Client 2, Round 87] Progress: 41% (126/305) - Loss: 0.0578
[Client 2, Round 87] Progress: 42% (129/305) - Loss: 0.2378
[Client 2, Round 87] Progress: 43% (132/305) - Loss: 0.0770
[Client 2, Round 87] Progress: 44% (135/305) - Loss: 0.7082
[Client 2, Round 87] Progress: 45% (138/305) - Loss: 0.1345
[Client 2, Round 87] Progress: 46% (141/305) - Loss: 0.1018
[Client 2, Round 87] Progress: 47% (144/305) - Loss: 0.0599
[Client 2, Round 87] Progress: 48% (147/305) - Loss: 0.1118
[Client 2, Round 87] Progress: 49% (150/305) - Loss: 0.1039
[Client 2, Round 87] Progress: 50% (153/305) - Loss: 0.0493
[Client 2, Round 87] Progress: 51% (156/305) - Loss: 0.0496
[Client 2, Round 87] Progress: 52% (159/305) - Loss: 0.1409
[Client 2, Round 87] Progress: 53% (162/305) - Loss: 0.0538
[Client 2, Round 87] Progress: 54% (165/305) - Loss: 0.0870
[Client 2, Round 87] Progress: 55% (168/305) - Loss: 0.0864
[Client 2, Round 87] Progress: 56% (171/305) - Loss: 0.1575
[Client 2, Round 87] Progress: 57% (174/305) - Loss: 0.0794
[Client 2, Round 87] Progress: 58% (177/305) - Loss: 0.0570
[Client 2, Round 87] Progress: 59% (180/305) - Loss: 0.1233
[Client 2, Round 87] Progress: 60% (183/305) - Loss: 0.1448
[Client 2, Round 87] Progress: 60% (186/305) - Loss: 0.0775
[Client 2, Round 87] Progress: 61% (189/305) - Loss: 0.0527
[Client 2, Round 87] Progress: 62% (192/305) - Loss: 0.0665
[Client 2, Round 87] Progress: 63% (195/305) - Loss: 0.0895
[Client 2, Round 87] Progress: 64% (198/305) - Loss: 0.0788
[Client 2, Round 87] Progress: 65% (201/305) - Loss: 0.1630
[Client 2, Round 87] Progress: 66% (204/305) - Loss: 0.0734
[Client 2, Round 87] Progress: 67% (207/305) - Loss: 0.1731
[Client 2, Round 87] Progress: 68% (210/305) - Loss: 0.0656
[Client 2, Round 87] Progress: 69% (213/305) - Loss: 0.0675
[Client 2, Round 87] Progress: 70% (216/305) - Loss: 0.2400
[Client 2, Round 87] Progress: 71% (219/305) - Loss: 0.1230
[Client 2, Round 87] Progress: 72% (222/305) - Loss: 0.3813
[Client 2, Round 87] Progress: 73% (225/305) - Loss: 0.1619
[Client 2, Round 87] Progress: 74% (228/305) - Loss: 0.0766
[Client 2, Round 87] Progress: 75% (231/305) - Loss: 0.0921
[Client 2, Round 87] Progress: 76% (234/305) - Loss: 0.2805
[Client 2, Round 87] Progress: 77% (237/305) - Loss: 0.0571
[Client 2, Round 87] Progress: 78% (240/305) - Loss: 0.0687
[Client 2, Round 87] Progress: 79% (243/305) - Loss: 0.0987
[Client 2, Round 87] Progress: 80% (246/305) - Loss: 0.1081
[Client 2, Round 87] Progress: 81% (249/305) - Loss: 0.0999
[Client 2, Round 87] Progress: 82% (252/305) - Loss: 0.1092
[Client 2, Round 87] Progress: 83% (255/305) - Loss: 0.0692
[Client 2, Round 87] Progress: 84% (258/305) - Loss: 0.1248
[Client 2, Round 87] Progress: 85% (261/305) - Loss: 0.0964
[Client 2, Round 87] Progress: 86% (264/305) - Loss: 0.1439
[Client 2, Round 87] Progress: 87% (267/305) - Loss: 0.1024
[Client 2, Round 87] Progress: 88% (270/305) - Loss: 0.1418
[Client 2, Round 87] Progress: 89% (273/305) - Loss: 0.0866
[Client 2, Round 87] Progress: 90% (276/305) - Loss: 0.1447
[Client 2, Round 87] Progress: 91% (279/305) - Loss: 0.1236
[Client 2, Round 87] Progress: 92% (282/305) - Loss: 0.1922
[Client 2, Round 87] Progress: 93% (285/305) - Loss: 0.1663
[Client 2, Round 87] Progress: 94% (288/305) - Loss: 0.1070
[Client 2, Round 87] Progress: 95% (291/305) - Loss: 0.0941
[Client 2, Round 87] Progress: 96% (294/305) - Loss: 0.0860
[Client 2, Round 87] Progress: 97% (297/305) - Loss: 0.0891
[Client 2, Round 87] Progress: 98% (300/305) - Loss: 0.2039
[Client 2, Round 87] Progress: 99% (303/305) - Loss: 0.0645
[Client 2, Round 87] Progress: 100% (305/305) - Loss: 0.2556
[Client 2, Round 87] Train Loss: 0.1245
[Client 2, Round 87] Val Loss: 0.1124 | Val Dice: 0.8887
[Client 2, Round 88] Progress: 0% (3/305) - Loss: 0.0555
[Client 2, Round 88] Progress: 1% (6/305) - Loss: 0.0744
[Client 2, Round 88] Progress: 2% (9/305) - Loss: 0.1935
[Client 2, Round 88] Progress: 3% (12/305) - Loss: 0.1803
[Client 2, Round 88] Progress: 4% (15/305) - Loss: 0.1068
[Client 2, Round 88] Progress: 5% (18/305) - Loss: 0.1840
[Client 2, Round 88] Progress: 6% (21/305) - Loss: 0.0880
[Client 2, Round 88] Progress: 7% (24/305) - Loss: 0.1041
[Client 2, Round 88] Progress: 8% (27/305) - Loss: 0.1608
[Client 2, Round 88] Progress: 9% (30/305) - Loss: 0.0961
[Client 2, Round 88] Progress: 10% (33/305) - Loss: 0.0797
[Client 2, Round 88] Progress: 11% (36/305) - Loss: 0.0944
[Client 2, Round 88] Progress: 12% (39/305) - Loss: 0.0805
[Client 2, Round 88] Progress: 13% (42/305) - Loss: 0.1388
[Client 2, Round 88] Progress: 14% (45/305) - Loss: 0.0658
[Client 2, Round 88] Progress: 15% (48/305) - Loss: 0.0808
[Client 2, Round 88] Progress: 16% (51/305) - Loss: 0.1370
[Client 2, Round 88] Progress: 17% (54/305) - Loss: 0.2101
[Client 2, Round 88] Progress: 18% (57/305) - Loss: 0.1040
[Client 2, Round 88] Progress: 19% (60/305) - Loss: 0.0636
[Client 2, Round 88] Progress: 20% (63/305) - Loss: 0.1464
[Client 2, Round 88] Progress: 21% (66/305) - Loss: 0.1582
[Client 2, Round 88] Progress: 22% (69/305) - Loss: 0.0909
[Client 2, Round 88] Progress: 23% (72/305) - Loss: 0.0569
[Client 2, Round 88] Progress: 24% (75/305) - Loss: 0.0616
[Client 2, Round 88] Progress: 25% (78/305) - Loss: 0.1549
[Client 2, Round 88] Progress: 26% (81/305) - Loss: 0.1552
[Client 2, Round 88] Progress: 27% (84/305) - Loss: 0.0931
[Client 2, Round 88] Progress: 28% (87/305) - Loss: 0.0973
[Client 2, Round 88] Progress: 29% (90/305) - Loss: 0.0899
[Client 2, Round 88] Progress: 30% (93/305) - Loss: 0.1010
[Client 2, Round 88] Progress: 31% (96/305) - Loss: 0.1274
[Client 2, Round 88] Progress: 32% (99/305) - Loss: 0.0463
[Client 2, Round 88] Progress: 33% (102/305) - Loss: 0.0605
[Client 2, Round 88] Progress: 34% (105/305) - Loss: 0.0449
[Client 2, Round 88] Progress: 35% (108/305) - Loss: 0.1335
[Client 2, Round 88] Progress: 36% (111/305) - Loss: 0.0353
[Client 2, Round 88] Progress: 37% (114/305) - Loss: 0.0345
[Client 2, Round 88] Progress: 38% (117/305) - Loss: 0.0891
[Client 2, Round 88] Progress: 39% (120/305) - Loss: 0.1255
[Client 2, Round 88] Progress: 40% (123/305) - Loss: 0.0669
[Client 2, Round 88] Progress: 41% (126/305) - Loss: 0.1621
[Client 2, Round 88] Progress: 42% (129/305) - Loss: 0.0745
[Client 2, Round 88] Progress: 43% (132/305) - Loss: 0.0523
[Client 2, Round 88] Progress: 44% (135/305) - Loss: 0.4753
[Client 2, Round 88] Progress: 45% (138/305) - Loss: 0.2158
[Client 2, Round 88] Progress: 46% (141/305) - Loss: 0.0373
[Client 2, Round 88] Progress: 47% (144/305) - Loss: 0.1514
[Client 2, Round 88] Progress: 48% (147/305) - Loss: 0.0506
[Client 2, Round 88] Progress: 49% (150/305) - Loss: 0.1944
[Client 2, Round 88] Progress: 50% (153/305) - Loss: 0.1323
[Client 2, Round 88] Progress: 51% (156/305) - Loss: 0.0881
[Client 2, Round 88] Progress: 52% (159/305) - Loss: 0.1894
[Client 2, Round 88] Progress: 53% (162/305) - Loss: 0.0952
[Client 2, Round 88] Progress: 54% (165/305) - Loss: 0.0727
[Client 2, Round 88] Progress: 55% (168/305) - Loss: 0.1712
[Client 2, Round 88] Progress: 56% (171/305) - Loss: 0.3288
[Client 2, Round 88] Progress: 57% (174/305) - Loss: 0.1123
[Client 2, Round 88] Progress: 58% (177/305) - Loss: 0.1976
[Client 2, Round 88] Progress: 59% (180/305) - Loss: 0.0596
[Client 2, Round 88] Progress: 60% (183/305) - Loss: 0.1022
[Client 2, Round 88] Progress: 60% (186/305) - Loss: 0.1320
[Client 2, Round 88] Progress: 61% (189/305) - Loss: 0.0707
[Client 2, Round 88] Progress: 62% (192/305) - Loss: 0.0463
[Client 2, Round 88] Progress: 63% (195/305) - Loss: 0.1459
[Client 2, Round 88] Progress: 64% (198/305) - Loss: 0.1186
[Client 2, Round 88] Progress: 65% (201/305) - Loss: 0.0978
[Client 2, Round 88] Progress: 66% (204/305) - Loss: 0.0366
[Client 2, Round 88] Progress: 67% (207/305) - Loss: 0.1800
[Client 2, Round 88] Progress: 68% (210/305) - Loss: 0.1855
[Client 2, Round 88] Progress: 69% (213/305) - Loss: 0.2275
[Client 2, Round 88] Progress: 70% (216/305) - Loss: 0.1471
[Client 2, Round 88] Progress: 71% (219/305) - Loss: 0.4787
[Client 2, Round 88] Progress: 72% (222/305) - Loss: 0.0999
[Client 2, Round 88] Progress: 73% (225/305) - Loss: 0.0565
[Client 2, Round 88] Progress: 74% (228/305) - Loss: 0.1212
[Client 2, Round 88] Progress: 75% (231/305) - Loss: 0.0468
[Client 2, Round 88] Progress: 76% (234/305) - Loss: 0.0477
[Client 2, Round 88] Progress: 77% (237/305) - Loss: 0.1204
[Client 2, Round 88] Progress: 78% (240/305) - Loss: 0.1017
[Client 2, Round 88] Progress: 79% (243/305) - Loss: 0.2274
[Client 2, Round 88] Progress: 80% (246/305) - Loss: 0.0664
[Client 2, Round 88] Progress: 81% (249/305) - Loss: 0.1501
[Client 2, Round 88] Progress: 82% (252/305) - Loss: 0.1352
[Client 2, Round 88] Progress: 83% (255/305) - Loss: 0.0975
[Client 2, Round 88] Progress: 84% (258/305) - Loss: 0.1093
[Client 2, Round 88] Progress: 85% (261/305) - Loss: 0.0796
[Client 2, Round 88] Progress: 86% (264/305) - Loss: 0.1797
[Client 2, Round 88] Progress: 87% (267/305) - Loss: 0.0645
[Client 2, Round 88] Progress: 88% (270/305) - Loss: 0.1371
[Client 2, Round 88] Progress: 89% (273/305) - Loss: 0.0745
[Client 2, Round 88] Progress: 90% (276/305) - Loss: 0.2018
[Client 2, Round 88] Progress: 91% (279/305) - Loss: 0.2844
[Client 2, Round 88] Progress: 92% (282/305) - Loss: 0.0811
[Client 2, Round 88] Progress: 93% (285/305) - Loss: 0.3419
[Client 2, Round 88] Progress: 94% (288/305) - Loss: 0.0809
[Client 2, Round 88] Progress: 95% (291/305) - Loss: 0.0956
[Client 2, Round 88] Progress: 96% (294/305) - Loss: 0.1767
[Client 2, Round 88] Progress: 97% (297/305) - Loss: 0.1338
[Client 2, Round 88] Progress: 98% (300/305) - Loss: 0.1581
[Client 2, Round 88] Progress: 99% (303/305) - Loss: 0.1346
[Client 2, Round 88] Progress: 100% (305/305) - Loss: 0.0577
[Client 2, Round 88] Train Loss: 0.1211
[Client 2, Round 88] Val Loss: 0.1239 | Val Dice: 0.8762
[Client 2, Round 89] Progress: 0% (3/305) - Loss: 0.1071
[Client 2, Round 89] Progress: 1% (6/305) - Loss: 0.1642
[Client 2, Round 89] Progress: 2% (9/305) - Loss: 0.0751
[Client 2, Round 89] Progress: 3% (12/305) - Loss: 0.1293
[Client 2, Round 89] Progress: 4% (15/305) - Loss: 0.1289
[Client 2, Round 89] Progress: 5% (18/305) - Loss: 0.0566
[Client 2, Round 89] Progress: 6% (21/305) - Loss: 0.1878
[Client 2, Round 89] Progress: 7% (24/305) - Loss: 0.1101
[Client 2, Round 89] Progress: 8% (27/305) - Loss: 0.1183
[Client 2, Round 89] Progress: 9% (30/305) - Loss: 0.1326
[Client 2, Round 89] Progress: 10% (33/305) - Loss: 0.1370
[Client 2, Round 89] Progress: 11% (36/305) - Loss: 0.1359
[Client 2, Round 89] Progress: 12% (39/305) - Loss: 0.1817
[Client 2, Round 89] Progress: 13% (42/305) - Loss: 0.1397
[Client 2, Round 89] Progress: 14% (45/305) - Loss: 0.1000
[Client 2, Round 89] Progress: 15% (48/305) - Loss: 0.1134
[Client 2, Round 89] Progress: 16% (51/305) - Loss: 0.0883
[Client 2, Round 89] Progress: 17% (54/305) - Loss: 0.0652
[Client 2, Round 89] Progress: 18% (57/305) - Loss: 0.1185
[Client 2, Round 89] Progress: 19% (60/305) - Loss: 0.1695
[Client 2, Round 89] Progress: 20% (63/305) - Loss: 0.0580
[Client 2, Round 89] Progress: 21% (66/305) - Loss: 0.1245
[Client 2, Round 89] Progress: 22% (69/305) - Loss: 0.0873
[Client 2, Round 89] Progress: 23% (72/305) - Loss: 0.0570
[Client 2, Round 89] Progress: 24% (75/305) - Loss: 0.0501
[Client 2, Round 89] Progress: 25% (78/305) - Loss: 0.1160
[Client 2, Round 89] Progress: 26% (81/305) - Loss: 0.7951
[Client 2, Round 89] Progress: 27% (84/305) - Loss: 0.0787
[Client 2, Round 89] Progress: 28% (87/305) - Loss: 0.1068
[Client 2, Round 89] Progress: 29% (90/305) - Loss: 0.0440
[Client 2, Round 89] Progress: 30% (93/305) - Loss: 0.0597
[Client 2, Round 89] Progress: 31% (96/305) - Loss: 0.0766
[Client 2, Round 89] Progress: 32% (99/305) - Loss: 0.1179
[Client 2, Round 89] Progress: 33% (102/305) - Loss: 0.0431
[Client 2, Round 89] Progress: 34% (105/305) - Loss: 0.0916
[Client 2, Round 89] Progress: 35% (108/305) - Loss: 0.0262
[Client 2, Round 89] Progress: 36% (111/305) - Loss: 0.0473
[Client 2, Round 89] Progress: 37% (114/305) - Loss: 0.4198
[Client 2, Round 89] Progress: 38% (117/305) - Loss: 0.0522
[Client 2, Round 89] Progress: 39% (120/305) - Loss: 0.1246
[Client 2, Round 89] Progress: 40% (123/305) - Loss: 0.0929
[Client 2, Round 89] Progress: 41% (126/305) - Loss: 0.1061
[Client 2, Round 89] Progress: 42% (129/305) - Loss: 0.1038
[Client 2, Round 89] Progress: 43% (132/305) - Loss: 0.1306
[Client 2, Round 89] Progress: 44% (135/305) - Loss: 0.1878
[Client 2, Round 89] Progress: 45% (138/305) - Loss: 0.0756
[Client 2, Round 89] Progress: 46% (141/305) - Loss: 0.1854
[Client 2, Round 89] Progress: 47% (144/305) - Loss: 0.1559
[Client 2, Round 89] Progress: 48% (147/305) - Loss: 0.1439
[Client 2, Round 89] Progress: 49% (150/305) - Loss: 0.1052
[Client 2, Round 89] Progress: 50% (153/305) - Loss: 0.1491
[Client 2, Round 89] Progress: 51% (156/305) - Loss: 0.0687
[Client 2, Round 89] Progress: 52% (159/305) - Loss: 0.0625
[Client 2, Round 89] Progress: 53% (162/305) - Loss: 0.0743
[Client 2, Round 89] Progress: 54% (165/305) - Loss: 0.2594
[Client 2, Round 89] Progress: 55% (168/305) - Loss: 0.1686
[Client 2, Round 89] Progress: 56% (171/305) - Loss: 0.0642
[Client 2, Round 89] Progress: 57% (174/305) - Loss: 0.2453
[Client 2, Round 89] Progress: 58% (177/305) - Loss: 0.1195
[Client 2, Round 89] Progress: 59% (180/305) - Loss: 0.1416
[Client 2, Round 89] Progress: 60% (183/305) - Loss: 0.1482
[Client 2, Round 89] Progress: 60% (186/305) - Loss: 0.0533
[Client 2, Round 89] Progress: 61% (189/305) - Loss: 0.1398
[Client 2, Round 89] Progress: 62% (192/305) - Loss: 0.2180
[Client 2, Round 89] Progress: 63% (195/305) - Loss: 0.0757
[Client 2, Round 89] Progress: 64% (198/305) - Loss: 0.1075
[Client 2, Round 89] Progress: 65% (201/305) - Loss: 0.0458
[Client 2, Round 89] Progress: 66% (204/305) - Loss: 0.0773
[Client 2, Round 89] Progress: 67% (207/305) - Loss: 0.0299
[Client 2, Round 89] Progress: 68% (210/305) - Loss: 0.1364
[Client 2, Round 89] Progress: 69% (213/305) - Loss: 0.0721
[Client 2, Round 89] Progress: 70% (216/305) - Loss: 0.1511
[Client 2, Round 89] Progress: 71% (219/305) - Loss: 0.0735
[Client 2, Round 89] Progress: 72% (222/305) - Loss: 0.1353
[Client 2, Round 89] Progress: 73% (225/305) - Loss: 0.1935
[Client 2, Round 89] Progress: 74% (228/305) - Loss: 0.0933
[Client 2, Round 89] Progress: 75% (231/305) - Loss: 0.0527
[Client 2, Round 89] Progress: 76% (234/305) - Loss: 0.0505
[Client 2, Round 89] Progress: 77% (237/305) - Loss: 0.0708
[Client 2, Round 89] Progress: 78% (240/305) - Loss: 0.1106
[Client 2, Round 89] Progress: 79% (243/305) - Loss: 0.2210
[Client 2, Round 89] Progress: 80% (246/305) - Loss: 0.0632
[Client 2, Round 89] Progress: 81% (249/305) - Loss: 0.0406
[Client 2, Round 89] Progress: 82% (252/305) - Loss: 0.0372
[Client 2, Round 89] Progress: 83% (255/305) - Loss: 0.0561
[Client 2, Round 89] Progress: 84% (258/305) - Loss: 0.2098
[Client 2, Round 89] Progress: 85% (261/305) - Loss: 0.1949
[Client 2, Round 89] Progress: 86% (264/305) - Loss: 0.0552
[Client 2, Round 89] Progress: 87% (267/305) - Loss: 0.1028
[Client 2, Round 89] Progress: 88% (270/305) - Loss: 0.1156
[Client 2, Round 89] Progress: 89% (273/305) - Loss: 0.1470
[Client 2, Round 89] Progress: 90% (276/305) - Loss: 0.0781
[Client 2, Round 89] Progress: 91% (279/305) - Loss: 0.0852
[Client 2, Round 89] Progress: 92% (282/305) - Loss: 0.0666
[Client 2, Round 89] Progress: 93% (285/305) - Loss: 0.0942
[Client 2, Round 89] Progress: 94% (288/305) - Loss: 0.1762
[Client 2, Round 89] Progress: 95% (291/305) - Loss: 0.1297
[Client 2, Round 89] Progress: 96% (294/305) - Loss: 0.1713
[Client 2, Round 89] Progress: 97% (297/305) - Loss: 0.0998
[Client 2, Round 89] Progress: 98% (300/305) - Loss: 0.3913
[Client 2, Round 89] Progress: 99% (303/305) - Loss: 0.0727
[Client 2, Round 89] Progress: 100% (305/305) - Loss: 0.0740
[Client 2, Round 89] Train Loss: 0.1248
[Client 2, Round 89] Val Loss: 0.1215 | Val Dice: 0.8798
[Client 2, Round 90] Progress: 0% (3/305) - Loss: 0.1171
[Client 2, Round 90] Progress: 1% (6/305) - Loss: 0.0817
[Client 2, Round 90] Progress: 2% (9/305) - Loss: 0.0742
[Client 2, Round 90] Progress: 3% (12/305) - Loss: 0.0839
[Client 2, Round 90] Progress: 4% (15/305) - Loss: 0.0940
[Client 2, Round 90] Progress: 5% (18/305) - Loss: 0.1475
[Client 2, Round 90] Progress: 6% (21/305) - Loss: 0.1027
[Client 2, Round 90] Progress: 7% (24/305) - Loss: 0.1133
[Client 2, Round 90] Progress: 8% (27/305) - Loss: 0.1315
[Client 2, Round 90] Progress: 9% (30/305) - Loss: 0.0937
[Client 2, Round 90] Progress: 10% (33/305) - Loss: 0.1261
[Client 2, Round 90] Progress: 11% (36/305) - Loss: 0.1208
[Client 2, Round 90] Progress: 12% (39/305) - Loss: 0.7023
[Client 2, Round 90] Progress: 13% (42/305) - Loss: 0.2351
[Client 2, Round 90] Progress: 14% (45/305) - Loss: 0.1300
[Client 2, Round 90] Progress: 15% (48/305) - Loss: 0.0491
[Client 2, Round 90] Progress: 16% (51/305) - Loss: 0.1023
[Client 2, Round 90] Progress: 17% (54/305) - Loss: 0.1787
[Client 2, Round 90] Progress: 18% (57/305) - Loss: 0.1424
[Client 2, Round 90] Progress: 19% (60/305) - Loss: 0.0889
[Client 2, Round 90] Progress: 20% (63/305) - Loss: 0.0386
[Client 2, Round 90] Progress: 21% (66/305) - Loss: 0.0636
[Client 2, Round 90] Progress: 22% (69/305) - Loss: 0.0783
[Client 2, Round 90] Progress: 23% (72/305) - Loss: 0.1805
[Client 2, Round 90] Progress: 24% (75/305) - Loss: 0.0583
[Client 2, Round 90] Progress: 25% (78/305) - Loss: 0.0769
[Client 2, Round 90] Progress: 26% (81/305) - Loss: 0.1240
[Client 2, Round 90] Progress: 27% (84/305) - Loss: 0.1084
[Client 2, Round 90] Progress: 28% (87/305) - Loss: 0.0706
[Client 2, Round 90] Progress: 29% (90/305) - Loss: 0.0611
[Client 2, Round 90] Progress: 30% (93/305) - Loss: 0.1229
[Client 2, Round 90] Progress: 31% (96/305) - Loss: 0.0449
[Client 2, Round 90] Progress: 32% (99/305) - Loss: 0.0810
[Client 2, Round 90] Progress: 33% (102/305) - Loss: 0.0877
[Client 2, Round 90] Progress: 34% (105/305) - Loss: 0.0572
[Client 2, Round 90] Progress: 35% (108/305) - Loss: 0.0885
[Client 2, Round 90] Progress: 36% (111/305) - Loss: 0.0669
[Client 2, Round 90] Progress: 37% (114/305) - Loss: 0.1732
[Client 2, Round 90] Progress: 38% (117/305) - Loss: 0.0329
[Client 2, Round 90] Progress: 39% (120/305) - Loss: 0.0867
[Client 2, Round 90] Progress: 40% (123/305) - Loss: 0.2402
[Client 2, Round 90] Progress: 41% (126/305) - Loss: 0.0864
[Client 2, Round 90] Progress: 42% (129/305) - Loss: 0.1364
[Client 2, Round 90] Progress: 43% (132/305) - Loss: 0.1133
[Client 2, Round 90] Progress: 44% (135/305) - Loss: 0.1108
[Client 2, Round 90] Progress: 45% (138/305) - Loss: 0.0958
[Client 2, Round 90] Progress: 46% (141/305) - Loss: 0.0965
[Client 2, Round 90] Progress: 47% (144/305) - Loss: 0.0627
[Client 2, Round 90] Progress: 48% (147/305) - Loss: 0.0891
[Client 2, Round 90] Progress: 49% (150/305) - Loss: 0.1083
[Client 2, Round 90] Progress: 50% (153/305) - Loss: 0.0627
[Client 2, Round 90] Progress: 51% (156/305) - Loss: 0.1024
[Client 2, Round 90] Progress: 52% (159/305) - Loss: 0.1489
[Client 2, Round 90] Progress: 53% (162/305) - Loss: 0.1334
[Client 2, Round 90] Progress: 54% (165/305) - Loss: 0.1067
[Client 2, Round 90] Progress: 55% (168/305) - Loss: 0.1671
[Client 2, Round 90] Progress: 56% (171/305) - Loss: 0.2214
[Client 2, Round 90] Progress: 57% (174/305) - Loss: 0.0655
[Client 2, Round 90] Progress: 58% (177/305) - Loss: 0.0949
[Client 2, Round 90] Progress: 59% (180/305) - Loss: 0.1403
[Client 2, Round 90] Progress: 60% (183/305) - Loss: 0.0448
[Client 2, Round 90] Progress: 60% (186/305) - Loss: 0.1187
[Client 2, Round 90] Progress: 61% (189/305) - Loss: 0.1071
[Client 2, Round 90] Progress: 62% (192/305) - Loss: 0.1087
[Client 2, Round 90] Progress: 63% (195/305) - Loss: 0.0659
[Client 2, Round 90] Progress: 64% (198/305) - Loss: 0.0847
[Client 2, Round 90] Progress: 65% (201/305) - Loss: 0.0917
[Client 2, Round 90] Progress: 66% (204/305) - Loss: 0.0353
[Client 2, Round 90] Progress: 67% (207/305) - Loss: 0.0733
[Client 2, Round 90] Progress: 68% (210/305) - Loss: 0.0621
[Client 2, Round 90] Progress: 69% (213/305) - Loss: 0.4654
[Client 2, Round 90] Progress: 70% (216/305) - Loss: 0.0983
[Client 2, Round 90] Progress: 71% (219/305) - Loss: 0.1592
[Client 2, Round 90] Progress: 72% (222/305) - Loss: 0.0683
[Client 2, Round 90] Progress: 73% (225/305) - Loss: 0.1222
[Client 2, Round 90] Progress: 74% (228/305) - Loss: 0.0932
[Client 2, Round 90] Progress: 75% (231/305) - Loss: 0.0917
[Client 2, Round 90] Progress: 76% (234/305) - Loss: 0.0380
[Client 2, Round 90] Progress: 77% (237/305) - Loss: 0.0955
[Client 2, Round 90] Progress: 78% (240/305) - Loss: 0.1726
[Client 2, Round 90] Progress: 79% (243/305) - Loss: 0.0507
[Client 2, Round 90] Progress: 80% (246/305) - Loss: 0.0535
[Client 2, Round 90] Progress: 81% (249/305) - Loss: 0.0756
[Client 2, Round 90] Progress: 82% (252/305) - Loss: 0.1254
[Client 2, Round 90] Progress: 83% (255/305) - Loss: 0.1524
[Client 2, Round 90] Progress: 84% (258/305) - Loss: 0.1768
[Client 2, Round 90] Progress: 85% (261/305) - Loss: 0.0771
[Client 2, Round 90] Progress: 86% (264/305) - Loss: 0.2524
[Client 2, Round 90] Progress: 87% (267/305) - Loss: 0.0794
[Client 2, Round 90] Progress: 88% (270/305) - Loss: 0.0937
[Client 2, Round 90] Progress: 89% (273/305) - Loss: 0.1651
[Client 2, Round 90] Progress: 90% (276/305) - Loss: 0.0713
[Client 2, Round 90] Progress: 91% (279/305) - Loss: 0.1944
[Client 2, Round 90] Progress: 92% (282/305) - Loss: 0.1354
[Client 2, Round 90] Progress: 93% (285/305) - Loss: 0.1293
[Client 2, Round 90] Progress: 94% (288/305) - Loss: 0.0891
[Client 2, Round 90] Progress: 95% (291/305) - Loss: 0.0854
[Client 2, Round 90] Progress: 96% (294/305) - Loss: 0.1233
[Client 2, Round 90] Progress: 97% (297/305) - Loss: 0.0644
[Client 2, Round 90] Progress: 98% (300/305) - Loss: 0.1475
[Client 2, Round 90] Progress: 99% (303/305) - Loss: 0.1336
[Client 2, Round 90] Progress: 100% (305/305) - Loss: 0.0919
[Client 2, Round 90] Train Loss: 0.1206
[Client 2, Round 90] Val Loss: 0.1187 | Val Dice: 0.8816
[Client 2, Round 91] Progress: 0% (3/305) - Loss: 0.0530
[Client 2, Round 91] Progress: 1% (6/305) - Loss: 0.1142
[Client 2, Round 91] Progress: 2% (9/305) - Loss: 0.1267
[Client 2, Round 91] Progress: 3% (12/305) - Loss: 0.1512
[Client 2, Round 91] Progress: 4% (15/305) - Loss: 0.1299
[Client 2, Round 91] Progress: 5% (18/305) - Loss: 0.1952
[Client 2, Round 91] Progress: 6% (21/305) - Loss: 0.0490
[Client 2, Round 91] Progress: 7% (24/305) - Loss: 0.1328
[Client 2, Round 91] Progress: 8% (27/305) - Loss: 0.1187
[Client 2, Round 91] Progress: 9% (30/305) - Loss: 0.0413
[Client 2, Round 91] Progress: 10% (33/305) - Loss: 0.1102
[Client 2, Round 91] Progress: 11% (36/305) - Loss: 0.1261
[Client 2, Round 91] Progress: 12% (39/305) - Loss: 0.1020
[Client 2, Round 91] Progress: 13% (42/305) - Loss: 0.6818
[Client 2, Round 91] Progress: 14% (45/305) - Loss: 0.0649
[Client 2, Round 91] Progress: 15% (48/305) - Loss: 0.0388
[Client 2, Round 91] Progress: 16% (51/305) - Loss: 0.0532
[Client 2, Round 91] Progress: 17% (54/305) - Loss: 0.0535
[Client 2, Round 91] Progress: 18% (57/305) - Loss: 0.2925
[Client 2, Round 91] Progress: 19% (60/305) - Loss: 0.1215
[Client 2, Round 91] Progress: 20% (63/305) - Loss: 0.2441
[Client 2, Round 91] Progress: 21% (66/305) - Loss: 0.1563
[Client 2, Round 91] Progress: 22% (69/305) - Loss: 0.0602
[Client 2, Round 91] Progress: 23% (72/305) - Loss: 0.1037
[Client 2, Round 91] Progress: 24% (75/305) - Loss: 0.0517
[Client 2, Round 91] Progress: 25% (78/305) - Loss: 0.0439
[Client 2, Round 91] Progress: 26% (81/305) - Loss: 0.0982
[Client 2, Round 91] Progress: 27% (84/305) - Loss: 0.1012
[Client 2, Round 91] Progress: 28% (87/305) - Loss: 0.2266
[Client 2, Round 91] Progress: 29% (90/305) - Loss: 0.0282
[Client 2, Round 91] Progress: 30% (93/305) - Loss: 0.1318
[Client 2, Round 91] Progress: 31% (96/305) - Loss: 0.2315
[Client 2, Round 91] Progress: 32% (99/305) - Loss: 0.0647
[Client 2, Round 91] Progress: 33% (102/305) - Loss: 0.0773
[Client 2, Round 91] Progress: 34% (105/305) - Loss: 0.0748
[Client 2, Round 91] Progress: 35% (108/305) - Loss: 0.0694
[Client 2, Round 91] Progress: 36% (111/305) - Loss: 0.1023
[Client 2, Round 91] Progress: 37% (114/305) - Loss: 0.1161
[Client 2, Round 91] Progress: 38% (117/305) - Loss: 0.3124
[Client 2, Round 91] Progress: 39% (120/305) - Loss: 0.1613
[Client 2, Round 91] Progress: 40% (123/305) - Loss: 0.0447
[Client 2, Round 91] Progress: 41% (126/305) - Loss: 0.1012
[Client 2, Round 91] Progress: 42% (129/305) - Loss: 0.1402
[Client 2, Round 91] Progress: 43% (132/305) - Loss: 0.1399
[Client 2, Round 91] Progress: 44% (135/305) - Loss: 0.0834
[Client 2, Round 91] Progress: 45% (138/305) - Loss: 0.0730
[Client 2, Round 91] Progress: 46% (141/305) - Loss: 0.1433
[Client 2, Round 91] Progress: 47% (144/305) - Loss: 0.0886
[Client 2, Round 91] Progress: 48% (147/305) - Loss: 0.0743
[Client 2, Round 91] Progress: 49% (150/305) - Loss: 0.1531
[Client 2, Round 91] Progress: 50% (153/305) - Loss: 0.0464
[Client 2, Round 91] Progress: 51% (156/305) - Loss: 0.0889
[Client 2, Round 91] Progress: 52% (159/305) - Loss: 0.0787
[Client 2, Round 91] Progress: 53% (162/305) - Loss: 0.0980
[Client 2, Round 91] Progress: 54% (165/305) - Loss: 0.0799
[Client 2, Round 91] Progress: 55% (168/305) - Loss: 0.1003
[Client 2, Round 91] Progress: 56% (171/305) - Loss: 0.1040
[Client 2, Round 91] Progress: 57% (174/305) - Loss: 0.0911
[Client 2, Round 91] Progress: 58% (177/305) - Loss: 0.1016
[Client 2, Round 91] Progress: 59% (180/305) - Loss: 0.2358
[Client 2, Round 91] Progress: 60% (183/305) - Loss: 0.1181
[Client 2, Round 91] Progress: 60% (186/305) - Loss: 0.1428
[Client 2, Round 91] Progress: 61% (189/305) - Loss: 0.0693
[Client 2, Round 91] Progress: 62% (192/305) - Loss: 0.1043
[Client 2, Round 91] Progress: 63% (195/305) - Loss: 0.0761
[Client 2, Round 91] Progress: 64% (198/305) - Loss: 0.1866
[Client 2, Round 91] Progress: 65% (201/305) - Loss: 0.1532
[Client 2, Round 91] Progress: 66% (204/305) - Loss: 0.2687
[Client 2, Round 91] Progress: 67% (207/305) - Loss: 0.0439
[Client 2, Round 91] Progress: 68% (210/305) - Loss: 0.5055
[Client 2, Round 91] Progress: 69% (213/305) - Loss: 0.0885
[Client 2, Round 91] Progress: 70% (216/305) - Loss: 0.0750
[Client 2, Round 91] Progress: 71% (219/305) - Loss: 0.1758
[Client 2, Round 91] Progress: 72% (222/305) - Loss: 0.1457
[Client 2, Round 91] Progress: 73% (225/305) - Loss: 0.3458
[Client 2, Round 91] Progress: 74% (228/305) - Loss: 0.0868
[Client 2, Round 91] Progress: 75% (231/305) - Loss: 0.1011
[Client 2, Round 91] Progress: 76% (234/305) - Loss: 0.2992
[Client 2, Round 91] Progress: 77% (237/305) - Loss: 0.0980
[Client 2, Round 91] Progress: 78% (240/305) - Loss: 0.2107
[Client 2, Round 91] Progress: 79% (243/305) - Loss: 0.2758
[Client 2, Round 91] Progress: 80% (246/305) - Loss: 0.1566
[Client 2, Round 91] Progress: 81% (249/305) - Loss: 0.1249
[Client 2, Round 91] Progress: 82% (252/305) - Loss: 0.1308
[Client 2, Round 91] Progress: 83% (255/305) - Loss: 0.0814
[Client 2, Round 91] Progress: 84% (258/305) - Loss: 0.1270
[Client 2, Round 91] Progress: 85% (261/305) - Loss: 0.1380
[Client 2, Round 91] Progress: 86% (264/305) - Loss: 0.0762
[Client 2, Round 91] Progress: 87% (267/305) - Loss: 0.2526
[Client 2, Round 91] Progress: 88% (270/305) - Loss: 0.0603
[Client 2, Round 91] Progress: 89% (273/305) - Loss: 0.1388
[Client 2, Round 91] Progress: 90% (276/305) - Loss: 0.1952
[Client 2, Round 91] Progress: 91% (279/305) - Loss: 0.1291
[Client 2, Round 91] Progress: 92% (282/305) - Loss: 0.2016
[Client 2, Round 91] Progress: 93% (285/305) - Loss: 0.0461
[Client 2, Round 91] Progress: 94% (288/305) - Loss: 0.1653
[Client 2, Round 91] Progress: 95% (291/305) - Loss: 0.1267
[Client 2, Round 91] Progress: 96% (294/305) - Loss: 0.0407
[Client 2, Round 91] Progress: 97% (297/305) - Loss: 0.1013
[Client 2, Round 91] Progress: 98% (300/305) - Loss: 0.1174
[Client 2, Round 91] Progress: 99% (303/305) - Loss: 0.0597
[Client 2, Round 91] Progress: 100% (305/305) - Loss: 0.0876
[Client 2, Round 91] Train Loss: 0.1310
[Client 2, Round 91] Val Loss: 0.1229 | Val Dice: 0.8773
[Client 2, Round 92] Progress: 0% (3/305) - Loss: 0.1136
[Client 2, Round 92] Progress: 1% (6/305) - Loss: 0.0764
[Client 2, Round 92] Progress: 2% (9/305) - Loss: 0.1043
[Client 2, Round 92] Progress: 3% (12/305) - Loss: 0.1748
[Client 2, Round 92] Progress: 4% (15/305) - Loss: 0.1216
[Client 2, Round 92] Progress: 5% (18/305) - Loss: 0.0686
[Client 2, Round 92] Progress: 6% (21/305) - Loss: 0.0551
[Client 2, Round 92] Progress: 7% (24/305) - Loss: 0.0800
[Client 2, Round 92] Progress: 8% (27/305) - Loss: 0.0502
[Client 2, Round 92] Progress: 9% (30/305) - Loss: 0.1782
[Client 2, Round 92] Progress: 10% (33/305) - Loss: 0.1058
[Client 2, Round 92] Progress: 11% (36/305) - Loss: 0.1724
[Client 2, Round 92] Progress: 12% (39/305) - Loss: 0.1807
[Client 2, Round 92] Progress: 13% (42/305) - Loss: 0.1735
[Client 2, Round 92] Progress: 14% (45/305) - Loss: 0.0731
[Client 2, Round 92] Progress: 15% (48/305) - Loss: 0.0585
[Client 2, Round 92] Progress: 16% (51/305) - Loss: 0.1279
[Client 2, Round 92] Progress: 17% (54/305) - Loss: 0.1381
[Client 2, Round 92] Progress: 18% (57/305) - Loss: 0.0587
[Client 2, Round 92] Progress: 19% (60/305) - Loss: 0.7843
[Client 2, Round 92] Progress: 20% (63/305) - Loss: 0.0755
[Client 2, Round 92] Progress: 21% (66/305) - Loss: 0.0896
[Client 2, Round 92] Progress: 22% (69/305) - Loss: 0.1319
[Client 2, Round 92] Progress: 23% (72/305) - Loss: 0.1713
[Client 2, Round 92] Progress: 24% (75/305) - Loss: 0.1007
[Client 2, Round 92] Progress: 25% (78/305) - Loss: 0.0466
[Client 2, Round 92] Progress: 26% (81/305) - Loss: 0.0898
[Client 2, Round 92] Progress: 27% (84/305) - Loss: 0.1003
[Client 2, Round 92] Progress: 28% (87/305) - Loss: 0.1442
[Client 2, Round 92] Progress: 29% (90/305) - Loss: 0.1046
[Client 2, Round 92] Progress: 30% (93/305) - Loss: 0.0899
[Client 2, Round 92] Progress: 31% (96/305) - Loss: 0.0763
[Client 2, Round 92] Progress: 32% (99/305) - Loss: 0.1018
[Client 2, Round 92] Progress: 33% (102/305) - Loss: 0.1122
[Client 2, Round 92] Progress: 34% (105/305) - Loss: 0.1490
[Client 2, Round 92] Progress: 35% (108/305) - Loss: 0.0747
[Client 2, Round 92] Progress: 36% (111/305) - Loss: 0.0663
[Client 2, Round 92] Progress: 37% (114/305) - Loss: 0.1158
[Client 2, Round 92] Progress: 38% (117/305) - Loss: 0.1122
[Client 2, Round 92] Progress: 39% (120/305) - Loss: 0.0610
[Client 2, Round 92] Progress: 40% (123/305) - Loss: 0.0640
[Client 2, Round 92] Progress: 41% (126/305) - Loss: 0.1239
[Client 2, Round 92] Progress: 42% (129/305) - Loss: 0.1419
[Client 2, Round 92] Progress: 43% (132/305) - Loss: 0.0750
[Client 2, Round 92] Progress: 44% (135/305) - Loss: 0.3895
[Client 2, Round 92] Progress: 45% (138/305) - Loss: 0.0819
[Client 2, Round 92] Progress: 46% (141/305) - Loss: 0.0872
[Client 2, Round 92] Progress: 47% (144/305) - Loss: 0.0667
[Client 2, Round 92] Progress: 48% (147/305) - Loss: 0.1838
[Client 2, Round 92] Progress: 49% (150/305) - Loss: 0.0745
[Client 2, Round 92] Progress: 50% (153/305) - Loss: 0.1355
[Client 2, Round 92] Progress: 51% (156/305) - Loss: 0.1465
[Client 2, Round 92] Progress: 52% (159/305) - Loss: 0.0668
[Client 2, Round 92] Progress: 53% (162/305) - Loss: 0.1435
[Client 2, Round 92] Progress: 54% (165/305) - Loss: 0.0780
[Client 2, Round 92] Progress: 55% (168/305) - Loss: 0.0529
[Client 2, Round 92] Progress: 56% (171/305) - Loss: 0.1615
[Client 2, Round 92] Progress: 57% (174/305) - Loss: 0.2069
[Client 2, Round 92] Progress: 58% (177/305) - Loss: 0.0976
[Client 2, Round 92] Progress: 59% (180/305) - Loss: 0.1098
[Client 2, Round 92] Progress: 60% (183/305) - Loss: 0.2015
[Client 2, Round 92] Progress: 60% (186/305) - Loss: 0.1229
[Client 2, Round 92] Progress: 61% (189/305) - Loss: 0.0469
[Client 2, Round 92] Progress: 62% (192/305) - Loss: 0.1539
[Client 2, Round 92] Progress: 63% (195/305) - Loss: 0.0769
[Client 2, Round 92] Progress: 64% (198/305) - Loss: 0.0702
[Client 2, Round 92] Progress: 65% (201/305) - Loss: 0.1293
[Client 2, Round 92] Progress: 66% (204/305) - Loss: 0.1113
[Client 2, Round 92] Progress: 67% (207/305) - Loss: 0.7857
[Client 2, Round 92] Progress: 68% (210/305) - Loss: 0.1353
[Client 2, Round 92] Progress: 69% (213/305) - Loss: 0.1955
[Client 2, Round 92] Progress: 70% (216/305) - Loss: 0.6834
[Client 2, Round 92] Progress: 71% (219/305) - Loss: 0.1222
[Client 2, Round 92] Progress: 72% (222/305) - Loss: 0.4175
[Client 2, Round 92] Progress: 73% (225/305) - Loss: 0.0920
[Client 2, Round 92] Progress: 74% (228/305) - Loss: 0.0452
[Client 2, Round 92] Progress: 75% (231/305) - Loss: 0.0857
[Client 2, Round 92] Progress: 76% (234/305) - Loss: 0.0671
[Client 2, Round 92] Progress: 77% (237/305) - Loss: 0.0880
[Client 2, Round 92] Progress: 78% (240/305) - Loss: 0.0468
[Client 2, Round 92] Progress: 79% (243/305) - Loss: 0.0493
[Client 2, Round 92] Progress: 80% (246/305) - Loss: 0.0567
[Client 2, Round 92] Progress: 81% (249/305) - Loss: 0.1238
[Client 2, Round 92] Progress: 82% (252/305) - Loss: 0.0700
[Client 2, Round 92] Progress: 83% (255/305) - Loss: 0.0681
[Client 2, Round 92] Progress: 84% (258/305) - Loss: 0.0820
[Client 2, Round 92] Progress: 85% (261/305) - Loss: 0.0435
[Client 2, Round 92] Progress: 86% (264/305) - Loss: 0.0544
[Client 2, Round 92] Progress: 87% (267/305) - Loss: 0.2888
[Client 2, Round 92] Progress: 88% (270/305) - Loss: 0.0289
[Client 2, Round 92] Progress: 89% (273/305) - Loss: 0.1699
[Client 2, Round 92] Progress: 90% (276/305) - Loss: 0.0330
[Client 2, Round 92] Progress: 91% (279/305) - Loss: 0.1382
[Client 2, Round 92] Progress: 92% (282/305) - Loss: 0.0977
[Client 2, Round 92] Progress: 93% (285/305) - Loss: 0.0580
[Client 2, Round 92] Progress: 94% (288/305) - Loss: 0.1195
[Client 2, Round 92] Progress: 95% (291/305) - Loss: 0.1984
[Client 2, Round 92] Progress: 96% (294/305) - Loss: 0.1012
[Client 2, Round 92] Progress: 97% (297/305) - Loss: 0.0416
[Client 2, Round 92] Progress: 98% (300/305) - Loss: 0.0570
[Client 2, Round 92] Progress: 99% (303/305) - Loss: 0.0733
[Client 2, Round 92] Progress: 100% (305/305) - Loss: 0.0398
[Client 2, Round 92] Train Loss: 0.1260
[Client 2, Round 92] Val Loss: 0.0994 | Val Dice: 0.9020
[Client 2, Round 93] Progress: 0% (3/305) - Loss: 0.1422
[Client 2, Round 93] Progress: 1% (6/305) - Loss: 0.0572
[Client 2, Round 93] Progress: 2% (9/305) - Loss: 0.1104
[Client 2, Round 93] Progress: 3% (12/305) - Loss: 0.1052
[Client 2, Round 93] Progress: 4% (15/305) - Loss: 0.1252
[Client 2, Round 93] Progress: 5% (18/305) - Loss: 0.0827
[Client 2, Round 93] Progress: 6% (21/305) - Loss: 0.1059
[Client 2, Round 93] Progress: 7% (24/305) - Loss: 0.0915
[Client 2, Round 93] Progress: 8% (27/305) - Loss: 0.0547
[Client 2, Round 93] Progress: 9% (30/305) - Loss: 0.1304
[Client 2, Round 93] Progress: 10% (33/305) - Loss: 0.0545
[Client 2, Round 93] Progress: 11% (36/305) - Loss: 0.0339
[Client 2, Round 93] Progress: 12% (39/305) - Loss: 0.1028
[Client 2, Round 93] Progress: 13% (42/305) - Loss: 0.0629
[Client 2, Round 93] Progress: 14% (45/305) - Loss: 0.1201
[Client 2, Round 93] Progress: 15% (48/305) - Loss: 0.0387
[Client 2, Round 93] Progress: 16% (51/305) - Loss: 0.0719
[Client 2, Round 93] Progress: 17% (54/305) - Loss: 0.1839
[Client 2, Round 93] Progress: 18% (57/305) - Loss: 0.0519
[Client 2, Round 93] Progress: 19% (60/305) - Loss: 0.2463
[Client 2, Round 93] Progress: 20% (63/305) - Loss: 0.0415
[Client 2, Round 93] Progress: 21% (66/305) - Loss: 0.2279
[Client 2, Round 93] Progress: 22% (69/305) - Loss: 0.1166
[Client 2, Round 93] Progress: 23% (72/305) - Loss: 0.0872
[Client 2, Round 93] Progress: 24% (75/305) - Loss: 0.0993
[Client 2, Round 93] Progress: 25% (78/305) - Loss: 0.0898
[Client 2, Round 93] Progress: 26% (81/305) - Loss: 0.1355
[Client 2, Round 93] Progress: 27% (84/305) - Loss: 0.1322
[Client 2, Round 93] Progress: 28% (87/305) - Loss: 0.0668
[Client 2, Round 93] Progress: 29% (90/305) - Loss: 0.1457
[Client 2, Round 93] Progress: 30% (93/305) - Loss: 0.0391
[Client 2, Round 93] Progress: 31% (96/305) - Loss: 0.0538
[Client 2, Round 93] Progress: 32% (99/305) - Loss: 0.1326
[Client 2, Round 93] Progress: 33% (102/305) - Loss: 0.1222
[Client 2, Round 93] Progress: 34% (105/305) - Loss: 0.1181
[Client 2, Round 93] Progress: 35% (108/305) - Loss: 0.2731
[Client 2, Round 93] Progress: 36% (111/305) - Loss: 0.0673
[Client 2, Round 93] Progress: 37% (114/305) - Loss: 0.0632
[Client 2, Round 93] Progress: 38% (117/305) - Loss: 0.1753
[Client 2, Round 93] Progress: 39% (120/305) - Loss: 0.0786
[Client 2, Round 93] Progress: 40% (123/305) - Loss: 0.0697
[Client 2, Round 93] Progress: 41% (126/305) - Loss: 0.1397
[Client 2, Round 93] Progress: 42% (129/305) - Loss: 0.1947
[Client 2, Round 93] Progress: 43% (132/305) - Loss: 0.1269
[Client 2, Round 93] Progress: 44% (135/305) - Loss: 0.0589
[Client 2, Round 93] Progress: 45% (138/305) - Loss: 0.0956
[Client 2, Round 93] Progress: 46% (141/305) - Loss: 0.0958
[Client 2, Round 93] Progress: 47% (144/305) - Loss: 0.0771
[Client 2, Round 93] Progress: 48% (147/305) - Loss: 0.0764
[Client 2, Round 93] Progress: 49% (150/305) - Loss: 0.0779
[Client 2, Round 93] Progress: 50% (153/305) - Loss: 0.0886
[Client 2, Round 93] Progress: 51% (156/305) - Loss: 0.0772
[Client 2, Round 93] Progress: 52% (159/305) - Loss: 0.0480
[Client 2, Round 93] Progress: 53% (162/305) - Loss: 0.0622
[Client 2, Round 93] Progress: 54% (165/305) - Loss: 0.0991
[Client 2, Round 93] Progress: 55% (168/305) - Loss: 0.0855
[Client 2, Round 93] Progress: 56% (171/305) - Loss: 0.0811
[Client 2, Round 93] Progress: 57% (174/305) - Loss: 0.1272
[Client 2, Round 93] Progress: 58% (177/305) - Loss: 0.1222
[Client 2, Round 93] Progress: 59% (180/305) - Loss: 0.0517
[Client 2, Round 93] Progress: 60% (183/305) - Loss: 0.0443
[Client 2, Round 93] Progress: 60% (186/305) - Loss: 0.2716
[Client 2, Round 93] Progress: 61% (189/305) - Loss: 0.1222
[Client 2, Round 93] Progress: 62% (192/305) - Loss: 0.1463
[Client 2, Round 93] Progress: 63% (195/305) - Loss: 0.0972
[Client 2, Round 93] Progress: 64% (198/305) - Loss: 0.4647
[Client 2, Round 93] Progress: 65% (201/305) - Loss: 0.0622
[Client 2, Round 93] Progress: 66% (204/305) - Loss: 0.0927
[Client 2, Round 93] Progress: 67% (207/305) - Loss: 0.2262
[Client 2, Round 93] Progress: 68% (210/305) - Loss: 0.7927
[Client 2, Round 93] Progress: 69% (213/305) - Loss: 0.2913
[Client 2, Round 93] Progress: 70% (216/305) - Loss: 0.1620
[Client 2, Round 93] Progress: 71% (219/305) - Loss: 0.0751
[Client 2, Round 93] Progress: 72% (222/305) - Loss: 0.0834
[Client 2, Round 93] Progress: 73% (225/305) - Loss: 0.0347
[Client 2, Round 93] Progress: 74% (228/305) - Loss: 0.1456
[Client 2, Round 93] Progress: 75% (231/305) - Loss: 0.1301
[Client 2, Round 93] Progress: 76% (234/305) - Loss: 0.1328
[Client 2, Round 93] Progress: 77% (237/305) - Loss: 0.0574
[Client 2, Round 93] Progress: 78% (240/305) - Loss: 0.0666
[Client 2, Round 93] Progress: 79% (243/305) - Loss: 0.1545
[Client 2, Round 93] Progress: 80% (246/305) - Loss: 0.0507
[Client 2, Round 93] Progress: 81% (249/305) - Loss: 0.0865
[Client 2, Round 93] Progress: 82% (252/305) - Loss: 0.1108
[Client 2, Round 93] Progress: 83% (255/305) - Loss: 0.1432
[Client 2, Round 93] Progress: 84% (258/305) - Loss: 0.0860
[Client 2, Round 93] Progress: 85% (261/305) - Loss: 0.1582
[Client 2, Round 93] Progress: 86% (264/305) - Loss: 0.0655
[Client 2, Round 93] Progress: 87% (267/305) - Loss: 0.1000
[Client 2, Round 93] Progress: 88% (270/305) - Loss: 0.1112
[Client 2, Round 93] Progress: 89% (273/305) - Loss: 0.1370
[Client 2, Round 93] Progress: 90% (276/305) - Loss: 0.0832
[Client 2, Round 93] Progress: 91% (279/305) - Loss: 0.0967
[Client 2, Round 93] Progress: 92% (282/305) - Loss: 0.1340
[Client 2, Round 93] Progress: 93% (285/305) - Loss: 0.1571
[Client 2, Round 93] Progress: 94% (288/305) - Loss: 0.1060
[Client 2, Round 93] Progress: 95% (291/305) - Loss: 0.0476
[Client 2, Round 93] Progress: 96% (294/305) - Loss: 0.1236
[Client 2, Round 93] Progress: 97% (297/305) - Loss: 0.2491
[Client 2, Round 93] Progress: 98% (300/305) - Loss: 0.1609
[Client 2, Round 93] Progress: 99% (303/305) - Loss: 0.0908
[Client 2, Round 93] Progress: 100% (305/305) - Loss: 0.1087
[Client 2, Round 93] Train Loss: 0.1187
[Client 2, Round 93] Val Loss: 0.1190 | Val Dice: 0.8817
[Client 2, Round 94] Progress: 0% (3/305) - Loss: 0.1158
[Client 2, Round 94] Progress: 1% (6/305) - Loss: 0.2001
[Client 2, Round 94] Progress: 2% (9/305) - Loss: 0.2328
[Client 2, Round 94] Progress: 3% (12/305) - Loss: 0.0707
[Client 2, Round 94] Progress: 4% (15/305) - Loss: 0.5741
[Client 2, Round 94] Progress: 5% (18/305) - Loss: 0.0867
[Client 2, Round 94] Progress: 6% (21/305) - Loss: 0.0412
[Client 2, Round 94] Progress: 7% (24/305) - Loss: 0.4282
[Client 2, Round 94] Progress: 8% (27/305) - Loss: 0.2617
[Client 2, Round 94] Progress: 9% (30/305) - Loss: 0.0865
[Client 2, Round 94] Progress: 10% (33/305) - Loss: 0.2429
[Client 2, Round 94] Progress: 11% (36/305) - Loss: 0.1186
[Client 2, Round 94] Progress: 12% (39/305) - Loss: 0.2653
[Client 2, Round 94] Progress: 13% (42/305) - Loss: 0.0719
[Client 2, Round 94] Progress: 14% (45/305) - Loss: 0.1458
[Client 2, Round 94] Progress: 15% (48/305) - Loss: 0.0932
[Client 2, Round 94] Progress: 16% (51/305) - Loss: 0.0469
[Client 2, Round 94] Progress: 17% (54/305) - Loss: 0.0750
[Client 2, Round 94] Progress: 18% (57/305) - Loss: 0.0633
[Client 2, Round 94] Progress: 19% (60/305) - Loss: 0.1171
[Client 2, Round 94] Progress: 20% (63/305) - Loss: 0.1323
[Client 2, Round 94] Progress: 21% (66/305) - Loss: 0.0649
[Client 2, Round 94] Progress: 22% (69/305) - Loss: 0.0819
[Client 2, Round 94] Progress: 23% (72/305) - Loss: 0.0556
[Client 2, Round 94] Progress: 24% (75/305) - Loss: 0.1781
[Client 2, Round 94] Progress: 25% (78/305) - Loss: 0.1153
[Client 2, Round 94] Progress: 26% (81/305) - Loss: 0.0685
[Client 2, Round 94] Progress: 27% (84/305) - Loss: 0.1050
[Client 2, Round 94] Progress: 28% (87/305) - Loss: 0.0316
[Client 2, Round 94] Progress: 29% (90/305) - Loss: 0.0524
[Client 2, Round 94] Progress: 30% (93/305) - Loss: 0.1025
[Client 2, Round 94] Progress: 31% (96/305) - Loss: 0.1422
[Client 2, Round 94] Progress: 32% (99/305) - Loss: 0.1816
[Client 2, Round 94] Progress: 33% (102/305) - Loss: 0.0914
[Client 2, Round 94] Progress: 34% (105/305) - Loss: 0.1986
[Client 2, Round 94] Progress: 35% (108/305) - Loss: 0.0733
[Client 2, Round 94] Progress: 36% (111/305) - Loss: 0.1349
[Client 2, Round 94] Progress: 37% (114/305) - Loss: 0.1297
[Client 2, Round 94] Progress: 38% (117/305) - Loss: 0.1727
[Client 2, Round 94] Progress: 39% (120/305) - Loss: 0.1390
[Client 2, Round 94] Progress: 40% (123/305) - Loss: 0.3235
[Client 2, Round 94] Progress: 41% (126/305) - Loss: 0.0812
[Client 2, Round 94] Progress: 42% (129/305) - Loss: 0.1342
[Client 2, Round 94] Progress: 43% (132/305) - Loss: 0.1621
[Client 2, Round 94] Progress: 44% (135/305) - Loss: 0.1081
[Client 2, Round 94] Progress: 45% (138/305) - Loss: 0.1873
[Client 2, Round 94] Progress: 46% (141/305) - Loss: 0.1240
[Client 2, Round 94] Progress: 47% (144/305) - Loss: 0.1049
[Client 2, Round 94] Progress: 48% (147/305) - Loss: 0.9215
[Client 2, Round 94] Progress: 49% (150/305) - Loss: 0.1077
[Client 2, Round 94] Progress: 50% (153/305) - Loss: 0.1042
[Client 2, Round 94] Progress: 51% (156/305) - Loss: 0.0744
[Client 2, Round 94] Progress: 52% (159/305) - Loss: 0.1810
[Client 2, Round 94] Progress: 53% (162/305) - Loss: 0.2290
[Client 2, Round 94] Progress: 54% (165/305) - Loss: 0.1119
[Client 2, Round 94] Progress: 55% (168/305) - Loss: 0.0893
[Client 2, Round 94] Progress: 56% (171/305) - Loss: 0.1362
[Client 2, Round 94] Progress: 57% (174/305) - Loss: 0.1611
[Client 2, Round 94] Progress: 58% (177/305) - Loss: 0.1492
[Client 2, Round 94] Progress: 59% (180/305) - Loss: 0.1105
[Client 2, Round 94] Progress: 60% (183/305) - Loss: 0.0711
[Client 2, Round 94] Progress: 60% (186/305) - Loss: 0.1299
[Client 2, Round 94] Progress: 61% (189/305) - Loss: 0.0917
[Client 2, Round 94] Progress: 62% (192/305) - Loss: 0.1331
[Client 2, Round 94] Progress: 63% (195/305) - Loss: 0.0824
[Client 2, Round 94] Progress: 64% (198/305) - Loss: 0.0732
[Client 2, Round 94] Progress: 65% (201/305) - Loss: 0.0711
[Client 2, Round 94] Progress: 66% (204/305) - Loss: 0.0723
[Client 2, Round 94] Progress: 67% (207/305) - Loss: 0.0977
[Client 2, Round 94] Progress: 68% (210/305) - Loss: 0.0799
[Client 2, Round 94] Progress: 69% (213/305) - Loss: 0.1344
[Client 2, Round 94] Progress: 70% (216/305) - Loss: 0.1205
[Client 2, Round 94] Progress: 71% (219/305) - Loss: 0.0293
[Client 2, Round 94] Progress: 72% (222/305) - Loss: 0.0823
[Client 2, Round 94] Progress: 73% (225/305) - Loss: 0.1197
[Client 2, Round 94] Progress: 74% (228/305) - Loss: 0.0588
[Client 2, Round 94] Progress: 75% (231/305) - Loss: 0.1091
[Client 2, Round 94] Progress: 76% (234/305) - Loss: 0.0840
[Client 2, Round 94] Progress: 77% (237/305) - Loss: 0.1266
[Client 2, Round 94] Progress: 78% (240/305) - Loss: 0.1227
[Client 2, Round 94] Progress: 79% (243/305) - Loss: 0.0652
[Client 2, Round 94] Progress: 80% (246/305) - Loss: 0.0424
[Client 2, Round 94] Progress: 81% (249/305) - Loss: 0.1005
[Client 2, Round 94] Progress: 82% (252/305) - Loss: 0.1301
[Client 2, Round 94] Progress: 83% (255/305) - Loss: 0.0709
[Client 2, Round 94] Progress: 84% (258/305) - Loss: 0.0883
[Client 2, Round 94] Progress: 85% (261/305) - Loss: 0.0648
[Client 2, Round 94] Progress: 86% (264/305) - Loss: 0.1363
[Client 2, Round 94] Progress: 87% (267/305) - Loss: 0.2314
[Client 2, Round 94] Progress: 88% (270/305) - Loss: 0.2247
[Client 2, Round 94] Progress: 89% (273/305) - Loss: 0.0724
[Client 2, Round 94] Progress: 90% (276/305) - Loss: 0.1337
[Client 2, Round 94] Progress: 91% (279/305) - Loss: 0.0398
[Client 2, Round 94] Progress: 92% (282/305) - Loss: 0.0719
[Client 2, Round 94] Progress: 93% (285/305) - Loss: 0.1467
[Client 2, Round 94] Progress: 94% (288/305) - Loss: 0.0990
[Client 2, Round 94] Progress: 95% (291/305) - Loss: 0.1207
[Client 2, Round 94] Progress: 96% (294/305) - Loss: 0.1348
[Client 2, Round 94] Progress: 97% (297/305) - Loss: 0.1519
[Client 2, Round 94] Progress: 98% (300/305) - Loss: 0.1543
[Client 2, Round 94] Progress: 99% (303/305) - Loss: 0.0343
[Client 2, Round 94] Progress: 100% (305/305) - Loss: 0.0468
[Client 2, Round 94] Train Loss: 0.1248
[Client 2, Round 94] Val Loss: 0.1201 | Val Dice: 0.8800
[Client 2, Round 95] Progress: 0% (3/305) - Loss: 0.0977
[Client 2, Round 95] Progress: 1% (6/305) - Loss: 0.0650
[Client 2, Round 95] Progress: 2% (9/305) - Loss: 0.0855
[Client 2, Round 95] Progress: 3% (12/305) - Loss: 0.0773
[Client 2, Round 95] Progress: 4% (15/305) - Loss: 0.1322
[Client 2, Round 95] Progress: 5% (18/305) - Loss: 0.0677
[Client 2, Round 95] Progress: 6% (21/305) - Loss: 0.0399
[Client 2, Round 95] Progress: 7% (24/305) - Loss: 0.1120
[Client 2, Round 95] Progress: 8% (27/305) - Loss: 0.0764
[Client 2, Round 95] Progress: 9% (30/305) - Loss: 0.1404
[Client 2, Round 95] Progress: 10% (33/305) - Loss: 0.0779
[Client 2, Round 95] Progress: 11% (36/305) - Loss: 0.0900
[Client 2, Round 95] Progress: 12% (39/305) - Loss: 0.0668
[Client 2, Round 95] Progress: 13% (42/305) - Loss: 0.0885
[Client 2, Round 95] Progress: 14% (45/305) - Loss: 0.0666
[Client 2, Round 95] Progress: 15% (48/305) - Loss: 0.0909
[Client 2, Round 95] Progress: 16% (51/305) - Loss: 0.1903
[Client 2, Round 95] Progress: 17% (54/305) - Loss: 0.1608
[Client 2, Round 95] Progress: 18% (57/305) - Loss: 0.0748
[Client 2, Round 95] Progress: 19% (60/305) - Loss: 0.0417
[Client 2, Round 95] Progress: 20% (63/305) - Loss: 0.1069
[Client 2, Round 95] Progress: 21% (66/305) - Loss: 0.1399
[Client 2, Round 95] Progress: 22% (69/305) - Loss: 0.1208
[Client 2, Round 95] Progress: 23% (72/305) - Loss: 0.1034
[Client 2, Round 95] Progress: 24% (75/305) - Loss: 0.1895
[Client 2, Round 95] Progress: 25% (78/305) - Loss: 0.1741
[Client 2, Round 95] Progress: 26% (81/305) - Loss: 0.1032
[Client 2, Round 95] Progress: 27% (84/305) - Loss: 0.1265
[Client 2, Round 95] Progress: 28% (87/305) - Loss: 0.1462
[Client 2, Round 95] Progress: 29% (90/305) - Loss: 0.1257
[Client 2, Round 95] Progress: 30% (93/305) - Loss: 0.4982
[Client 2, Round 95] Progress: 31% (96/305) - Loss: 0.0445
[Client 2, Round 95] Progress: 32% (99/305) - Loss: 0.0768
[Client 2, Round 95] Progress: 33% (102/305) - Loss: 0.0281
[Client 2, Round 95] Progress: 34% (105/305) - Loss: 0.2122
[Client 2, Round 95] Progress: 35% (108/305) - Loss: 0.1018
[Client 2, Round 95] Progress: 36% (111/305) - Loss: 0.1483
[Client 2, Round 95] Progress: 37% (114/305) - Loss: 0.1381
[Client 2, Round 95] Progress: 38% (117/305) - Loss: 0.0662
[Client 2, Round 95] Progress: 39% (120/305) - Loss: 0.7886
[Client 2, Round 95] Progress: 40% (123/305) - Loss: 0.0676
[Client 2, Round 95] Progress: 41% (126/305) - Loss: 0.1812
[Client 2, Round 95] Progress: 42% (129/305) - Loss: 0.5253
[Client 2, Round 95] Progress: 43% (132/305) - Loss: 0.0717
[Client 2, Round 95] Progress: 44% (135/305) - Loss: 0.0875
[Client 2, Round 95] Progress: 45% (138/305) - Loss: 0.2817
[Client 2, Round 95] Progress: 46% (141/305) - Loss: 0.0551
[Client 2, Round 95] Progress: 47% (144/305) - Loss: 0.0608
[Client 2, Round 95] Progress: 48% (147/305) - Loss: 0.2618
[Client 2, Round 95] Progress: 49% (150/305) - Loss: 0.1168
[Client 2, Round 95] Progress: 50% (153/305) - Loss: 0.1023
[Client 2, Round 95] Progress: 51% (156/305) - Loss: 0.0730
[Client 2, Round 95] Progress: 52% (159/305) - Loss: 0.1595
[Client 2, Round 95] Progress: 53% (162/305) - Loss: 0.0733
[Client 2, Round 95] Progress: 54% (165/305) - Loss: 0.1243
[Client 2, Round 95] Progress: 55% (168/305) - Loss: 0.1206
[Client 2, Round 95] Progress: 56% (171/305) - Loss: 0.0445
[Client 2, Round 95] Progress: 57% (174/305) - Loss: 0.0805
[Client 2, Round 95] Progress: 58% (177/305) - Loss: 0.0679
[Client 2, Round 95] Progress: 59% (180/305) - Loss: 0.1266
[Client 2, Round 95] Progress: 60% (183/305) - Loss: 0.0683
[Client 2, Round 95] Progress: 60% (186/305) - Loss: 0.0407
[Client 2, Round 95] Progress: 61% (189/305) - Loss: 0.1111
[Client 2, Round 95] Progress: 62% (192/305) - Loss: 0.1457
[Client 2, Round 95] Progress: 63% (195/305) - Loss: 0.0996
[Client 2, Round 95] Progress: 64% (198/305) - Loss: 0.1582
[Client 2, Round 95] Progress: 65% (201/305) - Loss: 0.1269
[Client 2, Round 95] Progress: 66% (204/305) - Loss: 0.1357
[Client 2, Round 95] Progress: 67% (207/305) - Loss: 0.1161
[Client 2, Round 95] Progress: 68% (210/305) - Loss: 0.1008
[Client 2, Round 95] Progress: 69% (213/305) - Loss: 0.0757
[Client 2, Round 95] Progress: 70% (216/305) - Loss: 0.0632
[Client 2, Round 95] Progress: 71% (219/305) - Loss: 0.0867
[Client 2, Round 95] Progress: 72% (222/305) - Loss: 0.0734
[Client 2, Round 95] Progress: 73% (225/305) - Loss: 0.2215
[Client 2, Round 95] Progress: 74% (228/305) - Loss: 0.1788
[Client 2, Round 95] Progress: 75% (231/305) - Loss: 0.1177
[Client 2, Round 95] Progress: 76% (234/305) - Loss: 0.1385
[Client 2, Round 95] Progress: 77% (237/305) - Loss: 0.0562
[Client 2, Round 95] Progress: 78% (240/305) - Loss: 0.0676
[Client 2, Round 95] Progress: 79% (243/305) - Loss: 0.1058
[Client 2, Round 95] Progress: 80% (246/305) - Loss: 0.1484
[Client 2, Round 95] Progress: 81% (249/305) - Loss: 0.0909
[Client 2, Round 95] Progress: 82% (252/305) - Loss: 0.0479
[Client 2, Round 95] Progress: 83% (255/305) - Loss: 0.0897
[Client 2, Round 95] Progress: 84% (258/305) - Loss: 0.0622
[Client 2, Round 95] Progress: 85% (261/305) - Loss: 0.0668
[Client 2, Round 95] Progress: 86% (264/305) - Loss: 0.0571
[Client 2, Round 95] Progress: 87% (267/305) - Loss: 0.0846
[Client 2, Round 95] Progress: 88% (270/305) - Loss: 0.1237
[Client 2, Round 95] Progress: 89% (273/305) - Loss: 0.0709
[Client 2, Round 95] Progress: 90% (276/305) - Loss: 0.0444
[Client 2, Round 95] Progress: 91% (279/305) - Loss: 0.1300
[Client 2, Round 95] Progress: 92% (282/305) - Loss: 0.0790
[Client 2, Round 95] Progress: 93% (285/305) - Loss: 0.0605
[Client 2, Round 95] Progress: 94% (288/305) - Loss: 0.2316
[Client 2, Round 95] Progress: 95% (291/305) - Loss: 0.0703
[Client 2, Round 95] Progress: 96% (294/305) - Loss: 0.1158
[Client 2, Round 95] Progress: 97% (297/305) - Loss: 0.0608
[Client 2, Round 95] Progress: 98% (300/305) - Loss: 0.1944
[Client 2, Round 95] Progress: 99% (303/305) - Loss: 0.1153
[Client 2, Round 95] Progress: 100% (305/305) - Loss: 0.0857
[Client 2, Round 95] Train Loss: 0.1174
[Client 2, Round 95] Val Loss: 0.1147 | Val Dice: 0.8860
[Client 2, Round 96] Progress: 0% (3/305) - Loss: 0.0291
[Client 2, Round 96] Progress: 1% (6/305) - Loss: 0.0638
[Client 2, Round 96] Progress: 2% (9/305) - Loss: 0.0986
[Client 2, Round 96] Progress: 3% (12/305) - Loss: 0.0850
[Client 2, Round 96] Progress: 4% (15/305) - Loss: 0.0535
[Client 2, Round 96] Progress: 5% (18/305) - Loss: 0.0359
[Client 2, Round 96] Progress: 6% (21/305) - Loss: 0.0643
[Client 2, Round 96] Progress: 7% (24/305) - Loss: 0.0689
[Client 2, Round 96] Progress: 8% (27/305) - Loss: 0.3418
[Client 2, Round 96] Progress: 9% (30/305) - Loss: 0.0953
[Client 2, Round 96] Progress: 10% (33/305) - Loss: 0.0651
[Client 2, Round 96] Progress: 11% (36/305) - Loss: 0.4167
[Client 2, Round 96] Progress: 12% (39/305) - Loss: 0.3675
[Client 2, Round 96] Progress: 13% (42/305) - Loss: 0.1705
[Client 2, Round 96] Progress: 14% (45/305) - Loss: 0.1203
[Client 2, Round 96] Progress: 15% (48/305) - Loss: 0.0514
[Client 2, Round 96] Progress: 16% (51/305) - Loss: 0.2627
[Client 2, Round 96] Progress: 17% (54/305) - Loss: 0.1749
[Client 2, Round 96] Progress: 18% (57/305) - Loss: 0.0657
[Client 2, Round 96] Progress: 19% (60/305) - Loss: 0.0811
[Client 2, Round 96] Progress: 20% (63/305) - Loss: 0.1421
[Client 2, Round 96] Progress: 21% (66/305) - Loss: 0.0988
[Client 2, Round 96] Progress: 22% (69/305) - Loss: 0.1116
[Client 2, Round 96] Progress: 23% (72/305) - Loss: 0.0866
[Client 2, Round 96] Progress: 24% (75/305) - Loss: 0.0798
[Client 2, Round 96] Progress: 25% (78/305) - Loss: 0.1101
[Client 2, Round 96] Progress: 26% (81/305) - Loss: 0.0574
[Client 2, Round 96] Progress: 27% (84/305) - Loss: 0.0866
[Client 2, Round 96] Progress: 28% (87/305) - Loss: 0.1056
[Client 2, Round 96] Progress: 29% (90/305) - Loss: 0.0612
[Client 2, Round 96] Progress: 30% (93/305) - Loss: 0.1344
[Client 2, Round 96] Progress: 31% (96/305) - Loss: 0.1324
[Client 2, Round 96] Progress: 32% (99/305) - Loss: 0.1446
[Client 2, Round 96] Progress: 33% (102/305) - Loss: 0.1171
[Client 2, Round 96] Progress: 34% (105/305) - Loss: 0.0987
[Client 2, Round 96] Progress: 35% (108/305) - Loss: 0.1599
[Client 2, Round 96] Progress: 36% (111/305) - Loss: 0.0675
[Client 2, Round 96] Progress: 37% (114/305) - Loss: 0.0517
[Client 2, Round 96] Progress: 38% (117/305) - Loss: 0.0650
[Client 2, Round 96] Progress: 39% (120/305) - Loss: 0.0717
[Client 2, Round 96] Progress: 40% (123/305) - Loss: 0.0812
[Client 2, Round 96] Progress: 41% (126/305) - Loss: 0.0673
[Client 2, Round 96] Progress: 42% (129/305) - Loss: 0.1452
[Client 2, Round 96] Progress: 43% (132/305) - Loss: 0.1325
[Client 2, Round 96] Progress: 44% (135/305) - Loss: 0.0945
[Client 2, Round 96] Progress: 45% (138/305) - Loss: 0.1785
[Client 2, Round 96] Progress: 46% (141/305) - Loss: 0.0536
[Client 2, Round 96] Progress: 47% (144/305) - Loss: 0.1704
[Client 2, Round 96] Progress: 48% (147/305) - Loss: 0.1545
[Client 2, Round 96] Progress: 49% (150/305) - Loss: 0.1097
[Client 2, Round 96] Progress: 50% (153/305) - Loss: 0.0282
[Client 2, Round 96] Progress: 51% (156/305) - Loss: 0.0937
[Client 2, Round 96] Progress: 52% (159/305) - Loss: 0.1786
[Client 2, Round 96] Progress: 53% (162/305) - Loss: 0.0478
[Client 2, Round 96] Progress: 54% (165/305) - Loss: 0.1170
[Client 2, Round 96] Progress: 55% (168/305) - Loss: 0.0704
[Client 2, Round 96] Progress: 56% (171/305) - Loss: 0.0545
[Client 2, Round 96] Progress: 57% (174/305) - Loss: 0.0970
[Client 2, Round 96] Progress: 58% (177/305) - Loss: 0.1082
[Client 2, Round 96] Progress: 59% (180/305) - Loss: 0.1875
[Client 2, Round 96] Progress: 60% (183/305) - Loss: 0.0780
[Client 2, Round 96] Progress: 60% (186/305) - Loss: 0.0624
[Client 2, Round 96] Progress: 61% (189/305) - Loss: 0.2032
[Client 2, Round 96] Progress: 62% (192/305) - Loss: 0.1217
[Client 2, Round 96] Progress: 63% (195/305) - Loss: 0.1474
[Client 2, Round 96] Progress: 64% (198/305) - Loss: 0.0677
[Client 2, Round 96] Progress: 65% (201/305) - Loss: 0.0762
[Client 2, Round 96] Progress: 66% (204/305) - Loss: 0.1121
[Client 2, Round 96] Progress: 67% (207/305) - Loss: 0.0631
[Client 2, Round 96] Progress: 68% (210/305) - Loss: 0.2302
[Client 2, Round 96] Progress: 69% (213/305) - Loss: 0.1365
[Client 2, Round 96] Progress: 70% (216/305) - Loss: 0.0809
[Client 2, Round 96] Progress: 71% (219/305) - Loss: 0.1473
[Client 2, Round 96] Progress: 72% (222/305) - Loss: 0.0782
[Client 2, Round 96] Progress: 73% (225/305) - Loss: 0.0991
[Client 2, Round 96] Progress: 74% (228/305) - Loss: 0.1954
[Client 2, Round 96] Progress: 75% (231/305) - Loss: 0.0617
[Client 2, Round 96] Progress: 76% (234/305) - Loss: 0.2047
[Client 2, Round 96] Progress: 77% (237/305) - Loss: 0.0879
[Client 2, Round 96] Progress: 78% (240/305) - Loss: 0.0790
[Client 2, Round 96] Progress: 79% (243/305) - Loss: 0.1005
[Client 2, Round 96] Progress: 80% (246/305) - Loss: 0.0629
[Client 2, Round 96] Progress: 81% (249/305) - Loss: 0.2061
[Client 2, Round 96] Progress: 82% (252/305) - Loss: 0.0716
[Client 2, Round 96] Progress: 83% (255/305) - Loss: 0.0472
[Client 2, Round 96] Progress: 84% (258/305) - Loss: 0.1526
[Client 2, Round 96] Progress: 85% (261/305) - Loss: 0.0676
[Client 2, Round 96] Progress: 86% (264/305) - Loss: 0.2062
[Client 2, Round 96] Progress: 87% (267/305) - Loss: 0.0712
[Client 2, Round 96] Progress: 88% (270/305) - Loss: 0.1652
[Client 2, Round 96] Progress: 89% (273/305) - Loss: 0.0403
[Client 2, Round 96] Progress: 90% (276/305) - Loss: 0.1113
[Client 2, Round 96] Progress: 91% (279/305) - Loss: 0.5580
[Client 2, Round 96] Progress: 92% (282/305) - Loss: 0.0689
[Client 2, Round 96] Progress: 93% (285/305) - Loss: 0.1551
[Client 2, Round 96] Progress: 94% (288/305) - Loss: 0.1007
[Client 2, Round 96] Progress: 95% (291/305) - Loss: 0.1552
[Client 2, Round 96] Progress: 96% (294/305) - Loss: 0.0825
[Client 2, Round 96] Progress: 97% (297/305) - Loss: 0.1030
[Client 2, Round 96] Progress: 98% (300/305) - Loss: 0.0592
[Client 2, Round 96] Progress: 99% (303/305) - Loss: 0.1549
[Client 2, Round 96] Progress: 100% (305/305) - Loss: 0.3093
[Client 2, Round 96] Train Loss: 0.1233
[Client 2, Round 96] Val Loss: 0.1097 | Val Dice: 0.8924
[Client 2, Round 97] Progress: 0% (3/305) - Loss: 0.1288
[Client 2, Round 97] Progress: 1% (6/305) - Loss: 0.1169
[Client 2, Round 97] Progress: 2% (9/305) - Loss: 0.1357
[Client 2, Round 97] Progress: 3% (12/305) - Loss: 0.0403
[Client 2, Round 97] Progress: 4% (15/305) - Loss: 0.0411
[Client 2, Round 97] Progress: 5% (18/305) - Loss: 0.0753
[Client 2, Round 97] Progress: 6% (21/305) - Loss: 0.0744
[Client 2, Round 97] Progress: 7% (24/305) - Loss: 0.0630
[Client 2, Round 97] Progress: 8% (27/305) - Loss: 0.1596
[Client 2, Round 97] Progress: 9% (30/305) - Loss: 0.0877
[Client 2, Round 97] Progress: 10% (33/305) - Loss: 0.0650
[Client 2, Round 97] Progress: 11% (36/305) - Loss: 0.1284
[Client 2, Round 97] Progress: 12% (39/305) - Loss: 0.0850
[Client 2, Round 97] Progress: 13% (42/305) - Loss: 0.0835
[Client 2, Round 97] Progress: 14% (45/305) - Loss: 0.1973
[Client 2, Round 97] Progress: 15% (48/305) - Loss: 0.0788
[Client 2, Round 97] Progress: 16% (51/305) - Loss: 0.1131
[Client 2, Round 97] Progress: 17% (54/305) - Loss: 0.2195
[Client 2, Round 97] Progress: 18% (57/305) - Loss: 0.1200
[Client 2, Round 97] Progress: 19% (60/305) - Loss: 0.0571
[Client 2, Round 97] Progress: 20% (63/305) - Loss: 0.1667
[Client 2, Round 97] Progress: 21% (66/305) - Loss: 0.1384
[Client 2, Round 97] Progress: 22% (69/305) - Loss: 0.1089
[Client 2, Round 97] Progress: 23% (72/305) - Loss: 0.0550
[Client 2, Round 97] Progress: 24% (75/305) - Loss: 0.1572
[Client 2, Round 97] Progress: 25% (78/305) - Loss: 0.1232
[Client 2, Round 97] Progress: 26% (81/305) - Loss: 0.3498
[Client 2, Round 97] Progress: 27% (84/305) - Loss: 0.1417
[Client 2, Round 97] Progress: 28% (87/305) - Loss: 0.0901
[Client 2, Round 97] Progress: 29% (90/305) - Loss: 0.1021
[Client 2, Round 97] Progress: 30% (93/305) - Loss: 0.0779
[Client 2, Round 97] Progress: 31% (96/305) - Loss: 0.1801
[Client 2, Round 97] Progress: 32% (99/305) - Loss: 0.1232
[Client 2, Round 97] Progress: 33% (102/305) - Loss: 0.4238
[Client 2, Round 97] Progress: 34% (105/305) - Loss: 0.1080
[Client 2, Round 97] Progress: 35% (108/305) - Loss: 0.0701
[Client 2, Round 97] Progress: 36% (111/305) - Loss: 0.1249
[Client 2, Round 97] Progress: 37% (114/305) - Loss: 0.0702
[Client 2, Round 97] Progress: 38% (117/305) - Loss: 0.1247
[Client 2, Round 97] Progress: 39% (120/305) - Loss: 0.0939
[Client 2, Round 97] Progress: 40% (123/305) - Loss: 0.2172
[Client 2, Round 97] Progress: 41% (126/305) - Loss: 0.0601
[Client 2, Round 97] Progress: 42% (129/305) - Loss: 0.1750
[Client 2, Round 97] Progress: 43% (132/305) - Loss: 0.2056
[Client 2, Round 97] Progress: 44% (135/305) - Loss: 0.1149
[Client 2, Round 97] Progress: 45% (138/305) - Loss: 0.0827
[Client 2, Round 97] Progress: 46% (141/305) - Loss: 0.1105
[Client 2, Round 97] Progress: 47% (144/305) - Loss: 0.1297
[Client 2, Round 97] Progress: 48% (147/305) - Loss: 0.0903
[Client 2, Round 97] Progress: 49% (150/305) - Loss: 0.1532
[Client 2, Round 97] Progress: 50% (153/305) - Loss: 0.0999
[Client 2, Round 97] Progress: 51% (156/305) - Loss: 0.1240
[Client 2, Round 97] Progress: 52% (159/305) - Loss: 0.0638
[Client 2, Round 97] Progress: 53% (162/305) - Loss: 0.1213
[Client 2, Round 97] Progress: 54% (165/305) - Loss: 0.0607
[Client 2, Round 97] Progress: 55% (168/305) - Loss: 0.0416
[Client 2, Round 97] Progress: 56% (171/305) - Loss: 0.1195
[Client 2, Round 97] Progress: 57% (174/305) - Loss: 0.0900
[Client 2, Round 97] Progress: 58% (177/305) - Loss: 0.2336
[Client 2, Round 97] Progress: 59% (180/305) - Loss: 0.0444
[Client 2, Round 97] Progress: 60% (183/305) - Loss: 0.0742
[Client 2, Round 97] Progress: 60% (186/305) - Loss: 0.1812
[Client 2, Round 97] Progress: 61% (189/305) - Loss: 0.1725
[Client 2, Round 97] Progress: 62% (192/305) - Loss: 0.0419
[Client 2, Round 97] Progress: 63% (195/305) - Loss: 0.0564
[Client 2, Round 97] Progress: 64% (198/305) - Loss: 0.7495
[Client 2, Round 97] Progress: 65% (201/305) - Loss: 0.0792
[Client 2, Round 97] Progress: 66% (204/305) - Loss: 0.1134
[Client 2, Round 97] Progress: 67% (207/305) - Loss: 0.1045
[Client 2, Round 97] Progress: 68% (210/305) - Loss: 0.0783
[Client 2, Round 97] Progress: 69% (213/305) - Loss: 0.1190
[Client 2, Round 97] Progress: 70% (216/305) - Loss: 0.1213
[Client 2, Round 97] Progress: 71% (219/305) - Loss: 0.1075
[Client 2, Round 97] Progress: 72% (222/305) - Loss: 0.1274
[Client 2, Round 97] Progress: 73% (225/305) - Loss: 0.1076
[Client 2, Round 97] Progress: 74% (228/305) - Loss: 0.1311
[Client 2, Round 97] Progress: 75% (231/305) - Loss: 0.1859
[Client 2, Round 97] Progress: 76% (234/305) - Loss: 0.0837
[Client 2, Round 97] Progress: 77% (237/305) - Loss: 0.0695
[Client 2, Round 97] Progress: 78% (240/305) - Loss: 0.3027
[Client 2, Round 97] Progress: 79% (243/305) - Loss: 0.1163
[Client 2, Round 97] Progress: 80% (246/305) - Loss: 0.4866
[Client 2, Round 97] Progress: 81% (249/305) - Loss: 0.1722
[Client 2, Round 97] Progress: 82% (252/305) - Loss: 0.0827
[Client 2, Round 97] Progress: 83% (255/305) - Loss: 0.1013
[Client 2, Round 97] Progress: 84% (258/305) - Loss: 0.1371
[Client 2, Round 97] Progress: 85% (261/305) - Loss: 0.0663
[Client 2, Round 97] Progress: 86% (264/305) - Loss: 0.0555
[Client 2, Round 97] Progress: 87% (267/305) - Loss: 0.0888
[Client 2, Round 97] Progress: 88% (270/305) - Loss: 0.1139
[Client 2, Round 97] Progress: 89% (273/305) - Loss: 0.0821
[Client 2, Round 97] Progress: 90% (276/305) - Loss: 0.0701
[Client 2, Round 97] Progress: 91% (279/305) - Loss: 0.0763
[Client 2, Round 97] Progress: 92% (282/305) - Loss: 0.0711
[Client 2, Round 97] Progress: 93% (285/305) - Loss: 0.0413
[Client 2, Round 97] Progress: 94% (288/305) - Loss: 0.0677
[Client 2, Round 97] Progress: 95% (291/305) - Loss: 0.0648
[Client 2, Round 97] Progress: 96% (294/305) - Loss: 0.0662
[Client 2, Round 97] Progress: 97% (297/305) - Loss: 0.1023
[Client 2, Round 97] Progress: 98% (300/305) - Loss: 0.1040
[Client 2, Round 97] Progress: 99% (303/305) - Loss: 0.3097
[Client 2, Round 97] Progress: 100% (305/305) - Loss: 0.0639
[Client 2, Round 97] Train Loss: 0.1223
[Client 2, Round 97] Val Loss: 0.1062 | Val Dice: 0.8968
[Client 2, Round 98] Progress: 0% (3/305) - Loss: 0.1636
[Client 2, Round 98] Progress: 1% (6/305) - Loss: 0.0660
[Client 2, Round 98] Progress: 2% (9/305) - Loss: 0.1247
[Client 2, Round 98] Progress: 3% (12/305) - Loss: 0.0945
[Client 2, Round 98] Progress: 4% (15/305) - Loss: 0.0800
[Client 2, Round 98] Progress: 5% (18/305) - Loss: 0.0644
[Client 2, Round 98] Progress: 6% (21/305) - Loss: 0.0709
[Client 2, Round 98] Progress: 7% (24/305) - Loss: 0.2554
[Client 2, Round 98] Progress: 8% (27/305) - Loss: 0.1116
[Client 2, Round 98] Progress: 9% (30/305) - Loss: 0.0952
[Client 2, Round 98] Progress: 10% (33/305) - Loss: 0.0476
[Client 2, Round 98] Progress: 11% (36/305) - Loss: 0.1205
[Client 2, Round 98] Progress: 12% (39/305) - Loss: 0.1033
[Client 2, Round 98] Progress: 13% (42/305) - Loss: 0.2179
[Client 2, Round 98] Progress: 14% (45/305) - Loss: 0.0918
[Client 2, Round 98] Progress: 15% (48/305) - Loss: 0.1498
[Client 2, Round 98] Progress: 16% (51/305) - Loss: 0.0332
[Client 2, Round 98] Progress: 17% (54/305) - Loss: 0.1671
[Client 2, Round 98] Progress: 18% (57/305) - Loss: 0.0726
[Client 2, Round 98] Progress: 19% (60/305) - Loss: 0.0467
[Client 2, Round 98] Progress: 20% (63/305) - Loss: 0.0643
[Client 2, Round 98] Progress: 21% (66/305) - Loss: 0.1317
[Client 2, Round 98] Progress: 22% (69/305) - Loss: 0.0851
[Client 2, Round 98] Progress: 23% (72/305) - Loss: 0.0745
[Client 2, Round 98] Progress: 24% (75/305) - Loss: 0.0873
[Client 2, Round 98] Progress: 25% (78/305) - Loss: 0.1142
[Client 2, Round 98] Progress: 26% (81/305) - Loss: 0.2371
[Client 2, Round 98] Progress: 27% (84/305) - Loss: 0.6913
[Client 2, Round 98] Progress: 28% (87/305) - Loss: 0.1338
[Client 2, Round 98] Progress: 29% (90/305) - Loss: 0.0616
[Client 2, Round 98] Progress: 30% (93/305) - Loss: 0.0954
[Client 2, Round 98] Progress: 31% (96/305) - Loss: 0.1492
[Client 2, Round 98] Progress: 32% (99/305) - Loss: 0.0590
[Client 2, Round 98] Progress: 33% (102/305) - Loss: 0.0534
[Client 2, Round 98] Progress: 34% (105/305) - Loss: 0.0749
[Client 2, Round 98] Progress: 35% (108/305) - Loss: 0.0589
[Client 2, Round 98] Progress: 36% (111/305) - Loss: 0.0369
[Client 2, Round 98] Progress: 37% (114/305) - Loss: 0.0918
[Client 2, Round 98] Progress: 38% (117/305) - Loss: 0.1603
[Client 2, Round 98] Progress: 39% (120/305) - Loss: 0.1451
[Client 2, Round 98] Progress: 40% (123/305) - Loss: 0.5209
[Client 2, Round 98] Progress: 41% (126/305) - Loss: 0.1085
[Client 2, Round 98] Progress: 42% (129/305) - Loss: 0.0412
[Client 2, Round 98] Progress: 43% (132/305) - Loss: 0.1107
[Client 2, Round 98] Progress: 44% (135/305) - Loss: 0.1477
[Client 2, Round 98] Progress: 45% (138/305) - Loss: 0.0437
[Client 2, Round 98] Progress: 46% (141/305) - Loss: 0.0441
[Client 2, Round 98] Progress: 47% (144/305) - Loss: 0.1718
[Client 2, Round 98] Progress: 48% (147/305) - Loss: 0.0732
[Client 2, Round 98] Progress: 49% (150/305) - Loss: 0.2318
[Client 2, Round 98] Progress: 50% (153/305) - Loss: 0.0762
[Client 2, Round 98] Progress: 51% (156/305) - Loss: 0.1723
[Client 2, Round 98] Progress: 52% (159/305) - Loss: 0.0827
[Client 2, Round 98] Progress: 53% (162/305) - Loss: 0.0752
[Client 2, Round 98] Progress: 54% (165/305) - Loss: 0.2413
[Client 2, Round 98] Progress: 55% (168/305) - Loss: 0.0873
[Client 2, Round 98] Progress: 56% (171/305) - Loss: 0.0512
[Client 2, Round 98] Progress: 57% (174/305) - Loss: 0.0857
[Client 2, Round 98] Progress: 58% (177/305) - Loss: 0.1217
[Client 2, Round 98] Progress: 59% (180/305) - Loss: 0.1295
[Client 2, Round 98] Progress: 60% (183/305) - Loss: 0.1561
[Client 2, Round 98] Progress: 60% (186/305) - Loss: 0.1524
[Client 2, Round 98] Progress: 61% (189/305) - Loss: 0.0434
[Client 2, Round 98] Progress: 62% (192/305) - Loss: 0.1062
[Client 2, Round 98] Progress: 63% (195/305) - Loss: 0.0860
[Client 2, Round 98] Progress: 64% (198/305) - Loss: 0.0779
[Client 2, Round 98] Progress: 65% (201/305) - Loss: 0.0737
[Client 2, Round 98] Progress: 66% (204/305) - Loss: 0.1249
[Client 2, Round 98] Progress: 67% (207/305) - Loss: 0.0678
[Client 2, Round 98] Progress: 68% (210/305) - Loss: 0.1118
[Client 2, Round 98] Progress: 69% (213/305) - Loss: 0.0964
[Client 2, Round 98] Progress: 70% (216/305) - Loss: 0.0356
[Client 2, Round 98] Progress: 71% (219/305) - Loss: 0.0557
[Client 2, Round 98] Progress: 72% (222/305) - Loss: 0.0654
[Client 2, Round 98] Progress: 73% (225/305) - Loss: 0.0703
[Client 2, Round 98] Progress: 74% (228/305) - Loss: 0.4961
[Client 2, Round 98] Progress: 75% (231/305) - Loss: 0.1049
[Client 2, Round 98] Progress: 76% (234/305) - Loss: 0.0840
[Client 2, Round 98] Progress: 77% (237/305) - Loss: 0.0407
[Client 2, Round 98] Progress: 78% (240/305) - Loss: 0.1162
[Client 2, Round 98] Progress: 79% (243/305) - Loss: 0.0807
[Client 2, Round 98] Progress: 80% (246/305) - Loss: 0.1276
[Client 2, Round 98] Progress: 81% (249/305) - Loss: 0.0860
[Client 2, Round 98] Progress: 82% (252/305) - Loss: 0.0782
[Client 2, Round 98] Progress: 83% (255/305) - Loss: 0.1175
[Client 2, Round 98] Progress: 84% (258/305) - Loss: 0.1378
[Client 2, Round 98] Progress: 85% (261/305) - Loss: 0.2385
[Client 2, Round 98] Progress: 86% (264/305) - Loss: 0.3410
[Client 2, Round 98] Progress: 87% (267/305) - Loss: 0.3057
[Client 2, Round 98] Progress: 88% (270/305) - Loss: 0.1131
[Client 2, Round 98] Progress: 89% (273/305) - Loss: 0.0796
[Client 2, Round 98] Progress: 90% (276/305) - Loss: 0.2095
[Client 2, Round 98] Progress: 91% (279/305) - Loss: 0.1391
[Client 2, Round 98] Progress: 92% (282/305) - Loss: 0.1015
[Client 2, Round 98] Progress: 93% (285/305) - Loss: 0.1056
[Client 2, Round 98] Progress: 94% (288/305) - Loss: 0.0835
[Client 2, Round 98] Progress: 95% (291/305) - Loss: 0.1339
[Client 2, Round 98] Progress: 96% (294/305) - Loss: 0.1074
[Client 2, Round 98] Progress: 97% (297/305) - Loss: 0.2074
[Client 2, Round 98] Progress: 98% (300/305) - Loss: 0.1772
[Client 2, Round 98] Progress: 99% (303/305) - Loss: 0.0650
[Client 2, Round 98] Progress: 100% (305/305) - Loss: 0.1227
[Client 2, Round 98] Train Loss: 0.1220
[Client 2, Round 98] Val Loss: 0.1092 | Val Dice: 0.8923
[Client 2, Round 99] Progress: 0% (3/305) - Loss: 0.0912
[Client 2, Round 99] Progress: 1% (6/305) - Loss: 0.1586
[Client 2, Round 99] Progress: 2% (9/305) - Loss: 0.7730
[Client 2, Round 99] Progress: 3% (12/305) - Loss: 0.0994
[Client 2, Round 99] Progress: 4% (15/305) - Loss: 0.0660
[Client 2, Round 99] Progress: 5% (18/305) - Loss: 0.0734
[Client 2, Round 99] Progress: 6% (21/305) - Loss: 0.0465
[Client 2, Round 99] Progress: 7% (24/305) - Loss: 0.1193
[Client 2, Round 99] Progress: 8% (27/305) - Loss: 0.0759
[Client 2, Round 99] Progress: 9% (30/305) - Loss: 0.0587
[Client 2, Round 99] Progress: 10% (33/305) - Loss: 0.0787
[Client 2, Round 99] Progress: 11% (36/305) - Loss: 0.0454
[Client 2, Round 99] Progress: 12% (39/305) - Loss: 0.1535
[Client 2, Round 99] Progress: 13% (42/305) - Loss: 0.0366
[Client 2, Round 99] Progress: 14% (45/305) - Loss: 0.1394
[Client 2, Round 99] Progress: 15% (48/305) - Loss: 0.7059
[Client 2, Round 99] Progress: 16% (51/305) - Loss: 0.1926
[Client 2, Round 99] Progress: 17% (54/305) - Loss: 0.0731
[Client 2, Round 99] Progress: 18% (57/305) - Loss: 0.0522
[Client 2, Round 99] Progress: 19% (60/305) - Loss: 0.0708
[Client 2, Round 99] Progress: 20% (63/305) - Loss: 0.0682
[Client 2, Round 99] Progress: 21% (66/305) - Loss: 0.0891
[Client 2, Round 99] Progress: 22% (69/305) - Loss: 0.2051
[Client 2, Round 99] Progress: 23% (72/305) - Loss: 0.0748
[Client 2, Round 99] Progress: 24% (75/305) - Loss: 0.1267
[Client 2, Round 99] Progress: 25% (78/305) - Loss: 0.0284
[Client 2, Round 99] Progress: 26% (81/305) - Loss: 0.1158
[Client 2, Round 99] Progress: 27% (84/305) - Loss: 0.1146
[Client 2, Round 99] Progress: 28% (87/305) - Loss: 0.0603
[Client 2, Round 99] Progress: 29% (90/305) - Loss: 0.0460
[Client 2, Round 99] Progress: 30% (93/305) - Loss: 0.0593
[Client 2, Round 99] Progress: 31% (96/305) - Loss: 0.1033
[Client 2, Round 99] Progress: 32% (99/305) - Loss: 0.0513
[Client 2, Round 99] Progress: 33% (102/305) - Loss: 0.5730
[Client 2, Round 99] Progress: 34% (105/305) - Loss: 0.0628
[Client 2, Round 99] Progress: 35% (108/305) - Loss: 0.1176
[Client 2, Round 99] Progress: 36% (111/305) - Loss: 0.0744
[Client 2, Round 99] Progress: 37% (114/305) - Loss: 0.0643
[Client 2, Round 99] Progress: 38% (117/305) - Loss: 0.1105
[Client 2, Round 99] Progress: 39% (120/305) - Loss: 0.0737
[Client 2, Round 99] Progress: 40% (123/305) - Loss: 0.1632
[Client 2, Round 99] Progress: 41% (126/305) - Loss: 0.0936
[Client 2, Round 99] Progress: 42% (129/305) - Loss: 0.1321
[Client 2, Round 99] Progress: 43% (132/305) - Loss: 0.1012
[Client 2, Round 99] Progress: 44% (135/305) - Loss: 0.0606
[Client 2, Round 99] Progress: 45% (138/305) - Loss: 0.1101
[Client 2, Round 99] Progress: 46% (141/305) - Loss: 0.1163
[Client 2, Round 99] Progress: 47% (144/305) - Loss: 0.1854
[Client 2, Round 99] Progress: 48% (147/305) - Loss: 0.0470
[Client 2, Round 99] Progress: 49% (150/305) - Loss: 0.2076
[Client 2, Round 99] Progress: 50% (153/305) - Loss: 0.1125
[Client 2, Round 99] Progress: 51% (156/305) - Loss: 0.0681
[Client 2, Round 99] Progress: 52% (159/305) - Loss: 0.1473
[Client 2, Round 99] Progress: 53% (162/305) - Loss: 0.2141
[Client 2, Round 99] Progress: 54% (165/305) - Loss: 0.0667
[Client 2, Round 99] Progress: 55% (168/305) - Loss: 0.1183
[Client 2, Round 99] Progress: 56% (171/305) - Loss: 0.0651
[Client 2, Round 99] Progress: 57% (174/305) - Loss: 0.1260
[Client 2, Round 99] Progress: 58% (177/305) - Loss: 0.1153
[Client 2, Round 99] Progress: 59% (180/305) - Loss: 0.1629
[Client 2, Round 99] Progress: 60% (183/305) - Loss: 0.0346
[Client 2, Round 99] Progress: 60% (186/305) - Loss: 0.0676
[Client 2, Round 99] Progress: 61% (189/305) - Loss: 0.0598
[Client 2, Round 99] Progress: 62% (192/305) - Loss: 0.1490
[Client 2, Round 99] Progress: 63% (195/305) - Loss: 0.0315
[Client 2, Round 99] Progress: 64% (198/305) - Loss: 0.3329
[Client 2, Round 99] Progress: 65% (201/305) - Loss: 0.1702
[Client 2, Round 99] Progress: 66% (204/305) - Loss: 0.0771
[Client 2, Round 99] Progress: 67% (207/305) - Loss: 0.0709
[Client 2, Round 99] Progress: 68% (210/305) - Loss: 0.0598
[Client 2, Round 99] Progress: 69% (213/305) - Loss: 0.4188
[Client 2, Round 99] Progress: 70% (216/305) - Loss: 0.0904
[Client 2, Round 99] Progress: 71% (219/305) - Loss: 0.0370
[Client 2, Round 99] Progress: 72% (222/305) - Loss: 0.0551
[Client 2, Round 99] Progress: 73% (225/305) - Loss: 0.0822
[Client 2, Round 99] Progress: 74% (228/305) - Loss: 0.0581
[Client 2, Round 99] Progress: 75% (231/305) - Loss: 0.1767
[Client 2, Round 99] Progress: 76% (234/305) - Loss: 0.0783
[Client 2, Round 99] Progress: 77% (237/305) - Loss: 0.0778
[Client 2, Round 99] Progress: 78% (240/305) - Loss: 0.2002
[Client 2, Round 99] Progress: 79% (243/305) - Loss: 0.1907
[Client 2, Round 99] Progress: 80% (246/305) - Loss: 0.1256
[Client 2, Round 99] Progress: 81% (249/305) - Loss: 0.0954
[Client 2, Round 99] Progress: 82% (252/305) - Loss: 0.0983
[Client 2, Round 99] Progress: 83% (255/305) - Loss: 0.1739
[Client 2, Round 99] Progress: 84% (258/305) - Loss: 0.0978
[Client 2, Round 99] Progress: 85% (261/305) - Loss: 0.1923
[Client 2, Round 99] Progress: 86% (264/305) - Loss: 0.5395
[Client 2, Round 99] Progress: 87% (267/305) - Loss: 0.2147
[Client 2, Round 99] Progress: 88% (270/305) - Loss: 0.0609
[Client 2, Round 99] Progress: 89% (273/305) - Loss: 0.0771
[Client 2, Round 99] Progress: 90% (276/305) - Loss: 0.1159
[Client 2, Round 99] Progress: 91% (279/305) - Loss: 0.0423
[Client 2, Round 99] Progress: 92% (282/305) - Loss: 0.1728
[Client 2, Round 99] Progress: 93% (285/305) - Loss: 0.1286
[Client 2, Round 99] Progress: 94% (288/305) - Loss: 0.1114
[Client 2, Round 99] Progress: 95% (291/305) - Loss: 0.2117
[Client 2, Round 99] Progress: 96% (294/305) - Loss: 0.0557
[Client 2, Round 99] Progress: 97% (297/305) - Loss: 0.1192
[Client 2, Round 99] Progress: 98% (300/305) - Loss: 0.1035
[Client 2, Round 99] Progress: 99% (303/305) - Loss: 0.0620
[Client 2, Round 99] Progress: 100% (305/305) - Loss: 0.2334
[Client 2, Round 99] Train Loss: 0.1195
[Client 2, Round 99] Val Loss: 0.1094 | Val Dice: 0.8929
[Client 2, Round 100] Progress: 0% (3/305) - Loss: 0.0851
[Client 2, Round 100] Progress: 1% (6/305) - Loss: 0.1777
[Client 2, Round 100] Progress: 2% (9/305) - Loss: 0.0936
[Client 2, Round 100] Progress: 3% (12/305) - Loss: 0.0494
[Client 2, Round 100] Progress: 4% (15/305) - Loss: 0.0593
[Client 2, Round 100] Progress: 5% (18/305) - Loss: 0.0463
[Client 2, Round 100] Progress: 6% (21/305) - Loss: 0.6997
[Client 2, Round 100] Progress: 7% (24/305) - Loss: 0.1138
[Client 2, Round 100] Progress: 8% (27/305) - Loss: 0.0461
[Client 2, Round 100] Progress: 9% (30/305) - Loss: 0.0316
[Client 2, Round 100] Progress: 10% (33/305) - Loss: 0.1058
[Client 2, Round 100] Progress: 11% (36/305) - Loss: 0.0934
[Client 2, Round 100] Progress: 12% (39/305) - Loss: 0.0418
[Client 2, Round 100] Progress: 13% (42/305) - Loss: 0.0661
[Client 2, Round 100] Progress: 14% (45/305) - Loss: 0.1501
[Client 2, Round 100] Progress: 15% (48/305) - Loss: 0.1304
[Client 2, Round 100] Progress: 16% (51/305) - Loss: 0.1545
[Client 2, Round 100] Progress: 17% (54/305) - Loss: 0.0560
[Client 2, Round 100] Progress: 18% (57/305) - Loss: 0.0371
[Client 2, Round 100] Progress: 19% (60/305) - Loss: 0.1157
[Client 2, Round 100] Progress: 20% (63/305) - Loss: 0.1404
[Client 2, Round 100] Progress: 21% (66/305) - Loss: 0.1008
[Client 2, Round 100] Progress: 22% (69/305) - Loss: 0.5412
[Client 2, Round 100] Progress: 23% (72/305) - Loss: 0.0762
[Client 2, Round 100] Progress: 24% (75/305) - Loss: 0.0584
[Client 2, Round 100] Progress: 25% (78/305) - Loss: 0.0629
[Client 2, Round 100] Progress: 26% (81/305) - Loss: 0.1035
[Client 2, Round 100] Progress: 27% (84/305) - Loss: 0.1194
[Client 2, Round 100] Progress: 28% (87/305) - Loss: 0.0643
[Client 2, Round 100] Progress: 29% (90/305) - Loss: 0.0917
[Client 2, Round 100] Progress: 30% (93/305) - Loss: 0.0604
[Client 2, Round 100] Progress: 31% (96/305) - Loss: 0.0632
[Client 2, Round 100] Progress: 32% (99/305) - Loss: 0.1039
[Client 2, Round 100] Progress: 33% (102/305) - Loss: 0.0650
[Client 2, Round 100] Progress: 34% (105/305) - Loss: 0.1891
[Client 2, Round 100] Progress: 35% (108/305) - Loss: 0.1166
[Client 2, Round 100] Progress: 36% (111/305) - Loss: 0.1209
[Client 2, Round 100] Progress: 37% (114/305) - Loss: 0.1342
[Client 2, Round 100] Progress: 38% (117/305) - Loss: 0.0609
[Client 2, Round 100] Progress: 39% (120/305) - Loss: 0.2179
[Client 2, Round 100] Progress: 40% (123/305) - Loss: 0.0918
[Client 2, Round 100] Progress: 41% (126/305) - Loss: 0.2557
[Client 2, Round 100] Progress: 42% (129/305) - Loss: 0.0973
[Client 2, Round 100] Progress: 43% (132/305) - Loss: 0.3041
[Client 2, Round 100] Progress: 44% (135/305) - Loss: 0.0515
[Client 2, Round 100] Progress: 45% (138/305) - Loss: 0.0784
[Client 2, Round 100] Progress: 46% (141/305) - Loss: 0.1262
[Client 2, Round 100] Progress: 47% (144/305) - Loss: 0.1751
[Client 2, Round 100] Progress: 48% (147/305) - Loss: 0.1920
[Client 2, Round 100] Progress: 49% (150/305) - Loss: 0.0634
[Client 2, Round 100] Progress: 50% (153/305) - Loss: 0.0290
[Client 2, Round 100] Progress: 51% (156/305) - Loss: 0.0712
[Client 2, Round 100] Progress: 52% (159/305) - Loss: 0.1610
[Client 2, Round 100] Progress: 53% (162/305) - Loss: 0.0889
[Client 2, Round 100] Progress: 54% (165/305) - Loss: 0.1633
[Client 2, Round 100] Progress: 55% (168/305) - Loss: 0.1743
[Client 2, Round 100] Progress: 56% (171/305) - Loss: 0.0888
[Client 2, Round 100] Progress: 57% (174/305) - Loss: 0.2211
[Client 2, Round 100] Progress: 58% (177/305) - Loss: 0.0729
[Client 2, Round 100] Progress: 59% (180/305) - Loss: 0.1380
[Client 2, Round 100] Progress: 60% (183/305) - Loss: 0.3805
[Client 2, Round 100] Progress: 60% (186/305) - Loss: 0.0646
[Client 2, Round 100] Progress: 61% (189/305) - Loss: 0.1080
[Client 2, Round 100] Progress: 62% (192/305) - Loss: 0.1159
[Client 2, Round 100] Progress: 63% (195/305) - Loss: 0.1108
[Client 2, Round 100] Progress: 64% (198/305) - Loss: 0.1332
[Client 2, Round 100] Progress: 65% (201/305) - Loss: 0.0695
[Client 2, Round 100] Progress: 66% (204/305) - Loss: 0.1249
[Client 2, Round 100] Progress: 67% (207/305) - Loss: 0.0475
[Client 2, Round 100] Progress: 68% (210/305) - Loss: 0.0792
[Client 2, Round 100] Progress: 69% (213/305) - Loss: 0.1613
[Client 2, Round 100] Progress: 70% (216/305) - Loss: 0.2942
[Client 2, Round 100] Progress: 71% (219/305) - Loss: 0.1543
[Client 2, Round 100] Progress: 72% (222/305) - Loss: 0.1063
[Client 2, Round 100] Progress: 73% (225/305) - Loss: 0.2313
[Client 2, Round 100] Progress: 74% (228/305) - Loss: 0.0595
[Client 2, Round 100] Progress: 75% (231/305) - Loss: 0.0740
[Client 2, Round 100] Progress: 76% (234/305) - Loss: 0.0784
[Client 2, Round 100] Progress: 77% (237/305) - Loss: 0.1102
[Client 2, Round 100] Progress: 78% (240/305) - Loss: 0.0626
[Client 2, Round 100] Progress: 79% (243/305) - Loss: 0.1003
[Client 2, Round 100] Progress: 80% (246/305) - Loss: 0.0885
[Client 2, Round 100] Progress: 81% (249/305) - Loss: 0.1650
[Client 2, Round 100] Progress: 82% (252/305) - Loss: 0.0899
[Client 2, Round 100] Progress: 83% (255/305) - Loss: 0.0964
[Client 2, Round 100] Progress: 84% (258/305) - Loss: 0.3165
[Client 2, Round 100] Progress: 85% (261/305) - Loss: 0.2549
[Client 2, Round 100] Progress: 86% (264/305) - Loss: 0.2556
[Client 2, Round 100] Progress: 87% (267/305) - Loss: 0.0885
[Client 2, Round 100] Progress: 88% (270/305) - Loss: 0.1031
[Client 2, Round 100] Progress: 89% (273/305) - Loss: 0.3368
[Client 2, Round 100] Progress: 90% (276/305) - Loss: 0.0969
[Client 2, Round 100] Progress: 91% (279/305) - Loss: 0.2366
[Client 2, Round 100] Progress: 92% (282/305) - Loss: 0.1360
[Client 2, Round 100] Progress: 93% (285/305) - Loss: 0.2347
[Client 2, Round 100] Progress: 94% (288/305) - Loss: 0.1620
[Client 2, Round 100] Progress: 95% (291/305) - Loss: 0.1314
[Client 2, Round 100] Progress: 96% (294/305) - Loss: 0.1409
[Client 2, Round 100] Progress: 97% (297/305) - Loss: 0.1225
[Client 2, Round 100] Progress: 98% (300/305) - Loss: 0.1483
[Client 2, Round 100] Progress: 99% (303/305) - Loss: 0.1191
[Client 2, Round 100] Progress: 100% (305/305) - Loss: 0.1218
[Client 2, Round 100] Train Loss: 0.1241
[Client 2, Round 100] Val Loss: 0.1176 | Val Dice: 0.8847
=== FL Client 2 finished at Fri Jun 26 01:38:17 EDT 2026 ===
