Waiting for server address file...
=== FL Client 3 connecting to mdc-1057-13-8.rc.usf.edu:8080 from mdc-1057-18-4.rc.usf.edu at Thu Jun 25 14:40:05 EDT 2026 ===
==================================================
System Information for: Client 3
Node Name: mdc-1057-18-4.rc.usf.edu
OS Platform: Linux-3.10.0-1160.2.1.el7.x86_64-x86_64-with-glibc2.17
CPU: 32 physical cores, 64 logical cores
Total RAM: 251.21 GB
GPUs Available: 1
  GPU 0: NVIDIA L40S (VRAM: 44.53 GB)
==================================================
Client 3 using device: cuda
[Client 3] Connection attempt 1/10
[Client 3, Round 1] Progress: 0% (2/286) - Loss: 1.0289
[Client 3, Round 1] Progress: 1% (4/286) - Loss: 0.9675
[Client 3, Round 1] Progress: 2% (6/286) - Loss: 0.9541
[Client 3, Round 1] Progress: 2% (8/286) - Loss: 0.8363
[Client 3, Round 1] Progress: 3% (10/286) - Loss: 0.8297
[Client 3, Round 1] Progress: 4% (12/286) - Loss: 0.8361
[Client 3, Round 1] Progress: 4% (14/286) - Loss: 0.9615
[Client 3, Round 1] Progress: 5% (16/286) - Loss: 0.9634
[Client 3, Round 1] Progress: 6% (18/286) - Loss: 0.8541
[Client 3, Round 1] Progress: 6% (20/286) - Loss: 0.7722
[Client 3, Round 1] Progress: 7% (22/286) - Loss: 0.8361
[Client 3, Round 1] Progress: 8% (24/286) - Loss: 0.8153
[Client 3, Round 1] Progress: 9% (26/286) - Loss: 0.9269
[Client 3, Round 1] Progress: 9% (28/286) - Loss: 0.9319
[Client 3, Round 1] Progress: 10% (30/286) - Loss: 0.8363
[Client 3, Round 1] Progress: 11% (32/286) - Loss: 0.7243
[Client 3, Round 1] Progress: 11% (34/286) - Loss: 0.8592
[Client 3, Round 1] Progress: 12% (36/286) - Loss: 0.7693
[Client 3, Round 1] Progress: 13% (38/286) - Loss: 0.7956
[Client 3, Round 1] Progress: 13% (40/286) - Loss: 0.7023
[Client 3, Round 1] Progress: 14% (42/286) - Loss: 0.7116
[Client 3, Round 1] Progress: 15% (44/286) - Loss: 0.6983
[Client 3, Round 1] Progress: 16% (46/286) - Loss: 0.7212
[Client 3, Round 1] Progress: 16% (48/286) - Loss: 0.7831
[Client 3, Round 1] Progress: 17% (50/286) - Loss: 0.7717
[Client 3, Round 1] Progress: 18% (52/286) - Loss: 0.6953
[Client 3, Round 1] Progress: 18% (54/286) - Loss: 0.7170
[Client 3, Round 1] Progress: 19% (56/286) - Loss: 0.8675
[Client 3, Round 1] Progress: 20% (58/286) - Loss: 0.7785
[Client 3, Round 1] Progress: 20% (60/286) - Loss: 0.6814
[Client 3, Round 1] Progress: 21% (62/286) - Loss: 0.6606
[Client 3, Round 1] Progress: 22% (64/286) - Loss: 0.6802
[Client 3, Round 1] Progress: 23% (66/286) - Loss: 0.8545
[Client 3, Round 1] Progress: 23% (68/286) - Loss: 0.6269
[Client 3, Round 1] Progress: 24% (70/286) - Loss: 0.6485
[Client 3, Round 1] Progress: 25% (72/286) - Loss: 0.6228
[Client 3, Round 1] Progress: 25% (74/286) - Loss: 0.5900
[Client 3, Round 1] Progress: 26% (76/286) - Loss: 0.5573
[Client 3, Round 1] Progress: 27% (78/286) - Loss: 0.6621
[Client 3, Round 1] Progress: 27% (80/286) - Loss: 0.6380
[Client 3, Round 1] Progress: 28% (82/286) - Loss: 0.7934
[Client 3, Round 1] Progress: 29% (84/286) - Loss: 0.6470
[Client 3, Round 1] Progress: 30% (86/286) - Loss: 0.8421
[Client 3, Round 1] Progress: 30% (88/286) - Loss: 0.6948
[Client 3, Round 1] Progress: 31% (90/286) - Loss: 0.6193
[Client 3, Round 1] Progress: 32% (92/286) - Loss: 0.6489
[Client 3, Round 1] Progress: 32% (94/286) - Loss: 0.6113
[Client 3, Round 1] Progress: 33% (96/286) - Loss: 0.7371
[Client 3, Round 1] Progress: 34% (98/286) - Loss: 0.6448
[Client 3, Round 1] Progress: 34% (100/286) - Loss: 0.7765
[Client 3, Round 1] Progress: 35% (102/286) - Loss: 0.5321
[Client 3, Round 1] Progress: 36% (104/286) - Loss: 0.8536
[Client 3, Round 1] Progress: 37% (106/286) - Loss: 0.5376
[Client 3, Round 1] Progress: 37% (108/286) - Loss: 0.6258
[Client 3, Round 1] Progress: 38% (110/286) - Loss: 0.8771
[Client 3, Round 1] Progress: 39% (112/286) - Loss: 0.4981
[Client 3, Round 1] Progress: 39% (114/286) - Loss: 0.4401
[Client 3, Round 1] Progress: 40% (116/286) - Loss: 0.4448
[Client 3, Round 1] Progress: 41% (118/286) - Loss: 0.5880
[Client 3, Round 1] Progress: 41% (120/286) - Loss: 0.3998
[Client 3, Round 1] Progress: 42% (122/286) - Loss: 0.7306
[Client 3, Round 1] Progress: 43% (124/286) - Loss: 0.3774
[Client 3, Round 1] Progress: 44% (126/286) - Loss: 0.4380
[Client 3, Round 1] Progress: 44% (128/286) - Loss: 0.5387
[Client 3, Round 1] Progress: 45% (130/286) - Loss: 0.4170
[Client 3, Round 1] Progress: 46% (132/286) - Loss: 0.4058
[Client 3, Round 1] Progress: 46% (134/286) - Loss: 0.5115
[Client 3, Round 1] Progress: 47% (136/286) - Loss: 0.3691
[Client 3, Round 1] Progress: 48% (138/286) - Loss: 0.4940
[Client 3, Round 1] Progress: 48% (140/286) - Loss: 0.6263
[Client 3, Round 1] Progress: 49% (142/286) - Loss: 0.3653
[Client 3, Round 1] Progress: 50% (144/286) - Loss: 0.7274
[Client 3, Round 1] Progress: 51% (146/286) - Loss: 0.3828
[Client 3, Round 1] Progress: 51% (148/286) - Loss: 0.4715
[Client 3, Round 1] Progress: 52% (150/286) - Loss: 0.3121
[Client 3, Round 1] Progress: 53% (152/286) - Loss: 0.3583
[Client 3, Round 1] Progress: 53% (154/286) - Loss: 0.4089
[Client 3, Round 1] Progress: 54% (156/286) - Loss: 0.5519
[Client 3, Round 1] Progress: 55% (158/286) - Loss: 0.4466
[Client 3, Round 1] Progress: 55% (160/286) - Loss: 0.8361
[Client 3, Round 1] Progress: 56% (162/286) - Loss: 0.5451
[Client 3, Round 1] Progress: 57% (164/286) - Loss: 0.3499
[Client 3, Round 1] Progress: 58% (166/286) - Loss: 0.3701
[Client 3, Round 1] Progress: 58% (168/286) - Loss: 0.2602
[Client 3, Round 1] Progress: 59% (170/286) - Loss: 0.6422
[Client 3, Round 1] Progress: 60% (172/286) - Loss: 0.4170
[Client 3, Round 1] Progress: 60% (174/286) - Loss: 0.6505
[Client 3, Round 1] Progress: 61% (176/286) - Loss: 0.3859
[Client 3, Round 1] Progress: 62% (178/286) - Loss: 0.3245
[Client 3, Round 1] Progress: 62% (180/286) - Loss: 0.3649
[Client 3, Round 1] Progress: 63% (182/286) - Loss: 0.2826
[Client 3, Round 1] Progress: 64% (184/286) - Loss: 0.7027
[Client 3, Round 1] Progress: 65% (186/286) - Loss: 0.3572
[Client 3, Round 1] Progress: 65% (188/286) - Loss: 0.4526
[Client 3, Round 1] Progress: 66% (190/286) - Loss: 0.2705
[Client 3, Round 1] Progress: 67% (192/286) - Loss: 0.2831
[Client 3, Round 1] Progress: 67% (194/286) - Loss: 0.2856
[Client 3, Round 1] Progress: 68% (196/286) - Loss: 0.3377
[Client 3, Round 1] Progress: 69% (198/286) - Loss: 0.6184
[Client 3, Round 1] Progress: 69% (200/286) - Loss: 0.6798
[Client 3, Round 1] Progress: 70% (202/286) - Loss: 0.2687
[Client 3, Round 1] Progress: 71% (204/286) - Loss: 0.2421
[Client 3, Round 1] Progress: 72% (206/286) - Loss: 0.4025
[Client 3, Round 1] Progress: 72% (208/286) - Loss: 0.8920
[Client 3, Round 1] Progress: 73% (210/286) - Loss: 0.4897
[Client 3, Round 1] Progress: 74% (212/286) - Loss: 0.2382
[Client 3, Round 1] Progress: 74% (214/286) - Loss: 0.2708
[Client 3, Round 1] Progress: 75% (216/286) - Loss: 0.2789
[Client 3, Round 1] Progress: 76% (218/286) - Loss: 0.8415
[Client 3, Round 1] Progress: 76% (220/286) - Loss: 0.2955
[Client 3, Round 1] Progress: 77% (222/286) - Loss: 0.7851
[Client 3, Round 1] Progress: 78% (224/286) - Loss: 0.3434
[Client 3, Round 1] Progress: 79% (226/286) - Loss: 0.7877
[Client 3, Round 1] Progress: 79% (228/286) - Loss: 0.3477
[Client 3, Round 1] Progress: 80% (230/286) - Loss: 0.3864
[Client 3, Round 1] Progress: 81% (232/286) - Loss: 0.5443
[Client 3, Round 1] Progress: 81% (234/286) - Loss: 0.4743
[Client 3, Round 1] Progress: 82% (236/286) - Loss: 0.7572
[Client 3, Round 1] Progress: 83% (238/286) - Loss: 0.2280
[Client 3, Round 1] Progress: 83% (240/286) - Loss: 0.2489
[Client 3, Round 1] Progress: 84% (242/286) - Loss: 0.4007
[Client 3, Round 1] Progress: 85% (244/286) - Loss: 0.4032
[Client 3, Round 1] Progress: 86% (246/286) - Loss: 0.2355
[Client 3, Round 1] Progress: 86% (248/286) - Loss: 0.2682
[Client 3, Round 1] Progress: 87% (250/286) - Loss: 0.2555
[Client 3, Round 1] Progress: 88% (252/286) - Loss: 0.1953
[Client 3, Round 1] Progress: 88% (254/286) - Loss: 0.2899
[Client 3, Round 1] Progress: 89% (256/286) - Loss: 0.3721
[Client 3, Round 1] Progress: 90% (258/286) - Loss: 0.2473
[Client 3, Round 1] Progress: 90% (260/286) - Loss: 0.7004
[Client 3, Round 1] Progress: 91% (262/286) - Loss: 0.2938
[Client 3, Round 1] Progress: 92% (264/286) - Loss: 0.2596
[Client 3, Round 1] Progress: 93% (266/286) - Loss: 0.3722
[Client 3, Round 1] Progress: 93% (268/286) - Loss: 0.3336
[Client 3, Round 1] Progress: 94% (270/286) - Loss: 0.5390
[Client 3, Round 1] Progress: 95% (272/286) - Loss: 0.4904
[Client 3, Round 1] Progress: 95% (274/286) - Loss: 0.3174
[Client 3, Round 1] Progress: 96% (276/286) - Loss: 0.4119
[Client 3, Round 1] Progress: 97% (278/286) - Loss: 0.2527
[Client 3, Round 1] Progress: 97% (280/286) - Loss: 0.3256
[Client 3, Round 1] Progress: 98% (282/286) - Loss: 0.7719
[Client 3, Round 1] Progress: 99% (284/286) - Loss: 0.2305
[Client 3, Round 1] Progress: 100% (286/286) - Loss: 0.5374
[Client 3, Round 1] Train Loss: 0.5465
[Client 3, Round 1] Val Loss: 0.4157 | Val Dice: 0.7319
[Client 3, Round 2] Progress: 0% (2/286) - Loss: 0.1600
[Client 3, Round 2] Progress: 1% (4/286) - Loss: 0.1985
[Client 3, Round 2] Progress: 2% (6/286) - Loss: 0.1715
[Client 3, Round 2] Progress: 2% (8/286) - Loss: 0.1778
[Client 3, Round 2] Progress: 3% (10/286) - Loss: 0.1638
[Client 3, Round 2] Progress: 4% (12/286) - Loss: 0.4946
[Client 3, Round 2] Progress: 4% (14/286) - Loss: 0.2635
[Client 3, Round 2] Progress: 5% (16/286) - Loss: 0.2515
[Client 3, Round 2] Progress: 6% (18/286) - Loss: 0.3331
[Client 3, Round 2] Progress: 6% (20/286) - Loss: 0.2190
[Client 3, Round 2] Progress: 7% (22/286) - Loss: 0.3382
[Client 3, Round 2] Progress: 8% (24/286) - Loss: 0.1700
[Client 3, Round 2] Progress: 9% (26/286) - Loss: 0.3824
[Client 3, Round 2] Progress: 9% (28/286) - Loss: 0.5746
[Client 3, Round 2] Progress: 10% (30/286) - Loss: 0.2228
[Client 3, Round 2] Progress: 11% (32/286) - Loss: 0.2324
[Client 3, Round 2] Progress: 11% (34/286) - Loss: 0.2506
[Client 3, Round 2] Progress: 12% (36/286) - Loss: 0.2563
[Client 3, Round 2] Progress: 13% (38/286) - Loss: 0.1346
[Client 3, Round 2] Progress: 13% (40/286) - Loss: 0.1294
[Client 3, Round 2] Progress: 14% (42/286) - Loss: 0.4773
[Client 3, Round 2] Progress: 15% (44/286) - Loss: 0.2668
[Client 3, Round 2] Progress: 16% (46/286) - Loss: 0.2123
[Client 3, Round 2] Progress: 16% (48/286) - Loss: 0.1762
[Client 3, Round 2] Progress: 17% (50/286) - Loss: 0.3329
[Client 3, Round 2] Progress: 18% (52/286) - Loss: 0.9231
[Client 3, Round 2] Progress: 18% (54/286) - Loss: 0.4254
[Client 3, Round 2] Progress: 19% (56/286) - Loss: 0.6345
[Client 3, Round 2] Progress: 20% (58/286) - Loss: 0.4806
[Client 3, Round 2] Progress: 20% (60/286) - Loss: 0.1745
[Client 3, Round 2] Progress: 21% (62/286) - Loss: 0.1554
[Client 3, Round 2] Progress: 22% (64/286) - Loss: 0.2138
[Client 3, Round 2] Progress: 23% (66/286) - Loss: 0.1870
[Client 3, Round 2] Progress: 23% (68/286) - Loss: 0.1780
[Client 3, Round 2] Progress: 24% (70/286) - Loss: 0.1673
[Client 3, Round 2] Progress: 25% (72/286) - Loss: 0.2317
[Client 3, Round 2] Progress: 25% (74/286) - Loss: 0.7367
[Client 3, Round 2] Progress: 26% (76/286) - Loss: 0.6557
[Client 3, Round 2] Progress: 27% (78/286) - Loss: 0.1490
[Client 3, Round 2] Progress: 27% (80/286) - Loss: 0.2634
[Client 3, Round 2] Progress: 28% (82/286) - Loss: 0.6967
[Client 3, Round 2] Progress: 29% (84/286) - Loss: 0.1571
[Client 3, Round 2] Progress: 30% (86/286) - Loss: 0.1694
[Client 3, Round 2] Progress: 30% (88/286) - Loss: 0.1930
[Client 3, Round 2] Progress: 31% (90/286) - Loss: 0.2182
[Client 3, Round 2] Progress: 32% (92/286) - Loss: 0.1592
[Client 3, Round 2] Progress: 32% (94/286) - Loss: 0.2496
[Client 3, Round 2] Progress: 33% (96/286) - Loss: 0.6023
[Client 3, Round 2] Progress: 34% (98/286) - Loss: 0.1859
[Client 3, Round 2] Progress: 34% (100/286) - Loss: 0.1467
[Client 3, Round 2] Progress: 35% (102/286) - Loss: 0.1444
[Client 3, Round 2] Progress: 36% (104/286) - Loss: 0.1500
[Client 3, Round 2] Progress: 37% (106/286) - Loss: 0.4568
[Client 3, Round 2] Progress: 37% (108/286) - Loss: 0.3762
[Client 3, Round 2] Progress: 38% (110/286) - Loss: 0.2354
[Client 3, Round 2] Progress: 39% (112/286) - Loss: 0.1319
[Client 3, Round 2] Progress: 39% (114/286) - Loss: 0.4233
[Client 3, Round 2] Progress: 40% (116/286) - Loss: 0.2765
[Client 3, Round 2] Progress: 41% (118/286) - Loss: 0.1348
[Client 3, Round 2] Progress: 41% (120/286) - Loss: 0.2482
[Client 3, Round 2] Progress: 42% (122/286) - Loss: 0.1611
[Client 3, Round 2] Progress: 43% (124/286) - Loss: 0.4921
[Client 3, Round 2] Progress: 44% (126/286) - Loss: 0.2393
[Client 3, Round 2] Progress: 44% (128/286) - Loss: 0.2868
[Client 3, Round 2] Progress: 45% (130/286) - Loss: 0.1910
[Client 3, Round 2] Progress: 46% (132/286) - Loss: 0.1826
[Client 3, Round 2] Progress: 46% (134/286) - Loss: 0.3469
[Client 3, Round 2] Progress: 47% (136/286) - Loss: 0.2853
[Client 3, Round 2] Progress: 48% (138/286) - Loss: 0.2736
[Client 3, Round 2] Progress: 48% (140/286) - Loss: 0.4124
[Client 3, Round 2] Progress: 49% (142/286) - Loss: 0.1664
[Client 3, Round 2] Progress: 50% (144/286) - Loss: 0.6022
[Client 3, Round 2] Progress: 51% (146/286) - Loss: 0.1299
[Client 3, Round 2] Progress: 51% (148/286) - Loss: 0.4521
[Client 3, Round 2] Progress: 52% (150/286) - Loss: 0.2522
[Client 3, Round 2] Progress: 53% (152/286) - Loss: 0.1075
[Client 3, Round 2] Progress: 53% (154/286) - Loss: 0.6233
[Client 3, Round 2] Progress: 54% (156/286) - Loss: 0.4206
[Client 3, Round 2] Progress: 55% (158/286) - Loss: 0.5921
[Client 3, Round 2] Progress: 55% (160/286) - Loss: 0.3903
[Client 3, Round 2] Progress: 56% (162/286) - Loss: 0.1557
[Client 3, Round 2] Progress: 57% (164/286) - Loss: 0.1986
[Client 3, Round 2] Progress: 58% (166/286) - Loss: 0.1664
[Client 3, Round 2] Progress: 58% (168/286) - Loss: 0.4192
[Client 3, Round 2] Progress: 59% (170/286) - Loss: 0.1860
[Client 3, Round 2] Progress: 60% (172/286) - Loss: 0.1536
[Client 3, Round 2] Progress: 60% (174/286) - Loss: 0.4645
[Client 3, Round 2] Progress: 61% (176/286) - Loss: 0.2184
[Client 3, Round 2] Progress: 62% (178/286) - Loss: 0.3009
[Client 3, Round 2] Progress: 62% (180/286) - Loss: 0.2322
[Client 3, Round 2] Progress: 63% (182/286) - Loss: 0.2010
[Client 3, Round 2] Progress: 64% (184/286) - Loss: 0.1361
[Client 3, Round 2] Progress: 65% (186/286) - Loss: 0.1971
[Client 3, Round 2] Progress: 65% (188/286) - Loss: 0.8472
[Client 3, Round 2] Progress: 66% (190/286) - Loss: 0.3295
[Client 3, Round 2] Progress: 67% (192/286) - Loss: 0.2246
[Client 3, Round 2] Progress: 67% (194/286) - Loss: 0.1715
[Client 3, Round 2] Progress: 68% (196/286) - Loss: 0.1995
[Client 3, Round 2] Progress: 69% (198/286) - Loss: 0.9600
[Client 3, Round 2] Progress: 69% (200/286) - Loss: 0.4065
[Client 3, Round 2] Progress: 70% (202/286) - Loss: 0.1871
[Client 3, Round 2] Progress: 71% (204/286) - Loss: 0.2672
[Client 3, Round 2] Progress: 72% (206/286) - Loss: 0.4662
[Client 3, Round 2] Progress: 72% (208/286) - Loss: 0.1727
[Client 3, Round 2] Progress: 73% (210/286) - Loss: 0.4381
[Client 3, Round 2] Progress: 74% (212/286) - Loss: 0.1853
[Client 3, Round 2] Progress: 74% (214/286) - Loss: 0.1620
[Client 3, Round 2] Progress: 75% (216/286) - Loss: 0.2585
[Client 3, Round 2] Progress: 76% (218/286) - Loss: 0.5652
[Client 3, Round 2] Progress: 76% (220/286) - Loss: 0.2027
[Client 3, Round 2] Progress: 77% (222/286) - Loss: 0.1473
[Client 3, Round 2] Progress: 78% (224/286) - Loss: 0.2972
[Client 3, Round 2] Progress: 79% (226/286) - Loss: 0.3469
[Client 3, Round 2] Progress: 79% (228/286) - Loss: 0.4479
[Client 3, Round 2] Progress: 80% (230/286) - Loss: 0.4826
[Client 3, Round 2] Progress: 81% (232/286) - Loss: 0.4537
[Client 3, Round 2] Progress: 81% (234/286) - Loss: 0.6991
[Client 3, Round 2] Progress: 82% (236/286) - Loss: 0.3021
[Client 3, Round 2] Progress: 83% (238/286) - Loss: 0.5406
[Client 3, Round 2] Progress: 83% (240/286) - Loss: 0.1685
[Client 3, Round 2] Progress: 84% (242/286) - Loss: 0.6575
[Client 3, Round 2] Progress: 85% (244/286) - Loss: 0.2363
[Client 3, Round 2] Progress: 86% (246/286) - Loss: 0.1653
[Client 3, Round 2] Progress: 86% (248/286) - Loss: 0.1389
[Client 3, Round 2] Progress: 87% (250/286) - Loss: 0.2406
[Client 3, Round 2] Progress: 88% (252/286) - Loss: 0.3337
[Client 3, Round 2] Progress: 88% (254/286) - Loss: 0.3143
[Client 3, Round 2] Progress: 89% (256/286) - Loss: 0.3110
[Client 3, Round 2] Progress: 90% (258/286) - Loss: 0.1644
[Client 3, Round 2] Progress: 90% (260/286) - Loss: 0.1591
[Client 3, Round 2] Progress: 91% (262/286) - Loss: 0.6048
[Client 3, Round 2] Progress: 92% (264/286) - Loss: 0.1613
[Client 3, Round 2] Progress: 93% (266/286) - Loss: 0.1544
[Client 3, Round 2] Progress: 93% (268/286) - Loss: 0.5184
[Client 3, Round 2] Progress: 94% (270/286) - Loss: 0.4478
[Client 3, Round 2] Progress: 95% (272/286) - Loss: 0.2490
[Client 3, Round 2] Progress: 95% (274/286) - Loss: 0.3740
[Client 3, Round 2] Progress: 96% (276/286) - Loss: 0.5624
[Client 3, Round 2] Progress: 97% (278/286) - Loss: 0.1316
[Client 3, Round 2] Progress: 97% (280/286) - Loss: 0.2347
[Client 3, Round 2] Progress: 98% (282/286) - Loss: 0.1558
[Client 3, Round 2] Progress: 99% (284/286) - Loss: 0.1983
[Client 3, Round 2] Progress: 100% (286/286) - Loss: 0.1717
[Client 3, Round 2] Train Loss: 0.3012
[Client 3, Round 2] Val Loss: 0.3029 | Val Dice: 0.7422
[Client 3, Round 3] Progress: 0% (2/286) - Loss: 0.2570
[Client 3, Round 3] Progress: 1% (4/286) - Loss: 0.1731
[Client 3, Round 3] Progress: 2% (6/286) - Loss: 0.1958
[Client 3, Round 3] Progress: 2% (8/286) - Loss: 0.4412
[Client 3, Round 3] Progress: 3% (10/286) - Loss: 0.1384
[Client 3, Round 3] Progress: 4% (12/286) - Loss: 0.7563
[Client 3, Round 3] Progress: 4% (14/286) - Loss: 0.1635
[Client 3, Round 3] Progress: 5% (16/286) - Loss: 0.2077
[Client 3, Round 3] Progress: 6% (18/286) - Loss: 0.1722
[Client 3, Round 3] Progress: 6% (20/286) - Loss: 0.3139
[Client 3, Round 3] Progress: 7% (22/286) - Loss: 0.1226
[Client 3, Round 3] Progress: 8% (24/286) - Loss: 0.4569
[Client 3, Round 3] Progress: 9% (26/286) - Loss: 0.1723
[Client 3, Round 3] Progress: 9% (28/286) - Loss: 0.1441
[Client 3, Round 3] Progress: 10% (30/286) - Loss: 0.5873
[Client 3, Round 3] Progress: 11% (32/286) - Loss: 0.4753
[Client 3, Round 3] Progress: 11% (34/286) - Loss: 0.2371
[Client 3, Round 3] Progress: 12% (36/286) - Loss: 0.1537
[Client 3, Round 3] Progress: 13% (38/286) - Loss: 0.1935
[Client 3, Round 3] Progress: 13% (40/286) - Loss: 0.2769
[Client 3, Round 3] Progress: 14% (42/286) - Loss: 0.1794
[Client 3, Round 3] Progress: 15% (44/286) - Loss: 0.1999
[Client 3, Round 3] Progress: 16% (46/286) - Loss: 0.2451
[Client 3, Round 3] Progress: 16% (48/286) - Loss: 0.2062
[Client 3, Round 3] Progress: 17% (50/286) - Loss: 0.4960
[Client 3, Round 3] Progress: 18% (52/286) - Loss: 0.1324
[Client 3, Round 3] Progress: 18% (54/286) - Loss: 0.1647
[Client 3, Round 3] Progress: 19% (56/286) - Loss: 0.2956
[Client 3, Round 3] Progress: 20% (58/286) - Loss: 0.5671
[Client 3, Round 3] Progress: 20% (60/286) - Loss: 0.1258
[Client 3, Round 3] Progress: 21% (62/286) - Loss: 0.2840
[Client 3, Round 3] Progress: 22% (64/286) - Loss: 0.3554
[Client 3, Round 3] Progress: 23% (66/286) - Loss: 0.2219
[Client 3, Round 3] Progress: 23% (68/286) - Loss: 0.4694
[Client 3, Round 3] Progress: 24% (70/286) - Loss: 0.2431
[Client 3, Round 3] Progress: 25% (72/286) - Loss: 0.1845
[Client 3, Round 3] Progress: 25% (74/286) - Loss: 0.4833
[Client 3, Round 3] Progress: 26% (76/286) - Loss: 0.6942
[Client 3, Round 3] Progress: 27% (78/286) - Loss: 0.1745
[Client 3, Round 3] Progress: 27% (80/286) - Loss: 0.2946
[Client 3, Round 3] Progress: 28% (82/286) - Loss: 0.1878
[Client 3, Round 3] Progress: 29% (84/286) - Loss: 0.2350
[Client 3, Round 3] Progress: 30% (86/286) - Loss: 0.1593
[Client 3, Round 3] Progress: 30% (88/286) - Loss: 0.1633
[Client 3, Round 3] Progress: 31% (90/286) - Loss: 0.2740
[Client 3, Round 3] Progress: 32% (92/286) - Loss: 0.1712
[Client 3, Round 3] Progress: 32% (94/286) - Loss: 0.3402
[Client 3, Round 3] Progress: 33% (96/286) - Loss: 0.6745
[Client 3, Round 3] Progress: 34% (98/286) - Loss: 0.1520
[Client 3, Round 3] Progress: 34% (100/286) - Loss: 0.7143
[Client 3, Round 3] Progress: 35% (102/286) - Loss: 0.4651
[Client 3, Round 3] Progress: 36% (104/286) - Loss: 0.4745
[Client 3, Round 3] Progress: 37% (106/286) - Loss: 0.1208
[Client 3, Round 3] Progress: 37% (108/286) - Loss: 0.2013
[Client 3, Round 3] Progress: 38% (110/286) - Loss: 0.2730
[Client 3, Round 3] Progress: 39% (112/286) - Loss: 0.1857
[Client 3, Round 3] Progress: 39% (114/286) - Loss: 0.1683
[Client 3, Round 3] Progress: 40% (116/286) - Loss: 0.2579
[Client 3, Round 3] Progress: 41% (118/286) - Loss: 0.6296
[Client 3, Round 3] Progress: 41% (120/286) - Loss: 0.1642
[Client 3, Round 3] Progress: 42% (122/286) - Loss: 0.8763
[Client 3, Round 3] Progress: 43% (124/286) - Loss: 0.1785
[Client 3, Round 3] Progress: 44% (126/286) - Loss: 0.1854
[Client 3, Round 3] Progress: 44% (128/286) - Loss: 0.1804
[Client 3, Round 3] Progress: 45% (130/286) - Loss: 0.1531
[Client 3, Round 3] Progress: 46% (132/286) - Loss: 0.4592
[Client 3, Round 3] Progress: 46% (134/286) - Loss: 0.4355
[Client 3, Round 3] Progress: 47% (136/286) - Loss: 0.1603
[Client 3, Round 3] Progress: 48% (138/286) - Loss: 0.2739
[Client 3, Round 3] Progress: 48% (140/286) - Loss: 0.2703
[Client 3, Round 3] Progress: 49% (142/286) - Loss: 0.1657
[Client 3, Round 3] Progress: 50% (144/286) - Loss: 0.4456
[Client 3, Round 3] Progress: 51% (146/286) - Loss: 0.1890
[Client 3, Round 3] Progress: 51% (148/286) - Loss: 0.1782
[Client 3, Round 3] Progress: 52% (150/286) - Loss: 0.1419
[Client 3, Round 3] Progress: 53% (152/286) - Loss: 0.2010
[Client 3, Round 3] Progress: 53% (154/286) - Loss: 0.4592
[Client 3, Round 3] Progress: 54% (156/286) - Loss: 0.1433
[Client 3, Round 3] Progress: 55% (158/286) - Loss: 0.5194
[Client 3, Round 3] Progress: 55% (160/286) - Loss: 0.1729
[Client 3, Round 3] Progress: 56% (162/286) - Loss: 0.1432
[Client 3, Round 3] Progress: 57% (164/286) - Loss: 0.1869
[Client 3, Round 3] Progress: 58% (166/286) - Loss: 0.2134
[Client 3, Round 3] Progress: 58% (168/286) - Loss: 0.1295
[Client 3, Round 3] Progress: 59% (170/286) - Loss: 0.2502
[Client 3, Round 3] Progress: 60% (172/286) - Loss: 0.1061
[Client 3, Round 3] Progress: 60% (174/286) - Loss: 0.5770
[Client 3, Round 3] Progress: 61% (176/286) - Loss: 0.1830
[Client 3, Round 3] Progress: 62% (178/286) - Loss: 0.3698
[Client 3, Round 3] Progress: 62% (180/286) - Loss: 0.1809
[Client 3, Round 3] Progress: 63% (182/286) - Loss: 0.1909
[Client 3, Round 3] Progress: 64% (184/286) - Loss: 0.4312
[Client 3, Round 3] Progress: 65% (186/286) - Loss: 0.1494
[Client 3, Round 3] Progress: 65% (188/286) - Loss: 0.3023
[Client 3, Round 3] Progress: 66% (190/286) - Loss: 0.5293
[Client 3, Round 3] Progress: 67% (192/286) - Loss: 0.5270
[Client 3, Round 3] Progress: 67% (194/286) - Loss: 0.1160
[Client 3, Round 3] Progress: 68% (196/286) - Loss: 0.2620
[Client 3, Round 3] Progress: 69% (198/286) - Loss: 0.2125
[Client 3, Round 3] Progress: 69% (200/286) - Loss: 0.0928
[Client 3, Round 3] Progress: 70% (202/286) - Loss: 0.3269
[Client 3, Round 3] Progress: 71% (204/286) - Loss: 0.2561
[Client 3, Round 3] Progress: 72% (206/286) - Loss: 0.1075
[Client 3, Round 3] Progress: 72% (208/286) - Loss: 0.1318
[Client 3, Round 3] Progress: 73% (210/286) - Loss: 0.2738
[Client 3, Round 3] Progress: 74% (212/286) - Loss: 0.7212
[Client 3, Round 3] Progress: 74% (214/286) - Loss: 0.3106
[Client 3, Round 3] Progress: 75% (216/286) - Loss: 0.1648
[Client 3, Round 3] Progress: 76% (218/286) - Loss: 0.1586
[Client 3, Round 3] Progress: 76% (220/286) - Loss: 0.2778
[Client 3, Round 3] Progress: 77% (222/286) - Loss: 0.1101
[Client 3, Round 3] Progress: 78% (224/286) - Loss: 0.2270
[Client 3, Round 3] Progress: 79% (226/286) - Loss: 0.1594
[Client 3, Round 3] Progress: 79% (228/286) - Loss: 0.1433
[Client 3, Round 3] Progress: 80% (230/286) - Loss: 0.3529
[Client 3, Round 3] Progress: 81% (232/286) - Loss: 0.1341
[Client 3, Round 3] Progress: 81% (234/286) - Loss: 0.1409
[Client 3, Round 3] Progress: 82% (236/286) - Loss: 0.1877
[Client 3, Round 3] Progress: 83% (238/286) - Loss: 0.1906
[Client 3, Round 3] Progress: 83% (240/286) - Loss: 0.4206
[Client 3, Round 3] Progress: 84% (242/286) - Loss: 0.1384
[Client 3, Round 3] Progress: 85% (244/286) - Loss: 0.1609
[Client 3, Round 3] Progress: 86% (246/286) - Loss: 0.1287
[Client 3, Round 3] Progress: 86% (248/286) - Loss: 0.2458
[Client 3, Round 3] Progress: 87% (250/286) - Loss: 0.1365
[Client 3, Round 3] Progress: 88% (252/286) - Loss: 0.3431
[Client 3, Round 3] Progress: 88% (254/286) - Loss: 0.6539
[Client 3, Round 3] Progress: 89% (256/286) - Loss: 0.2401
[Client 3, Round 3] Progress: 90% (258/286) - Loss: 0.4503
[Client 3, Round 3] Progress: 90% (260/286) - Loss: 0.2045
[Client 3, Round 3] Progress: 91% (262/286) - Loss: 0.1068
[Client 3, Round 3] Progress: 92% (264/286) - Loss: 0.1069
[Client 3, Round 3] Progress: 93% (266/286) - Loss: 0.1631
[Client 3, Round 3] Progress: 93% (268/286) - Loss: 0.2722
[Client 3, Round 3] Progress: 94% (270/286) - Loss: 0.2741
[Client 3, Round 3] Progress: 95% (272/286) - Loss: 0.0987
[Client 3, Round 3] Progress: 95% (274/286) - Loss: 0.2181
[Client 3, Round 3] Progress: 96% (276/286) - Loss: 0.4191
[Client 3, Round 3] Progress: 97% (278/286) - Loss: 0.1490
[Client 3, Round 3] Progress: 97% (280/286) - Loss: 0.1147
[Client 3, Round 3] Progress: 98% (282/286) - Loss: 0.2877
[Client 3, Round 3] Progress: 99% (284/286) - Loss: 0.1584
[Client 3, Round 3] Progress: 100% (286/286) - Loss: 0.1730
[Client 3, Round 3] Train Loss: 0.2816
[Client 3, Round 3] Val Loss: 0.2709 | Val Dice: 0.7662
[Client 3, Round 4] Progress: 0% (2/286) - Loss: 0.2062
[Client 3, Round 4] Progress: 1% (4/286) - Loss: 0.1489
[Client 3, Round 4] Progress: 2% (6/286) - Loss: 0.1361
[Client 3, Round 4] Progress: 2% (8/286) - Loss: 0.1885
[Client 3, Round 4] Progress: 3% (10/286) - Loss: 0.1686
[Client 3, Round 4] Progress: 4% (12/286) - Loss: 0.1239
[Client 3, Round 4] Progress: 4% (14/286) - Loss: 0.3521
[Client 3, Round 4] Progress: 5% (16/286) - Loss: 0.1616
[Client 3, Round 4] Progress: 6% (18/286) - Loss: 0.2335
[Client 3, Round 4] Progress: 6% (20/286) - Loss: 0.4388
[Client 3, Round 4] Progress: 7% (22/286) - Loss: 0.0928
[Client 3, Round 4] Progress: 8% (24/286) - Loss: 0.1736
[Client 3, Round 4] Progress: 9% (26/286) - Loss: 0.2303
[Client 3, Round 4] Progress: 9% (28/286) - Loss: 0.1247
[Client 3, Round 4] Progress: 10% (30/286) - Loss: 0.6097
[Client 3, Round 4] Progress: 11% (32/286) - Loss: 0.1003
[Client 3, Round 4] Progress: 11% (34/286) - Loss: 0.4456
[Client 3, Round 4] Progress: 12% (36/286) - Loss: 0.4750
[Client 3, Round 4] Progress: 13% (38/286) - Loss: 0.1506
[Client 3, Round 4] Progress: 13% (40/286) - Loss: 0.2930
[Client 3, Round 4] Progress: 14% (42/286) - Loss: 0.2267
[Client 3, Round 4] Progress: 15% (44/286) - Loss: 0.0924
[Client 3, Round 4] Progress: 16% (46/286) - Loss: 0.4793
[Client 3, Round 4] Progress: 16% (48/286) - Loss: 0.1577
[Client 3, Round 4] Progress: 17% (50/286) - Loss: 0.1113
[Client 3, Round 4] Progress: 18% (52/286) - Loss: 0.1780
[Client 3, Round 4] Progress: 18% (54/286) - Loss: 0.1612
[Client 3, Round 4] Progress: 19% (56/286) - Loss: 0.1433
[Client 3, Round 4] Progress: 20% (58/286) - Loss: 0.1763
[Client 3, Round 4] Progress: 20% (60/286) - Loss: 0.2298
[Client 3, Round 4] Progress: 21% (62/286) - Loss: 0.2121
[Client 3, Round 4] Progress: 22% (64/286) - Loss: 0.4514
[Client 3, Round 4] Progress: 23% (66/286) - Loss: 0.2761
[Client 3, Round 4] Progress: 23% (68/286) - Loss: 0.2568
[Client 3, Round 4] Progress: 24% (70/286) - Loss: 0.1158
[Client 3, Round 4] Progress: 25% (72/286) - Loss: 0.2390
[Client 3, Round 4] Progress: 25% (74/286) - Loss: 0.1454
[Client 3, Round 4] Progress: 26% (76/286) - Loss: 0.3053
[Client 3, Round 4] Progress: 27% (78/286) - Loss: 0.1239
[Client 3, Round 4] Progress: 27% (80/286) - Loss: 0.1163
[Client 3, Round 4] Progress: 28% (82/286) - Loss: 0.1895
[Client 3, Round 4] Progress: 29% (84/286) - Loss: 0.0865
[Client 3, Round 4] Progress: 30% (86/286) - Loss: 0.9720
[Client 3, Round 4] Progress: 30% (88/286) - Loss: 0.1726
[Client 3, Round 4] Progress: 31% (90/286) - Loss: 0.4242
[Client 3, Round 4] Progress: 32% (92/286) - Loss: 0.4362
[Client 3, Round 4] Progress: 32% (94/286) - Loss: 0.2677
[Client 3, Round 4] Progress: 33% (96/286) - Loss: 0.6983
[Client 3, Round 4] Progress: 34% (98/286) - Loss: 0.2372
[Client 3, Round 4] Progress: 34% (100/286) - Loss: 0.4574
[Client 3, Round 4] Progress: 35% (102/286) - Loss: 0.1343
[Client 3, Round 4] Progress: 36% (104/286) - Loss: 0.2933
[Client 3, Round 4] Progress: 37% (106/286) - Loss: 0.1789
[Client 3, Round 4] Progress: 37% (108/286) - Loss: 0.1538
[Client 3, Round 4] Progress: 38% (110/286) - Loss: 0.3397
[Client 3, Round 4] Progress: 39% (112/286) - Loss: 0.4072
[Client 3, Round 4] Progress: 39% (114/286) - Loss: 0.1601
[Client 3, Round 4] Progress: 40% (116/286) - Loss: 0.1503
[Client 3, Round 4] Progress: 41% (118/286) - Loss: 0.2559
[Client 3, Round 4] Progress: 41% (120/286) - Loss: 0.0925
[Client 3, Round 4] Progress: 42% (122/286) - Loss: 0.2308
[Client 3, Round 4] Progress: 43% (124/286) - Loss: 0.2661
[Client 3, Round 4] Progress: 44% (126/286) - Loss: 0.4499
[Client 3, Round 4] Progress: 44% (128/286) - Loss: 0.1932
[Client 3, Round 4] Progress: 45% (130/286) - Loss: 0.1059
[Client 3, Round 4] Progress: 46% (132/286) - Loss: 0.5202
[Client 3, Round 4] Progress: 46% (134/286) - Loss: 0.1185
[Client 3, Round 4] Progress: 47% (136/286) - Loss: 0.1778
[Client 3, Round 4] Progress: 48% (138/286) - Loss: 0.2033
[Client 3, Round 4] Progress: 48% (140/286) - Loss: 0.1359
[Client 3, Round 4] Progress: 49% (142/286) - Loss: 0.6283
[Client 3, Round 4] Progress: 50% (144/286) - Loss: 0.5854
[Client 3, Round 4] Progress: 51% (146/286) - Loss: 0.4308
[Client 3, Round 4] Progress: 51% (148/286) - Loss: 0.1801
[Client 3, Round 4] Progress: 52% (150/286) - Loss: 0.2813
[Client 3, Round 4] Progress: 53% (152/286) - Loss: 0.1715
[Client 3, Round 4] Progress: 53% (154/286) - Loss: 0.4480
[Client 3, Round 4] Progress: 54% (156/286) - Loss: 0.4955
[Client 3, Round 4] Progress: 55% (158/286) - Loss: 0.1263
[Client 3, Round 4] Progress: 55% (160/286) - Loss: 0.2121
[Client 3, Round 4] Progress: 56% (162/286) - Loss: 0.1583
[Client 3, Round 4] Progress: 57% (164/286) - Loss: 0.1876
[Client 3, Round 4] Progress: 58% (166/286) - Loss: 0.1919
[Client 3, Round 4] Progress: 58% (168/286) - Loss: 0.2939
[Client 3, Round 4] Progress: 59% (170/286) - Loss: 0.1307
[Client 3, Round 4] Progress: 60% (172/286) - Loss: 0.1799
[Client 3, Round 4] Progress: 60% (174/286) - Loss: 0.1497
[Client 3, Round 4] Progress: 61% (176/286) - Loss: 0.4412
[Client 3, Round 4] Progress: 62% (178/286) - Loss: 0.4515
[Client 3, Round 4] Progress: 62% (180/286) - Loss: 0.1671
[Client 3, Round 4] Progress: 63% (182/286) - Loss: 0.6164
[Client 3, Round 4] Progress: 64% (184/286) - Loss: 0.2183
[Client 3, Round 4] Progress: 65% (186/286) - Loss: 0.2041
[Client 3, Round 4] Progress: 65% (188/286) - Loss: 0.3231
[Client 3, Round 4] Progress: 66% (190/286) - Loss: 0.1947
[Client 3, Round 4] Progress: 67% (192/286) - Loss: 0.3920
[Client 3, Round 4] Progress: 67% (194/286) - Loss: 0.1450
[Client 3, Round 4] Progress: 68% (196/286) - Loss: 0.3225
[Client 3, Round 4] Progress: 69% (198/286) - Loss: 0.1260
[Client 3, Round 4] Progress: 69% (200/286) - Loss: 0.4006
[Client 3, Round 4] Progress: 70% (202/286) - Loss: 0.1706
[Client 3, Round 4] Progress: 71% (204/286) - Loss: 0.5934
[Client 3, Round 4] Progress: 72% (206/286) - Loss: 0.2091
[Client 3, Round 4] Progress: 72% (208/286) - Loss: 0.2696
[Client 3, Round 4] Progress: 73% (210/286) - Loss: 0.6672
[Client 3, Round 4] Progress: 74% (212/286) - Loss: 0.1893
[Client 3, Round 4] Progress: 74% (214/286) - Loss: 0.4667
[Client 3, Round 4] Progress: 75% (216/286) - Loss: 0.0987
[Client 3, Round 4] Progress: 76% (218/286) - Loss: 0.1631
[Client 3, Round 4] Progress: 76% (220/286) - Loss: 0.2048
[Client 3, Round 4] Progress: 77% (222/286) - Loss: 0.1469
[Client 3, Round 4] Progress: 78% (224/286) - Loss: 0.2199
[Client 3, Round 4] Progress: 79% (226/286) - Loss: 0.1273
[Client 3, Round 4] Progress: 79% (228/286) - Loss: 0.1245
[Client 3, Round 4] Progress: 80% (230/286) - Loss: 0.1952
[Client 3, Round 4] Progress: 81% (232/286) - Loss: 0.2441
[Client 3, Round 4] Progress: 81% (234/286) - Loss: 0.2109
[Client 3, Round 4] Progress: 82% (236/286) - Loss: 0.3152
[Client 3, Round 4] Progress: 83% (238/286) - Loss: 0.5338
[Client 3, Round 4] Progress: 83% (240/286) - Loss: 0.4339
[Client 3, Round 4] Progress: 84% (242/286) - Loss: 0.4843
[Client 3, Round 4] Progress: 85% (244/286) - Loss: 0.2816
[Client 3, Round 4] Progress: 86% (246/286) - Loss: 0.1929
[Client 3, Round 4] Progress: 86% (248/286) - Loss: 0.1619
[Client 3, Round 4] Progress: 87% (250/286) - Loss: 0.1389
[Client 3, Round 4] Progress: 88% (252/286) - Loss: 0.7910
[Client 3, Round 4] Progress: 88% (254/286) - Loss: 0.1550
[Client 3, Round 4] Progress: 89% (256/286) - Loss: 0.4757
[Client 3, Round 4] Progress: 90% (258/286) - Loss: 0.1765
[Client 3, Round 4] Progress: 90% (260/286) - Loss: 0.1506
[Client 3, Round 4] Progress: 91% (262/286) - Loss: 0.2773
[Client 3, Round 4] Progress: 92% (264/286) - Loss: 0.3790
[Client 3, Round 4] Progress: 93% (266/286) - Loss: 0.2618
[Client 3, Round 4] Progress: 93% (268/286) - Loss: 0.1853
[Client 3, Round 4] Progress: 94% (270/286) - Loss: 0.1496
[Client 3, Round 4] Progress: 95% (272/286) - Loss: 0.1477
[Client 3, Round 4] Progress: 95% (274/286) - Loss: 0.1073
[Client 3, Round 4] Progress: 96% (276/286) - Loss: 0.0986
[Client 3, Round 4] Progress: 97% (278/286) - Loss: 0.2551
[Client 3, Round 4] Progress: 97% (280/286) - Loss: 0.1955
[Client 3, Round 4] Progress: 98% (282/286) - Loss: 0.5516
[Client 3, Round 4] Progress: 99% (284/286) - Loss: 0.2867
[Client 3, Round 4] Progress: 100% (286/286) - Loss: 0.1335
[Client 3, Round 4] Train Loss: 0.2585
[Client 3, Round 4] Val Loss: 0.2487 | Val Dice: 0.7865
[Client 3, Round 5] Progress: 0% (2/286) - Loss: 0.7609
[Client 3, Round 5] Progress: 1% (4/286) - Loss: 0.1686
[Client 3, Round 5] Progress: 2% (6/286) - Loss: 0.1254
[Client 3, Round 5] Progress: 2% (8/286) - Loss: 0.1268
[Client 3, Round 5] Progress: 3% (10/286) - Loss: 0.1731
[Client 3, Round 5] Progress: 4% (12/286) - Loss: 0.4409
[Client 3, Round 5] Progress: 4% (14/286) - Loss: 0.1535
[Client 3, Round 5] Progress: 5% (16/286) - Loss: 0.1645
[Client 3, Round 5] Progress: 6% (18/286) - Loss: 0.5610
[Client 3, Round 5] Progress: 6% (20/286) - Loss: 0.1709
[Client 3, Round 5] Progress: 7% (22/286) - Loss: 0.5043
[Client 3, Round 5] Progress: 8% (24/286) - Loss: 0.1473
[Client 3, Round 5] Progress: 9% (26/286) - Loss: 0.1646
[Client 3, Round 5] Progress: 9% (28/286) - Loss: 0.1630
[Client 3, Round 5] Progress: 10% (30/286) - Loss: 0.1744
[Client 3, Round 5] Progress: 11% (32/286) - Loss: 0.1864
[Client 3, Round 5] Progress: 11% (34/286) - Loss: 0.2687
[Client 3, Round 5] Progress: 12% (36/286) - Loss: 0.0927
[Client 3, Round 5] Progress: 13% (38/286) - Loss: 0.2059
[Client 3, Round 5] Progress: 13% (40/286) - Loss: 0.6304
[Client 3, Round 5] Progress: 14% (42/286) - Loss: 0.0929
[Client 3, Round 5] Progress: 15% (44/286) - Loss: 0.0682
[Client 3, Round 5] Progress: 16% (46/286) - Loss: 0.7196
[Client 3, Round 5] Progress: 16% (48/286) - Loss: 0.0859
[Client 3, Round 5] Progress: 17% (50/286) - Loss: 0.1249
[Client 3, Round 5] Progress: 18% (52/286) - Loss: 0.2223
[Client 3, Round 5] Progress: 18% (54/286) - Loss: 0.1382
[Client 3, Round 5] Progress: 19% (56/286) - Loss: 0.6045
[Client 3, Round 5] Progress: 20% (58/286) - Loss: 0.1876
[Client 3, Round 5] Progress: 20% (60/286) - Loss: 0.1591
[Client 3, Round 5] Progress: 21% (62/286) - Loss: 0.2692
[Client 3, Round 5] Progress: 22% (64/286) - Loss: 0.1886
[Client 3, Round 5] Progress: 23% (66/286) - Loss: 0.6820
[Client 3, Round 5] Progress: 23% (68/286) - Loss: 0.2870
[Client 3, Round 5] Progress: 24% (70/286) - Loss: 0.1385
[Client 3, Round 5] Progress: 25% (72/286) - Loss: 0.3469
[Client 3, Round 5] Progress: 25% (74/286) - Loss: 0.4620
[Client 3, Round 5] Progress: 26% (76/286) - Loss: 0.1256
[Client 3, Round 5] Progress: 27% (78/286) - Loss: 0.1313
[Client 3, Round 5] Progress: 27% (80/286) - Loss: 0.1772
[Client 3, Round 5] Progress: 28% (82/286) - Loss: 0.1333
[Client 3, Round 5] Progress: 29% (84/286) - Loss: 0.3221
[Client 3, Round 5] Progress: 30% (86/286) - Loss: 0.2542
[Client 3, Round 5] Progress: 30% (88/286) - Loss: 0.3758
[Client 3, Round 5] Progress: 31% (90/286) - Loss: 0.1546
[Client 3, Round 5] Progress: 32% (92/286) - Loss: 0.4656
[Client 3, Round 5] Progress: 32% (94/286) - Loss: 0.0829
[Client 3, Round 5] Progress: 33% (96/286) - Loss: 0.3223
[Client 3, Round 5] Progress: 34% (98/286) - Loss: 0.2245
[Client 3, Round 5] Progress: 34% (100/286) - Loss: 0.1649
[Client 3, Round 5] Progress: 35% (102/286) - Loss: 0.3615
[Client 3, Round 5] Progress: 36% (104/286) - Loss: 0.1949
[Client 3, Round 5] Progress: 37% (106/286) - Loss: 0.2007
[Client 3, Round 5] Progress: 37% (108/286) - Loss: 0.4029
[Client 3, Round 5] Progress: 38% (110/286) - Loss: 0.1015
[Client 3, Round 5] Progress: 39% (112/286) - Loss: 0.1515
[Client 3, Round 5] Progress: 39% (114/286) - Loss: 0.1969
[Client 3, Round 5] Progress: 40% (116/286) - Loss: 0.2446
[Client 3, Round 5] Progress: 41% (118/286) - Loss: 0.1050
[Client 3, Round 5] Progress: 41% (120/286) - Loss: 0.3055
[Client 3, Round 5] Progress: 42% (122/286) - Loss: 0.1608
[Client 3, Round 5] Progress: 43% (124/286) - Loss: 0.7683
[Client 3, Round 5] Progress: 44% (126/286) - Loss: 0.8163
[Client 3, Round 5] Progress: 44% (128/286) - Loss: 0.3133
[Client 3, Round 5] Progress: 45% (130/286) - Loss: 0.2349
[Client 3, Round 5] Progress: 46% (132/286) - Loss: 0.3458
[Client 3, Round 5] Progress: 46% (134/286) - Loss: 0.6953
[Client 3, Round 5] Progress: 47% (136/286) - Loss: 0.1797
[Client 3, Round 5] Progress: 48% (138/286) - Loss: 0.6014
[Client 3, Round 5] Progress: 48% (140/286) - Loss: 0.1438
[Client 3, Round 5] Progress: 49% (142/286) - Loss: 0.1241
[Client 3, Round 5] Progress: 50% (144/286) - Loss: 0.1662
[Client 3, Round 5] Progress: 51% (146/286) - Loss: 0.5442
[Client 3, Round 5] Progress: 51% (148/286) - Loss: 0.1351
[Client 3, Round 5] Progress: 52% (150/286) - Loss: 0.4354
[Client 3, Round 5] Progress: 53% (152/286) - Loss: 0.2276
[Client 3, Round 5] Progress: 53% (154/286) - Loss: 0.1573
[Client 3, Round 5] Progress: 54% (156/286) - Loss: 0.1216
[Client 3, Round 5] Progress: 55% (158/286) - Loss: 0.7889
[Client 3, Round 5] Progress: 55% (160/286) - Loss: 0.2152
[Client 3, Round 5] Progress: 56% (162/286) - Loss: 0.1466
[Client 3, Round 5] Progress: 57% (164/286) - Loss: 0.2213
[Client 3, Round 5] Progress: 58% (166/286) - Loss: 0.1989
[Client 3, Round 5] Progress: 58% (168/286) - Loss: 0.2293
[Client 3, Round 5] Progress: 59% (170/286) - Loss: 0.3316
[Client 3, Round 5] Progress: 60% (172/286) - Loss: 0.1696
[Client 3, Round 5] Progress: 60% (174/286) - Loss: 0.3354
[Client 3, Round 5] Progress: 61% (176/286) - Loss: 0.1445
[Client 3, Round 5] Progress: 62% (178/286) - Loss: 0.1728
[Client 3, Round 5] Progress: 62% (180/286) - Loss: 0.1347
[Client 3, Round 5] Progress: 63% (182/286) - Loss: 0.2123
[Client 3, Round 5] Progress: 64% (184/286) - Loss: 0.1206
[Client 3, Round 5] Progress: 65% (186/286) - Loss: 0.2392
[Client 3, Round 5] Progress: 65% (188/286) - Loss: 0.1193
[Client 3, Round 5] Progress: 66% (190/286) - Loss: 0.4849
[Client 3, Round 5] Progress: 67% (192/286) - Loss: 0.6339
[Client 3, Round 5] Progress: 67% (194/286) - Loss: 0.1022
[Client 3, Round 5] Progress: 68% (196/286) - Loss: 0.2979
[Client 3, Round 5] Progress: 69% (198/286) - Loss: 0.1348
[Client 3, Round 5] Progress: 69% (200/286) - Loss: 0.0839
[Client 3, Round 5] Progress: 70% (202/286) - Loss: 0.3565
[Client 3, Round 5] Progress: 71% (204/286) - Loss: 0.2086
[Client 3, Round 5] Progress: 72% (206/286) - Loss: 0.2242
[Client 3, Round 5] Progress: 72% (208/286) - Loss: 0.3309
[Client 3, Round 5] Progress: 73% (210/286) - Loss: 0.1578
[Client 3, Round 5] Progress: 74% (212/286) - Loss: 0.1647
[Client 3, Round 5] Progress: 74% (214/286) - Loss: 0.2789
[Client 3, Round 5] Progress: 75% (216/286) - Loss: 0.5206
[Client 3, Round 5] Progress: 76% (218/286) - Loss: 0.1961
[Client 3, Round 5] Progress: 76% (220/286) - Loss: 0.1835
[Client 3, Round 5] Progress: 77% (222/286) - Loss: 0.1786
[Client 3, Round 5] Progress: 78% (224/286) - Loss: 0.1469
[Client 3, Round 5] Progress: 79% (226/286) - Loss: 0.7053
[Client 3, Round 5] Progress: 79% (228/286) - Loss: 0.1528
[Client 3, Round 5] Progress: 80% (230/286) - Loss: 0.2370
[Client 3, Round 5] Progress: 81% (232/286) - Loss: 0.5934
[Client 3, Round 5] Progress: 81% (234/286) - Loss: 0.0962
[Client 3, Round 5] Progress: 82% (236/286) - Loss: 0.5831
[Client 3, Round 5] Progress: 83% (238/286) - Loss: 0.1765
[Client 3, Round 5] Progress: 83% (240/286) - Loss: 0.1900
[Client 3, Round 5] Progress: 84% (242/286) - Loss: 0.1178
[Client 3, Round 5] Progress: 85% (244/286) - Loss: 0.6220
[Client 3, Round 5] Progress: 86% (246/286) - Loss: 0.1153
[Client 3, Round 5] Progress: 86% (248/286) - Loss: 0.1482
[Client 3, Round 5] Progress: 87% (250/286) - Loss: 0.1822
[Client 3, Round 5] Progress: 88% (252/286) - Loss: 0.2844
[Client 3, Round 5] Progress: 88% (254/286) - Loss: 0.2812
[Client 3, Round 5] Progress: 89% (256/286) - Loss: 0.1232
[Client 3, Round 5] Progress: 90% (258/286) - Loss: 0.7917
[Client 3, Round 5] Progress: 90% (260/286) - Loss: 0.1824
[Client 3, Round 5] Progress: 91% (262/286) - Loss: 0.1980
[Client 3, Round 5] Progress: 92% (264/286) - Loss: 0.0960
[Client 3, Round 5] Progress: 93% (266/286) - Loss: 0.1470
[Client 3, Round 5] Progress: 93% (268/286) - Loss: 0.1833
[Client 3, Round 5] Progress: 94% (270/286) - Loss: 0.1031
[Client 3, Round 5] Progress: 95% (272/286) - Loss: 0.1119
[Client 3, Round 5] Progress: 95% (274/286) - Loss: 0.2995
[Client 3, Round 5] Progress: 96% (276/286) - Loss: 0.1534
[Client 3, Round 5] Progress: 97% (278/286) - Loss: 0.2622
[Client 3, Round 5] Progress: 97% (280/286) - Loss: 0.1459
[Client 3, Round 5] Progress: 98% (282/286) - Loss: 0.1365
[Client 3, Round 5] Progress: 99% (284/286) - Loss: 0.1171
[Client 3, Round 5] Progress: 100% (286/286) - Loss: 0.2310
[Client 3, Round 5] Train Loss: 0.2612
[Client 3, Round 5] Val Loss: 0.2353 | Val Dice: 0.7944
[Client 3, Round 6] Progress: 0% (2/286) - Loss: 0.1274
[Client 3, Round 6] Progress: 1% (4/286) - Loss: 0.6805
[Client 3, Round 6] Progress: 2% (6/286) - Loss: 0.2057
[Client 3, Round 6] Progress: 2% (8/286) - Loss: 0.2472
[Client 3, Round 6] Progress: 3% (10/286) - Loss: 0.0838
[Client 3, Round 6] Progress: 4% (12/286) - Loss: 0.5878
[Client 3, Round 6] Progress: 4% (14/286) - Loss: 0.1889
[Client 3, Round 6] Progress: 5% (16/286) - Loss: 0.1236
[Client 3, Round 6] Progress: 6% (18/286) - Loss: 0.9573
[Client 3, Round 6] Progress: 6% (20/286) - Loss: 0.1197
[Client 3, Round 6] Progress: 7% (22/286) - Loss: 0.1517
[Client 3, Round 6] Progress: 8% (24/286) - Loss: 0.1504
[Client 3, Round 6] Progress: 9% (26/286) - Loss: 0.1434
[Client 3, Round 6] Progress: 9% (28/286) - Loss: 0.1714
[Client 3, Round 6] Progress: 10% (30/286) - Loss: 0.6034
[Client 3, Round 6] Progress: 11% (32/286) - Loss: 0.1957
[Client 3, Round 6] Progress: 11% (34/286) - Loss: 0.2672
[Client 3, Round 6] Progress: 12% (36/286) - Loss: 0.1787
[Client 3, Round 6] Progress: 13% (38/286) - Loss: 0.5715
[Client 3, Round 6] Progress: 13% (40/286) - Loss: 0.3359
[Client 3, Round 6] Progress: 14% (42/286) - Loss: 0.1461
[Client 3, Round 6] Progress: 15% (44/286) - Loss: 0.1553
[Client 3, Round 6] Progress: 16% (46/286) - Loss: 0.2121
[Client 3, Round 6] Progress: 16% (48/286) - Loss: 0.1662
[Client 3, Round 6] Progress: 17% (50/286) - Loss: 0.0838
[Client 3, Round 6] Progress: 18% (52/286) - Loss: 0.2951
[Client 3, Round 6] Progress: 18% (54/286) - Loss: 0.4002
[Client 3, Round 6] Progress: 19% (56/286) - Loss: 0.1741
[Client 3, Round 6] Progress: 20% (58/286) - Loss: 0.3198
[Client 3, Round 6] Progress: 20% (60/286) - Loss: 0.2852
[Client 3, Round 6] Progress: 21% (62/286) - Loss: 0.1518
[Client 3, Round 6] Progress: 22% (64/286) - Loss: 0.5741
[Client 3, Round 6] Progress: 23% (66/286) - Loss: 0.2344
[Client 3, Round 6] Progress: 23% (68/286) - Loss: 0.2076
[Client 3, Round 6] Progress: 24% (70/286) - Loss: 0.1211
[Client 3, Round 6] Progress: 25% (72/286) - Loss: 0.4416
[Client 3, Round 6] Progress: 25% (74/286) - Loss: 0.3027
[Client 3, Round 6] Progress: 26% (76/286) - Loss: 0.3839
[Client 3, Round 6] Progress: 27% (78/286) - Loss: 0.2997
[Client 3, Round 6] Progress: 27% (80/286) - Loss: 0.1134
[Client 3, Round 6] Progress: 28% (82/286) - Loss: 0.1625
[Client 3, Round 6] Progress: 29% (84/286) - Loss: 0.4099
[Client 3, Round 6] Progress: 30% (86/286) - Loss: 0.1213
[Client 3, Round 6] Progress: 30% (88/286) - Loss: 0.1911
[Client 3, Round 6] Progress: 31% (90/286) - Loss: 0.1421
[Client 3, Round 6] Progress: 32% (92/286) - Loss: 0.1329
[Client 3, Round 6] Progress: 32% (94/286) - Loss: 0.4856
[Client 3, Round 6] Progress: 33% (96/286) - Loss: 0.2151
[Client 3, Round 6] Progress: 34% (98/286) - Loss: 0.1492
[Client 3, Round 6] Progress: 34% (100/286) - Loss: 0.3878
[Client 3, Round 6] Progress: 35% (102/286) - Loss: 0.1761
[Client 3, Round 6] Progress: 36% (104/286) - Loss: 0.1763
[Client 3, Round 6] Progress: 37% (106/286) - Loss: 0.0992
[Client 3, Round 6] Progress: 37% (108/286) - Loss: 0.1588
[Client 3, Round 6] Progress: 38% (110/286) - Loss: 0.1760
[Client 3, Round 6] Progress: 39% (112/286) - Loss: 0.1300
[Client 3, Round 6] Progress: 39% (114/286) - Loss: 0.1269
[Client 3, Round 6] Progress: 40% (116/286) - Loss: 0.0974
[Client 3, Round 6] Progress: 41% (118/286) - Loss: 0.1758
[Client 3, Round 6] Progress: 41% (120/286) - Loss: 0.0859
[Client 3, Round 6] Progress: 42% (122/286) - Loss: 0.1613
[Client 3, Round 6] Progress: 43% (124/286) - Loss: 0.7405
[Client 3, Round 6] Progress: 44% (126/286) - Loss: 0.0956
[Client 3, Round 6] Progress: 44% (128/286) - Loss: 0.4428
[Client 3, Round 6] Progress: 45% (130/286) - Loss: 0.5580
[Client 3, Round 6] Progress: 46% (132/286) - Loss: 0.2994
[Client 3, Round 6] Progress: 46% (134/286) - Loss: 0.0971
[Client 3, Round 6] Progress: 47% (136/286) - Loss: 0.1273
[Client 3, Round 6] Progress: 48% (138/286) - Loss: 0.1318
[Client 3, Round 6] Progress: 48% (140/286) - Loss: 0.4985
[Client 3, Round 6] Progress: 49% (142/286) - Loss: 0.1771
[Client 3, Round 6] Progress: 50% (144/286) - Loss: 0.1805
[Client 3, Round 6] Progress: 51% (146/286) - Loss: 0.1484
[Client 3, Round 6] Progress: 51% (148/286) - Loss: 0.0946
[Client 3, Round 6] Progress: 52% (150/286) - Loss: 0.1732
[Client 3, Round 6] Progress: 53% (152/286) - Loss: 0.1398
[Client 3, Round 6] Progress: 53% (154/286) - Loss: 0.5170
[Client 3, Round 6] Progress: 54% (156/286) - Loss: 0.2056
[Client 3, Round 6] Progress: 55% (158/286) - Loss: 0.2150
[Client 3, Round 6] Progress: 55% (160/286) - Loss: 0.1266
[Client 3, Round 6] Progress: 56% (162/286) - Loss: 0.2355
[Client 3, Round 6] Progress: 57% (164/286) - Loss: 0.1020
[Client 3, Round 6] Progress: 58% (166/286) - Loss: 0.0933
[Client 3, Round 6] Progress: 58% (168/286) - Loss: 0.1136
[Client 3, Round 6] Progress: 59% (170/286) - Loss: 0.5714
[Client 3, Round 6] Progress: 60% (172/286) - Loss: 0.2426
[Client 3, Round 6] Progress: 60% (174/286) - Loss: 0.1379
[Client 3, Round 6] Progress: 61% (176/286) - Loss: 0.2192
[Client 3, Round 6] Progress: 62% (178/286) - Loss: 0.1688
[Client 3, Round 6] Progress: 62% (180/286) - Loss: 0.3396
[Client 3, Round 6] Progress: 63% (182/286) - Loss: 0.1103
[Client 3, Round 6] Progress: 64% (184/286) - Loss: 0.2390
[Client 3, Round 6] Progress: 65% (186/286) - Loss: 0.2356
[Client 3, Round 6] Progress: 65% (188/286) - Loss: 0.1497
[Client 3, Round 6] Progress: 66% (190/286) - Loss: 0.5127
[Client 3, Round 6] Progress: 67% (192/286) - Loss: 0.2179
[Client 3, Round 6] Progress: 67% (194/286) - Loss: 0.0864
[Client 3, Round 6] Progress: 68% (196/286) - Loss: 0.3329
[Client 3, Round 6] Progress: 69% (198/286) - Loss: 0.2235
[Client 3, Round 6] Progress: 69% (200/286) - Loss: 0.1674
[Client 3, Round 6] Progress: 70% (202/286) - Loss: 0.1946
[Client 3, Round 6] Progress: 71% (204/286) - Loss: 0.5046
[Client 3, Round 6] Progress: 72% (206/286) - Loss: 0.0920
[Client 3, Round 6] Progress: 72% (208/286) - Loss: 0.1402
[Client 3, Round 6] Progress: 73% (210/286) - Loss: 0.1194
[Client 3, Round 6] Progress: 74% (212/286) - Loss: 0.1689
[Client 3, Round 6] Progress: 74% (214/286) - Loss: 0.1781
[Client 3, Round 6] Progress: 75% (216/286) - Loss: 0.2053
[Client 3, Round 6] Progress: 76% (218/286) - Loss: 0.1775
[Client 3, Round 6] Progress: 76% (220/286) - Loss: 0.1776
[Client 3, Round 6] Progress: 77% (222/286) - Loss: 0.1233
[Client 3, Round 6] Progress: 78% (224/286) - Loss: 0.5323
[Client 3, Round 6] Progress: 79% (226/286) - Loss: 0.3453
[Client 3, Round 6] Progress: 79% (228/286) - Loss: 0.6246
[Client 3, Round 6] Progress: 80% (230/286) - Loss: 0.6398
[Client 3, Round 6] Progress: 81% (232/286) - Loss: 0.1358
[Client 3, Round 6] Progress: 81% (234/286) - Loss: 0.1196
[Client 3, Round 6] Progress: 82% (236/286) - Loss: 0.1679
[Client 3, Round 6] Progress: 83% (238/286) - Loss: 0.1162
[Client 3, Round 6] Progress: 83% (240/286) - Loss: 0.1826
[Client 3, Round 6] Progress: 84% (242/286) - Loss: 0.1249
[Client 3, Round 6] Progress: 85% (244/286) - Loss: 0.1000
[Client 3, Round 6] Progress: 86% (246/286) - Loss: 0.6410
[Client 3, Round 6] Progress: 86% (248/286) - Loss: 0.0922
[Client 3, Round 6] Progress: 87% (250/286) - Loss: 0.3588
[Client 3, Round 6] Progress: 88% (252/286) - Loss: 0.3195
[Client 3, Round 6] Progress: 88% (254/286) - Loss: 0.5914
[Client 3, Round 6] Progress: 89% (256/286) - Loss: 0.1854
[Client 3, Round 6] Progress: 90% (258/286) - Loss: 0.2733
[Client 3, Round 6] Progress: 90% (260/286) - Loss: 0.2215
[Client 3, Round 6] Progress: 91% (262/286) - Loss: 0.1192
[Client 3, Round 6] Progress: 92% (264/286) - Loss: 0.1095
[Client 3, Round 6] Progress: 93% (266/286) - Loss: 0.1172
[Client 3, Round 6] Progress: 93% (268/286) - Loss: 0.1288
[Client 3, Round 6] Progress: 94% (270/286) - Loss: 0.2349
[Client 3, Round 6] Progress: 95% (272/286) - Loss: 0.1367
[Client 3, Round 6] Progress: 95% (274/286) - Loss: 0.3044
[Client 3, Round 6] Progress: 96% (276/286) - Loss: 0.1505
[Client 3, Round 6] Progress: 97% (278/286) - Loss: 0.2724
[Client 3, Round 6] Progress: 97% (280/286) - Loss: 0.3741
[Client 3, Round 6] Progress: 98% (282/286) - Loss: 0.3607
[Client 3, Round 6] Progress: 99% (284/286) - Loss: 0.1717
[Client 3, Round 6] Progress: 100% (286/286) - Loss: 0.1596
[Client 3, Round 6] Train Loss: 0.2513
[Client 3, Round 6] Val Loss: 0.2303 | Val Dice: 0.7981
[Client 3, Round 7] Progress: 0% (2/286) - Loss: 0.5729
[Client 3, Round 7] Progress: 1% (4/286) - Loss: 0.3049
[Client 3, Round 7] Progress: 2% (6/286) - Loss: 0.1541
[Client 3, Round 7] Progress: 2% (8/286) - Loss: 0.4234
[Client 3, Round 7] Progress: 3% (10/286) - Loss: 0.4345
[Client 3, Round 7] Progress: 4% (12/286) - Loss: 0.1571
[Client 3, Round 7] Progress: 4% (14/286) - Loss: 0.2521
[Client 3, Round 7] Progress: 5% (16/286) - Loss: 0.7783
[Client 3, Round 7] Progress: 6% (18/286) - Loss: 0.1022
[Client 3, Round 7] Progress: 6% (20/286) - Loss: 0.1101
[Client 3, Round 7] Progress: 7% (22/286) - Loss: 0.1548
[Client 3, Round 7] Progress: 8% (24/286) - Loss: 0.1000
[Client 3, Round 7] Progress: 9% (26/286) - Loss: 0.1200
[Client 3, Round 7] Progress: 9% (28/286) - Loss: 0.0746
[Client 3, Round 7] Progress: 10% (30/286) - Loss: 0.2329
[Client 3, Round 7] Progress: 11% (32/286) - Loss: 0.1610
[Client 3, Round 7] Progress: 11% (34/286) - Loss: 0.1495
[Client 3, Round 7] Progress: 12% (36/286) - Loss: 0.1376
[Client 3, Round 7] Progress: 13% (38/286) - Loss: 0.1671
[Client 3, Round 7] Progress: 13% (40/286) - Loss: 0.1247
[Client 3, Round 7] Progress: 14% (42/286) - Loss: 0.1913
[Client 3, Round 7] Progress: 15% (44/286) - Loss: 0.0988
[Client 3, Round 7] Progress: 16% (46/286) - Loss: 0.1025
[Client 3, Round 7] Progress: 16% (48/286) - Loss: 0.6092
[Client 3, Round 7] Progress: 17% (50/286) - Loss: 0.1710
[Client 3, Round 7] Progress: 18% (52/286) - Loss: 0.1211
[Client 3, Round 7] Progress: 18% (54/286) - Loss: 0.1308
[Client 3, Round 7] Progress: 19% (56/286) - Loss: 0.5477
[Client 3, Round 7] Progress: 20% (58/286) - Loss: 0.1311
[Client 3, Round 7] Progress: 20% (60/286) - Loss: 0.7581
[Client 3, Round 7] Progress: 21% (62/286) - Loss: 0.6227
[Client 3, Round 7] Progress: 22% (64/286) - Loss: 0.1793
[Client 3, Round 7] Progress: 23% (66/286) - Loss: 0.0979
[Client 3, Round 7] Progress: 23% (68/286) - Loss: 0.2382
[Client 3, Round 7] Progress: 24% (70/286) - Loss: 0.4973
[Client 3, Round 7] Progress: 25% (72/286) - Loss: 0.3913
[Client 3, Round 7] Progress: 25% (74/286) - Loss: 0.3510
[Client 3, Round 7] Progress: 26% (76/286) - Loss: 0.1414
[Client 3, Round 7] Progress: 27% (78/286) - Loss: 0.1357
[Client 3, Round 7] Progress: 27% (80/286) - Loss: 0.2884
[Client 3, Round 7] Progress: 28% (82/286) - Loss: 0.2014
[Client 3, Round 7] Progress: 29% (84/286) - Loss: 0.2195
[Client 3, Round 7] Progress: 30% (86/286) - Loss: 0.2400
[Client 3, Round 7] Progress: 30% (88/286) - Loss: 0.2049
[Client 3, Round 7] Progress: 31% (90/286) - Loss: 0.1333
[Client 3, Round 7] Progress: 32% (92/286) - Loss: 0.1222
[Client 3, Round 7] Progress: 32% (94/286) - Loss: 0.4536
[Client 3, Round 7] Progress: 33% (96/286) - Loss: 0.2916
[Client 3, Round 7] Progress: 34% (98/286) - Loss: 0.1830
[Client 3, Round 7] Progress: 34% (100/286) - Loss: 0.9379
[Client 3, Round 7] Progress: 35% (102/286) - Loss: 0.1653
[Client 3, Round 7] Progress: 36% (104/286) - Loss: 0.1371
[Client 3, Round 7] Progress: 37% (106/286) - Loss: 0.1476
[Client 3, Round 7] Progress: 37% (108/286) - Loss: 0.1740
[Client 3, Round 7] Progress: 38% (110/286) - Loss: 0.1615
[Client 3, Round 7] Progress: 39% (112/286) - Loss: 0.1220
[Client 3, Round 7] Progress: 39% (114/286) - Loss: 0.3109
[Client 3, Round 7] Progress: 40% (116/286) - Loss: 0.4983
[Client 3, Round 7] Progress: 41% (118/286) - Loss: 0.2324
[Client 3, Round 7] Progress: 41% (120/286) - Loss: 0.2195
[Client 3, Round 7] Progress: 42% (122/286) - Loss: 0.2267
[Client 3, Round 7] Progress: 43% (124/286) - Loss: 0.4656
[Client 3, Round 7] Progress: 44% (126/286) - Loss: 0.4452
[Client 3, Round 7] Progress: 44% (128/286) - Loss: 0.1394
[Client 3, Round 7] Progress: 45% (130/286) - Loss: 0.5527
[Client 3, Round 7] Progress: 46% (132/286) - Loss: 0.2420
[Client 3, Round 7] Progress: 46% (134/286) - Loss: 0.2152
[Client 3, Round 7] Progress: 47% (136/286) - Loss: 0.1240
[Client 3, Round 7] Progress: 48% (138/286) - Loss: 0.3739
[Client 3, Round 7] Progress: 48% (140/286) - Loss: 0.1071
[Client 3, Round 7] Progress: 49% (142/286) - Loss: 0.4758
[Client 3, Round 7] Progress: 50% (144/286) - Loss: 0.1695
[Client 3, Round 7] Progress: 51% (146/286) - Loss: 0.3115
[Client 3, Round 7] Progress: 51% (148/286) - Loss: 0.3684
[Client 3, Round 7] Progress: 52% (150/286) - Loss: 0.4274
[Client 3, Round 7] Progress: 53% (152/286) - Loss: 0.1162
[Client 3, Round 7] Progress: 53% (154/286) - Loss: 0.1976
[Client 3, Round 7] Progress: 54% (156/286) - Loss: 0.1372
[Client 3, Round 7] Progress: 55% (158/286) - Loss: 0.1543
[Client 3, Round 7] Progress: 55% (160/286) - Loss: 0.4454
[Client 3, Round 7] Progress: 56% (162/286) - Loss: 0.2463
[Client 3, Round 7] Progress: 57% (164/286) - Loss: 0.2317
[Client 3, Round 7] Progress: 58% (166/286) - Loss: 0.2025
[Client 3, Round 7] Progress: 58% (168/286) - Loss: 0.5953
[Client 3, Round 7] Progress: 59% (170/286) - Loss: 0.3404
[Client 3, Round 7] Progress: 60% (172/286) - Loss: 0.3037
[Client 3, Round 7] Progress: 60% (174/286) - Loss: 0.2048
[Client 3, Round 7] Progress: 61% (176/286) - Loss: 0.1517
[Client 3, Round 7] Progress: 62% (178/286) - Loss: 0.1487
[Client 3, Round 7] Progress: 62% (180/286) - Loss: 0.2025
[Client 3, Round 7] Progress: 63% (182/286) - Loss: 0.1939
[Client 3, Round 7] Progress: 64% (184/286) - Loss: 0.1579
[Client 3, Round 7] Progress: 65% (186/286) - Loss: 0.5980
[Client 3, Round 7] Progress: 65% (188/286) - Loss: 0.2099
[Client 3, Round 7] Progress: 66% (190/286) - Loss: 0.1286
[Client 3, Round 7] Progress: 67% (192/286) - Loss: 0.5032
[Client 3, Round 7] Progress: 67% (194/286) - Loss: 0.2381
[Client 3, Round 7] Progress: 68% (196/286) - Loss: 0.1597
[Client 3, Round 7] Progress: 69% (198/286) - Loss: 0.2061
[Client 3, Round 7] Progress: 69% (200/286) - Loss: 0.2250
[Client 3, Round 7] Progress: 70% (202/286) - Loss: 0.1759
[Client 3, Round 7] Progress: 71% (204/286) - Loss: 0.1153
[Client 3, Round 7] Progress: 72% (206/286) - Loss: 0.3170
[Client 3, Round 7] Progress: 72% (208/286) - Loss: 0.1019
[Client 3, Round 7] Progress: 73% (210/286) - Loss: 0.1306
[Client 3, Round 7] Progress: 74% (212/286) - Loss: 0.2624
[Client 3, Round 7] Progress: 74% (214/286) - Loss: 0.1334
[Client 3, Round 7] Progress: 75% (216/286) - Loss: 0.1804
[Client 3, Round 7] Progress: 76% (218/286) - Loss: 0.3895
[Client 3, Round 7] Progress: 76% (220/286) - Loss: 0.1869
[Client 3, Round 7] Progress: 77% (222/286) - Loss: 0.1571
[Client 3, Round 7] Progress: 78% (224/286) - Loss: 0.1160
[Client 3, Round 7] Progress: 79% (226/286) - Loss: 0.2294
[Client 3, Round 7] Progress: 79% (228/286) - Loss: 0.1192
[Client 3, Round 7] Progress: 80% (230/286) - Loss: 0.1357
[Client 3, Round 7] Progress: 81% (232/286) - Loss: 0.1510
[Client 3, Round 7] Progress: 81% (234/286) - Loss: 0.4058
[Client 3, Round 7] Progress: 82% (236/286) - Loss: 0.1635
[Client 3, Round 7] Progress: 83% (238/286) - Loss: 0.2920
[Client 3, Round 7] Progress: 83% (240/286) - Loss: 0.2190
[Client 3, Round 7] Progress: 84% (242/286) - Loss: 0.0681
[Client 3, Round 7] Progress: 85% (244/286) - Loss: 0.5158
[Client 3, Round 7] Progress: 86% (246/286) - Loss: 0.1951
[Client 3, Round 7] Progress: 86% (248/286) - Loss: 0.2319
[Client 3, Round 7] Progress: 87% (250/286) - Loss: 0.3105
[Client 3, Round 7] Progress: 88% (252/286) - Loss: 0.2192
[Client 3, Round 7] Progress: 88% (254/286) - Loss: 0.1120
[Client 3, Round 7] Progress: 89% (256/286) - Loss: 0.5378
[Client 3, Round 7] Progress: 90% (258/286) - Loss: 0.1302
[Client 3, Round 7] Progress: 90% (260/286) - Loss: 0.1184
[Client 3, Round 7] Progress: 91% (262/286) - Loss: 0.1443
[Client 3, Round 7] Progress: 92% (264/286) - Loss: 0.3334
[Client 3, Round 7] Progress: 93% (266/286) - Loss: 0.5036
[Client 3, Round 7] Progress: 93% (268/286) - Loss: 0.2581
[Client 3, Round 7] Progress: 94% (270/286) - Loss: 0.1466
[Client 3, Round 7] Progress: 95% (272/286) - Loss: 0.7296
[Client 3, Round 7] Progress: 95% (274/286) - Loss: 0.2241
[Client 3, Round 7] Progress: 96% (276/286) - Loss: 0.1311
[Client 3, Round 7] Progress: 97% (278/286) - Loss: 0.1847
[Client 3, Round 7] Progress: 97% (280/286) - Loss: 0.1285
[Client 3, Round 7] Progress: 98% (282/286) - Loss: 0.1933
[Client 3, Round 7] Progress: 99% (284/286) - Loss: 0.7600
[Client 3, Round 7] Progress: 100% (286/286) - Loss: 0.1612
[Client 3, Round 7] Train Loss: 0.2614
[Client 3, Round 7] Val Loss: 0.2374 | Val Dice: 0.7838
[Client 3, Round 8] Progress: 0% (2/286) - Loss: 0.8562
[Client 3, Round 8] Progress: 1% (4/286) - Loss: 0.1313
[Client 3, Round 8] Progress: 2% (6/286) - Loss: 0.1818
[Client 3, Round 8] Progress: 2% (8/286) - Loss: 0.5136
[Client 3, Round 8] Progress: 3% (10/286) - Loss: 0.3892
[Client 3, Round 8] Progress: 4% (12/286) - Loss: 0.1982
[Client 3, Round 8] Progress: 4% (14/286) - Loss: 0.6637
[Client 3, Round 8] Progress: 5% (16/286) - Loss: 0.1407
[Client 3, Round 8] Progress: 6% (18/286) - Loss: 0.0942
[Client 3, Round 8] Progress: 6% (20/286) - Loss: 0.1424
[Client 3, Round 8] Progress: 7% (22/286) - Loss: 0.7785
[Client 3, Round 8] Progress: 8% (24/286) - Loss: 0.3407
[Client 3, Round 8] Progress: 9% (26/286) - Loss: 0.1414
[Client 3, Round 8] Progress: 9% (28/286) - Loss: 0.2469
[Client 3, Round 8] Progress: 10% (30/286) - Loss: 0.5894
[Client 3, Round 8] Progress: 11% (32/286) - Loss: 0.1030
[Client 3, Round 8] Progress: 11% (34/286) - Loss: 0.1798
[Client 3, Round 8] Progress: 12% (36/286) - Loss: 0.1696
[Client 3, Round 8] Progress: 13% (38/286) - Loss: 0.1448
[Client 3, Round 8] Progress: 13% (40/286) - Loss: 0.1550
[Client 3, Round 8] Progress: 14% (42/286) - Loss: 0.2129
[Client 3, Round 8] Progress: 15% (44/286) - Loss: 0.1324
[Client 3, Round 8] Progress: 16% (46/286) - Loss: 0.1523
[Client 3, Round 8] Progress: 16% (48/286) - Loss: 0.1174
[Client 3, Round 8] Progress: 17% (50/286) - Loss: 0.2759
[Client 3, Round 8] Progress: 18% (52/286) - Loss: 0.5667
[Client 3, Round 8] Progress: 18% (54/286) - Loss: 0.2043
[Client 3, Round 8] Progress: 19% (56/286) - Loss: 0.1609
[Client 3, Round 8] Progress: 20% (58/286) - Loss: 0.1834
[Client 3, Round 8] Progress: 20% (60/286) - Loss: 0.1331
[Client 3, Round 8] Progress: 21% (62/286) - Loss: 0.5225
[Client 3, Round 8] Progress: 22% (64/286) - Loss: 0.4342
[Client 3, Round 8] Progress: 23% (66/286) - Loss: 0.5170
[Client 3, Round 8] Progress: 23% (68/286) - Loss: 0.5027
[Client 3, Round 8] Progress: 24% (70/286) - Loss: 0.1338
[Client 3, Round 8] Progress: 25% (72/286) - Loss: 0.1508
[Client 3, Round 8] Progress: 25% (74/286) - Loss: 0.5014
[Client 3, Round 8] Progress: 26% (76/286) - Loss: 0.1733
[Client 3, Round 8] Progress: 27% (78/286) - Loss: 0.1907
[Client 3, Round 8] Progress: 27% (80/286) - Loss: 0.1296
[Client 3, Round 8] Progress: 28% (82/286) - Loss: 0.4019
[Client 3, Round 8] Progress: 29% (84/286) - Loss: 0.1564
[Client 3, Round 8] Progress: 30% (86/286) - Loss: 0.1309
[Client 3, Round 8] Progress: 30% (88/286) - Loss: 0.1653
[Client 3, Round 8] Progress: 31% (90/286) - Loss: 0.1450
[Client 3, Round 8] Progress: 32% (92/286) - Loss: 0.3609
[Client 3, Round 8] Progress: 32% (94/286) - Loss: 0.5932
[Client 3, Round 8] Progress: 33% (96/286) - Loss: 0.2754
[Client 3, Round 8] Progress: 34% (98/286) - Loss: 0.2217
[Client 3, Round 8] Progress: 34% (100/286) - Loss: 0.1619
[Client 3, Round 8] Progress: 35% (102/286) - Loss: 0.1205
[Client 3, Round 8] Progress: 36% (104/286) - Loss: 0.1987
[Client 3, Round 8] Progress: 37% (106/286) - Loss: 0.1252
[Client 3, Round 8] Progress: 37% (108/286) - Loss: 0.1403
[Client 3, Round 8] Progress: 38% (110/286) - Loss: 0.1598
[Client 3, Round 8] Progress: 39% (112/286) - Loss: 0.3699
[Client 3, Round 8] Progress: 39% (114/286) - Loss: 0.5863
[Client 3, Round 8] Progress: 40% (116/286) - Loss: 0.1423
[Client 3, Round 8] Progress: 41% (118/286) - Loss: 0.1436
[Client 3, Round 8] Progress: 41% (120/286) - Loss: 0.1194
[Client 3, Round 8] Progress: 42% (122/286) - Loss: 0.1376
[Client 3, Round 8] Progress: 43% (124/286) - Loss: 0.1629
[Client 3, Round 8] Progress: 44% (126/286) - Loss: 0.3569
[Client 3, Round 8] Progress: 44% (128/286) - Loss: 0.1683
[Client 3, Round 8] Progress: 45% (130/286) - Loss: 0.0759
[Client 3, Round 8] Progress: 46% (132/286) - Loss: 0.1987
[Client 3, Round 8] Progress: 46% (134/286) - Loss: 0.8418
[Client 3, Round 8] Progress: 47% (136/286) - Loss: 0.1346
[Client 3, Round 8] Progress: 48% (138/286) - Loss: 0.1746
[Client 3, Round 8] Progress: 48% (140/286) - Loss: 0.1722
[Client 3, Round 8] Progress: 49% (142/286) - Loss: 0.0806
[Client 3, Round 8] Progress: 50% (144/286) - Loss: 0.6011
[Client 3, Round 8] Progress: 51% (146/286) - Loss: 0.3379
[Client 3, Round 8] Progress: 51% (148/286) - Loss: 0.0954
[Client 3, Round 8] Progress: 52% (150/286) - Loss: 0.2601
[Client 3, Round 8] Progress: 53% (152/286) - Loss: 0.2808
[Client 3, Round 8] Progress: 53% (154/286) - Loss: 0.1307
[Client 3, Round 8] Progress: 54% (156/286) - Loss: 0.2597
[Client 3, Round 8] Progress: 55% (158/286) - Loss: 0.1545
[Client 3, Round 8] Progress: 55% (160/286) - Loss: 0.1577
[Client 3, Round 8] Progress: 56% (162/286) - Loss: 0.1990
[Client 3, Round 8] Progress: 57% (164/286) - Loss: 0.1645
[Client 3, Round 8] Progress: 58% (166/286) - Loss: 0.1436
[Client 3, Round 8] Progress: 58% (168/286) - Loss: 0.4443
[Client 3, Round 8] Progress: 59% (170/286) - Loss: 0.3440
[Client 3, Round 8] Progress: 60% (172/286) - Loss: 0.3429
[Client 3, Round 8] Progress: 60% (174/286) - Loss: 0.1682
[Client 3, Round 8] Progress: 61% (176/286) - Loss: 0.2939
[Client 3, Round 8] Progress: 62% (178/286) - Loss: 0.0664
[Client 3, Round 8] Progress: 62% (180/286) - Loss: 0.1331
[Client 3, Round 8] Progress: 63% (182/286) - Loss: 0.1415
[Client 3, Round 8] Progress: 64% (184/286) - Loss: 0.3418
[Client 3, Round 8] Progress: 65% (186/286) - Loss: 0.1058
[Client 3, Round 8] Progress: 65% (188/286) - Loss: 0.5639
[Client 3, Round 8] Progress: 66% (190/286) - Loss: 0.2234
[Client 3, Round 8] Progress: 67% (192/286) - Loss: 0.2814
[Client 3, Round 8] Progress: 67% (194/286) - Loss: 0.4369
[Client 3, Round 8] Progress: 68% (196/286) - Loss: 0.0758
[Client 3, Round 8] Progress: 69% (198/286) - Loss: 0.1828
[Client 3, Round 8] Progress: 69% (200/286) - Loss: 0.2899
[Client 3, Round 8] Progress: 70% (202/286) - Loss: 0.3132
[Client 3, Round 8] Progress: 71% (204/286) - Loss: 0.3092
[Client 3, Round 8] Progress: 72% (206/286) - Loss: 0.2987
[Client 3, Round 8] Progress: 72% (208/286) - Loss: 0.1250
[Client 3, Round 8] Progress: 73% (210/286) - Loss: 0.1712
[Client 3, Round 8] Progress: 74% (212/286) - Loss: 0.1537
[Client 3, Round 8] Progress: 74% (214/286) - Loss: 0.2289
[Client 3, Round 8] Progress: 75% (216/286) - Loss: 0.1545
[Client 3, Round 8] Progress: 76% (218/286) - Loss: 0.2044
[Client 3, Round 8] Progress: 76% (220/286) - Loss: 0.2763
[Client 3, Round 8] Progress: 77% (222/286) - Loss: 0.2011
[Client 3, Round 8] Progress: 78% (224/286) - Loss: 0.1052
[Client 3, Round 8] Progress: 79% (226/286) - Loss: 0.0961
[Client 3, Round 8] Progress: 79% (228/286) - Loss: 0.1220
[Client 3, Round 8] Progress: 80% (230/286) - Loss: 0.1894
[Client 3, Round 8] Progress: 81% (232/286) - Loss: 0.1722
[Client 3, Round 8] Progress: 81% (234/286) - Loss: 0.1991
[Client 3, Round 8] Progress: 82% (236/286) - Loss: 0.2033
[Client 3, Round 8] Progress: 83% (238/286) - Loss: 0.4913
[Client 3, Round 8] Progress: 83% (240/286) - Loss: 0.2577
[Client 3, Round 8] Progress: 84% (242/286) - Loss: 0.1265
[Client 3, Round 8] Progress: 85% (244/286) - Loss: 0.2106
[Client 3, Round 8] Progress: 86% (246/286) - Loss: 0.1848
[Client 3, Round 8] Progress: 86% (248/286) - Loss: 0.1084
[Client 3, Round 8] Progress: 87% (250/286) - Loss: 0.1882
[Client 3, Round 8] Progress: 88% (252/286) - Loss: 0.6159
[Client 3, Round 8] Progress: 88% (254/286) - Loss: 0.1144
[Client 3, Round 8] Progress: 89% (256/286) - Loss: 0.3017
[Client 3, Round 8] Progress: 90% (258/286) - Loss: 0.4912
[Client 3, Round 8] Progress: 90% (260/286) - Loss: 0.6247
[Client 3, Round 8] Progress: 91% (262/286) - Loss: 0.2474
[Client 3, Round 8] Progress: 92% (264/286) - Loss: 0.4859
[Client 3, Round 8] Progress: 93% (266/286) - Loss: 0.1921
[Client 3, Round 8] Progress: 93% (268/286) - Loss: 0.6566
[Client 3, Round 8] Progress: 94% (270/286) - Loss: 0.1023
[Client 3, Round 8] Progress: 95% (272/286) - Loss: 0.4480
[Client 3, Round 8] Progress: 95% (274/286) - Loss: 0.1502
[Client 3, Round 8] Progress: 96% (276/286) - Loss: 0.2335
[Client 3, Round 8] Progress: 97% (278/286) - Loss: 0.1102
[Client 3, Round 8] Progress: 97% (280/286) - Loss: 0.2686
[Client 3, Round 8] Progress: 98% (282/286) - Loss: 0.2018
[Client 3, Round 8] Progress: 99% (284/286) - Loss: 0.4839
[Client 3, Round 8] Progress: 100% (286/286) - Loss: 0.1360
[Client 3, Round 8] Train Loss: 0.2440
[Client 3, Round 8] Val Loss: 0.2223 | Val Dice: 0.7997
[Client 3, Round 9] Progress: 0% (2/286) - Loss: 0.1803
[Client 3, Round 9] Progress: 1% (4/286) - Loss: 0.0749
[Client 3, Round 9] Progress: 2% (6/286) - Loss: 0.1015
[Client 3, Round 9] Progress: 2% (8/286) - Loss: 0.1217
[Client 3, Round 9] Progress: 3% (10/286) - Loss: 0.3080
[Client 3, Round 9] Progress: 4% (12/286) - Loss: 0.1095
[Client 3, Round 9] Progress: 4% (14/286) - Loss: 0.1342
[Client 3, Round 9] Progress: 5% (16/286) - Loss: 0.1303
[Client 3, Round 9] Progress: 6% (18/286) - Loss: 0.7674
[Client 3, Round 9] Progress: 6% (20/286) - Loss: 0.1412
[Client 3, Round 9] Progress: 7% (22/286) - Loss: 0.1698
[Client 3, Round 9] Progress: 8% (24/286) - Loss: 0.0693
[Client 3, Round 9] Progress: 9% (26/286) - Loss: 0.3880
[Client 3, Round 9] Progress: 9% (28/286) - Loss: 0.4892
[Client 3, Round 9] Progress: 10% (30/286) - Loss: 0.1331
[Client 3, Round 9] Progress: 11% (32/286) - Loss: 0.1661
[Client 3, Round 9] Progress: 11% (34/286) - Loss: 0.6172
[Client 3, Round 9] Progress: 12% (36/286) - Loss: 0.6318
[Client 3, Round 9] Progress: 13% (38/286) - Loss: 0.1881
[Client 3, Round 9] Progress: 13% (40/286) - Loss: 0.1423
[Client 3, Round 9] Progress: 14% (42/286) - Loss: 0.0957
[Client 3, Round 9] Progress: 15% (44/286) - Loss: 0.1834
[Client 3, Round 9] Progress: 16% (46/286) - Loss: 0.4565
[Client 3, Round 9] Progress: 16% (48/286) - Loss: 0.2176
[Client 3, Round 9] Progress: 17% (50/286) - Loss: 0.2786
[Client 3, Round 9] Progress: 18% (52/286) - Loss: 0.1023
[Client 3, Round 9] Progress: 18% (54/286) - Loss: 0.1133
[Client 3, Round 9] Progress: 19% (56/286) - Loss: 0.2617
[Client 3, Round 9] Progress: 20% (58/286) - Loss: 0.5147
[Client 3, Round 9] Progress: 20% (60/286) - Loss: 0.1501
[Client 3, Round 9] Progress: 21% (62/286) - Loss: 0.4333
[Client 3, Round 9] Progress: 22% (64/286) - Loss: 0.4796
[Client 3, Round 9] Progress: 23% (66/286) - Loss: 0.6690
[Client 3, Round 9] Progress: 23% (68/286) - Loss: 0.5684
[Client 3, Round 9] Progress: 24% (70/286) - Loss: 0.5252
[Client 3, Round 9] Progress: 25% (72/286) - Loss: 0.1270
[Client 3, Round 9] Progress: 25% (74/286) - Loss: 0.2054
[Client 3, Round 9] Progress: 26% (76/286) - Loss: 0.2249
[Client 3, Round 9] Progress: 27% (78/286) - Loss: 0.1539
[Client 3, Round 9] Progress: 27% (80/286) - Loss: 0.1643
[Client 3, Round 9] Progress: 28% (82/286) - Loss: 0.2851
[Client 3, Round 9] Progress: 29% (84/286) - Loss: 0.5871
[Client 3, Round 9] Progress: 30% (86/286) - Loss: 0.1427
[Client 3, Round 9] Progress: 30% (88/286) - Loss: 0.1906
[Client 3, Round 9] Progress: 31% (90/286) - Loss: 0.1079
[Client 3, Round 9] Progress: 32% (92/286) - Loss: 0.4330
[Client 3, Round 9] Progress: 32% (94/286) - Loss: 0.1299
[Client 3, Round 9] Progress: 33% (96/286) - Loss: 0.0879
[Client 3, Round 9] Progress: 34% (98/286) - Loss: 0.5255
[Client 3, Round 9] Progress: 34% (100/286) - Loss: 0.2266
[Client 3, Round 9] Progress: 35% (102/286) - Loss: 0.4426
[Client 3, Round 9] Progress: 36% (104/286) - Loss: 0.1431
[Client 3, Round 9] Progress: 37% (106/286) - Loss: 0.1254
[Client 3, Round 9] Progress: 37% (108/286) - Loss: 0.2400
[Client 3, Round 9] Progress: 38% (110/286) - Loss: 0.1605
[Client 3, Round 9] Progress: 39% (112/286) - Loss: 0.1438
[Client 3, Round 9] Progress: 39% (114/286) - Loss: 0.1895
[Client 3, Round 9] Progress: 40% (116/286) - Loss: 0.1505
[Client 3, Round 9] Progress: 41% (118/286) - Loss: 0.1065
[Client 3, Round 9] Progress: 41% (120/286) - Loss: 0.1937
[Client 3, Round 9] Progress: 42% (122/286) - Loss: 0.1413
[Client 3, Round 9] Progress: 43% (124/286) - Loss: 0.2057
[Client 3, Round 9] Progress: 44% (126/286) - Loss: 0.4817
[Client 3, Round 9] Progress: 44% (128/286) - Loss: 0.1205
[Client 3, Round 9] Progress: 45% (130/286) - Loss: 0.1219
[Client 3, Round 9] Progress: 46% (132/286) - Loss: 0.1297
[Client 3, Round 9] Progress: 46% (134/286) - Loss: 0.2528
[Client 3, Round 9] Progress: 47% (136/286) - Loss: 0.1640
[Client 3, Round 9] Progress: 48% (138/286) - Loss: 0.1136
[Client 3, Round 9] Progress: 48% (140/286) - Loss: 0.0819
[Client 3, Round 9] Progress: 49% (142/286) - Loss: 0.2132
[Client 3, Round 9] Progress: 50% (144/286) - Loss: 0.1045
[Client 3, Round 9] Progress: 51% (146/286) - Loss: 0.1729
[Client 3, Round 9] Progress: 51% (148/286) - Loss: 0.3810
[Client 3, Round 9] Progress: 52% (150/286) - Loss: 0.1273
[Client 3, Round 9] Progress: 53% (152/286) - Loss: 0.1124
[Client 3, Round 9] Progress: 53% (154/286) - Loss: 0.4976
[Client 3, Round 9] Progress: 54% (156/286) - Loss: 0.2441
[Client 3, Round 9] Progress: 55% (158/286) - Loss: 0.1850
[Client 3, Round 9] Progress: 55% (160/286) - Loss: 0.1845
[Client 3, Round 9] Progress: 56% (162/286) - Loss: 0.8644
[Client 3, Round 9] Progress: 57% (164/286) - Loss: 0.1504
[Client 3, Round 9] Progress: 58% (166/286) - Loss: 0.1554
[Client 3, Round 9] Progress: 58% (168/286) - Loss: 0.4522
[Client 3, Round 9] Progress: 59% (170/286) - Loss: 0.1658
[Client 3, Round 9] Progress: 60% (172/286) - Loss: 0.1837
[Client 3, Round 9] Progress: 60% (174/286) - Loss: 0.1947
[Client 3, Round 9] Progress: 61% (176/286) - Loss: 0.2873
[Client 3, Round 9] Progress: 62% (178/286) - Loss: 0.1187
[Client 3, Round 9] Progress: 62% (180/286) - Loss: 0.8459
[Client 3, Round 9] Progress: 63% (182/286) - Loss: 0.1774
[Client 3, Round 9] Progress: 64% (184/286) - Loss: 0.1953
[Client 3, Round 9] Progress: 65% (186/286) - Loss: 0.1480
[Client 3, Round 9] Progress: 65% (188/286) - Loss: 0.1782
[Client 3, Round 9] Progress: 66% (190/286) - Loss: 0.1045
[Client 3, Round 9] Progress: 67% (192/286) - Loss: 0.4154
[Client 3, Round 9] Progress: 67% (194/286) - Loss: 0.0743
[Client 3, Round 9] Progress: 68% (196/286) - Loss: 0.2949
[Client 3, Round 9] Progress: 69% (198/286) - Loss: 0.3225
[Client 3, Round 9] Progress: 69% (200/286) - Loss: 0.5356
[Client 3, Round 9] Progress: 70% (202/286) - Loss: 0.7661
[Client 3, Round 9] Progress: 71% (204/286) - Loss: 0.3090
[Client 3, Round 9] Progress: 72% (206/286) - Loss: 0.8855
[Client 3, Round 9] Progress: 72% (208/286) - Loss: 0.1256
[Client 3, Round 9] Progress: 73% (210/286) - Loss: 0.1477
[Client 3, Round 9] Progress: 74% (212/286) - Loss: 0.2101
[Client 3, Round 9] Progress: 74% (214/286) - Loss: 0.1722
[Client 3, Round 9] Progress: 75% (216/286) - Loss: 0.1562
[Client 3, Round 9] Progress: 76% (218/286) - Loss: 0.2344
[Client 3, Round 9] Progress: 76% (220/286) - Loss: 0.1596
[Client 3, Round 9] Progress: 77% (222/286) - Loss: 0.2822
[Client 3, Round 9] Progress: 78% (224/286) - Loss: 0.4887
[Client 3, Round 9] Progress: 79% (226/286) - Loss: 0.1886
[Client 3, Round 9] Progress: 79% (228/286) - Loss: 0.2049
[Client 3, Round 9] Progress: 80% (230/286) - Loss: 0.2159
[Client 3, Round 9] Progress: 81% (232/286) - Loss: 0.2095
[Client 3, Round 9] Progress: 81% (234/286) - Loss: 0.1584
[Client 3, Round 9] Progress: 82% (236/286) - Loss: 0.2804
[Client 3, Round 9] Progress: 83% (238/286) - Loss: 0.6397
[Client 3, Round 9] Progress: 83% (240/286) - Loss: 0.3851
[Client 3, Round 9] Progress: 84% (242/286) - Loss: 0.1874
[Client 3, Round 9] Progress: 85% (244/286) - Loss: 0.1025
[Client 3, Round 9] Progress: 86% (246/286) - Loss: 0.5813
[Client 3, Round 9] Progress: 86% (248/286) - Loss: 0.1019
[Client 3, Round 9] Progress: 87% (250/286) - Loss: 0.2415
[Client 3, Round 9] Progress: 88% (252/286) - Loss: 0.4791
[Client 3, Round 9] Progress: 88% (254/286) - Loss: 0.2507
[Client 3, Round 9] Progress: 89% (256/286) - Loss: 0.1782
[Client 3, Round 9] Progress: 90% (258/286) - Loss: 0.2005
[Client 3, Round 9] Progress: 90% (260/286) - Loss: 0.1489
[Client 3, Round 9] Progress: 91% (262/286) - Loss: 0.2407
[Client 3, Round 9] Progress: 92% (264/286) - Loss: 0.1128
[Client 3, Round 9] Progress: 93% (266/286) - Loss: 0.0877
[Client 3, Round 9] Progress: 93% (268/286) - Loss: 0.2080
[Client 3, Round 9] Progress: 94% (270/286) - Loss: 0.3331
[Client 3, Round 9] Progress: 95% (272/286) - Loss: 0.1889
[Client 3, Round 9] Progress: 95% (274/286) - Loss: 0.1064
[Client 3, Round 9] Progress: 96% (276/286) - Loss: 0.1881
[Client 3, Round 9] Progress: 97% (278/286) - Loss: 0.1468
[Client 3, Round 9] Progress: 97% (280/286) - Loss: 0.3452
[Client 3, Round 9] Progress: 98% (282/286) - Loss: 0.1014
[Client 3, Round 9] Progress: 99% (284/286) - Loss: 0.2180
[Client 3, Round 9] Progress: 100% (286/286) - Loss: 0.5785
[Client 3, Round 9] Train Loss: 0.2410
[Client 3, Round 9] Val Loss: 0.2160 | Val Dice: 0.8077
[Client 3, Round 10] Progress: 0% (2/286) - Loss: 0.2182
[Client 3, Round 10] Progress: 1% (4/286) - Loss: 0.1271
[Client 3, Round 10] Progress: 2% (6/286) - Loss: 0.1627
[Client 3, Round 10] Progress: 2% (8/286) - Loss: 0.3133
[Client 3, Round 10] Progress: 3% (10/286) - Loss: 0.5649
[Client 3, Round 10] Progress: 4% (12/286) - Loss: 0.1137
[Client 3, Round 10] Progress: 4% (14/286) - Loss: 0.1735
[Client 3, Round 10] Progress: 5% (16/286) - Loss: 0.6439
[Client 3, Round 10] Progress: 6% (18/286) - Loss: 0.1692
[Client 3, Round 10] Progress: 6% (20/286) - Loss: 0.0756
[Client 3, Round 10] Progress: 7% (22/286) - Loss: 0.1200
[Client 3, Round 10] Progress: 8% (24/286) - Loss: 0.0759
[Client 3, Round 10] Progress: 9% (26/286) - Loss: 0.2641
[Client 3, Round 10] Progress: 9% (28/286) - Loss: 0.1940
[Client 3, Round 10] Progress: 10% (30/286) - Loss: 0.2039
[Client 3, Round 10] Progress: 11% (32/286) - Loss: 0.3998
[Client 3, Round 10] Progress: 11% (34/286) - Loss: 0.1145
[Client 3, Round 10] Progress: 12% (36/286) - Loss: 0.1530
[Client 3, Round 10] Progress: 13% (38/286) - Loss: 0.3217
[Client 3, Round 10] Progress: 13% (40/286) - Loss: 0.4983
[Client 3, Round 10] Progress: 14% (42/286) - Loss: 0.1284
[Client 3, Round 10] Progress: 15% (44/286) - Loss: 0.2034
[Client 3, Round 10] Progress: 16% (46/286) - Loss: 0.2064
[Client 3, Round 10] Progress: 16% (48/286) - Loss: 0.2537
[Client 3, Round 10] Progress: 17% (50/286) - Loss: 0.1225
[Client 3, Round 10] Progress: 18% (52/286) - Loss: 0.1185
[Client 3, Round 10] Progress: 18% (54/286) - Loss: 0.1330
[Client 3, Round 10] Progress: 19% (56/286) - Loss: 0.1073
[Client 3, Round 10] Progress: 20% (58/286) - Loss: 0.1934
[Client 3, Round 10] Progress: 20% (60/286) - Loss: 0.0800
[Client 3, Round 10] Progress: 21% (62/286) - Loss: 0.4403
[Client 3, Round 10] Progress: 22% (64/286) - Loss: 0.1217
[Client 3, Round 10] Progress: 23% (66/286) - Loss: 0.4258
[Client 3, Round 10] Progress: 23% (68/286) - Loss: 0.5762
[Client 3, Round 10] Progress: 24% (70/286) - Loss: 0.1809
[Client 3, Round 10] Progress: 25% (72/286) - Loss: 0.2426
[Client 3, Round 10] Progress: 25% (74/286) - Loss: 0.1586
[Client 3, Round 10] Progress: 26% (76/286) - Loss: 0.1226
[Client 3, Round 10] Progress: 27% (78/286) - Loss: 0.1183
[Client 3, Round 10] Progress: 27% (80/286) - Loss: 0.1362
[Client 3, Round 10] Progress: 28% (82/286) - Loss: 0.1078
[Client 3, Round 10] Progress: 29% (84/286) - Loss: 0.5093
[Client 3, Round 10] Progress: 30% (86/286) - Loss: 0.4713
[Client 3, Round 10] Progress: 30% (88/286) - Loss: 0.1452
[Client 3, Round 10] Progress: 31% (90/286) - Loss: 0.3171
[Client 3, Round 10] Progress: 32% (92/286) - Loss: 0.1596
[Client 3, Round 10] Progress: 32% (94/286) - Loss: 0.1407
[Client 3, Round 10] Progress: 33% (96/286) - Loss: 0.1754
[Client 3, Round 10] Progress: 34% (98/286) - Loss: 0.1173
[Client 3, Round 10] Progress: 34% (100/286) - Loss: 0.6617
[Client 3, Round 10] Progress: 35% (102/286) - Loss: 0.1457
[Client 3, Round 10] Progress: 36% (104/286) - Loss: 0.1352
[Client 3, Round 10] Progress: 37% (106/286) - Loss: 0.0984
[Client 3, Round 10] Progress: 37% (108/286) - Loss: 0.0786
[Client 3, Round 10] Progress: 38% (110/286) - Loss: 0.1208
[Client 3, Round 10] Progress: 39% (112/286) - Loss: 0.2444
[Client 3, Round 10] Progress: 39% (114/286) - Loss: 0.1349
[Client 3, Round 10] Progress: 40% (116/286) - Loss: 0.2285
[Client 3, Round 10] Progress: 41% (118/286) - Loss: 0.2672
[Client 3, Round 10] Progress: 41% (120/286) - Loss: 0.0708
[Client 3, Round 10] Progress: 42% (122/286) - Loss: 0.0870
[Client 3, Round 10] Progress: 43% (124/286) - Loss: 0.0839
[Client 3, Round 10] Progress: 44% (126/286) - Loss: 0.1799
[Client 3, Round 10] Progress: 44% (128/286) - Loss: 0.1772
[Client 3, Round 10] Progress: 45% (130/286) - Loss: 0.2888
[Client 3, Round 10] Progress: 46% (132/286) - Loss: 0.1046
[Client 3, Round 10] Progress: 46% (134/286) - Loss: 0.1988
[Client 3, Round 10] Progress: 47% (136/286) - Loss: 0.1919
[Client 3, Round 10] Progress: 48% (138/286) - Loss: 0.1922
[Client 3, Round 10] Progress: 48% (140/286) - Loss: 0.2076
[Client 3, Round 10] Progress: 49% (142/286) - Loss: 0.1488
[Client 3, Round 10] Progress: 50% (144/286) - Loss: 0.1125
[Client 3, Round 10] Progress: 51% (146/286) - Loss: 0.5184
[Client 3, Round 10] Progress: 51% (148/286) - Loss: 0.1590
[Client 3, Round 10] Progress: 52% (150/286) - Loss: 0.1532
[Client 3, Round 10] Progress: 53% (152/286) - Loss: 0.3906
[Client 3, Round 10] Progress: 53% (154/286) - Loss: 0.2992
[Client 3, Round 10] Progress: 54% (156/286) - Loss: 0.0918
[Client 3, Round 10] Progress: 55% (158/286) - Loss: 0.1384
[Client 3, Round 10] Progress: 55% (160/286) - Loss: 0.2575
[Client 3, Round 10] Progress: 56% (162/286) - Loss: 0.2869
[Client 3, Round 10] Progress: 57% (164/286) - Loss: 0.1250
[Client 3, Round 10] Progress: 58% (166/286) - Loss: 0.2077
[Client 3, Round 10] Progress: 58% (168/286) - Loss: 0.2788
[Client 3, Round 10] Progress: 59% (170/286) - Loss: 0.1563
[Client 3, Round 10] Progress: 60% (172/286) - Loss: 0.1043
[Client 3, Round 10] Progress: 60% (174/286) - Loss: 0.5380
[Client 3, Round 10] Progress: 61% (176/286) - Loss: 0.2644
[Client 3, Round 10] Progress: 62% (178/286) - Loss: 0.1657
[Client 3, Round 10] Progress: 62% (180/286) - Loss: 0.1057
[Client 3, Round 10] Progress: 63% (182/286) - Loss: 0.1456
[Client 3, Round 10] Progress: 64% (184/286) - Loss: 0.5203
[Client 3, Round 10] Progress: 65% (186/286) - Loss: 0.1002
[Client 3, Round 10] Progress: 65% (188/286) - Loss: 0.1091
[Client 3, Round 10] Progress: 66% (190/286) - Loss: 0.0862
[Client 3, Round 10] Progress: 67% (192/286) - Loss: 0.2577
[Client 3, Round 10] Progress: 67% (194/286) - Loss: 0.2500
[Client 3, Round 10] Progress: 68% (196/286) - Loss: 0.5144
[Client 3, Round 10] Progress: 69% (198/286) - Loss: 0.1061
[Client 3, Round 10] Progress: 69% (200/286) - Loss: 0.0985
[Client 3, Round 10] Progress: 70% (202/286) - Loss: 0.4784
[Client 3, Round 10] Progress: 71% (204/286) - Loss: 0.4885
[Client 3, Round 10] Progress: 72% (206/286) - Loss: 0.1349
[Client 3, Round 10] Progress: 72% (208/286) - Loss: 0.1830
[Client 3, Round 10] Progress: 73% (210/286) - Loss: 0.1354
[Client 3, Round 10] Progress: 74% (212/286) - Loss: 0.2057
[Client 3, Round 10] Progress: 74% (214/286) - Loss: 0.1411
[Client 3, Round 10] Progress: 75% (216/286) - Loss: 0.1900
[Client 3, Round 10] Progress: 76% (218/286) - Loss: 0.1309
[Client 3, Round 10] Progress: 76% (220/286) - Loss: 0.4718
[Client 3, Round 10] Progress: 77% (222/286) - Loss: 0.1093
[Client 3, Round 10] Progress: 78% (224/286) - Loss: 0.1835
[Client 3, Round 10] Progress: 79% (226/286) - Loss: 0.2727
[Client 3, Round 10] Progress: 79% (228/286) - Loss: 0.6004
[Client 3, Round 10] Progress: 80% (230/286) - Loss: 0.1152
[Client 3, Round 10] Progress: 81% (232/286) - Loss: 0.1417
[Client 3, Round 10] Progress: 81% (234/286) - Loss: 0.2229
[Client 3, Round 10] Progress: 82% (236/286) - Loss: 0.1584
[Client 3, Round 10] Progress: 83% (238/286) - Loss: 0.1420
[Client 3, Round 10] Progress: 83% (240/286) - Loss: 0.2506
[Client 3, Round 10] Progress: 84% (242/286) - Loss: 0.1931
[Client 3, Round 10] Progress: 85% (244/286) - Loss: 0.5057
[Client 3, Round 10] Progress: 86% (246/286) - Loss: 0.1280
[Client 3, Round 10] Progress: 86% (248/286) - Loss: 0.1945
[Client 3, Round 10] Progress: 87% (250/286) - Loss: 0.1705
[Client 3, Round 10] Progress: 88% (252/286) - Loss: 0.1428
[Client 3, Round 10] Progress: 88% (254/286) - Loss: 0.1993
[Client 3, Round 10] Progress: 89% (256/286) - Loss: 0.1523
[Client 3, Round 10] Progress: 90% (258/286) - Loss: 0.1274
[Client 3, Round 10] Progress: 90% (260/286) - Loss: 0.1785
[Client 3, Round 10] Progress: 91% (262/286) - Loss: 0.1336
[Client 3, Round 10] Progress: 92% (264/286) - Loss: 0.1293
[Client 3, Round 10] Progress: 93% (266/286) - Loss: 0.2277
[Client 3, Round 10] Progress: 93% (268/286) - Loss: 0.1287
[Client 3, Round 10] Progress: 94% (270/286) - Loss: 0.1958
[Client 3, Round 10] Progress: 95% (272/286) - Loss: 0.1748
[Client 3, Round 10] Progress: 95% (274/286) - Loss: 0.4772
[Client 3, Round 10] Progress: 96% (276/286) - Loss: 0.1205
[Client 3, Round 10] Progress: 97% (278/286) - Loss: 0.3243
[Client 3, Round 10] Progress: 97% (280/286) - Loss: 0.1445
[Client 3, Round 10] Progress: 98% (282/286) - Loss: 0.4882
[Client 3, Round 10] Progress: 99% (284/286) - Loss: 0.0703
[Client 3, Round 10] Progress: 100% (286/286) - Loss: 0.0899
[Client 3, Round 10] Train Loss: 0.2335
[Client 3, Round 10] Val Loss: 0.2119 | Val Dice: 0.8106
[Client 3, Round 11] Progress: 0% (2/286) - Loss: 0.0867
[Client 3, Round 11] Progress: 1% (4/286) - Loss: 0.0800
[Client 3, Round 11] Progress: 2% (6/286) - Loss: 0.8400
[Client 3, Round 11] Progress: 2% (8/286) - Loss: 0.1075
[Client 3, Round 11] Progress: 3% (10/286) - Loss: 0.4156
[Client 3, Round 11] Progress: 4% (12/286) - Loss: 0.1473
[Client 3, Round 11] Progress: 4% (14/286) - Loss: 0.1748
[Client 3, Round 11] Progress: 5% (16/286) - Loss: 0.1365
[Client 3, Round 11] Progress: 6% (18/286) - Loss: 0.1605
[Client 3, Round 11] Progress: 6% (20/286) - Loss: 0.1943
[Client 3, Round 11] Progress: 7% (22/286) - Loss: 0.2472
[Client 3, Round 11] Progress: 8% (24/286) - Loss: 0.4993
[Client 3, Round 11] Progress: 9% (26/286) - Loss: 0.1567
[Client 3, Round 11] Progress: 9% (28/286) - Loss: 0.2175
[Client 3, Round 11] Progress: 10% (30/286) - Loss: 0.1840
[Client 3, Round 11] Progress: 11% (32/286) - Loss: 0.1484
[Client 3, Round 11] Progress: 11% (34/286) - Loss: 0.2033
[Client 3, Round 11] Progress: 12% (36/286) - Loss: 0.1702
[Client 3, Round 11] Progress: 13% (38/286) - Loss: 0.2161
[Client 3, Round 11] Progress: 13% (40/286) - Loss: 0.1981
[Client 3, Round 11] Progress: 14% (42/286) - Loss: 0.1618
[Client 3, Round 11] Progress: 15% (44/286) - Loss: 0.6684
[Client 3, Round 11] Progress: 16% (46/286) - Loss: 0.1035
[Client 3, Round 11] Progress: 16% (48/286) - Loss: 0.1380
[Client 3, Round 11] Progress: 17% (50/286) - Loss: 0.1029
[Client 3, Round 11] Progress: 18% (52/286) - Loss: 0.1288
[Client 3, Round 11] Progress: 18% (54/286) - Loss: 0.1551
[Client 3, Round 11] Progress: 19% (56/286) - Loss: 0.0890
[Client 3, Round 11] Progress: 20% (58/286) - Loss: 0.4412
[Client 3, Round 11] Progress: 20% (60/286) - Loss: 0.1868
[Client 3, Round 11] Progress: 21% (62/286) - Loss: 0.1756
[Client 3, Round 11] Progress: 22% (64/286) - Loss: 0.2615
[Client 3, Round 11] Progress: 23% (66/286) - Loss: 0.0818
[Client 3, Round 11] Progress: 23% (68/286) - Loss: 0.1131
[Client 3, Round 11] Progress: 24% (70/286) - Loss: 0.1485
[Client 3, Round 11] Progress: 25% (72/286) - Loss: 0.1827
[Client 3, Round 11] Progress: 25% (74/286) - Loss: 0.4595
[Client 3, Round 11] Progress: 26% (76/286) - Loss: 0.7807
[Client 3, Round 11] Progress: 27% (78/286) - Loss: 0.5212
[Client 3, Round 11] Progress: 27% (80/286) - Loss: 0.1325
[Client 3, Round 11] Progress: 28% (82/286) - Loss: 0.1017
[Client 3, Round 11] Progress: 29% (84/286) - Loss: 0.1693
[Client 3, Round 11] Progress: 30% (86/286) - Loss: 0.1308
[Client 3, Round 11] Progress: 30% (88/286) - Loss: 0.2419
[Client 3, Round 11] Progress: 31% (90/286) - Loss: 0.3965
[Client 3, Round 11] Progress: 32% (92/286) - Loss: 0.6440
[Client 3, Round 11] Progress: 32% (94/286) - Loss: 0.0913
[Client 3, Round 11] Progress: 33% (96/286) - Loss: 0.1081
[Client 3, Round 11] Progress: 34% (98/286) - Loss: 0.7700
[Client 3, Round 11] Progress: 34% (100/286) - Loss: 0.1816
[Client 3, Round 11] Progress: 35% (102/286) - Loss: 0.1118
[Client 3, Round 11] Progress: 36% (104/286) - Loss: 0.1374
[Client 3, Round 11] Progress: 37% (106/286) - Loss: 0.1448
[Client 3, Round 11] Progress: 37% (108/286) - Loss: 0.1888
[Client 3, Round 11] Progress: 38% (110/286) - Loss: 0.1207
[Client 3, Round 11] Progress: 39% (112/286) - Loss: 0.2580
[Client 3, Round 11] Progress: 39% (114/286) - Loss: 0.4545
[Client 3, Round 11] Progress: 40% (116/286) - Loss: 0.1041
[Client 3, Round 11] Progress: 41% (118/286) - Loss: 0.6700
[Client 3, Round 11] Progress: 41% (120/286) - Loss: 0.1477
[Client 3, Round 11] Progress: 42% (122/286) - Loss: 0.3007
[Client 3, Round 11] Progress: 43% (124/286) - Loss: 0.1549
[Client 3, Round 11] Progress: 44% (126/286) - Loss: 0.1588
[Client 3, Round 11] Progress: 44% (128/286) - Loss: 0.3953
[Client 3, Round 11] Progress: 45% (130/286) - Loss: 0.2096
[Client 3, Round 11] Progress: 46% (132/286) - Loss: 0.1445
[Client 3, Round 11] Progress: 46% (134/286) - Loss: 0.4624
[Client 3, Round 11] Progress: 47% (136/286) - Loss: 0.1410
[Client 3, Round 11] Progress: 48% (138/286) - Loss: 0.1076
[Client 3, Round 11] Progress: 48% (140/286) - Loss: 0.6462
[Client 3, Round 11] Progress: 49% (142/286) - Loss: 0.1387
[Client 3, Round 11] Progress: 50% (144/286) - Loss: 0.0855
[Client 3, Round 11] Progress: 51% (146/286) - Loss: 0.1432
[Client 3, Round 11] Progress: 51% (148/286) - Loss: 0.2577
[Client 3, Round 11] Progress: 52% (150/286) - Loss: 0.5403
[Client 3, Round 11] Progress: 53% (152/286) - Loss: 0.1119
[Client 3, Round 11] Progress: 53% (154/286) - Loss: 0.1581
[Client 3, Round 11] Progress: 54% (156/286) - Loss: 0.2079
[Client 3, Round 11] Progress: 55% (158/286) - Loss: 0.5308
[Client 3, Round 11] Progress: 55% (160/286) - Loss: 0.1600
[Client 3, Round 11] Progress: 56% (162/286) - Loss: 0.1840
[Client 3, Round 11] Progress: 57% (164/286) - Loss: 0.1488
[Client 3, Round 11] Progress: 58% (166/286) - Loss: 0.0783
[Client 3, Round 11] Progress: 58% (168/286) - Loss: 0.0915
[Client 3, Round 11] Progress: 59% (170/286) - Loss: 0.2086
[Client 3, Round 11] Progress: 60% (172/286) - Loss: 0.1163
[Client 3, Round 11] Progress: 60% (174/286) - Loss: 0.1463
[Client 3, Round 11] Progress: 61% (176/286) - Loss: 0.2044
[Client 3, Round 11] Progress: 62% (178/286) - Loss: 0.1216
[Client 3, Round 11] Progress: 62% (180/286) - Loss: 0.1199
[Client 3, Round 11] Progress: 63% (182/286) - Loss: 0.1062
[Client 3, Round 11] Progress: 64% (184/286) - Loss: 0.5846
[Client 3, Round 11] Progress: 65% (186/286) - Loss: 0.2774
[Client 3, Round 11] Progress: 65% (188/286) - Loss: 0.7690
[Client 3, Round 11] Progress: 66% (190/286) - Loss: 0.1720
[Client 3, Round 11] Progress: 67% (192/286) - Loss: 0.6208
[Client 3, Round 11] Progress: 67% (194/286) - Loss: 0.5012
[Client 3, Round 11] Progress: 68% (196/286) - Loss: 0.1413
[Client 3, Round 11] Progress: 69% (198/286) - Loss: 0.1203
[Client 3, Round 11] Progress: 69% (200/286) - Loss: 0.1054
[Client 3, Round 11] Progress: 70% (202/286) - Loss: 0.2584
[Client 3, Round 11] Progress: 71% (204/286) - Loss: 0.1176
[Client 3, Round 11] Progress: 72% (206/286) - Loss: 0.2253
[Client 3, Round 11] Progress: 72% (208/286) - Loss: 0.1223
[Client 3, Round 11] Progress: 73% (210/286) - Loss: 0.1055
[Client 3, Round 11] Progress: 74% (212/286) - Loss: 0.1346
[Client 3, Round 11] Progress: 74% (214/286) - Loss: 0.1223
[Client 3, Round 11] Progress: 75% (216/286) - Loss: 0.5663
[Client 3, Round 11] Progress: 76% (218/286) - Loss: 0.2339
[Client 3, Round 11] Progress: 76% (220/286) - Loss: 0.1755
[Client 3, Round 11] Progress: 77% (222/286) - Loss: 0.4566
[Client 3, Round 11] Progress: 78% (224/286) - Loss: 0.1109
[Client 3, Round 11] Progress: 79% (226/286) - Loss: 0.2030
[Client 3, Round 11] Progress: 79% (228/286) - Loss: 0.1343
[Client 3, Round 11] Progress: 80% (230/286) - Loss: 0.1076
[Client 3, Round 11] Progress: 81% (232/286) - Loss: 0.0908
[Client 3, Round 11] Progress: 81% (234/286) - Loss: 0.1322
[Client 3, Round 11] Progress: 82% (236/286) - Loss: 0.0976
[Client 3, Round 11] Progress: 83% (238/286) - Loss: 0.1110
[Client 3, Round 11] Progress: 83% (240/286) - Loss: 0.1384
[Client 3, Round 11] Progress: 84% (242/286) - Loss: 0.1875
[Client 3, Round 11] Progress: 85% (244/286) - Loss: 0.1756
[Client 3, Round 11] Progress: 86% (246/286) - Loss: 0.4614
[Client 3, Round 11] Progress: 86% (248/286) - Loss: 0.3154
[Client 3, Round 11] Progress: 87% (250/286) - Loss: 0.5308
[Client 3, Round 11] Progress: 88% (252/286) - Loss: 0.2673
[Client 3, Round 11] Progress: 88% (254/286) - Loss: 0.2180
[Client 3, Round 11] Progress: 89% (256/286) - Loss: 0.1000
[Client 3, Round 11] Progress: 90% (258/286) - Loss: 0.1753
[Client 3, Round 11] Progress: 90% (260/286) - Loss: 0.3922
[Client 3, Round 11] Progress: 91% (262/286) - Loss: 0.2585
[Client 3, Round 11] Progress: 92% (264/286) - Loss: 0.4027
[Client 3, Round 11] Progress: 93% (266/286) - Loss: 0.1273
[Client 3, Round 11] Progress: 93% (268/286) - Loss: 0.1010
[Client 3, Round 11] Progress: 94% (270/286) - Loss: 0.4434
[Client 3, Round 11] Progress: 95% (272/286) - Loss: 0.1744
[Client 3, Round 11] Progress: 95% (274/286) - Loss: 0.2557
[Client 3, Round 11] Progress: 96% (276/286) - Loss: 0.1781
[Client 3, Round 11] Progress: 97% (278/286) - Loss: 0.6957
[Client 3, Round 11] Progress: 97% (280/286) - Loss: 0.0952
[Client 3, Round 11] Progress: 98% (282/286) - Loss: 0.2842
[Client 3, Round 11] Progress: 99% (284/286) - Loss: 0.2203
[Client 3, Round 11] Progress: 100% (286/286) - Loss: 0.1682
[Client 3, Round 11] Train Loss: 0.2331
[Client 3, Round 11] Val Loss: 0.2108 | Val Dice: 0.8115
[Client 3, Round 12] Progress: 0% (2/286) - Loss: 0.4561
[Client 3, Round 12] Progress: 1% (4/286) - Loss: 0.1134
[Client 3, Round 12] Progress: 2% (6/286) - Loss: 0.3508
[Client 3, Round 12] Progress: 2% (8/286) - Loss: 0.2414
[Client 3, Round 12] Progress: 3% (10/286) - Loss: 0.1962
[Client 3, Round 12] Progress: 4% (12/286) - Loss: 0.1891
[Client 3, Round 12] Progress: 4% (14/286) - Loss: 0.1961
[Client 3, Round 12] Progress: 5% (16/286) - Loss: 0.2248
[Client 3, Round 12] Progress: 6% (18/286) - Loss: 0.2644
[Client 3, Round 12] Progress: 6% (20/286) - Loss: 0.1403
[Client 3, Round 12] Progress: 7% (22/286) - Loss: 0.2313
[Client 3, Round 12] Progress: 8% (24/286) - Loss: 0.1326
[Client 3, Round 12] Progress: 9% (26/286) - Loss: 0.1358
[Client 3, Round 12] Progress: 9% (28/286) - Loss: 0.6881
[Client 3, Round 12] Progress: 10% (30/286) - Loss: 0.1551
[Client 3, Round 12] Progress: 11% (32/286) - Loss: 0.1200
[Client 3, Round 12] Progress: 11% (34/286) - Loss: 0.1087
[Client 3, Round 12] Progress: 12% (36/286) - Loss: 0.1955
[Client 3, Round 12] Progress: 13% (38/286) - Loss: 0.0800
[Client 3, Round 12] Progress: 13% (40/286) - Loss: 0.1443
[Client 3, Round 12] Progress: 14% (42/286) - Loss: 0.3107
[Client 3, Round 12] Progress: 15% (44/286) - Loss: 0.2930
[Client 3, Round 12] Progress: 16% (46/286) - Loss: 0.1316
[Client 3, Round 12] Progress: 16% (48/286) - Loss: 0.5720
[Client 3, Round 12] Progress: 17% (50/286) - Loss: 0.0847
[Client 3, Round 12] Progress: 18% (52/286) - Loss: 0.1610
[Client 3, Round 12] Progress: 18% (54/286) - Loss: 0.4538
[Client 3, Round 12] Progress: 19% (56/286) - Loss: 0.2129
[Client 3, Round 12] Progress: 20% (58/286) - Loss: 0.1459
[Client 3, Round 12] Progress: 20% (60/286) - Loss: 0.1434
[Client 3, Round 12] Progress: 21% (62/286) - Loss: 0.1622
[Client 3, Round 12] Progress: 22% (64/286) - Loss: 0.3511
[Client 3, Round 12] Progress: 23% (66/286) - Loss: 0.5955
[Client 3, Round 12] Progress: 23% (68/286) - Loss: 0.2394
[Client 3, Round 12] Progress: 24% (70/286) - Loss: 0.3266
[Client 3, Round 12] Progress: 25% (72/286) - Loss: 0.1377
[Client 3, Round 12] Progress: 25% (74/286) - Loss: 0.4135
[Client 3, Round 12] Progress: 26% (76/286) - Loss: 0.2043
[Client 3, Round 12] Progress: 27% (78/286) - Loss: 0.1382
[Client 3, Round 12] Progress: 27% (80/286) - Loss: 0.1365
[Client 3, Round 12] Progress: 28% (82/286) - Loss: 0.5183
[Client 3, Round 12] Progress: 29% (84/286) - Loss: 0.2170
[Client 3, Round 12] Progress: 30% (86/286) - Loss: 0.1208
[Client 3, Round 12] Progress: 30% (88/286) - Loss: 0.8193
[Client 3, Round 12] Progress: 31% (90/286) - Loss: 0.1711
[Client 3, Round 12] Progress: 32% (92/286) - Loss: 0.1500
[Client 3, Round 12] Progress: 32% (94/286) - Loss: 0.1500
[Client 3, Round 12] Progress: 33% (96/286) - Loss: 0.3691
[Client 3, Round 12] Progress: 34% (98/286) - Loss: 0.2216
[Client 3, Round 12] Progress: 34% (100/286) - Loss: 0.1545
[Client 3, Round 12] Progress: 35% (102/286) - Loss: 0.1568
[Client 3, Round 12] Progress: 36% (104/286) - Loss: 0.2200
[Client 3, Round 12] Progress: 37% (106/286) - Loss: 0.1035
[Client 3, Round 12] Progress: 37% (108/286) - Loss: 0.1778
[Client 3, Round 12] Progress: 38% (110/286) - Loss: 0.1215
[Client 3, Round 12] Progress: 39% (112/286) - Loss: 0.1987
[Client 3, Round 12] Progress: 39% (114/286) - Loss: 0.1620
[Client 3, Round 12] Progress: 40% (116/286) - Loss: 0.4661
[Client 3, Round 12] Progress: 41% (118/286) - Loss: 0.1120
[Client 3, Round 12] Progress: 41% (120/286) - Loss: 0.1995
[Client 3, Round 12] Progress: 42% (122/286) - Loss: 0.1752
[Client 3, Round 12] Progress: 43% (124/286) - Loss: 0.3124
[Client 3, Round 12] Progress: 44% (126/286) - Loss: 0.1398
[Client 3, Round 12] Progress: 44% (128/286) - Loss: 0.1721
[Client 3, Round 12] Progress: 45% (130/286) - Loss: 0.4834
[Client 3, Round 12] Progress: 46% (132/286) - Loss: 0.1928
[Client 3, Round 12] Progress: 46% (134/286) - Loss: 0.1462
[Client 3, Round 12] Progress: 47% (136/286) - Loss: 0.0898
[Client 3, Round 12] Progress: 48% (138/286) - Loss: 0.5348
[Client 3, Round 12] Progress: 48% (140/286) - Loss: 0.3120
[Client 3, Round 12] Progress: 49% (142/286) - Loss: 0.1216
[Client 3, Round 12] Progress: 50% (144/286) - Loss: 0.1072
[Client 3, Round 12] Progress: 51% (146/286) - Loss: 0.5249
[Client 3, Round 12] Progress: 51% (148/286) - Loss: 0.1827
[Client 3, Round 12] Progress: 52% (150/286) - Loss: 0.1252
[Client 3, Round 12] Progress: 53% (152/286) - Loss: 0.2207
[Client 3, Round 12] Progress: 53% (154/286) - Loss: 0.7574
[Client 3, Round 12] Progress: 54% (156/286) - Loss: 0.2141
[Client 3, Round 12] Progress: 55% (158/286) - Loss: 0.3138
[Client 3, Round 12] Progress: 55% (160/286) - Loss: 0.1426
[Client 3, Round 12] Progress: 56% (162/286) - Loss: 0.1276
[Client 3, Round 12] Progress: 57% (164/286) - Loss: 0.2241
[Client 3, Round 12] Progress: 58% (166/286) - Loss: 0.1674
[Client 3, Round 12] Progress: 58% (168/286) - Loss: 0.4131
[Client 3, Round 12] Progress: 59% (170/286) - Loss: 0.1999
[Client 3, Round 12] Progress: 60% (172/286) - Loss: 0.1706
[Client 3, Round 12] Progress: 60% (174/286) - Loss: 0.2188
[Client 3, Round 12] Progress: 61% (176/286) - Loss: 0.1610
[Client 3, Round 12] Progress: 62% (178/286) - Loss: 0.1516
[Client 3, Round 12] Progress: 62% (180/286) - Loss: 0.0975
[Client 3, Round 12] Progress: 63% (182/286) - Loss: 0.3716
[Client 3, Round 12] Progress: 64% (184/286) - Loss: 0.2454
[Client 3, Round 12] Progress: 65% (186/286) - Loss: 0.1243
[Client 3, Round 12] Progress: 65% (188/286) - Loss: 0.4507
[Client 3, Round 12] Progress: 66% (190/286) - Loss: 0.0964
[Client 3, Round 12] Progress: 67% (192/286) - Loss: 0.0701
[Client 3, Round 12] Progress: 67% (194/286) - Loss: 0.1240
[Client 3, Round 12] Progress: 68% (196/286) - Loss: 0.1002
[Client 3, Round 12] Progress: 69% (198/286) - Loss: 0.1632
[Client 3, Round 12] Progress: 69% (200/286) - Loss: 0.6553
[Client 3, Round 12] Progress: 70% (202/286) - Loss: 0.2081
[Client 3, Round 12] Progress: 71% (204/286) - Loss: 0.2160
[Client 3, Round 12] Progress: 72% (206/286) - Loss: 0.5486
[Client 3, Round 12] Progress: 72% (208/286) - Loss: 0.1071
[Client 3, Round 12] Progress: 73% (210/286) - Loss: 0.3487
[Client 3, Round 12] Progress: 74% (212/286) - Loss: 0.0799
[Client 3, Round 12] Progress: 74% (214/286) - Loss: 0.4177
[Client 3, Round 12] Progress: 75% (216/286) - Loss: 0.1037
[Client 3, Round 12] Progress: 76% (218/286) - Loss: 0.1570
[Client 3, Round 12] Progress: 76% (220/286) - Loss: 0.1402
[Client 3, Round 12] Progress: 77% (222/286) - Loss: 0.4269
[Client 3, Round 12] Progress: 78% (224/286) - Loss: 0.2132
[Client 3, Round 12] Progress: 79% (226/286) - Loss: 0.2903
[Client 3, Round 12] Progress: 79% (228/286) - Loss: 0.2683
[Client 3, Round 12] Progress: 80% (230/286) - Loss: 0.0940
[Client 3, Round 12] Progress: 81% (232/286) - Loss: 0.1891
[Client 3, Round 12] Progress: 81% (234/286) - Loss: 0.2417
[Client 3, Round 12] Progress: 82% (236/286) - Loss: 0.2285
[Client 3, Round 12] Progress: 83% (238/286) - Loss: 0.1538
[Client 3, Round 12] Progress: 83% (240/286) - Loss: 0.2335
[Client 3, Round 12] Progress: 84% (242/286) - Loss: 0.1586
[Client 3, Round 12] Progress: 85% (244/286) - Loss: 0.3524
[Client 3, Round 12] Progress: 86% (246/286) - Loss: 0.2079
[Client 3, Round 12] Progress: 86% (248/286) - Loss: 0.0711
[Client 3, Round 12] Progress: 87% (250/286) - Loss: 0.6383
[Client 3, Round 12] Progress: 88% (252/286) - Loss: 0.1075
[Client 3, Round 12] Progress: 88% (254/286) - Loss: 0.1393
[Client 3, Round 12] Progress: 89% (256/286) - Loss: 0.0939
[Client 3, Round 12] Progress: 90% (258/286) - Loss: 0.1191
[Client 3, Round 12] Progress: 90% (260/286) - Loss: 0.0757
[Client 3, Round 12] Progress: 91% (262/286) - Loss: 0.1034
[Client 3, Round 12] Progress: 92% (264/286) - Loss: 0.1816
[Client 3, Round 12] Progress: 93% (266/286) - Loss: 0.4087
[Client 3, Round 12] Progress: 93% (268/286) - Loss: 0.1451
[Client 3, Round 12] Progress: 94% (270/286) - Loss: 0.1260
[Client 3, Round 12] Progress: 95% (272/286) - Loss: 0.3629
[Client 3, Round 12] Progress: 95% (274/286) - Loss: 0.3032
[Client 3, Round 12] Progress: 96% (276/286) - Loss: 0.2341
[Client 3, Round 12] Progress: 97% (278/286) - Loss: 0.4640
[Client 3, Round 12] Progress: 97% (280/286) - Loss: 0.1746
[Client 3, Round 12] Progress: 98% (282/286) - Loss: 0.1480
[Client 3, Round 12] Progress: 99% (284/286) - Loss: 0.1328
[Client 3, Round 12] Progress: 100% (286/286) - Loss: 0.2020
[Client 3, Round 12] Train Loss: 0.2421
[Client 3, Round 12] Val Loss: 0.2102 | Val Dice: 0.8128
[Client 3, Round 13] Progress: 0% (2/286) - Loss: 0.1531
[Client 3, Round 13] Progress: 1% (4/286) - Loss: 0.1843
[Client 3, Round 13] Progress: 2% (6/286) - Loss: 0.1739
[Client 3, Round 13] Progress: 2% (8/286) - Loss: 0.1803
[Client 3, Round 13] Progress: 3% (10/286) - Loss: 0.1160
[Client 3, Round 13] Progress: 4% (12/286) - Loss: 0.1885
[Client 3, Round 13] Progress: 4% (14/286) - Loss: 0.0609
[Client 3, Round 13] Progress: 5% (16/286) - Loss: 0.0655
[Client 3, Round 13] Progress: 6% (18/286) - Loss: 0.0752
[Client 3, Round 13] Progress: 6% (20/286) - Loss: 0.1449
[Client 3, Round 13] Progress: 7% (22/286) - Loss: 0.1623
[Client 3, Round 13] Progress: 8% (24/286) - Loss: 0.5975
[Client 3, Round 13] Progress: 9% (26/286) - Loss: 0.0759
[Client 3, Round 13] Progress: 9% (28/286) - Loss: 0.3065
[Client 3, Round 13] Progress: 10% (30/286) - Loss: 0.1708
[Client 3, Round 13] Progress: 11% (32/286) - Loss: 0.1677
[Client 3, Round 13] Progress: 11% (34/286) - Loss: 0.2065
[Client 3, Round 13] Progress: 12% (36/286) - Loss: 0.2242
[Client 3, Round 13] Progress: 13% (38/286) - Loss: 0.2117
[Client 3, Round 13] Progress: 13% (40/286) - Loss: 0.8384
[Client 3, Round 13] Progress: 14% (42/286) - Loss: 0.2368
[Client 3, Round 13] Progress: 15% (44/286) - Loss: 0.2724
[Client 3, Round 13] Progress: 16% (46/286) - Loss: 0.4161
[Client 3, Round 13] Progress: 16% (48/286) - Loss: 0.2265
[Client 3, Round 13] Progress: 17% (50/286) - Loss: 0.3402
[Client 3, Round 13] Progress: 18% (52/286) - Loss: 0.1516
[Client 3, Round 13] Progress: 18% (54/286) - Loss: 0.1321
[Client 3, Round 13] Progress: 19% (56/286) - Loss: 0.4151
[Client 3, Round 13] Progress: 20% (58/286) - Loss: 0.1967
[Client 3, Round 13] Progress: 20% (60/286) - Loss: 0.3954
[Client 3, Round 13] Progress: 21% (62/286) - Loss: 0.3826
[Client 3, Round 13] Progress: 22% (64/286) - Loss: 0.0992
[Client 3, Round 13] Progress: 23% (66/286) - Loss: 0.1582
[Client 3, Round 13] Progress: 23% (68/286) - Loss: 0.4998
[Client 3, Round 13] Progress: 24% (70/286) - Loss: 0.1927
[Client 3, Round 13] Progress: 25% (72/286) - Loss: 0.1711
[Client 3, Round 13] Progress: 25% (74/286) - Loss: 0.1726
[Client 3, Round 13] Progress: 26% (76/286) - Loss: 0.2837
[Client 3, Round 13] Progress: 27% (78/286) - Loss: 0.1062
[Client 3, Round 13] Progress: 27% (80/286) - Loss: 0.1524
[Client 3, Round 13] Progress: 28% (82/286) - Loss: 0.8798
[Client 3, Round 13] Progress: 29% (84/286) - Loss: 0.0870
[Client 3, Round 13] Progress: 30% (86/286) - Loss: 0.0837
[Client 3, Round 13] Progress: 30% (88/286) - Loss: 0.6556
[Client 3, Round 13] Progress: 31% (90/286) - Loss: 0.1347
[Client 3, Round 13] Progress: 32% (92/286) - Loss: 0.2722
[Client 3, Round 13] Progress: 32% (94/286) - Loss: 0.5104
[Client 3, Round 13] Progress: 33% (96/286) - Loss: 0.1378
[Client 3, Round 13] Progress: 34% (98/286) - Loss: 0.5189
[Client 3, Round 13] Progress: 34% (100/286) - Loss: 0.1182
[Client 3, Round 13] Progress: 35% (102/286) - Loss: 0.1385
[Client 3, Round 13] Progress: 36% (104/286) - Loss: 0.7066
[Client 3, Round 13] Progress: 37% (106/286) - Loss: 0.1100
[Client 3, Round 13] Progress: 37% (108/286) - Loss: 0.5473
[Client 3, Round 13] Progress: 38% (110/286) - Loss: 0.3402
[Client 3, Round 13] Progress: 39% (112/286) - Loss: 0.6881
[Client 3, Round 13] Progress: 39% (114/286) - Loss: 0.1127
[Client 3, Round 13] Progress: 40% (116/286) - Loss: 0.1319
[Client 3, Round 13] Progress: 41% (118/286) - Loss: 0.6115
[Client 3, Round 13] Progress: 41% (120/286) - Loss: 0.3704
[Client 3, Round 13] Progress: 42% (122/286) - Loss: 0.1470
[Client 3, Round 13] Progress: 43% (124/286) - Loss: 0.6786
[Client 3, Round 13] Progress: 44% (126/286) - Loss: 0.1729
[Client 3, Round 13] Progress: 44% (128/286) - Loss: 0.0765
[Client 3, Round 13] Progress: 45% (130/286) - Loss: 0.1016
[Client 3, Round 13] Progress: 46% (132/286) - Loss: 0.0974
[Client 3, Round 13] Progress: 46% (134/286) - Loss: 0.1291
[Client 3, Round 13] Progress: 47% (136/286) - Loss: 0.5229
[Client 3, Round 13] Progress: 48% (138/286) - Loss: 0.3450
[Client 3, Round 13] Progress: 48% (140/286) - Loss: 0.3160
[Client 3, Round 13] Progress: 49% (142/286) - Loss: 0.2376
[Client 3, Round 13] Progress: 50% (144/286) - Loss: 0.2369
[Client 3, Round 13] Progress: 51% (146/286) - Loss: 0.3717
[Client 3, Round 13] Progress: 51% (148/286) - Loss: 0.2401
[Client 3, Round 13] Progress: 52% (150/286) - Loss: 0.7394
[Client 3, Round 13] Progress: 53% (152/286) - Loss: 0.2176
[Client 3, Round 13] Progress: 53% (154/286) - Loss: 0.0840
[Client 3, Round 13] Progress: 54% (156/286) - Loss: 0.1232
[Client 3, Round 13] Progress: 55% (158/286) - Loss: 0.1720
[Client 3, Round 13] Progress: 55% (160/286) - Loss: 0.1735
[Client 3, Round 13] Progress: 56% (162/286) - Loss: 0.2762
[Client 3, Round 13] Progress: 57% (164/286) - Loss: 0.1094
[Client 3, Round 13] Progress: 58% (166/286) - Loss: 0.1395
[Client 3, Round 13] Progress: 58% (168/286) - Loss: 0.2073
[Client 3, Round 13] Progress: 59% (170/286) - Loss: 0.1384
[Client 3, Round 13] Progress: 60% (172/286) - Loss: 0.3794
[Client 3, Round 13] Progress: 60% (174/286) - Loss: 0.3391
[Client 3, Round 13] Progress: 61% (176/286) - Loss: 0.4822
[Client 3, Round 13] Progress: 62% (178/286) - Loss: 0.2331
[Client 3, Round 13] Progress: 62% (180/286) - Loss: 0.1846
[Client 3, Round 13] Progress: 63% (182/286) - Loss: 0.1481
[Client 3, Round 13] Progress: 64% (184/286) - Loss: 0.1875
[Client 3, Round 13] Progress: 65% (186/286) - Loss: 0.0693
[Client 3, Round 13] Progress: 65% (188/286) - Loss: 0.2083
[Client 3, Round 13] Progress: 66% (190/286) - Loss: 0.2229
[Client 3, Round 13] Progress: 67% (192/286) - Loss: 0.1994
[Client 3, Round 13] Progress: 67% (194/286) - Loss: 0.4499
[Client 3, Round 13] Progress: 68% (196/286) - Loss: 0.1290
[Client 3, Round 13] Progress: 69% (198/286) - Loss: 0.5773
[Client 3, Round 13] Progress: 69% (200/286) - Loss: 0.1918
[Client 3, Round 13] Progress: 70% (202/286) - Loss: 0.1091
[Client 3, Round 13] Progress: 71% (204/286) - Loss: 0.4042
[Client 3, Round 13] Progress: 72% (206/286) - Loss: 0.1081
[Client 3, Round 13] Progress: 72% (208/286) - Loss: 0.1997
[Client 3, Round 13] Progress: 73% (210/286) - Loss: 0.3424
[Client 3, Round 13] Progress: 74% (212/286) - Loss: 0.4769
[Client 3, Round 13] Progress: 74% (214/286) - Loss: 0.4455
[Client 3, Round 13] Progress: 75% (216/286) - Loss: 0.1878
[Client 3, Round 13] Progress: 76% (218/286) - Loss: 0.1178
[Client 3, Round 13] Progress: 76% (220/286) - Loss: 0.1976
[Client 3, Round 13] Progress: 77% (222/286) - Loss: 0.1400
[Client 3, Round 13] Progress: 78% (224/286) - Loss: 0.2426
[Client 3, Round 13] Progress: 79% (226/286) - Loss: 0.1136
[Client 3, Round 13] Progress: 79% (228/286) - Loss: 0.1286
[Client 3, Round 13] Progress: 80% (230/286) - Loss: 0.1624
[Client 3, Round 13] Progress: 81% (232/286) - Loss: 0.1401
[Client 3, Round 13] Progress: 81% (234/286) - Loss: 0.0886
[Client 3, Round 13] Progress: 82% (236/286) - Loss: 0.0745
[Client 3, Round 13] Progress: 83% (238/286) - Loss: 0.1533
[Client 3, Round 13] Progress: 83% (240/286) - Loss: 0.5661
[Client 3, Round 13] Progress: 84% (242/286) - Loss: 0.1075
[Client 3, Round 13] Progress: 85% (244/286) - Loss: 0.1203
[Client 3, Round 13] Progress: 86% (246/286) - Loss: 0.1158
[Client 3, Round 13] Progress: 86% (248/286) - Loss: 0.1610
[Client 3, Round 13] Progress: 87% (250/286) - Loss: 0.1487
[Client 3, Round 13] Progress: 88% (252/286) - Loss: 0.0808
[Client 3, Round 13] Progress: 88% (254/286) - Loss: 0.1831
[Client 3, Round 13] Progress: 89% (256/286) - Loss: 0.2688
[Client 3, Round 13] Progress: 90% (258/286) - Loss: 0.0942
[Client 3, Round 13] Progress: 90% (260/286) - Loss: 0.1161
[Client 3, Round 13] Progress: 91% (262/286) - Loss: 0.2129
[Client 3, Round 13] Progress: 92% (264/286) - Loss: 0.1911
[Client 3, Round 13] Progress: 93% (266/286) - Loss: 0.2137
[Client 3, Round 13] Progress: 93% (268/286) - Loss: 0.1199
[Client 3, Round 13] Progress: 94% (270/286) - Loss: 0.5354
[Client 3, Round 13] Progress: 95% (272/286) - Loss: 0.4894
[Client 3, Round 13] Progress: 95% (274/286) - Loss: 0.0996
[Client 3, Round 13] Progress: 96% (276/286) - Loss: 0.1294
[Client 3, Round 13] Progress: 97% (278/286) - Loss: 0.1230
[Client 3, Round 13] Progress: 97% (280/286) - Loss: 0.2489
[Client 3, Round 13] Progress: 98% (282/286) - Loss: 0.4571
[Client 3, Round 13] Progress: 99% (284/286) - Loss: 0.1440
[Client 3, Round 13] Progress: 100% (286/286) - Loss: 0.1263
[Client 3, Round 13] Train Loss: 0.2325
[Client 3, Round 13] Val Loss: 0.1995 | Val Dice: 0.8234
[Client 3, Round 14] Progress: 0% (2/286) - Loss: 0.1578
[Client 3, Round 14] Progress: 1% (4/286) - Loss: 0.7671
[Client 3, Round 14] Progress: 2% (6/286) - Loss: 0.4402
[Client 3, Round 14] Progress: 2% (8/286) - Loss: 0.1575
[Client 3, Round 14] Progress: 3% (10/286) - Loss: 0.3974
[Client 3, Round 14] Progress: 4% (12/286) - Loss: 0.1224
[Client 3, Round 14] Progress: 4% (14/286) - Loss: 0.2429
[Client 3, Round 14] Progress: 5% (16/286) - Loss: 0.1793
[Client 3, Round 14] Progress: 6% (18/286) - Loss: 0.2890
[Client 3, Round 14] Progress: 6% (20/286) - Loss: 0.5736
[Client 3, Round 14] Progress: 7% (22/286) - Loss: 0.1818
[Client 3, Round 14] Progress: 8% (24/286) - Loss: 0.1015
[Client 3, Round 14] Progress: 9% (26/286) - Loss: 0.2578
[Client 3, Round 14] Progress: 9% (28/286) - Loss: 0.1263
[Client 3, Round 14] Progress: 10% (30/286) - Loss: 0.2902
[Client 3, Round 14] Progress: 11% (32/286) - Loss: 0.1241
[Client 3, Round 14] Progress: 11% (34/286) - Loss: 0.1234
[Client 3, Round 14] Progress: 12% (36/286) - Loss: 0.2025
[Client 3, Round 14] Progress: 13% (38/286) - Loss: 0.1201
[Client 3, Round 14] Progress: 13% (40/286) - Loss: 0.1777
[Client 3, Round 14] Progress: 14% (42/286) - Loss: 0.1808
[Client 3, Round 14] Progress: 15% (44/286) - Loss: 0.1408
[Client 3, Round 14] Progress: 16% (46/286) - Loss: 0.1299
[Client 3, Round 14] Progress: 16% (48/286) - Loss: 0.0630
[Client 3, Round 14] Progress: 17% (50/286) - Loss: 0.0812
[Client 3, Round 14] Progress: 18% (52/286) - Loss: 0.2627
[Client 3, Round 14] Progress: 18% (54/286) - Loss: 0.2438
[Client 3, Round 14] Progress: 19% (56/286) - Loss: 0.1501
[Client 3, Round 14] Progress: 20% (58/286) - Loss: 0.1267
[Client 3, Round 14] Progress: 20% (60/286) - Loss: 0.1356
[Client 3, Round 14] Progress: 21% (62/286) - Loss: 0.0840
[Client 3, Round 14] Progress: 22% (64/286) - Loss: 0.1521
[Client 3, Round 14] Progress: 23% (66/286) - Loss: 0.5722
[Client 3, Round 14] Progress: 23% (68/286) - Loss: 0.1309
[Client 3, Round 14] Progress: 24% (70/286) - Loss: 0.5504
[Client 3, Round 14] Progress: 25% (72/286) - Loss: 0.5251
[Client 3, Round 14] Progress: 25% (74/286) - Loss: 0.4775
[Client 3, Round 14] Progress: 26% (76/286) - Loss: 0.4932
[Client 3, Round 14] Progress: 27% (78/286) - Loss: 0.5097
[Client 3, Round 14] Progress: 27% (80/286) - Loss: 0.1693
[Client 3, Round 14] Progress: 28% (82/286) - Loss: 0.2811
[Client 3, Round 14] Progress: 29% (84/286) - Loss: 0.1656
[Client 3, Round 14] Progress: 30% (86/286) - Loss: 0.2293
[Client 3, Round 14] Progress: 30% (88/286) - Loss: 0.1493
[Client 3, Round 14] Progress: 31% (90/286) - Loss: 0.4552
[Client 3, Round 14] Progress: 32% (92/286) - Loss: 0.1160
[Client 3, Round 14] Progress: 32% (94/286) - Loss: 0.8112
[Client 3, Round 14] Progress: 33% (96/286) - Loss: 0.3070
[Client 3, Round 14] Progress: 34% (98/286) - Loss: 0.1931
[Client 3, Round 14] Progress: 34% (100/286) - Loss: 0.1638
[Client 3, Round 14] Progress: 35% (102/286) - Loss: 0.5391
[Client 3, Round 14] Progress: 36% (104/286) - Loss: 0.0972
[Client 3, Round 14] Progress: 37% (106/286) - Loss: 0.5920
[Client 3, Round 14] Progress: 37% (108/286) - Loss: 0.1901
[Client 3, Round 14] Progress: 38% (110/286) - Loss: 0.1261
[Client 3, Round 14] Progress: 39% (112/286) - Loss: 0.1160
[Client 3, Round 14] Progress: 39% (114/286) - Loss: 0.2189
[Client 3, Round 14] Progress: 40% (116/286) - Loss: 0.1342
[Client 3, Round 14] Progress: 41% (118/286) - Loss: 0.1597
[Client 3, Round 14] Progress: 41% (120/286) - Loss: 0.1478
[Client 3, Round 14] Progress: 42% (122/286) - Loss: 0.1839
[Client 3, Round 14] Progress: 43% (124/286) - Loss: 0.2448
[Client 3, Round 14] Progress: 44% (126/286) - Loss: 0.1706
[Client 3, Round 14] Progress: 44% (128/286) - Loss: 0.2862
[Client 3, Round 14] Progress: 45% (130/286) - Loss: 0.0674
[Client 3, Round 14] Progress: 46% (132/286) - Loss: 0.1616
[Client 3, Round 14] Progress: 46% (134/286) - Loss: 0.1131
[Client 3, Round 14] Progress: 47% (136/286) - Loss: 0.3998
[Client 3, Round 14] Progress: 48% (138/286) - Loss: 0.9132
[Client 3, Round 14] Progress: 48% (140/286) - Loss: 0.1934
[Client 3, Round 14] Progress: 49% (142/286) - Loss: 0.4953
[Client 3, Round 14] Progress: 50% (144/286) - Loss: 0.1647
[Client 3, Round 14] Progress: 51% (146/286) - Loss: 0.0787
[Client 3, Round 14] Progress: 51% (148/286) - Loss: 0.0880
[Client 3, Round 14] Progress: 52% (150/286) - Loss: 0.1467
[Client 3, Round 14] Progress: 53% (152/286) - Loss: 0.1428
[Client 3, Round 14] Progress: 53% (154/286) - Loss: 0.1394
[Client 3, Round 14] Progress: 54% (156/286) - Loss: 0.2418
[Client 3, Round 14] Progress: 55% (158/286) - Loss: 0.6157
[Client 3, Round 14] Progress: 55% (160/286) - Loss: 0.0854
[Client 3, Round 14] Progress: 56% (162/286) - Loss: 0.0923
[Client 3, Round 14] Progress: 57% (164/286) - Loss: 0.1657
[Client 3, Round 14] Progress: 58% (166/286) - Loss: 0.1431
[Client 3, Round 14] Progress: 58% (168/286) - Loss: 0.1465
[Client 3, Round 14] Progress: 59% (170/286) - Loss: 0.1414
[Client 3, Round 14] Progress: 60% (172/286) - Loss: 0.5260
[Client 3, Round 14] Progress: 60% (174/286) - Loss: 0.1689
[Client 3, Round 14] Progress: 61% (176/286) - Loss: 0.1684
[Client 3, Round 14] Progress: 62% (178/286) - Loss: 0.6977
[Client 3, Round 14] Progress: 62% (180/286) - Loss: 0.4458
[Client 3, Round 14] Progress: 63% (182/286) - Loss: 0.1335
[Client 3, Round 14] Progress: 64% (184/286) - Loss: 0.0682
[Client 3, Round 14] Progress: 65% (186/286) - Loss: 0.7717
[Client 3, Round 14] Progress: 65% (188/286) - Loss: 0.5164
[Client 3, Round 14] Progress: 66% (190/286) - Loss: 0.1093
[Client 3, Round 14] Progress: 67% (192/286) - Loss: 0.4795
[Client 3, Round 14] Progress: 67% (194/286) - Loss: 0.4275
[Client 3, Round 14] Progress: 68% (196/286) - Loss: 0.2441
[Client 3, Round 14] Progress: 69% (198/286) - Loss: 0.1054
[Client 3, Round 14] Progress: 69% (200/286) - Loss: 0.6494
[Client 3, Round 14] Progress: 70% (202/286) - Loss: 0.1988
[Client 3, Round 14] Progress: 71% (204/286) - Loss: 0.0988
[Client 3, Round 14] Progress: 72% (206/286) - Loss: 0.1621
[Client 3, Round 14] Progress: 72% (208/286) - Loss: 0.3032
[Client 3, Round 14] Progress: 73% (210/286) - Loss: 0.2342
[Client 3, Round 14] Progress: 74% (212/286) - Loss: 0.0966
[Client 3, Round 14] Progress: 74% (214/286) - Loss: 0.2012
[Client 3, Round 14] Progress: 75% (216/286) - Loss: 0.2572
[Client 3, Round 14] Progress: 76% (218/286) - Loss: 0.5207
[Client 3, Round 14] Progress: 76% (220/286) - Loss: 0.0989
[Client 3, Round 14] Progress: 77% (222/286) - Loss: 0.3637
[Client 3, Round 14] Progress: 78% (224/286) - Loss: 0.1216
[Client 3, Round 14] Progress: 79% (226/286) - Loss: 0.3175
[Client 3, Round 14] Progress: 79% (228/286) - Loss: 0.1493
[Client 3, Round 14] Progress: 80% (230/286) - Loss: 0.2074
[Client 3, Round 14] Progress: 81% (232/286) - Loss: 0.1313
[Client 3, Round 14] Progress: 81% (234/286) - Loss: 0.3147
[Client 3, Round 14] Progress: 82% (236/286) - Loss: 0.1252
[Client 3, Round 14] Progress: 83% (238/286) - Loss: 0.1907
[Client 3, Round 14] Progress: 83% (240/286) - Loss: 0.1301
[Client 3, Round 14] Progress: 84% (242/286) - Loss: 0.2627
[Client 3, Round 14] Progress: 85% (244/286) - Loss: 0.1107
[Client 3, Round 14] Progress: 86% (246/286) - Loss: 0.0779
[Client 3, Round 14] Progress: 86% (248/286) - Loss: 0.4465
[Client 3, Round 14] Progress: 87% (250/286) - Loss: 0.1249
[Client 3, Round 14] Progress: 88% (252/286) - Loss: 0.2673
[Client 3, Round 14] Progress: 88% (254/286) - Loss: 0.1353
[Client 3, Round 14] Progress: 89% (256/286) - Loss: 0.2585
[Client 3, Round 14] Progress: 90% (258/286) - Loss: 0.4596
[Client 3, Round 14] Progress: 90% (260/286) - Loss: 0.1298
[Client 3, Round 14] Progress: 91% (262/286) - Loss: 0.1541
[Client 3, Round 14] Progress: 92% (264/286) - Loss: 0.1635
[Client 3, Round 14] Progress: 93% (266/286) - Loss: 0.2739
[Client 3, Round 14] Progress: 93% (268/286) - Loss: 0.3025
[Client 3, Round 14] Progress: 94% (270/286) - Loss: 0.1366
[Client 3, Round 14] Progress: 95% (272/286) - Loss: 0.4348
[Client 3, Round 14] Progress: 95% (274/286) - Loss: 0.1048
[Client 3, Round 14] Progress: 96% (276/286) - Loss: 0.2085
[Client 3, Round 14] Progress: 97% (278/286) - Loss: 0.1708
[Client 3, Round 14] Progress: 97% (280/286) - Loss: 0.1594
[Client 3, Round 14] Progress: 98% (282/286) - Loss: 0.4315
[Client 3, Round 14] Progress: 99% (284/286) - Loss: 0.1060
[Client 3, Round 14] Progress: 100% (286/286) - Loss: 0.1423
[Client 3, Round 14] Train Loss: 0.2288
[Client 3, Round 14] Val Loss: 0.2036 | Val Dice: 0.8156
[Client 3, Round 15] Progress: 0% (2/286) - Loss: 0.0974
[Client 3, Round 15] Progress: 1% (4/286) - Loss: 0.2074
[Client 3, Round 15] Progress: 2% (6/286) - Loss: 0.1599
[Client 3, Round 15] Progress: 2% (8/286) - Loss: 0.1007
[Client 3, Round 15] Progress: 3% (10/286) - Loss: 0.1344
[Client 3, Round 15] Progress: 4% (12/286) - Loss: 0.1225
[Client 3, Round 15] Progress: 4% (14/286) - Loss: 0.1046
[Client 3, Round 15] Progress: 5% (16/286) - Loss: 0.1086
[Client 3, Round 15] Progress: 6% (18/286) - Loss: 0.1310
[Client 3, Round 15] Progress: 6% (20/286) - Loss: 0.0820
[Client 3, Round 15] Progress: 7% (22/286) - Loss: 0.1858
[Client 3, Round 15] Progress: 8% (24/286) - Loss: 0.0823
[Client 3, Round 15] Progress: 9% (26/286) - Loss: 0.1797
[Client 3, Round 15] Progress: 9% (28/286) - Loss: 0.1422
[Client 3, Round 15] Progress: 10% (30/286) - Loss: 0.1177
[Client 3, Round 15] Progress: 11% (32/286) - Loss: 0.1248
[Client 3, Round 15] Progress: 11% (34/286) - Loss: 0.1935
[Client 3, Round 15] Progress: 12% (36/286) - Loss: 0.1172
[Client 3, Round 15] Progress: 13% (38/286) - Loss: 0.1233
[Client 3, Round 15] Progress: 13% (40/286) - Loss: 0.1800
[Client 3, Round 15] Progress: 14% (42/286) - Loss: 0.0823
[Client 3, Round 15] Progress: 15% (44/286) - Loss: 0.1394
[Client 3, Round 15] Progress: 16% (46/286) - Loss: 0.1379
[Client 3, Round 15] Progress: 16% (48/286) - Loss: 0.2424
[Client 3, Round 15] Progress: 17% (50/286) - Loss: 0.1153
[Client 3, Round 15] Progress: 18% (52/286) - Loss: 0.1652
[Client 3, Round 15] Progress: 18% (54/286) - Loss: 0.0910
[Client 3, Round 15] Progress: 19% (56/286) - Loss: 0.2995
[Client 3, Round 15] Progress: 20% (58/286) - Loss: 0.0944
[Client 3, Round 15] Progress: 20% (60/286) - Loss: 0.2860
[Client 3, Round 15] Progress: 21% (62/286) - Loss: 0.7538
[Client 3, Round 15] Progress: 22% (64/286) - Loss: 0.1640
[Client 3, Round 15] Progress: 23% (66/286) - Loss: 0.1630
[Client 3, Round 15] Progress: 23% (68/286) - Loss: 0.1380
[Client 3, Round 15] Progress: 24% (70/286) - Loss: 0.3338
[Client 3, Round 15] Progress: 25% (72/286) - Loss: 0.2209
[Client 3, Round 15] Progress: 25% (74/286) - Loss: 0.0921
[Client 3, Round 15] Progress: 26% (76/286) - Loss: 0.4615
[Client 3, Round 15] Progress: 27% (78/286) - Loss: 0.2539
[Client 3, Round 15] Progress: 27% (80/286) - Loss: 0.1016
[Client 3, Round 15] Progress: 28% (82/286) - Loss: 0.1259
[Client 3, Round 15] Progress: 29% (84/286) - Loss: 0.2789
[Client 3, Round 15] Progress: 30% (86/286) - Loss: 0.3043
[Client 3, Round 15] Progress: 30% (88/286) - Loss: 0.0948
[Client 3, Round 15] Progress: 31% (90/286) - Loss: 0.1724
[Client 3, Round 15] Progress: 32% (92/286) - Loss: 0.1033
[Client 3, Round 15] Progress: 32% (94/286) - Loss: 0.1266
[Client 3, Round 15] Progress: 33% (96/286) - Loss: 0.0819
[Client 3, Round 15] Progress: 34% (98/286) - Loss: 0.1240
[Client 3, Round 15] Progress: 34% (100/286) - Loss: 0.1131
[Client 3, Round 15] Progress: 35% (102/286) - Loss: 0.2159
[Client 3, Round 15] Progress: 36% (104/286) - Loss: 0.0974
[Client 3, Round 15] Progress: 37% (106/286) - Loss: 0.3914
[Client 3, Round 15] Progress: 37% (108/286) - Loss: 0.1368
[Client 3, Round 15] Progress: 38% (110/286) - Loss: 0.1832
[Client 3, Round 15] Progress: 39% (112/286) - Loss: 0.0775
[Client 3, Round 15] Progress: 39% (114/286) - Loss: 0.3067
[Client 3, Round 15] Progress: 40% (116/286) - Loss: 0.1245
[Client 3, Round 15] Progress: 41% (118/286) - Loss: 0.2479
[Client 3, Round 15] Progress: 41% (120/286) - Loss: 0.1523
[Client 3, Round 15] Progress: 42% (122/286) - Loss: 0.1126
[Client 3, Round 15] Progress: 43% (124/286) - Loss: 0.1664
[Client 3, Round 15] Progress: 44% (126/286) - Loss: 0.1449
[Client 3, Round 15] Progress: 44% (128/286) - Loss: 0.1568
[Client 3, Round 15] Progress: 45% (130/286) - Loss: 0.1115
[Client 3, Round 15] Progress: 46% (132/286) - Loss: 0.5906
[Client 3, Round 15] Progress: 46% (134/286) - Loss: 0.1411
[Client 3, Round 15] Progress: 47% (136/286) - Loss: 0.5435
[Client 3, Round 15] Progress: 48% (138/286) - Loss: 0.1262
[Client 3, Round 15] Progress: 48% (140/286) - Loss: 0.1768
[Client 3, Round 15] Progress: 49% (142/286) - Loss: 0.2193
[Client 3, Round 15] Progress: 50% (144/286) - Loss: 0.2188
[Client 3, Round 15] Progress: 51% (146/286) - Loss: 0.4986
[Client 3, Round 15] Progress: 51% (148/286) - Loss: 0.7972
[Client 3, Round 15] Progress: 52% (150/286) - Loss: 0.2754
[Client 3, Round 15] Progress: 53% (152/286) - Loss: 0.3967
[Client 3, Round 15] Progress: 53% (154/286) - Loss: 0.9921
[Client 3, Round 15] Progress: 54% (156/286) - Loss: 0.1315
[Client 3, Round 15] Progress: 55% (158/286) - Loss: 0.5070
[Client 3, Round 15] Progress: 55% (160/286) - Loss: 0.0978
[Client 3, Round 15] Progress: 56% (162/286) - Loss: 0.2587
[Client 3, Round 15] Progress: 57% (164/286) - Loss: 0.0919
[Client 3, Round 15] Progress: 58% (166/286) - Loss: 0.1441
[Client 3, Round 15] Progress: 58% (168/286) - Loss: 0.1989
[Client 3, Round 15] Progress: 59% (170/286) - Loss: 0.1823
[Client 3, Round 15] Progress: 60% (172/286) - Loss: 0.5479
[Client 3, Round 15] Progress: 60% (174/286) - Loss: 0.3470
[Client 3, Round 15] Progress: 61% (176/286) - Loss: 0.1527
[Client 3, Round 15] Progress: 62% (178/286) - Loss: 0.0883
[Client 3, Round 15] Progress: 62% (180/286) - Loss: 0.2759
[Client 3, Round 15] Progress: 63% (182/286) - Loss: 0.1681
[Client 3, Round 15] Progress: 64% (184/286) - Loss: 0.2400
[Client 3, Round 15] Progress: 65% (186/286) - Loss: 0.0699
[Client 3, Round 15] Progress: 65% (188/286) - Loss: 0.1527
[Client 3, Round 15] Progress: 66% (190/286) - Loss: 0.2382
[Client 3, Round 15] Progress: 67% (192/286) - Loss: 0.2027
[Client 3, Round 15] Progress: 67% (194/286) - Loss: 0.6350
[Client 3, Round 15] Progress: 68% (196/286) - Loss: 0.2103
[Client 3, Round 15] Progress: 69% (198/286) - Loss: 0.1514
[Client 3, Round 15] Progress: 69% (200/286) - Loss: 0.1970
[Client 3, Round 15] Progress: 70% (202/286) - Loss: 0.2025
[Client 3, Round 15] Progress: 71% (204/286) - Loss: 0.6344
[Client 3, Round 15] Progress: 72% (206/286) - Loss: 0.1623
[Client 3, Round 15] Progress: 72% (208/286) - Loss: 0.1372
[Client 3, Round 15] Progress: 73% (210/286) - Loss: 0.3350
[Client 3, Round 15] Progress: 74% (212/286) - Loss: 0.1282
[Client 3, Round 15] Progress: 74% (214/286) - Loss: 0.1925
[Client 3, Round 15] Progress: 75% (216/286) - Loss: 0.1412
[Client 3, Round 15] Progress: 76% (218/286) - Loss: 0.1607
[Client 3, Round 15] Progress: 76% (220/286) - Loss: 0.1333
[Client 3, Round 15] Progress: 77% (222/286) - Loss: 0.1976
[Client 3, Round 15] Progress: 78% (224/286) - Loss: 0.1254
[Client 3, Round 15] Progress: 79% (226/286) - Loss: 0.1136
[Client 3, Round 15] Progress: 79% (228/286) - Loss: 0.4502
[Client 3, Round 15] Progress: 80% (230/286) - Loss: 0.1348
[Client 3, Round 15] Progress: 81% (232/286) - Loss: 0.1530
[Client 3, Round 15] Progress: 81% (234/286) - Loss: 0.0596
[Client 3, Round 15] Progress: 82% (236/286) - Loss: 0.2909
[Client 3, Round 15] Progress: 83% (238/286) - Loss: 0.1479
[Client 3, Round 15] Progress: 83% (240/286) - Loss: 0.1260
[Client 3, Round 15] Progress: 84% (242/286) - Loss: 0.3152
[Client 3, Round 15] Progress: 85% (244/286) - Loss: 0.3073
[Client 3, Round 15] Progress: 86% (246/286) - Loss: 0.1110
[Client 3, Round 15] Progress: 86% (248/286) - Loss: 0.1267
[Client 3, Round 15] Progress: 87% (250/286) - Loss: 0.2172
[Client 3, Round 15] Progress: 88% (252/286) - Loss: 0.6763
[Client 3, Round 15] Progress: 88% (254/286) - Loss: 0.2016
[Client 3, Round 15] Progress: 89% (256/286) - Loss: 0.6372
[Client 3, Round 15] Progress: 90% (258/286) - Loss: 0.2122
[Client 3, Round 15] Progress: 90% (260/286) - Loss: 0.4693
[Client 3, Round 15] Progress: 91% (262/286) - Loss: 0.4467
[Client 3, Round 15] Progress: 92% (264/286) - Loss: 0.1203
[Client 3, Round 15] Progress: 93% (266/286) - Loss: 0.2938
[Client 3, Round 15] Progress: 93% (268/286) - Loss: 0.2871
[Client 3, Round 15] Progress: 94% (270/286) - Loss: 0.1109
[Client 3, Round 15] Progress: 95% (272/286) - Loss: 0.5211
[Client 3, Round 15] Progress: 95% (274/286) - Loss: 0.1481
[Client 3, Round 15] Progress: 96% (276/286) - Loss: 0.3009
[Client 3, Round 15] Progress: 97% (278/286) - Loss: 0.1827
[Client 3, Round 15] Progress: 97% (280/286) - Loss: 0.1153
[Client 3, Round 15] Progress: 98% (282/286) - Loss: 0.1291
[Client 3, Round 15] Progress: 99% (284/286) - Loss: 0.1210
[Client 3, Round 15] Progress: 100% (286/286) - Loss: 0.1369
[Client 3, Round 15] Train Loss: 0.2323
[Client 3, Round 15] Val Loss: 0.1914 | Val Dice: 0.8293
[Client 3, Round 16] Progress: 0% (2/286) - Loss: 0.5750
[Client 3, Round 16] Progress: 1% (4/286) - Loss: 0.1420
[Client 3, Round 16] Progress: 2% (6/286) - Loss: 0.1027
[Client 3, Round 16] Progress: 2% (8/286) - Loss: 0.2337
[Client 3, Round 16] Progress: 3% (10/286) - Loss: 0.1403
[Client 3, Round 16] Progress: 4% (12/286) - Loss: 0.1139
[Client 3, Round 16] Progress: 4% (14/286) - Loss: 0.1473
[Client 3, Round 16] Progress: 5% (16/286) - Loss: 0.1301
[Client 3, Round 16] Progress: 6% (18/286) - Loss: 0.3147
[Client 3, Round 16] Progress: 6% (20/286) - Loss: 0.0774
[Client 3, Round 16] Progress: 7% (22/286) - Loss: 0.0829
[Client 3, Round 16] Progress: 8% (24/286) - Loss: 0.1243
[Client 3, Round 16] Progress: 9% (26/286) - Loss: 0.1314
[Client 3, Round 16] Progress: 9% (28/286) - Loss: 0.2500
[Client 3, Round 16] Progress: 10% (30/286) - Loss: 0.1361
[Client 3, Round 16] Progress: 11% (32/286) - Loss: 0.2405
[Client 3, Round 16] Progress: 11% (34/286) - Loss: 0.1506
[Client 3, Round 16] Progress: 12% (36/286) - Loss: 0.1352
[Client 3, Round 16] Progress: 13% (38/286) - Loss: 0.1247
[Client 3, Round 16] Progress: 13% (40/286) - Loss: 0.6545
[Client 3, Round 16] Progress: 14% (42/286) - Loss: 0.1203
[Client 3, Round 16] Progress: 15% (44/286) - Loss: 0.1898
[Client 3, Round 16] Progress: 16% (46/286) - Loss: 0.1254
[Client 3, Round 16] Progress: 16% (48/286) - Loss: 0.5666
[Client 3, Round 16] Progress: 17% (50/286) - Loss: 0.0956
[Client 3, Round 16] Progress: 18% (52/286) - Loss: 0.1019
[Client 3, Round 16] Progress: 18% (54/286) - Loss: 0.1314
[Client 3, Round 16] Progress: 19% (56/286) - Loss: 0.1186
[Client 3, Round 16] Progress: 20% (58/286) - Loss: 0.1816
[Client 3, Round 16] Progress: 20% (60/286) - Loss: 0.1376
[Client 3, Round 16] Progress: 21% (62/286) - Loss: 0.1199
[Client 3, Round 16] Progress: 22% (64/286) - Loss: 0.0852
[Client 3, Round 16] Progress: 23% (66/286) - Loss: 0.0880
[Client 3, Round 16] Progress: 23% (68/286) - Loss: 0.1083
[Client 3, Round 16] Progress: 24% (70/286) - Loss: 0.7648
[Client 3, Round 16] Progress: 25% (72/286) - Loss: 0.1768
[Client 3, Round 16] Progress: 25% (74/286) - Loss: 0.2225
[Client 3, Round 16] Progress: 26% (76/286) - Loss: 0.4554
[Client 3, Round 16] Progress: 27% (78/286) - Loss: 0.1057
[Client 3, Round 16] Progress: 27% (80/286) - Loss: 0.1825
[Client 3, Round 16] Progress: 28% (82/286) - Loss: 0.2117
[Client 3, Round 16] Progress: 29% (84/286) - Loss: 0.1470
[Client 3, Round 16] Progress: 30% (86/286) - Loss: 0.2456
[Client 3, Round 16] Progress: 30% (88/286) - Loss: 0.1692
[Client 3, Round 16] Progress: 31% (90/286) - Loss: 0.2083
[Client 3, Round 16] Progress: 32% (92/286) - Loss: 0.0783
[Client 3, Round 16] Progress: 32% (94/286) - Loss: 0.4760
[Client 3, Round 16] Progress: 33% (96/286) - Loss: 0.1420
[Client 3, Round 16] Progress: 34% (98/286) - Loss: 0.1447
[Client 3, Round 16] Progress: 34% (100/286) - Loss: 0.1911
[Client 3, Round 16] Progress: 35% (102/286) - Loss: 0.1936
[Client 3, Round 16] Progress: 36% (104/286) - Loss: 0.1517
[Client 3, Round 16] Progress: 37% (106/286) - Loss: 0.1075
[Client 3, Round 16] Progress: 37% (108/286) - Loss: 0.4243
[Client 3, Round 16] Progress: 38% (110/286) - Loss: 0.0930
[Client 3, Round 16] Progress: 39% (112/286) - Loss: 0.1387
[Client 3, Round 16] Progress: 39% (114/286) - Loss: 0.1271
[Client 3, Round 16] Progress: 40% (116/286) - Loss: 0.1324
[Client 3, Round 16] Progress: 41% (118/286) - Loss: 0.0707
[Client 3, Round 16] Progress: 41% (120/286) - Loss: 0.1807
[Client 3, Round 16] Progress: 42% (122/286) - Loss: 0.4428
[Client 3, Round 16] Progress: 43% (124/286) - Loss: 0.2741
[Client 3, Round 16] Progress: 44% (126/286) - Loss: 0.1787
[Client 3, Round 16] Progress: 44% (128/286) - Loss: 0.2258
[Client 3, Round 16] Progress: 45% (130/286) - Loss: 0.1795
[Client 3, Round 16] Progress: 46% (132/286) - Loss: 0.1412
[Client 3, Round 16] Progress: 46% (134/286) - Loss: 0.1749
[Client 3, Round 16] Progress: 47% (136/286) - Loss: 0.1600
[Client 3, Round 16] Progress: 48% (138/286) - Loss: 0.1917
[Client 3, Round 16] Progress: 48% (140/286) - Loss: 0.1825
[Client 3, Round 16] Progress: 49% (142/286) - Loss: 0.1075
[Client 3, Round 16] Progress: 50% (144/286) - Loss: 0.1389
[Client 3, Round 16] Progress: 51% (146/286) - Loss: 0.1259
[Client 3, Round 16] Progress: 51% (148/286) - Loss: 0.5574
[Client 3, Round 16] Progress: 52% (150/286) - Loss: 0.0968
[Client 3, Round 16] Progress: 53% (152/286) - Loss: 0.1174
[Client 3, Round 16] Progress: 53% (154/286) - Loss: 0.0935
[Client 3, Round 16] Progress: 54% (156/286) - Loss: 0.1386
[Client 3, Round 16] Progress: 55% (158/286) - Loss: 0.0798
[Client 3, Round 16] Progress: 55% (160/286) - Loss: 0.2347
[Client 3, Round 16] Progress: 56% (162/286) - Loss: 0.1082
[Client 3, Round 16] Progress: 57% (164/286) - Loss: 0.4895
[Client 3, Round 16] Progress: 58% (166/286) - Loss: 0.0947
[Client 3, Round 16] Progress: 58% (168/286) - Loss: 0.0781
[Client 3, Round 16] Progress: 59% (170/286) - Loss: 0.1639
[Client 3, Round 16] Progress: 60% (172/286) - Loss: 0.1597
[Client 3, Round 16] Progress: 60% (174/286) - Loss: 0.3144
[Client 3, Round 16] Progress: 61% (176/286) - Loss: 0.4907
[Client 3, Round 16] Progress: 62% (178/286) - Loss: 0.0871
[Client 3, Round 16] Progress: 62% (180/286) - Loss: 0.1188
[Client 3, Round 16] Progress: 63% (182/286) - Loss: 0.1285
[Client 3, Round 16] Progress: 64% (184/286) - Loss: 0.1979
[Client 3, Round 16] Progress: 65% (186/286) - Loss: 0.4736
[Client 3, Round 16] Progress: 65% (188/286) - Loss: 0.1297
[Client 3, Round 16] Progress: 66% (190/286) - Loss: 0.0838
[Client 3, Round 16] Progress: 67% (192/286) - Loss: 0.1034
[Client 3, Round 16] Progress: 67% (194/286) - Loss: 0.2220
[Client 3, Round 16] Progress: 68% (196/286) - Loss: 0.0753
[Client 3, Round 16] Progress: 69% (198/286) - Loss: 0.0847
[Client 3, Round 16] Progress: 69% (200/286) - Loss: 0.7315
[Client 3, Round 16] Progress: 70% (202/286) - Loss: 0.1257
[Client 3, Round 16] Progress: 71% (204/286) - Loss: 0.5681
[Client 3, Round 16] Progress: 72% (206/286) - Loss: 0.1052
[Client 3, Round 16] Progress: 72% (208/286) - Loss: 0.1251
[Client 3, Round 16] Progress: 73% (210/286) - Loss: 0.5239
[Client 3, Round 16] Progress: 74% (212/286) - Loss: 0.1089
[Client 3, Round 16] Progress: 74% (214/286) - Loss: 0.5151
[Client 3, Round 16] Progress: 75% (216/286) - Loss: 0.2303
[Client 3, Round 16] Progress: 76% (218/286) - Loss: 0.1370
[Client 3, Round 16] Progress: 76% (220/286) - Loss: 0.6387
[Client 3, Round 16] Progress: 77% (222/286) - Loss: 0.0761
[Client 3, Round 16] Progress: 78% (224/286) - Loss: 0.3196
[Client 3, Round 16] Progress: 79% (226/286) - Loss: 0.5715
[Client 3, Round 16] Progress: 79% (228/286) - Loss: 0.4806
[Client 3, Round 16] Progress: 80% (230/286) - Loss: 0.0877
[Client 3, Round 16] Progress: 81% (232/286) - Loss: 0.3623
[Client 3, Round 16] Progress: 81% (234/286) - Loss: 0.1304
[Client 3, Round 16] Progress: 82% (236/286) - Loss: 0.2404
[Client 3, Round 16] Progress: 83% (238/286) - Loss: 0.1204
[Client 3, Round 16] Progress: 83% (240/286) - Loss: 0.4175
[Client 3, Round 16] Progress: 84% (242/286) - Loss: 0.1578
[Client 3, Round 16] Progress: 85% (244/286) - Loss: 0.0971
[Client 3, Round 16] Progress: 86% (246/286) - Loss: 0.1917
[Client 3, Round 16] Progress: 86% (248/286) - Loss: 0.1757
[Client 3, Round 16] Progress: 87% (250/286) - Loss: 0.1286
[Client 3, Round 16] Progress: 88% (252/286) - Loss: 0.1730
[Client 3, Round 16] Progress: 88% (254/286) - Loss: 0.1533
[Client 3, Round 16] Progress: 89% (256/286) - Loss: 0.0868
[Client 3, Round 16] Progress: 90% (258/286) - Loss: 0.3357
[Client 3, Round 16] Progress: 90% (260/286) - Loss: 0.1376
[Client 3, Round 16] Progress: 91% (262/286) - Loss: 0.2043
[Client 3, Round 16] Progress: 92% (264/286) - Loss: 0.5479
[Client 3, Round 16] Progress: 93% (266/286) - Loss: 0.6557
[Client 3, Round 16] Progress: 93% (268/286) - Loss: 0.0974
[Client 3, Round 16] Progress: 94% (270/286) - Loss: 0.0946
[Client 3, Round 16] Progress: 95% (272/286) - Loss: 0.1242
[Client 3, Round 16] Progress: 95% (274/286) - Loss: 0.2053
[Client 3, Round 16] Progress: 96% (276/286) - Loss: 0.3041
[Client 3, Round 16] Progress: 97% (278/286) - Loss: 0.2348
[Client 3, Round 16] Progress: 97% (280/286) - Loss: 0.6216
[Client 3, Round 16] Progress: 98% (282/286) - Loss: 0.1672
[Client 3, Round 16] Progress: 99% (284/286) - Loss: 0.0976
[Client 3, Round 16] Progress: 100% (286/286) - Loss: 0.1768
[Client 3, Round 16] Train Loss: 0.2233
[Client 3, Round 16] Val Loss: 0.2047 | Val Dice: 0.8111
[Client 3, Round 17] Progress: 0% (2/286) - Loss: 0.2784
[Client 3, Round 17] Progress: 1% (4/286) - Loss: 0.6855
[Client 3, Round 17] Progress: 2% (6/286) - Loss: 0.0705
[Client 3, Round 17] Progress: 2% (8/286) - Loss: 0.6731
[Client 3, Round 17] Progress: 3% (10/286) - Loss: 0.1838
[Client 3, Round 17] Progress: 4% (12/286) - Loss: 0.1484
[Client 3, Round 17] Progress: 4% (14/286) - Loss: 0.0935
[Client 3, Round 17] Progress: 5% (16/286) - Loss: 0.0948
[Client 3, Round 17] Progress: 6% (18/286) - Loss: 0.1247
[Client 3, Round 17] Progress: 6% (20/286) - Loss: 0.2511
[Client 3, Round 17] Progress: 7% (22/286) - Loss: 0.4844
[Client 3, Round 17] Progress: 8% (24/286) - Loss: 0.1412
[Client 3, Round 17] Progress: 9% (26/286) - Loss: 0.1149
[Client 3, Round 17] Progress: 9% (28/286) - Loss: 0.2189
[Client 3, Round 17] Progress: 10% (30/286) - Loss: 0.1041
[Client 3, Round 17] Progress: 11% (32/286) - Loss: 0.1065
[Client 3, Round 17] Progress: 11% (34/286) - Loss: 0.1101
[Client 3, Round 17] Progress: 12% (36/286) - Loss: 0.1390
[Client 3, Round 17] Progress: 13% (38/286) - Loss: 0.4130
[Client 3, Round 17] Progress: 13% (40/286) - Loss: 0.2171
[Client 3, Round 17] Progress: 14% (42/286) - Loss: 0.4796
[Client 3, Round 17] Progress: 15% (44/286) - Loss: 0.0910
[Client 3, Round 17] Progress: 16% (46/286) - Loss: 0.1999
[Client 3, Round 17] Progress: 16% (48/286) - Loss: 0.2403
[Client 3, Round 17] Progress: 17% (50/286) - Loss: 0.2884
[Client 3, Round 17] Progress: 18% (52/286) - Loss: 0.4943
[Client 3, Round 17] Progress: 18% (54/286) - Loss: 0.0571
[Client 3, Round 17] Progress: 19% (56/286) - Loss: 0.1440
[Client 3, Round 17] Progress: 20% (58/286) - Loss: 0.1581
[Client 3, Round 17] Progress: 20% (60/286) - Loss: 0.1078
[Client 3, Round 17] Progress: 21% (62/286) - Loss: 0.2806
[Client 3, Round 17] Progress: 22% (64/286) - Loss: 0.1928
[Client 3, Round 17] Progress: 23% (66/286) - Loss: 0.1072
[Client 3, Round 17] Progress: 23% (68/286) - Loss: 0.1381
[Client 3, Round 17] Progress: 24% (70/286) - Loss: 0.1772
[Client 3, Round 17] Progress: 25% (72/286) - Loss: 0.0743
[Client 3, Round 17] Progress: 25% (74/286) - Loss: 0.1750
[Client 3, Round 17] Progress: 26% (76/286) - Loss: 0.6566
[Client 3, Round 17] Progress: 27% (78/286) - Loss: 0.1714
[Client 3, Round 17] Progress: 27% (80/286) - Loss: 0.1255
[Client 3, Round 17] Progress: 28% (82/286) - Loss: 0.1472
[Client 3, Round 17] Progress: 29% (84/286) - Loss: 0.1215
[Client 3, Round 17] Progress: 30% (86/286) - Loss: 0.1262
[Client 3, Round 17] Progress: 30% (88/286) - Loss: 0.1846
[Client 3, Round 17] Progress: 31% (90/286) - Loss: 0.2189
[Client 3, Round 17] Progress: 32% (92/286) - Loss: 0.0966
[Client 3, Round 17] Progress: 32% (94/286) - Loss: 0.0830
[Client 3, Round 17] Progress: 33% (96/286) - Loss: 0.2885
[Client 3, Round 17] Progress: 34% (98/286) - Loss: 0.5266
[Client 3, Round 17] Progress: 34% (100/286) - Loss: 0.1285
[Client 3, Round 17] Progress: 35% (102/286) - Loss: 0.4540
[Client 3, Round 17] Progress: 36% (104/286) - Loss: 0.1485
[Client 3, Round 17] Progress: 37% (106/286) - Loss: 0.1104
[Client 3, Round 17] Progress: 37% (108/286) - Loss: 0.0898
[Client 3, Round 17] Progress: 38% (110/286) - Loss: 0.0942
[Client 3, Round 17] Progress: 39% (112/286) - Loss: 0.1483
[Client 3, Round 17] Progress: 39% (114/286) - Loss: 0.2292
[Client 3, Round 17] Progress: 40% (116/286) - Loss: 0.1385
[Client 3, Round 17] Progress: 41% (118/286) - Loss: 0.1922
[Client 3, Round 17] Progress: 41% (120/286) - Loss: 0.1981
[Client 3, Round 17] Progress: 42% (122/286) - Loss: 0.1014
[Client 3, Round 17] Progress: 43% (124/286) - Loss: 0.1705
[Client 3, Round 17] Progress: 44% (126/286) - Loss: 0.1336
[Client 3, Round 17] Progress: 44% (128/286) - Loss: 0.0477
[Client 3, Round 17] Progress: 45% (130/286) - Loss: 0.1299
[Client 3, Round 17] Progress: 46% (132/286) - Loss: 0.1178
[Client 3, Round 17] Progress: 46% (134/286) - Loss: 0.5559
[Client 3, Round 17] Progress: 47% (136/286) - Loss: 0.1327
[Client 3, Round 17] Progress: 48% (138/286) - Loss: 0.2228
[Client 3, Round 17] Progress: 48% (140/286) - Loss: 0.5212
[Client 3, Round 17] Progress: 49% (142/286) - Loss: 0.4337
[Client 3, Round 17] Progress: 50% (144/286) - Loss: 0.2597
[Client 3, Round 17] Progress: 51% (146/286) - Loss: 0.4099
[Client 3, Round 17] Progress: 51% (148/286) - Loss: 0.2653
[Client 3, Round 17] Progress: 52% (150/286) - Loss: 0.3157
[Client 3, Round 17] Progress: 53% (152/286) - Loss: 0.1560
[Client 3, Round 17] Progress: 53% (154/286) - Loss: 0.1751
[Client 3, Round 17] Progress: 54% (156/286) - Loss: 0.4217
[Client 3, Round 17] Progress: 55% (158/286) - Loss: 0.1999
[Client 3, Round 17] Progress: 55% (160/286) - Loss: 0.2609
[Client 3, Round 17] Progress: 56% (162/286) - Loss: 0.2090
[Client 3, Round 17] Progress: 57% (164/286) - Loss: 0.2277
[Client 3, Round 17] Progress: 58% (166/286) - Loss: 0.1425
[Client 3, Round 17] Progress: 58% (168/286) - Loss: 0.0812
[Client 3, Round 17] Progress: 59% (170/286) - Loss: 0.6780
[Client 3, Round 17] Progress: 60% (172/286) - Loss: 0.1582
[Client 3, Round 17] Progress: 60% (174/286) - Loss: 0.1947
[Client 3, Round 17] Progress: 61% (176/286) - Loss: 0.3255
[Client 3, Round 17] Progress: 62% (178/286) - Loss: 0.5504
[Client 3, Round 17] Progress: 62% (180/286) - Loss: 0.1302
[Client 3, Round 17] Progress: 63% (182/286) - Loss: 0.1684
[Client 3, Round 17] Progress: 64% (184/286) - Loss: 0.1437
[Client 3, Round 17] Progress: 65% (186/286) - Loss: 0.1441
[Client 3, Round 17] Progress: 65% (188/286) - Loss: 0.2345
[Client 3, Round 17] Progress: 66% (190/286) - Loss: 0.5198
[Client 3, Round 17] Progress: 67% (192/286) - Loss: 0.1099
[Client 3, Round 17] Progress: 67% (194/286) - Loss: 0.3376
[Client 3, Round 17] Progress: 68% (196/286) - Loss: 0.3286
[Client 3, Round 17] Progress: 69% (198/286) - Loss: 0.1210
[Client 3, Round 17] Progress: 69% (200/286) - Loss: 0.6856
[Client 3, Round 17] Progress: 70% (202/286) - Loss: 0.2792
[Client 3, Round 17] Progress: 71% (204/286) - Loss: 0.3652
[Client 3, Round 17] Progress: 72% (206/286) - Loss: 0.1262
[Client 3, Round 17] Progress: 72% (208/286) - Loss: 0.1291
[Client 3, Round 17] Progress: 73% (210/286) - Loss: 0.3632
[Client 3, Round 17] Progress: 74% (212/286) - Loss: 0.1639
[Client 3, Round 17] Progress: 74% (214/286) - Loss: 0.0907
[Client 3, Round 17] Progress: 75% (216/286) - Loss: 0.1901
[Client 3, Round 17] Progress: 76% (218/286) - Loss: 0.0924
[Client 3, Round 17] Progress: 76% (220/286) - Loss: 0.1672
[Client 3, Round 17] Progress: 77% (222/286) - Loss: 0.1717
[Client 3, Round 17] Progress: 78% (224/286) - Loss: 0.2315
[Client 3, Round 17] Progress: 79% (226/286) - Loss: 0.2309
[Client 3, Round 17] Progress: 79% (228/286) - Loss: 0.0706
[Client 3, Round 17] Progress: 80% (230/286) - Loss: 0.1094
[Client 3, Round 17] Progress: 81% (232/286) - Loss: 0.1655
[Client 3, Round 17] Progress: 81% (234/286) - Loss: 0.1336
[Client 3, Round 17] Progress: 82% (236/286) - Loss: 0.0774
[Client 3, Round 17] Progress: 83% (238/286) - Loss: 0.1754
[Client 3, Round 17] Progress: 83% (240/286) - Loss: 0.0819
[Client 3, Round 17] Progress: 84% (242/286) - Loss: 0.0777
[Client 3, Round 17] Progress: 85% (244/286) - Loss: 0.3239
[Client 3, Round 17] Progress: 86% (246/286) - Loss: 0.0852
[Client 3, Round 17] Progress: 86% (248/286) - Loss: 0.1787
[Client 3, Round 17] Progress: 87% (250/286) - Loss: 0.1347
[Client 3, Round 17] Progress: 88% (252/286) - Loss: 0.5299
[Client 3, Round 17] Progress: 88% (254/286) - Loss: 0.1355
[Client 3, Round 17] Progress: 89% (256/286) - Loss: 0.1062
[Client 3, Round 17] Progress: 90% (258/286) - Loss: 0.1676
[Client 3, Round 17] Progress: 90% (260/286) - Loss: 0.0849
[Client 3, Round 17] Progress: 91% (262/286) - Loss: 0.4058
[Client 3, Round 17] Progress: 92% (264/286) - Loss: 0.1695
[Client 3, Round 17] Progress: 93% (266/286) - Loss: 0.1188
[Client 3, Round 17] Progress: 93% (268/286) - Loss: 0.5120
[Client 3, Round 17] Progress: 94% (270/286) - Loss: 0.5756
[Client 3, Round 17] Progress: 95% (272/286) - Loss: 0.1111
[Client 3, Round 17] Progress: 95% (274/286) - Loss: 0.1074
[Client 3, Round 17] Progress: 96% (276/286) - Loss: 0.1904
[Client 3, Round 17] Progress: 97% (278/286) - Loss: 0.1018
[Client 3, Round 17] Progress: 97% (280/286) - Loss: 0.3929
[Client 3, Round 17] Progress: 98% (282/286) - Loss: 0.2588
[Client 3, Round 17] Progress: 99% (284/286) - Loss: 0.1350
[Client 3, Round 17] Progress: 100% (286/286) - Loss: 0.1484
[Client 3, Round 17] Train Loss: 0.2301
[Client 3, Round 17] Val Loss: 0.1988 | Val Dice: 0.8230
[Client 3, Round 18] Progress: 0% (2/286) - Loss: 0.1014
[Client 3, Round 18] Progress: 1% (4/286) - Loss: 0.4183
[Client 3, Round 18] Progress: 2% (6/286) - Loss: 0.7553
[Client 3, Round 18] Progress: 2% (8/286) - Loss: 0.0635
[Client 3, Round 18] Progress: 3% (10/286) - Loss: 0.7928
[Client 3, Round 18] Progress: 4% (12/286) - Loss: 0.6084
[Client 3, Round 18] Progress: 4% (14/286) - Loss: 0.1757
[Client 3, Round 18] Progress: 5% (16/286) - Loss: 0.1162
[Client 3, Round 18] Progress: 6% (18/286) - Loss: 0.1202
[Client 3, Round 18] Progress: 6% (20/286) - Loss: 0.2251
[Client 3, Round 18] Progress: 7% (22/286) - Loss: 0.1132
[Client 3, Round 18] Progress: 8% (24/286) - Loss: 0.0770
[Client 3, Round 18] Progress: 9% (26/286) - Loss: 0.1515
[Client 3, Round 18] Progress: 9% (28/286) - Loss: 0.1815
[Client 3, Round 18] Progress: 10% (30/286) - Loss: 0.3386
[Client 3, Round 18] Progress: 11% (32/286) - Loss: 0.5449
[Client 3, Round 18] Progress: 11% (34/286) - Loss: 0.2068
[Client 3, Round 18] Progress: 12% (36/286) - Loss: 0.0900
[Client 3, Round 18] Progress: 13% (38/286) - Loss: 0.1952
[Client 3, Round 18] Progress: 13% (40/286) - Loss: 0.3311
[Client 3, Round 18] Progress: 14% (42/286) - Loss: 0.1687
[Client 3, Round 18] Progress: 15% (44/286) - Loss: 0.1207
[Client 3, Round 18] Progress: 16% (46/286) - Loss: 0.1661
[Client 3, Round 18] Progress: 16% (48/286) - Loss: 0.1982
[Client 3, Round 18] Progress: 17% (50/286) - Loss: 0.3785
[Client 3, Round 18] Progress: 18% (52/286) - Loss: 0.1739
[Client 3, Round 18] Progress: 18% (54/286) - Loss: 0.4028
[Client 3, Round 18] Progress: 19% (56/286) - Loss: 0.2791
[Client 3, Round 18] Progress: 20% (58/286) - Loss: 0.1742
[Client 3, Round 18] Progress: 20% (60/286) - Loss: 0.0773
[Client 3, Round 18] Progress: 21% (62/286) - Loss: 0.1535
[Client 3, Round 18] Progress: 22% (64/286) - Loss: 0.0934
[Client 3, Round 18] Progress: 23% (66/286) - Loss: 0.2391
[Client 3, Round 18] Progress: 23% (68/286) - Loss: 0.1223
[Client 3, Round 18] Progress: 24% (70/286) - Loss: 0.0923
[Client 3, Round 18] Progress: 25% (72/286) - Loss: 0.3012
[Client 3, Round 18] Progress: 25% (74/286) - Loss: 0.5361
[Client 3, Round 18] Progress: 26% (76/286) - Loss: 0.0707
[Client 3, Round 18] Progress: 27% (78/286) - Loss: 0.4301
[Client 3, Round 18] Progress: 27% (80/286) - Loss: 0.1751
[Client 3, Round 18] Progress: 28% (82/286) - Loss: 0.1215
[Client 3, Round 18] Progress: 29% (84/286) - Loss: 0.0867
[Client 3, Round 18] Progress: 30% (86/286) - Loss: 0.1468
[Client 3, Round 18] Progress: 30% (88/286) - Loss: 0.1012
[Client 3, Round 18] Progress: 31% (90/286) - Loss: 0.2352
[Client 3, Round 18] Progress: 32% (92/286) - Loss: 0.1427
[Client 3, Round 18] Progress: 32% (94/286) - Loss: 0.8111
[Client 3, Round 18] Progress: 33% (96/286) - Loss: 0.2713
[Client 3, Round 18] Progress: 34% (98/286) - Loss: 0.1905
[Client 3, Round 18] Progress: 34% (100/286) - Loss: 0.1848
[Client 3, Round 18] Progress: 35% (102/286) - Loss: 0.1546
[Client 3, Round 18] Progress: 36% (104/286) - Loss: 0.1029
[Client 3, Round 18] Progress: 37% (106/286) - Loss: 0.5728
[Client 3, Round 18] Progress: 37% (108/286) - Loss: 0.1250
[Client 3, Round 18] Progress: 38% (110/286) - Loss: 0.1642
[Client 3, Round 18] Progress: 39% (112/286) - Loss: 0.1107
[Client 3, Round 18] Progress: 39% (114/286) - Loss: 0.0927
[Client 3, Round 18] Progress: 40% (116/286) - Loss: 0.5731
[Client 3, Round 18] Progress: 41% (118/286) - Loss: 0.1273
[Client 3, Round 18] Progress: 41% (120/286) - Loss: 0.1770
[Client 3, Round 18] Progress: 42% (122/286) - Loss: 0.1153
[Client 3, Round 18] Progress: 43% (124/286) - Loss: 0.2117
[Client 3, Round 18] Progress: 44% (126/286) - Loss: 0.1078
[Client 3, Round 18] Progress: 44% (128/286) - Loss: 0.1135
[Client 3, Round 18] Progress: 45% (130/286) - Loss: 0.1150
[Client 3, Round 18] Progress: 46% (132/286) - Loss: 0.1396
[Client 3, Round 18] Progress: 46% (134/286) - Loss: 0.1250
[Client 3, Round 18] Progress: 47% (136/286) - Loss: 0.2375
[Client 3, Round 18] Progress: 48% (138/286) - Loss: 0.1250
[Client 3, Round 18] Progress: 48% (140/286) - Loss: 0.0810
[Client 3, Round 18] Progress: 49% (142/286) - Loss: 0.1186
[Client 3, Round 18] Progress: 50% (144/286) - Loss: 0.2824
[Client 3, Round 18] Progress: 51% (146/286) - Loss: 0.6516
[Client 3, Round 18] Progress: 51% (148/286) - Loss: 0.2928
[Client 3, Round 18] Progress: 52% (150/286) - Loss: 0.0875
[Client 3, Round 18] Progress: 53% (152/286) - Loss: 0.1157
[Client 3, Round 18] Progress: 53% (154/286) - Loss: 0.1393
[Client 3, Round 18] Progress: 54% (156/286) - Loss: 0.2301
[Client 3, Round 18] Progress: 55% (158/286) - Loss: 0.0889
[Client 3, Round 18] Progress: 55% (160/286) - Loss: 0.8346
[Client 3, Round 18] Progress: 56% (162/286) - Loss: 0.0841
[Client 3, Round 18] Progress: 57% (164/286) - Loss: 0.0475
[Client 3, Round 18] Progress: 58% (166/286) - Loss: 0.1232
[Client 3, Round 18] Progress: 58% (168/286) - Loss: 0.3299
[Client 3, Round 18] Progress: 59% (170/286) - Loss: 0.1435
[Client 3, Round 18] Progress: 60% (172/286) - Loss: 0.3846
[Client 3, Round 18] Progress: 60% (174/286) - Loss: 0.1524
[Client 3, Round 18] Progress: 61% (176/286) - Loss: 0.1274
[Client 3, Round 18] Progress: 62% (178/286) - Loss: 0.1249
[Client 3, Round 18] Progress: 62% (180/286) - Loss: 0.2119
[Client 3, Round 18] Progress: 63% (182/286) - Loss: 0.1553
[Client 3, Round 18] Progress: 64% (184/286) - Loss: 0.4294
[Client 3, Round 18] Progress: 65% (186/286) - Loss: 0.1854
[Client 3, Round 18] Progress: 65% (188/286) - Loss: 0.2078
[Client 3, Round 18] Progress: 66% (190/286) - Loss: 0.2628
[Client 3, Round 18] Progress: 67% (192/286) - Loss: 0.2673
[Client 3, Round 18] Progress: 67% (194/286) - Loss: 0.0886
[Client 3, Round 18] Progress: 68% (196/286) - Loss: 0.2142
[Client 3, Round 18] Progress: 69% (198/286) - Loss: 0.1865
[Client 3, Round 18] Progress: 69% (200/286) - Loss: 0.2345
[Client 3, Round 18] Progress: 70% (202/286) - Loss: 0.1253
[Client 3, Round 18] Progress: 71% (204/286) - Loss: 0.1557
[Client 3, Round 18] Progress: 72% (206/286) - Loss: 0.0720
[Client 3, Round 18] Progress: 72% (208/286) - Loss: 0.0867
[Client 3, Round 18] Progress: 73% (210/286) - Loss: 0.1058
[Client 3, Round 18] Progress: 74% (212/286) - Loss: 0.1886
[Client 3, Round 18] Progress: 74% (214/286) - Loss: 0.0908
[Client 3, Round 18] Progress: 75% (216/286) - Loss: 0.1157
[Client 3, Round 18] Progress: 76% (218/286) - Loss: 0.0769
[Client 3, Round 18] Progress: 76% (220/286) - Loss: 0.1412
[Client 3, Round 18] Progress: 77% (222/286) - Loss: 0.1423
[Client 3, Round 18] Progress: 78% (224/286) - Loss: 0.5171
[Client 3, Round 18] Progress: 79% (226/286) - Loss: 0.1362
[Client 3, Round 18] Progress: 79% (228/286) - Loss: 0.1195
[Client 3, Round 18] Progress: 80% (230/286) - Loss: 0.0888
[Client 3, Round 18] Progress: 81% (232/286) - Loss: 0.1417
[Client 3, Round 18] Progress: 81% (234/286) - Loss: 0.3619
[Client 3, Round 18] Progress: 82% (236/286) - Loss: 0.1232
[Client 3, Round 18] Progress: 83% (238/286) - Loss: 0.0986
[Client 3, Round 18] Progress: 83% (240/286) - Loss: 0.3264
[Client 3, Round 18] Progress: 84% (242/286) - Loss: 0.2476
[Client 3, Round 18] Progress: 85% (244/286) - Loss: 0.1817
[Client 3, Round 18] Progress: 86% (246/286) - Loss: 0.3768
[Client 3, Round 18] Progress: 86% (248/286) - Loss: 0.1282
[Client 3, Round 18] Progress: 87% (250/286) - Loss: 0.1358
[Client 3, Round 18] Progress: 88% (252/286) - Loss: 0.1214
[Client 3, Round 18] Progress: 88% (254/286) - Loss: 0.5113
[Client 3, Round 18] Progress: 89% (256/286) - Loss: 0.1703
[Client 3, Round 18] Progress: 90% (258/286) - Loss: 0.0972
[Client 3, Round 18] Progress: 90% (260/286) - Loss: 0.2017
[Client 3, Round 18] Progress: 91% (262/286) - Loss: 0.4821
[Client 3, Round 18] Progress: 92% (264/286) - Loss: 0.1232
[Client 3, Round 18] Progress: 93% (266/286) - Loss: 0.1406
[Client 3, Round 18] Progress: 93% (268/286) - Loss: 0.1429
[Client 3, Round 18] Progress: 94% (270/286) - Loss: 0.1878
[Client 3, Round 18] Progress: 95% (272/286) - Loss: 0.1824
[Client 3, Round 18] Progress: 95% (274/286) - Loss: 0.2398
[Client 3, Round 18] Progress: 96% (276/286) - Loss: 0.1307
[Client 3, Round 18] Progress: 97% (278/286) - Loss: 0.4694
[Client 3, Round 18] Progress: 97% (280/286) - Loss: 0.3701
[Client 3, Round 18] Progress: 98% (282/286) - Loss: 0.1323
[Client 3, Round 18] Progress: 99% (284/286) - Loss: 0.4911
[Client 3, Round 18] Progress: 100% (286/286) - Loss: 0.1529
[Client 3, Round 18] Train Loss: 0.2236
[Client 3, Round 18] Val Loss: 0.2017 | Val Dice: 0.8128
[Client 3, Round 19] Progress: 0% (2/286) - Loss: 0.0910
[Client 3, Round 19] Progress: 1% (4/286) - Loss: 0.3735
[Client 3, Round 19] Progress: 2% (6/286) - Loss: 0.1852
[Client 3, Round 19] Progress: 2% (8/286) - Loss: 0.0751
[Client 3, Round 19] Progress: 3% (10/286) - Loss: 0.1228
[Client 3, Round 19] Progress: 4% (12/286) - Loss: 0.1576
[Client 3, Round 19] Progress: 4% (14/286) - Loss: 0.0776
[Client 3, Round 19] Progress: 5% (16/286) - Loss: 0.0521
[Client 3, Round 19] Progress: 6% (18/286) - Loss: 0.6867
[Client 3, Round 19] Progress: 6% (20/286) - Loss: 0.2244
[Client 3, Round 19] Progress: 7% (22/286) - Loss: 0.2658
[Client 3, Round 19] Progress: 8% (24/286) - Loss: 0.1620
[Client 3, Round 19] Progress: 9% (26/286) - Loss: 0.1363
[Client 3, Round 19] Progress: 9% (28/286) - Loss: 0.2694
[Client 3, Round 19] Progress: 10% (30/286) - Loss: 0.4973
[Client 3, Round 19] Progress: 11% (32/286) - Loss: 0.2366
[Client 3, Round 19] Progress: 11% (34/286) - Loss: 0.1167
[Client 3, Round 19] Progress: 12% (36/286) - Loss: 0.1145
[Client 3, Round 19] Progress: 13% (38/286) - Loss: 0.1255
[Client 3, Round 19] Progress: 13% (40/286) - Loss: 0.0866
[Client 3, Round 19] Progress: 14% (42/286) - Loss: 0.1174
[Client 3, Round 19] Progress: 15% (44/286) - Loss: 0.2591
[Client 3, Round 19] Progress: 16% (46/286) - Loss: 0.6799
[Client 3, Round 19] Progress: 16% (48/286) - Loss: 0.1433
[Client 3, Round 19] Progress: 17% (50/286) - Loss: 0.1003
[Client 3, Round 19] Progress: 18% (52/286) - Loss: 0.1751
[Client 3, Round 19] Progress: 18% (54/286) - Loss: 0.4202
[Client 3, Round 19] Progress: 19% (56/286) - Loss: 0.0877
[Client 3, Round 19] Progress: 20% (58/286) - Loss: 0.0637
[Client 3, Round 19] Progress: 20% (60/286) - Loss: 0.2588
[Client 3, Round 19] Progress: 21% (62/286) - Loss: 0.3077
[Client 3, Round 19] Progress: 22% (64/286) - Loss: 0.1404
[Client 3, Round 19] Progress: 23% (66/286) - Loss: 0.5469
[Client 3, Round 19] Progress: 23% (68/286) - Loss: 0.1267
[Client 3, Round 19] Progress: 24% (70/286) - Loss: 0.6684
[Client 3, Round 19] Progress: 25% (72/286) - Loss: 0.1086
[Client 3, Round 19] Progress: 25% (74/286) - Loss: 0.5422
[Client 3, Round 19] Progress: 26% (76/286) - Loss: 0.5015
[Client 3, Round 19] Progress: 27% (78/286) - Loss: 0.3657
[Client 3, Round 19] Progress: 27% (80/286) - Loss: 0.0927
[Client 3, Round 19] Progress: 28% (82/286) - Loss: 0.1913
[Client 3, Round 19] Progress: 29% (84/286) - Loss: 0.1977
[Client 3, Round 19] Progress: 30% (86/286) - Loss: 0.4626
[Client 3, Round 19] Progress: 30% (88/286) - Loss: 0.2057
[Client 3, Round 19] Progress: 31% (90/286) - Loss: 0.3403
[Client 3, Round 19] Progress: 32% (92/286) - Loss: 0.1494
[Client 3, Round 19] Progress: 32% (94/286) - Loss: 0.1432
[Client 3, Round 19] Progress: 33% (96/286) - Loss: 0.1442
[Client 3, Round 19] Progress: 34% (98/286) - Loss: 0.2056
[Client 3, Round 19] Progress: 34% (100/286) - Loss: 0.1063
[Client 3, Round 19] Progress: 35% (102/286) - Loss: 0.1929
[Client 3, Round 19] Progress: 36% (104/286) - Loss: 0.0585
[Client 3, Round 19] Progress: 37% (106/286) - Loss: 0.1756
[Client 3, Round 19] Progress: 37% (108/286) - Loss: 0.0898
[Client 3, Round 19] Progress: 38% (110/286) - Loss: 0.1222
[Client 3, Round 19] Progress: 39% (112/286) - Loss: 0.1864
[Client 3, Round 19] Progress: 39% (114/286) - Loss: 0.0914
[Client 3, Round 19] Progress: 40% (116/286) - Loss: 0.1726
[Client 3, Round 19] Progress: 41% (118/286) - Loss: 0.5171
[Client 3, Round 19] Progress: 41% (120/286) - Loss: 0.0760
[Client 3, Round 19] Progress: 42% (122/286) - Loss: 0.1947
[Client 3, Round 19] Progress: 43% (124/286) - Loss: 0.4856
[Client 3, Round 19] Progress: 44% (126/286) - Loss: 0.1212
[Client 3, Round 19] Progress: 44% (128/286) - Loss: 0.0790
[Client 3, Round 19] Progress: 45% (130/286) - Loss: 0.0824
[Client 3, Round 19] Progress: 46% (132/286) - Loss: 0.1484
[Client 3, Round 19] Progress: 46% (134/286) - Loss: 0.1312
[Client 3, Round 19] Progress: 47% (136/286) - Loss: 0.0624
[Client 3, Round 19] Progress: 48% (138/286) - Loss: 0.1558
[Client 3, Round 19] Progress: 48% (140/286) - Loss: 0.0632
[Client 3, Round 19] Progress: 49% (142/286) - Loss: 0.3548
[Client 3, Round 19] Progress: 50% (144/286) - Loss: 0.1815
[Client 3, Round 19] Progress: 51% (146/286) - Loss: 0.1729
[Client 3, Round 19] Progress: 51% (148/286) - Loss: 0.0855
[Client 3, Round 19] Progress: 52% (150/286) - Loss: 0.6591
[Client 3, Round 19] Progress: 53% (152/286) - Loss: 0.1232
[Client 3, Round 19] Progress: 53% (154/286) - Loss: 0.1884
[Client 3, Round 19] Progress: 54% (156/286) - Loss: 0.1844
[Client 3, Round 19] Progress: 55% (158/286) - Loss: 0.1272
[Client 3, Round 19] Progress: 55% (160/286) - Loss: 0.2227
[Client 3, Round 19] Progress: 56% (162/286) - Loss: 0.1788
[Client 3, Round 19] Progress: 57% (164/286) - Loss: 0.2136
[Client 3, Round 19] Progress: 58% (166/286) - Loss: 0.3622
[Client 3, Round 19] Progress: 58% (168/286) - Loss: 0.1466
[Client 3, Round 19] Progress: 59% (170/286) - Loss: 0.1117
[Client 3, Round 19] Progress: 60% (172/286) - Loss: 0.1328
[Client 3, Round 19] Progress: 60% (174/286) - Loss: 0.1528
[Client 3, Round 19] Progress: 61% (176/286) - Loss: 0.1088
[Client 3, Round 19] Progress: 62% (178/286) - Loss: 0.7933
[Client 3, Round 19] Progress: 62% (180/286) - Loss: 0.1884
[Client 3, Round 19] Progress: 63% (182/286) - Loss: 0.2808
[Client 3, Round 19] Progress: 64% (184/286) - Loss: 0.4100
[Client 3, Round 19] Progress: 65% (186/286) - Loss: 0.1831
[Client 3, Round 19] Progress: 65% (188/286) - Loss: 0.1715
[Client 3, Round 19] Progress: 66% (190/286) - Loss: 0.0720
[Client 3, Round 19] Progress: 67% (192/286) - Loss: 0.0968
[Client 3, Round 19] Progress: 67% (194/286) - Loss: 0.0928
[Client 3, Round 19] Progress: 68% (196/286) - Loss: 0.1935
[Client 3, Round 19] Progress: 69% (198/286) - Loss: 0.1840
[Client 3, Round 19] Progress: 69% (200/286) - Loss: 0.1193
[Client 3, Round 19] Progress: 70% (202/286) - Loss: 0.1954
[Client 3, Round 19] Progress: 71% (204/286) - Loss: 0.5947
[Client 3, Round 19] Progress: 72% (206/286) - Loss: 0.1090
[Client 3, Round 19] Progress: 72% (208/286) - Loss: 0.1480
[Client 3, Round 19] Progress: 73% (210/286) - Loss: 0.4827
[Client 3, Round 19] Progress: 74% (212/286) - Loss: 0.1044
[Client 3, Round 19] Progress: 74% (214/286) - Loss: 0.1170
[Client 3, Round 19] Progress: 75% (216/286) - Loss: 0.4597
[Client 3, Round 19] Progress: 76% (218/286) - Loss: 0.5662
[Client 3, Round 19] Progress: 76% (220/286) - Loss: 0.2057
[Client 3, Round 19] Progress: 77% (222/286) - Loss: 0.1864
[Client 3, Round 19] Progress: 78% (224/286) - Loss: 0.1158
[Client 3, Round 19] Progress: 79% (226/286) - Loss: 0.2384
[Client 3, Round 19] Progress: 79% (228/286) - Loss: 0.4683
[Client 3, Round 19] Progress: 80% (230/286) - Loss: 0.2649
[Client 3, Round 19] Progress: 81% (232/286) - Loss: 0.1677
[Client 3, Round 19] Progress: 81% (234/286) - Loss: 0.1290
[Client 3, Round 19] Progress: 82% (236/286) - Loss: 0.1298
[Client 3, Round 19] Progress: 83% (238/286) - Loss: 0.1089
[Client 3, Round 19] Progress: 83% (240/286) - Loss: 0.0803
[Client 3, Round 19] Progress: 84% (242/286) - Loss: 0.2422
[Client 3, Round 19] Progress: 85% (244/286) - Loss: 0.2788
[Client 3, Round 19] Progress: 86% (246/286) - Loss: 0.5520
[Client 3, Round 19] Progress: 86% (248/286) - Loss: 0.5055
[Client 3, Round 19] Progress: 87% (250/286) - Loss: 0.1932
[Client 3, Round 19] Progress: 88% (252/286) - Loss: 0.0853
[Client 3, Round 19] Progress: 88% (254/286) - Loss: 0.2309
[Client 3, Round 19] Progress: 89% (256/286) - Loss: 0.1276
[Client 3, Round 19] Progress: 90% (258/286) - Loss: 0.3940
[Client 3, Round 19] Progress: 90% (260/286) - Loss: 0.1969
[Client 3, Round 19] Progress: 91% (262/286) - Loss: 0.3326
[Client 3, Round 19] Progress: 92% (264/286) - Loss: 0.4708
[Client 3, Round 19] Progress: 93% (266/286) - Loss: 0.0981
[Client 3, Round 19] Progress: 93% (268/286) - Loss: 0.1175
[Client 3, Round 19] Progress: 94% (270/286) - Loss: 0.1721
[Client 3, Round 19] Progress: 95% (272/286) - Loss: 0.0578
[Client 3, Round 19] Progress: 95% (274/286) - Loss: 0.5187
[Client 3, Round 19] Progress: 96% (276/286) - Loss: 0.1105
[Client 3, Round 19] Progress: 97% (278/286) - Loss: 0.1573
[Client 3, Round 19] Progress: 97% (280/286) - Loss: 0.1091
[Client 3, Round 19] Progress: 98% (282/286) - Loss: 0.2805
[Client 3, Round 19] Progress: 99% (284/286) - Loss: 0.1041
[Client 3, Round 19] Progress: 100% (286/286) - Loss: 0.1010
[Client 3, Round 19] Train Loss: 0.2235
[Client 3, Round 19] Val Loss: 0.1937 | Val Dice: 0.8203
[Client 3, Round 20] Progress: 0% (2/286) - Loss: 0.1308
[Client 3, Round 20] Progress: 1% (4/286) - Loss: 0.1731
[Client 3, Round 20] Progress: 2% (6/286) - Loss: 0.0903
[Client 3, Round 20] Progress: 2% (8/286) - Loss: 0.1183
[Client 3, Round 20] Progress: 3% (10/286) - Loss: 0.1343
[Client 3, Round 20] Progress: 4% (12/286) - Loss: 0.4707
[Client 3, Round 20] Progress: 4% (14/286) - Loss: 0.2533
[Client 3, Round 20] Progress: 5% (16/286) - Loss: 0.2903
[Client 3, Round 20] Progress: 6% (18/286) - Loss: 0.5411
[Client 3, Round 20] Progress: 6% (20/286) - Loss: 0.1769
[Client 3, Round 20] Progress: 7% (22/286) - Loss: 0.6306
[Client 3, Round 20] Progress: 8% (24/286) - Loss: 0.2020
[Client 3, Round 20] Progress: 9% (26/286) - Loss: 0.2578
[Client 3, Round 20] Progress: 9% (28/286) - Loss: 0.1627
[Client 3, Round 20] Progress: 10% (30/286) - Loss: 0.1838
[Client 3, Round 20] Progress: 11% (32/286) - Loss: 0.4811
[Client 3, Round 20] Progress: 11% (34/286) - Loss: 0.2053
[Client 3, Round 20] Progress: 12% (36/286) - Loss: 0.0902
[Client 3, Round 20] Progress: 13% (38/286) - Loss: 0.0832
[Client 3, Round 20] Progress: 13% (40/286) - Loss: 0.7613
[Client 3, Round 20] Progress: 14% (42/286) - Loss: 0.2764
[Client 3, Round 20] Progress: 15% (44/286) - Loss: 0.1726
[Client 3, Round 20] Progress: 16% (46/286) - Loss: 0.1271
[Client 3, Round 20] Progress: 16% (48/286) - Loss: 0.1420
[Client 3, Round 20] Progress: 17% (50/286) - Loss: 0.1506
[Client 3, Round 20] Progress: 18% (52/286) - Loss: 0.1289
[Client 3, Round 20] Progress: 18% (54/286) - Loss: 0.5439
[Client 3, Round 20] Progress: 19% (56/286) - Loss: 0.1886
[Client 3, Round 20] Progress: 20% (58/286) - Loss: 0.2537
[Client 3, Round 20] Progress: 20% (60/286) - Loss: 0.7443
[Client 3, Round 20] Progress: 21% (62/286) - Loss: 0.1931
[Client 3, Round 20] Progress: 22% (64/286) - Loss: 0.2530
[Client 3, Round 20] Progress: 23% (66/286) - Loss: 0.1008
[Client 3, Round 20] Progress: 23% (68/286) - Loss: 0.2148
[Client 3, Round 20] Progress: 24% (70/286) - Loss: 0.5875
[Client 3, Round 20] Progress: 25% (72/286) - Loss: 0.0895
[Client 3, Round 20] Progress: 25% (74/286) - Loss: 0.0949
[Client 3, Round 20] Progress: 26% (76/286) - Loss: 0.1769
[Client 3, Round 20] Progress: 27% (78/286) - Loss: 0.1698
[Client 3, Round 20] Progress: 27% (80/286) - Loss: 0.1069
[Client 3, Round 20] Progress: 28% (82/286) - Loss: 0.2949
[Client 3, Round 20] Progress: 29% (84/286) - Loss: 0.1359
[Client 3, Round 20] Progress: 30% (86/286) - Loss: 0.1414
[Client 3, Round 20] Progress: 30% (88/286) - Loss: 0.3088
[Client 3, Round 20] Progress: 31% (90/286) - Loss: 0.3896
[Client 3, Round 20] Progress: 32% (92/286) - Loss: 0.1290
[Client 3, Round 20] Progress: 32% (94/286) - Loss: 0.0883
[Client 3, Round 20] Progress: 33% (96/286) - Loss: 0.2437
[Client 3, Round 20] Progress: 34% (98/286) - Loss: 0.1261
[Client 3, Round 20] Progress: 34% (100/286) - Loss: 0.5268
[Client 3, Round 20] Progress: 35% (102/286) - Loss: 0.2705
[Client 3, Round 20] Progress: 36% (104/286) - Loss: 0.1150
[Client 3, Round 20] Progress: 37% (106/286) - Loss: 0.1447
[Client 3, Round 20] Progress: 37% (108/286) - Loss: 0.2202
[Client 3, Round 20] Progress: 38% (110/286) - Loss: 0.2407
[Client 3, Round 20] Progress: 39% (112/286) - Loss: 0.3846
[Client 3, Round 20] Progress: 39% (114/286) - Loss: 0.1013
[Client 3, Round 20] Progress: 40% (116/286) - Loss: 0.1419
[Client 3, Round 20] Progress: 41% (118/286) - Loss: 0.1348
[Client 3, Round 20] Progress: 41% (120/286) - Loss: 0.1465
[Client 3, Round 20] Progress: 42% (122/286) - Loss: 0.4611
[Client 3, Round 20] Progress: 43% (124/286) - Loss: 0.1503
[Client 3, Round 20] Progress: 44% (126/286) - Loss: 0.0876
[Client 3, Round 20] Progress: 44% (128/286) - Loss: 0.6591
[Client 3, Round 20] Progress: 45% (130/286) - Loss: 0.3658
[Client 3, Round 20] Progress: 46% (132/286) - Loss: 0.5162
[Client 3, Round 20] Progress: 46% (134/286) - Loss: 0.4967
[Client 3, Round 20] Progress: 47% (136/286) - Loss: 0.1229
[Client 3, Round 20] Progress: 48% (138/286) - Loss: 0.0671
[Client 3, Round 20] Progress: 48% (140/286) - Loss: 0.1252
[Client 3, Round 20] Progress: 49% (142/286) - Loss: 0.1927
[Client 3, Round 20] Progress: 50% (144/286) - Loss: 0.0753
[Client 3, Round 20] Progress: 51% (146/286) - Loss: 0.1440
[Client 3, Round 20] Progress: 51% (148/286) - Loss: 0.2300
[Client 3, Round 20] Progress: 52% (150/286) - Loss: 0.2445
[Client 3, Round 20] Progress: 53% (152/286) - Loss: 0.1466
[Client 3, Round 20] Progress: 53% (154/286) - Loss: 0.1322
[Client 3, Round 20] Progress: 54% (156/286) - Loss: 0.6754
[Client 3, Round 20] Progress: 55% (158/286) - Loss: 0.1480
[Client 3, Round 20] Progress: 55% (160/286) - Loss: 0.1313
[Client 3, Round 20] Progress: 56% (162/286) - Loss: 0.1432
[Client 3, Round 20] Progress: 57% (164/286) - Loss: 0.1220
[Client 3, Round 20] Progress: 58% (166/286) - Loss: 0.1972
[Client 3, Round 20] Progress: 58% (168/286) - Loss: 0.1379
[Client 3, Round 20] Progress: 59% (170/286) - Loss: 0.1818
[Client 3, Round 20] Progress: 60% (172/286) - Loss: 0.0807
[Client 3, Round 20] Progress: 60% (174/286) - Loss: 0.1289
[Client 3, Round 20] Progress: 61% (176/286) - Loss: 0.1663
[Client 3, Round 20] Progress: 62% (178/286) - Loss: 0.1423
[Client 3, Round 20] Progress: 62% (180/286) - Loss: 0.5794
[Client 3, Round 20] Progress: 63% (182/286) - Loss: 0.4749
[Client 3, Round 20] Progress: 64% (184/286) - Loss: 0.3688
[Client 3, Round 20] Progress: 65% (186/286) - Loss: 0.2460
[Client 3, Round 20] Progress: 65% (188/286) - Loss: 0.0956
[Client 3, Round 20] Progress: 66% (190/286) - Loss: 0.4956
[Client 3, Round 20] Progress: 67% (192/286) - Loss: 0.2294
[Client 3, Round 20] Progress: 67% (194/286) - Loss: 0.1670
[Client 3, Round 20] Progress: 68% (196/286) - Loss: 0.1542
[Client 3, Round 20] Progress: 69% (198/286) - Loss: 0.2097
[Client 3, Round 20] Progress: 69% (200/286) - Loss: 0.2037
[Client 3, Round 20] Progress: 70% (202/286) - Loss: 0.1143
[Client 3, Round 20] Progress: 71% (204/286) - Loss: 0.1632
[Client 3, Round 20] Progress: 72% (206/286) - Loss: 0.0824
[Client 3, Round 20] Progress: 72% (208/286) - Loss: 0.4750
[Client 3, Round 20] Progress: 73% (210/286) - Loss: 0.4807
[Client 3, Round 20] Progress: 74% (212/286) - Loss: 0.2008
[Client 3, Round 20] Progress: 74% (214/286) - Loss: 0.2181
[Client 3, Round 20] Progress: 75% (216/286) - Loss: 0.1469
[Client 3, Round 20] Progress: 76% (218/286) - Loss: 0.2013
[Client 3, Round 20] Progress: 76% (220/286) - Loss: 0.1206
[Client 3, Round 20] Progress: 77% (222/286) - Loss: 0.1807
[Client 3, Round 20] Progress: 78% (224/286) - Loss: 0.0985
[Client 3, Round 20] Progress: 79% (226/286) - Loss: 0.1689
[Client 3, Round 20] Progress: 79% (228/286) - Loss: 0.1637
[Client 3, Round 20] Progress: 80% (230/286) - Loss: 0.1267
[Client 3, Round 20] Progress: 81% (232/286) - Loss: 0.1638
[Client 3, Round 20] Progress: 81% (234/286) - Loss: 0.2068
[Client 3, Round 20] Progress: 82% (236/286) - Loss: 0.1760
[Client 3, Round 20] Progress: 83% (238/286) - Loss: 0.3361
[Client 3, Round 20] Progress: 83% (240/286) - Loss: 0.2451
[Client 3, Round 20] Progress: 84% (242/286) - Loss: 0.1022
[Client 3, Round 20] Progress: 85% (244/286) - Loss: 0.1793
[Client 3, Round 20] Progress: 86% (246/286) - Loss: 0.4991
[Client 3, Round 20] Progress: 86% (248/286) - Loss: 0.1344
[Client 3, Round 20] Progress: 87% (250/286) - Loss: 0.3598
[Client 3, Round 20] Progress: 88% (252/286) - Loss: 0.1422
[Client 3, Round 20] Progress: 88% (254/286) - Loss: 0.1004
[Client 3, Round 20] Progress: 89% (256/286) - Loss: 0.1704
[Client 3, Round 20] Progress: 90% (258/286) - Loss: 0.6426
[Client 3, Round 20] Progress: 90% (260/286) - Loss: 0.1216
[Client 3, Round 20] Progress: 91% (262/286) - Loss: 0.1877
[Client 3, Round 20] Progress: 92% (264/286) - Loss: 0.0884
[Client 3, Round 20] Progress: 93% (266/286) - Loss: 0.1480
[Client 3, Round 20] Progress: 93% (268/286) - Loss: 0.2423
[Client 3, Round 20] Progress: 94% (270/286) - Loss: 0.2365
[Client 3, Round 20] Progress: 95% (272/286) - Loss: 0.5214
[Client 3, Round 20] Progress: 95% (274/286) - Loss: 0.0979
[Client 3, Round 20] Progress: 96% (276/286) - Loss: 0.0997
[Client 3, Round 20] Progress: 97% (278/286) - Loss: 0.0996
[Client 3, Round 20] Progress: 97% (280/286) - Loss: 0.2672
[Client 3, Round 20] Progress: 98% (282/286) - Loss: 0.0827
[Client 3, Round 20] Progress: 99% (284/286) - Loss: 0.4663
[Client 3, Round 20] Progress: 100% (286/286) - Loss: 0.5805
[Client 3, Round 20] Train Loss: 0.2238
[Client 3, Round 20] Val Loss: 0.1937 | Val Dice: 0.8220
[Client 3, Round 21] Progress: 0% (2/286) - Loss: 0.1152
[Client 3, Round 21] Progress: 1% (4/286) - Loss: 0.0955
[Client 3, Round 21] Progress: 2% (6/286) - Loss: 0.1329
[Client 3, Round 21] Progress: 2% (8/286) - Loss: 0.2396
[Client 3, Round 21] Progress: 3% (10/286) - Loss: 0.2034
[Client 3, Round 21] Progress: 4% (12/286) - Loss: 0.1149
[Client 3, Round 21] Progress: 4% (14/286) - Loss: 0.1264
[Client 3, Round 21] Progress: 5% (16/286) - Loss: 0.1379
[Client 3, Round 21] Progress: 6% (18/286) - Loss: 0.1276
[Client 3, Round 21] Progress: 6% (20/286) - Loss: 0.1366
[Client 3, Round 21] Progress: 7% (22/286) - Loss: 0.0806
[Client 3, Round 21] Progress: 8% (24/286) - Loss: 0.0897
[Client 3, Round 21] Progress: 9% (26/286) - Loss: 0.1746
[Client 3, Round 21] Progress: 9% (28/286) - Loss: 0.2486
[Client 3, Round 21] Progress: 10% (30/286) - Loss: 0.1787
[Client 3, Round 21] Progress: 11% (32/286) - Loss: 0.1129
[Client 3, Round 21] Progress: 11% (34/286) - Loss: 0.3188
[Client 3, Round 21] Progress: 12% (36/286) - Loss: 0.6580
[Client 3, Round 21] Progress: 13% (38/286) - Loss: 0.1848
[Client 3, Round 21] Progress: 13% (40/286) - Loss: 0.1610
[Client 3, Round 21] Progress: 14% (42/286) - Loss: 0.1513
[Client 3, Round 21] Progress: 15% (44/286) - Loss: 0.1053
[Client 3, Round 21] Progress: 16% (46/286) - Loss: 0.3984
[Client 3, Round 21] Progress: 16% (48/286) - Loss: 0.2033
[Client 3, Round 21] Progress: 17% (50/286) - Loss: 0.1203
[Client 3, Round 21] Progress: 18% (52/286) - Loss: 0.1394
[Client 3, Round 21] Progress: 18% (54/286) - Loss: 0.2029
[Client 3, Round 21] Progress: 19% (56/286) - Loss: 0.3269
[Client 3, Round 21] Progress: 20% (58/286) - Loss: 0.1790
[Client 3, Round 21] Progress: 20% (60/286) - Loss: 0.2338
[Client 3, Round 21] Progress: 21% (62/286) - Loss: 0.0950
[Client 3, Round 21] Progress: 22% (64/286) - Loss: 0.1091
[Client 3, Round 21] Progress: 23% (66/286) - Loss: 0.1633
[Client 3, Round 21] Progress: 23% (68/286) - Loss: 0.1352
[Client 3, Round 21] Progress: 24% (70/286) - Loss: 0.4671
[Client 3, Round 21] Progress: 25% (72/286) - Loss: 0.1493
[Client 3, Round 21] Progress: 25% (74/286) - Loss: 0.2962
[Client 3, Round 21] Progress: 26% (76/286) - Loss: 0.1283
[Client 3, Round 21] Progress: 27% (78/286) - Loss: 0.1025
[Client 3, Round 21] Progress: 27% (80/286) - Loss: 0.4132
[Client 3, Round 21] Progress: 28% (82/286) - Loss: 0.5215
[Client 3, Round 21] Progress: 29% (84/286) - Loss: 0.5731
[Client 3, Round 21] Progress: 30% (86/286) - Loss: 0.1799
[Client 3, Round 21] Progress: 30% (88/286) - Loss: 0.1781
[Client 3, Round 21] Progress: 31% (90/286) - Loss: 0.1268
[Client 3, Round 21] Progress: 32% (92/286) - Loss: 0.4670
[Client 3, Round 21] Progress: 32% (94/286) - Loss: 0.1506
[Client 3, Round 21] Progress: 33% (96/286) - Loss: 0.3321
[Client 3, Round 21] Progress: 34% (98/286) - Loss: 0.1623
[Client 3, Round 21] Progress: 34% (100/286) - Loss: 0.0859
[Client 3, Round 21] Progress: 35% (102/286) - Loss: 0.5048
[Client 3, Round 21] Progress: 36% (104/286) - Loss: 0.1194
[Client 3, Round 21] Progress: 37% (106/286) - Loss: 0.1748
[Client 3, Round 21] Progress: 37% (108/286) - Loss: 0.1586
[Client 3, Round 21] Progress: 38% (110/286) - Loss: 0.6500
[Client 3, Round 21] Progress: 39% (112/286) - Loss: 0.1039
[Client 3, Round 21] Progress: 39% (114/286) - Loss: 0.2794
[Client 3, Round 21] Progress: 40% (116/286) - Loss: 0.2877
[Client 3, Round 21] Progress: 41% (118/286) - Loss: 0.0468
[Client 3, Round 21] Progress: 41% (120/286) - Loss: 0.1914
[Client 3, Round 21] Progress: 42% (122/286) - Loss: 0.2344
[Client 3, Round 21] Progress: 43% (124/286) - Loss: 0.1289
[Client 3, Round 21] Progress: 44% (126/286) - Loss: 0.5592
[Client 3, Round 21] Progress: 44% (128/286) - Loss: 0.0982
[Client 3, Round 21] Progress: 45% (130/286) - Loss: 0.2365
[Client 3, Round 21] Progress: 46% (132/286) - Loss: 0.1209
[Client 3, Round 21] Progress: 46% (134/286) - Loss: 0.1261
[Client 3, Round 21] Progress: 47% (136/286) - Loss: 0.1939
[Client 3, Round 21] Progress: 48% (138/286) - Loss: 0.2469
[Client 3, Round 21] Progress: 48% (140/286) - Loss: 0.1431
[Client 3, Round 21] Progress: 49% (142/286) - Loss: 0.0590
[Client 3, Round 21] Progress: 50% (144/286) - Loss: 0.0903
[Client 3, Round 21] Progress: 51% (146/286) - Loss: 0.4344
[Client 3, Round 21] Progress: 51% (148/286) - Loss: 0.1842
[Client 3, Round 21] Progress: 52% (150/286) - Loss: 0.6629
[Client 3, Round 21] Progress: 53% (152/286) - Loss: 0.2980
[Client 3, Round 21] Progress: 53% (154/286) - Loss: 0.1011
[Client 3, Round 21] Progress: 54% (156/286) - Loss: 0.1247
[Client 3, Round 21] Progress: 55% (158/286) - Loss: 0.5582
[Client 3, Round 21] Progress: 55% (160/286) - Loss: 0.4474
[Client 3, Round 21] Progress: 56% (162/286) - Loss: 0.1075
[Client 3, Round 21] Progress: 57% (164/286) - Loss: 0.1871
[Client 3, Round 21] Progress: 58% (166/286) - Loss: 0.1669
[Client 3, Round 21] Progress: 58% (168/286) - Loss: 0.4657
[Client 3, Round 21] Progress: 59% (170/286) - Loss: 0.2664
[Client 3, Round 21] Progress: 60% (172/286) - Loss: 0.4719
[Client 3, Round 21] Progress: 60% (174/286) - Loss: 0.2661
[Client 3, Round 21] Progress: 61% (176/286) - Loss: 0.1618
[Client 3, Round 21] Progress: 62% (178/286) - Loss: 0.1351
[Client 3, Round 21] Progress: 62% (180/286) - Loss: 0.1483
[Client 3, Round 21] Progress: 63% (182/286) - Loss: 0.0956
[Client 3, Round 21] Progress: 64% (184/286) - Loss: 0.2480
[Client 3, Round 21] Progress: 65% (186/286) - Loss: 0.1967
[Client 3, Round 21] Progress: 65% (188/286) - Loss: 0.1074
[Client 3, Round 21] Progress: 66% (190/286) - Loss: 0.4549
[Client 3, Round 21] Progress: 67% (192/286) - Loss: 0.4879
[Client 3, Round 21] Progress: 67% (194/286) - Loss: 0.0454
[Client 3, Round 21] Progress: 68% (196/286) - Loss: 0.1192
[Client 3, Round 21] Progress: 69% (198/286) - Loss: 0.1324
[Client 3, Round 21] Progress: 69% (200/286) - Loss: 0.7161
[Client 3, Round 21] Progress: 70% (202/286) - Loss: 0.1822
[Client 3, Round 21] Progress: 71% (204/286) - Loss: 0.1467
[Client 3, Round 21] Progress: 72% (206/286) - Loss: 0.0999
[Client 3, Round 21] Progress: 72% (208/286) - Loss: 0.4328
[Client 3, Round 21] Progress: 73% (210/286) - Loss: 0.1420
[Client 3, Round 21] Progress: 74% (212/286) - Loss: 0.7342
[Client 3, Round 21] Progress: 74% (214/286) - Loss: 0.2313
[Client 3, Round 21] Progress: 75% (216/286) - Loss: 0.5282
[Client 3, Round 21] Progress: 76% (218/286) - Loss: 0.0987
[Client 3, Round 21] Progress: 76% (220/286) - Loss: 0.1247
[Client 3, Round 21] Progress: 77% (222/286) - Loss: 0.1141
[Client 3, Round 21] Progress: 78% (224/286) - Loss: 0.7893
[Client 3, Round 21] Progress: 79% (226/286) - Loss: 0.1365
[Client 3, Round 21] Progress: 79% (228/286) - Loss: 0.1887
[Client 3, Round 21] Progress: 80% (230/286) - Loss: 0.2346
[Client 3, Round 21] Progress: 81% (232/286) - Loss: 0.2889
[Client 3, Round 21] Progress: 81% (234/286) - Loss: 0.2720
[Client 3, Round 21] Progress: 82% (236/286) - Loss: 0.1590
[Client 3, Round 21] Progress: 83% (238/286) - Loss: 0.0862
[Client 3, Round 21] Progress: 83% (240/286) - Loss: 0.4429
[Client 3, Round 21] Progress: 84% (242/286) - Loss: 0.3908
[Client 3, Round 21] Progress: 85% (244/286) - Loss: 0.1499
[Client 3, Round 21] Progress: 86% (246/286) - Loss: 0.1620
[Client 3, Round 21] Progress: 86% (248/286) - Loss: 0.1478
[Client 3, Round 21] Progress: 87% (250/286) - Loss: 0.2767
[Client 3, Round 21] Progress: 88% (252/286) - Loss: 0.1723
[Client 3, Round 21] Progress: 88% (254/286) - Loss: 0.1161
[Client 3, Round 21] Progress: 89% (256/286) - Loss: 0.1247
[Client 3, Round 21] Progress: 90% (258/286) - Loss: 0.0732
[Client 3, Round 21] Progress: 90% (260/286) - Loss: 0.3848
[Client 3, Round 21] Progress: 91% (262/286) - Loss: 0.1493
[Client 3, Round 21] Progress: 92% (264/286) - Loss: 0.1594
[Client 3, Round 21] Progress: 93% (266/286) - Loss: 0.2911
[Client 3, Round 21] Progress: 93% (268/286) - Loss: 0.2416
[Client 3, Round 21] Progress: 94% (270/286) - Loss: 0.1187
[Client 3, Round 21] Progress: 95% (272/286) - Loss: 0.0841
[Client 3, Round 21] Progress: 95% (274/286) - Loss: 0.1016
[Client 3, Round 21] Progress: 96% (276/286) - Loss: 0.1840
[Client 3, Round 21] Progress: 97% (278/286) - Loss: 0.1885
[Client 3, Round 21] Progress: 97% (280/286) - Loss: 0.2203
[Client 3, Round 21] Progress: 98% (282/286) - Loss: 0.3294
[Client 3, Round 21] Progress: 99% (284/286) - Loss: 0.1298
[Client 3, Round 21] Progress: 100% (286/286) - Loss: 0.0625
[Client 3, Round 21] Train Loss: 0.2212
[Client 3, Round 21] Val Loss: 0.1875 | Val Dice: 0.8291
[Client 3, Round 22] Progress: 0% (2/286) - Loss: 0.0542
[Client 3, Round 22] Progress: 1% (4/286) - Loss: 0.1451
[Client 3, Round 22] Progress: 2% (6/286) - Loss: 0.1843
[Client 3, Round 22] Progress: 2% (8/286) - Loss: 0.0988
[Client 3, Round 22] Progress: 3% (10/286) - Loss: 0.1614
[Client 3, Round 22] Progress: 4% (12/286) - Loss: 0.4054
[Client 3, Round 22] Progress: 4% (14/286) - Loss: 0.2030
[Client 3, Round 22] Progress: 5% (16/286) - Loss: 0.9145
[Client 3, Round 22] Progress: 6% (18/286) - Loss: 0.1104
[Client 3, Round 22] Progress: 6% (20/286) - Loss: 0.2226
[Client 3, Round 22] Progress: 7% (22/286) - Loss: 0.2091
[Client 3, Round 22] Progress: 8% (24/286) - Loss: 0.1426
[Client 3, Round 22] Progress: 9% (26/286) - Loss: 0.1135
[Client 3, Round 22] Progress: 9% (28/286) - Loss: 0.2276
[Client 3, Round 22] Progress: 10% (30/286) - Loss: 0.1503
[Client 3, Round 22] Progress: 11% (32/286) - Loss: 0.2180
[Client 3, Round 22] Progress: 11% (34/286) - Loss: 0.1867
[Client 3, Round 22] Progress: 12% (36/286) - Loss: 0.4184
[Client 3, Round 22] Progress: 13% (38/286) - Loss: 0.5208
[Client 3, Round 22] Progress: 13% (40/286) - Loss: 0.1261
[Client 3, Round 22] Progress: 14% (42/286) - Loss: 0.0718
[Client 3, Round 22] Progress: 15% (44/286) - Loss: 0.2123
[Client 3, Round 22] Progress: 16% (46/286) - Loss: 0.1752
[Client 3, Round 22] Progress: 16% (48/286) - Loss: 0.1049
[Client 3, Round 22] Progress: 17% (50/286) - Loss: 0.1738
[Client 3, Round 22] Progress: 18% (52/286) - Loss: 0.0487
[Client 3, Round 22] Progress: 18% (54/286) - Loss: 0.1028
[Client 3, Round 22] Progress: 19% (56/286) - Loss: 0.1301
[Client 3, Round 22] Progress: 20% (58/286) - Loss: 0.1525
[Client 3, Round 22] Progress: 20% (60/286) - Loss: 0.1721
[Client 3, Round 22] Progress: 21% (62/286) - Loss: 0.1079
[Client 3, Round 22] Progress: 22% (64/286) - Loss: 0.1141
[Client 3, Round 22] Progress: 23% (66/286) - Loss: 0.1501
[Client 3, Round 22] Progress: 23% (68/286) - Loss: 0.0639
[Client 3, Round 22] Progress: 24% (70/286) - Loss: 0.1613
[Client 3, Round 22] Progress: 25% (72/286) - Loss: 0.2147
[Client 3, Round 22] Progress: 25% (74/286) - Loss: 0.0916
[Client 3, Round 22] Progress: 26% (76/286) - Loss: 0.3266
[Client 3, Round 22] Progress: 27% (78/286) - Loss: 0.2532
[Client 3, Round 22] Progress: 27% (80/286) - Loss: 0.2068
[Client 3, Round 22] Progress: 28% (82/286) - Loss: 0.1236
[Client 3, Round 22] Progress: 29% (84/286) - Loss: 0.1007
[Client 3, Round 22] Progress: 30% (86/286) - Loss: 0.7344
[Client 3, Round 22] Progress: 30% (88/286) - Loss: 0.0652
[Client 3, Round 22] Progress: 31% (90/286) - Loss: 0.1931
[Client 3, Round 22] Progress: 32% (92/286) - Loss: 0.1020
[Client 3, Round 22] Progress: 32% (94/286) - Loss: 0.1537
[Client 3, Round 22] Progress: 33% (96/286) - Loss: 0.1874
[Client 3, Round 22] Progress: 34% (98/286) - Loss: 0.1951
[Client 3, Round 22] Progress: 34% (100/286) - Loss: 0.0836
[Client 3, Round 22] Progress: 35% (102/286) - Loss: 0.1346
[Client 3, Round 22] Progress: 36% (104/286) - Loss: 0.5467
[Client 3, Round 22] Progress: 37% (106/286) - Loss: 0.2550
[Client 3, Round 22] Progress: 37% (108/286) - Loss: 0.1163
[Client 3, Round 22] Progress: 38% (110/286) - Loss: 0.3183
[Client 3, Round 22] Progress: 39% (112/286) - Loss: 0.3878
[Client 3, Round 22] Progress: 39% (114/286) - Loss: 0.1163
[Client 3, Round 22] Progress: 40% (116/286) - Loss: 0.1286
[Client 3, Round 22] Progress: 41% (118/286) - Loss: 0.1056
[Client 3, Round 22] Progress: 41% (120/286) - Loss: 0.1066
[Client 3, Round 22] Progress: 42% (122/286) - Loss: 0.5310
[Client 3, Round 22] Progress: 43% (124/286) - Loss: 0.6516
[Client 3, Round 22] Progress: 44% (126/286) - Loss: 0.1929
[Client 3, Round 22] Progress: 44% (128/286) - Loss: 0.1941
[Client 3, Round 22] Progress: 45% (130/286) - Loss: 0.1353
[Client 3, Round 22] Progress: 46% (132/286) - Loss: 0.2375
[Client 3, Round 22] Progress: 46% (134/286) - Loss: 0.2853
[Client 3, Round 22] Progress: 47% (136/286) - Loss: 0.2159
[Client 3, Round 22] Progress: 48% (138/286) - Loss: 0.4692
[Client 3, Round 22] Progress: 48% (140/286) - Loss: 0.1311
[Client 3, Round 22] Progress: 49% (142/286) - Loss: 0.1200
[Client 3, Round 22] Progress: 50% (144/286) - Loss: 0.1241
[Client 3, Round 22] Progress: 51% (146/286) - Loss: 0.3709
[Client 3, Round 22] Progress: 51% (148/286) - Loss: 0.1224
[Client 3, Round 22] Progress: 52% (150/286) - Loss: 0.1581
[Client 3, Round 22] Progress: 53% (152/286) - Loss: 0.1200
[Client 3, Round 22] Progress: 53% (154/286) - Loss: 0.1029
[Client 3, Round 22] Progress: 54% (156/286) - Loss: 0.0802
[Client 3, Round 22] Progress: 55% (158/286) - Loss: 0.1356
[Client 3, Round 22] Progress: 55% (160/286) - Loss: 0.1833
[Client 3, Round 22] Progress: 56% (162/286) - Loss: 0.1641
[Client 3, Round 22] Progress: 57% (164/286) - Loss: 0.3344
[Client 3, Round 22] Progress: 58% (166/286) - Loss: 0.1188
[Client 3, Round 22] Progress: 58% (168/286) - Loss: 0.4874
[Client 3, Round 22] Progress: 59% (170/286) - Loss: 0.0845
[Client 3, Round 22] Progress: 60% (172/286) - Loss: 0.4865
[Client 3, Round 22] Progress: 60% (174/286) - Loss: 0.1174
[Client 3, Round 22] Progress: 61% (176/286) - Loss: 0.1953
[Client 3, Round 22] Progress: 62% (178/286) - Loss: 0.0828
[Client 3, Round 22] Progress: 62% (180/286) - Loss: 0.1697
[Client 3, Round 22] Progress: 63% (182/286) - Loss: 0.1006
[Client 3, Round 22] Progress: 64% (184/286) - Loss: 0.0731
[Client 3, Round 22] Progress: 65% (186/286) - Loss: 0.1001
[Client 3, Round 22] Progress: 65% (188/286) - Loss: 0.0995
[Client 3, Round 22] Progress: 66% (190/286) - Loss: 0.1046
[Client 3, Round 22] Progress: 67% (192/286) - Loss: 0.0842
[Client 3, Round 22] Progress: 67% (194/286) - Loss: 0.2745
[Client 3, Round 22] Progress: 68% (196/286) - Loss: 0.1445
[Client 3, Round 22] Progress: 69% (198/286) - Loss: 0.2592
[Client 3, Round 22] Progress: 69% (200/286) - Loss: 0.4532
[Client 3, Round 22] Progress: 70% (202/286) - Loss: 0.1281
[Client 3, Round 22] Progress: 71% (204/286) - Loss: 0.6262
[Client 3, Round 22] Progress: 72% (206/286) - Loss: 0.3157
[Client 3, Round 22] Progress: 72% (208/286) - Loss: 0.1096
[Client 3, Round 22] Progress: 73% (210/286) - Loss: 0.1119
[Client 3, Round 22] Progress: 74% (212/286) - Loss: 0.5558
[Client 3, Round 22] Progress: 74% (214/286) - Loss: 0.0937
[Client 3, Round 22] Progress: 75% (216/286) - Loss: 0.1375
[Client 3, Round 22] Progress: 76% (218/286) - Loss: 0.1087
[Client 3, Round 22] Progress: 76% (220/286) - Loss: 0.2955
[Client 3, Round 22] Progress: 77% (222/286) - Loss: 0.4346
[Client 3, Round 22] Progress: 78% (224/286) - Loss: 0.2390
[Client 3, Round 22] Progress: 79% (226/286) - Loss: 0.1030
[Client 3, Round 22] Progress: 79% (228/286) - Loss: 0.4463
[Client 3, Round 22] Progress: 80% (230/286) - Loss: 0.1854
[Client 3, Round 22] Progress: 81% (232/286) - Loss: 0.1939
[Client 3, Round 22] Progress: 81% (234/286) - Loss: 0.1670
[Client 3, Round 22] Progress: 82% (236/286) - Loss: 0.1233
[Client 3, Round 22] Progress: 83% (238/286) - Loss: 0.2649
[Client 3, Round 22] Progress: 83% (240/286) - Loss: 0.3431
[Client 3, Round 22] Progress: 84% (242/286) - Loss: 0.2664
[Client 3, Round 22] Progress: 85% (244/286) - Loss: 0.3484
[Client 3, Round 22] Progress: 86% (246/286) - Loss: 0.1367
[Client 3, Round 22] Progress: 86% (248/286) - Loss: 0.1518
[Client 3, Round 22] Progress: 87% (250/286) - Loss: 0.4121
[Client 3, Round 22] Progress: 88% (252/286) - Loss: 0.1513
[Client 3, Round 22] Progress: 88% (254/286) - Loss: 0.1386
[Client 3, Round 22] Progress: 89% (256/286) - Loss: 0.5627
[Client 3, Round 22] Progress: 90% (258/286) - Loss: 0.1593
[Client 3, Round 22] Progress: 90% (260/286) - Loss: 0.1841
[Client 3, Round 22] Progress: 91% (262/286) - Loss: 0.6191
[Client 3, Round 22] Progress: 92% (264/286) - Loss: 0.1017
[Client 3, Round 22] Progress: 93% (266/286) - Loss: 0.1542
[Client 3, Round 22] Progress: 93% (268/286) - Loss: 0.7938
[Client 3, Round 22] Progress: 94% (270/286) - Loss: 0.1447
[Client 3, Round 22] Progress: 95% (272/286) - Loss: 0.6412
[Client 3, Round 22] Progress: 95% (274/286) - Loss: 0.0918
[Client 3, Round 22] Progress: 96% (276/286) - Loss: 0.2471
[Client 3, Round 22] Progress: 97% (278/286) - Loss: 0.1333
[Client 3, Round 22] Progress: 97% (280/286) - Loss: 0.4694
[Client 3, Round 22] Progress: 98% (282/286) - Loss: 0.1470
[Client 3, Round 22] Progress: 99% (284/286) - Loss: 0.1943
[Client 3, Round 22] Progress: 100% (286/286) - Loss: 0.4821
[Client 3, Round 22] Train Loss: 0.2220
[Client 3, Round 22] Val Loss: 0.1933 | Val Dice: 0.8233
[Client 3, Round 23] Progress: 0% (2/286) - Loss: 0.1342
[Client 3, Round 23] Progress: 1% (4/286) - Loss: 0.0866
[Client 3, Round 23] Progress: 2% (6/286) - Loss: 0.5190
[Client 3, Round 23] Progress: 2% (8/286) - Loss: 0.1044
[Client 3, Round 23] Progress: 3% (10/286) - Loss: 0.1006
[Client 3, Round 23] Progress: 4% (12/286) - Loss: 0.3285
[Client 3, Round 23] Progress: 4% (14/286) - Loss: 0.0996
[Client 3, Round 23] Progress: 5% (16/286) - Loss: 0.1037
[Client 3, Round 23] Progress: 6% (18/286) - Loss: 0.1209
[Client 3, Round 23] Progress: 6% (20/286) - Loss: 0.3672
[Client 3, Round 23] Progress: 7% (22/286) - Loss: 0.1437
[Client 3, Round 23] Progress: 8% (24/286) - Loss: 0.4817
[Client 3, Round 23] Progress: 9% (26/286) - Loss: 0.2799
[Client 3, Round 23] Progress: 9% (28/286) - Loss: 0.1155
[Client 3, Round 23] Progress: 10% (30/286) - Loss: 0.2108
[Client 3, Round 23] Progress: 11% (32/286) - Loss: 0.1750
[Client 3, Round 23] Progress: 11% (34/286) - Loss: 0.1069
[Client 3, Round 23] Progress: 12% (36/286) - Loss: 0.0819
[Client 3, Round 23] Progress: 13% (38/286) - Loss: 0.1691
[Client 3, Round 23] Progress: 13% (40/286) - Loss: 0.0700
[Client 3, Round 23] Progress: 14% (42/286) - Loss: 0.1260
[Client 3, Round 23] Progress: 15% (44/286) - Loss: 0.1480
[Client 3, Round 23] Progress: 16% (46/286) - Loss: 0.2793
[Client 3, Round 23] Progress: 16% (48/286) - Loss: 0.1044
[Client 3, Round 23] Progress: 17% (50/286) - Loss: 0.4173
[Client 3, Round 23] Progress: 18% (52/286) - Loss: 0.2612
[Client 3, Round 23] Progress: 18% (54/286) - Loss: 0.1165
[Client 3, Round 23] Progress: 19% (56/286) - Loss: 0.1619
[Client 3, Round 23] Progress: 20% (58/286) - Loss: 0.4220
[Client 3, Round 23] Progress: 20% (60/286) - Loss: 0.1608
[Client 3, Round 23] Progress: 21% (62/286) - Loss: 0.1298
[Client 3, Round 23] Progress: 22% (64/286) - Loss: 0.0878
[Client 3, Round 23] Progress: 23% (66/286) - Loss: 0.1733
[Client 3, Round 23] Progress: 23% (68/286) - Loss: 0.1380
[Client 3, Round 23] Progress: 24% (70/286) - Loss: 0.1628
[Client 3, Round 23] Progress: 25% (72/286) - Loss: 0.1279
[Client 3, Round 23] Progress: 25% (74/286) - Loss: 0.1366
[Client 3, Round 23] Progress: 26% (76/286) - Loss: 0.8891
[Client 3, Round 23] Progress: 27% (78/286) - Loss: 0.7449
[Client 3, Round 23] Progress: 27% (80/286) - Loss: 0.6618
[Client 3, Round 23] Progress: 28% (82/286) - Loss: 0.2461
[Client 3, Round 23] Progress: 29% (84/286) - Loss: 0.1094
[Client 3, Round 23] Progress: 30% (86/286) - Loss: 0.1682
[Client 3, Round 23] Progress: 30% (88/286) - Loss: 0.3719
[Client 3, Round 23] Progress: 31% (90/286) - Loss: 0.1089
[Client 3, Round 23] Progress: 32% (92/286) - Loss: 0.6089
[Client 3, Round 23] Progress: 32% (94/286) - Loss: 0.1049
[Client 3, Round 23] Progress: 33% (96/286) - Loss: 0.1014
[Client 3, Round 23] Progress: 34% (98/286) - Loss: 0.3045
[Client 3, Round 23] Progress: 34% (100/286) - Loss: 0.6581
[Client 3, Round 23] Progress: 35% (102/286) - Loss: 0.2866
[Client 3, Round 23] Progress: 36% (104/286) - Loss: 0.1303
[Client 3, Round 23] Progress: 37% (106/286) - Loss: 0.1334
[Client 3, Round 23] Progress: 37% (108/286) - Loss: 0.3671
[Client 3, Round 23] Progress: 38% (110/286) - Loss: 0.4585
[Client 3, Round 23] Progress: 39% (112/286) - Loss: 0.1400
[Client 3, Round 23] Progress: 39% (114/286) - Loss: 0.1240
[Client 3, Round 23] Progress: 40% (116/286) - Loss: 0.2304
[Client 3, Round 23] Progress: 41% (118/286) - Loss: 0.1704
[Client 3, Round 23] Progress: 41% (120/286) - Loss: 0.1977
[Client 3, Round 23] Progress: 42% (122/286) - Loss: 0.1062
[Client 3, Round 23] Progress: 43% (124/286) - Loss: 0.1345
[Client 3, Round 23] Progress: 44% (126/286) - Loss: 0.1791
[Client 3, Round 23] Progress: 44% (128/286) - Loss: 0.0634
[Client 3, Round 23] Progress: 45% (130/286) - Loss: 0.1401
[Client 3, Round 23] Progress: 46% (132/286) - Loss: 0.4516
[Client 3, Round 23] Progress: 46% (134/286) - Loss: 0.3858
[Client 3, Round 23] Progress: 47% (136/286) - Loss: 0.1237
[Client 3, Round 23] Progress: 48% (138/286) - Loss: 0.1146
[Client 3, Round 23] Progress: 48% (140/286) - Loss: 0.1621
[Client 3, Round 23] Progress: 49% (142/286) - Loss: 0.1589
[Client 3, Round 23] Progress: 50% (144/286) - Loss: 0.0785
[Client 3, Round 23] Progress: 51% (146/286) - Loss: 0.0659
[Client 3, Round 23] Progress: 51% (148/286) - Loss: 0.2768
[Client 3, Round 23] Progress: 52% (150/286) - Loss: 0.0715
[Client 3, Round 23] Progress: 53% (152/286) - Loss: 0.1251
[Client 3, Round 23] Progress: 53% (154/286) - Loss: 0.0807
[Client 3, Round 23] Progress: 54% (156/286) - Loss: 0.2650
[Client 3, Round 23] Progress: 55% (158/286) - Loss: 0.1209
[Client 3, Round 23] Progress: 55% (160/286) - Loss: 0.1252
[Client 3, Round 23] Progress: 56% (162/286) - Loss: 0.5887
[Client 3, Round 23] Progress: 57% (164/286) - Loss: 0.1244
[Client 3, Round 23] Progress: 58% (166/286) - Loss: 0.5981
[Client 3, Round 23] Progress: 58% (168/286) - Loss: 0.6801
[Client 3, Round 23] Progress: 59% (170/286) - Loss: 0.0766
[Client 3, Round 23] Progress: 60% (172/286) - Loss: 0.1175
[Client 3, Round 23] Progress: 60% (174/286) - Loss: 0.4231
[Client 3, Round 23] Progress: 61% (176/286) - Loss: 0.2481
[Client 3, Round 23] Progress: 62% (178/286) - Loss: 0.1084
[Client 3, Round 23] Progress: 62% (180/286) - Loss: 0.1535
[Client 3, Round 23] Progress: 63% (182/286) - Loss: 0.1703
[Client 3, Round 23] Progress: 64% (184/286) - Loss: 0.1972
[Client 3, Round 23] Progress: 65% (186/286) - Loss: 0.5473
[Client 3, Round 23] Progress: 65% (188/286) - Loss: 0.5496
[Client 3, Round 23] Progress: 66% (190/286) - Loss: 0.2553
[Client 3, Round 23] Progress: 67% (192/286) - Loss: 0.6880
[Client 3, Round 23] Progress: 67% (194/286) - Loss: 0.1609
[Client 3, Round 23] Progress: 68% (196/286) - Loss: 0.2007
[Client 3, Round 23] Progress: 69% (198/286) - Loss: 0.4491
[Client 3, Round 23] Progress: 69% (200/286) - Loss: 0.4746
[Client 3, Round 23] Progress: 70% (202/286) - Loss: 0.2466
[Client 3, Round 23] Progress: 71% (204/286) - Loss: 0.4506
[Client 3, Round 23] Progress: 72% (206/286) - Loss: 0.1292
[Client 3, Round 23] Progress: 72% (208/286) - Loss: 0.4010
[Client 3, Round 23] Progress: 73% (210/286) - Loss: 0.4919
[Client 3, Round 23] Progress: 74% (212/286) - Loss: 0.1057
[Client 3, Round 23] Progress: 74% (214/286) - Loss: 0.1272
[Client 3, Round 23] Progress: 75% (216/286) - Loss: 0.1276
[Client 3, Round 23] Progress: 76% (218/286) - Loss: 0.1778
[Client 3, Round 23] Progress: 76% (220/286) - Loss: 0.1556
[Client 3, Round 23] Progress: 77% (222/286) - Loss: 0.1687
[Client 3, Round 23] Progress: 78% (224/286) - Loss: 0.1034
[Client 3, Round 23] Progress: 79% (226/286) - Loss: 0.4491
[Client 3, Round 23] Progress: 79% (228/286) - Loss: 0.3775
[Client 3, Round 23] Progress: 80% (230/286) - Loss: 0.5420
[Client 3, Round 23] Progress: 81% (232/286) - Loss: 0.1579
[Client 3, Round 23] Progress: 81% (234/286) - Loss: 0.1689
[Client 3, Round 23] Progress: 82% (236/286) - Loss: 0.1472
[Client 3, Round 23] Progress: 83% (238/286) - Loss: 0.1168
[Client 3, Round 23] Progress: 83% (240/286) - Loss: 0.1245
[Client 3, Round 23] Progress: 84% (242/286) - Loss: 0.1363
[Client 3, Round 23] Progress: 85% (244/286) - Loss: 0.1653
[Client 3, Round 23] Progress: 86% (246/286) - Loss: 0.0881
[Client 3, Round 23] Progress: 86% (248/286) - Loss: 0.5099
[Client 3, Round 23] Progress: 87% (250/286) - Loss: 0.6348
[Client 3, Round 23] Progress: 88% (252/286) - Loss: 0.2699
[Client 3, Round 23] Progress: 88% (254/286) - Loss: 0.2765
[Client 3, Round 23] Progress: 89% (256/286) - Loss: 0.3853
[Client 3, Round 23] Progress: 90% (258/286) - Loss: 0.1219
[Client 3, Round 23] Progress: 90% (260/286) - Loss: 0.1159
[Client 3, Round 23] Progress: 91% (262/286) - Loss: 0.3436
[Client 3, Round 23] Progress: 92% (264/286) - Loss: 0.4591
[Client 3, Round 23] Progress: 93% (266/286) - Loss: 0.2203
[Client 3, Round 23] Progress: 93% (268/286) - Loss: 0.1720
[Client 3, Round 23] Progress: 94% (270/286) - Loss: 0.4302
[Client 3, Round 23] Progress: 95% (272/286) - Loss: 0.5329
[Client 3, Round 23] Progress: 95% (274/286) - Loss: 0.2454
[Client 3, Round 23] Progress: 96% (276/286) - Loss: 0.0710
[Client 3, Round 23] Progress: 97% (278/286) - Loss: 0.2522
[Client 3, Round 23] Progress: 97% (280/286) - Loss: 0.0718
[Client 3, Round 23] Progress: 98% (282/286) - Loss: 0.2147
[Client 3, Round 23] Progress: 99% (284/286) - Loss: 0.1583
[Client 3, Round 23] Progress: 100% (286/286) - Loss: 0.1970
[Client 3, Round 23] Train Loss: 0.2214
[Client 3, Round 23] Val Loss: 0.1842 | Val Dice: 0.8333
[Client 3, Round 24] Progress: 0% (2/286) - Loss: 0.1760
[Client 3, Round 24] Progress: 1% (4/286) - Loss: 0.2159
[Client 3, Round 24] Progress: 2% (6/286) - Loss: 0.1530
[Client 3, Round 24] Progress: 2% (8/286) - Loss: 0.6124
[Client 3, Round 24] Progress: 3% (10/286) - Loss: 0.0907
[Client 3, Round 24] Progress: 4% (12/286) - Loss: 0.0658
[Client 3, Round 24] Progress: 4% (14/286) - Loss: 0.2238
[Client 3, Round 24] Progress: 5% (16/286) - Loss: 0.2528
[Client 3, Round 24] Progress: 6% (18/286) - Loss: 0.3093
[Client 3, Round 24] Progress: 6% (20/286) - Loss: 0.4397
[Client 3, Round 24] Progress: 7% (22/286) - Loss: 0.4589
[Client 3, Round 24] Progress: 8% (24/286) - Loss: 0.1473
[Client 3, Round 24] Progress: 9% (26/286) - Loss: 0.1179
[Client 3, Round 24] Progress: 9% (28/286) - Loss: 0.2244
[Client 3, Round 24] Progress: 10% (30/286) - Loss: 0.1053
[Client 3, Round 24] Progress: 11% (32/286) - Loss: 0.1404
[Client 3, Round 24] Progress: 11% (34/286) - Loss: 0.1319
[Client 3, Round 24] Progress: 12% (36/286) - Loss: 0.1152
[Client 3, Round 24] Progress: 13% (38/286) - Loss: 0.1075
[Client 3, Round 24] Progress: 13% (40/286) - Loss: 0.1543
[Client 3, Round 24] Progress: 14% (42/286) - Loss: 0.1755
[Client 3, Round 24] Progress: 15% (44/286) - Loss: 0.0844
[Client 3, Round 24] Progress: 16% (46/286) - Loss: 0.3778
[Client 3, Round 24] Progress: 16% (48/286) - Loss: 0.3117
[Client 3, Round 24] Progress: 17% (50/286) - Loss: 0.1439
[Client 3, Round 24] Progress: 18% (52/286) - Loss: 0.0535
[Client 3, Round 24] Progress: 18% (54/286) - Loss: 0.1235
[Client 3, Round 24] Progress: 19% (56/286) - Loss: 0.5857
[Client 3, Round 24] Progress: 20% (58/286) - Loss: 0.0957
[Client 3, Round 24] Progress: 20% (60/286) - Loss: 0.1047
[Client 3, Round 24] Progress: 21% (62/286) - Loss: 0.2682
[Client 3, Round 24] Progress: 22% (64/286) - Loss: 0.1945
[Client 3, Round 24] Progress: 23% (66/286) - Loss: 0.1190
[Client 3, Round 24] Progress: 23% (68/286) - Loss: 0.1425
[Client 3, Round 24] Progress: 24% (70/286) - Loss: 0.2749
[Client 3, Round 24] Progress: 25% (72/286) - Loss: 0.1651
[Client 3, Round 24] Progress: 25% (74/286) - Loss: 0.4442
[Client 3, Round 24] Progress: 26% (76/286) - Loss: 0.1803
[Client 3, Round 24] Progress: 27% (78/286) - Loss: 0.1368
[Client 3, Round 24] Progress: 27% (80/286) - Loss: 0.1563
[Client 3, Round 24] Progress: 28% (82/286) - Loss: 0.0807
[Client 3, Round 24] Progress: 29% (84/286) - Loss: 0.0992
[Client 3, Round 24] Progress: 30% (86/286) - Loss: 0.1496
[Client 3, Round 24] Progress: 30% (88/286) - Loss: 0.2984
[Client 3, Round 24] Progress: 31% (90/286) - Loss: 0.0965
[Client 3, Round 24] Progress: 32% (92/286) - Loss: 0.0947
[Client 3, Round 24] Progress: 32% (94/286) - Loss: 0.1425
[Client 3, Round 24] Progress: 33% (96/286) - Loss: 0.1773
[Client 3, Round 24] Progress: 34% (98/286) - Loss: 0.0591
[Client 3, Round 24] Progress: 34% (100/286) - Loss: 0.1785
[Client 3, Round 24] Progress: 35% (102/286) - Loss: 0.1424
[Client 3, Round 24] Progress: 36% (104/286) - Loss: 0.1216
[Client 3, Round 24] Progress: 37% (106/286) - Loss: 0.1026
[Client 3, Round 24] Progress: 37% (108/286) - Loss: 0.2394
[Client 3, Round 24] Progress: 38% (110/286) - Loss: 0.1392
[Client 3, Round 24] Progress: 39% (112/286) - Loss: 0.1427
[Client 3, Round 24] Progress: 39% (114/286) - Loss: 0.1536
[Client 3, Round 24] Progress: 40% (116/286) - Loss: 0.4482
[Client 3, Round 24] Progress: 41% (118/286) - Loss: 0.4951
[Client 3, Round 24] Progress: 41% (120/286) - Loss: 0.3649
[Client 3, Round 24] Progress: 42% (122/286) - Loss: 0.1044
[Client 3, Round 24] Progress: 43% (124/286) - Loss: 0.1431
[Client 3, Round 24] Progress: 44% (126/286) - Loss: 0.1425
[Client 3, Round 24] Progress: 44% (128/286) - Loss: 0.0761
[Client 3, Round 24] Progress: 45% (130/286) - Loss: 0.1341
[Client 3, Round 24] Progress: 46% (132/286) - Loss: 0.1217
[Client 3, Round 24] Progress: 46% (134/286) - Loss: 0.1523
[Client 3, Round 24] Progress: 47% (136/286) - Loss: 0.2276
[Client 3, Round 24] Progress: 48% (138/286) - Loss: 0.4223
[Client 3, Round 24] Progress: 48% (140/286) - Loss: 0.2228
[Client 3, Round 24] Progress: 49% (142/286) - Loss: 0.1486
[Client 3, Round 24] Progress: 50% (144/286) - Loss: 0.5757
[Client 3, Round 24] Progress: 51% (146/286) - Loss: 0.2305
[Client 3, Round 24] Progress: 51% (148/286) - Loss: 0.1586
[Client 3, Round 24] Progress: 52% (150/286) - Loss: 0.1187
[Client 3, Round 24] Progress: 53% (152/286) - Loss: 0.1838
[Client 3, Round 24] Progress: 53% (154/286) - Loss: 0.1952
[Client 3, Round 24] Progress: 54% (156/286) - Loss: 0.1371
[Client 3, Round 24] Progress: 55% (158/286) - Loss: 0.1164
[Client 3, Round 24] Progress: 55% (160/286) - Loss: 0.0934
[Client 3, Round 24] Progress: 56% (162/286) - Loss: 0.1298
[Client 3, Round 24] Progress: 57% (164/286) - Loss: 0.0811
[Client 3, Round 24] Progress: 58% (166/286) - Loss: 0.1023
[Client 3, Round 24] Progress: 58% (168/286) - Loss: 0.1937
[Client 3, Round 24] Progress: 59% (170/286) - Loss: 0.2571
[Client 3, Round 24] Progress: 60% (172/286) - Loss: 0.4069
[Client 3, Round 24] Progress: 60% (174/286) - Loss: 0.4420
[Client 3, Round 24] Progress: 61% (176/286) - Loss: 0.2568
[Client 3, Round 24] Progress: 62% (178/286) - Loss: 0.1470
[Client 3, Round 24] Progress: 62% (180/286) - Loss: 0.0941
[Client 3, Round 24] Progress: 63% (182/286) - Loss: 0.6739
[Client 3, Round 24] Progress: 64% (184/286) - Loss: 0.2184
[Client 3, Round 24] Progress: 65% (186/286) - Loss: 0.0845
[Client 3, Round 24] Progress: 65% (188/286) - Loss: 0.1177
[Client 3, Round 24] Progress: 66% (190/286) - Loss: 0.0836
[Client 3, Round 24] Progress: 67% (192/286) - Loss: 0.0873
[Client 3, Round 24] Progress: 67% (194/286) - Loss: 0.4179
[Client 3, Round 24] Progress: 68% (196/286) - Loss: 0.1699
[Client 3, Round 24] Progress: 69% (198/286) - Loss: 0.6788
[Client 3, Round 24] Progress: 69% (200/286) - Loss: 0.0695
[Client 3, Round 24] Progress: 70% (202/286) - Loss: 0.1301
[Client 3, Round 24] Progress: 71% (204/286) - Loss: 0.5876
[Client 3, Round 24] Progress: 72% (206/286) - Loss: 0.1684
[Client 3, Round 24] Progress: 72% (208/286) - Loss: 0.1040
[Client 3, Round 24] Progress: 73% (210/286) - Loss: 0.1703
[Client 3, Round 24] Progress: 74% (212/286) - Loss: 0.1632
[Client 3, Round 24] Progress: 74% (214/286) - Loss: 0.1938
[Client 3, Round 24] Progress: 75% (216/286) - Loss: 0.2718
[Client 3, Round 24] Progress: 76% (218/286) - Loss: 0.1654
[Client 3, Round 24] Progress: 76% (220/286) - Loss: 0.1662
[Client 3, Round 24] Progress: 77% (222/286) - Loss: 0.1706
[Client 3, Round 24] Progress: 78% (224/286) - Loss: 0.0883
[Client 3, Round 24] Progress: 79% (226/286) - Loss: 0.1906
[Client 3, Round 24] Progress: 79% (228/286) - Loss: 0.5015
[Client 3, Round 24] Progress: 80% (230/286) - Loss: 0.1021
[Client 3, Round 24] Progress: 81% (232/286) - Loss: 0.1605
[Client 3, Round 24] Progress: 81% (234/286) - Loss: 0.1648
[Client 3, Round 24] Progress: 82% (236/286) - Loss: 0.1262
[Client 3, Round 24] Progress: 83% (238/286) - Loss: 0.4385
[Client 3, Round 24] Progress: 83% (240/286) - Loss: 0.1417
[Client 3, Round 24] Progress: 84% (242/286) - Loss: 0.6145
[Client 3, Round 24] Progress: 85% (244/286) - Loss: 0.5041
[Client 3, Round 24] Progress: 86% (246/286) - Loss: 0.1463
[Client 3, Round 24] Progress: 86% (248/286) - Loss: 0.1268
[Client 3, Round 24] Progress: 87% (250/286) - Loss: 0.0756
[Client 3, Round 24] Progress: 88% (252/286) - Loss: 0.4783
[Client 3, Round 24] Progress: 88% (254/286) - Loss: 0.1668
[Client 3, Round 24] Progress: 89% (256/286) - Loss: 0.0807
[Client 3, Round 24] Progress: 90% (258/286) - Loss: 0.5141
[Client 3, Round 24] Progress: 90% (260/286) - Loss: 0.4857
[Client 3, Round 24] Progress: 91% (262/286) - Loss: 0.5618
[Client 3, Round 24] Progress: 92% (264/286) - Loss: 0.6666
[Client 3, Round 24] Progress: 93% (266/286) - Loss: 0.2310
[Client 3, Round 24] Progress: 93% (268/286) - Loss: 0.3706
[Client 3, Round 24] Progress: 94% (270/286) - Loss: 0.1400
[Client 3, Round 24] Progress: 95% (272/286) - Loss: 0.1396
[Client 3, Round 24] Progress: 95% (274/286) - Loss: 0.0992
[Client 3, Round 24] Progress: 96% (276/286) - Loss: 0.1545
[Client 3, Round 24] Progress: 97% (278/286) - Loss: 0.1131
[Client 3, Round 24] Progress: 97% (280/286) - Loss: 0.0813
[Client 3, Round 24] Progress: 98% (282/286) - Loss: 0.1634
[Client 3, Round 24] Progress: 99% (284/286) - Loss: 0.0677
[Client 3, Round 24] Progress: 100% (286/286) - Loss: 0.1942
[Client 3, Round 24] Train Loss: 0.2161
[Client 3, Round 24] Val Loss: 0.1879 | Val Dice: 0.8285
[Client 3, Round 25] Progress: 0% (2/286) - Loss: 0.5150
[Client 3, Round 25] Progress: 1% (4/286) - Loss: 0.1004
[Client 3, Round 25] Progress: 2% (6/286) - Loss: 0.0911
[Client 3, Round 25] Progress: 2% (8/286) - Loss: 0.4380
[Client 3, Round 25] Progress: 3% (10/286) - Loss: 0.1580
[Client 3, Round 25] Progress: 4% (12/286) - Loss: 0.1416
[Client 3, Round 25] Progress: 4% (14/286) - Loss: 0.1483
[Client 3, Round 25] Progress: 5% (16/286) - Loss: 0.4408
[Client 3, Round 25] Progress: 6% (18/286) - Loss: 0.3618
[Client 3, Round 25] Progress: 6% (20/286) - Loss: 0.2126
[Client 3, Round 25] Progress: 7% (22/286) - Loss: 0.1682
[Client 3, Round 25] Progress: 8% (24/286) - Loss: 0.2187
[Client 3, Round 25] Progress: 9% (26/286) - Loss: 0.5968
[Client 3, Round 25] Progress: 9% (28/286) - Loss: 0.4634
[Client 3, Round 25] Progress: 10% (30/286) - Loss: 0.2534
[Client 3, Round 25] Progress: 11% (32/286) - Loss: 0.1651
[Client 3, Round 25] Progress: 11% (34/286) - Loss: 0.2848
[Client 3, Round 25] Progress: 12% (36/286) - Loss: 0.1395
[Client 3, Round 25] Progress: 13% (38/286) - Loss: 0.0857
[Client 3, Round 25] Progress: 13% (40/286) - Loss: 0.4781
[Client 3, Round 25] Progress: 14% (42/286) - Loss: 0.0937
[Client 3, Round 25] Progress: 15% (44/286) - Loss: 0.1292
[Client 3, Round 25] Progress: 16% (46/286) - Loss: 0.1046
[Client 3, Round 25] Progress: 16% (48/286) - Loss: 0.1372
[Client 3, Round 25] Progress: 17% (50/286) - Loss: 0.1518
[Client 3, Round 25] Progress: 18% (52/286) - Loss: 0.1221
[Client 3, Round 25] Progress: 18% (54/286) - Loss: 0.4249
[Client 3, Round 25] Progress: 19% (56/286) - Loss: 0.0939
[Client 3, Round 25] Progress: 20% (58/286) - Loss: 0.1847
[Client 3, Round 25] Progress: 20% (60/286) - Loss: 0.1252
[Client 3, Round 25] Progress: 21% (62/286) - Loss: 0.4309
[Client 3, Round 25] Progress: 22% (64/286) - Loss: 0.2066
[Client 3, Round 25] Progress: 23% (66/286) - Loss: 0.2597
[Client 3, Round 25] Progress: 23% (68/286) - Loss: 0.1437
[Client 3, Round 25] Progress: 24% (70/286) - Loss: 0.1821
[Client 3, Round 25] Progress: 25% (72/286) - Loss: 0.1191
[Client 3, Round 25] Progress: 25% (74/286) - Loss: 0.1926
[Client 3, Round 25] Progress: 26% (76/286) - Loss: 0.1806
[Client 3, Round 25] Progress: 27% (78/286) - Loss: 0.1261
[Client 3, Round 25] Progress: 27% (80/286) - Loss: 0.6789
[Client 3, Round 25] Progress: 28% (82/286) - Loss: 0.1943
[Client 3, Round 25] Progress: 29% (84/286) - Loss: 0.6922
[Client 3, Round 25] Progress: 30% (86/286) - Loss: 0.0974
[Client 3, Round 25] Progress: 30% (88/286) - Loss: 0.1311
[Client 3, Round 25] Progress: 31% (90/286) - Loss: 0.1490
[Client 3, Round 25] Progress: 32% (92/286) - Loss: 0.2690
[Client 3, Round 25] Progress: 32% (94/286) - Loss: 0.3048
[Client 3, Round 25] Progress: 33% (96/286) - Loss: 0.9582
[Client 3, Round 25] Progress: 34% (98/286) - Loss: 0.2049
[Client 3, Round 25] Progress: 34% (100/286) - Loss: 0.1182
[Client 3, Round 25] Progress: 35% (102/286) - Loss: 0.1275
[Client 3, Round 25] Progress: 36% (104/286) - Loss: 0.0987
[Client 3, Round 25] Progress: 37% (106/286) - Loss: 0.1631
[Client 3, Round 25] Progress: 37% (108/286) - Loss: 0.6873
[Client 3, Round 25] Progress: 38% (110/286) - Loss: 0.1188
[Client 3, Round 25] Progress: 39% (112/286) - Loss: 0.3559
[Client 3, Round 25] Progress: 39% (114/286) - Loss: 0.0837
[Client 3, Round 25] Progress: 40% (116/286) - Loss: 0.1424
[Client 3, Round 25] Progress: 41% (118/286) - Loss: 0.1065
[Client 3, Round 25] Progress: 41% (120/286) - Loss: 0.2781
[Client 3, Round 25] Progress: 42% (122/286) - Loss: 0.1158
[Client 3, Round 25] Progress: 43% (124/286) - Loss: 0.3817
[Client 3, Round 25] Progress: 44% (126/286) - Loss: 0.2855
[Client 3, Round 25] Progress: 44% (128/286) - Loss: 0.1271
[Client 3, Round 25] Progress: 45% (130/286) - Loss: 0.0514
[Client 3, Round 25] Progress: 46% (132/286) - Loss: 0.0726
[Client 3, Round 25] Progress: 46% (134/286) - Loss: 0.0804
[Client 3, Round 25] Progress: 47% (136/286) - Loss: 0.1259
[Client 3, Round 25] Progress: 48% (138/286) - Loss: 0.1570
[Client 3, Round 25] Progress: 48% (140/286) - Loss: 0.1894
[Client 3, Round 25] Progress: 49% (142/286) - Loss: 0.1397
[Client 3, Round 25] Progress: 50% (144/286) - Loss: 0.1178
[Client 3, Round 25] Progress: 51% (146/286) - Loss: 0.1601
[Client 3, Round 25] Progress: 51% (148/286) - Loss: 0.1369
[Client 3, Round 25] Progress: 52% (150/286) - Loss: 0.0663
[Client 3, Round 25] Progress: 53% (152/286) - Loss: 0.2811
[Client 3, Round 25] Progress: 53% (154/286) - Loss: 0.1109
[Client 3, Round 25] Progress: 54% (156/286) - Loss: 0.4412
[Client 3, Round 25] Progress: 55% (158/286) - Loss: 0.1483
[Client 3, Round 25] Progress: 55% (160/286) - Loss: 0.1870
[Client 3, Round 25] Progress: 56% (162/286) - Loss: 0.0768
[Client 3, Round 25] Progress: 57% (164/286) - Loss: 0.1907
[Client 3, Round 25] Progress: 58% (166/286) - Loss: 0.1779
[Client 3, Round 25] Progress: 58% (168/286) - Loss: 0.1414
[Client 3, Round 25] Progress: 59% (170/286) - Loss: 0.0989
[Client 3, Round 25] Progress: 60% (172/286) - Loss: 0.1927
[Client 3, Round 25] Progress: 60% (174/286) - Loss: 0.3269
[Client 3, Round 25] Progress: 61% (176/286) - Loss: 0.4646
[Client 3, Round 25] Progress: 62% (178/286) - Loss: 0.1047
[Client 3, Round 25] Progress: 62% (180/286) - Loss: 0.3495
[Client 3, Round 25] Progress: 63% (182/286) - Loss: 0.0831
[Client 3, Round 25] Progress: 64% (184/286) - Loss: 0.1349
[Client 3, Round 25] Progress: 65% (186/286) - Loss: 0.1444
[Client 3, Round 25] Progress: 65% (188/286) - Loss: 0.0938
[Client 3, Round 25] Progress: 66% (190/286) - Loss: 0.0925
[Client 3, Round 25] Progress: 67% (192/286) - Loss: 0.0711
[Client 3, Round 25] Progress: 67% (194/286) - Loss: 0.2982
[Client 3, Round 25] Progress: 68% (196/286) - Loss: 0.2109
[Client 3, Round 25] Progress: 69% (198/286) - Loss: 0.1135
[Client 3, Round 25] Progress: 69% (200/286) - Loss: 0.1126
[Client 3, Round 25] Progress: 70% (202/286) - Loss: 0.2867
[Client 3, Round 25] Progress: 71% (204/286) - Loss: 0.0695
[Client 3, Round 25] Progress: 72% (206/286) - Loss: 0.2558
[Client 3, Round 25] Progress: 72% (208/286) - Loss: 0.1291
[Client 3, Round 25] Progress: 73% (210/286) - Loss: 0.1227
[Client 3, Round 25] Progress: 74% (212/286) - Loss: 0.1402
[Client 3, Round 25] Progress: 74% (214/286) - Loss: 0.1182
[Client 3, Round 25] Progress: 75% (216/286) - Loss: 0.1201
[Client 3, Round 25] Progress: 76% (218/286) - Loss: 0.1843
[Client 3, Round 25] Progress: 76% (220/286) - Loss: 0.0749
[Client 3, Round 25] Progress: 77% (222/286) - Loss: 0.1032
[Client 3, Round 25] Progress: 78% (224/286) - Loss: 0.2142
[Client 3, Round 25] Progress: 79% (226/286) - Loss: 0.8072
[Client 3, Round 25] Progress: 79% (228/286) - Loss: 0.7517
[Client 3, Round 25] Progress: 80% (230/286) - Loss: 0.1205
[Client 3, Round 25] Progress: 81% (232/286) - Loss: 0.1210
[Client 3, Round 25] Progress: 81% (234/286) - Loss: 0.4420
[Client 3, Round 25] Progress: 82% (236/286) - Loss: 0.2022
[Client 3, Round 25] Progress: 83% (238/286) - Loss: 0.2307
[Client 3, Round 25] Progress: 83% (240/286) - Loss: 0.0907
[Client 3, Round 25] Progress: 84% (242/286) - Loss: 0.1422
[Client 3, Round 25] Progress: 85% (244/286) - Loss: 0.3505
[Client 3, Round 25] Progress: 86% (246/286) - Loss: 0.1634
[Client 3, Round 25] Progress: 86% (248/286) - Loss: 0.1061
[Client 3, Round 25] Progress: 87% (250/286) - Loss: 0.1253
[Client 3, Round 25] Progress: 88% (252/286) - Loss: 0.0683
[Client 3, Round 25] Progress: 88% (254/286) - Loss: 0.1889
[Client 3, Round 25] Progress: 89% (256/286) - Loss: 0.1382
[Client 3, Round 25] Progress: 90% (258/286) - Loss: 0.0629
[Client 3, Round 25] Progress: 90% (260/286) - Loss: 0.1643
[Client 3, Round 25] Progress: 91% (262/286) - Loss: 0.0991
[Client 3, Round 25] Progress: 92% (264/286) - Loss: 0.1229
[Client 3, Round 25] Progress: 93% (266/286) - Loss: 0.1994
[Client 3, Round 25] Progress: 93% (268/286) - Loss: 0.2360
[Client 3, Round 25] Progress: 94% (270/286) - Loss: 0.1114
[Client 3, Round 25] Progress: 95% (272/286) - Loss: 0.1274
[Client 3, Round 25] Progress: 95% (274/286) - Loss: 0.6143
[Client 3, Round 25] Progress: 96% (276/286) - Loss: 0.1227
[Client 3, Round 25] Progress: 97% (278/286) - Loss: 0.2396
[Client 3, Round 25] Progress: 97% (280/286) - Loss: 0.1595
[Client 3, Round 25] Progress: 98% (282/286) - Loss: 0.0902
[Client 3, Round 25] Progress: 99% (284/286) - Loss: 0.1286
[Client 3, Round 25] Progress: 100% (286/286) - Loss: 0.2052
[Client 3, Round 25] Train Loss: 0.2159
[Client 3, Round 25] Val Loss: 0.1916 | Val Dice: 0.8272
[Client 3, Round 26] Progress: 0% (2/286) - Loss: 0.2068
[Client 3, Round 26] Progress: 1% (4/286) - Loss: 0.2355
[Client 3, Round 26] Progress: 2% (6/286) - Loss: 0.0896
[Client 3, Round 26] Progress: 2% (8/286) - Loss: 0.1060
[Client 3, Round 26] Progress: 3% (10/286) - Loss: 0.1284
[Client 3, Round 26] Progress: 4% (12/286) - Loss: 0.1416
[Client 3, Round 26] Progress: 4% (14/286) - Loss: 0.0926
[Client 3, Round 26] Progress: 5% (16/286) - Loss: 0.2441
[Client 3, Round 26] Progress: 6% (18/286) - Loss: 0.1718
[Client 3, Round 26] Progress: 6% (20/286) - Loss: 0.1066
[Client 3, Round 26] Progress: 7% (22/286) - Loss: 0.4794
[Client 3, Round 26] Progress: 8% (24/286) - Loss: 0.6993
[Client 3, Round 26] Progress: 9% (26/286) - Loss: 0.1087
[Client 3, Round 26] Progress: 9% (28/286) - Loss: 0.2191
[Client 3, Round 26] Progress: 10% (30/286) - Loss: 0.1756
[Client 3, Round 26] Progress: 11% (32/286) - Loss: 0.4762
[Client 3, Round 26] Progress: 11% (34/286) - Loss: 0.1355
[Client 3, Round 26] Progress: 12% (36/286) - Loss: 0.1149
[Client 3, Round 26] Progress: 13% (38/286) - Loss: 0.1800
[Client 3, Round 26] Progress: 13% (40/286) - Loss: 0.0790
[Client 3, Round 26] Progress: 14% (42/286) - Loss: 0.1558
[Client 3, Round 26] Progress: 15% (44/286) - Loss: 0.0643
[Client 3, Round 26] Progress: 16% (46/286) - Loss: 0.2210
[Client 3, Round 26] Progress: 16% (48/286) - Loss: 0.1092
[Client 3, Round 26] Progress: 17% (50/286) - Loss: 0.1884
[Client 3, Round 26] Progress: 18% (52/286) - Loss: 0.1591
[Client 3, Round 26] Progress: 18% (54/286) - Loss: 0.2812
[Client 3, Round 26] Progress: 19% (56/286) - Loss: 0.5847
[Client 3, Round 26] Progress: 20% (58/286) - Loss: 0.1275
[Client 3, Round 26] Progress: 20% (60/286) - Loss: 0.0849
[Client 3, Round 26] Progress: 21% (62/286) - Loss: 0.2187
[Client 3, Round 26] Progress: 22% (64/286) - Loss: 0.1819
[Client 3, Round 26] Progress: 23% (66/286) - Loss: 0.1263
[Client 3, Round 26] Progress: 23% (68/286) - Loss: 0.4155
[Client 3, Round 26] Progress: 24% (70/286) - Loss: 0.0909
[Client 3, Round 26] Progress: 25% (72/286) - Loss: 0.1147
[Client 3, Round 26] Progress: 25% (74/286) - Loss: 0.1068
[Client 3, Round 26] Progress: 26% (76/286) - Loss: 0.3812
[Client 3, Round 26] Progress: 27% (78/286) - Loss: 0.4923
[Client 3, Round 26] Progress: 27% (80/286) - Loss: 0.0475
[Client 3, Round 26] Progress: 28% (82/286) - Loss: 0.2068
[Client 3, Round 26] Progress: 29% (84/286) - Loss: 0.1682
[Client 3, Round 26] Progress: 30% (86/286) - Loss: 0.2096
[Client 3, Round 26] Progress: 30% (88/286) - Loss: 0.1333
[Client 3, Round 26] Progress: 31% (90/286) - Loss: 0.1772
[Client 3, Round 26] Progress: 32% (92/286) - Loss: 0.0858
[Client 3, Round 26] Progress: 32% (94/286) - Loss: 0.1501
[Client 3, Round 26] Progress: 33% (96/286) - Loss: 0.1635
[Client 3, Round 26] Progress: 34% (98/286) - Loss: 0.0995
[Client 3, Round 26] Progress: 34% (100/286) - Loss: 0.4829
[Client 3, Round 26] Progress: 35% (102/286) - Loss: 0.0900
[Client 3, Round 26] Progress: 36% (104/286) - Loss: 0.1190
[Client 3, Round 26] Progress: 37% (106/286) - Loss: 0.1142
[Client 3, Round 26] Progress: 37% (108/286) - Loss: 0.5034
[Client 3, Round 26] Progress: 38% (110/286) - Loss: 0.0703
[Client 3, Round 26] Progress: 39% (112/286) - Loss: 0.1281
[Client 3, Round 26] Progress: 39% (114/286) - Loss: 0.1336
[Client 3, Round 26] Progress: 40% (116/286) - Loss: 0.1594
[Client 3, Round 26] Progress: 41% (118/286) - Loss: 0.1184
[Client 3, Round 26] Progress: 41% (120/286) - Loss: 0.1645
[Client 3, Round 26] Progress: 42% (122/286) - Loss: 0.0510
[Client 3, Round 26] Progress: 43% (124/286) - Loss: 0.0672
[Client 3, Round 26] Progress: 44% (126/286) - Loss: 0.1141
[Client 3, Round 26] Progress: 44% (128/286) - Loss: 0.3297
[Client 3, Round 26] Progress: 45% (130/286) - Loss: 0.5310
[Client 3, Round 26] Progress: 46% (132/286) - Loss: 0.2187
[Client 3, Round 26] Progress: 46% (134/286) - Loss: 0.1417
[Client 3, Round 26] Progress: 47% (136/286) - Loss: 0.1626
[Client 3, Round 26] Progress: 48% (138/286) - Loss: 0.1266
[Client 3, Round 26] Progress: 48% (140/286) - Loss: 0.4463
[Client 3, Round 26] Progress: 49% (142/286) - Loss: 0.3628
[Client 3, Round 26] Progress: 50% (144/286) - Loss: 0.6039
[Client 3, Round 26] Progress: 51% (146/286) - Loss: 0.2771
[Client 3, Round 26] Progress: 51% (148/286) - Loss: 0.5539
[Client 3, Round 26] Progress: 52% (150/286) - Loss: 0.0734
[Client 3, Round 26] Progress: 53% (152/286) - Loss: 0.1607
[Client 3, Round 26] Progress: 53% (154/286) - Loss: 0.1371
[Client 3, Round 26] Progress: 54% (156/286) - Loss: 0.1073
[Client 3, Round 26] Progress: 55% (158/286) - Loss: 0.1419
[Client 3, Round 26] Progress: 55% (160/286) - Loss: 0.3069
[Client 3, Round 26] Progress: 56% (162/286) - Loss: 0.5238
[Client 3, Round 26] Progress: 57% (164/286) - Loss: 0.1996
[Client 3, Round 26] Progress: 58% (166/286) - Loss: 0.1311
[Client 3, Round 26] Progress: 58% (168/286) - Loss: 0.1711
[Client 3, Round 26] Progress: 59% (170/286) - Loss: 0.5269
[Client 3, Round 26] Progress: 60% (172/286) - Loss: 0.1232
[Client 3, Round 26] Progress: 60% (174/286) - Loss: 0.1233
[Client 3, Round 26] Progress: 61% (176/286) - Loss: 0.4163
[Client 3, Round 26] Progress: 62% (178/286) - Loss: 0.3651
[Client 3, Round 26] Progress: 62% (180/286) - Loss: 0.1824
[Client 3, Round 26] Progress: 63% (182/286) - Loss: 0.1992
[Client 3, Round 26] Progress: 64% (184/286) - Loss: 0.1629
[Client 3, Round 26] Progress: 65% (186/286) - Loss: 0.3090
[Client 3, Round 26] Progress: 65% (188/286) - Loss: 0.2106
[Client 3, Round 26] Progress: 66% (190/286) - Loss: 0.6889
[Client 3, Round 26] Progress: 67% (192/286) - Loss: 0.4465
[Client 3, Round 26] Progress: 67% (194/286) - Loss: 0.1406
[Client 3, Round 26] Progress: 68% (196/286) - Loss: 0.1540
[Client 3, Round 26] Progress: 69% (198/286) - Loss: 0.3345
[Client 3, Round 26] Progress: 69% (200/286) - Loss: 0.1219
[Client 3, Round 26] Progress: 70% (202/286) - Loss: 0.1012
[Client 3, Round 26] Progress: 71% (204/286) - Loss: 0.2035
[Client 3, Round 26] Progress: 72% (206/286) - Loss: 0.1288
[Client 3, Round 26] Progress: 72% (208/286) - Loss: 0.0988
[Client 3, Round 26] Progress: 73% (210/286) - Loss: 0.3323
[Client 3, Round 26] Progress: 74% (212/286) - Loss: 0.4598
[Client 3, Round 26] Progress: 74% (214/286) - Loss: 0.1173
[Client 3, Round 26] Progress: 75% (216/286) - Loss: 0.1995
[Client 3, Round 26] Progress: 76% (218/286) - Loss: 0.1857
[Client 3, Round 26] Progress: 76% (220/286) - Loss: 0.2293
[Client 3, Round 26] Progress: 77% (222/286) - Loss: 0.1055
[Client 3, Round 26] Progress: 78% (224/286) - Loss: 0.5794
[Client 3, Round 26] Progress: 79% (226/286) - Loss: 0.1728
[Client 3, Round 26] Progress: 79% (228/286) - Loss: 0.0730
[Client 3, Round 26] Progress: 80% (230/286) - Loss: 0.6010
[Client 3, Round 26] Progress: 81% (232/286) - Loss: 0.2231
[Client 3, Round 26] Progress: 81% (234/286) - Loss: 0.0824
[Client 3, Round 26] Progress: 82% (236/286) - Loss: 0.0837
[Client 3, Round 26] Progress: 83% (238/286) - Loss: 0.2338
[Client 3, Round 26] Progress: 83% (240/286) - Loss: 0.1546
[Client 3, Round 26] Progress: 84% (242/286) - Loss: 0.1566
[Client 3, Round 26] Progress: 85% (244/286) - Loss: 0.1211
[Client 3, Round 26] Progress: 86% (246/286) - Loss: 0.2575
[Client 3, Round 26] Progress: 86% (248/286) - Loss: 0.1105
[Client 3, Round 26] Progress: 87% (250/286) - Loss: 0.2471
[Client 3, Round 26] Progress: 88% (252/286) - Loss: 0.5599
[Client 3, Round 26] Progress: 88% (254/286) - Loss: 0.1891
[Client 3, Round 26] Progress: 89% (256/286) - Loss: 0.1688
[Client 3, Round 26] Progress: 90% (258/286) - Loss: 0.1733
[Client 3, Round 26] Progress: 90% (260/286) - Loss: 0.1332
[Client 3, Round 26] Progress: 91% (262/286) - Loss: 0.3078
[Client 3, Round 26] Progress: 92% (264/286) - Loss: 0.1184
[Client 3, Round 26] Progress: 93% (266/286) - Loss: 0.1146
[Client 3, Round 26] Progress: 93% (268/286) - Loss: 0.1689
[Client 3, Round 26] Progress: 94% (270/286) - Loss: 0.0905
[Client 3, Round 26] Progress: 95% (272/286) - Loss: 0.1929
[Client 3, Round 26] Progress: 95% (274/286) - Loss: 0.1818
[Client 3, Round 26] Progress: 96% (276/286) - Loss: 0.1992
[Client 3, Round 26] Progress: 97% (278/286) - Loss: 0.3086
[Client 3, Round 26] Progress: 97% (280/286) - Loss: 0.1021
[Client 3, Round 26] Progress: 98% (282/286) - Loss: 0.1471
[Client 3, Round 26] Progress: 99% (284/286) - Loss: 0.1472
[Client 3, Round 26] Progress: 100% (286/286) - Loss: 0.1785
[Client 3, Round 26] Train Loss: 0.2194
[Client 3, Round 26] Val Loss: 0.1845 | Val Dice: 0.8318
[Client 3, Round 27] Progress: 0% (2/286) - Loss: 0.4242
[Client 3, Round 27] Progress: 1% (4/286) - Loss: 0.1620
[Client 3, Round 27] Progress: 2% (6/286) - Loss: 0.0721
[Client 3, Round 27] Progress: 2% (8/286) - Loss: 0.1361
[Client 3, Round 27] Progress: 3% (10/286) - Loss: 0.1119
[Client 3, Round 27] Progress: 4% (12/286) - Loss: 0.1171
[Client 3, Round 27] Progress: 4% (14/286) - Loss: 0.1281
[Client 3, Round 27] Progress: 5% (16/286) - Loss: 0.4888
[Client 3, Round 27] Progress: 6% (18/286) - Loss: 0.3369
[Client 3, Round 27] Progress: 6% (20/286) - Loss: 0.0628
[Client 3, Round 27] Progress: 7% (22/286) - Loss: 0.0871
[Client 3, Round 27] Progress: 8% (24/286) - Loss: 0.1502
[Client 3, Round 27] Progress: 9% (26/286) - Loss: 0.5149
[Client 3, Round 27] Progress: 9% (28/286) - Loss: 0.0707
[Client 3, Round 27] Progress: 10% (30/286) - Loss: 0.1364
[Client 3, Round 27] Progress: 11% (32/286) - Loss: 0.1370
[Client 3, Round 27] Progress: 11% (34/286) - Loss: 0.2581
[Client 3, Round 27] Progress: 12% (36/286) - Loss: 0.1412
[Client 3, Round 27] Progress: 13% (38/286) - Loss: 0.2759
[Client 3, Round 27] Progress: 13% (40/286) - Loss: 0.1391
[Client 3, Round 27] Progress: 14% (42/286) - Loss: 0.1063
[Client 3, Round 27] Progress: 15% (44/286) - Loss: 0.1336
[Client 3, Round 27] Progress: 16% (46/286) - Loss: 0.1777
[Client 3, Round 27] Progress: 16% (48/286) - Loss: 0.3420
[Client 3, Round 27] Progress: 17% (50/286) - Loss: 0.3310
[Client 3, Round 27] Progress: 18% (52/286) - Loss: 0.0879
[Client 3, Round 27] Progress: 18% (54/286) - Loss: 0.1224
[Client 3, Round 27] Progress: 19% (56/286) - Loss: 0.2454
[Client 3, Round 27] Progress: 20% (58/286) - Loss: 0.0687
[Client 3, Round 27] Progress: 20% (60/286) - Loss: 0.1283
[Client 3, Round 27] Progress: 21% (62/286) - Loss: 0.1257
[Client 3, Round 27] Progress: 22% (64/286) - Loss: 0.1261
[Client 3, Round 27] Progress: 23% (66/286) - Loss: 0.1127
[Client 3, Round 27] Progress: 23% (68/286) - Loss: 0.1648
[Client 3, Round 27] Progress: 24% (70/286) - Loss: 0.0728
[Client 3, Round 27] Progress: 25% (72/286) - Loss: 0.4786
[Client 3, Round 27] Progress: 25% (74/286) - Loss: 0.2251
[Client 3, Round 27] Progress: 26% (76/286) - Loss: 0.0845
[Client 3, Round 27] Progress: 27% (78/286) - Loss: 0.1677
[Client 3, Round 27] Progress: 27% (80/286) - Loss: 0.0950
[Client 3, Round 27] Progress: 28% (82/286) - Loss: 0.0860
[Client 3, Round 27] Progress: 29% (84/286) - Loss: 0.7970
[Client 3, Round 27] Progress: 30% (86/286) - Loss: 0.1040
[Client 3, Round 27] Progress: 30% (88/286) - Loss: 0.0846
[Client 3, Round 27] Progress: 31% (90/286) - Loss: 0.1687
[Client 3, Round 27] Progress: 32% (92/286) - Loss: 0.0961
[Client 3, Round 27] Progress: 32% (94/286) - Loss: 0.4634
[Client 3, Round 27] Progress: 33% (96/286) - Loss: 0.1585
[Client 3, Round 27] Progress: 34% (98/286) - Loss: 0.1300
[Client 3, Round 27] Progress: 34% (100/286) - Loss: 0.2417
[Client 3, Round 27] Progress: 35% (102/286) - Loss: 0.1005
[Client 3, Round 27] Progress: 36% (104/286) - Loss: 0.1689
[Client 3, Round 27] Progress: 37% (106/286) - Loss: 0.1387
[Client 3, Round 27] Progress: 37% (108/286) - Loss: 0.1912
[Client 3, Round 27] Progress: 38% (110/286) - Loss: 0.1549
[Client 3, Round 27] Progress: 39% (112/286) - Loss: 0.2925
[Client 3, Round 27] Progress: 39% (114/286) - Loss: 0.1339
[Client 3, Round 27] Progress: 40% (116/286) - Loss: 0.1689
[Client 3, Round 27] Progress: 41% (118/286) - Loss: 0.1761
[Client 3, Round 27] Progress: 41% (120/286) - Loss: 0.2069
[Client 3, Round 27] Progress: 42% (122/286) - Loss: 0.1405
[Client 3, Round 27] Progress: 43% (124/286) - Loss: 0.1138
[Client 3, Round 27] Progress: 44% (126/286) - Loss: 0.5001
[Client 3, Round 27] Progress: 44% (128/286) - Loss: 0.0724
[Client 3, Round 27] Progress: 45% (130/286) - Loss: 0.2986
[Client 3, Round 27] Progress: 46% (132/286) - Loss: 0.1549
[Client 3, Round 27] Progress: 46% (134/286) - Loss: 0.5286
[Client 3, Round 27] Progress: 47% (136/286) - Loss: 0.1467
[Client 3, Round 27] Progress: 48% (138/286) - Loss: 0.0921
[Client 3, Round 27] Progress: 48% (140/286) - Loss: 0.1663
[Client 3, Round 27] Progress: 49% (142/286) - Loss: 0.1645
[Client 3, Round 27] Progress: 50% (144/286) - Loss: 0.1674
[Client 3, Round 27] Progress: 51% (146/286) - Loss: 0.1340
[Client 3, Round 27] Progress: 51% (148/286) - Loss: 0.1045
[Client 3, Round 27] Progress: 52% (150/286) - Loss: 0.1145
[Client 3, Round 27] Progress: 53% (152/286) - Loss: 0.1172
[Client 3, Round 27] Progress: 53% (154/286) - Loss: 0.0844
[Client 3, Round 27] Progress: 54% (156/286) - Loss: 0.1487
[Client 3, Round 27] Progress: 55% (158/286) - Loss: 0.0896
[Client 3, Round 27] Progress: 55% (160/286) - Loss: 0.1353
[Client 3, Round 27] Progress: 56% (162/286) - Loss: 0.0991
[Client 3, Round 27] Progress: 57% (164/286) - Loss: 0.4906
[Client 3, Round 27] Progress: 58% (166/286) - Loss: 0.1042
[Client 3, Round 27] Progress: 58% (168/286) - Loss: 0.1068
[Client 3, Round 27] Progress: 59% (170/286) - Loss: 0.4884
[Client 3, Round 27] Progress: 60% (172/286) - Loss: 0.1242
[Client 3, Round 27] Progress: 60% (174/286) - Loss: 0.0860
[Client 3, Round 27] Progress: 61% (176/286) - Loss: 0.1249
[Client 3, Round 27] Progress: 62% (178/286) - Loss: 0.1017
[Client 3, Round 27] Progress: 62% (180/286) - Loss: 0.5138
[Client 3, Round 27] Progress: 63% (182/286) - Loss: 0.1879
[Client 3, Round 27] Progress: 64% (184/286) - Loss: 0.7490
[Client 3, Round 27] Progress: 65% (186/286) - Loss: 0.2666
[Client 3, Round 27] Progress: 65% (188/286) - Loss: 0.2259
[Client 3, Round 27] Progress: 66% (190/286) - Loss: 0.1416
[Client 3, Round 27] Progress: 67% (192/286) - Loss: 0.1348
[Client 3, Round 27] Progress: 67% (194/286) - Loss: 0.1943
[Client 3, Round 27] Progress: 68% (196/286) - Loss: 0.2728
[Client 3, Round 27] Progress: 69% (198/286) - Loss: 0.3342
[Client 3, Round 27] Progress: 69% (200/286) - Loss: 0.0940
[Client 3, Round 27] Progress: 70% (202/286) - Loss: 0.1048
[Client 3, Round 27] Progress: 71% (204/286) - Loss: 0.1382
[Client 3, Round 27] Progress: 72% (206/286) - Loss: 0.1429
[Client 3, Round 27] Progress: 72% (208/286) - Loss: 0.2372
[Client 3, Round 27] Progress: 73% (210/286) - Loss: 0.0947
[Client 3, Round 27] Progress: 74% (212/286) - Loss: 0.1176
[Client 3, Round 27] Progress: 74% (214/286) - Loss: 0.2140
[Client 3, Round 27] Progress: 75% (216/286) - Loss: 0.4793
[Client 3, Round 27] Progress: 76% (218/286) - Loss: 0.0861
[Client 3, Round 27] Progress: 76% (220/286) - Loss: 0.1620
[Client 3, Round 27] Progress: 77% (222/286) - Loss: 0.1248
[Client 3, Round 27] Progress: 78% (224/286) - Loss: 0.2976
[Client 3, Round 27] Progress: 79% (226/286) - Loss: 0.1623
[Client 3, Round 27] Progress: 79% (228/286) - Loss: 0.4214
[Client 3, Round 27] Progress: 80% (230/286) - Loss: 0.2150
[Client 3, Round 27] Progress: 81% (232/286) - Loss: 0.1927
[Client 3, Round 27] Progress: 81% (234/286) - Loss: 0.1809
[Client 3, Round 27] Progress: 82% (236/286) - Loss: 0.2703
[Client 3, Round 27] Progress: 83% (238/286) - Loss: 0.4550
[Client 3, Round 27] Progress: 83% (240/286) - Loss: 0.1436
[Client 3, Round 27] Progress: 84% (242/286) - Loss: 0.1194
[Client 3, Round 27] Progress: 85% (244/286) - Loss: 0.1039
[Client 3, Round 27] Progress: 86% (246/286) - Loss: 0.1703
[Client 3, Round 27] Progress: 86% (248/286) - Loss: 0.1798
[Client 3, Round 27] Progress: 87% (250/286) - Loss: 0.2118
[Client 3, Round 27] Progress: 88% (252/286) - Loss: 0.0804
[Client 3, Round 27] Progress: 88% (254/286) - Loss: 0.1142
[Client 3, Round 27] Progress: 89% (256/286) - Loss: 0.1945
[Client 3, Round 27] Progress: 90% (258/286) - Loss: 0.1147
[Client 3, Round 27] Progress: 90% (260/286) - Loss: 0.0783
[Client 3, Round 27] Progress: 91% (262/286) - Loss: 0.0951
[Client 3, Round 27] Progress: 92% (264/286) - Loss: 0.3396
[Client 3, Round 27] Progress: 93% (266/286) - Loss: 0.3034
[Client 3, Round 27] Progress: 93% (268/286) - Loss: 0.2886
[Client 3, Round 27] Progress: 94% (270/286) - Loss: 0.1468
[Client 3, Round 27] Progress: 95% (272/286) - Loss: 0.1791
[Client 3, Round 27] Progress: 95% (274/286) - Loss: 0.6874
[Client 3, Round 27] Progress: 96% (276/286) - Loss: 0.4588
[Client 3, Round 27] Progress: 97% (278/286) - Loss: 0.1772
[Client 3, Round 27] Progress: 97% (280/286) - Loss: 0.0667
[Client 3, Round 27] Progress: 98% (282/286) - Loss: 0.5825
[Client 3, Round 27] Progress: 99% (284/286) - Loss: 0.1556
[Client 3, Round 27] Progress: 100% (286/286) - Loss: 0.1659
[Client 3, Round 27] Train Loss: 0.2086
[Client 3, Round 27] Val Loss: 0.1858 | Val Dice: 0.8310
[Client 3, Round 28] Progress: 0% (2/286) - Loss: 0.0630
[Client 3, Round 28] Progress: 1% (4/286) - Loss: 0.1186
[Client 3, Round 28] Progress: 2% (6/286) - Loss: 0.0572
[Client 3, Round 28] Progress: 2% (8/286) - Loss: 0.1328
[Client 3, Round 28] Progress: 3% (10/286) - Loss: 0.6843
[Client 3, Round 28] Progress: 4% (12/286) - Loss: 0.1010
[Client 3, Round 28] Progress: 4% (14/286) - Loss: 0.4648
[Client 3, Round 28] Progress: 5% (16/286) - Loss: 0.1575
[Client 3, Round 28] Progress: 6% (18/286) - Loss: 0.1333
[Client 3, Round 28] Progress: 6% (20/286) - Loss: 0.0996
[Client 3, Round 28] Progress: 7% (22/286) - Loss: 0.2275
[Client 3, Round 28] Progress: 8% (24/286) - Loss: 0.2531
[Client 3, Round 28] Progress: 9% (26/286) - Loss: 0.2369
[Client 3, Round 28] Progress: 9% (28/286) - Loss: 0.4063
[Client 3, Round 28] Progress: 10% (30/286) - Loss: 0.2867
[Client 3, Round 28] Progress: 11% (32/286) - Loss: 0.2023
[Client 3, Round 28] Progress: 11% (34/286) - Loss: 0.1140
[Client 3, Round 28] Progress: 12% (36/286) - Loss: 0.1917
[Client 3, Round 28] Progress: 13% (38/286) - Loss: 0.0825
[Client 3, Round 28] Progress: 13% (40/286) - Loss: 0.1281
[Client 3, Round 28] Progress: 14% (42/286) - Loss: 0.3010
[Client 3, Round 28] Progress: 15% (44/286) - Loss: 0.1487
[Client 3, Round 28] Progress: 16% (46/286) - Loss: 0.1860
[Client 3, Round 28] Progress: 16% (48/286) - Loss: 0.0904
[Client 3, Round 28] Progress: 17% (50/286) - Loss: 0.1029
[Client 3, Round 28] Progress: 18% (52/286) - Loss: 0.1263
[Client 3, Round 28] Progress: 18% (54/286) - Loss: 0.1138
[Client 3, Round 28] Progress: 19% (56/286) - Loss: 0.1181
[Client 3, Round 28] Progress: 20% (58/286) - Loss: 0.0893
[Client 3, Round 28] Progress: 20% (60/286) - Loss: 0.1807
[Client 3, Round 28] Progress: 21% (62/286) - Loss: 0.1276
[Client 3, Round 28] Progress: 22% (64/286) - Loss: 0.1591
[Client 3, Round 28] Progress: 23% (66/286) - Loss: 0.1676
[Client 3, Round 28] Progress: 23% (68/286) - Loss: 0.0402
[Client 3, Round 28] Progress: 24% (70/286) - Loss: 0.1966
[Client 3, Round 28] Progress: 25% (72/286) - Loss: 0.0588
[Client 3, Round 28] Progress: 25% (74/286) - Loss: 0.1472
[Client 3, Round 28] Progress: 26% (76/286) - Loss: 0.2264
[Client 3, Round 28] Progress: 27% (78/286) - Loss: 0.2594
[Client 3, Round 28] Progress: 27% (80/286) - Loss: 0.0918
[Client 3, Round 28] Progress: 28% (82/286) - Loss: 0.1892
[Client 3, Round 28] Progress: 29% (84/286) - Loss: 0.0841
[Client 3, Round 28] Progress: 30% (86/286) - Loss: 0.0999
[Client 3, Round 28] Progress: 30% (88/286) - Loss: 0.1300
[Client 3, Round 28] Progress: 31% (90/286) - Loss: 0.5525
[Client 3, Round 28] Progress: 32% (92/286) - Loss: 0.2748
[Client 3, Round 28] Progress: 32% (94/286) - Loss: 0.1593
[Client 3, Round 28] Progress: 33% (96/286) - Loss: 0.2225
[Client 3, Round 28] Progress: 34% (98/286) - Loss: 0.1012
[Client 3, Round 28] Progress: 34% (100/286) - Loss: 0.1200
[Client 3, Round 28] Progress: 35% (102/286) - Loss: 0.1301
[Client 3, Round 28] Progress: 36% (104/286) - Loss: 0.5461
[Client 3, Round 28] Progress: 37% (106/286) - Loss: 0.0847
[Client 3, Round 28] Progress: 37% (108/286) - Loss: 0.0668
[Client 3, Round 28] Progress: 38% (110/286) - Loss: 0.1084
[Client 3, Round 28] Progress: 39% (112/286) - Loss: 0.1892
[Client 3, Round 28] Progress: 39% (114/286) - Loss: 0.1113
[Client 3, Round 28] Progress: 40% (116/286) - Loss: 0.1055
[Client 3, Round 28] Progress: 41% (118/286) - Loss: 0.3612
[Client 3, Round 28] Progress: 41% (120/286) - Loss: 0.3077
[Client 3, Round 28] Progress: 42% (122/286) - Loss: 0.1939
[Client 3, Round 28] Progress: 43% (124/286) - Loss: 0.1523
[Client 3, Round 28] Progress: 44% (126/286) - Loss: 0.4425
[Client 3, Round 28] Progress: 44% (128/286) - Loss: 0.1375
[Client 3, Round 28] Progress: 45% (130/286) - Loss: 0.2835
[Client 3, Round 28] Progress: 46% (132/286) - Loss: 0.3745
[Client 3, Round 28] Progress: 46% (134/286) - Loss: 0.1419
[Client 3, Round 28] Progress: 47% (136/286) - Loss: 0.1069
[Client 3, Round 28] Progress: 48% (138/286) - Loss: 0.2926
[Client 3, Round 28] Progress: 48% (140/286) - Loss: 0.3602
[Client 3, Round 28] Progress: 49% (142/286) - Loss: 0.2105
[Client 3, Round 28] Progress: 50% (144/286) - Loss: 0.0920
[Client 3, Round 28] Progress: 51% (146/286) - Loss: 0.2178
[Client 3, Round 28] Progress: 51% (148/286) - Loss: 0.3010
[Client 3, Round 28] Progress: 52% (150/286) - Loss: 0.1664
[Client 3, Round 28] Progress: 53% (152/286) - Loss: 0.7547
[Client 3, Round 28] Progress: 53% (154/286) - Loss: 0.1632
[Client 3, Round 28] Progress: 54% (156/286) - Loss: 0.4661
[Client 3, Round 28] Progress: 55% (158/286) - Loss: 0.2192
[Client 3, Round 28] Progress: 55% (160/286) - Loss: 0.2740
[Client 3, Round 28] Progress: 56% (162/286) - Loss: 0.5820
[Client 3, Round 28] Progress: 57% (164/286) - Loss: 0.1450
[Client 3, Round 28] Progress: 58% (166/286) - Loss: 0.0899
[Client 3, Round 28] Progress: 58% (168/286) - Loss: 0.1226
[Client 3, Round 28] Progress: 59% (170/286) - Loss: 0.5614
[Client 3, Round 28] Progress: 60% (172/286) - Loss: 0.1750
[Client 3, Round 28] Progress: 60% (174/286) - Loss: 0.3655
[Client 3, Round 28] Progress: 61% (176/286) - Loss: 0.1564
[Client 3, Round 28] Progress: 62% (178/286) - Loss: 0.2332
[Client 3, Round 28] Progress: 62% (180/286) - Loss: 0.4938
[Client 3, Round 28] Progress: 63% (182/286) - Loss: 0.3265
[Client 3, Round 28] Progress: 64% (184/286) - Loss: 0.2531
[Client 3, Round 28] Progress: 65% (186/286) - Loss: 0.1071
[Client 3, Round 28] Progress: 65% (188/286) - Loss: 0.1227
[Client 3, Round 28] Progress: 66% (190/286) - Loss: 0.0926
[Client 3, Round 28] Progress: 67% (192/286) - Loss: 0.1516
[Client 3, Round 28] Progress: 67% (194/286) - Loss: 0.4163
[Client 3, Round 28] Progress: 68% (196/286) - Loss: 0.2573
[Client 3, Round 28] Progress: 69% (198/286) - Loss: 0.1875
[Client 3, Round 28] Progress: 69% (200/286) - Loss: 0.1784
[Client 3, Round 28] Progress: 70% (202/286) - Loss: 0.2909
[Client 3, Round 28] Progress: 71% (204/286) - Loss: 0.1202
[Client 3, Round 28] Progress: 72% (206/286) - Loss: 0.1523
[Client 3, Round 28] Progress: 72% (208/286) - Loss: 0.1655
[Client 3, Round 28] Progress: 73% (210/286) - Loss: 0.0780
[Client 3, Round 28] Progress: 74% (212/286) - Loss: 0.4923
[Client 3, Round 28] Progress: 74% (214/286) - Loss: 0.3751
[Client 3, Round 28] Progress: 75% (216/286) - Loss: 0.1053
[Client 3, Round 28] Progress: 76% (218/286) - Loss: 0.3470
[Client 3, Round 28] Progress: 76% (220/286) - Loss: 0.1570
[Client 3, Round 28] Progress: 77% (222/286) - Loss: 0.1941
[Client 3, Round 28] Progress: 78% (224/286) - Loss: 0.1413
[Client 3, Round 28] Progress: 79% (226/286) - Loss: 0.2784
[Client 3, Round 28] Progress: 79% (228/286) - Loss: 0.1762
[Client 3, Round 28] Progress: 80% (230/286) - Loss: 0.1719
[Client 3, Round 28] Progress: 81% (232/286) - Loss: 0.3255
[Client 3, Round 28] Progress: 81% (234/286) - Loss: 0.0791
[Client 3, Round 28] Progress: 82% (236/286) - Loss: 0.1222
[Client 3, Round 28] Progress: 83% (238/286) - Loss: 0.1034
[Client 3, Round 28] Progress: 83% (240/286) - Loss: 0.5755
[Client 3, Round 28] Progress: 84% (242/286) - Loss: 0.0686
[Client 3, Round 28] Progress: 85% (244/286) - Loss: 0.0852
[Client 3, Round 28] Progress: 86% (246/286) - Loss: 0.0900
[Client 3, Round 28] Progress: 86% (248/286) - Loss: 0.3102
[Client 3, Round 28] Progress: 87% (250/286) - Loss: 0.1246
[Client 3, Round 28] Progress: 88% (252/286) - Loss: 0.2061
[Client 3, Round 28] Progress: 88% (254/286) - Loss: 0.0607
[Client 3, Round 28] Progress: 89% (256/286) - Loss: 0.1080
[Client 3, Round 28] Progress: 90% (258/286) - Loss: 0.1502
[Client 3, Round 28] Progress: 90% (260/286) - Loss: 0.4095
[Client 3, Round 28] Progress: 91% (262/286) - Loss: 0.1224
[Client 3, Round 28] Progress: 92% (264/286) - Loss: 0.1034
[Client 3, Round 28] Progress: 93% (266/286) - Loss: 0.1457
[Client 3, Round 28] Progress: 93% (268/286) - Loss: 0.0803
[Client 3, Round 28] Progress: 94% (270/286) - Loss: 0.0799
[Client 3, Round 28] Progress: 95% (272/286) - Loss: 0.1874
[Client 3, Round 28] Progress: 95% (274/286) - Loss: 0.1046
[Client 3, Round 28] Progress: 96% (276/286) - Loss: 0.0762
[Client 3, Round 28] Progress: 97% (278/286) - Loss: 0.0849
[Client 3, Round 28] Progress: 97% (280/286) - Loss: 0.5124
[Client 3, Round 28] Progress: 98% (282/286) - Loss: 0.3823
[Client 3, Round 28] Progress: 99% (284/286) - Loss: 0.4750
[Client 3, Round 28] Progress: 100% (286/286) - Loss: 0.4418
[Client 3, Round 28] Train Loss: 0.2124
[Client 3, Round 28] Val Loss: 0.1785 | Val Dice: 0.8400
[Client 3, Round 29] Progress: 0% (2/286) - Loss: 0.1080
[Client 3, Round 29] Progress: 1% (4/286) - Loss: 0.1557
[Client 3, Round 29] Progress: 2% (6/286) - Loss: 0.1293
[Client 3, Round 29] Progress: 2% (8/286) - Loss: 0.1195
[Client 3, Round 29] Progress: 3% (10/286) - Loss: 0.7587
[Client 3, Round 29] Progress: 4% (12/286) - Loss: 0.0697
[Client 3, Round 29] Progress: 4% (14/286) - Loss: 0.1060
[Client 3, Round 29] Progress: 5% (16/286) - Loss: 0.4830
[Client 3, Round 29] Progress: 6% (18/286) - Loss: 0.1216
[Client 3, Round 29] Progress: 6% (20/286) - Loss: 0.0886
[Client 3, Round 29] Progress: 7% (22/286) - Loss: 0.4005
[Client 3, Round 29] Progress: 8% (24/286) - Loss: 0.1774
[Client 3, Round 29] Progress: 9% (26/286) - Loss: 0.1132
[Client 3, Round 29] Progress: 9% (28/286) - Loss: 0.2574
[Client 3, Round 29] Progress: 10% (30/286) - Loss: 0.4099
[Client 3, Round 29] Progress: 11% (32/286) - Loss: 0.1675
[Client 3, Round 29] Progress: 11% (34/286) - Loss: 0.6796
[Client 3, Round 29] Progress: 12% (36/286) - Loss: 0.0788
[Client 3, Round 29] Progress: 13% (38/286) - Loss: 0.5871
[Client 3, Round 29] Progress: 13% (40/286) - Loss: 0.0810
[Client 3, Round 29] Progress: 14% (42/286) - Loss: 0.1672
[Client 3, Round 29] Progress: 15% (44/286) - Loss: 0.1456
[Client 3, Round 29] Progress: 16% (46/286) - Loss: 0.2048
[Client 3, Round 29] Progress: 16% (48/286) - Loss: 0.0697
[Client 3, Round 29] Progress: 17% (50/286) - Loss: 0.2819
[Client 3, Round 29] Progress: 18% (52/286) - Loss: 0.1570
[Client 3, Round 29] Progress: 18% (54/286) - Loss: 0.4442
[Client 3, Round 29] Progress: 19% (56/286) - Loss: 0.6725
[Client 3, Round 29] Progress: 20% (58/286) - Loss: 0.6320
[Client 3, Round 29] Progress: 20% (60/286) - Loss: 0.0713
[Client 3, Round 29] Progress: 21% (62/286) - Loss: 0.4040
[Client 3, Round 29] Progress: 22% (64/286) - Loss: 0.2902
[Client 3, Round 29] Progress: 23% (66/286) - Loss: 0.1977
[Client 3, Round 29] Progress: 23% (68/286) - Loss: 0.2045
[Client 3, Round 29] Progress: 24% (70/286) - Loss: 0.1393
[Client 3, Round 29] Progress: 25% (72/286) - Loss: 0.0942
[Client 3, Round 29] Progress: 25% (74/286) - Loss: 0.0880
[Client 3, Round 29] Progress: 26% (76/286) - Loss: 0.2178
[Client 3, Round 29] Progress: 27% (78/286) - Loss: 0.2063
[Client 3, Round 29] Progress: 27% (80/286) - Loss: 0.2838
[Client 3, Round 29] Progress: 28% (82/286) - Loss: 0.1229
[Client 3, Round 29] Progress: 29% (84/286) - Loss: 0.0893
[Client 3, Round 29] Progress: 30% (86/286) - Loss: 0.5146
[Client 3, Round 29] Progress: 30% (88/286) - Loss: 0.2101
[Client 3, Round 29] Progress: 31% (90/286) - Loss: 0.0919
[Client 3, Round 29] Progress: 32% (92/286) - Loss: 0.1259
[Client 3, Round 29] Progress: 32% (94/286) - Loss: 0.1602
[Client 3, Round 29] Progress: 33% (96/286) - Loss: 0.1329
[Client 3, Round 29] Progress: 34% (98/286) - Loss: 0.3430
[Client 3, Round 29] Progress: 34% (100/286) - Loss: 0.2157
[Client 3, Round 29] Progress: 35% (102/286) - Loss: 0.1283
[Client 3, Round 29] Progress: 36% (104/286) - Loss: 0.1373
[Client 3, Round 29] Progress: 37% (106/286) - Loss: 0.1494
[Client 3, Round 29] Progress: 37% (108/286) - Loss: 0.1143
[Client 3, Round 29] Progress: 38% (110/286) - Loss: 0.2463
[Client 3, Round 29] Progress: 39% (112/286) - Loss: 0.1003
[Client 3, Round 29] Progress: 39% (114/286) - Loss: 0.0908
[Client 3, Round 29] Progress: 40% (116/286) - Loss: 0.0936
[Client 3, Round 29] Progress: 41% (118/286) - Loss: 0.0839
[Client 3, Round 29] Progress: 41% (120/286) - Loss: 0.1046
[Client 3, Round 29] Progress: 42% (122/286) - Loss: 0.1756
[Client 3, Round 29] Progress: 43% (124/286) - Loss: 0.1865
[Client 3, Round 29] Progress: 44% (126/286) - Loss: 0.1905
[Client 3, Round 29] Progress: 44% (128/286) - Loss: 0.1212
[Client 3, Round 29] Progress: 45% (130/286) - Loss: 0.6479
[Client 3, Round 29] Progress: 46% (132/286) - Loss: 0.1818
[Client 3, Round 29] Progress: 46% (134/286) - Loss: 0.0620
[Client 3, Round 29] Progress: 47% (136/286) - Loss: 0.1516
[Client 3, Round 29] Progress: 48% (138/286) - Loss: 0.1334
[Client 3, Round 29] Progress: 48% (140/286) - Loss: 0.2649
[Client 3, Round 29] Progress: 49% (142/286) - Loss: 0.1026
[Client 3, Round 29] Progress: 50% (144/286) - Loss: 0.1247
[Client 3, Round 29] Progress: 51% (146/286) - Loss: 0.2169
[Client 3, Round 29] Progress: 51% (148/286) - Loss: 0.0646
[Client 3, Round 29] Progress: 52% (150/286) - Loss: 0.1922
[Client 3, Round 29] Progress: 53% (152/286) - Loss: 0.1014
[Client 3, Round 29] Progress: 53% (154/286) - Loss: 0.4492
[Client 3, Round 29] Progress: 54% (156/286) - Loss: 0.1212
[Client 3, Round 29] Progress: 55% (158/286) - Loss: 0.6928
[Client 3, Round 29] Progress: 55% (160/286) - Loss: 0.0555
[Client 3, Round 29] Progress: 56% (162/286) - Loss: 0.3592
[Client 3, Round 29] Progress: 57% (164/286) - Loss: 0.4776
[Client 3, Round 29] Progress: 58% (166/286) - Loss: 0.5121
[Client 3, Round 29] Progress: 58% (168/286) - Loss: 0.1551
[Client 3, Round 29] Progress: 59% (170/286) - Loss: 0.3598
[Client 3, Round 29] Progress: 60% (172/286) - Loss: 0.1565
[Client 3, Round 29] Progress: 60% (174/286) - Loss: 0.1492
[Client 3, Round 29] Progress: 61% (176/286) - Loss: 0.1177
[Client 3, Round 29] Progress: 62% (178/286) - Loss: 0.1625
[Client 3, Round 29] Progress: 62% (180/286) - Loss: 0.0748
[Client 3, Round 29] Progress: 63% (182/286) - Loss: 0.1342
[Client 3, Round 29] Progress: 64% (184/286) - Loss: 0.3769
[Client 3, Round 29] Progress: 65% (186/286) - Loss: 0.1022
[Client 3, Round 29] Progress: 65% (188/286) - Loss: 0.0561
[Client 3, Round 29] Progress: 66% (190/286) - Loss: 0.1666
[Client 3, Round 29] Progress: 67% (192/286) - Loss: 0.1681
[Client 3, Round 29] Progress: 67% (194/286) - Loss: 0.4293
[Client 3, Round 29] Progress: 68% (196/286) - Loss: 0.5871
[Client 3, Round 29] Progress: 69% (198/286) - Loss: 0.2012
[Client 3, Round 29] Progress: 69% (200/286) - Loss: 0.2786
[Client 3, Round 29] Progress: 70% (202/286) - Loss: 0.1380
[Client 3, Round 29] Progress: 71% (204/286) - Loss: 0.8606
[Client 3, Round 29] Progress: 72% (206/286) - Loss: 0.1287
[Client 3, Round 29] Progress: 72% (208/286) - Loss: 0.2153
[Client 3, Round 29] Progress: 73% (210/286) - Loss: 0.1273
[Client 3, Round 29] Progress: 74% (212/286) - Loss: 0.1757
[Client 3, Round 29] Progress: 74% (214/286) - Loss: 0.2175
[Client 3, Round 29] Progress: 75% (216/286) - Loss: 0.1730
[Client 3, Round 29] Progress: 76% (218/286) - Loss: 0.1771
[Client 3, Round 29] Progress: 76% (220/286) - Loss: 0.2198
[Client 3, Round 29] Progress: 77% (222/286) - Loss: 0.1917
[Client 3, Round 29] Progress: 78% (224/286) - Loss: 0.1453
[Client 3, Round 29] Progress: 79% (226/286) - Loss: 0.2123
[Client 3, Round 29] Progress: 79% (228/286) - Loss: 0.4980
[Client 3, Round 29] Progress: 80% (230/286) - Loss: 0.0948
[Client 3, Round 29] Progress: 81% (232/286) - Loss: 0.0705
[Client 3, Round 29] Progress: 81% (234/286) - Loss: 0.0933
[Client 3, Round 29] Progress: 82% (236/286) - Loss: 0.1805
[Client 3, Round 29] Progress: 83% (238/286) - Loss: 0.1911
[Client 3, Round 29] Progress: 83% (240/286) - Loss: 0.1289
[Client 3, Round 29] Progress: 84% (242/286) - Loss: 0.2451
[Client 3, Round 29] Progress: 85% (244/286) - Loss: 0.1902
[Client 3, Round 29] Progress: 86% (246/286) - Loss: 0.1873
[Client 3, Round 29] Progress: 86% (248/286) - Loss: 0.1447
[Client 3, Round 29] Progress: 87% (250/286) - Loss: 0.4780
[Client 3, Round 29] Progress: 88% (252/286) - Loss: 0.1079
[Client 3, Round 29] Progress: 88% (254/286) - Loss: 0.0706
[Client 3, Round 29] Progress: 89% (256/286) - Loss: 0.4410
[Client 3, Round 29] Progress: 90% (258/286) - Loss: 0.1226
[Client 3, Round 29] Progress: 90% (260/286) - Loss: 0.3603
[Client 3, Round 29] Progress: 91% (262/286) - Loss: 0.3650
[Client 3, Round 29] Progress: 92% (264/286) - Loss: 0.1802
[Client 3, Round 29] Progress: 93% (266/286) - Loss: 0.6672
[Client 3, Round 29] Progress: 93% (268/286) - Loss: 0.0699
[Client 3, Round 29] Progress: 94% (270/286) - Loss: 0.1273
[Client 3, Round 29] Progress: 95% (272/286) - Loss: 0.1048
[Client 3, Round 29] Progress: 95% (274/286) - Loss: 0.1033
[Client 3, Round 29] Progress: 96% (276/286) - Loss: 0.0872
[Client 3, Round 29] Progress: 97% (278/286) - Loss: 0.1170
[Client 3, Round 29] Progress: 97% (280/286) - Loss: 0.1148
[Client 3, Round 29] Progress: 98% (282/286) - Loss: 0.0938
[Client 3, Round 29] Progress: 99% (284/286) - Loss: 0.0636
[Client 3, Round 29] Progress: 100% (286/286) - Loss: 0.4895
[Client 3, Round 29] Train Loss: 0.2136
[Client 3, Round 29] Val Loss: 0.1751 | Val Dice: 0.8441
[Client 3, Round 30] Progress: 0% (2/286) - Loss: 0.2855
[Client 3, Round 30] Progress: 1% (4/286) - Loss: 0.2074
[Client 3, Round 30] Progress: 2% (6/286) - Loss: 0.4574
[Client 3, Round 30] Progress: 2% (8/286) - Loss: 0.1948
[Client 3, Round 30] Progress: 3% (10/286) - Loss: 0.1686
[Client 3, Round 30] Progress: 4% (12/286) - Loss: 0.0801
[Client 3, Round 30] Progress: 4% (14/286) - Loss: 0.1710
[Client 3, Round 30] Progress: 5% (16/286) - Loss: 0.1360
[Client 3, Round 30] Progress: 6% (18/286) - Loss: 0.0951
[Client 3, Round 30] Progress: 6% (20/286) - Loss: 0.0966
[Client 3, Round 30] Progress: 7% (22/286) - Loss: 0.4757
[Client 3, Round 30] Progress: 8% (24/286) - Loss: 0.0760
[Client 3, Round 30] Progress: 9% (26/286) - Loss: 0.2325
[Client 3, Round 30] Progress: 9% (28/286) - Loss: 0.1011
[Client 3, Round 30] Progress: 10% (30/286) - Loss: 0.1980
[Client 3, Round 30] Progress: 11% (32/286) - Loss: 0.1706
[Client 3, Round 30] Progress: 11% (34/286) - Loss: 0.1652
[Client 3, Round 30] Progress: 12% (36/286) - Loss: 0.1585
[Client 3, Round 30] Progress: 13% (38/286) - Loss: 0.0972
[Client 3, Round 30] Progress: 13% (40/286) - Loss: 0.1926
[Client 3, Round 30] Progress: 14% (42/286) - Loss: 0.2203
[Client 3, Round 30] Progress: 15% (44/286) - Loss: 0.1097
[Client 3, Round 30] Progress: 16% (46/286) - Loss: 0.0865
[Client 3, Round 30] Progress: 16% (48/286) - Loss: 0.2889
[Client 3, Round 30] Progress: 17% (50/286) - Loss: 0.2875
[Client 3, Round 30] Progress: 18% (52/286) - Loss: 0.5313
[Client 3, Round 30] Progress: 18% (54/286) - Loss: 0.0553
[Client 3, Round 30] Progress: 19% (56/286) - Loss: 0.1290
[Client 3, Round 30] Progress: 20% (58/286) - Loss: 0.1270
[Client 3, Round 30] Progress: 20% (60/286) - Loss: 0.0861
[Client 3, Round 30] Progress: 21% (62/286) - Loss: 0.1504
[Client 3, Round 30] Progress: 22% (64/286) - Loss: 0.2169
[Client 3, Round 30] Progress: 23% (66/286) - Loss: 0.1384
[Client 3, Round 30] Progress: 23% (68/286) - Loss: 0.1538
[Client 3, Round 30] Progress: 24% (70/286) - Loss: 0.1117
[Client 3, Round 30] Progress: 25% (72/286) - Loss: 0.4785
[Client 3, Round 30] Progress: 25% (74/286) - Loss: 0.1233
[Client 3, Round 30] Progress: 26% (76/286) - Loss: 0.2768
[Client 3, Round 30] Progress: 27% (78/286) - Loss: 0.1111
[Client 3, Round 30] Progress: 27% (80/286) - Loss: 0.3030
[Client 3, Round 30] Progress: 28% (82/286) - Loss: 0.1233
[Client 3, Round 30] Progress: 29% (84/286) - Loss: 0.1155
[Client 3, Round 30] Progress: 30% (86/286) - Loss: 0.1112
[Client 3, Round 30] Progress: 30% (88/286) - Loss: 0.1625
[Client 3, Round 30] Progress: 31% (90/286) - Loss: 0.1799
[Client 3, Round 30] Progress: 32% (92/286) - Loss: 0.1608
[Client 3, Round 30] Progress: 32% (94/286) - Loss: 0.5605
[Client 3, Round 30] Progress: 33% (96/286) - Loss: 0.1006
[Client 3, Round 30] Progress: 34% (98/286) - Loss: 0.2846
[Client 3, Round 30] Progress: 34% (100/286) - Loss: 0.1373
[Client 3, Round 30] Progress: 35% (102/286) - Loss: 0.6827
[Client 3, Round 30] Progress: 36% (104/286) - Loss: 0.0545
[Client 3, Round 30] Progress: 37% (106/286) - Loss: 0.0772
[Client 3, Round 30] Progress: 37% (108/286) - Loss: 0.1349
[Client 3, Round 30] Progress: 38% (110/286) - Loss: 0.0871
[Client 3, Round 30] Progress: 39% (112/286) - Loss: 0.1666
[Client 3, Round 30] Progress: 39% (114/286) - Loss: 0.4909
[Client 3, Round 30] Progress: 40% (116/286) - Loss: 0.3866
[Client 3, Round 30] Progress: 41% (118/286) - Loss: 0.1994
[Client 3, Round 30] Progress: 41% (120/286) - Loss: 0.2470
[Client 3, Round 30] Progress: 42% (122/286) - Loss: 0.3437
[Client 3, Round 30] Progress: 43% (124/286) - Loss: 0.2220
[Client 3, Round 30] Progress: 44% (126/286) - Loss: 0.1666
[Client 3, Round 30] Progress: 44% (128/286) - Loss: 0.1749
[Client 3, Round 30] Progress: 45% (130/286) - Loss: 0.1463
[Client 3, Round 30] Progress: 46% (132/286) - Loss: 0.1554
[Client 3, Round 30] Progress: 46% (134/286) - Loss: 0.0484
[Client 3, Round 30] Progress: 47% (136/286) - Loss: 0.1319
[Client 3, Round 30] Progress: 48% (138/286) - Loss: 0.4656
[Client 3, Round 30] Progress: 48% (140/286) - Loss: 0.1915
[Client 3, Round 30] Progress: 49% (142/286) - Loss: 0.1325
[Client 3, Round 30] Progress: 50% (144/286) - Loss: 0.1264
[Client 3, Round 30] Progress: 51% (146/286) - Loss: 0.1487
[Client 3, Round 30] Progress: 51% (148/286) - Loss: 0.5923
[Client 3, Round 30] Progress: 52% (150/286) - Loss: 0.1470
[Client 3, Round 30] Progress: 53% (152/286) - Loss: 0.1009
[Client 3, Round 30] Progress: 53% (154/286) - Loss: 0.1096
[Client 3, Round 30] Progress: 54% (156/286) - Loss: 0.1458
[Client 3, Round 30] Progress: 55% (158/286) - Loss: 0.1202
[Client 3, Round 30] Progress: 55% (160/286) - Loss: 0.2779
[Client 3, Round 30] Progress: 56% (162/286) - Loss: 0.1008
[Client 3, Round 30] Progress: 57% (164/286) - Loss: 0.3852
[Client 3, Round 30] Progress: 58% (166/286) - Loss: 0.5959
[Client 3, Round 30] Progress: 58% (168/286) - Loss: 0.4794
[Client 3, Round 30] Progress: 59% (170/286) - Loss: 0.1496
[Client 3, Round 30] Progress: 60% (172/286) - Loss: 0.0559
[Client 3, Round 30] Progress: 60% (174/286) - Loss: 0.1559
[Client 3, Round 30] Progress: 61% (176/286) - Loss: 0.0973
[Client 3, Round 30] Progress: 62% (178/286) - Loss: 0.1300
[Client 3, Round 30] Progress: 62% (180/286) - Loss: 0.7539
[Client 3, Round 30] Progress: 63% (182/286) - Loss: 0.1705
[Client 3, Round 30] Progress: 64% (184/286) - Loss: 0.0924
[Client 3, Round 30] Progress: 65% (186/286) - Loss: 0.5251
[Client 3, Round 30] Progress: 65% (188/286) - Loss: 0.0981
[Client 3, Round 30] Progress: 66% (190/286) - Loss: 0.1211
[Client 3, Round 30] Progress: 67% (192/286) - Loss: 0.1994
[Client 3, Round 30] Progress: 67% (194/286) - Loss: 0.1136
[Client 3, Round 30] Progress: 68% (196/286) - Loss: 0.0710
[Client 3, Round 30] Progress: 69% (198/286) - Loss: 0.0793
[Client 3, Round 30] Progress: 69% (200/286) - Loss: 0.1069
[Client 3, Round 30] Progress: 70% (202/286) - Loss: 0.0767
[Client 3, Round 30] Progress: 71% (204/286) - Loss: 0.1401
[Client 3, Round 30] Progress: 72% (206/286) - Loss: 0.0888
[Client 3, Round 30] Progress: 72% (208/286) - Loss: 0.0638
[Client 3, Round 30] Progress: 73% (210/286) - Loss: 0.1533
[Client 3, Round 30] Progress: 74% (212/286) - Loss: 0.0755
[Client 3, Round 30] Progress: 74% (214/286) - Loss: 0.1896
[Client 3, Round 30] Progress: 75% (216/286) - Loss: 0.0954
[Client 3, Round 30] Progress: 76% (218/286) - Loss: 0.4414
[Client 3, Round 30] Progress: 76% (220/286) - Loss: 0.4382
[Client 3, Round 30] Progress: 77% (222/286) - Loss: 0.1620
[Client 3, Round 30] Progress: 78% (224/286) - Loss: 0.1689
[Client 3, Round 30] Progress: 79% (226/286) - Loss: 0.2157
[Client 3, Round 30] Progress: 79% (228/286) - Loss: 0.0903
[Client 3, Round 30] Progress: 80% (230/286) - Loss: 0.0752
[Client 3, Round 30] Progress: 81% (232/286) - Loss: 0.3642
[Client 3, Round 30] Progress: 81% (234/286) - Loss: 0.0601
[Client 3, Round 30] Progress: 82% (236/286) - Loss: 0.5668
[Client 3, Round 30] Progress: 83% (238/286) - Loss: 0.0945
[Client 3, Round 30] Progress: 83% (240/286) - Loss: 0.4588
[Client 3, Round 30] Progress: 84% (242/286) - Loss: 0.1158
[Client 3, Round 30] Progress: 85% (244/286) - Loss: 0.1239
[Client 3, Round 30] Progress: 86% (246/286) - Loss: 0.0621
[Client 3, Round 30] Progress: 86% (248/286) - Loss: 0.1133
[Client 3, Round 30] Progress: 87% (250/286) - Loss: 0.2057
[Client 3, Round 30] Progress: 88% (252/286) - Loss: 0.4973
[Client 3, Round 30] Progress: 88% (254/286) - Loss: 0.2090
[Client 3, Round 30] Progress: 89% (256/286) - Loss: 0.1105
[Client 3, Round 30] Progress: 90% (258/286) - Loss: 0.2752
[Client 3, Round 30] Progress: 90% (260/286) - Loss: 0.1973
[Client 3, Round 30] Progress: 91% (262/286) - Loss: 0.1621
[Client 3, Round 30] Progress: 92% (264/286) - Loss: 0.0891
[Client 3, Round 30] Progress: 93% (266/286) - Loss: 0.1152
[Client 3, Round 30] Progress: 93% (268/286) - Loss: 0.1172
[Client 3, Round 30] Progress: 94% (270/286) - Loss: 0.1375
[Client 3, Round 30] Progress: 95% (272/286) - Loss: 0.1286
[Client 3, Round 30] Progress: 95% (274/286) - Loss: 0.1943
[Client 3, Round 30] Progress: 96% (276/286) - Loss: 0.1654
[Client 3, Round 30] Progress: 97% (278/286) - Loss: 0.5036
[Client 3, Round 30] Progress: 97% (280/286) - Loss: 0.0728
[Client 3, Round 30] Progress: 98% (282/286) - Loss: 0.1299
[Client 3, Round 30] Progress: 99% (284/286) - Loss: 0.4576
[Client 3, Round 30] Progress: 100% (286/286) - Loss: 0.6135
[Client 3, Round 30] Train Loss: 0.2082
[Client 3, Round 30] Val Loss: 0.1883 | Val Dice: 0.8313
[Client 3, Round 31] Progress: 0% (2/286) - Loss: 0.4051
[Client 3, Round 31] Progress: 1% (4/286) - Loss: 0.0827
[Client 3, Round 31] Progress: 2% (6/286) - Loss: 0.1158
[Client 3, Round 31] Progress: 2% (8/286) - Loss: 0.1623
[Client 3, Round 31] Progress: 3% (10/286) - Loss: 0.1166
[Client 3, Round 31] Progress: 4% (12/286) - Loss: 0.0555
[Client 3, Round 31] Progress: 4% (14/286) - Loss: 0.1234
[Client 3, Round 31] Progress: 5% (16/286) - Loss: 0.1715
[Client 3, Round 31] Progress: 6% (18/286) - Loss: 0.1768
[Client 3, Round 31] Progress: 6% (20/286) - Loss: 0.1017
[Client 3, Round 31] Progress: 7% (22/286) - Loss: 0.2231
[Client 3, Round 31] Progress: 8% (24/286) - Loss: 0.1477
[Client 3, Round 31] Progress: 9% (26/286) - Loss: 0.0821
[Client 3, Round 31] Progress: 9% (28/286) - Loss: 0.0994
[Client 3, Round 31] Progress: 10% (30/286) - Loss: 0.1105
[Client 3, Round 31] Progress: 11% (32/286) - Loss: 0.1930
[Client 3, Round 31] Progress: 11% (34/286) - Loss: 0.1260
[Client 3, Round 31] Progress: 12% (36/286) - Loss: 0.1390
[Client 3, Round 31] Progress: 13% (38/286) - Loss: 0.1183
[Client 3, Round 31] Progress: 13% (40/286) - Loss: 0.4912
[Client 3, Round 31] Progress: 14% (42/286) - Loss: 0.1111
[Client 3, Round 31] Progress: 15% (44/286) - Loss: 0.3350
[Client 3, Round 31] Progress: 16% (46/286) - Loss: 0.1511
[Client 3, Round 31] Progress: 16% (48/286) - Loss: 0.1326
[Client 3, Round 31] Progress: 17% (50/286) - Loss: 0.5495
[Client 3, Round 31] Progress: 18% (52/286) - Loss: 0.1095
[Client 3, Round 31] Progress: 18% (54/286) - Loss: 0.1146
[Client 3, Round 31] Progress: 19% (56/286) - Loss: 0.1613
[Client 3, Round 31] Progress: 20% (58/286) - Loss: 0.1227
[Client 3, Round 31] Progress: 20% (60/286) - Loss: 0.1362
[Client 3, Round 31] Progress: 21% (62/286) - Loss: 0.1478
[Client 3, Round 31] Progress: 22% (64/286) - Loss: 0.0984
[Client 3, Round 31] Progress: 23% (66/286) - Loss: 0.5271
[Client 3, Round 31] Progress: 23% (68/286) - Loss: 0.2745
[Client 3, Round 31] Progress: 24% (70/286) - Loss: 0.2231
[Client 3, Round 31] Progress: 25% (72/286) - Loss: 0.1299
[Client 3, Round 31] Progress: 25% (74/286) - Loss: 0.1212
[Client 3, Round 31] Progress: 26% (76/286) - Loss: 0.2811
[Client 3, Round 31] Progress: 27% (78/286) - Loss: 0.1775
[Client 3, Round 31] Progress: 27% (80/286) - Loss: 0.2944
[Client 3, Round 31] Progress: 28% (82/286) - Loss: 0.2242
[Client 3, Round 31] Progress: 29% (84/286) - Loss: 0.0907
[Client 3, Round 31] Progress: 30% (86/286) - Loss: 0.1451
[Client 3, Round 31] Progress: 30% (88/286) - Loss: 0.1249
[Client 3, Round 31] Progress: 31% (90/286) - Loss: 0.0890
[Client 3, Round 31] Progress: 32% (92/286) - Loss: 0.5640
[Client 3, Round 31] Progress: 32% (94/286) - Loss: 0.3423
[Client 3, Round 31] Progress: 33% (96/286) - Loss: 0.0755
[Client 3, Round 31] Progress: 34% (98/286) - Loss: 0.1944
[Client 3, Round 31] Progress: 34% (100/286) - Loss: 0.6460
[Client 3, Round 31] Progress: 35% (102/286) - Loss: 0.6634
[Client 3, Round 31] Progress: 36% (104/286) - Loss: 0.3431
[Client 3, Round 31] Progress: 37% (106/286) - Loss: 0.4634
[Client 3, Round 31] Progress: 37% (108/286) - Loss: 0.0644
[Client 3, Round 31] Progress: 38% (110/286) - Loss: 0.1845
[Client 3, Round 31] Progress: 39% (112/286) - Loss: 0.4673
[Client 3, Round 31] Progress: 39% (114/286) - Loss: 0.1574
[Client 3, Round 31] Progress: 40% (116/286) - Loss: 0.5001
[Client 3, Round 31] Progress: 41% (118/286) - Loss: 0.4303
[Client 3, Round 31] Progress: 41% (120/286) - Loss: 0.1582
[Client 3, Round 31] Progress: 42% (122/286) - Loss: 0.1651
[Client 3, Round 31] Progress: 43% (124/286) - Loss: 0.2713
[Client 3, Round 31] Progress: 44% (126/286) - Loss: 0.3415
[Client 3, Round 31] Progress: 44% (128/286) - Loss: 0.2135
[Client 3, Round 31] Progress: 45% (130/286) - Loss: 0.1572
[Client 3, Round 31] Progress: 46% (132/286) - Loss: 0.2187
[Client 3, Round 31] Progress: 46% (134/286) - Loss: 0.4748
[Client 3, Round 31] Progress: 47% (136/286) - Loss: 0.1852
[Client 3, Round 31] Progress: 48% (138/286) - Loss: 0.2135
[Client 3, Round 31] Progress: 48% (140/286) - Loss: 0.1299
[Client 3, Round 31] Progress: 49% (142/286) - Loss: 0.1305
[Client 3, Round 31] Progress: 50% (144/286) - Loss: 0.2311
[Client 3, Round 31] Progress: 51% (146/286) - Loss: 0.1189
[Client 3, Round 31] Progress: 51% (148/286) - Loss: 0.1806
[Client 3, Round 31] Progress: 52% (150/286) - Loss: 0.3198
[Client 3, Round 31] Progress: 53% (152/286) - Loss: 0.1204
[Client 3, Round 31] Progress: 53% (154/286) - Loss: 0.2575
[Client 3, Round 31] Progress: 54% (156/286) - Loss: 0.1451
[Client 3, Round 31] Progress: 55% (158/286) - Loss: 0.0816
[Client 3, Round 31] Progress: 55% (160/286) - Loss: 0.3106
[Client 3, Round 31] Progress: 56% (162/286) - Loss: 0.5756
[Client 3, Round 31] Progress: 57% (164/286) - Loss: 0.3294
[Client 3, Round 31] Progress: 58% (166/286) - Loss: 0.5599
[Client 3, Round 31] Progress: 58% (168/286) - Loss: 0.0835
[Client 3, Round 31] Progress: 59% (170/286) - Loss: 0.1431
[Client 3, Round 31] Progress: 60% (172/286) - Loss: 0.1373
[Client 3, Round 31] Progress: 60% (174/286) - Loss: 0.0837
[Client 3, Round 31] Progress: 61% (176/286) - Loss: 0.1409
[Client 3, Round 31] Progress: 62% (178/286) - Loss: 0.6409
[Client 3, Round 31] Progress: 62% (180/286) - Loss: 0.0981
[Client 3, Round 31] Progress: 63% (182/286) - Loss: 0.1318
[Client 3, Round 31] Progress: 64% (184/286) - Loss: 0.1848
[Client 3, Round 31] Progress: 65% (186/286) - Loss: 0.1206
[Client 3, Round 31] Progress: 65% (188/286) - Loss: 0.0674
[Client 3, Round 31] Progress: 66% (190/286) - Loss: 0.1736
[Client 3, Round 31] Progress: 67% (192/286) - Loss: 0.4836
[Client 3, Round 31] Progress: 67% (194/286) - Loss: 0.1148
[Client 3, Round 31] Progress: 68% (196/286) - Loss: 0.6373
[Client 3, Round 31] Progress: 69% (198/286) - Loss: 0.5001
[Client 3, Round 31] Progress: 69% (200/286) - Loss: 0.1731
[Client 3, Round 31] Progress: 70% (202/286) - Loss: 0.1466
[Client 3, Round 31] Progress: 71% (204/286) - Loss: 0.1529
[Client 3, Round 31] Progress: 72% (206/286) - Loss: 0.3303
[Client 3, Round 31] Progress: 72% (208/286) - Loss: 0.1380
[Client 3, Round 31] Progress: 73% (210/286) - Loss: 0.0923
[Client 3, Round 31] Progress: 74% (212/286) - Loss: 0.1777
[Client 3, Round 31] Progress: 74% (214/286) - Loss: 0.1017
[Client 3, Round 31] Progress: 75% (216/286) - Loss: 0.1313
[Client 3, Round 31] Progress: 76% (218/286) - Loss: 0.1099
[Client 3, Round 31] Progress: 76% (220/286) - Loss: 0.0853
[Client 3, Round 31] Progress: 77% (222/286) - Loss: 0.2471
[Client 3, Round 31] Progress: 78% (224/286) - Loss: 0.1268
[Client 3, Round 31] Progress: 79% (226/286) - Loss: 0.1101
[Client 3, Round 31] Progress: 79% (228/286) - Loss: 0.6913
[Client 3, Round 31] Progress: 80% (230/286) - Loss: 0.1144
[Client 3, Round 31] Progress: 81% (232/286) - Loss: 0.0612
[Client 3, Round 31] Progress: 81% (234/286) - Loss: 0.0688
[Client 3, Round 31] Progress: 82% (236/286) - Loss: 0.1914
[Client 3, Round 31] Progress: 83% (238/286) - Loss: 0.0522
[Client 3, Round 31] Progress: 83% (240/286) - Loss: 0.3884
[Client 3, Round 31] Progress: 84% (242/286) - Loss: 0.0982
[Client 3, Round 31] Progress: 85% (244/286) - Loss: 0.0738
[Client 3, Round 31] Progress: 86% (246/286) - Loss: 0.2265
[Client 3, Round 31] Progress: 86% (248/286) - Loss: 0.1063
[Client 3, Round 31] Progress: 87% (250/286) - Loss: 0.1174
[Client 3, Round 31] Progress: 88% (252/286) - Loss: 0.0820
[Client 3, Round 31] Progress: 88% (254/286) - Loss: 0.1883
[Client 3, Round 31] Progress: 89% (256/286) - Loss: 0.0795
[Client 3, Round 31] Progress: 90% (258/286) - Loss: 0.6769
[Client 3, Round 31] Progress: 90% (260/286) - Loss: 0.1776
[Client 3, Round 31] Progress: 91% (262/286) - Loss: 0.1067
[Client 3, Round 31] Progress: 92% (264/286) - Loss: 0.1185
[Client 3, Round 31] Progress: 93% (266/286) - Loss: 0.1308
[Client 3, Round 31] Progress: 93% (268/286) - Loss: 0.1769
[Client 3, Round 31] Progress: 94% (270/286) - Loss: 0.0739
[Client 3, Round 31] Progress: 95% (272/286) - Loss: 0.0852
[Client 3, Round 31] Progress: 95% (274/286) - Loss: 0.0463
[Client 3, Round 31] Progress: 96% (276/286) - Loss: 0.0472
[Client 3, Round 31] Progress: 97% (278/286) - Loss: 0.5463
[Client 3, Round 31] Progress: 97% (280/286) - Loss: 0.1389
[Client 3, Round 31] Progress: 98% (282/286) - Loss: 0.1111
[Client 3, Round 31] Progress: 99% (284/286) - Loss: 0.1223
[Client 3, Round 31] Progress: 100% (286/286) - Loss: 0.2071
[Client 3, Round 31] Train Loss: 0.2181
[Client 3, Round 31] Val Loss: 0.1776 | Val Dice: 0.8385
[Client 3, Round 32] Progress: 0% (2/286) - Loss: 0.0581
[Client 3, Round 32] Progress: 1% (4/286) - Loss: 0.0859
[Client 3, Round 32] Progress: 2% (6/286) - Loss: 0.1840
[Client 3, Round 32] Progress: 2% (8/286) - Loss: 0.8667
[Client 3, Round 32] Progress: 3% (10/286) - Loss: 0.6895
[Client 3, Round 32] Progress: 4% (12/286) - Loss: 0.1778
[Client 3, Round 32] Progress: 4% (14/286) - Loss: 0.0830
[Client 3, Round 32] Progress: 5% (16/286) - Loss: 0.2233
[Client 3, Round 32] Progress: 6% (18/286) - Loss: 0.5285
[Client 3, Round 32] Progress: 6% (20/286) - Loss: 0.4506
[Client 3, Round 32] Progress: 7% (22/286) - Loss: 0.1925
[Client 3, Round 32] Progress: 8% (24/286) - Loss: 0.0820
[Client 3, Round 32] Progress: 9% (26/286) - Loss: 0.2417
[Client 3, Round 32] Progress: 9% (28/286) - Loss: 0.0834
[Client 3, Round 32] Progress: 10% (30/286) - Loss: 0.0687
[Client 3, Round 32] Progress: 11% (32/286) - Loss: 0.1943
[Client 3, Round 32] Progress: 11% (34/286) - Loss: 0.0794
[Client 3, Round 32] Progress: 12% (36/286) - Loss: 0.0887
[Client 3, Round 32] Progress: 13% (38/286) - Loss: 0.1183
[Client 3, Round 32] Progress: 13% (40/286) - Loss: 0.0681
[Client 3, Round 32] Progress: 14% (42/286) - Loss: 0.0946
[Client 3, Round 32] Progress: 15% (44/286) - Loss: 0.4139
[Client 3, Round 32] Progress: 16% (46/286) - Loss: 0.5072
[Client 3, Round 32] Progress: 16% (48/286) - Loss: 0.2147
[Client 3, Round 32] Progress: 17% (50/286) - Loss: 0.0762
[Client 3, Round 32] Progress: 18% (52/286) - Loss: 0.1345
[Client 3, Round 32] Progress: 18% (54/286) - Loss: 0.0985
[Client 3, Round 32] Progress: 19% (56/286) - Loss: 0.1235
[Client 3, Round 32] Progress: 20% (58/286) - Loss: 0.1045
[Client 3, Round 32] Progress: 20% (60/286) - Loss: 0.0913
[Client 3, Round 32] Progress: 21% (62/286) - Loss: 0.1493
[Client 3, Round 32] Progress: 22% (64/286) - Loss: 0.6188
[Client 3, Round 32] Progress: 23% (66/286) - Loss: 0.1278
[Client 3, Round 32] Progress: 23% (68/286) - Loss: 0.1099
[Client 3, Round 32] Progress: 24% (70/286) - Loss: 0.1504
[Client 3, Round 32] Progress: 25% (72/286) - Loss: 0.1563
[Client 3, Round 32] Progress: 25% (74/286) - Loss: 0.1472
[Client 3, Round 32] Progress: 26% (76/286) - Loss: 0.3982
[Client 3, Round 32] Progress: 27% (78/286) - Loss: 0.0856
[Client 3, Round 32] Progress: 27% (80/286) - Loss: 0.2201
[Client 3, Round 32] Progress: 28% (82/286) - Loss: 0.2407
[Client 3, Round 32] Progress: 29% (84/286) - Loss: 0.0814
[Client 3, Round 32] Progress: 30% (86/286) - Loss: 0.5649
[Client 3, Round 32] Progress: 30% (88/286) - Loss: 0.1096
[Client 3, Round 32] Progress: 31% (90/286) - Loss: 0.3152
[Client 3, Round 32] Progress: 32% (92/286) - Loss: 0.1106
[Client 3, Round 32] Progress: 32% (94/286) - Loss: 0.1614
[Client 3, Round 32] Progress: 33% (96/286) - Loss: 0.2178
[Client 3, Round 32] Progress: 34% (98/286) - Loss: 0.1325
[Client 3, Round 32] Progress: 34% (100/286) - Loss: 0.1060
[Client 3, Round 32] Progress: 35% (102/286) - Loss: 0.1050
[Client 3, Round 32] Progress: 36% (104/286) - Loss: 0.2110
[Client 3, Round 32] Progress: 37% (106/286) - Loss: 0.1166
[Client 3, Round 32] Progress: 37% (108/286) - Loss: 0.2042
[Client 3, Round 32] Progress: 38% (110/286) - Loss: 0.1032
[Client 3, Round 32] Progress: 39% (112/286) - Loss: 0.0981
[Client 3, Round 32] Progress: 39% (114/286) - Loss: 0.0732
[Client 3, Round 32] Progress: 40% (116/286) - Loss: 0.1610
[Client 3, Round 32] Progress: 41% (118/286) - Loss: 0.1878
[Client 3, Round 32] Progress: 41% (120/286) - Loss: 0.0928
[Client 3, Round 32] Progress: 42% (122/286) - Loss: 0.4917
[Client 3, Round 32] Progress: 43% (124/286) - Loss: 0.1035
[Client 3, Round 32] Progress: 44% (126/286) - Loss: 0.1345
[Client 3, Round 32] Progress: 44% (128/286) - Loss: 0.2768
[Client 3, Round 32] Progress: 45% (130/286) - Loss: 0.0987
[Client 3, Round 32] Progress: 46% (132/286) - Loss: 0.0976
[Client 3, Round 32] Progress: 46% (134/286) - Loss: 0.4801
[Client 3, Round 32] Progress: 47% (136/286) - Loss: 0.5250
[Client 3, Round 32] Progress: 48% (138/286) - Loss: 0.5277
[Client 3, Round 32] Progress: 48% (140/286) - Loss: 0.1871
[Client 3, Round 32] Progress: 49% (142/286) - Loss: 0.1195
[Client 3, Round 32] Progress: 50% (144/286) - Loss: 0.1722
[Client 3, Round 32] Progress: 51% (146/286) - Loss: 0.2282
[Client 3, Round 32] Progress: 51% (148/286) - Loss: 0.0990
[Client 3, Round 32] Progress: 52% (150/286) - Loss: 0.1708
[Client 3, Round 32] Progress: 53% (152/286) - Loss: 0.7586
[Client 3, Round 32] Progress: 53% (154/286) - Loss: 0.1475
[Client 3, Round 32] Progress: 54% (156/286) - Loss: 0.1010
[Client 3, Round 32] Progress: 55% (158/286) - Loss: 0.1354
[Client 3, Round 32] Progress: 55% (160/286) - Loss: 0.0704
[Client 3, Round 32] Progress: 56% (162/286) - Loss: 0.5569
[Client 3, Round 32] Progress: 57% (164/286) - Loss: 0.0700
[Client 3, Round 32] Progress: 58% (166/286) - Loss: 0.0791
[Client 3, Round 32] Progress: 58% (168/286) - Loss: 0.1901
[Client 3, Round 32] Progress: 59% (170/286) - Loss: 0.1321
[Client 3, Round 32] Progress: 60% (172/286) - Loss: 0.2377
[Client 3, Round 32] Progress: 60% (174/286) - Loss: 0.1029
[Client 3, Round 32] Progress: 61% (176/286) - Loss: 0.7039
[Client 3, Round 32] Progress: 62% (178/286) - Loss: 0.1067
[Client 3, Round 32] Progress: 62% (180/286) - Loss: 0.2148
[Client 3, Round 32] Progress: 63% (182/286) - Loss: 0.1898
[Client 3, Round 32] Progress: 64% (184/286) - Loss: 0.1161
[Client 3, Round 32] Progress: 65% (186/286) - Loss: 0.1351
[Client 3, Round 32] Progress: 65% (188/286) - Loss: 0.1548
[Client 3, Round 32] Progress: 66% (190/286) - Loss: 0.2059
[Client 3, Round 32] Progress: 67% (192/286) - Loss: 0.1057
[Client 3, Round 32] Progress: 67% (194/286) - Loss: 0.2834
[Client 3, Round 32] Progress: 68% (196/286) - Loss: 0.5275
[Client 3, Round 32] Progress: 69% (198/286) - Loss: 0.1407
[Client 3, Round 32] Progress: 69% (200/286) - Loss: 0.0934
[Client 3, Round 32] Progress: 70% (202/286) - Loss: 0.3720
[Client 3, Round 32] Progress: 71% (204/286) - Loss: 0.4392
[Client 3, Round 32] Progress: 72% (206/286) - Loss: 0.2978
[Client 3, Round 32] Progress: 72% (208/286) - Loss: 0.4671
[Client 3, Round 32] Progress: 73% (210/286) - Loss: 0.2677
[Client 3, Round 32] Progress: 74% (212/286) - Loss: 0.4492
[Client 3, Round 32] Progress: 74% (214/286) - Loss: 0.1770
[Client 3, Round 32] Progress: 75% (216/286) - Loss: 0.2228
[Client 3, Round 32] Progress: 76% (218/286) - Loss: 0.5533
[Client 3, Round 32] Progress: 76% (220/286) - Loss: 0.1778
[Client 3, Round 32] Progress: 77% (222/286) - Loss: 0.1229
[Client 3, Round 32] Progress: 78% (224/286) - Loss: 0.1176
[Client 3, Round 32] Progress: 79% (226/286) - Loss: 0.1300
[Client 3, Round 32] Progress: 79% (228/286) - Loss: 0.4298
[Client 3, Round 32] Progress: 80% (230/286) - Loss: 0.6669
[Client 3, Round 32] Progress: 81% (232/286) - Loss: 0.1323
[Client 3, Round 32] Progress: 81% (234/286) - Loss: 0.0904
[Client 3, Round 32] Progress: 82% (236/286) - Loss: 0.1503
[Client 3, Round 32] Progress: 83% (238/286) - Loss: 0.3727
[Client 3, Round 32] Progress: 83% (240/286) - Loss: 0.4503
[Client 3, Round 32] Progress: 84% (242/286) - Loss: 0.0942
[Client 3, Round 32] Progress: 85% (244/286) - Loss: 0.2275
[Client 3, Round 32] Progress: 86% (246/286) - Loss: 0.1501
[Client 3, Round 32] Progress: 86% (248/286) - Loss: 0.2060
[Client 3, Round 32] Progress: 87% (250/286) - Loss: 0.0639
[Client 3, Round 32] Progress: 88% (252/286) - Loss: 0.1642
[Client 3, Round 32] Progress: 88% (254/286) - Loss: 0.0876
[Client 3, Round 32] Progress: 89% (256/286) - Loss: 0.1312
[Client 3, Round 32] Progress: 90% (258/286) - Loss: 0.1630
[Client 3, Round 32] Progress: 90% (260/286) - Loss: 0.1902
[Client 3, Round 32] Progress: 91% (262/286) - Loss: 0.1131
[Client 3, Round 32] Progress: 92% (264/286) - Loss: 0.1026
[Client 3, Round 32] Progress: 93% (266/286) - Loss: 0.1217
[Client 3, Round 32] Progress: 93% (268/286) - Loss: 0.1122
[Client 3, Round 32] Progress: 94% (270/286) - Loss: 0.8784
[Client 3, Round 32] Progress: 95% (272/286) - Loss: 0.1023
[Client 3, Round 32] Progress: 95% (274/286) - Loss: 0.0941
[Client 3, Round 32] Progress: 96% (276/286) - Loss: 0.1927
[Client 3, Round 32] Progress: 97% (278/286) - Loss: 0.1003
[Client 3, Round 32] Progress: 97% (280/286) - Loss: 0.1003
[Client 3, Round 32] Progress: 98% (282/286) - Loss: 0.4991
[Client 3, Round 32] Progress: 99% (284/286) - Loss: 0.1970
[Client 3, Round 32] Progress: 100% (286/286) - Loss: 0.1246
[Client 3, Round 32] Train Loss: 0.2135
[Client 3, Round 32] Val Loss: 0.1873 | Val Dice: 0.8290
[Client 3, Round 33] Progress: 0% (2/286) - Loss: 0.2690
[Client 3, Round 33] Progress: 1% (4/286) - Loss: 0.1434
[Client 3, Round 33] Progress: 2% (6/286) - Loss: 0.5194
[Client 3, Round 33] Progress: 2% (8/286) - Loss: 0.0780
[Client 3, Round 33] Progress: 3% (10/286) - Loss: 0.6880
[Client 3, Round 33] Progress: 4% (12/286) - Loss: 0.1821
[Client 3, Round 33] Progress: 4% (14/286) - Loss: 0.1243
[Client 3, Round 33] Progress: 5% (16/286) - Loss: 0.5654
[Client 3, Round 33] Progress: 6% (18/286) - Loss: 0.2478
[Client 3, Round 33] Progress: 6% (20/286) - Loss: 0.3649
[Client 3, Round 33] Progress: 7% (22/286) - Loss: 0.5022
[Client 3, Round 33] Progress: 8% (24/286) - Loss: 0.1900
[Client 3, Round 33] Progress: 9% (26/286) - Loss: 0.0814
[Client 3, Round 33] Progress: 9% (28/286) - Loss: 0.0902
[Client 3, Round 33] Progress: 10% (30/286) - Loss: 0.4113
[Client 3, Round 33] Progress: 11% (32/286) - Loss: 0.1003
[Client 3, Round 33] Progress: 11% (34/286) - Loss: 0.1903
[Client 3, Round 33] Progress: 12% (36/286) - Loss: 0.1549
[Client 3, Round 33] Progress: 13% (38/286) - Loss: 0.1916
[Client 3, Round 33] Progress: 13% (40/286) - Loss: 0.1774
[Client 3, Round 33] Progress: 14% (42/286) - Loss: 0.2192
[Client 3, Round 33] Progress: 15% (44/286) - Loss: 0.4819
[Client 3, Round 33] Progress: 16% (46/286) - Loss: 0.5905
[Client 3, Round 33] Progress: 16% (48/286) - Loss: 0.1470
[Client 3, Round 33] Progress: 17% (50/286) - Loss: 0.2079
[Client 3, Round 33] Progress: 18% (52/286) - Loss: 0.1776
[Client 3, Round 33] Progress: 18% (54/286) - Loss: 0.2718
[Client 3, Round 33] Progress: 19% (56/286) - Loss: 0.5895
[Client 3, Round 33] Progress: 20% (58/286) - Loss: 0.1363
[Client 3, Round 33] Progress: 20% (60/286) - Loss: 0.2478
[Client 3, Round 33] Progress: 21% (62/286) - Loss: 0.1066
[Client 3, Round 33] Progress: 22% (64/286) - Loss: 0.1103
[Client 3, Round 33] Progress: 23% (66/286) - Loss: 0.2744
[Client 3, Round 33] Progress: 23% (68/286) - Loss: 0.6359
[Client 3, Round 33] Progress: 24% (70/286) - Loss: 0.0981
[Client 3, Round 33] Progress: 25% (72/286) - Loss: 0.4859
[Client 3, Round 33] Progress: 25% (74/286) - Loss: 0.0811
[Client 3, Round 33] Progress: 26% (76/286) - Loss: 0.0752
[Client 3, Round 33] Progress: 27% (78/286) - Loss: 0.4893
[Client 3, Round 33] Progress: 27% (80/286) - Loss: 0.0686
[Client 3, Round 33] Progress: 28% (82/286) - Loss: 0.1277
[Client 3, Round 33] Progress: 29% (84/286) - Loss: 0.1684
[Client 3, Round 33] Progress: 30% (86/286) - Loss: 0.0794
[Client 3, Round 33] Progress: 30% (88/286) - Loss: 0.1316
[Client 3, Round 33] Progress: 31% (90/286) - Loss: 0.5246
[Client 3, Round 33] Progress: 32% (92/286) - Loss: 0.2047
[Client 3, Round 33] Progress: 32% (94/286) - Loss: 0.1010
[Client 3, Round 33] Progress: 33% (96/286) - Loss: 0.1335
[Client 3, Round 33] Progress: 34% (98/286) - Loss: 0.0691
[Client 3, Round 33] Progress: 34% (100/286) - Loss: 0.1050
[Client 3, Round 33] Progress: 35% (102/286) - Loss: 0.0788
[Client 3, Round 33] Progress: 36% (104/286) - Loss: 0.2011
[Client 3, Round 33] Progress: 37% (106/286) - Loss: 0.1370
[Client 3, Round 33] Progress: 37% (108/286) - Loss: 0.1189
[Client 3, Round 33] Progress: 38% (110/286) - Loss: 0.1559
[Client 3, Round 33] Progress: 39% (112/286) - Loss: 0.1217
[Client 3, Round 33] Progress: 39% (114/286) - Loss: 0.2631
[Client 3, Round 33] Progress: 40% (116/286) - Loss: 0.0924
[Client 3, Round 33] Progress: 41% (118/286) - Loss: 0.0710
[Client 3, Round 33] Progress: 41% (120/286) - Loss: 0.1246
[Client 3, Round 33] Progress: 42% (122/286) - Loss: 0.1165
[Client 3, Round 33] Progress: 43% (124/286) - Loss: 0.3865
[Client 3, Round 33] Progress: 44% (126/286) - Loss: 0.2149
[Client 3, Round 33] Progress: 44% (128/286) - Loss: 0.0794
[Client 3, Round 33] Progress: 45% (130/286) - Loss: 0.3754
[Client 3, Round 33] Progress: 46% (132/286) - Loss: 0.3695
[Client 3, Round 33] Progress: 46% (134/286) - Loss: 0.1483
[Client 3, Round 33] Progress: 47% (136/286) - Loss: 0.1137
[Client 3, Round 33] Progress: 48% (138/286) - Loss: 0.1452
[Client 3, Round 33] Progress: 48% (140/286) - Loss: 0.4068
[Client 3, Round 33] Progress: 49% (142/286) - Loss: 0.1054
[Client 3, Round 33] Progress: 50% (144/286) - Loss: 0.1657
[Client 3, Round 33] Progress: 51% (146/286) - Loss: 0.1189
[Client 3, Round 33] Progress: 51% (148/286) - Loss: 0.5295
[Client 3, Round 33] Progress: 52% (150/286) - Loss: 0.2950
[Client 3, Round 33] Progress: 53% (152/286) - Loss: 0.1447
[Client 3, Round 33] Progress: 53% (154/286) - Loss: 0.1219
[Client 3, Round 33] Progress: 54% (156/286) - Loss: 0.1625
[Client 3, Round 33] Progress: 55% (158/286) - Loss: 0.5465
[Client 3, Round 33] Progress: 55% (160/286) - Loss: 0.2465
[Client 3, Round 33] Progress: 56% (162/286) - Loss: 0.1056
[Client 3, Round 33] Progress: 57% (164/286) - Loss: 0.1772
[Client 3, Round 33] Progress: 58% (166/286) - Loss: 0.2739
[Client 3, Round 33] Progress: 58% (168/286) - Loss: 0.1373
[Client 3, Round 33] Progress: 59% (170/286) - Loss: 0.1430
[Client 3, Round 33] Progress: 60% (172/286) - Loss: 0.1858
[Client 3, Round 33] Progress: 60% (174/286) - Loss: 0.1788
[Client 3, Round 33] Progress: 61% (176/286) - Loss: 0.1649
[Client 3, Round 33] Progress: 62% (178/286) - Loss: 0.2026
[Client 3, Round 33] Progress: 62% (180/286) - Loss: 0.1155
[Client 3, Round 33] Progress: 63% (182/286) - Loss: 0.2277
[Client 3, Round 33] Progress: 64% (184/286) - Loss: 0.7756
[Client 3, Round 33] Progress: 65% (186/286) - Loss: 0.3771
[Client 3, Round 33] Progress: 65% (188/286) - Loss: 0.1158
[Client 3, Round 33] Progress: 66% (190/286) - Loss: 0.0980
[Client 3, Round 33] Progress: 67% (192/286) - Loss: 0.1163
[Client 3, Round 33] Progress: 67% (194/286) - Loss: 0.5342
[Client 3, Round 33] Progress: 68% (196/286) - Loss: 0.6454
[Client 3, Round 33] Progress: 69% (198/286) - Loss: 0.1183
[Client 3, Round 33] Progress: 69% (200/286) - Loss: 0.1038
[Client 3, Round 33] Progress: 70% (202/286) - Loss: 0.0923
[Client 3, Round 33] Progress: 71% (204/286) - Loss: 0.1865
[Client 3, Round 33] Progress: 72% (206/286) - Loss: 0.0568
[Client 3, Round 33] Progress: 72% (208/286) - Loss: 0.1048
[Client 3, Round 33] Progress: 73% (210/286) - Loss: 0.0820
[Client 3, Round 33] Progress: 74% (212/286) - Loss: 0.2270
[Client 3, Round 33] Progress: 74% (214/286) - Loss: 0.2198
[Client 3, Round 33] Progress: 75% (216/286) - Loss: 0.1698
[Client 3, Round 33] Progress: 76% (218/286) - Loss: 0.2010
[Client 3, Round 33] Progress: 76% (220/286) - Loss: 0.4292
[Client 3, Round 33] Progress: 77% (222/286) - Loss: 0.0614
[Client 3, Round 33] Progress: 78% (224/286) - Loss: 0.1080
[Client 3, Round 33] Progress: 79% (226/286) - Loss: 0.2227
[Client 3, Round 33] Progress: 79% (228/286) - Loss: 0.1450
[Client 3, Round 33] Progress: 80% (230/286) - Loss: 0.1250
[Client 3, Round 33] Progress: 81% (232/286) - Loss: 0.2069
[Client 3, Round 33] Progress: 81% (234/286) - Loss: 0.0694
[Client 3, Round 33] Progress: 82% (236/286) - Loss: 0.2991
[Client 3, Round 33] Progress: 83% (238/286) - Loss: 0.0999
[Client 3, Round 33] Progress: 83% (240/286) - Loss: 0.3734
[Client 3, Round 33] Progress: 84% (242/286) - Loss: 0.1077
[Client 3, Round 33] Progress: 85% (244/286) - Loss: 0.3131
[Client 3, Round 33] Progress: 86% (246/286) - Loss: 0.1007
[Client 3, Round 33] Progress: 86% (248/286) - Loss: 0.0801
[Client 3, Round 33] Progress: 87% (250/286) - Loss: 0.0764
[Client 3, Round 33] Progress: 88% (252/286) - Loss: 0.1127
[Client 3, Round 33] Progress: 88% (254/286) - Loss: 0.1927
[Client 3, Round 33] Progress: 89% (256/286) - Loss: 0.0999
[Client 3, Round 33] Progress: 90% (258/286) - Loss: 0.0759
[Client 3, Round 33] Progress: 90% (260/286) - Loss: 0.1246
[Client 3, Round 33] Progress: 91% (262/286) - Loss: 0.0750
[Client 3, Round 33] Progress: 92% (264/286) - Loss: 0.1336
[Client 3, Round 33] Progress: 93% (266/286) - Loss: 0.1319
[Client 3, Round 33] Progress: 93% (268/286) - Loss: 0.3118
[Client 3, Round 33] Progress: 94% (270/286) - Loss: 0.1285
[Client 3, Round 33] Progress: 95% (272/286) - Loss: 0.7166
[Client 3, Round 33] Progress: 95% (274/286) - Loss: 0.2047
[Client 3, Round 33] Progress: 96% (276/286) - Loss: 0.0454
[Client 3, Round 33] Progress: 97% (278/286) - Loss: 0.4295
[Client 3, Round 33] Progress: 97% (280/286) - Loss: 0.3812
[Client 3, Round 33] Progress: 98% (282/286) - Loss: 0.1354
[Client 3, Round 33] Progress: 99% (284/286) - Loss: 0.0866
[Client 3, Round 33] Progress: 100% (286/286) - Loss: 0.1267
[Client 3, Round 33] Train Loss: 0.2113
[Client 3, Round 33] Val Loss: 0.1796 | Val Dice: 0.8363
[Client 3, Round 34] Progress: 0% (2/286) - Loss: 0.0880
[Client 3, Round 34] Progress: 1% (4/286) - Loss: 0.0853
[Client 3, Round 34] Progress: 2% (6/286) - Loss: 0.1311
[Client 3, Round 34] Progress: 2% (8/286) - Loss: 0.7385
[Client 3, Round 34] Progress: 3% (10/286) - Loss: 0.1023
[Client 3, Round 34] Progress: 4% (12/286) - Loss: 0.1704
[Client 3, Round 34] Progress: 4% (14/286) - Loss: 0.4644
[Client 3, Round 34] Progress: 5% (16/286) - Loss: 0.1146
[Client 3, Round 34] Progress: 6% (18/286) - Loss: 0.0772
[Client 3, Round 34] Progress: 6% (20/286) - Loss: 0.0989
[Client 3, Round 34] Progress: 7% (22/286) - Loss: 0.2628
[Client 3, Round 34] Progress: 8% (24/286) - Loss: 0.0740
[Client 3, Round 34] Progress: 9% (26/286) - Loss: 0.3899
[Client 3, Round 34] Progress: 9% (28/286) - Loss: 0.1525
[Client 3, Round 34] Progress: 10% (30/286) - Loss: 0.6249
[Client 3, Round 34] Progress: 11% (32/286) - Loss: 0.0938
[Client 3, Round 34] Progress: 11% (34/286) - Loss: 0.1320
[Client 3, Round 34] Progress: 12% (36/286) - Loss: 0.0944
[Client 3, Round 34] Progress: 13% (38/286) - Loss: 0.1944
[Client 3, Round 34] Progress: 13% (40/286) - Loss: 0.1165
[Client 3, Round 34] Progress: 14% (42/286) - Loss: 0.2714
[Client 3, Round 34] Progress: 15% (44/286) - Loss: 0.1877
[Client 3, Round 34] Progress: 16% (46/286) - Loss: 0.1992
[Client 3, Round 34] Progress: 16% (48/286) - Loss: 0.2112
[Client 3, Round 34] Progress: 17% (50/286) - Loss: 0.4511
[Client 3, Round 34] Progress: 18% (52/286) - Loss: 0.1692
[Client 3, Round 34] Progress: 18% (54/286) - Loss: 0.3886
[Client 3, Round 34] Progress: 19% (56/286) - Loss: 0.1966
[Client 3, Round 34] Progress: 20% (58/286) - Loss: 0.4606
[Client 3, Round 34] Progress: 20% (60/286) - Loss: 0.9986
[Client 3, Round 34] Progress: 21% (62/286) - Loss: 0.1673
[Client 3, Round 34] Progress: 22% (64/286) - Loss: 0.3608
[Client 3, Round 34] Progress: 23% (66/286) - Loss: 0.1117
[Client 3, Round 34] Progress: 23% (68/286) - Loss: 0.1348
[Client 3, Round 34] Progress: 24% (70/286) - Loss: 0.4244
[Client 3, Round 34] Progress: 25% (72/286) - Loss: 0.1571
[Client 3, Round 34] Progress: 25% (74/286) - Loss: 0.2159
[Client 3, Round 34] Progress: 26% (76/286) - Loss: 0.1202
[Client 3, Round 34] Progress: 27% (78/286) - Loss: 0.2016
[Client 3, Round 34] Progress: 27% (80/286) - Loss: 0.2675
[Client 3, Round 34] Progress: 28% (82/286) - Loss: 0.2015
[Client 3, Round 34] Progress: 29% (84/286) - Loss: 0.1733
[Client 3, Round 34] Progress: 30% (86/286) - Loss: 0.1150
[Client 3, Round 34] Progress: 30% (88/286) - Loss: 0.3786
[Client 3, Round 34] Progress: 31% (90/286) - Loss: 0.1977
[Client 3, Round 34] Progress: 32% (92/286) - Loss: 0.2827
[Client 3, Round 34] Progress: 32% (94/286) - Loss: 0.0565
[Client 3, Round 34] Progress: 33% (96/286) - Loss: 0.1649
[Client 3, Round 34] Progress: 34% (98/286) - Loss: 0.1087
[Client 3, Round 34] Progress: 34% (100/286) - Loss: 0.1236
[Client 3, Round 34] Progress: 35% (102/286) - Loss: 0.2357
[Client 3, Round 34] Progress: 36% (104/286) - Loss: 0.0960
[Client 3, Round 34] Progress: 37% (106/286) - Loss: 0.1326
[Client 3, Round 34] Progress: 37% (108/286) - Loss: 0.3762
[Client 3, Round 34] Progress: 38% (110/286) - Loss: 0.0973
[Client 3, Round 34] Progress: 39% (112/286) - Loss: 0.2181
[Client 3, Round 34] Progress: 39% (114/286) - Loss: 0.4666
[Client 3, Round 34] Progress: 40% (116/286) - Loss: 0.0969
[Client 3, Round 34] Progress: 41% (118/286) - Loss: 0.1726
[Client 3, Round 34] Progress: 41% (120/286) - Loss: 0.1725
[Client 3, Round 34] Progress: 42% (122/286) - Loss: 0.0933
[Client 3, Round 34] Progress: 43% (124/286) - Loss: 0.0968
[Client 3, Round 34] Progress: 44% (126/286) - Loss: 0.1218
[Client 3, Round 34] Progress: 44% (128/286) - Loss: 0.1315
[Client 3, Round 34] Progress: 45% (130/286) - Loss: 0.1660
[Client 3, Round 34] Progress: 46% (132/286) - Loss: 0.0834
[Client 3, Round 34] Progress: 46% (134/286) - Loss: 0.1107
[Client 3, Round 34] Progress: 47% (136/286) - Loss: 0.1492
[Client 3, Round 34] Progress: 48% (138/286) - Loss: 0.1226
[Client 3, Round 34] Progress: 48% (140/286) - Loss: 0.1153
[Client 3, Round 34] Progress: 49% (142/286) - Loss: 0.2936
[Client 3, Round 34] Progress: 50% (144/286) - Loss: 0.0798
[Client 3, Round 34] Progress: 51% (146/286) - Loss: 0.1100
[Client 3, Round 34] Progress: 51% (148/286) - Loss: 0.1010
[Client 3, Round 34] Progress: 52% (150/286) - Loss: 0.0618
[Client 3, Round 34] Progress: 53% (152/286) - Loss: 0.0926
[Client 3, Round 34] Progress: 53% (154/286) - Loss: 0.1220
[Client 3, Round 34] Progress: 54% (156/286) - Loss: 0.1929
[Client 3, Round 34] Progress: 55% (158/286) - Loss: 0.1288
[Client 3, Round 34] Progress: 55% (160/286) - Loss: 0.1404
[Client 3, Round 34] Progress: 56% (162/286) - Loss: 0.2304
[Client 3, Round 34] Progress: 57% (164/286) - Loss: 0.1272
[Client 3, Round 34] Progress: 58% (166/286) - Loss: 0.1806
[Client 3, Round 34] Progress: 58% (168/286) - Loss: 0.0933
[Client 3, Round 34] Progress: 59% (170/286) - Loss: 0.1419
[Client 3, Round 34] Progress: 60% (172/286) - Loss: 0.1046
[Client 3, Round 34] Progress: 60% (174/286) - Loss: 0.3367
[Client 3, Round 34] Progress: 61% (176/286) - Loss: 0.1130
[Client 3, Round 34] Progress: 62% (178/286) - Loss: 0.2317
[Client 3, Round 34] Progress: 62% (180/286) - Loss: 0.1670
[Client 3, Round 34] Progress: 63% (182/286) - Loss: 0.1185
[Client 3, Round 34] Progress: 64% (184/286) - Loss: 0.1748
[Client 3, Round 34] Progress: 65% (186/286) - Loss: 0.1146
[Client 3, Round 34] Progress: 65% (188/286) - Loss: 0.4534
[Client 3, Round 34] Progress: 66% (190/286) - Loss: 0.1673
[Client 3, Round 34] Progress: 67% (192/286) - Loss: 0.0974
[Client 3, Round 34] Progress: 67% (194/286) - Loss: 0.4763
[Client 3, Round 34] Progress: 68% (196/286) - Loss: 0.1118
[Client 3, Round 34] Progress: 69% (198/286) - Loss: 0.1074
[Client 3, Round 34] Progress: 69% (200/286) - Loss: 0.1532
[Client 3, Round 34] Progress: 70% (202/286) - Loss: 0.2378
[Client 3, Round 34] Progress: 71% (204/286) - Loss: 0.0729
[Client 3, Round 34] Progress: 72% (206/286) - Loss: 0.0654
[Client 3, Round 34] Progress: 72% (208/286) - Loss: 0.0934
[Client 3, Round 34] Progress: 73% (210/286) - Loss: 0.1424
[Client 3, Round 34] Progress: 74% (212/286) - Loss: 0.1649
[Client 3, Round 34] Progress: 74% (214/286) - Loss: 0.0767
[Client 3, Round 34] Progress: 75% (216/286) - Loss: 0.2486
[Client 3, Round 34] Progress: 76% (218/286) - Loss: 0.1013
[Client 3, Round 34] Progress: 76% (220/286) - Loss: 0.2460
[Client 3, Round 34] Progress: 77% (222/286) - Loss: 0.0999
[Client 3, Round 34] Progress: 78% (224/286) - Loss: 0.1729
[Client 3, Round 34] Progress: 79% (226/286) - Loss: 0.1746
[Client 3, Round 34] Progress: 79% (228/286) - Loss: 0.0877
[Client 3, Round 34] Progress: 80% (230/286) - Loss: 0.1265
[Client 3, Round 34] Progress: 81% (232/286) - Loss: 0.1265
[Client 3, Round 34] Progress: 81% (234/286) - Loss: 0.1205
[Client 3, Round 34] Progress: 82% (236/286) - Loss: 0.1718
[Client 3, Round 34] Progress: 83% (238/286) - Loss: 0.0639
[Client 3, Round 34] Progress: 83% (240/286) - Loss: 0.0498
[Client 3, Round 34] Progress: 84% (242/286) - Loss: 0.4757
[Client 3, Round 34] Progress: 85% (244/286) - Loss: 0.7153
[Client 3, Round 34] Progress: 86% (246/286) - Loss: 0.1914
[Client 3, Round 34] Progress: 86% (248/286) - Loss: 0.1661
[Client 3, Round 34] Progress: 87% (250/286) - Loss: 0.4873
[Client 3, Round 34] Progress: 88% (252/286) - Loss: 0.1402
[Client 3, Round 34] Progress: 88% (254/286) - Loss: 0.6027
[Client 3, Round 34] Progress: 89% (256/286) - Loss: 0.2886
[Client 3, Round 34] Progress: 90% (258/286) - Loss: 0.1110
[Client 3, Round 34] Progress: 90% (260/286) - Loss: 0.2296
[Client 3, Round 34] Progress: 91% (262/286) - Loss: 0.1447
[Client 3, Round 34] Progress: 92% (264/286) - Loss: 0.4148
[Client 3, Round 34] Progress: 93% (266/286) - Loss: 0.1511
[Client 3, Round 34] Progress: 93% (268/286) - Loss: 0.0808
[Client 3, Round 34] Progress: 94% (270/286) - Loss: 0.2053
[Client 3, Round 34] Progress: 95% (272/286) - Loss: 0.1338
[Client 3, Round 34] Progress: 95% (274/286) - Loss: 0.1879
[Client 3, Round 34] Progress: 96% (276/286) - Loss: 0.1277
[Client 3, Round 34] Progress: 97% (278/286) - Loss: 0.1180
[Client 3, Round 34] Progress: 97% (280/286) - Loss: 0.0601
[Client 3, Round 34] Progress: 98% (282/286) - Loss: 0.1395
[Client 3, Round 34] Progress: 99% (284/286) - Loss: 0.0628
[Client 3, Round 34] Progress: 100% (286/286) - Loss: 0.4761
[Client 3, Round 34] Train Loss: 0.2132
[Client 3, Round 34] Val Loss: 0.1794 | Val Dice: 0.8365
[Client 3, Round 35] Progress: 0% (2/286) - Loss: 0.4984
[Client 3, Round 35] Progress: 1% (4/286) - Loss: 0.1228
[Client 3, Round 35] Progress: 2% (6/286) - Loss: 0.5635
[Client 3, Round 35] Progress: 2% (8/286) - Loss: 0.2546
[Client 3, Round 35] Progress: 3% (10/286) - Loss: 0.3126
[Client 3, Round 35] Progress: 4% (12/286) - Loss: 0.1371
[Client 3, Round 35] Progress: 4% (14/286) - Loss: 0.0912
[Client 3, Round 35] Progress: 5% (16/286) - Loss: 0.4811
[Client 3, Round 35] Progress: 6% (18/286) - Loss: 0.1575
[Client 3, Round 35] Progress: 6% (20/286) - Loss: 0.1295
[Client 3, Round 35] Progress: 7% (22/286) - Loss: 0.1077
[Client 3, Round 35] Progress: 8% (24/286) - Loss: 0.7384
[Client 3, Round 35] Progress: 9% (26/286) - Loss: 0.2453
[Client 3, Round 35] Progress: 9% (28/286) - Loss: 0.0768
[Client 3, Round 35] Progress: 10% (30/286) - Loss: 0.1188
[Client 3, Round 35] Progress: 11% (32/286) - Loss: 0.2482
[Client 3, Round 35] Progress: 11% (34/286) - Loss: 0.4169
[Client 3, Round 35] Progress: 12% (36/286) - Loss: 0.4114
[Client 3, Round 35] Progress: 13% (38/286) - Loss: 0.1757
[Client 3, Round 35] Progress: 13% (40/286) - Loss: 0.1355
[Client 3, Round 35] Progress: 14% (42/286) - Loss: 0.0684
[Client 3, Round 35] Progress: 15% (44/286) - Loss: 0.0725
[Client 3, Round 35] Progress: 16% (46/286) - Loss: 0.2639
[Client 3, Round 35] Progress: 16% (48/286) - Loss: 0.2704
[Client 3, Round 35] Progress: 17% (50/286) - Loss: 0.1228
[Client 3, Round 35] Progress: 18% (52/286) - Loss: 0.4646
[Client 3, Round 35] Progress: 18% (54/286) - Loss: 0.7570
[Client 3, Round 35] Progress: 19% (56/286) - Loss: 0.1782
[Client 3, Round 35] Progress: 20% (58/286) - Loss: 0.1184
[Client 3, Round 35] Progress: 20% (60/286) - Loss: 0.1875
[Client 3, Round 35] Progress: 21% (62/286) - Loss: 0.0775
[Client 3, Round 35] Progress: 22% (64/286) - Loss: 0.1449
[Client 3, Round 35] Progress: 23% (66/286) - Loss: 0.6931
[Client 3, Round 35] Progress: 23% (68/286) - Loss: 0.0927
[Client 3, Round 35] Progress: 24% (70/286) - Loss: 0.1618
[Client 3, Round 35] Progress: 25% (72/286) - Loss: 0.1748
[Client 3, Round 35] Progress: 25% (74/286) - Loss: 0.0506
[Client 3, Round 35] Progress: 26% (76/286) - Loss: 0.6214
[Client 3, Round 35] Progress: 27% (78/286) - Loss: 0.0908
[Client 3, Round 35] Progress: 27% (80/286) - Loss: 0.1421
[Client 3, Round 35] Progress: 28% (82/286) - Loss: 0.1252
[Client 3, Round 35] Progress: 29% (84/286) - Loss: 0.0730
[Client 3, Round 35] Progress: 30% (86/286) - Loss: 0.1187
[Client 3, Round 35] Progress: 30% (88/286) - Loss: 0.4214
[Client 3, Round 35] Progress: 31% (90/286) - Loss: 0.1356
[Client 3, Round 35] Progress: 32% (92/286) - Loss: 0.0754
[Client 3, Round 35] Progress: 32% (94/286) - Loss: 0.6687
[Client 3, Round 35] Progress: 33% (96/286) - Loss: 0.0998
[Client 3, Round 35] Progress: 34% (98/286) - Loss: 0.3998
[Client 3, Round 35] Progress: 34% (100/286) - Loss: 0.4455
[Client 3, Round 35] Progress: 35% (102/286) - Loss: 0.2039
[Client 3, Round 35] Progress: 36% (104/286) - Loss: 0.1367
[Client 3, Round 35] Progress: 37% (106/286) - Loss: 0.1790
[Client 3, Round 35] Progress: 37% (108/286) - Loss: 0.1313
[Client 3, Round 35] Progress: 38% (110/286) - Loss: 0.0677
[Client 3, Round 35] Progress: 39% (112/286) - Loss: 0.3471
[Client 3, Round 35] Progress: 39% (114/286) - Loss: 0.3336
[Client 3, Round 35] Progress: 40% (116/286) - Loss: 0.0772
[Client 3, Round 35] Progress: 41% (118/286) - Loss: 0.1594
[Client 3, Round 35] Progress: 41% (120/286) - Loss: 0.1493
[Client 3, Round 35] Progress: 42% (122/286) - Loss: 0.1066
[Client 3, Round 35] Progress: 43% (124/286) - Loss: 0.0817
[Client 3, Round 35] Progress: 44% (126/286) - Loss: 0.1850
[Client 3, Round 35] Progress: 44% (128/286) - Loss: 0.1548
[Client 3, Round 35] Progress: 45% (130/286) - Loss: 0.3686
[Client 3, Round 35] Progress: 46% (132/286) - Loss: 0.1142
[Client 3, Round 35] Progress: 46% (134/286) - Loss: 0.7091
[Client 3, Round 35] Progress: 47% (136/286) - Loss: 0.1502
[Client 3, Round 35] Progress: 48% (138/286) - Loss: 0.0927
[Client 3, Round 35] Progress: 48% (140/286) - Loss: 0.2932
[Client 3, Round 35] Progress: 49% (142/286) - Loss: 0.1647
[Client 3, Round 35] Progress: 50% (144/286) - Loss: 0.1599
[Client 3, Round 35] Progress: 51% (146/286) - Loss: 0.0681
[Client 3, Round 35] Progress: 51% (148/286) - Loss: 0.1351
[Client 3, Round 35] Progress: 52% (150/286) - Loss: 0.1635
[Client 3, Round 35] Progress: 53% (152/286) - Loss: 0.1758
[Client 3, Round 35] Progress: 53% (154/286) - Loss: 0.5596
[Client 3, Round 35] Progress: 54% (156/286) - Loss: 0.4543
[Client 3, Round 35] Progress: 55% (158/286) - Loss: 0.1050
[Client 3, Round 35] Progress: 55% (160/286) - Loss: 0.7083
[Client 3, Round 35] Progress: 56% (162/286) - Loss: 0.2151
[Client 3, Round 35] Progress: 57% (164/286) - Loss: 0.2009
[Client 3, Round 35] Progress: 58% (166/286) - Loss: 0.0845
[Client 3, Round 35] Progress: 58% (168/286) - Loss: 0.1651
[Client 3, Round 35] Progress: 59% (170/286) - Loss: 0.1299
[Client 3, Round 35] Progress: 60% (172/286) - Loss: 0.0648
[Client 3, Round 35] Progress: 60% (174/286) - Loss: 0.2057
[Client 3, Round 35] Progress: 61% (176/286) - Loss: 0.1565
[Client 3, Round 35] Progress: 62% (178/286) - Loss: 0.4524
[Client 3, Round 35] Progress: 62% (180/286) - Loss: 0.1951
[Client 3, Round 35] Progress: 63% (182/286) - Loss: 0.1359
[Client 3, Round 35] Progress: 64% (184/286) - Loss: 0.4136
[Client 3, Round 35] Progress: 65% (186/286) - Loss: 0.4643
[Client 3, Round 35] Progress: 65% (188/286) - Loss: 0.1149
[Client 3, Round 35] Progress: 66% (190/286) - Loss: 0.1867
[Client 3, Round 35] Progress: 67% (192/286) - Loss: 0.0921
[Client 3, Round 35] Progress: 67% (194/286) - Loss: 0.1923
[Client 3, Round 35] Progress: 68% (196/286) - Loss: 0.1903
[Client 3, Round 35] Progress: 69% (198/286) - Loss: 0.1172
[Client 3, Round 35] Progress: 69% (200/286) - Loss: 0.0936
[Client 3, Round 35] Progress: 70% (202/286) - Loss: 0.2626
[Client 3, Round 35] Progress: 71% (204/286) - Loss: 0.1023
[Client 3, Round 35] Progress: 72% (206/286) - Loss: 0.0683
[Client 3, Round 35] Progress: 72% (208/286) - Loss: 0.1000
[Client 3, Round 35] Progress: 73% (210/286) - Loss: 0.0855
[Client 3, Round 35] Progress: 74% (212/286) - Loss: 0.3839
[Client 3, Round 35] Progress: 74% (214/286) - Loss: 0.2596
[Client 3, Round 35] Progress: 75% (216/286) - Loss: 0.1608
[Client 3, Round 35] Progress: 76% (218/286) - Loss: 0.2351
[Client 3, Round 35] Progress: 76% (220/286) - Loss: 0.1576
[Client 3, Round 35] Progress: 77% (222/286) - Loss: 0.1838
[Client 3, Round 35] Progress: 78% (224/286) - Loss: 0.0958
[Client 3, Round 35] Progress: 79% (226/286) - Loss: 0.1604
[Client 3, Round 35] Progress: 79% (228/286) - Loss: 0.1018
[Client 3, Round 35] Progress: 80% (230/286) - Loss: 0.1556
[Client 3, Round 35] Progress: 81% (232/286) - Loss: 0.1018
[Client 3, Round 35] Progress: 81% (234/286) - Loss: 0.0916
[Client 3, Round 35] Progress: 82% (236/286) - Loss: 0.1405
[Client 3, Round 35] Progress: 83% (238/286) - Loss: 0.1693
[Client 3, Round 35] Progress: 83% (240/286) - Loss: 0.1206
[Client 3, Round 35] Progress: 84% (242/286) - Loss: 0.1416
[Client 3, Round 35] Progress: 85% (244/286) - Loss: 0.1227
[Client 3, Round 35] Progress: 86% (246/286) - Loss: 0.5361
[Client 3, Round 35] Progress: 86% (248/286) - Loss: 0.0779
[Client 3, Round 35] Progress: 87% (250/286) - Loss: 0.1117
[Client 3, Round 35] Progress: 88% (252/286) - Loss: 0.1768
[Client 3, Round 35] Progress: 88% (254/286) - Loss: 0.1521
[Client 3, Round 35] Progress: 89% (256/286) - Loss: 0.2714
[Client 3, Round 35] Progress: 90% (258/286) - Loss: 0.1261
[Client 3, Round 35] Progress: 90% (260/286) - Loss: 0.3400
[Client 3, Round 35] Progress: 91% (262/286) - Loss: 0.1621
[Client 3, Round 35] Progress: 92% (264/286) - Loss: 0.4230
[Client 3, Round 35] Progress: 93% (266/286) - Loss: 0.0954
[Client 3, Round 35] Progress: 93% (268/286) - Loss: 0.1262
[Client 3, Round 35] Progress: 94% (270/286) - Loss: 0.2161
[Client 3, Round 35] Progress: 95% (272/286) - Loss: 0.1310
[Client 3, Round 35] Progress: 95% (274/286) - Loss: 0.4664
[Client 3, Round 35] Progress: 96% (276/286) - Loss: 0.5140
[Client 3, Round 35] Progress: 97% (278/286) - Loss: 0.1169
[Client 3, Round 35] Progress: 97% (280/286) - Loss: 0.4896
[Client 3, Round 35] Progress: 98% (282/286) - Loss: 0.1403
[Client 3, Round 35] Progress: 99% (284/286) - Loss: 0.1390
[Client 3, Round 35] Progress: 100% (286/286) - Loss: 0.1843
[Client 3, Round 35] Train Loss: 0.2096
[Client 3, Round 35] Val Loss: 0.1728 | Val Dice: 0.8438
[Client 3, Round 36] Progress: 0% (2/286) - Loss: 0.1488
[Client 3, Round 36] Progress: 1% (4/286) - Loss: 0.1397
[Client 3, Round 36] Progress: 2% (6/286) - Loss: 0.1508
[Client 3, Round 36] Progress: 2% (8/286) - Loss: 0.1339
[Client 3, Round 36] Progress: 3% (10/286) - Loss: 0.2510
[Client 3, Round 36] Progress: 4% (12/286) - Loss: 0.1831
[Client 3, Round 36] Progress: 4% (14/286) - Loss: 0.1342
[Client 3, Round 36] Progress: 5% (16/286) - Loss: 0.2558
[Client 3, Round 36] Progress: 6% (18/286) - Loss: 0.1344
[Client 3, Round 36] Progress: 6% (20/286) - Loss: 0.1802
[Client 3, Round 36] Progress: 7% (22/286) - Loss: 0.4575
[Client 3, Round 36] Progress: 8% (24/286) - Loss: 0.4090
[Client 3, Round 36] Progress: 9% (26/286) - Loss: 0.1008
[Client 3, Round 36] Progress: 9% (28/286) - Loss: 0.4199
[Client 3, Round 36] Progress: 10% (30/286) - Loss: 0.0907
[Client 3, Round 36] Progress: 11% (32/286) - Loss: 0.1460
[Client 3, Round 36] Progress: 11% (34/286) - Loss: 0.3399
[Client 3, Round 36] Progress: 12% (36/286) - Loss: 0.5243
[Client 3, Round 36] Progress: 13% (38/286) - Loss: 0.0990
[Client 3, Round 36] Progress: 13% (40/286) - Loss: 0.2542
[Client 3, Round 36] Progress: 14% (42/286) - Loss: 0.1580
[Client 3, Round 36] Progress: 15% (44/286) - Loss: 0.1319
[Client 3, Round 36] Progress: 16% (46/286) - Loss: 0.2651
[Client 3, Round 36] Progress: 16% (48/286) - Loss: 0.2319
[Client 3, Round 36] Progress: 17% (50/286) - Loss: 0.1217
[Client 3, Round 36] Progress: 18% (52/286) - Loss: 0.0751
[Client 3, Round 36] Progress: 18% (54/286) - Loss: 0.1387
[Client 3, Round 36] Progress: 19% (56/286) - Loss: 0.1959
[Client 3, Round 36] Progress: 20% (58/286) - Loss: 0.1150
[Client 3, Round 36] Progress: 20% (60/286) - Loss: 0.2817
[Client 3, Round 36] Progress: 21% (62/286) - Loss: 0.1261
[Client 3, Round 36] Progress: 22% (64/286) - Loss: 0.0925
[Client 3, Round 36] Progress: 23% (66/286) - Loss: 0.5144
[Client 3, Round 36] Progress: 23% (68/286) - Loss: 0.1834
[Client 3, Round 36] Progress: 24% (70/286) - Loss: 0.2115
[Client 3, Round 36] Progress: 25% (72/286) - Loss: 0.0966
[Client 3, Round 36] Progress: 25% (74/286) - Loss: 0.1408
[Client 3, Round 36] Progress: 26% (76/286) - Loss: 0.1894
[Client 3, Round 36] Progress: 27% (78/286) - Loss: 0.1677
[Client 3, Round 36] Progress: 27% (80/286) - Loss: 0.2079
[Client 3, Round 36] Progress: 28% (82/286) - Loss: 0.2809
[Client 3, Round 36] Progress: 29% (84/286) - Loss: 0.1971
[Client 3, Round 36] Progress: 30% (86/286) - Loss: 0.1746
[Client 3, Round 36] Progress: 30% (88/286) - Loss: 0.0902
[Client 3, Round 36] Progress: 31% (90/286) - Loss: 0.4698
[Client 3, Round 36] Progress: 32% (92/286) - Loss: 0.1866
[Client 3, Round 36] Progress: 32% (94/286) - Loss: 0.4636
[Client 3, Round 36] Progress: 33% (96/286) - Loss: 0.1321
[Client 3, Round 36] Progress: 34% (98/286) - Loss: 0.2182
[Client 3, Round 36] Progress: 34% (100/286) - Loss: 0.1006
[Client 3, Round 36] Progress: 35% (102/286) - Loss: 0.0864
[Client 3, Round 36] Progress: 36% (104/286) - Loss: 0.0469
[Client 3, Round 36] Progress: 37% (106/286) - Loss: 0.1018
[Client 3, Round 36] Progress: 37% (108/286) - Loss: 0.1686
[Client 3, Round 36] Progress: 38% (110/286) - Loss: 0.1854
[Client 3, Round 36] Progress: 39% (112/286) - Loss: 0.1219
[Client 3, Round 36] Progress: 39% (114/286) - Loss: 0.3067
[Client 3, Round 36] Progress: 40% (116/286) - Loss: 0.2124
[Client 3, Round 36] Progress: 41% (118/286) - Loss: 0.5905
[Client 3, Round 36] Progress: 41% (120/286) - Loss: 0.1005
[Client 3, Round 36] Progress: 42% (122/286) - Loss: 0.1847
[Client 3, Round 36] Progress: 43% (124/286) - Loss: 0.3234
[Client 3, Round 36] Progress: 44% (126/286) - Loss: 0.0574
[Client 3, Round 36] Progress: 44% (128/286) - Loss: 0.0617
[Client 3, Round 36] Progress: 45% (130/286) - Loss: 0.1286
[Client 3, Round 36] Progress: 46% (132/286) - Loss: 0.1133
[Client 3, Round 36] Progress: 46% (134/286) - Loss: 0.1388
[Client 3, Round 36] Progress: 47% (136/286) - Loss: 0.0839
[Client 3, Round 36] Progress: 48% (138/286) - Loss: 0.0856
[Client 3, Round 36] Progress: 48% (140/286) - Loss: 0.2505
[Client 3, Round 36] Progress: 49% (142/286) - Loss: 0.1225
[Client 3, Round 36] Progress: 50% (144/286) - Loss: 0.6093
[Client 3, Round 36] Progress: 51% (146/286) - Loss: 0.1173
[Client 3, Round 36] Progress: 51% (148/286) - Loss: 0.0802
[Client 3, Round 36] Progress: 52% (150/286) - Loss: 0.0818
[Client 3, Round 36] Progress: 53% (152/286) - Loss: 0.1742
[Client 3, Round 36] Progress: 53% (154/286) - Loss: 0.1302
[Client 3, Round 36] Progress: 54% (156/286) - Loss: 0.5255
[Client 3, Round 36] Progress: 55% (158/286) - Loss: 0.3301
[Client 3, Round 36] Progress: 55% (160/286) - Loss: 0.5315
[Client 3, Round 36] Progress: 56% (162/286) - Loss: 0.1340
[Client 3, Round 36] Progress: 57% (164/286) - Loss: 0.1167
[Client 3, Round 36] Progress: 58% (166/286) - Loss: 0.1847
[Client 3, Round 36] Progress: 58% (168/286) - Loss: 0.1628
[Client 3, Round 36] Progress: 59% (170/286) - Loss: 0.0786
[Client 3, Round 36] Progress: 60% (172/286) - Loss: 0.2489
[Client 3, Round 36] Progress: 60% (174/286) - Loss: 0.4697
[Client 3, Round 36] Progress: 61% (176/286) - Loss: 0.1257
[Client 3, Round 36] Progress: 62% (178/286) - Loss: 0.0874
[Client 3, Round 36] Progress: 62% (180/286) - Loss: 0.2147
[Client 3, Round 36] Progress: 63% (182/286) - Loss: 0.4892
[Client 3, Round 36] Progress: 64% (184/286) - Loss: 0.2232
[Client 3, Round 36] Progress: 65% (186/286) - Loss: 0.1688
[Client 3, Round 36] Progress: 65% (188/286) - Loss: 0.0667
[Client 3, Round 36] Progress: 66% (190/286) - Loss: 0.4062
[Client 3, Round 36] Progress: 67% (192/286) - Loss: 0.1390
[Client 3, Round 36] Progress: 67% (194/286) - Loss: 0.3073
[Client 3, Round 36] Progress: 68% (196/286) - Loss: 0.1414
[Client 3, Round 36] Progress: 69% (198/286) - Loss: 0.1862
[Client 3, Round 36] Progress: 69% (200/286) - Loss: 0.1210
[Client 3, Round 36] Progress: 70% (202/286) - Loss: 0.5472
[Client 3, Round 36] Progress: 71% (204/286) - Loss: 0.0716
[Client 3, Round 36] Progress: 72% (206/286) - Loss: 0.1429
[Client 3, Round 36] Progress: 72% (208/286) - Loss: 0.1709
[Client 3, Round 36] Progress: 73% (210/286) - Loss: 0.1437
[Client 3, Round 36] Progress: 74% (212/286) - Loss: 0.1200
[Client 3, Round 36] Progress: 74% (214/286) - Loss: 0.1337
[Client 3, Round 36] Progress: 75% (216/286) - Loss: 0.1163
[Client 3, Round 36] Progress: 76% (218/286) - Loss: 0.4148
[Client 3, Round 36] Progress: 76% (220/286) - Loss: 0.1108
[Client 3, Round 36] Progress: 77% (222/286) - Loss: 0.6114
[Client 3, Round 36] Progress: 78% (224/286) - Loss: 0.1051
[Client 3, Round 36] Progress: 79% (226/286) - Loss: 0.3592
[Client 3, Round 36] Progress: 79% (228/286) - Loss: 0.0993
[Client 3, Round 36] Progress: 80% (230/286) - Loss: 0.1809
[Client 3, Round 36] Progress: 81% (232/286) - Loss: 0.0774
[Client 3, Round 36] Progress: 81% (234/286) - Loss: 0.1367
[Client 3, Round 36] Progress: 82% (236/286) - Loss: 0.0967
[Client 3, Round 36] Progress: 83% (238/286) - Loss: 0.1376
[Client 3, Round 36] Progress: 83% (240/286) - Loss: 0.3473
[Client 3, Round 36] Progress: 84% (242/286) - Loss: 0.1127
[Client 3, Round 36] Progress: 85% (244/286) - Loss: 0.0952
[Client 3, Round 36] Progress: 86% (246/286) - Loss: 0.1054
[Client 3, Round 36] Progress: 86% (248/286) - Loss: 0.1266
[Client 3, Round 36] Progress: 87% (250/286) - Loss: 0.1675
[Client 3, Round 36] Progress: 88% (252/286) - Loss: 0.1740
[Client 3, Round 36] Progress: 88% (254/286) - Loss: 0.6084
[Client 3, Round 36] Progress: 89% (256/286) - Loss: 0.2186
[Client 3, Round 36] Progress: 90% (258/286) - Loss: 0.0976
[Client 3, Round 36] Progress: 90% (260/286) - Loss: 0.1153
[Client 3, Round 36] Progress: 91% (262/286) - Loss: 0.0448
[Client 3, Round 36] Progress: 92% (264/286) - Loss: 0.1089
[Client 3, Round 36] Progress: 93% (266/286) - Loss: 0.0764
[Client 3, Round 36] Progress: 93% (268/286) - Loss: 0.1779
[Client 3, Round 36] Progress: 94% (270/286) - Loss: 0.1693
[Client 3, Round 36] Progress: 95% (272/286) - Loss: 0.0989
[Client 3, Round 36] Progress: 95% (274/286) - Loss: 0.0968
[Client 3, Round 36] Progress: 96% (276/286) - Loss: 0.4891
[Client 3, Round 36] Progress: 97% (278/286) - Loss: 0.5136
[Client 3, Round 36] Progress: 97% (280/286) - Loss: 0.1041
[Client 3, Round 36] Progress: 98% (282/286) - Loss: 0.4262
[Client 3, Round 36] Progress: 99% (284/286) - Loss: 0.1230
[Client 3, Round 36] Progress: 100% (286/286) - Loss: 0.4858
[Client 3, Round 36] Train Loss: 0.2046
[Client 3, Round 36] Val Loss: 0.1862 | Val Dice: 0.8333
[Client 3, Round 37] Progress: 0% (2/286) - Loss: 0.0414
[Client 3, Round 37] Progress: 1% (4/286) - Loss: 0.1255
[Client 3, Round 37] Progress: 2% (6/286) - Loss: 0.3229
[Client 3, Round 37] Progress: 2% (8/286) - Loss: 0.0696
[Client 3, Round 37] Progress: 3% (10/286) - Loss: 0.0355
[Client 3, Round 37] Progress: 4% (12/286) - Loss: 0.4445
[Client 3, Round 37] Progress: 4% (14/286) - Loss: 0.1223
[Client 3, Round 37] Progress: 5% (16/286) - Loss: 0.1045
[Client 3, Round 37] Progress: 6% (18/286) - Loss: 0.1232
[Client 3, Round 37] Progress: 6% (20/286) - Loss: 0.4592
[Client 3, Round 37] Progress: 7% (22/286) - Loss: 0.2100
[Client 3, Round 37] Progress: 8% (24/286) - Loss: 0.4944
[Client 3, Round 37] Progress: 9% (26/286) - Loss: 0.1823
[Client 3, Round 37] Progress: 9% (28/286) - Loss: 0.2732
[Client 3, Round 37] Progress: 10% (30/286) - Loss: 0.1271
[Client 3, Round 37] Progress: 11% (32/286) - Loss: 0.4403
[Client 3, Round 37] Progress: 11% (34/286) - Loss: 0.1223
[Client 3, Round 37] Progress: 12% (36/286) - Loss: 0.1111
[Client 3, Round 37] Progress: 13% (38/286) - Loss: 0.3818
[Client 3, Round 37] Progress: 13% (40/286) - Loss: 0.1194
[Client 3, Round 37] Progress: 14% (42/286) - Loss: 0.3064
[Client 3, Round 37] Progress: 15% (44/286) - Loss: 0.0925
[Client 3, Round 37] Progress: 16% (46/286) - Loss: 0.4453
[Client 3, Round 37] Progress: 16% (48/286) - Loss: 0.1373
[Client 3, Round 37] Progress: 17% (50/286) - Loss: 0.4550
[Client 3, Round 37] Progress: 18% (52/286) - Loss: 0.1542
[Client 3, Round 37] Progress: 18% (54/286) - Loss: 0.1032
[Client 3, Round 37] Progress: 19% (56/286) - Loss: 0.1079
[Client 3, Round 37] Progress: 20% (58/286) - Loss: 0.1070
[Client 3, Round 37] Progress: 20% (60/286) - Loss: 0.1584
[Client 3, Round 37] Progress: 21% (62/286) - Loss: 0.1339
[Client 3, Round 37] Progress: 22% (64/286) - Loss: 0.4073
[Client 3, Round 37] Progress: 23% (66/286) - Loss: 0.1308
[Client 3, Round 37] Progress: 23% (68/286) - Loss: 0.1062
[Client 3, Round 37] Progress: 24% (70/286) - Loss: 0.1615
[Client 3, Round 37] Progress: 25% (72/286) - Loss: 0.1558
[Client 3, Round 37] Progress: 25% (74/286) - Loss: 0.0990
[Client 3, Round 37] Progress: 26% (76/286) - Loss: 0.1814
[Client 3, Round 37] Progress: 27% (78/286) - Loss: 0.1705
[Client 3, Round 37] Progress: 27% (80/286) - Loss: 0.2008
[Client 3, Round 37] Progress: 28% (82/286) - Loss: 0.0802
[Client 3, Round 37] Progress: 29% (84/286) - Loss: 0.1073
[Client 3, Round 37] Progress: 30% (86/286) - Loss: 0.1152
[Client 3, Round 37] Progress: 30% (88/286) - Loss: 0.0910
[Client 3, Round 37] Progress: 31% (90/286) - Loss: 0.4652
[Client 3, Round 37] Progress: 32% (92/286) - Loss: 0.4748
[Client 3, Round 37] Progress: 32% (94/286) - Loss: 0.1603
[Client 3, Round 37] Progress: 33% (96/286) - Loss: 0.2299
[Client 3, Round 37] Progress: 34% (98/286) - Loss: 0.1190
[Client 3, Round 37] Progress: 34% (100/286) - Loss: 0.1073
[Client 3, Round 37] Progress: 35% (102/286) - Loss: 0.2643
[Client 3, Round 37] Progress: 36% (104/286) - Loss: 0.0926
[Client 3, Round 37] Progress: 37% (106/286) - Loss: 0.1981
[Client 3, Round 37] Progress: 37% (108/286) - Loss: 0.3004
[Client 3, Round 37] Progress: 38% (110/286) - Loss: 0.1326
[Client 3, Round 37] Progress: 39% (112/286) - Loss: 0.2719
[Client 3, Round 37] Progress: 39% (114/286) - Loss: 0.1892
[Client 3, Round 37] Progress: 40% (116/286) - Loss: 0.5046
[Client 3, Round 37] Progress: 41% (118/286) - Loss: 0.1158
[Client 3, Round 37] Progress: 41% (120/286) - Loss: 0.3977
[Client 3, Round 37] Progress: 42% (122/286) - Loss: 0.3714
[Client 3, Round 37] Progress: 43% (124/286) - Loss: 0.1800
[Client 3, Round 37] Progress: 44% (126/286) - Loss: 0.1554
[Client 3, Round 37] Progress: 44% (128/286) - Loss: 0.3220
[Client 3, Round 37] Progress: 45% (130/286) - Loss: 0.0657
[Client 3, Round 37] Progress: 46% (132/286) - Loss: 0.1950
[Client 3, Round 37] Progress: 46% (134/286) - Loss: 0.6360
[Client 3, Round 37] Progress: 47% (136/286) - Loss: 0.0898
[Client 3, Round 37] Progress: 48% (138/286) - Loss: 0.3965
[Client 3, Round 37] Progress: 48% (140/286) - Loss: 0.1332
[Client 3, Round 37] Progress: 49% (142/286) - Loss: 0.3257
[Client 3, Round 37] Progress: 50% (144/286) - Loss: 0.1094
[Client 3, Round 37] Progress: 51% (146/286) - Loss: 0.0771
[Client 3, Round 37] Progress: 51% (148/286) - Loss: 0.0902
[Client 3, Round 37] Progress: 52% (150/286) - Loss: 0.4299
[Client 3, Round 37] Progress: 53% (152/286) - Loss: 0.1926
[Client 3, Round 37] Progress: 53% (154/286) - Loss: 0.1398
[Client 3, Round 37] Progress: 54% (156/286) - Loss: 0.1613
[Client 3, Round 37] Progress: 55% (158/286) - Loss: 0.1901
[Client 3, Round 37] Progress: 55% (160/286) - Loss: 0.1259
[Client 3, Round 37] Progress: 56% (162/286) - Loss: 0.2610
[Client 3, Round 37] Progress: 57% (164/286) - Loss: 0.0727
[Client 3, Round 37] Progress: 58% (166/286) - Loss: 0.5137
[Client 3, Round 37] Progress: 58% (168/286) - Loss: 0.1232
[Client 3, Round 37] Progress: 59% (170/286) - Loss: 0.2010
[Client 3, Round 37] Progress: 60% (172/286) - Loss: 0.1579
[Client 3, Round 37] Progress: 60% (174/286) - Loss: 0.0956
[Client 3, Round 37] Progress: 61% (176/286) - Loss: 0.1323
[Client 3, Round 37] Progress: 62% (178/286) - Loss: 0.0981
[Client 3, Round 37] Progress: 62% (180/286) - Loss: 0.0987
[Client 3, Round 37] Progress: 63% (182/286) - Loss: 0.1125
[Client 3, Round 37] Progress: 64% (184/286) - Loss: 0.1317
[Client 3, Round 37] Progress: 65% (186/286) - Loss: 0.0743
[Client 3, Round 37] Progress: 65% (188/286) - Loss: 0.1255
[Client 3, Round 37] Progress: 66% (190/286) - Loss: 0.2420
[Client 3, Round 37] Progress: 67% (192/286) - Loss: 0.0709
[Client 3, Round 37] Progress: 67% (194/286) - Loss: 0.1126
[Client 3, Round 37] Progress: 68% (196/286) - Loss: 0.1928
[Client 3, Round 37] Progress: 69% (198/286) - Loss: 0.0972
[Client 3, Round 37] Progress: 69% (200/286) - Loss: 0.6585
[Client 3, Round 37] Progress: 70% (202/286) - Loss: 0.0732
[Client 3, Round 37] Progress: 71% (204/286) - Loss: 0.0842
[Client 3, Round 37] Progress: 72% (206/286) - Loss: 0.1424
[Client 3, Round 37] Progress: 72% (208/286) - Loss: 0.1292
[Client 3, Round 37] Progress: 73% (210/286) - Loss: 0.2464
[Client 3, Round 37] Progress: 74% (212/286) - Loss: 0.4504
[Client 3, Round 37] Progress: 74% (214/286) - Loss: 0.1201
[Client 3, Round 37] Progress: 75% (216/286) - Loss: 0.1102
[Client 3, Round 37] Progress: 76% (218/286) - Loss: 0.0912
[Client 3, Round 37] Progress: 76% (220/286) - Loss: 0.2193
[Client 3, Round 37] Progress: 77% (222/286) - Loss: 0.1619
[Client 3, Round 37] Progress: 78% (224/286) - Loss: 0.0467
[Client 3, Round 37] Progress: 79% (226/286) - Loss: 0.1450
[Client 3, Round 37] Progress: 79% (228/286) - Loss: 0.1689
[Client 3, Round 37] Progress: 80% (230/286) - Loss: 0.2063
[Client 3, Round 37] Progress: 81% (232/286) - Loss: 0.1757
[Client 3, Round 37] Progress: 81% (234/286) - Loss: 0.1670
[Client 3, Round 37] Progress: 82% (236/286) - Loss: 0.1569
[Client 3, Round 37] Progress: 83% (238/286) - Loss: 0.2955
[Client 3, Round 37] Progress: 83% (240/286) - Loss: 0.0704
[Client 3, Round 37] Progress: 84% (242/286) - Loss: 0.6005
[Client 3, Round 37] Progress: 85% (244/286) - Loss: 0.1042
[Client 3, Round 37] Progress: 86% (246/286) - Loss: 0.1683
[Client 3, Round 37] Progress: 86% (248/286) - Loss: 0.1056
[Client 3, Round 37] Progress: 87% (250/286) - Loss: 0.1073
[Client 3, Round 37] Progress: 88% (252/286) - Loss: 0.1308
[Client 3, Round 37] Progress: 88% (254/286) - Loss: 0.1309
[Client 3, Round 37] Progress: 89% (256/286) - Loss: 0.0763
[Client 3, Round 37] Progress: 90% (258/286) - Loss: 0.1360
[Client 3, Round 37] Progress: 90% (260/286) - Loss: 0.2607
[Client 3, Round 37] Progress: 91% (262/286) - Loss: 0.2305
[Client 3, Round 37] Progress: 92% (264/286) - Loss: 0.0936
[Client 3, Round 37] Progress: 93% (266/286) - Loss: 0.1205
[Client 3, Round 37] Progress: 93% (268/286) - Loss: 0.0877
[Client 3, Round 37] Progress: 94% (270/286) - Loss: 0.2832
[Client 3, Round 37] Progress: 95% (272/286) - Loss: 0.0835
[Client 3, Round 37] Progress: 95% (274/286) - Loss: 0.5038
[Client 3, Round 37] Progress: 96% (276/286) - Loss: 0.1460
[Client 3, Round 37] Progress: 97% (278/286) - Loss: 0.1471
[Client 3, Round 37] Progress: 97% (280/286) - Loss: 0.0717
[Client 3, Round 37] Progress: 98% (282/286) - Loss: 0.1997
[Client 3, Round 37] Progress: 99% (284/286) - Loss: 0.3919
[Client 3, Round 37] Progress: 100% (286/286) - Loss: 0.4710
[Client 3, Round 37] Train Loss: 0.2031
[Client 3, Round 37] Val Loss: 0.1720 | Val Dice: 0.8441
[Client 3, Round 38] Progress: 0% (2/286) - Loss: 0.1187
[Client 3, Round 38] Progress: 1% (4/286) - Loss: 0.0805
[Client 3, Round 38] Progress: 2% (6/286) - Loss: 0.6673
[Client 3, Round 38] Progress: 2% (8/286) - Loss: 0.0564
[Client 3, Round 38] Progress: 3% (10/286) - Loss: 0.1180
[Client 3, Round 38] Progress: 4% (12/286) - Loss: 0.1011
[Client 3, Round 38] Progress: 4% (14/286) - Loss: 0.0945
[Client 3, Round 38] Progress: 5% (16/286) - Loss: 0.1166
[Client 3, Round 38] Progress: 6% (18/286) - Loss: 0.3747
[Client 3, Round 38] Progress: 6% (20/286) - Loss: 0.1973
[Client 3, Round 38] Progress: 7% (22/286) - Loss: 0.1124
[Client 3, Round 38] Progress: 8% (24/286) - Loss: 0.1176
[Client 3, Round 38] Progress: 9% (26/286) - Loss: 0.2206
[Client 3, Round 38] Progress: 9% (28/286) - Loss: 0.1442
[Client 3, Round 38] Progress: 10% (30/286) - Loss: 0.1543
[Client 3, Round 38] Progress: 11% (32/286) - Loss: 0.0852
[Client 3, Round 38] Progress: 11% (34/286) - Loss: 0.5581
[Client 3, Round 38] Progress: 12% (36/286) - Loss: 0.4507
[Client 3, Round 38] Progress: 13% (38/286) - Loss: 0.3030
[Client 3, Round 38] Progress: 13% (40/286) - Loss: 0.0785
[Client 3, Round 38] Progress: 14% (42/286) - Loss: 0.1221
[Client 3, Round 38] Progress: 15% (44/286) - Loss: 0.2418
[Client 3, Round 38] Progress: 16% (46/286) - Loss: 0.1048
[Client 3, Round 38] Progress: 16% (48/286) - Loss: 0.0809
[Client 3, Round 38] Progress: 17% (50/286) - Loss: 0.1268
[Client 3, Round 38] Progress: 18% (52/286) - Loss: 0.3692
[Client 3, Round 38] Progress: 18% (54/286) - Loss: 0.3315
[Client 3, Round 38] Progress: 19% (56/286) - Loss: 0.0749
[Client 3, Round 38] Progress: 20% (58/286) - Loss: 0.7435
[Client 3, Round 38] Progress: 20% (60/286) - Loss: 0.1382
[Client 3, Round 38] Progress: 21% (62/286) - Loss: 0.4275
[Client 3, Round 38] Progress: 22% (64/286) - Loss: 0.1427
[Client 3, Round 38] Progress: 23% (66/286) - Loss: 0.1174
[Client 3, Round 38] Progress: 23% (68/286) - Loss: 0.1226
[Client 3, Round 38] Progress: 24% (70/286) - Loss: 0.1670
[Client 3, Round 38] Progress: 25% (72/286) - Loss: 0.4378
[Client 3, Round 38] Progress: 25% (74/286) - Loss: 0.0603
[Client 3, Round 38] Progress: 26% (76/286) - Loss: 0.4072
[Client 3, Round 38] Progress: 27% (78/286) - Loss: 0.2434
[Client 3, Round 38] Progress: 27% (80/286) - Loss: 0.1079
[Client 3, Round 38] Progress: 28% (82/286) - Loss: 0.1639
[Client 3, Round 38] Progress: 29% (84/286) - Loss: 0.1144
[Client 3, Round 38] Progress: 30% (86/286) - Loss: 0.4618
[Client 3, Round 38] Progress: 30% (88/286) - Loss: 0.0955
[Client 3, Round 38] Progress: 31% (90/286) - Loss: 0.1814
[Client 3, Round 38] Progress: 32% (92/286) - Loss: 0.1060
[Client 3, Round 38] Progress: 32% (94/286) - Loss: 0.0792
[Client 3, Round 38] Progress: 33% (96/286) - Loss: 0.0774
[Client 3, Round 38] Progress: 34% (98/286) - Loss: 0.0923
[Client 3, Round 38] Progress: 34% (100/286) - Loss: 0.6794
[Client 3, Round 38] Progress: 35% (102/286) - Loss: 0.2197
[Client 3, Round 38] Progress: 36% (104/286) - Loss: 0.1609
[Client 3, Round 38] Progress: 37% (106/286) - Loss: 0.1283
[Client 3, Round 38] Progress: 37% (108/286) - Loss: 0.0968
[Client 3, Round 38] Progress: 38% (110/286) - Loss: 0.2588
[Client 3, Round 38] Progress: 39% (112/286) - Loss: 0.2189
[Client 3, Round 38] Progress: 39% (114/286) - Loss: 0.4239
[Client 3, Round 38] Progress: 40% (116/286) - Loss: 0.2041
[Client 3, Round 38] Progress: 41% (118/286) - Loss: 0.0924
[Client 3, Round 38] Progress: 41% (120/286) - Loss: 0.0724
[Client 3, Round 38] Progress: 42% (122/286) - Loss: 0.1621
[Client 3, Round 38] Progress: 43% (124/286) - Loss: 0.1392
[Client 3, Round 38] Progress: 44% (126/286) - Loss: 0.0828
[Client 3, Round 38] Progress: 44% (128/286) - Loss: 0.0796
[Client 3, Round 38] Progress: 45% (130/286) - Loss: 0.1604
[Client 3, Round 38] Progress: 46% (132/286) - Loss: 0.3882
[Client 3, Round 38] Progress: 46% (134/286) - Loss: 0.1621
[Client 3, Round 38] Progress: 47% (136/286) - Loss: 0.1720
[Client 3, Round 38] Progress: 48% (138/286) - Loss: 0.2352
[Client 3, Round 38] Progress: 48% (140/286) - Loss: 0.5232
[Client 3, Round 38] Progress: 49% (142/286) - Loss: 0.1545
[Client 3, Round 38] Progress: 50% (144/286) - Loss: 0.0978
[Client 3, Round 38] Progress: 51% (146/286) - Loss: 0.0921
[Client 3, Round 38] Progress: 51% (148/286) - Loss: 0.1001
[Client 3, Round 38] Progress: 52% (150/286) - Loss: 0.1094
[Client 3, Round 38] Progress: 53% (152/286) - Loss: 0.1525
[Client 3, Round 38] Progress: 53% (154/286) - Loss: 0.0865
[Client 3, Round 38] Progress: 54% (156/286) - Loss: 0.1007
[Client 3, Round 38] Progress: 55% (158/286) - Loss: 0.1459
[Client 3, Round 38] Progress: 55% (160/286) - Loss: 0.1305
[Client 3, Round 38] Progress: 56% (162/286) - Loss: 0.1768
[Client 3, Round 38] Progress: 57% (164/286) - Loss: 0.0703
[Client 3, Round 38] Progress: 58% (166/286) - Loss: 0.1184
[Client 3, Round 38] Progress: 58% (168/286) - Loss: 0.1569
[Client 3, Round 38] Progress: 59% (170/286) - Loss: 0.2058
[Client 3, Round 38] Progress: 60% (172/286) - Loss: 0.1056
[Client 3, Round 38] Progress: 60% (174/286) - Loss: 0.6144
[Client 3, Round 38] Progress: 61% (176/286) - Loss: 0.1152
[Client 3, Round 38] Progress: 62% (178/286) - Loss: 0.1871
[Client 3, Round 38] Progress: 62% (180/286) - Loss: 0.2326
[Client 3, Round 38] Progress: 63% (182/286) - Loss: 0.6906
[Client 3, Round 38] Progress: 64% (184/286) - Loss: 0.1215
[Client 3, Round 38] Progress: 65% (186/286) - Loss: 0.5038
[Client 3, Round 38] Progress: 65% (188/286) - Loss: 0.1225
[Client 3, Round 38] Progress: 66% (190/286) - Loss: 0.0817
[Client 3, Round 38] Progress: 67% (192/286) - Loss: 0.1137
[Client 3, Round 38] Progress: 67% (194/286) - Loss: 0.2692
[Client 3, Round 38] Progress: 68% (196/286) - Loss: 0.1894
[Client 3, Round 38] Progress: 69% (198/286) - Loss: 0.1771
[Client 3, Round 38] Progress: 69% (200/286) - Loss: 0.1251
[Client 3, Round 38] Progress: 70% (202/286) - Loss: 0.1065
[Client 3, Round 38] Progress: 71% (204/286) - Loss: 0.1270
[Client 3, Round 38] Progress: 72% (206/286) - Loss: 0.2323
[Client 3, Round 38] Progress: 72% (208/286) - Loss: 0.1062
[Client 3, Round 38] Progress: 73% (210/286) - Loss: 0.5954
[Client 3, Round 38] Progress: 74% (212/286) - Loss: 0.1662
[Client 3, Round 38] Progress: 74% (214/286) - Loss: 0.1250
[Client 3, Round 38] Progress: 75% (216/286) - Loss: 0.1154
[Client 3, Round 38] Progress: 76% (218/286) - Loss: 0.6670
[Client 3, Round 38] Progress: 76% (220/286) - Loss: 0.2352
[Client 3, Round 38] Progress: 77% (222/286) - Loss: 0.0858
[Client 3, Round 38] Progress: 78% (224/286) - Loss: 0.0725
[Client 3, Round 38] Progress: 79% (226/286) - Loss: 0.0953
[Client 3, Round 38] Progress: 79% (228/286) - Loss: 0.1352
[Client 3, Round 38] Progress: 80% (230/286) - Loss: 0.1600
[Client 3, Round 38] Progress: 81% (232/286) - Loss: 0.0827
[Client 3, Round 38] Progress: 81% (234/286) - Loss: 0.1702
[Client 3, Round 38] Progress: 82% (236/286) - Loss: 0.1286
[Client 3, Round 38] Progress: 83% (238/286) - Loss: 0.0671
[Client 3, Round 38] Progress: 83% (240/286) - Loss: 0.1581
[Client 3, Round 38] Progress: 84% (242/286) - Loss: 0.4332
[Client 3, Round 38] Progress: 85% (244/286) - Loss: 0.0877
[Client 3, Round 38] Progress: 86% (246/286) - Loss: 0.4564
[Client 3, Round 38] Progress: 86% (248/286) - Loss: 0.5586
[Client 3, Round 38] Progress: 87% (250/286) - Loss: 0.1279
[Client 3, Round 38] Progress: 88% (252/286) - Loss: 0.1056
[Client 3, Round 38] Progress: 88% (254/286) - Loss: 0.0606
[Client 3, Round 38] Progress: 89% (256/286) - Loss: 0.2574
[Client 3, Round 38] Progress: 90% (258/286) - Loss: 0.1018
[Client 3, Round 38] Progress: 90% (260/286) - Loss: 0.1049
[Client 3, Round 38] Progress: 91% (262/286) - Loss: 0.1892
[Client 3, Round 38] Progress: 92% (264/286) - Loss: 0.0834
[Client 3, Round 38] Progress: 93% (266/286) - Loss: 0.1835
[Client 3, Round 38] Progress: 93% (268/286) - Loss: 0.1283
[Client 3, Round 38] Progress: 94% (270/286) - Loss: 0.1064
[Client 3, Round 38] Progress: 95% (272/286) - Loss: 0.1417
[Client 3, Round 38] Progress: 95% (274/286) - Loss: 0.5089
[Client 3, Round 38] Progress: 96% (276/286) - Loss: 0.1533
[Client 3, Round 38] Progress: 97% (278/286) - Loss: 0.2138
[Client 3, Round 38] Progress: 97% (280/286) - Loss: 0.1705
[Client 3, Round 38] Progress: 98% (282/286) - Loss: 0.1822
[Client 3, Round 38] Progress: 99% (284/286) - Loss: 0.1894
[Client 3, Round 38] Progress: 100% (286/286) - Loss: 0.1341
[Client 3, Round 38] Train Loss: 0.2057
[Client 3, Round 38] Val Loss: 0.1682 | Val Dice: 0.8497
[Client 3, Round 39] Progress: 0% (2/286) - Loss: 0.1127
[Client 3, Round 39] Progress: 1% (4/286) - Loss: 0.1400
[Client 3, Round 39] Progress: 2% (6/286) - Loss: 0.1626
[Client 3, Round 39] Progress: 2% (8/286) - Loss: 0.5739
[Client 3, Round 39] Progress: 3% (10/286) - Loss: 0.1172
[Client 3, Round 39] Progress: 4% (12/286) - Loss: 0.5799
[Client 3, Round 39] Progress: 4% (14/286) - Loss: 0.1390
[Client 3, Round 39] Progress: 5% (16/286) - Loss: 0.1440
[Client 3, Round 39] Progress: 6% (18/286) - Loss: 0.1686
[Client 3, Round 39] Progress: 6% (20/286) - Loss: 0.0946
[Client 3, Round 39] Progress: 7% (22/286) - Loss: 0.1510
[Client 3, Round 39] Progress: 8% (24/286) - Loss: 0.2365
[Client 3, Round 39] Progress: 9% (26/286) - Loss: 0.1457
[Client 3, Round 39] Progress: 9% (28/286) - Loss: 0.0737
[Client 3, Round 39] Progress: 10% (30/286) - Loss: 0.1004
[Client 3, Round 39] Progress: 11% (32/286) - Loss: 0.1237
[Client 3, Round 39] Progress: 11% (34/286) - Loss: 0.1219
[Client 3, Round 39] Progress: 12% (36/286) - Loss: 0.4899
[Client 3, Round 39] Progress: 13% (38/286) - Loss: 0.4564
[Client 3, Round 39] Progress: 13% (40/286) - Loss: 0.1638
[Client 3, Round 39] Progress: 14% (42/286) - Loss: 0.1139
[Client 3, Round 39] Progress: 15% (44/286) - Loss: 0.3198
[Client 3, Round 39] Progress: 16% (46/286) - Loss: 0.1483
[Client 3, Round 39] Progress: 16% (48/286) - Loss: 0.1224
[Client 3, Round 39] Progress: 17% (50/286) - Loss: 0.1772
[Client 3, Round 39] Progress: 18% (52/286) - Loss: 0.0942
[Client 3, Round 39] Progress: 18% (54/286) - Loss: 0.0960
[Client 3, Round 39] Progress: 19% (56/286) - Loss: 0.1178
[Client 3, Round 39] Progress: 20% (58/286) - Loss: 0.1315
[Client 3, Round 39] Progress: 20% (60/286) - Loss: 0.4038
[Client 3, Round 39] Progress: 21% (62/286) - Loss: 0.1311
[Client 3, Round 39] Progress: 22% (64/286) - Loss: 0.1366
[Client 3, Round 39] Progress: 23% (66/286) - Loss: 0.1825
[Client 3, Round 39] Progress: 23% (68/286) - Loss: 0.0879
[Client 3, Round 39] Progress: 24% (70/286) - Loss: 0.4753
[Client 3, Round 39] Progress: 25% (72/286) - Loss: 0.0519
[Client 3, Round 39] Progress: 25% (74/286) - Loss: 0.5674
[Client 3, Round 39] Progress: 26% (76/286) - Loss: 0.1966
[Client 3, Round 39] Progress: 27% (78/286) - Loss: 0.7349
[Client 3, Round 39] Progress: 27% (80/286) - Loss: 0.0721
[Client 3, Round 39] Progress: 28% (82/286) - Loss: 0.1981
[Client 3, Round 39] Progress: 29% (84/286) - Loss: 0.0846
[Client 3, Round 39] Progress: 30% (86/286) - Loss: 0.1755
[Client 3, Round 39] Progress: 30% (88/286) - Loss: 0.1294
[Client 3, Round 39] Progress: 31% (90/286) - Loss: 0.0660
[Client 3, Round 39] Progress: 32% (92/286) - Loss: 0.0823
[Client 3, Round 39] Progress: 32% (94/286) - Loss: 0.1225
[Client 3, Round 39] Progress: 33% (96/286) - Loss: 0.1108
[Client 3, Round 39] Progress: 34% (98/286) - Loss: 0.5233
[Client 3, Round 39] Progress: 34% (100/286) - Loss: 0.1427
[Client 3, Round 39] Progress: 35% (102/286) - Loss: 0.4360
[Client 3, Round 39] Progress: 36% (104/286) - Loss: 0.2040
[Client 3, Round 39] Progress: 37% (106/286) - Loss: 0.1031
[Client 3, Round 39] Progress: 37% (108/286) - Loss: 0.1827
[Client 3, Round 39] Progress: 38% (110/286) - Loss: 0.1717
[Client 3, Round 39] Progress: 39% (112/286) - Loss: 0.0968
[Client 3, Round 39] Progress: 39% (114/286) - Loss: 0.1569
[Client 3, Round 39] Progress: 40% (116/286) - Loss: 0.3826
[Client 3, Round 39] Progress: 41% (118/286) - Loss: 0.0828
[Client 3, Round 39] Progress: 41% (120/286) - Loss: 0.1782
[Client 3, Round 39] Progress: 42% (122/286) - Loss: 0.1840
[Client 3, Round 39] Progress: 43% (124/286) - Loss: 0.1236
[Client 3, Round 39] Progress: 44% (126/286) - Loss: 0.1117
[Client 3, Round 39] Progress: 44% (128/286) - Loss: 0.1260
[Client 3, Round 39] Progress: 45% (130/286) - Loss: 0.0456
[Client 3, Round 39] Progress: 46% (132/286) - Loss: 0.1565
[Client 3, Round 39] Progress: 46% (134/286) - Loss: 0.0749
[Client 3, Round 39] Progress: 47% (136/286) - Loss: 0.1395
[Client 3, Round 39] Progress: 48% (138/286) - Loss: 0.5189
[Client 3, Round 39] Progress: 48% (140/286) - Loss: 0.1649
[Client 3, Round 39] Progress: 49% (142/286) - Loss: 0.1108
[Client 3, Round 39] Progress: 50% (144/286) - Loss: 0.1728
[Client 3, Round 39] Progress: 51% (146/286) - Loss: 0.1262
[Client 3, Round 39] Progress: 51% (148/286) - Loss: 0.0653
[Client 3, Round 39] Progress: 52% (150/286) - Loss: 0.1175
[Client 3, Round 39] Progress: 53% (152/286) - Loss: 0.2545
[Client 3, Round 39] Progress: 53% (154/286) - Loss: 0.0727
[Client 3, Round 39] Progress: 54% (156/286) - Loss: 0.1064
[Client 3, Round 39] Progress: 55% (158/286) - Loss: 0.1203
[Client 3, Round 39] Progress: 55% (160/286) - Loss: 0.4492
[Client 3, Round 39] Progress: 56% (162/286) - Loss: 0.1110
[Client 3, Round 39] Progress: 57% (164/286) - Loss: 0.1922
[Client 3, Round 39] Progress: 58% (166/286) - Loss: 0.1878
[Client 3, Round 39] Progress: 58% (168/286) - Loss: 0.0966
[Client 3, Round 39] Progress: 59% (170/286) - Loss: 0.4813
[Client 3, Round 39] Progress: 60% (172/286) - Loss: 0.4839
[Client 3, Round 39] Progress: 60% (174/286) - Loss: 0.0721
[Client 3, Round 39] Progress: 61% (176/286) - Loss: 0.0517
[Client 3, Round 39] Progress: 62% (178/286) - Loss: 0.1160
[Client 3, Round 39] Progress: 62% (180/286) - Loss: 0.1250
[Client 3, Round 39] Progress: 63% (182/286) - Loss: 0.5820
[Client 3, Round 39] Progress: 64% (184/286) - Loss: 0.1100
[Client 3, Round 39] Progress: 65% (186/286) - Loss: 0.4820
[Client 3, Round 39] Progress: 65% (188/286) - Loss: 0.2036
[Client 3, Round 39] Progress: 66% (190/286) - Loss: 0.1691
[Client 3, Round 39] Progress: 67% (192/286) - Loss: 0.1050
[Client 3, Round 39] Progress: 67% (194/286) - Loss: 0.2072
[Client 3, Round 39] Progress: 68% (196/286) - Loss: 0.1576
[Client 3, Round 39] Progress: 69% (198/286) - Loss: 0.0923
[Client 3, Round 39] Progress: 69% (200/286) - Loss: 0.0379
[Client 3, Round 39] Progress: 70% (202/286) - Loss: 0.1246
[Client 3, Round 39] Progress: 71% (204/286) - Loss: 0.1362
[Client 3, Round 39] Progress: 72% (206/286) - Loss: 0.1570
[Client 3, Round 39] Progress: 72% (208/286) - Loss: 0.1038
[Client 3, Round 39] Progress: 73% (210/286) - Loss: 0.0974
[Client 3, Round 39] Progress: 74% (212/286) - Loss: 0.0981
[Client 3, Round 39] Progress: 74% (214/286) - Loss: 0.4184
[Client 3, Round 39] Progress: 75% (216/286) - Loss: 0.1456
[Client 3, Round 39] Progress: 76% (218/286) - Loss: 0.1287
[Client 3, Round 39] Progress: 76% (220/286) - Loss: 0.1201
[Client 3, Round 39] Progress: 77% (222/286) - Loss: 0.2810
[Client 3, Round 39] Progress: 78% (224/286) - Loss: 0.1615
[Client 3, Round 39] Progress: 79% (226/286) - Loss: 0.0786
[Client 3, Round 39] Progress: 79% (228/286) - Loss: 0.1609
[Client 3, Round 39] Progress: 80% (230/286) - Loss: 0.1057
[Client 3, Round 39] Progress: 81% (232/286) - Loss: 0.1223
[Client 3, Round 39] Progress: 81% (234/286) - Loss: 0.2418
[Client 3, Round 39] Progress: 82% (236/286) - Loss: 0.2403
[Client 3, Round 39] Progress: 83% (238/286) - Loss: 0.0902
[Client 3, Round 39] Progress: 83% (240/286) - Loss: 0.1120
[Client 3, Round 39] Progress: 84% (242/286) - Loss: 0.1166
[Client 3, Round 39] Progress: 85% (244/286) - Loss: 0.0738
[Client 3, Round 39] Progress: 86% (246/286) - Loss: 0.2924
[Client 3, Round 39] Progress: 86% (248/286) - Loss: 0.1064
[Client 3, Round 39] Progress: 87% (250/286) - Loss: 0.2495
[Client 3, Round 39] Progress: 88% (252/286) - Loss: 0.1354
[Client 3, Round 39] Progress: 88% (254/286) - Loss: 0.2036
[Client 3, Round 39] Progress: 89% (256/286) - Loss: 0.1264
[Client 3, Round 39] Progress: 90% (258/286) - Loss: 0.1210
[Client 3, Round 39] Progress: 90% (260/286) - Loss: 0.1507
[Client 3, Round 39] Progress: 91% (262/286) - Loss: 0.1376
[Client 3, Round 39] Progress: 92% (264/286) - Loss: 0.1006
[Client 3, Round 39] Progress: 93% (266/286) - Loss: 0.1467
[Client 3, Round 39] Progress: 93% (268/286) - Loss: 0.4413
[Client 3, Round 39] Progress: 94% (270/286) - Loss: 0.5261
[Client 3, Round 39] Progress: 95% (272/286) - Loss: 0.2117
[Client 3, Round 39] Progress: 95% (274/286) - Loss: 0.2090
[Client 3, Round 39] Progress: 96% (276/286) - Loss: 0.1334
[Client 3, Round 39] Progress: 97% (278/286) - Loss: 0.1458
[Client 3, Round 39] Progress: 97% (280/286) - Loss: 0.1716
[Client 3, Round 39] Progress: 98% (282/286) - Loss: 0.6768
[Client 3, Round 39] Progress: 99% (284/286) - Loss: 0.1289
[Client 3, Round 39] Progress: 100% (286/286) - Loss: 0.1207
[Client 3, Round 39] Train Loss: 0.2084
[Client 3, Round 39] Val Loss: 0.1703 | Val Dice: 0.8458
[Client 3, Round 40] Progress: 0% (2/286) - Loss: 0.3333
[Client 3, Round 40] Progress: 1% (4/286) - Loss: 0.1139
[Client 3, Round 40] Progress: 2% (6/286) - Loss: 0.0677
[Client 3, Round 40] Progress: 2% (8/286) - Loss: 0.0665
[Client 3, Round 40] Progress: 3% (10/286) - Loss: 0.1388
[Client 3, Round 40] Progress: 4% (12/286) - Loss: 0.2867
[Client 3, Round 40] Progress: 4% (14/286) - Loss: 0.1403
[Client 3, Round 40] Progress: 5% (16/286) - Loss: 0.1196
[Client 3, Round 40] Progress: 6% (18/286) - Loss: 0.0978
[Client 3, Round 40] Progress: 6% (20/286) - Loss: 0.0432
[Client 3, Round 40] Progress: 7% (22/286) - Loss: 0.1270
[Client 3, Round 40] Progress: 8% (24/286) - Loss: 0.1326
[Client 3, Round 40] Progress: 9% (26/286) - Loss: 0.0771
[Client 3, Round 40] Progress: 9% (28/286) - Loss: 0.1856
[Client 3, Round 40] Progress: 10% (30/286) - Loss: 0.1184
[Client 3, Round 40] Progress: 11% (32/286) - Loss: 0.1055
[Client 3, Round 40] Progress: 11% (34/286) - Loss: 0.1384
[Client 3, Round 40] Progress: 12% (36/286) - Loss: 0.0947
[Client 3, Round 40] Progress: 13% (38/286) - Loss: 0.2648
[Client 3, Round 40] Progress: 13% (40/286) - Loss: 0.1527
[Client 3, Round 40] Progress: 14% (42/286) - Loss: 0.1274
[Client 3, Round 40] Progress: 15% (44/286) - Loss: 0.4111
[Client 3, Round 40] Progress: 16% (46/286) - Loss: 0.1253
[Client 3, Round 40] Progress: 16% (48/286) - Loss: 0.3531
[Client 3, Round 40] Progress: 17% (50/286) - Loss: 0.2765
[Client 3, Round 40] Progress: 18% (52/286) - Loss: 0.4302
[Client 3, Round 40] Progress: 18% (54/286) - Loss: 0.1869
[Client 3, Round 40] Progress: 19% (56/286) - Loss: 0.1374
[Client 3, Round 40] Progress: 20% (58/286) - Loss: 0.1867
[Client 3, Round 40] Progress: 20% (60/286) - Loss: 0.1787
[Client 3, Round 40] Progress: 21% (62/286) - Loss: 0.1125
[Client 3, Round 40] Progress: 22% (64/286) - Loss: 0.6156
[Client 3, Round 40] Progress: 23% (66/286) - Loss: 0.2612
[Client 3, Round 40] Progress: 23% (68/286) - Loss: 0.0590
[Client 3, Round 40] Progress: 24% (70/286) - Loss: 0.0775
[Client 3, Round 40] Progress: 25% (72/286) - Loss: 0.0853
[Client 3, Round 40] Progress: 25% (74/286) - Loss: 0.1288
[Client 3, Round 40] Progress: 26% (76/286) - Loss: 0.1003
[Client 3, Round 40] Progress: 27% (78/286) - Loss: 0.1773
[Client 3, Round 40] Progress: 27% (80/286) - Loss: 0.0969
[Client 3, Round 40] Progress: 28% (82/286) - Loss: 0.1158
[Client 3, Round 40] Progress: 29% (84/286) - Loss: 0.1229
[Client 3, Round 40] Progress: 30% (86/286) - Loss: 0.1745
[Client 3, Round 40] Progress: 30% (88/286) - Loss: 0.1878
[Client 3, Round 40] Progress: 31% (90/286) - Loss: 0.1372
[Client 3, Round 40] Progress: 32% (92/286) - Loss: 0.2450
[Client 3, Round 40] Progress: 32% (94/286) - Loss: 0.1620
[Client 3, Round 40] Progress: 33% (96/286) - Loss: 0.0816
[Client 3, Round 40] Progress: 34% (98/286) - Loss: 0.1470
[Client 3, Round 40] Progress: 34% (100/286) - Loss: 0.1342
[Client 3, Round 40] Progress: 35% (102/286) - Loss: 0.0802
[Client 3, Round 40] Progress: 36% (104/286) - Loss: 0.0617
[Client 3, Round 40] Progress: 37% (106/286) - Loss: 0.2000
[Client 3, Round 40] Progress: 37% (108/286) - Loss: 0.0648
[Client 3, Round 40] Progress: 38% (110/286) - Loss: 0.1479
[Client 3, Round 40] Progress: 39% (112/286) - Loss: 0.0769
[Client 3, Round 40] Progress: 39% (114/286) - Loss: 0.0491
[Client 3, Round 40] Progress: 40% (116/286) - Loss: 0.2122
[Client 3, Round 40] Progress: 41% (118/286) - Loss: 0.1636
[Client 3, Round 40] Progress: 41% (120/286) - Loss: 0.4866
[Client 3, Round 40] Progress: 42% (122/286) - Loss: 0.0947
[Client 3, Round 40] Progress: 43% (124/286) - Loss: 0.1568
[Client 3, Round 40] Progress: 44% (126/286) - Loss: 0.1175
[Client 3, Round 40] Progress: 44% (128/286) - Loss: 0.0777
[Client 3, Round 40] Progress: 45% (130/286) - Loss: 0.3470
[Client 3, Round 40] Progress: 46% (132/286) - Loss: 0.1089
[Client 3, Round 40] Progress: 46% (134/286) - Loss: 0.0988
[Client 3, Round 40] Progress: 47% (136/286) - Loss: 0.1052
[Client 3, Round 40] Progress: 48% (138/286) - Loss: 0.4010
[Client 3, Round 40] Progress: 48% (140/286) - Loss: 0.4126
[Client 3, Round 40] Progress: 49% (142/286) - Loss: 0.1539
[Client 3, Round 40] Progress: 50% (144/286) - Loss: 0.1620
[Client 3, Round 40] Progress: 51% (146/286) - Loss: 0.1966
[Client 3, Round 40] Progress: 51% (148/286) - Loss: 0.5680
[Client 3, Round 40] Progress: 52% (150/286) - Loss: 0.1327
[Client 3, Round 40] Progress: 53% (152/286) - Loss: 0.1538
[Client 3, Round 40] Progress: 53% (154/286) - Loss: 0.1348
[Client 3, Round 40] Progress: 54% (156/286) - Loss: 0.4524
[Client 3, Round 40] Progress: 55% (158/286) - Loss: 0.2035
[Client 3, Round 40] Progress: 55% (160/286) - Loss: 0.1612
[Client 3, Round 40] Progress: 56% (162/286) - Loss: 0.4822
[Client 3, Round 40] Progress: 57% (164/286) - Loss: 0.1382
[Client 3, Round 40] Progress: 58% (166/286) - Loss: 0.1406
[Client 3, Round 40] Progress: 58% (168/286) - Loss: 0.1256
[Client 3, Round 40] Progress: 59% (170/286) - Loss: 0.2512
[Client 3, Round 40] Progress: 60% (172/286) - Loss: 0.0554
[Client 3, Round 40] Progress: 60% (174/286) - Loss: 0.1609
[Client 3, Round 40] Progress: 61% (176/286) - Loss: 0.0859
[Client 3, Round 40] Progress: 62% (178/286) - Loss: 0.0451
[Client 3, Round 40] Progress: 62% (180/286) - Loss: 0.1155
[Client 3, Round 40] Progress: 63% (182/286) - Loss: 0.0822
[Client 3, Round 40] Progress: 64% (184/286) - Loss: 0.1002
[Client 3, Round 40] Progress: 65% (186/286) - Loss: 0.1581
[Client 3, Round 40] Progress: 65% (188/286) - Loss: 0.1547
[Client 3, Round 40] Progress: 66% (190/286) - Loss: 0.1526
[Client 3, Round 40] Progress: 67% (192/286) - Loss: 0.1274
[Client 3, Round 40] Progress: 67% (194/286) - Loss: 0.1751
[Client 3, Round 40] Progress: 68% (196/286) - Loss: 0.1483
[Client 3, Round 40] Progress: 69% (198/286) - Loss: 0.2523
[Client 3, Round 40] Progress: 69% (200/286) - Loss: 0.5099
[Client 3, Round 40] Progress: 70% (202/286) - Loss: 0.1200
[Client 3, Round 40] Progress: 71% (204/286) - Loss: 0.2256
[Client 3, Round 40] Progress: 72% (206/286) - Loss: 0.2128
[Client 3, Round 40] Progress: 72% (208/286) - Loss: 0.4786
[Client 3, Round 40] Progress: 73% (210/286) - Loss: 0.1593
[Client 3, Round 40] Progress: 74% (212/286) - Loss: 0.3920
[Client 3, Round 40] Progress: 74% (214/286) - Loss: 0.2897
[Client 3, Round 40] Progress: 75% (216/286) - Loss: 0.2139
[Client 3, Round 40] Progress: 76% (218/286) - Loss: 0.1645
[Client 3, Round 40] Progress: 76% (220/286) - Loss: 0.4171
[Client 3, Round 40] Progress: 77% (222/286) - Loss: 0.4793
[Client 3, Round 40] Progress: 78% (224/286) - Loss: 0.3941
[Client 3, Round 40] Progress: 79% (226/286) - Loss: 0.1097
[Client 3, Round 40] Progress: 79% (228/286) - Loss: 0.1719
[Client 3, Round 40] Progress: 80% (230/286) - Loss: 0.1070
[Client 3, Round 40] Progress: 81% (232/286) - Loss: 0.1291
[Client 3, Round 40] Progress: 81% (234/286) - Loss: 0.0953
[Client 3, Round 40] Progress: 82% (236/286) - Loss: 0.4930
[Client 3, Round 40] Progress: 83% (238/286) - Loss: 0.1020
[Client 3, Round 40] Progress: 83% (240/286) - Loss: 0.2854
[Client 3, Round 40] Progress: 84% (242/286) - Loss: 0.0682
[Client 3, Round 40] Progress: 85% (244/286) - Loss: 0.5047
[Client 3, Round 40] Progress: 86% (246/286) - Loss: 0.0699
[Client 3, Round 40] Progress: 86% (248/286) - Loss: 0.4224
[Client 3, Round 40] Progress: 87% (250/286) - Loss: 0.1066
[Client 3, Round 40] Progress: 88% (252/286) - Loss: 0.1407
[Client 3, Round 40] Progress: 88% (254/286) - Loss: 0.1820
[Client 3, Round 40] Progress: 89% (256/286) - Loss: 0.0789
[Client 3, Round 40] Progress: 90% (258/286) - Loss: 0.1252
[Client 3, Round 40] Progress: 90% (260/286) - Loss: 0.4112
[Client 3, Round 40] Progress: 91% (262/286) - Loss: 0.1383
[Client 3, Round 40] Progress: 92% (264/286) - Loss: 0.0854
[Client 3, Round 40] Progress: 93% (266/286) - Loss: 0.3198
[Client 3, Round 40] Progress: 93% (268/286) - Loss: 0.0999
[Client 3, Round 40] Progress: 94% (270/286) - Loss: 0.2767
[Client 3, Round 40] Progress: 95% (272/286) - Loss: 0.1684
[Client 3, Round 40] Progress: 95% (274/286) - Loss: 0.1517
[Client 3, Round 40] Progress: 96% (276/286) - Loss: 0.1937
[Client 3, Round 40] Progress: 97% (278/286) - Loss: 0.1488
[Client 3, Round 40] Progress: 97% (280/286) - Loss: 0.2429
[Client 3, Round 40] Progress: 98% (282/286) - Loss: 0.1604
[Client 3, Round 40] Progress: 99% (284/286) - Loss: 0.1311
[Client 3, Round 40] Progress: 100% (286/286) - Loss: 0.3493
[Client 3, Round 40] Train Loss: 0.2044
[Client 3, Round 40] Val Loss: 0.1754 | Val Dice: 0.8425
[Client 3, Round 41] Progress: 0% (2/286) - Loss: 0.1353
[Client 3, Round 41] Progress: 1% (4/286) - Loss: 0.1475
[Client 3, Round 41] Progress: 2% (6/286) - Loss: 0.0630
[Client 3, Round 41] Progress: 2% (8/286) - Loss: 0.1666
[Client 3, Round 41] Progress: 3% (10/286) - Loss: 0.0652
[Client 3, Round 41] Progress: 4% (12/286) - Loss: 0.1592
[Client 3, Round 41] Progress: 4% (14/286) - Loss: 0.7519
[Client 3, Round 41] Progress: 5% (16/286) - Loss: 0.4155
[Client 3, Round 41] Progress: 6% (18/286) - Loss: 0.0743
[Client 3, Round 41] Progress: 6% (20/286) - Loss: 0.2000
[Client 3, Round 41] Progress: 7% (22/286) - Loss: 0.1703
[Client 3, Round 41] Progress: 8% (24/286) - Loss: 0.3496
[Client 3, Round 41] Progress: 9% (26/286) - Loss: 0.3270
[Client 3, Round 41] Progress: 9% (28/286) - Loss: 0.0909
[Client 3, Round 41] Progress: 10% (30/286) - Loss: 0.0966
[Client 3, Round 41] Progress: 11% (32/286) - Loss: 0.0963
[Client 3, Round 41] Progress: 11% (34/286) - Loss: 0.2241
[Client 3, Round 41] Progress: 12% (36/286) - Loss: 0.2970
[Client 3, Round 41] Progress: 13% (38/286) - Loss: 0.0535
[Client 3, Round 41] Progress: 13% (40/286) - Loss: 0.2564
[Client 3, Round 41] Progress: 14% (42/286) - Loss: 0.1626
[Client 3, Round 41] Progress: 15% (44/286) - Loss: 0.0479
[Client 3, Round 41] Progress: 16% (46/286) - Loss: 0.1779
[Client 3, Round 41] Progress: 16% (48/286) - Loss: 0.2204
[Client 3, Round 41] Progress: 17% (50/286) - Loss: 0.0934
[Client 3, Round 41] Progress: 18% (52/286) - Loss: 0.4180
[Client 3, Round 41] Progress: 18% (54/286) - Loss: 0.1616
[Client 3, Round 41] Progress: 19% (56/286) - Loss: 0.4162
[Client 3, Round 41] Progress: 20% (58/286) - Loss: 0.1745
[Client 3, Round 41] Progress: 20% (60/286) - Loss: 0.1039
[Client 3, Round 41] Progress: 21% (62/286) - Loss: 0.2898
[Client 3, Round 41] Progress: 22% (64/286) - Loss: 0.0936
[Client 3, Round 41] Progress: 23% (66/286) - Loss: 0.1282
[Client 3, Round 41] Progress: 23% (68/286) - Loss: 0.0830
[Client 3, Round 41] Progress: 24% (70/286) - Loss: 0.1361
[Client 3, Round 41] Progress: 25% (72/286) - Loss: 0.1393
[Client 3, Round 41] Progress: 25% (74/286) - Loss: 0.4316
[Client 3, Round 41] Progress: 26% (76/286) - Loss: 0.2686
[Client 3, Round 41] Progress: 27% (78/286) - Loss: 0.0776
[Client 3, Round 41] Progress: 27% (80/286) - Loss: 0.1496
[Client 3, Round 41] Progress: 28% (82/286) - Loss: 0.0615
[Client 3, Round 41] Progress: 29% (84/286) - Loss: 0.1338
[Client 3, Round 41] Progress: 30% (86/286) - Loss: 0.3888
[Client 3, Round 41] Progress: 30% (88/286) - Loss: 0.1345
[Client 3, Round 41] Progress: 31% (90/286) - Loss: 0.1131
[Client 3, Round 41] Progress: 32% (92/286) - Loss: 0.1189
[Client 3, Round 41] Progress: 32% (94/286) - Loss: 0.1007
[Client 3, Round 41] Progress: 33% (96/286) - Loss: 0.4391
[Client 3, Round 41] Progress: 34% (98/286) - Loss: 0.1635
[Client 3, Round 41] Progress: 34% (100/286) - Loss: 0.7592
[Client 3, Round 41] Progress: 35% (102/286) - Loss: 0.1688
[Client 3, Round 41] Progress: 36% (104/286) - Loss: 0.1212
[Client 3, Round 41] Progress: 37% (106/286) - Loss: 0.1206
[Client 3, Round 41] Progress: 37% (108/286) - Loss: 0.1023
[Client 3, Round 41] Progress: 38% (110/286) - Loss: 0.0826
[Client 3, Round 41] Progress: 39% (112/286) - Loss: 0.1538
[Client 3, Round 41] Progress: 39% (114/286) - Loss: 0.0458
[Client 3, Round 41] Progress: 40% (116/286) - Loss: 0.1883
[Client 3, Round 41] Progress: 41% (118/286) - Loss: 0.1008
[Client 3, Round 41] Progress: 41% (120/286) - Loss: 0.3048
[Client 3, Round 41] Progress: 42% (122/286) - Loss: 0.1652
[Client 3, Round 41] Progress: 43% (124/286) - Loss: 0.5679
[Client 3, Round 41] Progress: 44% (126/286) - Loss: 0.1901
[Client 3, Round 41] Progress: 44% (128/286) - Loss: 0.1056
[Client 3, Round 41] Progress: 45% (130/286) - Loss: 0.1344
[Client 3, Round 41] Progress: 46% (132/286) - Loss: 0.1219
[Client 3, Round 41] Progress: 46% (134/286) - Loss: 0.1018
[Client 3, Round 41] Progress: 47% (136/286) - Loss: 0.2241
[Client 3, Round 41] Progress: 48% (138/286) - Loss: 0.1042
[Client 3, Round 41] Progress: 48% (140/286) - Loss: 0.0757
[Client 3, Round 41] Progress: 49% (142/286) - Loss: 0.1253
[Client 3, Round 41] Progress: 50% (144/286) - Loss: 0.1170
[Client 3, Round 41] Progress: 51% (146/286) - Loss: 0.2997
[Client 3, Round 41] Progress: 51% (148/286) - Loss: 0.0720
[Client 3, Round 41] Progress: 52% (150/286) - Loss: 0.5033
[Client 3, Round 41] Progress: 53% (152/286) - Loss: 0.1265
[Client 3, Round 41] Progress: 53% (154/286) - Loss: 0.0970
[Client 3, Round 41] Progress: 54% (156/286) - Loss: 0.4536
[Client 3, Round 41] Progress: 55% (158/286) - Loss: 0.1038
[Client 3, Round 41] Progress: 55% (160/286) - Loss: 0.1427
[Client 3, Round 41] Progress: 56% (162/286) - Loss: 0.5086
[Client 3, Round 41] Progress: 57% (164/286) - Loss: 0.0686
[Client 3, Round 41] Progress: 58% (166/286) - Loss: 0.1631
[Client 3, Round 41] Progress: 58% (168/286) - Loss: 0.1326
[Client 3, Round 41] Progress: 59% (170/286) - Loss: 0.1627
[Client 3, Round 41] Progress: 60% (172/286) - Loss: 0.1537
[Client 3, Round 41] Progress: 60% (174/286) - Loss: 0.1811
[Client 3, Round 41] Progress: 61% (176/286) - Loss: 0.4485
[Client 3, Round 41] Progress: 62% (178/286) - Loss: 0.4363
[Client 3, Round 41] Progress: 62% (180/286) - Loss: 0.1600
[Client 3, Round 41] Progress: 63% (182/286) - Loss: 0.1404
[Client 3, Round 41] Progress: 64% (184/286) - Loss: 0.1605
[Client 3, Round 41] Progress: 65% (186/286) - Loss: 0.1043
[Client 3, Round 41] Progress: 65% (188/286) - Loss: 0.1194
[Client 3, Round 41] Progress: 66% (190/286) - Loss: 0.0579
[Client 3, Round 41] Progress: 67% (192/286) - Loss: 0.2246
[Client 3, Round 41] Progress: 67% (194/286) - Loss: 0.0986
[Client 3, Round 41] Progress: 68% (196/286) - Loss: 0.7426
[Client 3, Round 41] Progress: 69% (198/286) - Loss: 0.1360
[Client 3, Round 41] Progress: 69% (200/286) - Loss: 0.1534
[Client 3, Round 41] Progress: 70% (202/286) - Loss: 0.1337
[Client 3, Round 41] Progress: 71% (204/286) - Loss: 0.5074
[Client 3, Round 41] Progress: 72% (206/286) - Loss: 0.1084
[Client 3, Round 41] Progress: 72% (208/286) - Loss: 0.2310
[Client 3, Round 41] Progress: 73% (210/286) - Loss: 0.7019
[Client 3, Round 41] Progress: 74% (212/286) - Loss: 0.5572
[Client 3, Round 41] Progress: 74% (214/286) - Loss: 0.3117
[Client 3, Round 41] Progress: 75% (216/286) - Loss: 0.1910
[Client 3, Round 41] Progress: 76% (218/286) - Loss: 0.1302
[Client 3, Round 41] Progress: 76% (220/286) - Loss: 0.1219
[Client 3, Round 41] Progress: 77% (222/286) - Loss: 0.1038
[Client 3, Round 41] Progress: 78% (224/286) - Loss: 0.0532
[Client 3, Round 41] Progress: 79% (226/286) - Loss: 0.0963
[Client 3, Round 41] Progress: 79% (228/286) - Loss: 0.1701
[Client 3, Round 41] Progress: 80% (230/286) - Loss: 0.1119
[Client 3, Round 41] Progress: 81% (232/286) - Loss: 0.0851
[Client 3, Round 41] Progress: 81% (234/286) - Loss: 0.0817
[Client 3, Round 41] Progress: 82% (236/286) - Loss: 0.0469
[Client 3, Round 41] Progress: 83% (238/286) - Loss: 0.3358
[Client 3, Round 41] Progress: 83% (240/286) - Loss: 0.1266
[Client 3, Round 41] Progress: 84% (242/286) - Loss: 0.1851
[Client 3, Round 41] Progress: 85% (244/286) - Loss: 0.4554
[Client 3, Round 41] Progress: 86% (246/286) - Loss: 0.1548
[Client 3, Round 41] Progress: 86% (248/286) - Loss: 0.1088
[Client 3, Round 41] Progress: 87% (250/286) - Loss: 0.2734
[Client 3, Round 41] Progress: 88% (252/286) - Loss: 0.4249
[Client 3, Round 41] Progress: 88% (254/286) - Loss: 0.1306
[Client 3, Round 41] Progress: 89% (256/286) - Loss: 0.0665
[Client 3, Round 41] Progress: 90% (258/286) - Loss: 0.1150
[Client 3, Round 41] Progress: 90% (260/286) - Loss: 0.1010
[Client 3, Round 41] Progress: 91% (262/286) - Loss: 0.2592
[Client 3, Round 41] Progress: 92% (264/286) - Loss: 0.1442
[Client 3, Round 41] Progress: 93% (266/286) - Loss: 0.1224
[Client 3, Round 41] Progress: 93% (268/286) - Loss: 0.0925
[Client 3, Round 41] Progress: 94% (270/286) - Loss: 0.1622
[Client 3, Round 41] Progress: 95% (272/286) - Loss: 0.1383
[Client 3, Round 41] Progress: 95% (274/286) - Loss: 0.1124
[Client 3, Round 41] Progress: 96% (276/286) - Loss: 0.5116
[Client 3, Round 41] Progress: 97% (278/286) - Loss: 0.1169
[Client 3, Round 41] Progress: 97% (280/286) - Loss: 0.1224
[Client 3, Round 41] Progress: 98% (282/286) - Loss: 0.3425
[Client 3, Round 41] Progress: 99% (284/286) - Loss: 0.2810
[Client 3, Round 41] Progress: 100% (286/286) - Loss: 0.4902
[Client 3, Round 41] Train Loss: 0.2009
[Client 3, Round 41] Val Loss: 0.1798 | Val Dice: 0.8361
[Client 3, Round 42] Progress: 0% (2/286) - Loss: 0.5969
[Client 3, Round 42] Progress: 1% (4/286) - Loss: 0.2482
[Client 3, Round 42] Progress: 2% (6/286) - Loss: 0.4825
[Client 3, Round 42] Progress: 2% (8/286) - Loss: 0.4905
[Client 3, Round 42] Progress: 3% (10/286) - Loss: 0.1112
[Client 3, Round 42] Progress: 4% (12/286) - Loss: 0.1335
[Client 3, Round 42] Progress: 4% (14/286) - Loss: 0.4480
[Client 3, Round 42] Progress: 5% (16/286) - Loss: 0.4599
[Client 3, Round 42] Progress: 6% (18/286) - Loss: 0.4651
[Client 3, Round 42] Progress: 6% (20/286) - Loss: 0.1097
[Client 3, Round 42] Progress: 7% (22/286) - Loss: 0.3531
[Client 3, Round 42] Progress: 8% (24/286) - Loss: 0.0941
[Client 3, Round 42] Progress: 9% (26/286) - Loss: 0.1386
[Client 3, Round 42] Progress: 9% (28/286) - Loss: 0.4534
[Client 3, Round 42] Progress: 10% (30/286) - Loss: 0.1282
[Client 3, Round 42] Progress: 11% (32/286) - Loss: 0.1660
[Client 3, Round 42] Progress: 11% (34/286) - Loss: 0.0611
[Client 3, Round 42] Progress: 12% (36/286) - Loss: 0.0795
[Client 3, Round 42] Progress: 13% (38/286) - Loss: 0.2929
[Client 3, Round 42] Progress: 13% (40/286) - Loss: 0.1814
[Client 3, Round 42] Progress: 14% (42/286) - Loss: 0.2291
[Client 3, Round 42] Progress: 15% (44/286) - Loss: 0.0580
[Client 3, Round 42] Progress: 16% (46/286) - Loss: 0.4648
[Client 3, Round 42] Progress: 16% (48/286) - Loss: 0.0916
[Client 3, Round 42] Progress: 17% (50/286) - Loss: 0.4031
[Client 3, Round 42] Progress: 18% (52/286) - Loss: 0.3110
[Client 3, Round 42] Progress: 18% (54/286) - Loss: 0.1207
[Client 3, Round 42] Progress: 19% (56/286) - Loss: 0.1413
[Client 3, Round 42] Progress: 20% (58/286) - Loss: 0.0793
[Client 3, Round 42] Progress: 20% (60/286) - Loss: 0.6742
[Client 3, Round 42] Progress: 21% (62/286) - Loss: 0.3989
[Client 3, Round 42] Progress: 22% (64/286) - Loss: 0.0986
[Client 3, Round 42] Progress: 23% (66/286) - Loss: 0.0470
[Client 3, Round 42] Progress: 23% (68/286) - Loss: 0.1745
[Client 3, Round 42] Progress: 24% (70/286) - Loss: 0.1346
[Client 3, Round 42] Progress: 25% (72/286) - Loss: 0.4537
[Client 3, Round 42] Progress: 25% (74/286) - Loss: 0.1933
[Client 3, Round 42] Progress: 26% (76/286) - Loss: 0.1879
[Client 3, Round 42] Progress: 27% (78/286) - Loss: 0.4574
[Client 3, Round 42] Progress: 27% (80/286) - Loss: 0.0741
[Client 3, Round 42] Progress: 28% (82/286) - Loss: 0.1176
[Client 3, Round 42] Progress: 29% (84/286) - Loss: 0.4486
[Client 3, Round 42] Progress: 30% (86/286) - Loss: 0.3512
[Client 3, Round 42] Progress: 30% (88/286) - Loss: 0.1812
[Client 3, Round 42] Progress: 31% (90/286) - Loss: 0.1342
[Client 3, Round 42] Progress: 32% (92/286) - Loss: 0.3962
[Client 3, Round 42] Progress: 32% (94/286) - Loss: 0.1776
[Client 3, Round 42] Progress: 33% (96/286) - Loss: 0.1506
[Client 3, Round 42] Progress: 34% (98/286) - Loss: 0.1140
[Client 3, Round 42] Progress: 34% (100/286) - Loss: 0.0492
[Client 3, Round 42] Progress: 35% (102/286) - Loss: 0.1030
[Client 3, Round 42] Progress: 36% (104/286) - Loss: 0.4595
[Client 3, Round 42] Progress: 37% (106/286) - Loss: 0.0689
[Client 3, Round 42] Progress: 37% (108/286) - Loss: 0.1520
[Client 3, Round 42] Progress: 38% (110/286) - Loss: 0.1250
[Client 3, Round 42] Progress: 39% (112/286) - Loss: 0.1964
[Client 3, Round 42] Progress: 39% (114/286) - Loss: 0.6463
[Client 3, Round 42] Progress: 40% (116/286) - Loss: 0.1192
[Client 3, Round 42] Progress: 41% (118/286) - Loss: 0.1341
[Client 3, Round 42] Progress: 41% (120/286) - Loss: 0.1202
[Client 3, Round 42] Progress: 42% (122/286) - Loss: 0.5011
[Client 3, Round 42] Progress: 43% (124/286) - Loss: 0.1600
[Client 3, Round 42] Progress: 44% (126/286) - Loss: 0.2412
[Client 3, Round 42] Progress: 44% (128/286) - Loss: 0.2849
[Client 3, Round 42] Progress: 45% (130/286) - Loss: 0.1315
[Client 3, Round 42] Progress: 46% (132/286) - Loss: 0.0688
[Client 3, Round 42] Progress: 46% (134/286) - Loss: 0.1348
[Client 3, Round 42] Progress: 47% (136/286) - Loss: 0.1300
[Client 3, Round 42] Progress: 48% (138/286) - Loss: 0.1412
[Client 3, Round 42] Progress: 48% (140/286) - Loss: 0.0810
[Client 3, Round 42] Progress: 49% (142/286) - Loss: 0.1086
[Client 3, Round 42] Progress: 50% (144/286) - Loss: 0.0965
[Client 3, Round 42] Progress: 51% (146/286) - Loss: 0.0746
[Client 3, Round 42] Progress: 51% (148/286) - Loss: 0.1162
[Client 3, Round 42] Progress: 52% (150/286) - Loss: 0.1074
[Client 3, Round 42] Progress: 53% (152/286) - Loss: 0.4678
[Client 3, Round 42] Progress: 53% (154/286) - Loss: 0.0757
[Client 3, Round 42] Progress: 54% (156/286) - Loss: 0.1903
[Client 3, Round 42] Progress: 55% (158/286) - Loss: 0.1182
[Client 3, Round 42] Progress: 55% (160/286) - Loss: 0.1263
[Client 3, Round 42] Progress: 56% (162/286) - Loss: 0.1166
[Client 3, Round 42] Progress: 57% (164/286) - Loss: 0.1826
[Client 3, Round 42] Progress: 58% (166/286) - Loss: 0.1606
[Client 3, Round 42] Progress: 58% (168/286) - Loss: 0.1250
[Client 3, Round 42] Progress: 59% (170/286) - Loss: 0.1201
[Client 3, Round 42] Progress: 60% (172/286) - Loss: 0.2600
[Client 3, Round 42] Progress: 60% (174/286) - Loss: 0.1136
[Client 3, Round 42] Progress: 61% (176/286) - Loss: 0.3943
[Client 3, Round 42] Progress: 62% (178/286) - Loss: 0.1088
[Client 3, Round 42] Progress: 62% (180/286) - Loss: 0.1653
[Client 3, Round 42] Progress: 63% (182/286) - Loss: 0.1919
[Client 3, Round 42] Progress: 64% (184/286) - Loss: 0.1366
[Client 3, Round 42] Progress: 65% (186/286) - Loss: 0.0710
[Client 3, Round 42] Progress: 65% (188/286) - Loss: 0.1731
[Client 3, Round 42] Progress: 66% (190/286) - Loss: 0.1852
[Client 3, Round 42] Progress: 67% (192/286) - Loss: 0.0851
[Client 3, Round 42] Progress: 67% (194/286) - Loss: 0.0652
[Client 3, Round 42] Progress: 68% (196/286) - Loss: 0.1557
[Client 3, Round 42] Progress: 69% (198/286) - Loss: 0.2415
[Client 3, Round 42] Progress: 69% (200/286) - Loss: 0.4042
[Client 3, Round 42] Progress: 70% (202/286) - Loss: 0.1034
[Client 3, Round 42] Progress: 71% (204/286) - Loss: 0.1587
[Client 3, Round 42] Progress: 72% (206/286) - Loss: 0.1163
[Client 3, Round 42] Progress: 72% (208/286) - Loss: 0.1196
[Client 3, Round 42] Progress: 73% (210/286) - Loss: 0.1487
[Client 3, Round 42] Progress: 74% (212/286) - Loss: 0.4794
[Client 3, Round 42] Progress: 74% (214/286) - Loss: 0.1012
[Client 3, Round 42] Progress: 75% (216/286) - Loss: 0.1145
[Client 3, Round 42] Progress: 76% (218/286) - Loss: 0.3538
[Client 3, Round 42] Progress: 76% (220/286) - Loss: 0.2121
[Client 3, Round 42] Progress: 77% (222/286) - Loss: 0.0581
[Client 3, Round 42] Progress: 78% (224/286) - Loss: 0.0888
[Client 3, Round 42] Progress: 79% (226/286) - Loss: 0.1257
[Client 3, Round 42] Progress: 79% (228/286) - Loss: 0.1781
[Client 3, Round 42] Progress: 80% (230/286) - Loss: 0.1132
[Client 3, Round 42] Progress: 81% (232/286) - Loss: 0.0944
[Client 3, Round 42] Progress: 81% (234/286) - Loss: 0.1615
[Client 3, Round 42] Progress: 82% (236/286) - Loss: 0.1679
[Client 3, Round 42] Progress: 83% (238/286) - Loss: 0.4875
[Client 3, Round 42] Progress: 83% (240/286) - Loss: 0.1127
[Client 3, Round 42] Progress: 84% (242/286) - Loss: 0.2225
[Client 3, Round 42] Progress: 85% (244/286) - Loss: 0.1056
[Client 3, Round 42] Progress: 86% (246/286) - Loss: 0.1010
[Client 3, Round 42] Progress: 86% (248/286) - Loss: 0.2193
[Client 3, Round 42] Progress: 87% (250/286) - Loss: 0.1162
[Client 3, Round 42] Progress: 88% (252/286) - Loss: 0.1265
[Client 3, Round 42] Progress: 88% (254/286) - Loss: 0.0783
[Client 3, Round 42] Progress: 89% (256/286) - Loss: 0.2313
[Client 3, Round 42] Progress: 90% (258/286) - Loss: 0.1124
[Client 3, Round 42] Progress: 90% (260/286) - Loss: 0.0954
[Client 3, Round 42] Progress: 91% (262/286) - Loss: 0.2058
[Client 3, Round 42] Progress: 92% (264/286) - Loss: 0.1316
[Client 3, Round 42] Progress: 93% (266/286) - Loss: 0.0890
[Client 3, Round 42] Progress: 93% (268/286) - Loss: 0.2383
[Client 3, Round 42] Progress: 94% (270/286) - Loss: 0.5781
[Client 3, Round 42] Progress: 95% (272/286) - Loss: 0.1064
[Client 3, Round 42] Progress: 95% (274/286) - Loss: 0.3641
[Client 3, Round 42] Progress: 96% (276/286) - Loss: 0.1023
[Client 3, Round 42] Progress: 97% (278/286) - Loss: 0.1026
[Client 3, Round 42] Progress: 97% (280/286) - Loss: 0.1180
[Client 3, Round 42] Progress: 98% (282/286) - Loss: 0.1680
[Client 3, Round 42] Progress: 99% (284/286) - Loss: 0.0774
[Client 3, Round 42] Progress: 100% (286/286) - Loss: 0.1915
[Client 3, Round 42] Train Loss: 0.2055
[Client 3, Round 42] Val Loss: 0.1835 | Val Dice: 0.8299
[Client 3, Round 43] Progress: 0% (2/286) - Loss: 0.1166
[Client 3, Round 43] Progress: 1% (4/286) - Loss: 0.2087
[Client 3, Round 43] Progress: 2% (6/286) - Loss: 0.0825
[Client 3, Round 43] Progress: 2% (8/286) - Loss: 0.1867
[Client 3, Round 43] Progress: 3% (10/286) - Loss: 0.1674
[Client 3, Round 43] Progress: 4% (12/286) - Loss: 0.0657
[Client 3, Round 43] Progress: 4% (14/286) - Loss: 0.0539
[Client 3, Round 43] Progress: 5% (16/286) - Loss: 0.0898
[Client 3, Round 43] Progress: 6% (18/286) - Loss: 0.0805
[Client 3, Round 43] Progress: 6% (20/286) - Loss: 0.3804
[Client 3, Round 43] Progress: 7% (22/286) - Loss: 0.1832
[Client 3, Round 43] Progress: 8% (24/286) - Loss: 0.4534
[Client 3, Round 43] Progress: 9% (26/286) - Loss: 0.1644
[Client 3, Round 43] Progress: 9% (28/286) - Loss: 0.1780
[Client 3, Round 43] Progress: 10% (30/286) - Loss: 0.1258
[Client 3, Round 43] Progress: 11% (32/286) - Loss: 0.0549
[Client 3, Round 43] Progress: 11% (34/286) - Loss: 0.1908
[Client 3, Round 43] Progress: 12% (36/286) - Loss: 0.1600
[Client 3, Round 43] Progress: 13% (38/286) - Loss: 0.4429
[Client 3, Round 43] Progress: 13% (40/286) - Loss: 0.1410
[Client 3, Round 43] Progress: 14% (42/286) - Loss: 0.0920
[Client 3, Round 43] Progress: 15% (44/286) - Loss: 0.1206
[Client 3, Round 43] Progress: 16% (46/286) - Loss: 0.1188
[Client 3, Round 43] Progress: 16% (48/286) - Loss: 0.1012
[Client 3, Round 43] Progress: 17% (50/286) - Loss: 0.4288
[Client 3, Round 43] Progress: 18% (52/286) - Loss: 0.5110
[Client 3, Round 43] Progress: 18% (54/286) - Loss: 0.1334
[Client 3, Round 43] Progress: 19% (56/286) - Loss: 0.1103
[Client 3, Round 43] Progress: 20% (58/286) - Loss: 0.4815
[Client 3, Round 43] Progress: 20% (60/286) - Loss: 0.1465
[Client 3, Round 43] Progress: 21% (62/286) - Loss: 0.2542
[Client 3, Round 43] Progress: 22% (64/286) - Loss: 0.1120
[Client 3, Round 43] Progress: 23% (66/286) - Loss: 0.0789
[Client 3, Round 43] Progress: 23% (68/286) - Loss: 0.1410
[Client 3, Round 43] Progress: 24% (70/286) - Loss: 0.6898
[Client 3, Round 43] Progress: 25% (72/286) - Loss: 0.6614
[Client 3, Round 43] Progress: 25% (74/286) - Loss: 0.0539
[Client 3, Round 43] Progress: 26% (76/286) - Loss: 0.5878
[Client 3, Round 43] Progress: 27% (78/286) - Loss: 0.2222
[Client 3, Round 43] Progress: 27% (80/286) - Loss: 0.2851
[Client 3, Round 43] Progress: 28% (82/286) - Loss: 0.1886
[Client 3, Round 43] Progress: 29% (84/286) - Loss: 0.1875
[Client 3, Round 43] Progress: 30% (86/286) - Loss: 0.4141
[Client 3, Round 43] Progress: 30% (88/286) - Loss: 0.0948
[Client 3, Round 43] Progress: 31% (90/286) - Loss: 0.1313
[Client 3, Round 43] Progress: 32% (92/286) - Loss: 0.0862
[Client 3, Round 43] Progress: 32% (94/286) - Loss: 0.0850
[Client 3, Round 43] Progress: 33% (96/286) - Loss: 0.7032
[Client 3, Round 43] Progress: 34% (98/286) - Loss: 0.5413
[Client 3, Round 43] Progress: 34% (100/286) - Loss: 0.1308
[Client 3, Round 43] Progress: 35% (102/286) - Loss: 0.2373
[Client 3, Round 43] Progress: 36% (104/286) - Loss: 0.0764
[Client 3, Round 43] Progress: 37% (106/286) - Loss: 0.4578
[Client 3, Round 43] Progress: 37% (108/286) - Loss: 0.0764
[Client 3, Round 43] Progress: 38% (110/286) - Loss: 0.1051
[Client 3, Round 43] Progress: 39% (112/286) - Loss: 0.1193
[Client 3, Round 43] Progress: 39% (114/286) - Loss: 0.3063
[Client 3, Round 43] Progress: 40% (116/286) - Loss: 0.2123
[Client 3, Round 43] Progress: 41% (118/286) - Loss: 0.1672
[Client 3, Round 43] Progress: 41% (120/286) - Loss: 0.0994
[Client 3, Round 43] Progress: 42% (122/286) - Loss: 0.1370
[Client 3, Round 43] Progress: 43% (124/286) - Loss: 0.4218
[Client 3, Round 43] Progress: 44% (126/286) - Loss: 0.0971
[Client 3, Round 43] Progress: 44% (128/286) - Loss: 0.1505
[Client 3, Round 43] Progress: 45% (130/286) - Loss: 0.1525
[Client 3, Round 43] Progress: 46% (132/286) - Loss: 0.1485
[Client 3, Round 43] Progress: 46% (134/286) - Loss: 0.0776
[Client 3, Round 43] Progress: 47% (136/286) - Loss: 0.1067
[Client 3, Round 43] Progress: 48% (138/286) - Loss: 0.6730
[Client 3, Round 43] Progress: 48% (140/286) - Loss: 0.1263
[Client 3, Round 43] Progress: 49% (142/286) - Loss: 0.4951
[Client 3, Round 43] Progress: 50% (144/286) - Loss: 0.6127
[Client 3, Round 43] Progress: 51% (146/286) - Loss: 0.0737
[Client 3, Round 43] Progress: 51% (148/286) - Loss: 0.1359
[Client 3, Round 43] Progress: 52% (150/286) - Loss: 0.5399
[Client 3, Round 43] Progress: 53% (152/286) - Loss: 0.0986
[Client 3, Round 43] Progress: 53% (154/286) - Loss: 0.1190
[Client 3, Round 43] Progress: 54% (156/286) - Loss: 0.1175
[Client 3, Round 43] Progress: 55% (158/286) - Loss: 0.1450
[Client 3, Round 43] Progress: 55% (160/286) - Loss: 0.1419
[Client 3, Round 43] Progress: 56% (162/286) - Loss: 0.4368
[Client 3, Round 43] Progress: 57% (164/286) - Loss: 0.1250
[Client 3, Round 43] Progress: 58% (166/286) - Loss: 0.0989
[Client 3, Round 43] Progress: 58% (168/286) - Loss: 0.1826
[Client 3, Round 43] Progress: 59% (170/286) - Loss: 0.1702
[Client 3, Round 43] Progress: 60% (172/286) - Loss: 0.1163
[Client 3, Round 43] Progress: 60% (174/286) - Loss: 0.1241
[Client 3, Round 43] Progress: 61% (176/286) - Loss: 0.1183
[Client 3, Round 43] Progress: 62% (178/286) - Loss: 0.0824
[Client 3, Round 43] Progress: 62% (180/286) - Loss: 0.0576
[Client 3, Round 43] Progress: 63% (182/286) - Loss: 0.4544
[Client 3, Round 43] Progress: 64% (184/286) - Loss: 0.0624
[Client 3, Round 43] Progress: 65% (186/286) - Loss: 0.4833
[Client 3, Round 43] Progress: 65% (188/286) - Loss: 0.1527
[Client 3, Round 43] Progress: 66% (190/286) - Loss: 0.1067
[Client 3, Round 43] Progress: 67% (192/286) - Loss: 0.4556
[Client 3, Round 43] Progress: 67% (194/286) - Loss: 0.1065
[Client 3, Round 43] Progress: 68% (196/286) - Loss: 0.1776
[Client 3, Round 43] Progress: 69% (198/286) - Loss: 0.0742
[Client 3, Round 43] Progress: 69% (200/286) - Loss: 0.4639
[Client 3, Round 43] Progress: 70% (202/286) - Loss: 0.2603
[Client 3, Round 43] Progress: 71% (204/286) - Loss: 0.1738
[Client 3, Round 43] Progress: 72% (206/286) - Loss: 0.1424
[Client 3, Round 43] Progress: 72% (208/286) - Loss: 0.0707
[Client 3, Round 43] Progress: 73% (210/286) - Loss: 0.1666
[Client 3, Round 43] Progress: 74% (212/286) - Loss: 0.2489
[Client 3, Round 43] Progress: 74% (214/286) - Loss: 0.4337
[Client 3, Round 43] Progress: 75% (216/286) - Loss: 0.1849
[Client 3, Round 43] Progress: 76% (218/286) - Loss: 0.2001
[Client 3, Round 43] Progress: 76% (220/286) - Loss: 0.0712
[Client 3, Round 43] Progress: 77% (222/286) - Loss: 0.1271
[Client 3, Round 43] Progress: 78% (224/286) - Loss: 0.2640
[Client 3, Round 43] Progress: 79% (226/286) - Loss: 0.1207
[Client 3, Round 43] Progress: 79% (228/286) - Loss: 0.1969
[Client 3, Round 43] Progress: 80% (230/286) - Loss: 0.2196
[Client 3, Round 43] Progress: 81% (232/286) - Loss: 0.0849
[Client 3, Round 43] Progress: 81% (234/286) - Loss: 0.0575
[Client 3, Round 43] Progress: 82% (236/286) - Loss: 0.1281
[Client 3, Round 43] Progress: 83% (238/286) - Loss: 0.1276
[Client 3, Round 43] Progress: 83% (240/286) - Loss: 0.4366
[Client 3, Round 43] Progress: 84% (242/286) - Loss: 0.1875
[Client 3, Round 43] Progress: 85% (244/286) - Loss: 0.1470
[Client 3, Round 43] Progress: 86% (246/286) - Loss: 0.3341
[Client 3, Round 43] Progress: 86% (248/286) - Loss: 0.1568
[Client 3, Round 43] Progress: 87% (250/286) - Loss: 0.0618
[Client 3, Round 43] Progress: 88% (252/286) - Loss: 0.4868
[Client 3, Round 43] Progress: 88% (254/286) - Loss: 0.4111
[Client 3, Round 43] Progress: 89% (256/286) - Loss: 0.1086
[Client 3, Round 43] Progress: 90% (258/286) - Loss: 0.1172
[Client 3, Round 43] Progress: 90% (260/286) - Loss: 0.1003
[Client 3, Round 43] Progress: 91% (262/286) - Loss: 0.2076
[Client 3, Round 43] Progress: 92% (264/286) - Loss: 0.1023
[Client 3, Round 43] Progress: 93% (266/286) - Loss: 0.0458
[Client 3, Round 43] Progress: 93% (268/286) - Loss: 0.3546
[Client 3, Round 43] Progress: 94% (270/286) - Loss: 0.1025
[Client 3, Round 43] Progress: 95% (272/286) - Loss: 0.1298
[Client 3, Round 43] Progress: 95% (274/286) - Loss: 0.1291
[Client 3, Round 43] Progress: 96% (276/286) - Loss: 0.1289
[Client 3, Round 43] Progress: 97% (278/286) - Loss: 0.1444
[Client 3, Round 43] Progress: 97% (280/286) - Loss: 0.1078
[Client 3, Round 43] Progress: 98% (282/286) - Loss: 0.1857
[Client 3, Round 43] Progress: 99% (284/286) - Loss: 0.0973
[Client 3, Round 43] Progress: 100% (286/286) - Loss: 0.1578
[Client 3, Round 43] Train Loss: 0.2067
[Client 3, Round 43] Val Loss: 0.1700 | Val Dice: 0.8475
[Client 3, Round 44] Progress: 0% (2/286) - Loss: 0.1361
[Client 3, Round 44] Progress: 1% (4/286) - Loss: 0.1214
[Client 3, Round 44] Progress: 2% (6/286) - Loss: 0.0473
[Client 3, Round 44] Progress: 2% (8/286) - Loss: 0.1557
[Client 3, Round 44] Progress: 3% (10/286) - Loss: 0.1538
[Client 3, Round 44] Progress: 4% (12/286) - Loss: 0.0718
[Client 3, Round 44] Progress: 4% (14/286) - Loss: 0.3067
[Client 3, Round 44] Progress: 5% (16/286) - Loss: 0.0855
[Client 3, Round 44] Progress: 6% (18/286) - Loss: 0.6130
[Client 3, Round 44] Progress: 6% (20/286) - Loss: 0.0792
[Client 3, Round 44] Progress: 7% (22/286) - Loss: 0.0832
[Client 3, Round 44] Progress: 8% (24/286) - Loss: 0.4426
[Client 3, Round 44] Progress: 9% (26/286) - Loss: 0.3991
[Client 3, Round 44] Progress: 9% (28/286) - Loss: 0.1311
[Client 3, Round 44] Progress: 10% (30/286) - Loss: 0.0663
[Client 3, Round 44] Progress: 11% (32/286) - Loss: 0.1217
[Client 3, Round 44] Progress: 11% (34/286) - Loss: 0.1263
[Client 3, Round 44] Progress: 12% (36/286) - Loss: 0.1293
[Client 3, Round 44] Progress: 13% (38/286) - Loss: 0.0666
[Client 3, Round 44] Progress: 13% (40/286) - Loss: 0.1712
[Client 3, Round 44] Progress: 14% (42/286) - Loss: 0.2611
[Client 3, Round 44] Progress: 15% (44/286) - Loss: 0.2072
[Client 3, Round 44] Progress: 16% (46/286) - Loss: 0.2162
[Client 3, Round 44] Progress: 16% (48/286) - Loss: 0.3041
[Client 3, Round 44] Progress: 17% (50/286) - Loss: 0.0973
[Client 3, Round 44] Progress: 18% (52/286) - Loss: 0.1564
[Client 3, Round 44] Progress: 18% (54/286) - Loss: 0.4262
[Client 3, Round 44] Progress: 19% (56/286) - Loss: 0.4442
[Client 3, Round 44] Progress: 20% (58/286) - Loss: 0.1693
[Client 3, Round 44] Progress: 20% (60/286) - Loss: 0.4977
[Client 3, Round 44] Progress: 21% (62/286) - Loss: 0.1143
[Client 3, Round 44] Progress: 22% (64/286) - Loss: 0.2429
[Client 3, Round 44] Progress: 23% (66/286) - Loss: 0.0564
[Client 3, Round 44] Progress: 23% (68/286) - Loss: 0.1149
[Client 3, Round 44] Progress: 24% (70/286) - Loss: 0.1552
[Client 3, Round 44] Progress: 25% (72/286) - Loss: 0.1204
[Client 3, Round 44] Progress: 25% (74/286) - Loss: 0.1558
[Client 3, Round 44] Progress: 26% (76/286) - Loss: 0.1607
[Client 3, Round 44] Progress: 27% (78/286) - Loss: 0.1071
[Client 3, Round 44] Progress: 27% (80/286) - Loss: 0.4906
[Client 3, Round 44] Progress: 28% (82/286) - Loss: 0.1959
[Client 3, Round 44] Progress: 29% (84/286) - Loss: 0.1324
[Client 3, Round 44] Progress: 30% (86/286) - Loss: 0.1834
[Client 3, Round 44] Progress: 30% (88/286) - Loss: 0.1419
[Client 3, Round 44] Progress: 31% (90/286) - Loss: 0.1184
[Client 3, Round 44] Progress: 32% (92/286) - Loss: 0.1707
[Client 3, Round 44] Progress: 32% (94/286) - Loss: 0.1106
[Client 3, Round 44] Progress: 33% (96/286) - Loss: 0.0670
[Client 3, Round 44] Progress: 34% (98/286) - Loss: 0.1159
[Client 3, Round 44] Progress: 34% (100/286) - Loss: 0.5278
[Client 3, Round 44] Progress: 35% (102/286) - Loss: 0.1507
[Client 3, Round 44] Progress: 36% (104/286) - Loss: 0.1563
[Client 3, Round 44] Progress: 37% (106/286) - Loss: 0.4290
[Client 3, Round 44] Progress: 37% (108/286) - Loss: 0.1856
[Client 3, Round 44] Progress: 38% (110/286) - Loss: 0.1661
[Client 3, Round 44] Progress: 39% (112/286) - Loss: 0.4279
[Client 3, Round 44] Progress: 39% (114/286) - Loss: 0.0732
[Client 3, Round 44] Progress: 40% (116/286) - Loss: 0.0757
[Client 3, Round 44] Progress: 41% (118/286) - Loss: 0.5415
[Client 3, Round 44] Progress: 41% (120/286) - Loss: 0.3437
[Client 3, Round 44] Progress: 42% (122/286) - Loss: 0.5042
[Client 3, Round 44] Progress: 43% (124/286) - Loss: 0.4620
[Client 3, Round 44] Progress: 44% (126/286) - Loss: 0.1969
[Client 3, Round 44] Progress: 44% (128/286) - Loss: 0.1402
[Client 3, Round 44] Progress: 45% (130/286) - Loss: 0.2286
[Client 3, Round 44] Progress: 46% (132/286) - Loss: 0.6752
[Client 3, Round 44] Progress: 46% (134/286) - Loss: 0.0773
[Client 3, Round 44] Progress: 47% (136/286) - Loss: 0.0810
[Client 3, Round 44] Progress: 48% (138/286) - Loss: 0.0966
[Client 3, Round 44] Progress: 48% (140/286) - Loss: 0.1239
[Client 3, Round 44] Progress: 49% (142/286) - Loss: 0.6043
[Client 3, Round 44] Progress: 50% (144/286) - Loss: 0.3628
[Client 3, Round 44] Progress: 51% (146/286) - Loss: 0.1351
[Client 3, Round 44] Progress: 51% (148/286) - Loss: 0.1461
[Client 3, Round 44] Progress: 52% (150/286) - Loss: 0.4734
[Client 3, Round 44] Progress: 53% (152/286) - Loss: 0.3247
[Client 3, Round 44] Progress: 53% (154/286) - Loss: 0.2150
[Client 3, Round 44] Progress: 54% (156/286) - Loss: 0.1276
[Client 3, Round 44] Progress: 55% (158/286) - Loss: 0.1417
[Client 3, Round 44] Progress: 55% (160/286) - Loss: 0.1518
[Client 3, Round 44] Progress: 56% (162/286) - Loss: 0.1902
[Client 3, Round 44] Progress: 57% (164/286) - Loss: 0.0451
[Client 3, Round 44] Progress: 58% (166/286) - Loss: 0.1078
[Client 3, Round 44] Progress: 58% (168/286) - Loss: 0.0915
[Client 3, Round 44] Progress: 59% (170/286) - Loss: 0.4738
[Client 3, Round 44] Progress: 60% (172/286) - Loss: 0.1243
[Client 3, Round 44] Progress: 60% (174/286) - Loss: 0.2559
[Client 3, Round 44] Progress: 61% (176/286) - Loss: 0.0877
[Client 3, Round 44] Progress: 62% (178/286) - Loss: 0.2032
[Client 3, Round 44] Progress: 62% (180/286) - Loss: 0.1123
[Client 3, Round 44] Progress: 63% (182/286) - Loss: 0.0795
[Client 3, Round 44] Progress: 64% (184/286) - Loss: 0.0609
[Client 3, Round 44] Progress: 65% (186/286) - Loss: 0.4516
[Client 3, Round 44] Progress: 65% (188/286) - Loss: 0.0689
[Client 3, Round 44] Progress: 66% (190/286) - Loss: 0.4998
[Client 3, Round 44] Progress: 67% (192/286) - Loss: 0.1042
[Client 3, Round 44] Progress: 67% (194/286) - Loss: 0.4131
[Client 3, Round 44] Progress: 68% (196/286) - Loss: 0.0803
[Client 3, Round 44] Progress: 69% (198/286) - Loss: 0.2874
[Client 3, Round 44] Progress: 69% (200/286) - Loss: 0.1449
[Client 3, Round 44] Progress: 70% (202/286) - Loss: 0.1206
[Client 3, Round 44] Progress: 71% (204/286) - Loss: 0.5241
[Client 3, Round 44] Progress: 72% (206/286) - Loss: 0.1534
[Client 3, Round 44] Progress: 72% (208/286) - Loss: 0.1221
[Client 3, Round 44] Progress: 73% (210/286) - Loss: 0.1138
[Client 3, Round 44] Progress: 74% (212/286) - Loss: 0.1387
[Client 3, Round 44] Progress: 74% (214/286) - Loss: 0.1862
[Client 3, Round 44] Progress: 75% (216/286) - Loss: 0.1503
[Client 3, Round 44] Progress: 76% (218/286) - Loss: 0.4711
[Client 3, Round 44] Progress: 76% (220/286) - Loss: 0.1019
[Client 3, Round 44] Progress: 77% (222/286) - Loss: 0.1434
[Client 3, Round 44] Progress: 78% (224/286) - Loss: 0.0874
[Client 3, Round 44] Progress: 79% (226/286) - Loss: 0.1220
[Client 3, Round 44] Progress: 79% (228/286) - Loss: 0.0940
[Client 3, Round 44] Progress: 80% (230/286) - Loss: 0.1172
[Client 3, Round 44] Progress: 81% (232/286) - Loss: 0.2241
[Client 3, Round 44] Progress: 81% (234/286) - Loss: 0.1538
[Client 3, Round 44] Progress: 82% (236/286) - Loss: 0.1458
[Client 3, Round 44] Progress: 83% (238/286) - Loss: 0.0998
[Client 3, Round 44] Progress: 83% (240/286) - Loss: 0.1197
[Client 3, Round 44] Progress: 84% (242/286) - Loss: 0.2325
[Client 3, Round 44] Progress: 85% (244/286) - Loss: 0.2445
[Client 3, Round 44] Progress: 86% (246/286) - Loss: 0.1158
[Client 3, Round 44] Progress: 86% (248/286) - Loss: 0.1179
[Client 3, Round 44] Progress: 87% (250/286) - Loss: 0.1999
[Client 3, Round 44] Progress: 88% (252/286) - Loss: 0.1256
[Client 3, Round 44] Progress: 88% (254/286) - Loss: 0.1716
[Client 3, Round 44] Progress: 89% (256/286) - Loss: 0.2481
[Client 3, Round 44] Progress: 90% (258/286) - Loss: 0.1887
[Client 3, Round 44] Progress: 90% (260/286) - Loss: 0.1311
[Client 3, Round 44] Progress: 91% (262/286) - Loss: 0.9224
[Client 3, Round 44] Progress: 92% (264/286) - Loss: 0.0583
[Client 3, Round 44] Progress: 93% (266/286) - Loss: 0.1990
[Client 3, Round 44] Progress: 93% (268/286) - Loss: 0.3854
[Client 3, Round 44] Progress: 94% (270/286) - Loss: 0.1835
[Client 3, Round 44] Progress: 95% (272/286) - Loss: 0.5831
[Client 3, Round 44] Progress: 95% (274/286) - Loss: 0.0809
[Client 3, Round 44] Progress: 96% (276/286) - Loss: 0.1059
[Client 3, Round 44] Progress: 97% (278/286) - Loss: 0.2038
[Client 3, Round 44] Progress: 97% (280/286) - Loss: 0.1579
[Client 3, Round 44] Progress: 98% (282/286) - Loss: 0.1226
[Client 3, Round 44] Progress: 99% (284/286) - Loss: 0.1336
[Client 3, Round 44] Progress: 100% (286/286) - Loss: 0.5426
[Client 3, Round 44] Train Loss: 0.2095
[Client 3, Round 44] Val Loss: 0.1799 | Val Dice: 0.8344
[Client 3, Round 45] Progress: 0% (2/286) - Loss: 0.2917
[Client 3, Round 45] Progress: 1% (4/286) - Loss: 0.5512
[Client 3, Round 45] Progress: 2% (6/286) - Loss: 0.2078
[Client 3, Round 45] Progress: 2% (8/286) - Loss: 0.0953
[Client 3, Round 45] Progress: 3% (10/286) - Loss: 0.4651
[Client 3, Round 45] Progress: 4% (12/286) - Loss: 0.3165
[Client 3, Round 45] Progress: 4% (14/286) - Loss: 0.1684
[Client 3, Round 45] Progress: 5% (16/286) - Loss: 0.1468
[Client 3, Round 45] Progress: 6% (18/286) - Loss: 0.0636
[Client 3, Round 45] Progress: 6% (20/286) - Loss: 0.1840
[Client 3, Round 45] Progress: 7% (22/286) - Loss: 0.1577
[Client 3, Round 45] Progress: 8% (24/286) - Loss: 0.1891
[Client 3, Round 45] Progress: 9% (26/286) - Loss: 0.0586
[Client 3, Round 45] Progress: 9% (28/286) - Loss: 0.3651
[Client 3, Round 45] Progress: 10% (30/286) - Loss: 0.1179
[Client 3, Round 45] Progress: 11% (32/286) - Loss: 0.0713
[Client 3, Round 45] Progress: 11% (34/286) - Loss: 0.5064
[Client 3, Round 45] Progress: 12% (36/286) - Loss: 0.1241
[Client 3, Round 45] Progress: 13% (38/286) - Loss: 0.0544
[Client 3, Round 45] Progress: 13% (40/286) - Loss: 0.1196
[Client 3, Round 45] Progress: 14% (42/286) - Loss: 0.0787
[Client 3, Round 45] Progress: 15% (44/286) - Loss: 0.5009
[Client 3, Round 45] Progress: 16% (46/286) - Loss: 0.1727
[Client 3, Round 45] Progress: 16% (48/286) - Loss: 0.1161
[Client 3, Round 45] Progress: 17% (50/286) - Loss: 0.4830
[Client 3, Round 45] Progress: 18% (52/286) - Loss: 0.1087
[Client 3, Round 45] Progress: 18% (54/286) - Loss: 0.1715
[Client 3, Round 45] Progress: 19% (56/286) - Loss: 0.0570
[Client 3, Round 45] Progress: 20% (58/286) - Loss: 0.2775
[Client 3, Round 45] Progress: 20% (60/286) - Loss: 0.0777
[Client 3, Round 45] Progress: 21% (62/286) - Loss: 0.2158
[Client 3, Round 45] Progress: 22% (64/286) - Loss: 0.1891
[Client 3, Round 45] Progress: 23% (66/286) - Loss: 0.0672
[Client 3, Round 45] Progress: 23% (68/286) - Loss: 0.1010
[Client 3, Round 45] Progress: 24% (70/286) - Loss: 0.0979
[Client 3, Round 45] Progress: 25% (72/286) - Loss: 0.2328
[Client 3, Round 45] Progress: 25% (74/286) - Loss: 0.1935
[Client 3, Round 45] Progress: 26% (76/286) - Loss: 0.4968
[Client 3, Round 45] Progress: 27% (78/286) - Loss: 0.5486
[Client 3, Round 45] Progress: 27% (80/286) - Loss: 0.1671
[Client 3, Round 45] Progress: 28% (82/286) - Loss: 0.1029
[Client 3, Round 45] Progress: 29% (84/286) - Loss: 0.0949
[Client 3, Round 45] Progress: 30% (86/286) - Loss: 0.1686
[Client 3, Round 45] Progress: 30% (88/286) - Loss: 0.2089
[Client 3, Round 45] Progress: 31% (90/286) - Loss: 0.1164
[Client 3, Round 45] Progress: 32% (92/286) - Loss: 0.1026
[Client 3, Round 45] Progress: 32% (94/286) - Loss: 0.1892
[Client 3, Round 45] Progress: 33% (96/286) - Loss: 0.1191
[Client 3, Round 45] Progress: 34% (98/286) - Loss: 0.0856
[Client 3, Round 45] Progress: 34% (100/286) - Loss: 0.2584
[Client 3, Round 45] Progress: 35% (102/286) - Loss: 0.0955
[Client 3, Round 45] Progress: 36% (104/286) - Loss: 0.2708
[Client 3, Round 45] Progress: 37% (106/286) - Loss: 0.1450
[Client 3, Round 45] Progress: 37% (108/286) - Loss: 0.1687
[Client 3, Round 45] Progress: 38% (110/286) - Loss: 0.1677
[Client 3, Round 45] Progress: 39% (112/286) - Loss: 0.4808
[Client 3, Round 45] Progress: 39% (114/286) - Loss: 0.1600
[Client 3, Round 45] Progress: 40% (116/286) - Loss: 0.1543
[Client 3, Round 45] Progress: 41% (118/286) - Loss: 0.0861
[Client 3, Round 45] Progress: 41% (120/286) - Loss: 0.1754
[Client 3, Round 45] Progress: 42% (122/286) - Loss: 0.4197
[Client 3, Round 45] Progress: 43% (124/286) - Loss: 0.6631
[Client 3, Round 45] Progress: 44% (126/286) - Loss: 0.6058
[Client 3, Round 45] Progress: 44% (128/286) - Loss: 0.1189
[Client 3, Round 45] Progress: 45% (130/286) - Loss: 0.0631
[Client 3, Round 45] Progress: 46% (132/286) - Loss: 0.1259
[Client 3, Round 45] Progress: 46% (134/286) - Loss: 0.0758
[Client 3, Round 45] Progress: 47% (136/286) - Loss: 0.1548
[Client 3, Round 45] Progress: 48% (138/286) - Loss: 0.4622
[Client 3, Round 45] Progress: 48% (140/286) - Loss: 0.4454
[Client 3, Round 45] Progress: 49% (142/286) - Loss: 0.2450
[Client 3, Round 45] Progress: 50% (144/286) - Loss: 0.1873
[Client 3, Round 45] Progress: 51% (146/286) - Loss: 0.3769
[Client 3, Round 45] Progress: 51% (148/286) - Loss: 0.2189
[Client 3, Round 45] Progress: 52% (150/286) - Loss: 0.0815
[Client 3, Round 45] Progress: 53% (152/286) - Loss: 0.1214
[Client 3, Round 45] Progress: 53% (154/286) - Loss: 0.1079
[Client 3, Round 45] Progress: 54% (156/286) - Loss: 0.0501
[Client 3, Round 45] Progress: 55% (158/286) - Loss: 0.1399
[Client 3, Round 45] Progress: 55% (160/286) - Loss: 0.1123
[Client 3, Round 45] Progress: 56% (162/286) - Loss: 0.1235
[Client 3, Round 45] Progress: 57% (164/286) - Loss: 0.1486
[Client 3, Round 45] Progress: 58% (166/286) - Loss: 0.1336
[Client 3, Round 45] Progress: 58% (168/286) - Loss: 0.1943
[Client 3, Round 45] Progress: 59% (170/286) - Loss: 0.1939
[Client 3, Round 45] Progress: 60% (172/286) - Loss: 0.0921
[Client 3, Round 45] Progress: 60% (174/286) - Loss: 0.5912
[Client 3, Round 45] Progress: 61% (176/286) - Loss: 0.2572
[Client 3, Round 45] Progress: 62% (178/286) - Loss: 0.1562
[Client 3, Round 45] Progress: 62% (180/286) - Loss: 0.0775
[Client 3, Round 45] Progress: 63% (182/286) - Loss: 0.3807
[Client 3, Round 45] Progress: 64% (184/286) - Loss: 0.1513
[Client 3, Round 45] Progress: 65% (186/286) - Loss: 0.1001
[Client 3, Round 45] Progress: 65% (188/286) - Loss: 0.1200
[Client 3, Round 45] Progress: 66% (190/286) - Loss: 0.1183
[Client 3, Round 45] Progress: 67% (192/286) - Loss: 0.1659
[Client 3, Round 45] Progress: 67% (194/286) - Loss: 0.0541
[Client 3, Round 45] Progress: 68% (196/286) - Loss: 0.0435
[Client 3, Round 45] Progress: 69% (198/286) - Loss: 0.0998
[Client 3, Round 45] Progress: 69% (200/286) - Loss: 0.3675
[Client 3, Round 45] Progress: 70% (202/286) - Loss: 0.1305
[Client 3, Round 45] Progress: 71% (204/286) - Loss: 0.1356
[Client 3, Round 45] Progress: 72% (206/286) - Loss: 0.2595
[Client 3, Round 45] Progress: 72% (208/286) - Loss: 0.0760
[Client 3, Round 45] Progress: 73% (210/286) - Loss: 0.1991
[Client 3, Round 45] Progress: 74% (212/286) - Loss: 0.0682
[Client 3, Round 45] Progress: 74% (214/286) - Loss: 0.5259
[Client 3, Round 45] Progress: 75% (216/286) - Loss: 0.1199
[Client 3, Round 45] Progress: 76% (218/286) - Loss: 0.0758
[Client 3, Round 45] Progress: 76% (220/286) - Loss: 0.4080
[Client 3, Round 45] Progress: 77% (222/286) - Loss: 0.0817
[Client 3, Round 45] Progress: 78% (224/286) - Loss: 0.3456
[Client 3, Round 45] Progress: 79% (226/286) - Loss: 0.4835
[Client 3, Round 45] Progress: 79% (228/286) - Loss: 0.1644
[Client 3, Round 45] Progress: 80% (230/286) - Loss: 0.3036
[Client 3, Round 45] Progress: 81% (232/286) - Loss: 0.1087
[Client 3, Round 45] Progress: 81% (234/286) - Loss: 0.1589
[Client 3, Round 45] Progress: 82% (236/286) - Loss: 0.2114
[Client 3, Round 45] Progress: 83% (238/286) - Loss: 0.1931
[Client 3, Round 45] Progress: 83% (240/286) - Loss: 0.1685
[Client 3, Round 45] Progress: 84% (242/286) - Loss: 0.1423
[Client 3, Round 45] Progress: 85% (244/286) - Loss: 0.1272
[Client 3, Round 45] Progress: 86% (246/286) - Loss: 0.1400
[Client 3, Round 45] Progress: 86% (248/286) - Loss: 0.1065
[Client 3, Round 45] Progress: 87% (250/286) - Loss: 0.1518
[Client 3, Round 45] Progress: 88% (252/286) - Loss: 0.1210
[Client 3, Round 45] Progress: 88% (254/286) - Loss: 0.1235
[Client 3, Round 45] Progress: 89% (256/286) - Loss: 0.1330
[Client 3, Round 45] Progress: 90% (258/286) - Loss: 0.0473
[Client 3, Round 45] Progress: 90% (260/286) - Loss: 0.0706
[Client 3, Round 45] Progress: 91% (262/286) - Loss: 0.0831
[Client 3, Round 45] Progress: 92% (264/286) - Loss: 0.1030
[Client 3, Round 45] Progress: 93% (266/286) - Loss: 0.1177
[Client 3, Round 45] Progress: 93% (268/286) - Loss: 0.1986
[Client 3, Round 45] Progress: 94% (270/286) - Loss: 0.1198
[Client 3, Round 45] Progress: 95% (272/286) - Loss: 0.1349
[Client 3, Round 45] Progress: 95% (274/286) - Loss: 0.2312
[Client 3, Round 45] Progress: 96% (276/286) - Loss: 0.0890
[Client 3, Round 45] Progress: 97% (278/286) - Loss: 0.1118
[Client 3, Round 45] Progress: 97% (280/286) - Loss: 0.1298
[Client 3, Round 45] Progress: 98% (282/286) - Loss: 0.0931
[Client 3, Round 45] Progress: 99% (284/286) - Loss: 0.1313
[Client 3, Round 45] Progress: 100% (286/286) - Loss: 0.2292
[Client 3, Round 45] Train Loss: 0.2071
[Client 3, Round 45] Val Loss: 0.1857 | Val Dice: 0.8286
[Client 3, Round 46] Progress: 0% (2/286) - Loss: 0.2425
[Client 3, Round 46] Progress: 1% (4/286) - Loss: 0.1233
[Client 3, Round 46] Progress: 2% (6/286) - Loss: 0.1877
[Client 3, Round 46] Progress: 2% (8/286) - Loss: 0.5185
[Client 3, Round 46] Progress: 3% (10/286) - Loss: 0.1229
[Client 3, Round 46] Progress: 4% (12/286) - Loss: 0.1411
[Client 3, Round 46] Progress: 4% (14/286) - Loss: 0.1430
[Client 3, Round 46] Progress: 5% (16/286) - Loss: 0.1121
[Client 3, Round 46] Progress: 6% (18/286) - Loss: 0.1558
[Client 3, Round 46] Progress: 6% (20/286) - Loss: 0.1743
[Client 3, Round 46] Progress: 7% (22/286) - Loss: 0.1742
[Client 3, Round 46] Progress: 8% (24/286) - Loss: 0.1213
[Client 3, Round 46] Progress: 9% (26/286) - Loss: 0.4505
[Client 3, Round 46] Progress: 9% (28/286) - Loss: 0.2374
[Client 3, Round 46] Progress: 10% (30/286) - Loss: 0.1615
[Client 3, Round 46] Progress: 11% (32/286) - Loss: 0.2918
[Client 3, Round 46] Progress: 11% (34/286) - Loss: 0.2125
[Client 3, Round 46] Progress: 12% (36/286) - Loss: 0.5326
[Client 3, Round 46] Progress: 13% (38/286) - Loss: 0.1571
[Client 3, Round 46] Progress: 13% (40/286) - Loss: 0.2120
[Client 3, Round 46] Progress: 14% (42/286) - Loss: 0.1857
[Client 3, Round 46] Progress: 15% (44/286) - Loss: 0.4361
[Client 3, Round 46] Progress: 16% (46/286) - Loss: 0.1072
[Client 3, Round 46] Progress: 16% (48/286) - Loss: 0.0978
[Client 3, Round 46] Progress: 17% (50/286) - Loss: 0.4420
[Client 3, Round 46] Progress: 18% (52/286) - Loss: 0.3662
[Client 3, Round 46] Progress: 18% (54/286) - Loss: 0.1958
[Client 3, Round 46] Progress: 19% (56/286) - Loss: 0.0784
[Client 3, Round 46] Progress: 20% (58/286) - Loss: 0.4015
[Client 3, Round 46] Progress: 20% (60/286) - Loss: 0.1212
[Client 3, Round 46] Progress: 21% (62/286) - Loss: 0.0935
[Client 3, Round 46] Progress: 22% (64/286) - Loss: 0.4667
[Client 3, Round 46] Progress: 23% (66/286) - Loss: 0.2569
[Client 3, Round 46] Progress: 23% (68/286) - Loss: 0.0995
[Client 3, Round 46] Progress: 24% (70/286) - Loss: 0.1474
[Client 3, Round 46] Progress: 25% (72/286) - Loss: 0.0909
[Client 3, Round 46] Progress: 25% (74/286) - Loss: 0.1624
[Client 3, Round 46] Progress: 26% (76/286) - Loss: 0.0948
[Client 3, Round 46] Progress: 27% (78/286) - Loss: 0.1340
[Client 3, Round 46] Progress: 27% (80/286) - Loss: 0.0703
[Client 3, Round 46] Progress: 28% (82/286) - Loss: 0.3556
[Client 3, Round 46] Progress: 29% (84/286) - Loss: 0.2765
[Client 3, Round 46] Progress: 30% (86/286) - Loss: 0.1165
[Client 3, Round 46] Progress: 30% (88/286) - Loss: 0.1115
[Client 3, Round 46] Progress: 31% (90/286) - Loss: 0.2250
[Client 3, Round 46] Progress: 32% (92/286) - Loss: 0.3502
[Client 3, Round 46] Progress: 32% (94/286) - Loss: 0.2768
[Client 3, Round 46] Progress: 33% (96/286) - Loss: 0.1997
[Client 3, Round 46] Progress: 34% (98/286) - Loss: 0.0708
[Client 3, Round 46] Progress: 34% (100/286) - Loss: 0.0959
[Client 3, Round 46] Progress: 35% (102/286) - Loss: 0.1775
[Client 3, Round 46] Progress: 36% (104/286) - Loss: 0.0850
[Client 3, Round 46] Progress: 37% (106/286) - Loss: 0.1095
[Client 3, Round 46] Progress: 37% (108/286) - Loss: 0.2577
[Client 3, Round 46] Progress: 38% (110/286) - Loss: 0.0778
[Client 3, Round 46] Progress: 39% (112/286) - Loss: 0.2492
[Client 3, Round 46] Progress: 39% (114/286) - Loss: 0.1132
[Client 3, Round 46] Progress: 40% (116/286) - Loss: 0.1163
[Client 3, Round 46] Progress: 41% (118/286) - Loss: 0.1144
[Client 3, Round 46] Progress: 41% (120/286) - Loss: 0.0985
[Client 3, Round 46] Progress: 42% (122/286) - Loss: 0.5136
[Client 3, Round 46] Progress: 43% (124/286) - Loss: 0.1274
[Client 3, Round 46] Progress: 44% (126/286) - Loss: 0.2155
[Client 3, Round 46] Progress: 44% (128/286) - Loss: 0.0962
[Client 3, Round 46] Progress: 45% (130/286) - Loss: 0.1093
[Client 3, Round 46] Progress: 46% (132/286) - Loss: 0.1246
[Client 3, Round 46] Progress: 46% (134/286) - Loss: 0.2151
[Client 3, Round 46] Progress: 47% (136/286) - Loss: 0.0902
[Client 3, Round 46] Progress: 48% (138/286) - Loss: 0.1858
[Client 3, Round 46] Progress: 48% (140/286) - Loss: 0.2186
[Client 3, Round 46] Progress: 49% (142/286) - Loss: 0.0952
[Client 3, Round 46] Progress: 50% (144/286) - Loss: 0.0290
[Client 3, Round 46] Progress: 51% (146/286) - Loss: 0.0978
[Client 3, Round 46] Progress: 51% (148/286) - Loss: 0.0990
[Client 3, Round 46] Progress: 52% (150/286) - Loss: 0.1069
[Client 3, Round 46] Progress: 53% (152/286) - Loss: 0.4056
[Client 3, Round 46] Progress: 53% (154/286) - Loss: 0.1248
[Client 3, Round 46] Progress: 54% (156/286) - Loss: 0.1307
[Client 3, Round 46] Progress: 55% (158/286) - Loss: 0.0909
[Client 3, Round 46] Progress: 55% (160/286) - Loss: 0.1081
[Client 3, Round 46] Progress: 56% (162/286) - Loss: 0.1886
[Client 3, Round 46] Progress: 57% (164/286) - Loss: 0.5416
[Client 3, Round 46] Progress: 58% (166/286) - Loss: 0.1759
[Client 3, Round 46] Progress: 58% (168/286) - Loss: 0.1061
[Client 3, Round 46] Progress: 59% (170/286) - Loss: 0.1266
[Client 3, Round 46] Progress: 60% (172/286) - Loss: 0.1203
[Client 3, Round 46] Progress: 60% (174/286) - Loss: 0.1239
[Client 3, Round 46] Progress: 61% (176/286) - Loss: 0.2325
[Client 3, Round 46] Progress: 62% (178/286) - Loss: 0.2782
[Client 3, Round 46] Progress: 62% (180/286) - Loss: 0.0980
[Client 3, Round 46] Progress: 63% (182/286) - Loss: 0.3711
[Client 3, Round 46] Progress: 64% (184/286) - Loss: 0.1091
[Client 3, Round 46] Progress: 65% (186/286) - Loss: 0.0800
[Client 3, Round 46] Progress: 65% (188/286) - Loss: 0.2057
[Client 3, Round 46] Progress: 66% (190/286) - Loss: 0.0692
[Client 3, Round 46] Progress: 67% (192/286) - Loss: 0.1295
[Client 3, Round 46] Progress: 67% (194/286) - Loss: 0.1264
[Client 3, Round 46] Progress: 68% (196/286) - Loss: 0.1172
[Client 3, Round 46] Progress: 69% (198/286) - Loss: 0.1070
[Client 3, Round 46] Progress: 69% (200/286) - Loss: 0.1455
[Client 3, Round 46] Progress: 70% (202/286) - Loss: 0.3440
[Client 3, Round 46] Progress: 71% (204/286) - Loss: 0.4447
[Client 3, Round 46] Progress: 72% (206/286) - Loss: 0.1141
[Client 3, Round 46] Progress: 72% (208/286) - Loss: 0.0976
[Client 3, Round 46] Progress: 73% (210/286) - Loss: 0.2604
[Client 3, Round 46] Progress: 74% (212/286) - Loss: 0.0594
[Client 3, Round 46] Progress: 74% (214/286) - Loss: 0.4762
[Client 3, Round 46] Progress: 75% (216/286) - Loss: 0.0783
[Client 3, Round 46] Progress: 76% (218/286) - Loss: 0.1376
[Client 3, Round 46] Progress: 76% (220/286) - Loss: 0.1041
[Client 3, Round 46] Progress: 77% (222/286) - Loss: 0.2089
[Client 3, Round 46] Progress: 78% (224/286) - Loss: 0.1287
[Client 3, Round 46] Progress: 79% (226/286) - Loss: 0.1794
[Client 3, Round 46] Progress: 79% (228/286) - Loss: 0.1605
[Client 3, Round 46] Progress: 80% (230/286) - Loss: 0.0732
[Client 3, Round 46] Progress: 81% (232/286) - Loss: 0.0860
[Client 3, Round 46] Progress: 81% (234/286) - Loss: 0.2903
[Client 3, Round 46] Progress: 82% (236/286) - Loss: 0.3080
[Client 3, Round 46] Progress: 83% (238/286) - Loss: 0.4779
[Client 3, Round 46] Progress: 83% (240/286) - Loss: 0.0881
[Client 3, Round 46] Progress: 84% (242/286) - Loss: 0.1223
[Client 3, Round 46] Progress: 85% (244/286) - Loss: 0.0587
[Client 3, Round 46] Progress: 86% (246/286) - Loss: 0.1231
[Client 3, Round 46] Progress: 86% (248/286) - Loss: 0.0830
[Client 3, Round 46] Progress: 87% (250/286) - Loss: 0.1251
[Client 3, Round 46] Progress: 88% (252/286) - Loss: 0.3599
[Client 3, Round 46] Progress: 88% (254/286) - Loss: 0.3502
[Client 3, Round 46] Progress: 89% (256/286) - Loss: 0.1555
[Client 3, Round 46] Progress: 90% (258/286) - Loss: 0.1061
[Client 3, Round 46] Progress: 90% (260/286) - Loss: 0.2180
[Client 3, Round 46] Progress: 91% (262/286) - Loss: 0.1880
[Client 3, Round 46] Progress: 92% (264/286) - Loss: 0.1525
[Client 3, Round 46] Progress: 93% (266/286) - Loss: 0.1947
[Client 3, Round 46] Progress: 93% (268/286) - Loss: 0.4222
[Client 3, Round 46] Progress: 94% (270/286) - Loss: 0.0562
[Client 3, Round 46] Progress: 95% (272/286) - Loss: 0.2133
[Client 3, Round 46] Progress: 95% (274/286) - Loss: 0.0847
[Client 3, Round 46] Progress: 96% (276/286) - Loss: 0.0963
[Client 3, Round 46] Progress: 97% (278/286) - Loss: 0.4449
[Client 3, Round 46] Progress: 97% (280/286) - Loss: 0.1100
[Client 3, Round 46] Progress: 98% (282/286) - Loss: 0.6281
[Client 3, Round 46] Progress: 99% (284/286) - Loss: 0.1056
[Client 3, Round 46] Progress: 100% (286/286) - Loss: 0.1883
[Client 3, Round 46] Train Loss: 0.2056
[Client 3, Round 46] Val Loss: 0.1712 | Val Dice: 0.8448
[Client 3, Round 47] Progress: 0% (2/286) - Loss: 0.3246
[Client 3, Round 47] Progress: 1% (4/286) - Loss: 0.1450
[Client 3, Round 47] Progress: 2% (6/286) - Loss: 0.2594
[Client 3, Round 47] Progress: 2% (8/286) - Loss: 0.1186
[Client 3, Round 47] Progress: 3% (10/286) - Loss: 0.1456
[Client 3, Round 47] Progress: 4% (12/286) - Loss: 0.5411
[Client 3, Round 47] Progress: 4% (14/286) - Loss: 0.1199
[Client 3, Round 47] Progress: 5% (16/286) - Loss: 0.1490
[Client 3, Round 47] Progress: 6% (18/286) - Loss: 0.4077
[Client 3, Round 47] Progress: 6% (20/286) - Loss: 0.2185
[Client 3, Round 47] Progress: 7% (22/286) - Loss: 0.1517
[Client 3, Round 47] Progress: 8% (24/286) - Loss: 0.1434
[Client 3, Round 47] Progress: 9% (26/286) - Loss: 0.1272
[Client 3, Round 47] Progress: 9% (28/286) - Loss: 0.6375
[Client 3, Round 47] Progress: 10% (30/286) - Loss: 0.4806
[Client 3, Round 47] Progress: 11% (32/286) - Loss: 0.0950
[Client 3, Round 47] Progress: 11% (34/286) - Loss: 0.2016
[Client 3, Round 47] Progress: 12% (36/286) - Loss: 0.1114
[Client 3, Round 47] Progress: 13% (38/286) - Loss: 0.0757
[Client 3, Round 47] Progress: 13% (40/286) - Loss: 0.1991
[Client 3, Round 47] Progress: 14% (42/286) - Loss: 0.5326
[Client 3, Round 47] Progress: 15% (44/286) - Loss: 0.5379
[Client 3, Round 47] Progress: 16% (46/286) - Loss: 0.0449
[Client 3, Round 47] Progress: 16% (48/286) - Loss: 0.1643
[Client 3, Round 47] Progress: 17% (50/286) - Loss: 0.1245
[Client 3, Round 47] Progress: 18% (52/286) - Loss: 0.1680
[Client 3, Round 47] Progress: 18% (54/286) - Loss: 0.1365
[Client 3, Round 47] Progress: 19% (56/286) - Loss: 0.1085
[Client 3, Round 47] Progress: 20% (58/286) - Loss: 0.1762
[Client 3, Round 47] Progress: 20% (60/286) - Loss: 0.2308
[Client 3, Round 47] Progress: 21% (62/286) - Loss: 0.0876
[Client 3, Round 47] Progress: 22% (64/286) - Loss: 0.1419
[Client 3, Round 47] Progress: 23% (66/286) - Loss: 0.1026
[Client 3, Round 47] Progress: 23% (68/286) - Loss: 0.0762
[Client 3, Round 47] Progress: 24% (70/286) - Loss: 0.1116
[Client 3, Round 47] Progress: 25% (72/286) - Loss: 0.3737
[Client 3, Round 47] Progress: 25% (74/286) - Loss: 0.1868
[Client 3, Round 47] Progress: 26% (76/286) - Loss: 0.1066
[Client 3, Round 47] Progress: 27% (78/286) - Loss: 0.4500
[Client 3, Round 47] Progress: 27% (80/286) - Loss: 0.1081
[Client 3, Round 47] Progress: 28% (82/286) - Loss: 0.1830
[Client 3, Round 47] Progress: 29% (84/286) - Loss: 0.1020
[Client 3, Round 47] Progress: 30% (86/286) - Loss: 0.1431
[Client 3, Round 47] Progress: 30% (88/286) - Loss: 0.1592
[Client 3, Round 47] Progress: 31% (90/286) - Loss: 0.1785
[Client 3, Round 47] Progress: 32% (92/286) - Loss: 0.1404
[Client 3, Round 47] Progress: 32% (94/286) - Loss: 0.1162
[Client 3, Round 47] Progress: 33% (96/286) - Loss: 0.1999
[Client 3, Round 47] Progress: 34% (98/286) - Loss: 0.2019
[Client 3, Round 47] Progress: 34% (100/286) - Loss: 0.1126
[Client 3, Round 47] Progress: 35% (102/286) - Loss: 0.1033
[Client 3, Round 47] Progress: 36% (104/286) - Loss: 0.1172
[Client 3, Round 47] Progress: 37% (106/286) - Loss: 0.2223
[Client 3, Round 47] Progress: 37% (108/286) - Loss: 0.1153
[Client 3, Round 47] Progress: 38% (110/286) - Loss: 0.0968
[Client 3, Round 47] Progress: 39% (112/286) - Loss: 0.1972
[Client 3, Round 47] Progress: 39% (114/286) - Loss: 0.3210
[Client 3, Round 47] Progress: 40% (116/286) - Loss: 0.1120
[Client 3, Round 47] Progress: 41% (118/286) - Loss: 0.0616
[Client 3, Round 47] Progress: 41% (120/286) - Loss: 0.1119
[Client 3, Round 47] Progress: 42% (122/286) - Loss: 0.0399
[Client 3, Round 47] Progress: 43% (124/286) - Loss: 0.1055
[Client 3, Round 47] Progress: 44% (126/286) - Loss: 0.1905
[Client 3, Round 47] Progress: 44% (128/286) - Loss: 0.0935
[Client 3, Round 47] Progress: 45% (130/286) - Loss: 0.2729
[Client 3, Round 47] Progress: 46% (132/286) - Loss: 0.1811
[Client 3, Round 47] Progress: 46% (134/286) - Loss: 0.1269
[Client 3, Round 47] Progress: 47% (136/286) - Loss: 0.1075
[Client 3, Round 47] Progress: 48% (138/286) - Loss: 0.1988
[Client 3, Round 47] Progress: 48% (140/286) - Loss: 0.1015
[Client 3, Round 47] Progress: 49% (142/286) - Loss: 0.1623
[Client 3, Round 47] Progress: 50% (144/286) - Loss: 0.3649
[Client 3, Round 47] Progress: 51% (146/286) - Loss: 0.2777
[Client 3, Round 47] Progress: 51% (148/286) - Loss: 0.2319
[Client 3, Round 47] Progress: 52% (150/286) - Loss: 0.1224
[Client 3, Round 47] Progress: 53% (152/286) - Loss: 0.1278
[Client 3, Round 47] Progress: 53% (154/286) - Loss: 0.1031
[Client 3, Round 47] Progress: 54% (156/286) - Loss: 0.2636
[Client 3, Round 47] Progress: 55% (158/286) - Loss: 0.0969
[Client 3, Round 47] Progress: 55% (160/286) - Loss: 0.1187
[Client 3, Round 47] Progress: 56% (162/286) - Loss: 0.1044
[Client 3, Round 47] Progress: 57% (164/286) - Loss: 0.1092
[Client 3, Round 47] Progress: 58% (166/286) - Loss: 0.5189
[Client 3, Round 47] Progress: 58% (168/286) - Loss: 0.1652
[Client 3, Round 47] Progress: 59% (170/286) - Loss: 0.0950
[Client 3, Round 47] Progress: 60% (172/286) - Loss: 0.1070
[Client 3, Round 47] Progress: 60% (174/286) - Loss: 0.1683
[Client 3, Round 47] Progress: 61% (176/286) - Loss: 0.0634
[Client 3, Round 47] Progress: 62% (178/286) - Loss: 0.1124
[Client 3, Round 47] Progress: 62% (180/286) - Loss: 0.2306
[Client 3, Round 47] Progress: 63% (182/286) - Loss: 0.1166
[Client 3, Round 47] Progress: 64% (184/286) - Loss: 0.1531
[Client 3, Round 47] Progress: 65% (186/286) - Loss: 0.1546
[Client 3, Round 47] Progress: 65% (188/286) - Loss: 0.2284
[Client 3, Round 47] Progress: 66% (190/286) - Loss: 0.0607
[Client 3, Round 47] Progress: 67% (192/286) - Loss: 0.5980
[Client 3, Round 47] Progress: 67% (194/286) - Loss: 0.2199
[Client 3, Round 47] Progress: 68% (196/286) - Loss: 0.8072
[Client 3, Round 47] Progress: 69% (198/286) - Loss: 0.4478
[Client 3, Round 47] Progress: 69% (200/286) - Loss: 0.0700
[Client 3, Round 47] Progress: 70% (202/286) - Loss: 0.1597
[Client 3, Round 47] Progress: 71% (204/286) - Loss: 0.4283
[Client 3, Round 47] Progress: 72% (206/286) - Loss: 0.1491
[Client 3, Round 47] Progress: 72% (208/286) - Loss: 0.1217
[Client 3, Round 47] Progress: 73% (210/286) - Loss: 0.2073
[Client 3, Round 47] Progress: 74% (212/286) - Loss: 0.2620
[Client 3, Round 47] Progress: 74% (214/286) - Loss: 0.6631
[Client 3, Round 47] Progress: 75% (216/286) - Loss: 0.4896
[Client 3, Round 47] Progress: 76% (218/286) - Loss: 0.0987
[Client 3, Round 47] Progress: 76% (220/286) - Loss: 0.5128
[Client 3, Round 47] Progress: 77% (222/286) - Loss: 0.1096
[Client 3, Round 47] Progress: 78% (224/286) - Loss: 0.1801
[Client 3, Round 47] Progress: 79% (226/286) - Loss: 0.6130
[Client 3, Round 47] Progress: 79% (228/286) - Loss: 0.1825
[Client 3, Round 47] Progress: 80% (230/286) - Loss: 0.5273
[Client 3, Round 47] Progress: 81% (232/286) - Loss: 0.3830
[Client 3, Round 47] Progress: 81% (234/286) - Loss: 0.1709
[Client 3, Round 47] Progress: 82% (236/286) - Loss: 0.1209
[Client 3, Round 47] Progress: 83% (238/286) - Loss: 0.0990
[Client 3, Round 47] Progress: 83% (240/286) - Loss: 0.0724
[Client 3, Round 47] Progress: 84% (242/286) - Loss: 0.1397
[Client 3, Round 47] Progress: 85% (244/286) - Loss: 0.4230
[Client 3, Round 47] Progress: 86% (246/286) - Loss: 0.0768
[Client 3, Round 47] Progress: 86% (248/286) - Loss: 0.1697
[Client 3, Round 47] Progress: 87% (250/286) - Loss: 0.1508
[Client 3, Round 47] Progress: 88% (252/286) - Loss: 0.2301
[Client 3, Round 47] Progress: 88% (254/286) - Loss: 0.1595
[Client 3, Round 47] Progress: 89% (256/286) - Loss: 0.0783
[Client 3, Round 47] Progress: 90% (258/286) - Loss: 0.0886
[Client 3, Round 47] Progress: 90% (260/286) - Loss: 0.2225
[Client 3, Round 47] Progress: 91% (262/286) - Loss: 0.0988
[Client 3, Round 47] Progress: 92% (264/286) - Loss: 0.1175
[Client 3, Round 47] Progress: 93% (266/286) - Loss: 0.0751
[Client 3, Round 47] Progress: 93% (268/286) - Loss: 0.6962
[Client 3, Round 47] Progress: 94% (270/286) - Loss: 0.1852
[Client 3, Round 47] Progress: 95% (272/286) - Loss: 0.0517
[Client 3, Round 47] Progress: 95% (274/286) - Loss: 0.0762
[Client 3, Round 47] Progress: 96% (276/286) - Loss: 0.1554
[Client 3, Round 47] Progress: 97% (278/286) - Loss: 0.1312
[Client 3, Round 47] Progress: 97% (280/286) - Loss: 0.1739
[Client 3, Round 47] Progress: 98% (282/286) - Loss: 0.2218
[Client 3, Round 47] Progress: 99% (284/286) - Loss: 0.4139
[Client 3, Round 47] Progress: 100% (286/286) - Loss: 0.1119
[Client 3, Round 47] Train Loss: 0.2046
[Client 3, Round 47] Val Loss: 0.1672 | Val Dice: 0.8504
[Client 3, Round 48] Progress: 0% (2/286) - Loss: 0.6226
[Client 3, Round 48] Progress: 1% (4/286) - Loss: 0.8147
[Client 3, Round 48] Progress: 2% (6/286) - Loss: 0.1102
[Client 3, Round 48] Progress: 2% (8/286) - Loss: 0.1290
[Client 3, Round 48] Progress: 3% (10/286) - Loss: 0.1691
[Client 3, Round 48] Progress: 4% (12/286) - Loss: 0.1398
[Client 3, Round 48] Progress: 4% (14/286) - Loss: 0.0965
[Client 3, Round 48] Progress: 5% (16/286) - Loss: 0.1620
[Client 3, Round 48] Progress: 6% (18/286) - Loss: 0.1170
[Client 3, Round 48] Progress: 6% (20/286) - Loss: 0.1270
[Client 3, Round 48] Progress: 7% (22/286) - Loss: 0.1500
[Client 3, Round 48] Progress: 8% (24/286) - Loss: 0.0978
[Client 3, Round 48] Progress: 9% (26/286) - Loss: 0.1097
[Client 3, Round 48] Progress: 9% (28/286) - Loss: 0.1973
[Client 3, Round 48] Progress: 10% (30/286) - Loss: 0.4306
[Client 3, Round 48] Progress: 11% (32/286) - Loss: 0.1069
[Client 3, Round 48] Progress: 11% (34/286) - Loss: 0.1249
[Client 3, Round 48] Progress: 12% (36/286) - Loss: 0.0904
[Client 3, Round 48] Progress: 13% (38/286) - Loss: 0.0731
[Client 3, Round 48] Progress: 13% (40/286) - Loss: 0.1213
[Client 3, Round 48] Progress: 14% (42/286) - Loss: 0.0851
[Client 3, Round 48] Progress: 15% (44/286) - Loss: 0.1196
[Client 3, Round 48] Progress: 16% (46/286) - Loss: 0.0935
[Client 3, Round 48] Progress: 16% (48/286) - Loss: 0.1736
[Client 3, Round 48] Progress: 17% (50/286) - Loss: 0.1801
[Client 3, Round 48] Progress: 18% (52/286) - Loss: 0.0773
[Client 3, Round 48] Progress: 18% (54/286) - Loss: 0.0977
[Client 3, Round 48] Progress: 19% (56/286) - Loss: 0.1384
[Client 3, Round 48] Progress: 20% (58/286) - Loss: 0.0990
[Client 3, Round 48] Progress: 20% (60/286) - Loss: 0.6933
[Client 3, Round 48] Progress: 21% (62/286) - Loss: 0.1487
[Client 3, Round 48] Progress: 22% (64/286) - Loss: 0.0449
[Client 3, Round 48] Progress: 23% (66/286) - Loss: 0.0850
[Client 3, Round 48] Progress: 23% (68/286) - Loss: 0.0823
[Client 3, Round 48] Progress: 24% (70/286) - Loss: 0.0938
[Client 3, Round 48] Progress: 25% (72/286) - Loss: 0.3219
[Client 3, Round 48] Progress: 25% (74/286) - Loss: 0.1150
[Client 3, Round 48] Progress: 26% (76/286) - Loss: 0.2847
[Client 3, Round 48] Progress: 27% (78/286) - Loss: 0.8953
[Client 3, Round 48] Progress: 27% (80/286) - Loss: 0.0723
[Client 3, Round 48] Progress: 28% (82/286) - Loss: 0.2049
[Client 3, Round 48] Progress: 29% (84/286) - Loss: 0.3001
[Client 3, Round 48] Progress: 30% (86/286) - Loss: 0.1862
[Client 3, Round 48] Progress: 30% (88/286) - Loss: 0.3365
[Client 3, Round 48] Progress: 31% (90/286) - Loss: 0.1108
[Client 3, Round 48] Progress: 32% (92/286) - Loss: 0.2366
[Client 3, Round 48] Progress: 32% (94/286) - Loss: 0.4164
[Client 3, Round 48] Progress: 33% (96/286) - Loss: 0.1744
[Client 3, Round 48] Progress: 34% (98/286) - Loss: 0.3950
[Client 3, Round 48] Progress: 34% (100/286) - Loss: 0.1884
[Client 3, Round 48] Progress: 35% (102/286) - Loss: 0.0879
[Client 3, Round 48] Progress: 36% (104/286) - Loss: 0.0947
[Client 3, Round 48] Progress: 37% (106/286) - Loss: 0.1291
[Client 3, Round 48] Progress: 37% (108/286) - Loss: 0.0948
[Client 3, Round 48] Progress: 38% (110/286) - Loss: 0.2047
[Client 3, Round 48] Progress: 39% (112/286) - Loss: 0.1592
[Client 3, Round 48] Progress: 39% (114/286) - Loss: 0.3609
[Client 3, Round 48] Progress: 40% (116/286) - Loss: 0.3327
[Client 3, Round 48] Progress: 41% (118/286) - Loss: 0.0867
[Client 3, Round 48] Progress: 41% (120/286) - Loss: 0.0703
[Client 3, Round 48] Progress: 42% (122/286) - Loss: 0.4291
[Client 3, Round 48] Progress: 43% (124/286) - Loss: 0.1439
[Client 3, Round 48] Progress: 44% (126/286) - Loss: 0.4164
[Client 3, Round 48] Progress: 44% (128/286) - Loss: 0.2719
[Client 3, Round 48] Progress: 45% (130/286) - Loss: 0.1313
[Client 3, Round 48] Progress: 46% (132/286) - Loss: 0.3999
[Client 3, Round 48] Progress: 46% (134/286) - Loss: 0.1748
[Client 3, Round 48] Progress: 47% (136/286) - Loss: 0.1761
[Client 3, Round 48] Progress: 48% (138/286) - Loss: 0.0714
[Client 3, Round 48] Progress: 48% (140/286) - Loss: 0.4940
[Client 3, Round 48] Progress: 49% (142/286) - Loss: 0.1574
[Client 3, Round 48] Progress: 50% (144/286) - Loss: 0.1665
[Client 3, Round 48] Progress: 51% (146/286) - Loss: 0.0987
[Client 3, Round 48] Progress: 51% (148/286) - Loss: 0.1514
[Client 3, Round 48] Progress: 52% (150/286) - Loss: 0.6337
[Client 3, Round 48] Progress: 53% (152/286) - Loss: 0.1482
[Client 3, Round 48] Progress: 53% (154/286) - Loss: 0.0756
[Client 3, Round 48] Progress: 54% (156/286) - Loss: 0.4432
[Client 3, Round 48] Progress: 55% (158/286) - Loss: 0.3984
[Client 3, Round 48] Progress: 55% (160/286) - Loss: 0.1194
[Client 3, Round 48] Progress: 56% (162/286) - Loss: 0.0682
[Client 3, Round 48] Progress: 57% (164/286) - Loss: 0.1059
[Client 3, Round 48] Progress: 58% (166/286) - Loss: 0.1435
[Client 3, Round 48] Progress: 58% (168/286) - Loss: 0.1097
[Client 3, Round 48] Progress: 59% (170/286) - Loss: 0.6448
[Client 3, Round 48] Progress: 60% (172/286) - Loss: 0.1605
[Client 3, Round 48] Progress: 60% (174/286) - Loss: 0.1826
[Client 3, Round 48] Progress: 61% (176/286) - Loss: 0.0574
[Client 3, Round 48] Progress: 62% (178/286) - Loss: 0.2279
[Client 3, Round 48] Progress: 62% (180/286) - Loss: 0.0533
[Client 3, Round 48] Progress: 63% (182/286) - Loss: 0.2803
[Client 3, Round 48] Progress: 64% (184/286) - Loss: 0.0636
[Client 3, Round 48] Progress: 65% (186/286) - Loss: 0.1220
[Client 3, Round 48] Progress: 65% (188/286) - Loss: 0.1393
[Client 3, Round 48] Progress: 66% (190/286) - Loss: 0.0959
[Client 3, Round 48] Progress: 67% (192/286) - Loss: 0.4208
[Client 3, Round 48] Progress: 67% (194/286) - Loss: 0.1095
[Client 3, Round 48] Progress: 68% (196/286) - Loss: 0.1202
[Client 3, Round 48] Progress: 69% (198/286) - Loss: 0.0650
[Client 3, Round 48] Progress: 69% (200/286) - Loss: 0.0994
[Client 3, Round 48] Progress: 70% (202/286) - Loss: 0.0576
[Client 3, Round 48] Progress: 71% (204/286) - Loss: 0.1325
[Client 3, Round 48] Progress: 72% (206/286) - Loss: 0.0909
[Client 3, Round 48] Progress: 72% (208/286) - Loss: 0.0968
[Client 3, Round 48] Progress: 73% (210/286) - Loss: 0.4444
[Client 3, Round 48] Progress: 74% (212/286) - Loss: 0.0968
[Client 3, Round 48] Progress: 74% (214/286) - Loss: 0.1765
[Client 3, Round 48] Progress: 75% (216/286) - Loss: 0.1742
[Client 3, Round 48] Progress: 76% (218/286) - Loss: 0.3689
[Client 3, Round 48] Progress: 76% (220/286) - Loss: 0.1849
[Client 3, Round 48] Progress: 77% (222/286) - Loss: 0.1579
[Client 3, Round 48] Progress: 78% (224/286) - Loss: 0.0955
[Client 3, Round 48] Progress: 79% (226/286) - Loss: 0.0875
[Client 3, Round 48] Progress: 79% (228/286) - Loss: 0.0755
[Client 3, Round 48] Progress: 80% (230/286) - Loss: 0.1856
[Client 3, Round 48] Progress: 81% (232/286) - Loss: 0.1333
[Client 3, Round 48] Progress: 81% (234/286) - Loss: 0.1094
[Client 3, Round 48] Progress: 82% (236/286) - Loss: 0.7354
[Client 3, Round 48] Progress: 83% (238/286) - Loss: 0.1222
[Client 3, Round 48] Progress: 83% (240/286) - Loss: 0.1413
[Client 3, Round 48] Progress: 84% (242/286) - Loss: 0.0723
[Client 3, Round 48] Progress: 85% (244/286) - Loss: 0.1413
[Client 3, Round 48] Progress: 86% (246/286) - Loss: 0.2273
[Client 3, Round 48] Progress: 86% (248/286) - Loss: 0.1239
[Client 3, Round 48] Progress: 87% (250/286) - Loss: 0.6509
[Client 3, Round 48] Progress: 88% (252/286) - Loss: 0.1273
[Client 3, Round 48] Progress: 88% (254/286) - Loss: 0.4801
[Client 3, Round 48] Progress: 89% (256/286) - Loss: 0.0823
[Client 3, Round 48] Progress: 90% (258/286) - Loss: 0.0942
[Client 3, Round 48] Progress: 90% (260/286) - Loss: 0.1131
[Client 3, Round 48] Progress: 91% (262/286) - Loss: 0.1254
[Client 3, Round 48] Progress: 92% (264/286) - Loss: 0.1871
[Client 3, Round 48] Progress: 93% (266/286) - Loss: 0.3388
[Client 3, Round 48] Progress: 93% (268/286) - Loss: 0.0688
[Client 3, Round 48] Progress: 94% (270/286) - Loss: 0.0938
[Client 3, Round 48] Progress: 95% (272/286) - Loss: 0.4433
[Client 3, Round 48] Progress: 95% (274/286) - Loss: 0.1353
[Client 3, Round 48] Progress: 96% (276/286) - Loss: 0.1058
[Client 3, Round 48] Progress: 97% (278/286) - Loss: 0.2550
[Client 3, Round 48] Progress: 97% (280/286) - Loss: 0.1524
[Client 3, Round 48] Progress: 98% (282/286) - Loss: 0.1409
[Client 3, Round 48] Progress: 99% (284/286) - Loss: 0.2294
[Client 3, Round 48] Progress: 100% (286/286) - Loss: 0.5005
[Client 3, Round 48] Train Loss: 0.2028
[Client 3, Round 48] Val Loss: 0.1697 | Val Dice: 0.8477
[Client 3, Round 49] Progress: 0% (2/286) - Loss: 0.1320
[Client 3, Round 49] Progress: 1% (4/286) - Loss: 0.0974
[Client 3, Round 49] Progress: 2% (6/286) - Loss: 0.3454
[Client 3, Round 49] Progress: 2% (8/286) - Loss: 0.1817
[Client 3, Round 49] Progress: 3% (10/286) - Loss: 0.5841
[Client 3, Round 49] Progress: 4% (12/286) - Loss: 0.0632
[Client 3, Round 49] Progress: 4% (14/286) - Loss: 0.4400
[Client 3, Round 49] Progress: 5% (16/286) - Loss: 0.1344
[Client 3, Round 49] Progress: 6% (18/286) - Loss: 0.1503
[Client 3, Round 49] Progress: 6% (20/286) - Loss: 0.1705
[Client 3, Round 49] Progress: 7% (22/286) - Loss: 0.0899
[Client 3, Round 49] Progress: 8% (24/286) - Loss: 0.1615
[Client 3, Round 49] Progress: 9% (26/286) - Loss: 0.1823
[Client 3, Round 49] Progress: 9% (28/286) - Loss: 0.1646
[Client 3, Round 49] Progress: 10% (30/286) - Loss: 0.6638
[Client 3, Round 49] Progress: 11% (32/286) - Loss: 0.2067
[Client 3, Round 49] Progress: 11% (34/286) - Loss: 0.1599
[Client 3, Round 49] Progress: 12% (36/286) - Loss: 0.0500
[Client 3, Round 49] Progress: 13% (38/286) - Loss: 0.1109
[Client 3, Round 49] Progress: 13% (40/286) - Loss: 0.0578
[Client 3, Round 49] Progress: 14% (42/286) - Loss: 0.0498
[Client 3, Round 49] Progress: 15% (44/286) - Loss: 0.4443
[Client 3, Round 49] Progress: 16% (46/286) - Loss: 0.3743
[Client 3, Round 49] Progress: 16% (48/286) - Loss: 0.5068
[Client 3, Round 49] Progress: 17% (50/286) - Loss: 0.3577
[Client 3, Round 49] Progress: 18% (52/286) - Loss: 0.1010
[Client 3, Round 49] Progress: 18% (54/286) - Loss: 0.1803
[Client 3, Round 49] Progress: 19% (56/286) - Loss: 0.0671
[Client 3, Round 49] Progress: 20% (58/286) - Loss: 0.1873
[Client 3, Round 49] Progress: 20% (60/286) - Loss: 0.1230
[Client 3, Round 49] Progress: 21% (62/286) - Loss: 0.1110
[Client 3, Round 49] Progress: 22% (64/286) - Loss: 0.2759
[Client 3, Round 49] Progress: 23% (66/286) - Loss: 0.1072
[Client 3, Round 49] Progress: 23% (68/286) - Loss: 0.5649
[Client 3, Round 49] Progress: 24% (70/286) - Loss: 0.5814
[Client 3, Round 49] Progress: 25% (72/286) - Loss: 0.0851
[Client 3, Round 49] Progress: 25% (74/286) - Loss: 0.1665
[Client 3, Round 49] Progress: 26% (76/286) - Loss: 0.2699
[Client 3, Round 49] Progress: 27% (78/286) - Loss: 0.1159
[Client 3, Round 49] Progress: 27% (80/286) - Loss: 0.1795
[Client 3, Round 49] Progress: 28% (82/286) - Loss: 0.1480
[Client 3, Round 49] Progress: 29% (84/286) - Loss: 0.2185
[Client 3, Round 49] Progress: 30% (86/286) - Loss: 0.2207
[Client 3, Round 49] Progress: 30% (88/286) - Loss: 0.0835
[Client 3, Round 49] Progress: 31% (90/286) - Loss: 0.0992
[Client 3, Round 49] Progress: 32% (92/286) - Loss: 0.4952
[Client 3, Round 49] Progress: 32% (94/286) - Loss: 0.1148
[Client 3, Round 49] Progress: 33% (96/286) - Loss: 0.4331
[Client 3, Round 49] Progress: 34% (98/286) - Loss: 0.3802
[Client 3, Round 49] Progress: 34% (100/286) - Loss: 0.3609
[Client 3, Round 49] Progress: 35% (102/286) - Loss: 0.4571
[Client 3, Round 49] Progress: 36% (104/286) - Loss: 0.0813
[Client 3, Round 49] Progress: 37% (106/286) - Loss: 0.3405
[Client 3, Round 49] Progress: 37% (108/286) - Loss: 0.1368
[Client 3, Round 49] Progress: 38% (110/286) - Loss: 0.1108
[Client 3, Round 49] Progress: 39% (112/286) - Loss: 0.1223
[Client 3, Round 49] Progress: 39% (114/286) - Loss: 0.3415
[Client 3, Round 49] Progress: 40% (116/286) - Loss: 0.1634
[Client 3, Round 49] Progress: 41% (118/286) - Loss: 0.1860
[Client 3, Round 49] Progress: 41% (120/286) - Loss: 0.1100
[Client 3, Round 49] Progress: 42% (122/286) - Loss: 0.0671
[Client 3, Round 49] Progress: 43% (124/286) - Loss: 0.0985
[Client 3, Round 49] Progress: 44% (126/286) - Loss: 0.0871
[Client 3, Round 49] Progress: 44% (128/286) - Loss: 0.0878
[Client 3, Round 49] Progress: 45% (130/286) - Loss: 0.1585
[Client 3, Round 49] Progress: 46% (132/286) - Loss: 0.1632
[Client 3, Round 49] Progress: 46% (134/286) - Loss: 0.4799
[Client 3, Round 49] Progress: 47% (136/286) - Loss: 0.1290
[Client 3, Round 49] Progress: 48% (138/286) - Loss: 0.1102
[Client 3, Round 49] Progress: 48% (140/286) - Loss: 0.3512
[Client 3, Round 49] Progress: 49% (142/286) - Loss: 0.1875
[Client 3, Round 49] Progress: 50% (144/286) - Loss: 0.1933
[Client 3, Round 49] Progress: 51% (146/286) - Loss: 0.2492
[Client 3, Round 49] Progress: 51% (148/286) - Loss: 0.1378
[Client 3, Round 49] Progress: 52% (150/286) - Loss: 0.1033
[Client 3, Round 49] Progress: 53% (152/286) - Loss: 0.0744
[Client 3, Round 49] Progress: 53% (154/286) - Loss: 0.1903
[Client 3, Round 49] Progress: 54% (156/286) - Loss: 0.6336
[Client 3, Round 49] Progress: 55% (158/286) - Loss: 0.1028
[Client 3, Round 49] Progress: 55% (160/286) - Loss: 0.2314
[Client 3, Round 49] Progress: 56% (162/286) - Loss: 0.1362
[Client 3, Round 49] Progress: 57% (164/286) - Loss: 0.0499
[Client 3, Round 49] Progress: 58% (166/286) - Loss: 0.2289
[Client 3, Round 49] Progress: 58% (168/286) - Loss: 0.1045
[Client 3, Round 49] Progress: 59% (170/286) - Loss: 0.1126
[Client 3, Round 49] Progress: 60% (172/286) - Loss: 0.0675
[Client 3, Round 49] Progress: 60% (174/286) - Loss: 0.0979
[Client 3, Round 49] Progress: 61% (176/286) - Loss: 0.1229
[Client 3, Round 49] Progress: 62% (178/286) - Loss: 0.1268
[Client 3, Round 49] Progress: 62% (180/286) - Loss: 0.3235
[Client 3, Round 49] Progress: 63% (182/286) - Loss: 0.2117
[Client 3, Round 49] Progress: 64% (184/286) - Loss: 0.0606
[Client 3, Round 49] Progress: 65% (186/286) - Loss: 0.0767
[Client 3, Round 49] Progress: 65% (188/286) - Loss: 0.0900
[Client 3, Round 49] Progress: 66% (190/286) - Loss: 0.1448
[Client 3, Round 49] Progress: 67% (192/286) - Loss: 0.2114
[Client 3, Round 49] Progress: 67% (194/286) - Loss: 0.1218
[Client 3, Round 49] Progress: 68% (196/286) - Loss: 0.3564
[Client 3, Round 49] Progress: 69% (198/286) - Loss: 0.1285
[Client 3, Round 49] Progress: 69% (200/286) - Loss: 0.5878
[Client 3, Round 49] Progress: 70% (202/286) - Loss: 0.1671
[Client 3, Round 49] Progress: 71% (204/286) - Loss: 0.1175
[Client 3, Round 49] Progress: 72% (206/286) - Loss: 0.1072
[Client 3, Round 49] Progress: 72% (208/286) - Loss: 0.1351
[Client 3, Round 49] Progress: 73% (210/286) - Loss: 0.1336
[Client 3, Round 49] Progress: 74% (212/286) - Loss: 0.4281
[Client 3, Round 49] Progress: 74% (214/286) - Loss: 0.0928
[Client 3, Round 49] Progress: 75% (216/286) - Loss: 0.1056
[Client 3, Round 49] Progress: 76% (218/286) - Loss: 0.4797
[Client 3, Round 49] Progress: 76% (220/286) - Loss: 0.2593
[Client 3, Round 49] Progress: 77% (222/286) - Loss: 0.1104
[Client 3, Round 49] Progress: 78% (224/286) - Loss: 0.1787
[Client 3, Round 49] Progress: 79% (226/286) - Loss: 0.0743
[Client 3, Round 49] Progress: 79% (228/286) - Loss: 0.1620
[Client 3, Round 49] Progress: 80% (230/286) - Loss: 0.1077
[Client 3, Round 49] Progress: 81% (232/286) - Loss: 0.1406
[Client 3, Round 49] Progress: 81% (234/286) - Loss: 0.1344
[Client 3, Round 49] Progress: 82% (236/286) - Loss: 0.1564
[Client 3, Round 49] Progress: 83% (238/286) - Loss: 0.1229
[Client 3, Round 49] Progress: 83% (240/286) - Loss: 0.4508
[Client 3, Round 49] Progress: 84% (242/286) - Loss: 0.1460
[Client 3, Round 49] Progress: 85% (244/286) - Loss: 0.4853
[Client 3, Round 49] Progress: 86% (246/286) - Loss: 0.1159
[Client 3, Round 49] Progress: 86% (248/286) - Loss: 0.3972
[Client 3, Round 49] Progress: 87% (250/286) - Loss: 0.2375
[Client 3, Round 49] Progress: 88% (252/286) - Loss: 0.1631
[Client 3, Round 49] Progress: 88% (254/286) - Loss: 0.1366
[Client 3, Round 49] Progress: 89% (256/286) - Loss: 0.1260
[Client 3, Round 49] Progress: 90% (258/286) - Loss: 0.1631
[Client 3, Round 49] Progress: 90% (260/286) - Loss: 0.1116
[Client 3, Round 49] Progress: 91% (262/286) - Loss: 0.1079
[Client 3, Round 49] Progress: 92% (264/286) - Loss: 0.0708
[Client 3, Round 49] Progress: 93% (266/286) - Loss: 0.0918
[Client 3, Round 49] Progress: 93% (268/286) - Loss: 0.1692
[Client 3, Round 49] Progress: 94% (270/286) - Loss: 0.2421
[Client 3, Round 49] Progress: 95% (272/286) - Loss: 0.2302
[Client 3, Round 49] Progress: 95% (274/286) - Loss: 0.0733
[Client 3, Round 49] Progress: 96% (276/286) - Loss: 0.1895
[Client 3, Round 49] Progress: 97% (278/286) - Loss: 0.1748
[Client 3, Round 49] Progress: 97% (280/286) - Loss: 0.7174
[Client 3, Round 49] Progress: 98% (282/286) - Loss: 0.1145
[Client 3, Round 49] Progress: 99% (284/286) - Loss: 0.0920
[Client 3, Round 49] Progress: 100% (286/286) - Loss: 0.1128
[Client 3, Round 49] Train Loss: 0.2022
[Client 3, Round 49] Val Loss: 0.1737 | Val Dice: 0.8439
[Client 3, Round 50] Progress: 0% (2/286) - Loss: 0.1693
[Client 3, Round 50] Progress: 1% (4/286) - Loss: 0.2668
[Client 3, Round 50] Progress: 2% (6/286) - Loss: 0.3859
[Client 3, Round 50] Progress: 2% (8/286) - Loss: 0.1590
[Client 3, Round 50] Progress: 3% (10/286) - Loss: 0.1180
[Client 3, Round 50] Progress: 4% (12/286) - Loss: 0.1203
[Client 3, Round 50] Progress: 4% (14/286) - Loss: 0.5788
[Client 3, Round 50] Progress: 5% (16/286) - Loss: 0.0763
[Client 3, Round 50] Progress: 6% (18/286) - Loss: 0.1776
[Client 3, Round 50] Progress: 6% (20/286) - Loss: 0.1523
[Client 3, Round 50] Progress: 7% (22/286) - Loss: 0.1362
[Client 3, Round 50] Progress: 8% (24/286) - Loss: 0.0792
[Client 3, Round 50] Progress: 9% (26/286) - Loss: 0.0701
[Client 3, Round 50] Progress: 9% (28/286) - Loss: 0.3988
[Client 3, Round 50] Progress: 10% (30/286) - Loss: 0.1119
[Client 3, Round 50] Progress: 11% (32/286) - Loss: 0.1127
[Client 3, Round 50] Progress: 11% (34/286) - Loss: 0.1551
[Client 3, Round 50] Progress: 12% (36/286) - Loss: 0.2701
[Client 3, Round 50] Progress: 13% (38/286) - Loss: 0.1937
[Client 3, Round 50] Progress: 13% (40/286) - Loss: 0.4858
[Client 3, Round 50] Progress: 14% (42/286) - Loss: 0.1029
[Client 3, Round 50] Progress: 15% (44/286) - Loss: 0.0906
[Client 3, Round 50] Progress: 16% (46/286) - Loss: 0.1223
[Client 3, Round 50] Progress: 16% (48/286) - Loss: 0.2005
[Client 3, Round 50] Progress: 17% (50/286) - Loss: 0.2505
[Client 3, Round 50] Progress: 18% (52/286) - Loss: 0.4490
[Client 3, Round 50] Progress: 18% (54/286) - Loss: 0.1664
[Client 3, Round 50] Progress: 19% (56/286) - Loss: 0.0971
[Client 3, Round 50] Progress: 20% (58/286) - Loss: 0.1866
[Client 3, Round 50] Progress: 20% (60/286) - Loss: 0.1373
[Client 3, Round 50] Progress: 21% (62/286) - Loss: 0.0810
[Client 3, Round 50] Progress: 22% (64/286) - Loss: 0.1745
[Client 3, Round 50] Progress: 23% (66/286) - Loss: 0.5289
[Client 3, Round 50] Progress: 23% (68/286) - Loss: 0.4462
[Client 3, Round 50] Progress: 24% (70/286) - Loss: 0.3933
[Client 3, Round 50] Progress: 25% (72/286) - Loss: 0.1989
[Client 3, Round 50] Progress: 25% (74/286) - Loss: 0.1043
[Client 3, Round 50] Progress: 26% (76/286) - Loss: 0.2313
[Client 3, Round 50] Progress: 27% (78/286) - Loss: 0.2188
[Client 3, Round 50] Progress: 27% (80/286) - Loss: 0.3470
[Client 3, Round 50] Progress: 28% (82/286) - Loss: 0.0627
[Client 3, Round 50] Progress: 29% (84/286) - Loss: 0.1644
[Client 3, Round 50] Progress: 30% (86/286) - Loss: 0.1172
[Client 3, Round 50] Progress: 30% (88/286) - Loss: 0.0929
[Client 3, Round 50] Progress: 31% (90/286) - Loss: 0.0795
[Client 3, Round 50] Progress: 32% (92/286) - Loss: 0.1912
[Client 3, Round 50] Progress: 32% (94/286) - Loss: 0.4807
[Client 3, Round 50] Progress: 33% (96/286) - Loss: 0.2801
[Client 3, Round 50] Progress: 34% (98/286) - Loss: 0.0852
[Client 3, Round 50] Progress: 34% (100/286) - Loss: 0.1317
[Client 3, Round 50] Progress: 35% (102/286) - Loss: 0.0976
[Client 3, Round 50] Progress: 36% (104/286) - Loss: 0.1071
[Client 3, Round 50] Progress: 37% (106/286) - Loss: 0.1234
[Client 3, Round 50] Progress: 37% (108/286) - Loss: 0.1815
[Client 3, Round 50] Progress: 38% (110/286) - Loss: 0.0777
[Client 3, Round 50] Progress: 39% (112/286) - Loss: 0.0673
[Client 3, Round 50] Progress: 39% (114/286) - Loss: 0.1140
[Client 3, Round 50] Progress: 40% (116/286) - Loss: 0.1268
[Client 3, Round 50] Progress: 41% (118/286) - Loss: 0.0973
[Client 3, Round 50] Progress: 41% (120/286) - Loss: 0.1610
[Client 3, Round 50] Progress: 42% (122/286) - Loss: 0.0609
[Client 3, Round 50] Progress: 43% (124/286) - Loss: 0.1616
[Client 3, Round 50] Progress: 44% (126/286) - Loss: 0.1017
[Client 3, Round 50] Progress: 44% (128/286) - Loss: 0.0705
[Client 3, Round 50] Progress: 45% (130/286) - Loss: 0.1371
[Client 3, Round 50] Progress: 46% (132/286) - Loss: 0.2013
[Client 3, Round 50] Progress: 46% (134/286) - Loss: 0.1736
[Client 3, Round 50] Progress: 47% (136/286) - Loss: 0.4434
[Client 3, Round 50] Progress: 48% (138/286) - Loss: 0.1563
[Client 3, Round 50] Progress: 48% (140/286) - Loss: 0.1137
[Client 3, Round 50] Progress: 49% (142/286) - Loss: 0.4411
[Client 3, Round 50] Progress: 50% (144/286) - Loss: 0.0908
[Client 3, Round 50] Progress: 51% (146/286) - Loss: 0.0938
[Client 3, Round 50] Progress: 51% (148/286) - Loss: 0.5045
[Client 3, Round 50] Progress: 52% (150/286) - Loss: 0.1467
[Client 3, Round 50] Progress: 53% (152/286) - Loss: 0.4011
[Client 3, Round 50] Progress: 53% (154/286) - Loss: 0.1030
[Client 3, Round 50] Progress: 54% (156/286) - Loss: 0.1818
[Client 3, Round 50] Progress: 55% (158/286) - Loss: 0.1686
[Client 3, Round 50] Progress: 55% (160/286) - Loss: 0.2268
[Client 3, Round 50] Progress: 56% (162/286) - Loss: 0.1634
[Client 3, Round 50] Progress: 57% (164/286) - Loss: 0.1178
[Client 3, Round 50] Progress: 58% (166/286) - Loss: 0.1125
[Client 3, Round 50] Progress: 58% (168/286) - Loss: 0.1674
[Client 3, Round 50] Progress: 59% (170/286) - Loss: 0.2436
[Client 3, Round 50] Progress: 60% (172/286) - Loss: 0.1036
[Client 3, Round 50] Progress: 60% (174/286) - Loss: 0.1035
[Client 3, Round 50] Progress: 61% (176/286) - Loss: 0.0941
[Client 3, Round 50] Progress: 62% (178/286) - Loss: 0.2054
[Client 3, Round 50] Progress: 62% (180/286) - Loss: 0.0460
[Client 3, Round 50] Progress: 63% (182/286) - Loss: 0.0876
[Client 3, Round 50] Progress: 64% (184/286) - Loss: 0.0877
[Client 3, Round 50] Progress: 65% (186/286) - Loss: 0.0988
[Client 3, Round 50] Progress: 65% (188/286) - Loss: 0.6418
[Client 3, Round 50] Progress: 66% (190/286) - Loss: 0.1589
[Client 3, Round 50] Progress: 67% (192/286) - Loss: 0.4414
[Client 3, Round 50] Progress: 67% (194/286) - Loss: 0.1248
[Client 3, Round 50] Progress: 68% (196/286) - Loss: 0.0462
[Client 3, Round 50] Progress: 69% (198/286) - Loss: 0.1113
[Client 3, Round 50] Progress: 69% (200/286) - Loss: 0.2340
[Client 3, Round 50] Progress: 70% (202/286) - Loss: 0.0609
[Client 3, Round 50] Progress: 71% (204/286) - Loss: 0.0936
[Client 3, Round 50] Progress: 72% (206/286) - Loss: 0.1280
[Client 3, Round 50] Progress: 72% (208/286) - Loss: 0.4564
[Client 3, Round 50] Progress: 73% (210/286) - Loss: 0.1590
[Client 3, Round 50] Progress: 74% (212/286) - Loss: 0.3841
[Client 3, Round 50] Progress: 74% (214/286) - Loss: 0.7087
[Client 3, Round 50] Progress: 75% (216/286) - Loss: 0.2546
[Client 3, Round 50] Progress: 76% (218/286) - Loss: 0.1160
[Client 3, Round 50] Progress: 76% (220/286) - Loss: 0.0342
[Client 3, Round 50] Progress: 77% (222/286) - Loss: 0.1362
[Client 3, Round 50] Progress: 78% (224/286) - Loss: 0.0786
[Client 3, Round 50] Progress: 79% (226/286) - Loss: 0.1733
[Client 3, Round 50] Progress: 79% (228/286) - Loss: 0.1411
[Client 3, Round 50] Progress: 80% (230/286) - Loss: 0.4055
[Client 3, Round 50] Progress: 81% (232/286) - Loss: 0.3459
[Client 3, Round 50] Progress: 81% (234/286) - Loss: 0.0642
[Client 3, Round 50] Progress: 82% (236/286) - Loss: 0.1445
[Client 3, Round 50] Progress: 83% (238/286) - Loss: 0.0599
[Client 3, Round 50] Progress: 83% (240/286) - Loss: 0.4589
[Client 3, Round 50] Progress: 84% (242/286) - Loss: 0.1820
[Client 3, Round 50] Progress: 85% (244/286) - Loss: 0.0581
[Client 3, Round 50] Progress: 86% (246/286) - Loss: 0.0903
[Client 3, Round 50] Progress: 86% (248/286) - Loss: 0.2043
[Client 3, Round 50] Progress: 87% (250/286) - Loss: 0.0980
[Client 3, Round 50] Progress: 88% (252/286) - Loss: 0.6463
[Client 3, Round 50] Progress: 88% (254/286) - Loss: 0.0759
[Client 3, Round 50] Progress: 89% (256/286) - Loss: 0.2205
[Client 3, Round 50] Progress: 90% (258/286) - Loss: 0.1108
[Client 3, Round 50] Progress: 90% (260/286) - Loss: 0.5671
[Client 3, Round 50] Progress: 91% (262/286) - Loss: 0.1491
[Client 3, Round 50] Progress: 92% (264/286) - Loss: 0.1073
[Client 3, Round 50] Progress: 93% (266/286) - Loss: 0.0714
[Client 3, Round 50] Progress: 93% (268/286) - Loss: 0.1091
[Client 3, Round 50] Progress: 94% (270/286) - Loss: 0.1272
[Client 3, Round 50] Progress: 95% (272/286) - Loss: 0.1322
[Client 3, Round 50] Progress: 95% (274/286) - Loss: 0.1225
[Client 3, Round 50] Progress: 96% (276/286) - Loss: 0.0897
[Client 3, Round 50] Progress: 97% (278/286) - Loss: 0.3274
[Client 3, Round 50] Progress: 97% (280/286) - Loss: 0.1241
[Client 3, Round 50] Progress: 98% (282/286) - Loss: 0.2190
[Client 3, Round 50] Progress: 99% (284/286) - Loss: 0.2595
[Client 3, Round 50] Progress: 100% (286/286) - Loss: 0.0972
[Client 3, Round 50] Train Loss: 0.1979
[Client 3, Round 50] Val Loss: 0.1762 | Val Dice: 0.8374
[Client 3, Round 51] Progress: 0% (2/286) - Loss: 0.2014
[Client 3, Round 51] Progress: 1% (4/286) - Loss: 0.1121
[Client 3, Round 51] Progress: 2% (6/286) - Loss: 0.1735
[Client 3, Round 51] Progress: 2% (8/286) - Loss: 0.0878
[Client 3, Round 51] Progress: 3% (10/286) - Loss: 0.1713
[Client 3, Round 51] Progress: 4% (12/286) - Loss: 0.1304
[Client 3, Round 51] Progress: 4% (14/286) - Loss: 0.4519
[Client 3, Round 51] Progress: 5% (16/286) - Loss: 0.0657
[Client 3, Round 51] Progress: 6% (18/286) - Loss: 0.0810
[Client 3, Round 51] Progress: 6% (20/286) - Loss: 0.0597
[Client 3, Round 51] Progress: 7% (22/286) - Loss: 0.1432
[Client 3, Round 51] Progress: 8% (24/286) - Loss: 0.0479
[Client 3, Round 51] Progress: 9% (26/286) - Loss: 0.1446
[Client 3, Round 51] Progress: 9% (28/286) - Loss: 0.0932
[Client 3, Round 51] Progress: 10% (30/286) - Loss: 0.1184
[Client 3, Round 51] Progress: 11% (32/286) - Loss: 0.2878
[Client 3, Round 51] Progress: 11% (34/286) - Loss: 0.1155
[Client 3, Round 51] Progress: 12% (36/286) - Loss: 0.1658
[Client 3, Round 51] Progress: 13% (38/286) - Loss: 0.0651
[Client 3, Round 51] Progress: 13% (40/286) - Loss: 0.1218
[Client 3, Round 51] Progress: 14% (42/286) - Loss: 0.0984
[Client 3, Round 51] Progress: 15% (44/286) - Loss: 0.1675
[Client 3, Round 51] Progress: 16% (46/286) - Loss: 0.1308
[Client 3, Round 51] Progress: 16% (48/286) - Loss: 0.2714
[Client 3, Round 51] Progress: 17% (50/286) - Loss: 0.1390
[Client 3, Round 51] Progress: 18% (52/286) - Loss: 0.2991
[Client 3, Round 51] Progress: 18% (54/286) - Loss: 0.1250
[Client 3, Round 51] Progress: 19% (56/286) - Loss: 0.5832
[Client 3, Round 51] Progress: 20% (58/286) - Loss: 0.2260
[Client 3, Round 51] Progress: 20% (60/286) - Loss: 0.1008
[Client 3, Round 51] Progress: 21% (62/286) - Loss: 0.5590
[Client 3, Round 51] Progress: 22% (64/286) - Loss: 0.1300
[Client 3, Round 51] Progress: 23% (66/286) - Loss: 0.2007
[Client 3, Round 51] Progress: 23% (68/286) - Loss: 0.1320
[Client 3, Round 51] Progress: 24% (70/286) - Loss: 0.1138
[Client 3, Round 51] Progress: 25% (72/286) - Loss: 0.0801
[Client 3, Round 51] Progress: 25% (74/286) - Loss: 0.2139
[Client 3, Round 51] Progress: 26% (76/286) - Loss: 0.1262
[Client 3, Round 51] Progress: 27% (78/286) - Loss: 0.1219
[Client 3, Round 51] Progress: 27% (80/286) - Loss: 0.4920
[Client 3, Round 51] Progress: 28% (82/286) - Loss: 0.5583
[Client 3, Round 51] Progress: 29% (84/286) - Loss: 0.1373
[Client 3, Round 51] Progress: 30% (86/286) - Loss: 0.1162
[Client 3, Round 51] Progress: 30% (88/286) - Loss: 0.1715
[Client 3, Round 51] Progress: 31% (90/286) - Loss: 0.1185
[Client 3, Round 51] Progress: 32% (92/286) - Loss: 0.1337
[Client 3, Round 51] Progress: 32% (94/286) - Loss: 0.3603
[Client 3, Round 51] Progress: 33% (96/286) - Loss: 0.0764
[Client 3, Round 51] Progress: 34% (98/286) - Loss: 0.4803
[Client 3, Round 51] Progress: 34% (100/286) - Loss: 0.3429
[Client 3, Round 51] Progress: 35% (102/286) - Loss: 0.3482
[Client 3, Round 51] Progress: 36% (104/286) - Loss: 0.0452
[Client 3, Round 51] Progress: 37% (106/286) - Loss: 0.1134
[Client 3, Round 51] Progress: 37% (108/286) - Loss: 0.1718
[Client 3, Round 51] Progress: 38% (110/286) - Loss: 0.4882
[Client 3, Round 51] Progress: 39% (112/286) - Loss: 0.2346
[Client 3, Round 51] Progress: 39% (114/286) - Loss: 0.1160
[Client 3, Round 51] Progress: 40% (116/286) - Loss: 0.1329
[Client 3, Round 51] Progress: 41% (118/286) - Loss: 0.1928
[Client 3, Round 51] Progress: 41% (120/286) - Loss: 0.1904
[Client 3, Round 51] Progress: 42% (122/286) - Loss: 0.0917
[Client 3, Round 51] Progress: 43% (124/286) - Loss: 0.0880
[Client 3, Round 51] Progress: 44% (126/286) - Loss: 0.3956
[Client 3, Round 51] Progress: 44% (128/286) - Loss: 0.3591
[Client 3, Round 51] Progress: 45% (130/286) - Loss: 0.1498
[Client 3, Round 51] Progress: 46% (132/286) - Loss: 0.1316
[Client 3, Round 51] Progress: 46% (134/286) - Loss: 0.1231
[Client 3, Round 51] Progress: 47% (136/286) - Loss: 0.4754
[Client 3, Round 51] Progress: 48% (138/286) - Loss: 0.1359
[Client 3, Round 51] Progress: 48% (140/286) - Loss: 0.0770
[Client 3, Round 51] Progress: 49% (142/286) - Loss: 0.1399
[Client 3, Round 51] Progress: 50% (144/286) - Loss: 0.0840
[Client 3, Round 51] Progress: 51% (146/286) - Loss: 0.0960
[Client 3, Round 51] Progress: 51% (148/286) - Loss: 0.1306
[Client 3, Round 51] Progress: 52% (150/286) - Loss: 0.1334
[Client 3, Round 51] Progress: 53% (152/286) - Loss: 0.1894
[Client 3, Round 51] Progress: 53% (154/286) - Loss: 0.1516
[Client 3, Round 51] Progress: 54% (156/286) - Loss: 0.4804
[Client 3, Round 51] Progress: 55% (158/286) - Loss: 0.0694
[Client 3, Round 51] Progress: 55% (160/286) - Loss: 0.1824
[Client 3, Round 51] Progress: 56% (162/286) - Loss: 0.1075
[Client 3, Round 51] Progress: 57% (164/286) - Loss: 0.0628
[Client 3, Round 51] Progress: 58% (166/286) - Loss: 0.0946
[Client 3, Round 51] Progress: 58% (168/286) - Loss: 0.4193
[Client 3, Round 51] Progress: 59% (170/286) - Loss: 0.2800
[Client 3, Round 51] Progress: 60% (172/286) - Loss: 0.2706
[Client 3, Round 51] Progress: 60% (174/286) - Loss: 0.0621
[Client 3, Round 51] Progress: 61% (176/286) - Loss: 0.1544
[Client 3, Round 51] Progress: 62% (178/286) - Loss: 0.6274
[Client 3, Round 51] Progress: 62% (180/286) - Loss: 0.1129
[Client 3, Round 51] Progress: 63% (182/286) - Loss: 0.1628
[Client 3, Round 51] Progress: 64% (184/286) - Loss: 0.1296
[Client 3, Round 51] Progress: 65% (186/286) - Loss: 0.1038
[Client 3, Round 51] Progress: 65% (188/286) - Loss: 0.2697
[Client 3, Round 51] Progress: 66% (190/286) - Loss: 0.3290
[Client 3, Round 51] Progress: 67% (192/286) - Loss: 0.1317
[Client 3, Round 51] Progress: 67% (194/286) - Loss: 0.0747
[Client 3, Round 51] Progress: 68% (196/286) - Loss: 0.1793
[Client 3, Round 51] Progress: 69% (198/286) - Loss: 0.1784
[Client 3, Round 51] Progress: 69% (200/286) - Loss: 0.0979
[Client 3, Round 51] Progress: 70% (202/286) - Loss: 0.1672
[Client 3, Round 51] Progress: 71% (204/286) - Loss: 0.0997
[Client 3, Round 51] Progress: 72% (206/286) - Loss: 0.1389
[Client 3, Round 51] Progress: 72% (208/286) - Loss: 0.0475
[Client 3, Round 51] Progress: 73% (210/286) - Loss: 0.1014
[Client 3, Round 51] Progress: 74% (212/286) - Loss: 0.2601
[Client 3, Round 51] Progress: 74% (214/286) - Loss: 0.1829
[Client 3, Round 51] Progress: 75% (216/286) - Loss: 0.0424
[Client 3, Round 51] Progress: 76% (218/286) - Loss: 0.1308
[Client 3, Round 51] Progress: 76% (220/286) - Loss: 0.1734
[Client 3, Round 51] Progress: 77% (222/286) - Loss: 0.1189
[Client 3, Round 51] Progress: 78% (224/286) - Loss: 0.3357
[Client 3, Round 51] Progress: 79% (226/286) - Loss: 0.1121
[Client 3, Round 51] Progress: 79% (228/286) - Loss: 0.1196
[Client 3, Round 51] Progress: 80% (230/286) - Loss: 0.7477
[Client 3, Round 51] Progress: 81% (232/286) - Loss: 0.2721
[Client 3, Round 51] Progress: 81% (234/286) - Loss: 0.0723
[Client 3, Round 51] Progress: 82% (236/286) - Loss: 0.2606
[Client 3, Round 51] Progress: 83% (238/286) - Loss: 0.3671
[Client 3, Round 51] Progress: 83% (240/286) - Loss: 0.4361
[Client 3, Round 51] Progress: 84% (242/286) - Loss: 0.5390
[Client 3, Round 51] Progress: 85% (244/286) - Loss: 0.1349
[Client 3, Round 51] Progress: 86% (246/286) - Loss: 0.8843
[Client 3, Round 51] Progress: 86% (248/286) - Loss: 0.4539
[Client 3, Round 51] Progress: 87% (250/286) - Loss: 0.1480
[Client 3, Round 51] Progress: 88% (252/286) - Loss: 0.1382
[Client 3, Round 51] Progress: 88% (254/286) - Loss: 0.1614
[Client 3, Round 51] Progress: 89% (256/286) - Loss: 0.1855
[Client 3, Round 51] Progress: 90% (258/286) - Loss: 0.1009
[Client 3, Round 51] Progress: 90% (260/286) - Loss: 0.1333
[Client 3, Round 51] Progress: 91% (262/286) - Loss: 0.2059
[Client 3, Round 51] Progress: 92% (264/286) - Loss: 0.2652
[Client 3, Round 51] Progress: 93% (266/286) - Loss: 0.1235
[Client 3, Round 51] Progress: 93% (268/286) - Loss: 0.2467
[Client 3, Round 51] Progress: 94% (270/286) - Loss: 0.2225
[Client 3, Round 51] Progress: 95% (272/286) - Loss: 0.1712
[Client 3, Round 51] Progress: 95% (274/286) - Loss: 0.2080
[Client 3, Round 51] Progress: 96% (276/286) - Loss: 0.1025
[Client 3, Round 51] Progress: 97% (278/286) - Loss: 0.1714
[Client 3, Round 51] Progress: 97% (280/286) - Loss: 0.4669
[Client 3, Round 51] Progress: 98% (282/286) - Loss: 0.1910
[Client 3, Round 51] Progress: 99% (284/286) - Loss: 0.1801
[Client 3, Round 51] Progress: 100% (286/286) - Loss: 0.1229
[Client 3, Round 51] Train Loss: 0.1990
[Client 3, Round 51] Val Loss: 0.1664 | Val Dice: 0.8511
[Client 3, Round 52] Progress: 0% (2/286) - Loss: 0.1122
[Client 3, Round 52] Progress: 1% (4/286) - Loss: 0.1004
[Client 3, Round 52] Progress: 2% (6/286) - Loss: 0.0596
[Client 3, Round 52] Progress: 2% (8/286) - Loss: 0.5562
[Client 3, Round 52] Progress: 3% (10/286) - Loss: 0.0654
[Client 3, Round 52] Progress: 4% (12/286) - Loss: 0.1520
[Client 3, Round 52] Progress: 4% (14/286) - Loss: 0.3996
[Client 3, Round 52] Progress: 5% (16/286) - Loss: 0.4128
[Client 3, Round 52] Progress: 6% (18/286) - Loss: 0.1097
[Client 3, Round 52] Progress: 6% (20/286) - Loss: 0.1508
[Client 3, Round 52] Progress: 7% (22/286) - Loss: 0.0897
[Client 3, Round 52] Progress: 8% (24/286) - Loss: 0.1229
[Client 3, Round 52] Progress: 9% (26/286) - Loss: 0.4662
[Client 3, Round 52] Progress: 9% (28/286) - Loss: 0.1069
[Client 3, Round 52] Progress: 10% (30/286) - Loss: 0.0941
[Client 3, Round 52] Progress: 11% (32/286) - Loss: 0.1400
[Client 3, Round 52] Progress: 11% (34/286) - Loss: 0.1568
[Client 3, Round 52] Progress: 12% (36/286) - Loss: 0.1105
[Client 3, Round 52] Progress: 13% (38/286) - Loss: 0.0772
[Client 3, Round 52] Progress: 13% (40/286) - Loss: 0.1590
[Client 3, Round 52] Progress: 14% (42/286) - Loss: 0.1029
[Client 3, Round 52] Progress: 15% (44/286) - Loss: 0.5046
[Client 3, Round 52] Progress: 16% (46/286) - Loss: 0.4570
[Client 3, Round 52] Progress: 16% (48/286) - Loss: 0.0826
[Client 3, Round 52] Progress: 17% (50/286) - Loss: 0.1505
[Client 3, Round 52] Progress: 18% (52/286) - Loss: 0.1970
[Client 3, Round 52] Progress: 18% (54/286) - Loss: 0.4564
[Client 3, Round 52] Progress: 19% (56/286) - Loss: 0.1949
[Client 3, Round 52] Progress: 20% (58/286) - Loss: 0.2617
[Client 3, Round 52] Progress: 20% (60/286) - Loss: 0.2111
[Client 3, Round 52] Progress: 21% (62/286) - Loss: 0.0809
[Client 3, Round 52] Progress: 22% (64/286) - Loss: 0.1462
[Client 3, Round 52] Progress: 23% (66/286) - Loss: 0.1106
[Client 3, Round 52] Progress: 23% (68/286) - Loss: 0.0865
[Client 3, Round 52] Progress: 24% (70/286) - Loss: 0.1559
[Client 3, Round 52] Progress: 25% (72/286) - Loss: 0.5862
[Client 3, Round 52] Progress: 25% (74/286) - Loss: 0.2325
[Client 3, Round 52] Progress: 26% (76/286) - Loss: 0.3594
[Client 3, Round 52] Progress: 27% (78/286) - Loss: 0.1279
[Client 3, Round 52] Progress: 27% (80/286) - Loss: 0.4506
[Client 3, Round 52] Progress: 28% (82/286) - Loss: 0.1787
[Client 3, Round 52] Progress: 29% (84/286) - Loss: 0.1860
[Client 3, Round 52] Progress: 30% (86/286) - Loss: 0.0629
[Client 3, Round 52] Progress: 30% (88/286) - Loss: 0.0839
[Client 3, Round 52] Progress: 31% (90/286) - Loss: 0.4902
[Client 3, Round 52] Progress: 32% (92/286) - Loss: 0.0999
[Client 3, Round 52] Progress: 32% (94/286) - Loss: 0.1171
[Client 3, Round 52] Progress: 33% (96/286) - Loss: 0.0485
[Client 3, Round 52] Progress: 34% (98/286) - Loss: 0.2005
[Client 3, Round 52] Progress: 34% (100/286) - Loss: 0.0804
[Client 3, Round 52] Progress: 35% (102/286) - Loss: 0.4368
[Client 3, Round 52] Progress: 36% (104/286) - Loss: 0.1206
[Client 3, Round 52] Progress: 37% (106/286) - Loss: 0.0763
[Client 3, Round 52] Progress: 37% (108/286) - Loss: 0.1146
[Client 3, Round 52] Progress: 38% (110/286) - Loss: 0.1574
[Client 3, Round 52] Progress: 39% (112/286) - Loss: 0.1776
[Client 3, Round 52] Progress: 39% (114/286) - Loss: 0.1189
[Client 3, Round 52] Progress: 40% (116/286) - Loss: 0.1721
[Client 3, Round 52] Progress: 41% (118/286) - Loss: 0.1334
[Client 3, Round 52] Progress: 41% (120/286) - Loss: 0.6949
[Client 3, Round 52] Progress: 42% (122/286) - Loss: 0.0898
[Client 3, Round 52] Progress: 43% (124/286) - Loss: 0.0739
[Client 3, Round 52] Progress: 44% (126/286) - Loss: 0.4585
[Client 3, Round 52] Progress: 44% (128/286) - Loss: 0.1409
[Client 3, Round 52] Progress: 45% (130/286) - Loss: 0.7646
[Client 3, Round 52] Progress: 46% (132/286) - Loss: 0.1724
[Client 3, Round 52] Progress: 46% (134/286) - Loss: 0.0913
[Client 3, Round 52] Progress: 47% (136/286) - Loss: 0.2433
[Client 3, Round 52] Progress: 48% (138/286) - Loss: 0.1095
[Client 3, Round 52] Progress: 48% (140/286) - Loss: 0.1167
[Client 3, Round 52] Progress: 49% (142/286) - Loss: 0.1044
[Client 3, Round 52] Progress: 50% (144/286) - Loss: 0.0607
[Client 3, Round 52] Progress: 51% (146/286) - Loss: 0.1786
[Client 3, Round 52] Progress: 51% (148/286) - Loss: 0.4332
[Client 3, Round 52] Progress: 52% (150/286) - Loss: 0.0936
[Client 3, Round 52] Progress: 53% (152/286) - Loss: 0.3633
[Client 3, Round 52] Progress: 53% (154/286) - Loss: 0.3147
[Client 3, Round 52] Progress: 54% (156/286) - Loss: 0.0734
[Client 3, Round 52] Progress: 55% (158/286) - Loss: 0.1868
[Client 3, Round 52] Progress: 55% (160/286) - Loss: 0.0652
[Client 3, Round 52] Progress: 56% (162/286) - Loss: 0.6003
[Client 3, Round 52] Progress: 57% (164/286) - Loss: 0.4656
[Client 3, Round 52] Progress: 58% (166/286) - Loss: 0.0688
[Client 3, Round 52] Progress: 58% (168/286) - Loss: 0.1670
[Client 3, Round 52] Progress: 59% (170/286) - Loss: 0.0831
[Client 3, Round 52] Progress: 60% (172/286) - Loss: 0.1289
[Client 3, Round 52] Progress: 60% (174/286) - Loss: 0.1159
[Client 3, Round 52] Progress: 61% (176/286) - Loss: 0.0736
[Client 3, Round 52] Progress: 62% (178/286) - Loss: 0.3431
[Client 3, Round 52] Progress: 62% (180/286) - Loss: 0.0607
[Client 3, Round 52] Progress: 63% (182/286) - Loss: 0.0972
[Client 3, Round 52] Progress: 64% (184/286) - Loss: 0.3672
[Client 3, Round 52] Progress: 65% (186/286) - Loss: 0.0955
[Client 3, Round 52] Progress: 65% (188/286) - Loss: 0.0932
[Client 3, Round 52] Progress: 66% (190/286) - Loss: 0.0727
[Client 3, Round 52] Progress: 67% (192/286) - Loss: 0.1008
[Client 3, Round 52] Progress: 67% (194/286) - Loss: 0.1753
[Client 3, Round 52] Progress: 68% (196/286) - Loss: 0.1059
[Client 3, Round 52] Progress: 69% (198/286) - Loss: 0.1894
[Client 3, Round 52] Progress: 69% (200/286) - Loss: 0.4304
[Client 3, Round 52] Progress: 70% (202/286) - Loss: 0.1321
[Client 3, Round 52] Progress: 71% (204/286) - Loss: 0.0860
[Client 3, Round 52] Progress: 72% (206/286) - Loss: 0.1314
[Client 3, Round 52] Progress: 72% (208/286) - Loss: 0.0898
[Client 3, Round 52] Progress: 73% (210/286) - Loss: 0.1570
[Client 3, Round 52] Progress: 74% (212/286) - Loss: 0.6382
[Client 3, Round 52] Progress: 74% (214/286) - Loss: 0.3891
[Client 3, Round 52] Progress: 75% (216/286) - Loss: 0.1254
[Client 3, Round 52] Progress: 76% (218/286) - Loss: 0.1605
[Client 3, Round 52] Progress: 76% (220/286) - Loss: 0.1897
[Client 3, Round 52] Progress: 77% (222/286) - Loss: 0.2316
[Client 3, Round 52] Progress: 78% (224/286) - Loss: 0.3502
[Client 3, Round 52] Progress: 79% (226/286) - Loss: 0.1449
[Client 3, Round 52] Progress: 79% (228/286) - Loss: 0.1569
[Client 3, Round 52] Progress: 80% (230/286) - Loss: 0.0713
[Client 3, Round 52] Progress: 81% (232/286) - Loss: 0.1309
[Client 3, Round 52] Progress: 81% (234/286) - Loss: 0.4291
[Client 3, Round 52] Progress: 82% (236/286) - Loss: 0.1139
[Client 3, Round 52] Progress: 83% (238/286) - Loss: 0.1384
[Client 3, Round 52] Progress: 83% (240/286) - Loss: 0.1006
[Client 3, Round 52] Progress: 84% (242/286) - Loss: 0.4490
[Client 3, Round 52] Progress: 85% (244/286) - Loss: 0.0947
[Client 3, Round 52] Progress: 86% (246/286) - Loss: 0.3340
[Client 3, Round 52] Progress: 86% (248/286) - Loss: 0.1154
[Client 3, Round 52] Progress: 87% (250/286) - Loss: 0.2665
[Client 3, Round 52] Progress: 88% (252/286) - Loss: 0.2003
[Client 3, Round 52] Progress: 88% (254/286) - Loss: 0.1194
[Client 3, Round 52] Progress: 89% (256/286) - Loss: 0.1292
[Client 3, Round 52] Progress: 90% (258/286) - Loss: 0.1362
[Client 3, Round 52] Progress: 90% (260/286) - Loss: 0.1744
[Client 3, Round 52] Progress: 91% (262/286) - Loss: 0.2959
[Client 3, Round 52] Progress: 92% (264/286) - Loss: 0.1934
[Client 3, Round 52] Progress: 93% (266/286) - Loss: 0.2076
[Client 3, Round 52] Progress: 93% (268/286) - Loss: 0.1713
[Client 3, Round 52] Progress: 94% (270/286) - Loss: 0.1872
[Client 3, Round 52] Progress: 95% (272/286) - Loss: 0.3436
[Client 3, Round 52] Progress: 95% (274/286) - Loss: 0.3088
[Client 3, Round 52] Progress: 96% (276/286) - Loss: 0.4022
[Client 3, Round 52] Progress: 97% (278/286) - Loss: 0.0992
[Client 3, Round 52] Progress: 97% (280/286) - Loss: 0.1055
[Client 3, Round 52] Progress: 98% (282/286) - Loss: 0.1195
[Client 3, Round 52] Progress: 99% (284/286) - Loss: 0.0799
[Client 3, Round 52] Progress: 100% (286/286) - Loss: 0.2206
[Client 3, Round 52] Train Loss: 0.1951
[Client 3, Round 52] Val Loss: 0.1723 | Val Dice: 0.8430
[Client 3, Round 53] Progress: 0% (2/286) - Loss: 0.7554
[Client 3, Round 53] Progress: 1% (4/286) - Loss: 0.1698
[Client 3, Round 53] Progress: 2% (6/286) - Loss: 0.2302
[Client 3, Round 53] Progress: 2% (8/286) - Loss: 0.1364
[Client 3, Round 53] Progress: 3% (10/286) - Loss: 0.1822
[Client 3, Round 53] Progress: 4% (12/286) - Loss: 0.2106
[Client 3, Round 53] Progress: 4% (14/286) - Loss: 0.2012
[Client 3, Round 53] Progress: 5% (16/286) - Loss: 0.2017
[Client 3, Round 53] Progress: 6% (18/286) - Loss: 0.1109
[Client 3, Round 53] Progress: 6% (20/286) - Loss: 0.0486
[Client 3, Round 53] Progress: 7% (22/286) - Loss: 0.1354
[Client 3, Round 53] Progress: 8% (24/286) - Loss: 0.0699
[Client 3, Round 53] Progress: 9% (26/286) - Loss: 0.0845
[Client 3, Round 53] Progress: 9% (28/286) - Loss: 0.0850
[Client 3, Round 53] Progress: 10% (30/286) - Loss: 0.1801
[Client 3, Round 53] Progress: 11% (32/286) - Loss: 0.0617
[Client 3, Round 53] Progress: 11% (34/286) - Loss: 0.2407
[Client 3, Round 53] Progress: 12% (36/286) - Loss: 0.4819
[Client 3, Round 53] Progress: 13% (38/286) - Loss: 0.2315
[Client 3, Round 53] Progress: 13% (40/286) - Loss: 0.0826
[Client 3, Round 53] Progress: 14% (42/286) - Loss: 0.4634
[Client 3, Round 53] Progress: 15% (44/286) - Loss: 0.0952
[Client 3, Round 53] Progress: 16% (46/286) - Loss: 0.0974
[Client 3, Round 53] Progress: 16% (48/286) - Loss: 0.2267
[Client 3, Round 53] Progress: 17% (50/286) - Loss: 0.2947
[Client 3, Round 53] Progress: 18% (52/286) - Loss: 0.0847
[Client 3, Round 53] Progress: 18% (54/286) - Loss: 0.1514
[Client 3, Round 53] Progress: 19% (56/286) - Loss: 0.2160
[Client 3, Round 53] Progress: 20% (58/286) - Loss: 0.3824
[Client 3, Round 53] Progress: 20% (60/286) - Loss: 0.0610
[Client 3, Round 53] Progress: 21% (62/286) - Loss: 0.2068
[Client 3, Round 53] Progress: 22% (64/286) - Loss: 0.0844
[Client 3, Round 53] Progress: 23% (66/286) - Loss: 0.1612
[Client 3, Round 53] Progress: 23% (68/286) - Loss: 0.0888
[Client 3, Round 53] Progress: 24% (70/286) - Loss: 0.1134
[Client 3, Round 53] Progress: 25% (72/286) - Loss: 0.0899
[Client 3, Round 53] Progress: 25% (74/286) - Loss: 0.1816
[Client 3, Round 53] Progress: 26% (76/286) - Loss: 0.0960
[Client 3, Round 53] Progress: 27% (78/286) - Loss: 0.1257
[Client 3, Round 53] Progress: 27% (80/286) - Loss: 0.1071
[Client 3, Round 53] Progress: 28% (82/286) - Loss: 0.1098
[Client 3, Round 53] Progress: 29% (84/286) - Loss: 0.0740
[Client 3, Round 53] Progress: 30% (86/286) - Loss: 0.1068
[Client 3, Round 53] Progress: 30% (88/286) - Loss: 0.1683
[Client 3, Round 53] Progress: 31% (90/286) - Loss: 0.0619
[Client 3, Round 53] Progress: 32% (92/286) - Loss: 0.1298
[Client 3, Round 53] Progress: 32% (94/286) - Loss: 0.2675
[Client 3, Round 53] Progress: 33% (96/286) - Loss: 0.2060
[Client 3, Round 53] Progress: 34% (98/286) - Loss: 0.0749
[Client 3, Round 53] Progress: 34% (100/286) - Loss: 0.2517
[Client 3, Round 53] Progress: 35% (102/286) - Loss: 0.4643
[Client 3, Round 53] Progress: 36% (104/286) - Loss: 0.0790
[Client 3, Round 53] Progress: 37% (106/286) - Loss: 0.1565
[Client 3, Round 53] Progress: 37% (108/286) - Loss: 0.1004
[Client 3, Round 53] Progress: 38% (110/286) - Loss: 0.1153
[Client 3, Round 53] Progress: 39% (112/286) - Loss: 0.0935
[Client 3, Round 53] Progress: 39% (114/286) - Loss: 0.5402
[Client 3, Round 53] Progress: 40% (116/286) - Loss: 0.1592
[Client 3, Round 53] Progress: 41% (118/286) - Loss: 0.0735
[Client 3, Round 53] Progress: 41% (120/286) - Loss: 0.0719
[Client 3, Round 53] Progress: 42% (122/286) - Loss: 0.1883
[Client 3, Round 53] Progress: 43% (124/286) - Loss: 0.5053
[Client 3, Round 53] Progress: 44% (126/286) - Loss: 0.1191
[Client 3, Round 53] Progress: 44% (128/286) - Loss: 0.1373
[Client 3, Round 53] Progress: 45% (130/286) - Loss: 0.1246
[Client 3, Round 53] Progress: 46% (132/286) - Loss: 0.1347
[Client 3, Round 53] Progress: 46% (134/286) - Loss: 0.1363
[Client 3, Round 53] Progress: 47% (136/286) - Loss: 0.1154
[Client 3, Round 53] Progress: 48% (138/286) - Loss: 0.5062
[Client 3, Round 53] Progress: 48% (140/286) - Loss: 0.0804
[Client 3, Round 53] Progress: 49% (142/286) - Loss: 0.1815
[Client 3, Round 53] Progress: 50% (144/286) - Loss: 0.1493
[Client 3, Round 53] Progress: 51% (146/286) - Loss: 0.1351
[Client 3, Round 53] Progress: 51% (148/286) - Loss: 0.1332
[Client 3, Round 53] Progress: 52% (150/286) - Loss: 0.6777
[Client 3, Round 53] Progress: 53% (152/286) - Loss: 0.1182
[Client 3, Round 53] Progress: 53% (154/286) - Loss: 0.4710
[Client 3, Round 53] Progress: 54% (156/286) - Loss: 0.4552
[Client 3, Round 53] Progress: 55% (158/286) - Loss: 0.1150
[Client 3, Round 53] Progress: 55% (160/286) - Loss: 0.0927
[Client 3, Round 53] Progress: 56% (162/286) - Loss: 0.1120
[Client 3, Round 53] Progress: 57% (164/286) - Loss: 0.1315
[Client 3, Round 53] Progress: 58% (166/286) - Loss: 0.1030
[Client 3, Round 53] Progress: 58% (168/286) - Loss: 0.1644
[Client 3, Round 53] Progress: 59% (170/286) - Loss: 0.2557
[Client 3, Round 53] Progress: 60% (172/286) - Loss: 0.1137
[Client 3, Round 53] Progress: 60% (174/286) - Loss: 0.2698
[Client 3, Round 53] Progress: 61% (176/286) - Loss: 0.1663
[Client 3, Round 53] Progress: 62% (178/286) - Loss: 0.5177
[Client 3, Round 53] Progress: 62% (180/286) - Loss: 0.1212
[Client 3, Round 53] Progress: 63% (182/286) - Loss: 0.4915
[Client 3, Round 53] Progress: 64% (184/286) - Loss: 0.1171
[Client 3, Round 53] Progress: 65% (186/286) - Loss: 0.5575
[Client 3, Round 53] Progress: 65% (188/286) - Loss: 0.1117
[Client 3, Round 53] Progress: 66% (190/286) - Loss: 0.4102
[Client 3, Round 53] Progress: 67% (192/286) - Loss: 0.1555
[Client 3, Round 53] Progress: 67% (194/286) - Loss: 0.2075
[Client 3, Round 53] Progress: 68% (196/286) - Loss: 0.1516
[Client 3, Round 53] Progress: 69% (198/286) - Loss: 0.2745
[Client 3, Round 53] Progress: 69% (200/286) - Loss: 0.2103
[Client 3, Round 53] Progress: 70% (202/286) - Loss: 0.0671
[Client 3, Round 53] Progress: 71% (204/286) - Loss: 0.1484
[Client 3, Round 53] Progress: 72% (206/286) - Loss: 0.1047
[Client 3, Round 53] Progress: 72% (208/286) - Loss: 0.2780
[Client 3, Round 53] Progress: 73% (210/286) - Loss: 0.1179
[Client 3, Round 53] Progress: 74% (212/286) - Loss: 0.0752
[Client 3, Round 53] Progress: 74% (214/286) - Loss: 0.1628
[Client 3, Round 53] Progress: 75% (216/286) - Loss: 0.1822
[Client 3, Round 53] Progress: 76% (218/286) - Loss: 0.2890
[Client 3, Round 53] Progress: 76% (220/286) - Loss: 0.4271
[Client 3, Round 53] Progress: 77% (222/286) - Loss: 0.2275
[Client 3, Round 53] Progress: 78% (224/286) - Loss: 0.4790
[Client 3, Round 53] Progress: 79% (226/286) - Loss: 0.0962
[Client 3, Round 53] Progress: 79% (228/286) - Loss: 0.4281
[Client 3, Round 53] Progress: 80% (230/286) - Loss: 0.1555
[Client 3, Round 53] Progress: 81% (232/286) - Loss: 0.1243
[Client 3, Round 53] Progress: 81% (234/286) - Loss: 0.0825
[Client 3, Round 53] Progress: 82% (236/286) - Loss: 0.2025
[Client 3, Round 53] Progress: 83% (238/286) - Loss: 0.0971
[Client 3, Round 53] Progress: 83% (240/286) - Loss: 0.1082
[Client 3, Round 53] Progress: 84% (242/286) - Loss: 0.0973
[Client 3, Round 53] Progress: 85% (244/286) - Loss: 0.3597
[Client 3, Round 53] Progress: 86% (246/286) - Loss: 0.6254
[Client 3, Round 53] Progress: 86% (248/286) - Loss: 0.1297
[Client 3, Round 53] Progress: 87% (250/286) - Loss: 0.0441
[Client 3, Round 53] Progress: 88% (252/286) - Loss: 0.1606
[Client 3, Round 53] Progress: 88% (254/286) - Loss: 0.1062
[Client 3, Round 53] Progress: 89% (256/286) - Loss: 0.2037
[Client 3, Round 53] Progress: 90% (258/286) - Loss: 0.0490
[Client 3, Round 53] Progress: 90% (260/286) - Loss: 0.0712
[Client 3, Round 53] Progress: 91% (262/286) - Loss: 0.0687
[Client 3, Round 53] Progress: 92% (264/286) - Loss: 0.2773
[Client 3, Round 53] Progress: 93% (266/286) - Loss: 0.1682
[Client 3, Round 53] Progress: 93% (268/286) - Loss: 0.1862
[Client 3, Round 53] Progress: 94% (270/286) - Loss: 0.0757
[Client 3, Round 53] Progress: 95% (272/286) - Loss: 0.1943
[Client 3, Round 53] Progress: 95% (274/286) - Loss: 0.0728
[Client 3, Round 53] Progress: 96% (276/286) - Loss: 0.5360
[Client 3, Round 53] Progress: 97% (278/286) - Loss: 0.3863
[Client 3, Round 53] Progress: 97% (280/286) - Loss: 0.0586
[Client 3, Round 53] Progress: 98% (282/286) - Loss: 0.1228
[Client 3, Round 53] Progress: 99% (284/286) - Loss: 0.2711
[Client 3, Round 53] Progress: 100% (286/286) - Loss: 0.0939
[Client 3, Round 53] Train Loss: 0.2047
[Client 3, Round 53] Val Loss: 0.1697 | Val Dice: 0.8463
[Client 3, Round 54] Progress: 0% (2/286) - Loss: 0.0941
[Client 3, Round 54] Progress: 1% (4/286) - Loss: 0.1004
[Client 3, Round 54] Progress: 2% (6/286) - Loss: 0.0727
[Client 3, Round 54] Progress: 2% (8/286) - Loss: 0.0933
[Client 3, Round 54] Progress: 3% (10/286) - Loss: 0.1451
[Client 3, Round 54] Progress: 4% (12/286) - Loss: 0.3779
[Client 3, Round 54] Progress: 4% (14/286) - Loss: 0.5663
[Client 3, Round 54] Progress: 5% (16/286) - Loss: 0.5465
[Client 3, Round 54] Progress: 6% (18/286) - Loss: 0.1866
[Client 3, Round 54] Progress: 6% (20/286) - Loss: 0.1343
[Client 3, Round 54] Progress: 7% (22/286) - Loss: 0.1397
[Client 3, Round 54] Progress: 8% (24/286) - Loss: 0.0907
[Client 3, Round 54] Progress: 9% (26/286) - Loss: 0.1319
[Client 3, Round 54] Progress: 9% (28/286) - Loss: 0.2030
[Client 3, Round 54] Progress: 10% (30/286) - Loss: 0.1030
[Client 3, Round 54] Progress: 11% (32/286) - Loss: 0.7422
[Client 3, Round 54] Progress: 11% (34/286) - Loss: 0.0673
[Client 3, Round 54] Progress: 12% (36/286) - Loss: 0.5041
[Client 3, Round 54] Progress: 13% (38/286) - Loss: 0.0436
[Client 3, Round 54] Progress: 13% (40/286) - Loss: 0.1553
[Client 3, Round 54] Progress: 14% (42/286) - Loss: 0.1009
[Client 3, Round 54] Progress: 15% (44/286) - Loss: 0.0849
[Client 3, Round 54] Progress: 16% (46/286) - Loss: 0.1477
[Client 3, Round 54] Progress: 16% (48/286) - Loss: 0.0749
[Client 3, Round 54] Progress: 17% (50/286) - Loss: 0.0764
[Client 3, Round 54] Progress: 18% (52/286) - Loss: 0.0970
[Client 3, Round 54] Progress: 18% (54/286) - Loss: 0.1290
[Client 3, Round 54] Progress: 19% (56/286) - Loss: 0.0618
[Client 3, Round 54] Progress: 20% (58/286) - Loss: 0.1533
[Client 3, Round 54] Progress: 20% (60/286) - Loss: 0.1729
[Client 3, Round 54] Progress: 21% (62/286) - Loss: 0.1529
[Client 3, Round 54] Progress: 22% (64/286) - Loss: 0.2044
[Client 3, Round 54] Progress: 23% (66/286) - Loss: 0.1163
[Client 3, Round 54] Progress: 23% (68/286) - Loss: 0.0540
[Client 3, Round 54] Progress: 24% (70/286) - Loss: 0.1443
[Client 3, Round 54] Progress: 25% (72/286) - Loss: 0.2579
[Client 3, Round 54] Progress: 25% (74/286) - Loss: 0.1419
[Client 3, Round 54] Progress: 26% (76/286) - Loss: 0.1959
[Client 3, Round 54] Progress: 27% (78/286) - Loss: 0.1251
[Client 3, Round 54] Progress: 27% (80/286) - Loss: 0.0913
[Client 3, Round 54] Progress: 28% (82/286) - Loss: 0.1047
[Client 3, Round 54] Progress: 29% (84/286) - Loss: 0.1870
[Client 3, Round 54] Progress: 30% (86/286) - Loss: 0.1964
[Client 3, Round 54] Progress: 30% (88/286) - Loss: 0.4577
[Client 3, Round 54] Progress: 31% (90/286) - Loss: 0.0825
[Client 3, Round 54] Progress: 32% (92/286) - Loss: 0.0944
[Client 3, Round 54] Progress: 32% (94/286) - Loss: 0.3668
[Client 3, Round 54] Progress: 33% (96/286) - Loss: 0.1440
[Client 3, Round 54] Progress: 34% (98/286) - Loss: 0.3031
[Client 3, Round 54] Progress: 34% (100/286) - Loss: 0.3539
[Client 3, Round 54] Progress: 35% (102/286) - Loss: 0.1096
[Client 3, Round 54] Progress: 36% (104/286) - Loss: 0.3222
[Client 3, Round 54] Progress: 37% (106/286) - Loss: 0.1665
[Client 3, Round 54] Progress: 37% (108/286) - Loss: 0.2065
[Client 3, Round 54] Progress: 38% (110/286) - Loss: 0.2159
[Client 3, Round 54] Progress: 39% (112/286) - Loss: 0.1090
[Client 3, Round 54] Progress: 39% (114/286) - Loss: 0.2039
[Client 3, Round 54] Progress: 40% (116/286) - Loss: 0.4852
[Client 3, Round 54] Progress: 41% (118/286) - Loss: 0.7515
[Client 3, Round 54] Progress: 41% (120/286) - Loss: 0.1330
[Client 3, Round 54] Progress: 42% (122/286) - Loss: 0.2951
[Client 3, Round 54] Progress: 43% (124/286) - Loss: 0.1234
[Client 3, Round 54] Progress: 44% (126/286) - Loss: 0.0964
[Client 3, Round 54] Progress: 44% (128/286) - Loss: 0.3367
[Client 3, Round 54] Progress: 45% (130/286) - Loss: 0.0785
[Client 3, Round 54] Progress: 46% (132/286) - Loss: 0.1253
[Client 3, Round 54] Progress: 46% (134/286) - Loss: 0.0793
[Client 3, Round 54] Progress: 47% (136/286) - Loss: 0.1171
[Client 3, Round 54] Progress: 48% (138/286) - Loss: 0.1634
[Client 3, Round 54] Progress: 48% (140/286) - Loss: 0.4604
[Client 3, Round 54] Progress: 49% (142/286) - Loss: 0.1159
[Client 3, Round 54] Progress: 50% (144/286) - Loss: 0.1221
[Client 3, Round 54] Progress: 51% (146/286) - Loss: 0.0590
[Client 3, Round 54] Progress: 51% (148/286) - Loss: 0.1562
[Client 3, Round 54] Progress: 52% (150/286) - Loss: 0.0801
[Client 3, Round 54] Progress: 53% (152/286) - Loss: 0.2539
[Client 3, Round 54] Progress: 53% (154/286) - Loss: 0.0993
[Client 3, Round 54] Progress: 54% (156/286) - Loss: 0.1091
[Client 3, Round 54] Progress: 55% (158/286) - Loss: 0.0908
[Client 3, Round 54] Progress: 55% (160/286) - Loss: 0.6756
[Client 3, Round 54] Progress: 56% (162/286) - Loss: 0.5581
[Client 3, Round 54] Progress: 57% (164/286) - Loss: 0.2932
[Client 3, Round 54] Progress: 58% (166/286) - Loss: 0.5942
[Client 3, Round 54] Progress: 58% (168/286) - Loss: 0.3537
[Client 3, Round 54] Progress: 59% (170/286) - Loss: 0.4517
[Client 3, Round 54] Progress: 60% (172/286) - Loss: 0.4925
[Client 3, Round 54] Progress: 60% (174/286) - Loss: 0.1753
[Client 3, Round 54] Progress: 61% (176/286) - Loss: 0.2293
[Client 3, Round 54] Progress: 62% (178/286) - Loss: 0.0937
[Client 3, Round 54] Progress: 62% (180/286) - Loss: 0.0302
[Client 3, Round 54] Progress: 63% (182/286) - Loss: 0.1236
[Client 3, Round 54] Progress: 64% (184/286) - Loss: 0.4410
[Client 3, Round 54] Progress: 65% (186/286) - Loss: 0.2402
[Client 3, Round 54] Progress: 65% (188/286) - Loss: 0.1074
[Client 3, Round 54] Progress: 66% (190/286) - Loss: 0.1504
[Client 3, Round 54] Progress: 67% (192/286) - Loss: 0.0542
[Client 3, Round 54] Progress: 67% (194/286) - Loss: 0.2783
[Client 3, Round 54] Progress: 68% (196/286) - Loss: 0.1425
[Client 3, Round 54] Progress: 69% (198/286) - Loss: 0.1741
[Client 3, Round 54] Progress: 69% (200/286) - Loss: 0.2175
[Client 3, Round 54] Progress: 70% (202/286) - Loss: 0.5178
[Client 3, Round 54] Progress: 71% (204/286) - Loss: 0.1370
[Client 3, Round 54] Progress: 72% (206/286) - Loss: 0.2729
[Client 3, Round 54] Progress: 72% (208/286) - Loss: 0.3915
[Client 3, Round 54] Progress: 73% (210/286) - Loss: 0.0682
[Client 3, Round 54] Progress: 74% (212/286) - Loss: 0.0773
[Client 3, Round 54] Progress: 74% (214/286) - Loss: 0.1884
[Client 3, Round 54] Progress: 75% (216/286) - Loss: 0.0912
[Client 3, Round 54] Progress: 76% (218/286) - Loss: 0.0957
[Client 3, Round 54] Progress: 76% (220/286) - Loss: 0.0920
[Client 3, Round 54] Progress: 77% (222/286) - Loss: 0.1554
[Client 3, Round 54] Progress: 78% (224/286) - Loss: 0.2108
[Client 3, Round 54] Progress: 79% (226/286) - Loss: 0.1742
[Client 3, Round 54] Progress: 79% (228/286) - Loss: 0.2251
[Client 3, Round 54] Progress: 80% (230/286) - Loss: 0.2770
[Client 3, Round 54] Progress: 81% (232/286) - Loss: 0.2170
[Client 3, Round 54] Progress: 81% (234/286) - Loss: 0.2610
[Client 3, Round 54] Progress: 82% (236/286) - Loss: 0.0691
[Client 3, Round 54] Progress: 83% (238/286) - Loss: 0.0870
[Client 3, Round 54] Progress: 83% (240/286) - Loss: 0.2556
[Client 3, Round 54] Progress: 84% (242/286) - Loss: 0.1181
[Client 3, Round 54] Progress: 85% (244/286) - Loss: 0.1324
[Client 3, Round 54] Progress: 86% (246/286) - Loss: 0.1217
[Client 3, Round 54] Progress: 86% (248/286) - Loss: 0.4028
[Client 3, Round 54] Progress: 87% (250/286) - Loss: 0.4315
[Client 3, Round 54] Progress: 88% (252/286) - Loss: 0.1577
[Client 3, Round 54] Progress: 88% (254/286) - Loss: 0.4748
[Client 3, Round 54] Progress: 89% (256/286) - Loss: 0.4281
[Client 3, Round 54] Progress: 90% (258/286) - Loss: 0.2689
[Client 3, Round 54] Progress: 90% (260/286) - Loss: 0.1309
[Client 3, Round 54] Progress: 91% (262/286) - Loss: 0.1584
[Client 3, Round 54] Progress: 92% (264/286) - Loss: 0.2117
[Client 3, Round 54] Progress: 93% (266/286) - Loss: 0.0950
[Client 3, Round 54] Progress: 93% (268/286) - Loss: 0.0927
[Client 3, Round 54] Progress: 94% (270/286) - Loss: 0.1072
[Client 3, Round 54] Progress: 95% (272/286) - Loss: 0.1080
[Client 3, Round 54] Progress: 95% (274/286) - Loss: 0.4106
[Client 3, Round 54] Progress: 96% (276/286) - Loss: 0.2687
[Client 3, Round 54] Progress: 97% (278/286) - Loss: 0.1693
[Client 3, Round 54] Progress: 97% (280/286) - Loss: 0.1335
[Client 3, Round 54] Progress: 98% (282/286) - Loss: 0.1023
[Client 3, Round 54] Progress: 99% (284/286) - Loss: 0.1596
[Client 3, Round 54] Progress: 100% (286/286) - Loss: 0.4414
[Client 3, Round 54] Train Loss: 0.2011
[Client 3, Round 54] Val Loss: 0.1697 | Val Dice: 0.8476
[Client 3, Round 55] Progress: 0% (2/286) - Loss: 0.5258
[Client 3, Round 55] Progress: 1% (4/286) - Loss: 0.1340
[Client 3, Round 55] Progress: 2% (6/286) - Loss: 0.1447
[Client 3, Round 55] Progress: 2% (8/286) - Loss: 0.1210
[Client 3, Round 55] Progress: 3% (10/286) - Loss: 0.1802
[Client 3, Round 55] Progress: 4% (12/286) - Loss: 0.2076
[Client 3, Round 55] Progress: 4% (14/286) - Loss: 0.1152
[Client 3, Round 55] Progress: 5% (16/286) - Loss: 0.1406
[Client 3, Round 55] Progress: 6% (18/286) - Loss: 0.0762
[Client 3, Round 55] Progress: 6% (20/286) - Loss: 0.2170
[Client 3, Round 55] Progress: 7% (22/286) - Loss: 0.1352
[Client 3, Round 55] Progress: 8% (24/286) - Loss: 0.4798
[Client 3, Round 55] Progress: 9% (26/286) - Loss: 0.1133
[Client 3, Round 55] Progress: 9% (28/286) - Loss: 0.0886
[Client 3, Round 55] Progress: 10% (30/286) - Loss: 0.6548
[Client 3, Round 55] Progress: 11% (32/286) - Loss: 0.0672
[Client 3, Round 55] Progress: 11% (34/286) - Loss: 0.5647
[Client 3, Round 55] Progress: 12% (36/286) - Loss: 0.4798
[Client 3, Round 55] Progress: 13% (38/286) - Loss: 0.5192
[Client 3, Round 55] Progress: 13% (40/286) - Loss: 0.1063
[Client 3, Round 55] Progress: 14% (42/286) - Loss: 0.2759
[Client 3, Round 55] Progress: 15% (44/286) - Loss: 0.0784
[Client 3, Round 55] Progress: 16% (46/286) - Loss: 0.0922
[Client 3, Round 55] Progress: 16% (48/286) - Loss: 0.2190
[Client 3, Round 55] Progress: 17% (50/286) - Loss: 0.2535
[Client 3, Round 55] Progress: 18% (52/286) - Loss: 0.1132
[Client 3, Round 55] Progress: 18% (54/286) - Loss: 0.2438
[Client 3, Round 55] Progress: 19% (56/286) - Loss: 0.1810
[Client 3, Round 55] Progress: 20% (58/286) - Loss: 0.0590
[Client 3, Round 55] Progress: 20% (60/286) - Loss: 0.3676
[Client 3, Round 55] Progress: 21% (62/286) - Loss: 0.0580
[Client 3, Round 55] Progress: 22% (64/286) - Loss: 0.1646
[Client 3, Round 55] Progress: 23% (66/286) - Loss: 0.1980
[Client 3, Round 55] Progress: 23% (68/286) - Loss: 0.1112
[Client 3, Round 55] Progress: 24% (70/286) - Loss: 0.1609
[Client 3, Round 55] Progress: 25% (72/286) - Loss: 0.0676
[Client 3, Round 55] Progress: 25% (74/286) - Loss: 0.0555
[Client 3, Round 55] Progress: 26% (76/286) - Loss: 0.4836
[Client 3, Round 55] Progress: 27% (78/286) - Loss: 0.1797
[Client 3, Round 55] Progress: 27% (80/286) - Loss: 0.2949
[Client 3, Round 55] Progress: 28% (82/286) - Loss: 0.2327
[Client 3, Round 55] Progress: 29% (84/286) - Loss: 0.1228
[Client 3, Round 55] Progress: 30% (86/286) - Loss: 0.2025
[Client 3, Round 55] Progress: 30% (88/286) - Loss: 0.2050
[Client 3, Round 55] Progress: 31% (90/286) - Loss: 0.1286
[Client 3, Round 55] Progress: 32% (92/286) - Loss: 0.0797
[Client 3, Round 55] Progress: 32% (94/286) - Loss: 0.1949
[Client 3, Round 55] Progress: 33% (96/286) - Loss: 0.1172
[Client 3, Round 55] Progress: 34% (98/286) - Loss: 0.4297
[Client 3, Round 55] Progress: 34% (100/286) - Loss: 0.3843
[Client 3, Round 55] Progress: 35% (102/286) - Loss: 0.1060
[Client 3, Round 55] Progress: 36% (104/286) - Loss: 0.3219
[Client 3, Round 55] Progress: 37% (106/286) - Loss: 0.2186
[Client 3, Round 55] Progress: 37% (108/286) - Loss: 0.1816
[Client 3, Round 55] Progress: 38% (110/286) - Loss: 0.1475
[Client 3, Round 55] Progress: 39% (112/286) - Loss: 0.2347
[Client 3, Round 55] Progress: 39% (114/286) - Loss: 0.0428
[Client 3, Round 55] Progress: 40% (116/286) - Loss: 0.1722
[Client 3, Round 55] Progress: 41% (118/286) - Loss: 0.3641
[Client 3, Round 55] Progress: 41% (120/286) - Loss: 0.4270
[Client 3, Round 55] Progress: 42% (122/286) - Loss: 0.0949
[Client 3, Round 55] Progress: 43% (124/286) - Loss: 0.2005
[Client 3, Round 55] Progress: 44% (126/286) - Loss: 0.1028
[Client 3, Round 55] Progress: 44% (128/286) - Loss: 0.4144
[Client 3, Round 55] Progress: 45% (130/286) - Loss: 0.1933
[Client 3, Round 55] Progress: 46% (132/286) - Loss: 0.0962
[Client 3, Round 55] Progress: 46% (134/286) - Loss: 0.1736
[Client 3, Round 55] Progress: 47% (136/286) - Loss: 0.1509
[Client 3, Round 55] Progress: 48% (138/286) - Loss: 0.1413
[Client 3, Round 55] Progress: 48% (140/286) - Loss: 0.0748
[Client 3, Round 55] Progress: 49% (142/286) - Loss: 0.0724
[Client 3, Round 55] Progress: 50% (144/286) - Loss: 0.1118
[Client 3, Round 55] Progress: 51% (146/286) - Loss: 0.1933
[Client 3, Round 55] Progress: 51% (148/286) - Loss: 0.1210
[Client 3, Round 55] Progress: 52% (150/286) - Loss: 0.2428
[Client 3, Round 55] Progress: 53% (152/286) - Loss: 0.0942
[Client 3, Round 55] Progress: 53% (154/286) - Loss: 0.3530
[Client 3, Round 55] Progress: 54% (156/286) - Loss: 0.3788
[Client 3, Round 55] Progress: 55% (158/286) - Loss: 0.1692
[Client 3, Round 55] Progress: 55% (160/286) - Loss: 0.0913
[Client 3, Round 55] Progress: 56% (162/286) - Loss: 0.1495
[Client 3, Round 55] Progress: 57% (164/286) - Loss: 0.1013
[Client 3, Round 55] Progress: 58% (166/286) - Loss: 0.1209
[Client 3, Round 55] Progress: 58% (168/286) - Loss: 0.1774
[Client 3, Round 55] Progress: 59% (170/286) - Loss: 0.1568
[Client 3, Round 55] Progress: 60% (172/286) - Loss: 0.1778
[Client 3, Round 55] Progress: 60% (174/286) - Loss: 0.0509
[Client 3, Round 55] Progress: 61% (176/286) - Loss: 0.2543
[Client 3, Round 55] Progress: 62% (178/286) - Loss: 0.1625
[Client 3, Round 55] Progress: 62% (180/286) - Loss: 0.1239
[Client 3, Round 55] Progress: 63% (182/286) - Loss: 0.1003
[Client 3, Round 55] Progress: 64% (184/286) - Loss: 0.1641
[Client 3, Round 55] Progress: 65% (186/286) - Loss: 0.1301
[Client 3, Round 55] Progress: 65% (188/286) - Loss: 0.1153
[Client 3, Round 55] Progress: 66% (190/286) - Loss: 0.1953
[Client 3, Round 55] Progress: 67% (192/286) - Loss: 0.1335
[Client 3, Round 55] Progress: 67% (194/286) - Loss: 0.1214
[Client 3, Round 55] Progress: 68% (196/286) - Loss: 0.1460
[Client 3, Round 55] Progress: 69% (198/286) - Loss: 0.1032
[Client 3, Round 55] Progress: 69% (200/286) - Loss: 0.1051
[Client 3, Round 55] Progress: 70% (202/286) - Loss: 0.6593
[Client 3, Round 55] Progress: 71% (204/286) - Loss: 0.4059
[Client 3, Round 55] Progress: 72% (206/286) - Loss: 0.0869
[Client 3, Round 55] Progress: 72% (208/286) - Loss: 0.1427
[Client 3, Round 55] Progress: 73% (210/286) - Loss: 0.1714
[Client 3, Round 55] Progress: 74% (212/286) - Loss: 0.0488
[Client 3, Round 55] Progress: 74% (214/286) - Loss: 0.0923
[Client 3, Round 55] Progress: 75% (216/286) - Loss: 0.1465
[Client 3, Round 55] Progress: 76% (218/286) - Loss: 0.1195
[Client 3, Round 55] Progress: 76% (220/286) - Loss: 0.0772
[Client 3, Round 55] Progress: 77% (222/286) - Loss: 0.4619
[Client 3, Round 55] Progress: 78% (224/286) - Loss: 0.4116
[Client 3, Round 55] Progress: 79% (226/286) - Loss: 0.6552
[Client 3, Round 55] Progress: 79% (228/286) - Loss: 0.1116
[Client 3, Round 55] Progress: 80% (230/286) - Loss: 0.1064
[Client 3, Round 55] Progress: 81% (232/286) - Loss: 0.1628
[Client 3, Round 55] Progress: 81% (234/286) - Loss: 0.1186
[Client 3, Round 55] Progress: 82% (236/286) - Loss: 0.3297
[Client 3, Round 55] Progress: 83% (238/286) - Loss: 0.4176
[Client 3, Round 55] Progress: 83% (240/286) - Loss: 0.1105
[Client 3, Round 55] Progress: 84% (242/286) - Loss: 0.0860
[Client 3, Round 55] Progress: 85% (244/286) - Loss: 0.4015
[Client 3, Round 55] Progress: 86% (246/286) - Loss: 0.1822
[Client 3, Round 55] Progress: 86% (248/286) - Loss: 0.0425
[Client 3, Round 55] Progress: 87% (250/286) - Loss: 0.1268
[Client 3, Round 55] Progress: 88% (252/286) - Loss: 0.1296
[Client 3, Round 55] Progress: 88% (254/286) - Loss: 0.1481
[Client 3, Round 55] Progress: 89% (256/286) - Loss: 0.2310
[Client 3, Round 55] Progress: 90% (258/286) - Loss: 0.2448
[Client 3, Round 55] Progress: 90% (260/286) - Loss: 0.0981
[Client 3, Round 55] Progress: 91% (262/286) - Loss: 0.1621
[Client 3, Round 55] Progress: 92% (264/286) - Loss: 0.0494
[Client 3, Round 55] Progress: 93% (266/286) - Loss: 0.2158
[Client 3, Round 55] Progress: 93% (268/286) - Loss: 0.4434
[Client 3, Round 55] Progress: 94% (270/286) - Loss: 0.1069
[Client 3, Round 55] Progress: 95% (272/286) - Loss: 0.4091
[Client 3, Round 55] Progress: 95% (274/286) - Loss: 0.0981
[Client 3, Round 55] Progress: 96% (276/286) - Loss: 0.0506
[Client 3, Round 55] Progress: 97% (278/286) - Loss: 0.1139
[Client 3, Round 55] Progress: 97% (280/286) - Loss: 0.1115
[Client 3, Round 55] Progress: 98% (282/286) - Loss: 0.2324
[Client 3, Round 55] Progress: 99% (284/286) - Loss: 0.4337
[Client 3, Round 55] Progress: 100% (286/286) - Loss: 0.0682
[Client 3, Round 55] Train Loss: 0.1972
[Client 3, Round 55] Val Loss: 0.1716 | Val Dice: 0.8455
[Client 3, Round 56] Progress: 0% (2/286) - Loss: 0.4734
[Client 3, Round 56] Progress: 1% (4/286) - Loss: 0.0691
[Client 3, Round 56] Progress: 2% (6/286) - Loss: 0.3267
[Client 3, Round 56] Progress: 2% (8/286) - Loss: 0.2855
[Client 3, Round 56] Progress: 3% (10/286) - Loss: 0.0887
[Client 3, Round 56] Progress: 4% (12/286) - Loss: 0.0697
[Client 3, Round 56] Progress: 4% (14/286) - Loss: 0.5124
[Client 3, Round 56] Progress: 5% (16/286) - Loss: 0.1825
[Client 3, Round 56] Progress: 6% (18/286) - Loss: 0.1071
[Client 3, Round 56] Progress: 6% (20/286) - Loss: 0.7683
[Client 3, Round 56] Progress: 7% (22/286) - Loss: 0.0985
[Client 3, Round 56] Progress: 8% (24/286) - Loss: 0.1184
[Client 3, Round 56] Progress: 9% (26/286) - Loss: 0.0777
[Client 3, Round 56] Progress: 9% (28/286) - Loss: 0.4202
[Client 3, Round 56] Progress: 10% (30/286) - Loss: 0.6987
[Client 3, Round 56] Progress: 11% (32/286) - Loss: 0.4502
[Client 3, Round 56] Progress: 11% (34/286) - Loss: 0.0653
[Client 3, Round 56] Progress: 12% (36/286) - Loss: 0.1648
[Client 3, Round 56] Progress: 13% (38/286) - Loss: 0.1889
[Client 3, Round 56] Progress: 13% (40/286) - Loss: 0.1615
[Client 3, Round 56] Progress: 14% (42/286) - Loss: 0.0702
[Client 3, Round 56] Progress: 15% (44/286) - Loss: 0.2134
[Client 3, Round 56] Progress: 16% (46/286) - Loss: 0.0534
[Client 3, Round 56] Progress: 16% (48/286) - Loss: 0.1202
[Client 3, Round 56] Progress: 17% (50/286) - Loss: 0.3021
[Client 3, Round 56] Progress: 18% (52/286) - Loss: 0.1188
[Client 3, Round 56] Progress: 18% (54/286) - Loss: 0.1104
[Client 3, Round 56] Progress: 19% (56/286) - Loss: 0.0911
[Client 3, Round 56] Progress: 20% (58/286) - Loss: 0.1830
[Client 3, Round 56] Progress: 20% (60/286) - Loss: 0.1018
[Client 3, Round 56] Progress: 21% (62/286) - Loss: 0.0640
[Client 3, Round 56] Progress: 22% (64/286) - Loss: 0.1046
[Client 3, Round 56] Progress: 23% (66/286) - Loss: 0.1624
[Client 3, Round 56] Progress: 23% (68/286) - Loss: 0.0936
[Client 3, Round 56] Progress: 24% (70/286) - Loss: 0.1111
[Client 3, Round 56] Progress: 25% (72/286) - Loss: 0.3509
[Client 3, Round 56] Progress: 25% (74/286) - Loss: 0.1709
[Client 3, Round 56] Progress: 26% (76/286) - Loss: 0.1875
[Client 3, Round 56] Progress: 27% (78/286) - Loss: 0.3275
[Client 3, Round 56] Progress: 27% (80/286) - Loss: 0.1405
[Client 3, Round 56] Progress: 28% (82/286) - Loss: 0.1666
[Client 3, Round 56] Progress: 29% (84/286) - Loss: 0.2086
[Client 3, Round 56] Progress: 30% (86/286) - Loss: 0.1209
[Client 3, Round 56] Progress: 30% (88/286) - Loss: 0.2060
[Client 3, Round 56] Progress: 31% (90/286) - Loss: 0.0729
[Client 3, Round 56] Progress: 32% (92/286) - Loss: 0.1907
[Client 3, Round 56] Progress: 32% (94/286) - Loss: 0.1602
[Client 3, Round 56] Progress: 33% (96/286) - Loss: 0.2440
[Client 3, Round 56] Progress: 34% (98/286) - Loss: 0.0646
[Client 3, Round 56] Progress: 34% (100/286) - Loss: 0.1036
[Client 3, Round 56] Progress: 35% (102/286) - Loss: 0.1035
[Client 3, Round 56] Progress: 36% (104/286) - Loss: 0.1694
[Client 3, Round 56] Progress: 37% (106/286) - Loss: 0.1998
[Client 3, Round 56] Progress: 37% (108/286) - Loss: 0.1066
[Client 3, Round 56] Progress: 38% (110/286) - Loss: 0.0781
[Client 3, Round 56] Progress: 39% (112/286) - Loss: 0.1705
[Client 3, Round 56] Progress: 39% (114/286) - Loss: 0.1070
[Client 3, Round 56] Progress: 40% (116/286) - Loss: 0.5171
[Client 3, Round 56] Progress: 41% (118/286) - Loss: 0.0911
[Client 3, Round 56] Progress: 41% (120/286) - Loss: 0.1561
[Client 3, Round 56] Progress: 42% (122/286) - Loss: 0.1147
[Client 3, Round 56] Progress: 43% (124/286) - Loss: 0.4305
[Client 3, Round 56] Progress: 44% (126/286) - Loss: 0.5204
[Client 3, Round 56] Progress: 44% (128/286) - Loss: 0.0761
[Client 3, Round 56] Progress: 45% (130/286) - Loss: 0.2159
[Client 3, Round 56] Progress: 46% (132/286) - Loss: 0.3101
[Client 3, Round 56] Progress: 46% (134/286) - Loss: 0.1023
[Client 3, Round 56] Progress: 47% (136/286) - Loss: 0.3596
[Client 3, Round 56] Progress: 48% (138/286) - Loss: 0.1140
[Client 3, Round 56] Progress: 48% (140/286) - Loss: 0.2044
[Client 3, Round 56] Progress: 49% (142/286) - Loss: 0.2629
[Client 3, Round 56] Progress: 50% (144/286) - Loss: 0.0985
[Client 3, Round 56] Progress: 51% (146/286) - Loss: 0.1140
[Client 3, Round 56] Progress: 51% (148/286) - Loss: 0.1021
[Client 3, Round 56] Progress: 52% (150/286) - Loss: 0.0611
[Client 3, Round 56] Progress: 53% (152/286) - Loss: 0.1054
[Client 3, Round 56] Progress: 53% (154/286) - Loss: 0.4410
[Client 3, Round 56] Progress: 54% (156/286) - Loss: 0.1026
[Client 3, Round 56] Progress: 55% (158/286) - Loss: 0.4744
[Client 3, Round 56] Progress: 55% (160/286) - Loss: 0.1648
[Client 3, Round 56] Progress: 56% (162/286) - Loss: 0.0741
[Client 3, Round 56] Progress: 57% (164/286) - Loss: 0.1829
[Client 3, Round 56] Progress: 58% (166/286) - Loss: 0.1764
[Client 3, Round 56] Progress: 58% (168/286) - Loss: 0.4702
[Client 3, Round 56] Progress: 59% (170/286) - Loss: 0.0815
[Client 3, Round 56] Progress: 60% (172/286) - Loss: 0.1636
[Client 3, Round 56] Progress: 60% (174/286) - Loss: 0.1296
[Client 3, Round 56] Progress: 61% (176/286) - Loss: 0.5577
[Client 3, Round 56] Progress: 62% (178/286) - Loss: 0.0946
[Client 3, Round 56] Progress: 62% (180/286) - Loss: 0.1243
[Client 3, Round 56] Progress: 63% (182/286) - Loss: 0.1359
[Client 3, Round 56] Progress: 64% (184/286) - Loss: 0.2296
[Client 3, Round 56] Progress: 65% (186/286) - Loss: 0.1053
[Client 3, Round 56] Progress: 65% (188/286) - Loss: 0.1143
[Client 3, Round 56] Progress: 66% (190/286) - Loss: 0.1399
[Client 3, Round 56] Progress: 67% (192/286) - Loss: 0.1213
[Client 3, Round 56] Progress: 67% (194/286) - Loss: 0.1282
[Client 3, Round 56] Progress: 68% (196/286) - Loss: 0.1010
[Client 3, Round 56] Progress: 69% (198/286) - Loss: 0.1029
[Client 3, Round 56] Progress: 69% (200/286) - Loss: 0.3725
[Client 3, Round 56] Progress: 70% (202/286) - Loss: 0.6793
[Client 3, Round 56] Progress: 71% (204/286) - Loss: 0.1871
[Client 3, Round 56] Progress: 72% (206/286) - Loss: 0.6157
[Client 3, Round 56] Progress: 72% (208/286) - Loss: 0.0945
[Client 3, Round 56] Progress: 73% (210/286) - Loss: 0.2779
[Client 3, Round 56] Progress: 74% (212/286) - Loss: 0.0920
[Client 3, Round 56] Progress: 74% (214/286) - Loss: 0.1499
[Client 3, Round 56] Progress: 75% (216/286) - Loss: 0.0867
[Client 3, Round 56] Progress: 76% (218/286) - Loss: 0.2341
[Client 3, Round 56] Progress: 76% (220/286) - Loss: 0.5501
[Client 3, Round 56] Progress: 77% (222/286) - Loss: 0.0583
[Client 3, Round 56] Progress: 78% (224/286) - Loss: 0.3193
[Client 3, Round 56] Progress: 79% (226/286) - Loss: 0.1263
[Client 3, Round 56] Progress: 79% (228/286) - Loss: 0.1887
[Client 3, Round 56] Progress: 80% (230/286) - Loss: 0.4944
[Client 3, Round 56] Progress: 81% (232/286) - Loss: 0.4270
[Client 3, Round 56] Progress: 81% (234/286) - Loss: 0.0728
[Client 3, Round 56] Progress: 82% (236/286) - Loss: 0.2163
[Client 3, Round 56] Progress: 83% (238/286) - Loss: 0.1072
[Client 3, Round 56] Progress: 83% (240/286) - Loss: 0.1337
[Client 3, Round 56] Progress: 84% (242/286) - Loss: 0.2341
[Client 3, Round 56] Progress: 85% (244/286) - Loss: 0.1478
[Client 3, Round 56] Progress: 86% (246/286) - Loss: 0.1127
[Client 3, Round 56] Progress: 86% (248/286) - Loss: 0.0969
[Client 3, Round 56] Progress: 87% (250/286) - Loss: 0.0564
[Client 3, Round 56] Progress: 88% (252/286) - Loss: 0.0551
[Client 3, Round 56] Progress: 88% (254/286) - Loss: 0.1258
[Client 3, Round 56] Progress: 89% (256/286) - Loss: 0.4579
[Client 3, Round 56] Progress: 90% (258/286) - Loss: 0.5114
[Client 3, Round 56] Progress: 90% (260/286) - Loss: 0.1091
[Client 3, Round 56] Progress: 91% (262/286) - Loss: 0.1545
[Client 3, Round 56] Progress: 92% (264/286) - Loss: 0.1228
[Client 3, Round 56] Progress: 93% (266/286) - Loss: 0.0782
[Client 3, Round 56] Progress: 93% (268/286) - Loss: 0.0814
[Client 3, Round 56] Progress: 94% (270/286) - Loss: 0.1903
[Client 3, Round 56] Progress: 95% (272/286) - Loss: 0.0955
[Client 3, Round 56] Progress: 95% (274/286) - Loss: 0.1257
[Client 3, Round 56] Progress: 96% (276/286) - Loss: 0.0896
[Client 3, Round 56] Progress: 97% (278/286) - Loss: 0.0968
[Client 3, Round 56] Progress: 97% (280/286) - Loss: 0.2352
[Client 3, Round 56] Progress: 98% (282/286) - Loss: 0.6275
[Client 3, Round 56] Progress: 99% (284/286) - Loss: 0.1574
[Client 3, Round 56] Progress: 100% (286/286) - Loss: 0.3887
[Client 3, Round 56] Train Loss: 0.1988
[Client 3, Round 56] Val Loss: 0.1753 | Val Dice: 0.8399
[Client 3, Round 57] Progress: 0% (2/286) - Loss: 0.2633
[Client 3, Round 57] Progress: 1% (4/286) - Loss: 0.0858
[Client 3, Round 57] Progress: 2% (6/286) - Loss: 0.5795
[Client 3, Round 57] Progress: 2% (8/286) - Loss: 0.0526
[Client 3, Round 57] Progress: 3% (10/286) - Loss: 0.1244
[Client 3, Round 57] Progress: 4% (12/286) - Loss: 0.3263
[Client 3, Round 57] Progress: 4% (14/286) - Loss: 0.6290
[Client 3, Round 57] Progress: 5% (16/286) - Loss: 0.1655
[Client 3, Round 57] Progress: 6% (18/286) - Loss: 0.1579
[Client 3, Round 57] Progress: 6% (20/286) - Loss: 0.1186
[Client 3, Round 57] Progress: 7% (22/286) - Loss: 0.2686
[Client 3, Round 57] Progress: 8% (24/286) - Loss: 0.0949
[Client 3, Round 57] Progress: 9% (26/286) - Loss: 0.6726
[Client 3, Round 57] Progress: 9% (28/286) - Loss: 0.1065
[Client 3, Round 57] Progress: 10% (30/286) - Loss: 0.2199
[Client 3, Round 57] Progress: 11% (32/286) - Loss: 0.1657
[Client 3, Round 57] Progress: 11% (34/286) - Loss: 0.6495
[Client 3, Round 57] Progress: 12% (36/286) - Loss: 0.2890
[Client 3, Round 57] Progress: 13% (38/286) - Loss: 0.2139
[Client 3, Round 57] Progress: 13% (40/286) - Loss: 0.2196
[Client 3, Round 57] Progress: 14% (42/286) - Loss: 0.2916
[Client 3, Round 57] Progress: 15% (44/286) - Loss: 0.0787
[Client 3, Round 57] Progress: 16% (46/286) - Loss: 0.1084
[Client 3, Round 57] Progress: 16% (48/286) - Loss: 0.4582
[Client 3, Round 57] Progress: 17% (50/286) - Loss: 0.0913
[Client 3, Round 57] Progress: 18% (52/286) - Loss: 0.3196
[Client 3, Round 57] Progress: 18% (54/286) - Loss: 0.4355
[Client 3, Round 57] Progress: 19% (56/286) - Loss: 0.1130
[Client 3, Round 57] Progress: 20% (58/286) - Loss: 0.4337
[Client 3, Round 57] Progress: 20% (60/286) - Loss: 0.1808
[Client 3, Round 57] Progress: 21% (62/286) - Loss: 0.1669
[Client 3, Round 57] Progress: 22% (64/286) - Loss: 0.1220
[Client 3, Round 57] Progress: 23% (66/286) - Loss: 0.0731
[Client 3, Round 57] Progress: 23% (68/286) - Loss: 0.1179
[Client 3, Round 57] Progress: 24% (70/286) - Loss: 0.1334
[Client 3, Round 57] Progress: 25% (72/286) - Loss: 0.0534
[Client 3, Round 57] Progress: 25% (74/286) - Loss: 0.1151
[Client 3, Round 57] Progress: 26% (76/286) - Loss: 0.4470
[Client 3, Round 57] Progress: 27% (78/286) - Loss: 0.1148
[Client 3, Round 57] Progress: 27% (80/286) - Loss: 0.1950
[Client 3, Round 57] Progress: 28% (82/286) - Loss: 0.1656
[Client 3, Round 57] Progress: 29% (84/286) - Loss: 0.1037
[Client 3, Round 57] Progress: 30% (86/286) - Loss: 0.0586
[Client 3, Round 57] Progress: 30% (88/286) - Loss: 0.4653
[Client 3, Round 57] Progress: 31% (90/286) - Loss: 0.1774
[Client 3, Round 57] Progress: 32% (92/286) - Loss: 0.0748
[Client 3, Round 57] Progress: 32% (94/286) - Loss: 0.2137
[Client 3, Round 57] Progress: 33% (96/286) - Loss: 0.1094
[Client 3, Round 57] Progress: 34% (98/286) - Loss: 0.1864
[Client 3, Round 57] Progress: 34% (100/286) - Loss: 0.0852
[Client 3, Round 57] Progress: 35% (102/286) - Loss: 0.3558
[Client 3, Round 57] Progress: 36% (104/286) - Loss: 0.1774
[Client 3, Round 57] Progress: 37% (106/286) - Loss: 0.1815
[Client 3, Round 57] Progress: 37% (108/286) - Loss: 0.0840
[Client 3, Round 57] Progress: 38% (110/286) - Loss: 0.1536
[Client 3, Round 57] Progress: 39% (112/286) - Loss: 0.1024
[Client 3, Round 57] Progress: 39% (114/286) - Loss: 0.2206
[Client 3, Round 57] Progress: 40% (116/286) - Loss: 0.1538
[Client 3, Round 57] Progress: 41% (118/286) - Loss: 0.1564
[Client 3, Round 57] Progress: 41% (120/286) - Loss: 0.1206
[Client 3, Round 57] Progress: 42% (122/286) - Loss: 0.2058
[Client 3, Round 57] Progress: 43% (124/286) - Loss: 0.1369
[Client 3, Round 57] Progress: 44% (126/286) - Loss: 0.1878
[Client 3, Round 57] Progress: 44% (128/286) - Loss: 0.1128
[Client 3, Round 57] Progress: 45% (130/286) - Loss: 0.0616
[Client 3, Round 57] Progress: 46% (132/286) - Loss: 0.0766
[Client 3, Round 57] Progress: 46% (134/286) - Loss: 0.1382
[Client 3, Round 57] Progress: 47% (136/286) - Loss: 0.1178
[Client 3, Round 57] Progress: 48% (138/286) - Loss: 0.1464
[Client 3, Round 57] Progress: 48% (140/286) - Loss: 0.0990
[Client 3, Round 57] Progress: 49% (142/286) - Loss: 0.1160
[Client 3, Round 57] Progress: 50% (144/286) - Loss: 0.1179
[Client 3, Round 57] Progress: 51% (146/286) - Loss: 0.1677
[Client 3, Round 57] Progress: 51% (148/286) - Loss: 0.5062
[Client 3, Round 57] Progress: 52% (150/286) - Loss: 0.1868
[Client 3, Round 57] Progress: 53% (152/286) - Loss: 0.0999
[Client 3, Round 57] Progress: 53% (154/286) - Loss: 0.1447
[Client 3, Round 57] Progress: 54% (156/286) - Loss: 0.2694
[Client 3, Round 57] Progress: 55% (158/286) - Loss: 0.1234
[Client 3, Round 57] Progress: 55% (160/286) - Loss: 0.6350
[Client 3, Round 57] Progress: 56% (162/286) - Loss: 0.4374
[Client 3, Round 57] Progress: 57% (164/286) - Loss: 0.1617
[Client 3, Round 57] Progress: 58% (166/286) - Loss: 0.0973
[Client 3, Round 57] Progress: 58% (168/286) - Loss: 0.0804
[Client 3, Round 57] Progress: 59% (170/286) - Loss: 0.1130
[Client 3, Round 57] Progress: 60% (172/286) - Loss: 0.1009
[Client 3, Round 57] Progress: 60% (174/286) - Loss: 0.5013
[Client 3, Round 57] Progress: 61% (176/286) - Loss: 0.1090
[Client 3, Round 57] Progress: 62% (178/286) - Loss: 0.1078
[Client 3, Round 57] Progress: 62% (180/286) - Loss: 0.3391
[Client 3, Round 57] Progress: 63% (182/286) - Loss: 0.0993
[Client 3, Round 57] Progress: 64% (184/286) - Loss: 0.1193
[Client 3, Round 57] Progress: 65% (186/286) - Loss: 0.0755
[Client 3, Round 57] Progress: 65% (188/286) - Loss: 0.1166
[Client 3, Round 57] Progress: 66% (190/286) - Loss: 0.0504
[Client 3, Round 57] Progress: 67% (192/286) - Loss: 0.2088
[Client 3, Round 57] Progress: 67% (194/286) - Loss: 0.1090
[Client 3, Round 57] Progress: 68% (196/286) - Loss: 0.0950
[Client 3, Round 57] Progress: 69% (198/286) - Loss: 0.5042
[Client 3, Round 57] Progress: 69% (200/286) - Loss: 0.1348
[Client 3, Round 57] Progress: 70% (202/286) - Loss: 0.1595
[Client 3, Round 57] Progress: 71% (204/286) - Loss: 0.0767
[Client 3, Round 57] Progress: 72% (206/286) - Loss: 0.2213
[Client 3, Round 57] Progress: 72% (208/286) - Loss: 0.0761
[Client 3, Round 57] Progress: 73% (210/286) - Loss: 0.1583
[Client 3, Round 57] Progress: 74% (212/286) - Loss: 0.1650
[Client 3, Round 57] Progress: 74% (214/286) - Loss: 0.0846
[Client 3, Round 57] Progress: 75% (216/286) - Loss: 0.0889
[Client 3, Round 57] Progress: 76% (218/286) - Loss: 0.1175
[Client 3, Round 57] Progress: 76% (220/286) - Loss: 0.1247
[Client 3, Round 57] Progress: 77% (222/286) - Loss: 0.3013
[Client 3, Round 57] Progress: 78% (224/286) - Loss: 0.4739
[Client 3, Round 57] Progress: 79% (226/286) - Loss: 0.0877
[Client 3, Round 57] Progress: 79% (228/286) - Loss: 0.2120
[Client 3, Round 57] Progress: 80% (230/286) - Loss: 0.1790
[Client 3, Round 57] Progress: 81% (232/286) - Loss: 0.1024
[Client 3, Round 57] Progress: 81% (234/286) - Loss: 0.0716
[Client 3, Round 57] Progress: 82% (236/286) - Loss: 0.0633
[Client 3, Round 57] Progress: 83% (238/286) - Loss: 0.1653
[Client 3, Round 57] Progress: 83% (240/286) - Loss: 0.0708
[Client 3, Round 57] Progress: 84% (242/286) - Loss: 0.5507
[Client 3, Round 57] Progress: 85% (244/286) - Loss: 0.3463
[Client 3, Round 57] Progress: 86% (246/286) - Loss: 0.1251
[Client 3, Round 57] Progress: 86% (248/286) - Loss: 0.1645
[Client 3, Round 57] Progress: 87% (250/286) - Loss: 0.4622
[Client 3, Round 57] Progress: 88% (252/286) - Loss: 0.3731
[Client 3, Round 57] Progress: 88% (254/286) - Loss: 0.0573
[Client 3, Round 57] Progress: 89% (256/286) - Loss: 0.1180
[Client 3, Round 57] Progress: 90% (258/286) - Loss: 0.1153
[Client 3, Round 57] Progress: 90% (260/286) - Loss: 0.4027
[Client 3, Round 57] Progress: 91% (262/286) - Loss: 0.1817
[Client 3, Round 57] Progress: 92% (264/286) - Loss: 0.7834
[Client 3, Round 57] Progress: 93% (266/286) - Loss: 0.1491
[Client 3, Round 57] Progress: 93% (268/286) - Loss: 0.1848
[Client 3, Round 57] Progress: 94% (270/286) - Loss: 0.2246
[Client 3, Round 57] Progress: 95% (272/286) - Loss: 0.1870
[Client 3, Round 57] Progress: 95% (274/286) - Loss: 0.4656
[Client 3, Round 57] Progress: 96% (276/286) - Loss: 0.4668
[Client 3, Round 57] Progress: 97% (278/286) - Loss: 0.0558
[Client 3, Round 57] Progress: 97% (280/286) - Loss: 0.0908
[Client 3, Round 57] Progress: 98% (282/286) - Loss: 0.2362
[Client 3, Round 57] Progress: 99% (284/286) - Loss: 0.5021
[Client 3, Round 57] Progress: 100% (286/286) - Loss: 0.0957
[Client 3, Round 57] Train Loss: 0.1969
[Client 3, Round 57] Val Loss: 0.1666 | Val Dice: 0.8499
[Client 3, Round 58] Progress: 0% (2/286) - Loss: 0.1451
[Client 3, Round 58] Progress: 1% (4/286) - Loss: 0.1612
[Client 3, Round 58] Progress: 2% (6/286) - Loss: 0.1825
[Client 3, Round 58] Progress: 2% (8/286) - Loss: 0.1691
[Client 3, Round 58] Progress: 3% (10/286) - Loss: 0.1202
[Client 3, Round 58] Progress: 4% (12/286) - Loss: 0.1696
[Client 3, Round 58] Progress: 4% (14/286) - Loss: 0.1349
[Client 3, Round 58] Progress: 5% (16/286) - Loss: 0.1223
[Client 3, Round 58] Progress: 6% (18/286) - Loss: 0.1788
[Client 3, Round 58] Progress: 6% (20/286) - Loss: 0.0796
[Client 3, Round 58] Progress: 7% (22/286) - Loss: 0.1445
[Client 3, Round 58] Progress: 8% (24/286) - Loss: 0.1124
[Client 3, Round 58] Progress: 9% (26/286) - Loss: 0.1009
[Client 3, Round 58] Progress: 9% (28/286) - Loss: 0.5088
[Client 3, Round 58] Progress: 10% (30/286) - Loss: 0.0932
[Client 3, Round 58] Progress: 11% (32/286) - Loss: 0.1072
[Client 3, Round 58] Progress: 11% (34/286) - Loss: 0.7056
[Client 3, Round 58] Progress: 12% (36/286) - Loss: 0.0879
[Client 3, Round 58] Progress: 13% (38/286) - Loss: 0.1648
[Client 3, Round 58] Progress: 13% (40/286) - Loss: 0.1832
[Client 3, Round 58] Progress: 14% (42/286) - Loss: 0.1890
[Client 3, Round 58] Progress: 15% (44/286) - Loss: 0.0997
[Client 3, Round 58] Progress: 16% (46/286) - Loss: 0.2430
[Client 3, Round 58] Progress: 16% (48/286) - Loss: 0.3012
[Client 3, Round 58] Progress: 17% (50/286) - Loss: 0.2139
[Client 3, Round 58] Progress: 18% (52/286) - Loss: 0.1265
[Client 3, Round 58] Progress: 18% (54/286) - Loss: 0.1073
[Client 3, Round 58] Progress: 19% (56/286) - Loss: 0.4447
[Client 3, Round 58] Progress: 20% (58/286) - Loss: 0.0980
[Client 3, Round 58] Progress: 20% (60/286) - Loss: 0.1637
[Client 3, Round 58] Progress: 21% (62/286) - Loss: 0.1322
[Client 3, Round 58] Progress: 22% (64/286) - Loss: 0.4416
[Client 3, Round 58] Progress: 23% (66/286) - Loss: 0.3440
[Client 3, Round 58] Progress: 23% (68/286) - Loss: 0.0494
[Client 3, Round 58] Progress: 24% (70/286) - Loss: 0.1208
[Client 3, Round 58] Progress: 25% (72/286) - Loss: 0.2359
[Client 3, Round 58] Progress: 25% (74/286) - Loss: 0.0685
[Client 3, Round 58] Progress: 26% (76/286) - Loss: 0.4914
[Client 3, Round 58] Progress: 27% (78/286) - Loss: 0.1074
[Client 3, Round 58] Progress: 27% (80/286) - Loss: 0.1271
[Client 3, Round 58] Progress: 28% (82/286) - Loss: 0.0996
[Client 3, Round 58] Progress: 29% (84/286) - Loss: 0.1124
[Client 3, Round 58] Progress: 30% (86/286) - Loss: 0.0944
[Client 3, Round 58] Progress: 30% (88/286) - Loss: 0.4718
[Client 3, Round 58] Progress: 31% (90/286) - Loss: 0.0461
[Client 3, Round 58] Progress: 32% (92/286) - Loss: 0.1618
[Client 3, Round 58] Progress: 32% (94/286) - Loss: 0.4688
[Client 3, Round 58] Progress: 33% (96/286) - Loss: 0.1479
[Client 3, Round 58] Progress: 34% (98/286) - Loss: 0.2017
[Client 3, Round 58] Progress: 34% (100/286) - Loss: 0.0937
[Client 3, Round 58] Progress: 35% (102/286) - Loss: 0.2085
[Client 3, Round 58] Progress: 36% (104/286) - Loss: 0.0985
[Client 3, Round 58] Progress: 37% (106/286) - Loss: 0.1180
[Client 3, Round 58] Progress: 37% (108/286) - Loss: 0.1155
[Client 3, Round 58] Progress: 38% (110/286) - Loss: 0.0620
[Client 3, Round 58] Progress: 39% (112/286) - Loss: 0.1399
[Client 3, Round 58] Progress: 39% (114/286) - Loss: 0.1326
[Client 3, Round 58] Progress: 40% (116/286) - Loss: 0.1308
[Client 3, Round 58] Progress: 41% (118/286) - Loss: 0.2439
[Client 3, Round 58] Progress: 41% (120/286) - Loss: 0.1625
[Client 3, Round 58] Progress: 42% (122/286) - Loss: 0.2064
[Client 3, Round 58] Progress: 43% (124/286) - Loss: 0.4187
[Client 3, Round 58] Progress: 44% (126/286) - Loss: 0.1643
[Client 3, Round 58] Progress: 44% (128/286) - Loss: 0.0871
[Client 3, Round 58] Progress: 45% (130/286) - Loss: 0.4812
[Client 3, Round 58] Progress: 46% (132/286) - Loss: 0.1072
[Client 3, Round 58] Progress: 46% (134/286) - Loss: 0.1598
[Client 3, Round 58] Progress: 47% (136/286) - Loss: 0.0780
[Client 3, Round 58] Progress: 48% (138/286) - Loss: 0.1419
[Client 3, Round 58] Progress: 48% (140/286) - Loss: 0.1344
[Client 3, Round 58] Progress: 49% (142/286) - Loss: 0.0730
[Client 3, Round 58] Progress: 50% (144/286) - Loss: 0.7537
[Client 3, Round 58] Progress: 51% (146/286) - Loss: 0.4107
[Client 3, Round 58] Progress: 51% (148/286) - Loss: 0.2624
[Client 3, Round 58] Progress: 52% (150/286) - Loss: 0.1171
[Client 3, Round 58] Progress: 53% (152/286) - Loss: 0.1684
[Client 3, Round 58] Progress: 53% (154/286) - Loss: 0.1953
[Client 3, Round 58] Progress: 54% (156/286) - Loss: 0.1228
[Client 3, Round 58] Progress: 55% (158/286) - Loss: 0.2041
[Client 3, Round 58] Progress: 55% (160/286) - Loss: 0.0931
[Client 3, Round 58] Progress: 56% (162/286) - Loss: 0.0743
[Client 3, Round 58] Progress: 57% (164/286) - Loss: 0.2806
[Client 3, Round 58] Progress: 58% (166/286) - Loss: 0.2222
[Client 3, Round 58] Progress: 58% (168/286) - Loss: 0.1839
[Client 3, Round 58] Progress: 59% (170/286) - Loss: 0.1563
[Client 3, Round 58] Progress: 60% (172/286) - Loss: 0.0933
[Client 3, Round 58] Progress: 60% (174/286) - Loss: 0.2118
[Client 3, Round 58] Progress: 61% (176/286) - Loss: 0.0566
[Client 3, Round 58] Progress: 62% (178/286) - Loss: 0.1221
[Client 3, Round 58] Progress: 62% (180/286) - Loss: 0.0782
[Client 3, Round 58] Progress: 63% (182/286) - Loss: 0.1813
[Client 3, Round 58] Progress: 64% (184/286) - Loss: 0.4051
[Client 3, Round 58] Progress: 65% (186/286) - Loss: 0.2524
[Client 3, Round 58] Progress: 65% (188/286) - Loss: 0.0992
[Client 3, Round 58] Progress: 66% (190/286) - Loss: 0.1121
[Client 3, Round 58] Progress: 67% (192/286) - Loss: 0.0851
[Client 3, Round 58] Progress: 67% (194/286) - Loss: 0.4613
[Client 3, Round 58] Progress: 68% (196/286) - Loss: 0.0868
[Client 3, Round 58] Progress: 69% (198/286) - Loss: 0.1352
[Client 3, Round 58] Progress: 69% (200/286) - Loss: 0.1556
[Client 3, Round 58] Progress: 70% (202/286) - Loss: 0.1593
[Client 3, Round 58] Progress: 71% (204/286) - Loss: 0.0643
[Client 3, Round 58] Progress: 72% (206/286) - Loss: 0.1465
[Client 3, Round 58] Progress: 72% (208/286) - Loss: 0.4703
[Client 3, Round 58] Progress: 73% (210/286) - Loss: 0.0449
[Client 3, Round 58] Progress: 74% (212/286) - Loss: 0.2776
[Client 3, Round 58] Progress: 74% (214/286) - Loss: 0.4669
[Client 3, Round 58] Progress: 75% (216/286) - Loss: 0.1567
[Client 3, Round 58] Progress: 76% (218/286) - Loss: 0.0866
[Client 3, Round 58] Progress: 76% (220/286) - Loss: 0.4926
[Client 3, Round 58] Progress: 77% (222/286) - Loss: 0.3265
[Client 3, Round 58] Progress: 78% (224/286) - Loss: 0.2396
[Client 3, Round 58] Progress: 79% (226/286) - Loss: 0.1618
[Client 3, Round 58] Progress: 79% (228/286) - Loss: 0.1735
[Client 3, Round 58] Progress: 80% (230/286) - Loss: 0.1509
[Client 3, Round 58] Progress: 81% (232/286) - Loss: 0.3206
[Client 3, Round 58] Progress: 81% (234/286) - Loss: 0.2418
[Client 3, Round 58] Progress: 82% (236/286) - Loss: 0.1184
[Client 3, Round 58] Progress: 83% (238/286) - Loss: 0.1476
[Client 3, Round 58] Progress: 83% (240/286) - Loss: 0.1975
[Client 3, Round 58] Progress: 84% (242/286) - Loss: 0.3767
[Client 3, Round 58] Progress: 85% (244/286) - Loss: 0.1528
[Client 3, Round 58] Progress: 86% (246/286) - Loss: 0.1092
[Client 3, Round 58] Progress: 86% (248/286) - Loss: 0.2394
[Client 3, Round 58] Progress: 87% (250/286) - Loss: 0.0654
[Client 3, Round 58] Progress: 88% (252/286) - Loss: 0.1633
[Client 3, Round 58] Progress: 88% (254/286) - Loss: 0.2149
[Client 3, Round 58] Progress: 89% (256/286) - Loss: 0.1248
[Client 3, Round 58] Progress: 90% (258/286) - Loss: 0.0729
[Client 3, Round 58] Progress: 90% (260/286) - Loss: 0.0400
[Client 3, Round 58] Progress: 91% (262/286) - Loss: 0.0976
[Client 3, Round 58] Progress: 92% (264/286) - Loss: 0.1421
[Client 3, Round 58] Progress: 93% (266/286) - Loss: 0.1230
[Client 3, Round 58] Progress: 93% (268/286) - Loss: 0.1520
[Client 3, Round 58] Progress: 94% (270/286) - Loss: 0.1239
[Client 3, Round 58] Progress: 95% (272/286) - Loss: 0.1006
[Client 3, Round 58] Progress: 95% (274/286) - Loss: 0.2472
[Client 3, Round 58] Progress: 96% (276/286) - Loss: 0.0883
[Client 3, Round 58] Progress: 97% (278/286) - Loss: 0.0836
[Client 3, Round 58] Progress: 97% (280/286) - Loss: 0.2207
[Client 3, Round 58] Progress: 98% (282/286) - Loss: 0.0769
[Client 3, Round 58] Progress: 99% (284/286) - Loss: 0.1382
[Client 3, Round 58] Progress: 100% (286/286) - Loss: 0.0758
[Client 3, Round 58] Train Loss: 0.1969
[Client 3, Round 58] Val Loss: 0.1652 | Val Dice: 0.8507
[Client 3, Round 59] Progress: 0% (2/286) - Loss: 0.2119
[Client 3, Round 59] Progress: 1% (4/286) - Loss: 0.2613
[Client 3, Round 59] Progress: 2% (6/286) - Loss: 0.0959
[Client 3, Round 59] Progress: 2% (8/286) - Loss: 0.1824
[Client 3, Round 59] Progress: 3% (10/286) - Loss: 0.0959
[Client 3, Round 59] Progress: 4% (12/286) - Loss: 0.1615
[Client 3, Round 59] Progress: 4% (14/286) - Loss: 0.0756
[Client 3, Round 59] Progress: 5% (16/286) - Loss: 0.1809
[Client 3, Round 59] Progress: 6% (18/286) - Loss: 0.1719
[Client 3, Round 59] Progress: 6% (20/286) - Loss: 0.1543
[Client 3, Round 59] Progress: 7% (22/286) - Loss: 0.1330
[Client 3, Round 59] Progress: 8% (24/286) - Loss: 0.1229
[Client 3, Round 59] Progress: 9% (26/286) - Loss: 0.2646
[Client 3, Round 59] Progress: 9% (28/286) - Loss: 0.1305
[Client 3, Round 59] Progress: 10% (30/286) - Loss: 0.1020
[Client 3, Round 59] Progress: 11% (32/286) - Loss: 0.4045
[Client 3, Round 59] Progress: 11% (34/286) - Loss: 0.5077
[Client 3, Round 59] Progress: 12% (36/286) - Loss: 0.1095
[Client 3, Round 59] Progress: 13% (38/286) - Loss: 0.4133
[Client 3, Round 59] Progress: 13% (40/286) - Loss: 0.1656
[Client 3, Round 59] Progress: 14% (42/286) - Loss: 0.0956
[Client 3, Round 59] Progress: 15% (44/286) - Loss: 0.1298
[Client 3, Round 59] Progress: 16% (46/286) - Loss: 0.0872
[Client 3, Round 59] Progress: 16% (48/286) - Loss: 0.4630
[Client 3, Round 59] Progress: 17% (50/286) - Loss: 0.1023
[Client 3, Round 59] Progress: 18% (52/286) - Loss: 0.1197
[Client 3, Round 59] Progress: 18% (54/286) - Loss: 0.1178
[Client 3, Round 59] Progress: 19% (56/286) - Loss: 0.0521
[Client 3, Round 59] Progress: 20% (58/286) - Loss: 0.2379
[Client 3, Round 59] Progress: 20% (60/286) - Loss: 0.0967
[Client 3, Round 59] Progress: 21% (62/286) - Loss: 0.0702
[Client 3, Round 59] Progress: 22% (64/286) - Loss: 0.4566
[Client 3, Round 59] Progress: 23% (66/286) - Loss: 0.1766
[Client 3, Round 59] Progress: 23% (68/286) - Loss: 0.2168
[Client 3, Round 59] Progress: 24% (70/286) - Loss: 0.1792
[Client 3, Round 59] Progress: 25% (72/286) - Loss: 0.2012
[Client 3, Round 59] Progress: 25% (74/286) - Loss: 0.1045
[Client 3, Round 59] Progress: 26% (76/286) - Loss: 0.4133
[Client 3, Round 59] Progress: 27% (78/286) - Loss: 0.4758
[Client 3, Round 59] Progress: 27% (80/286) - Loss: 0.0795
[Client 3, Round 59] Progress: 28% (82/286) - Loss: 0.1221
[Client 3, Round 59] Progress: 29% (84/286) - Loss: 0.1039
[Client 3, Round 59] Progress: 30% (86/286) - Loss: 0.4578
[Client 3, Round 59] Progress: 30% (88/286) - Loss: 0.1324
[Client 3, Round 59] Progress: 31% (90/286) - Loss: 0.0635
[Client 3, Round 59] Progress: 32% (92/286) - Loss: 0.0761
[Client 3, Round 59] Progress: 32% (94/286) - Loss: 0.4751
[Client 3, Round 59] Progress: 33% (96/286) - Loss: 0.2241
[Client 3, Round 59] Progress: 34% (98/286) - Loss: 0.5437
[Client 3, Round 59] Progress: 34% (100/286) - Loss: 0.0986
[Client 3, Round 59] Progress: 35% (102/286) - Loss: 0.4823
[Client 3, Round 59] Progress: 36% (104/286) - Loss: 0.1393
[Client 3, Round 59] Progress: 37% (106/286) - Loss: 0.0642
[Client 3, Round 59] Progress: 37% (108/286) - Loss: 0.2901
[Client 3, Round 59] Progress: 38% (110/286) - Loss: 0.1382
[Client 3, Round 59] Progress: 39% (112/286) - Loss: 0.1700
[Client 3, Round 59] Progress: 39% (114/286) - Loss: 0.1402
[Client 3, Round 59] Progress: 40% (116/286) - Loss: 0.1933
[Client 3, Round 59] Progress: 41% (118/286) - Loss: 0.1334
[Client 3, Round 59] Progress: 41% (120/286) - Loss: 0.0861
[Client 3, Round 59] Progress: 42% (122/286) - Loss: 0.1114
[Client 3, Round 59] Progress: 43% (124/286) - Loss: 0.2685
[Client 3, Round 59] Progress: 44% (126/286) - Loss: 0.1581
[Client 3, Round 59] Progress: 44% (128/286) - Loss: 0.1201
[Client 3, Round 59] Progress: 45% (130/286) - Loss: 0.1432
[Client 3, Round 59] Progress: 46% (132/286) - Loss: 0.0964
[Client 3, Round 59] Progress: 46% (134/286) - Loss: 0.0987
[Client 3, Round 59] Progress: 47% (136/286) - Loss: 0.0781
[Client 3, Round 59] Progress: 48% (138/286) - Loss: 0.0450
[Client 3, Round 59] Progress: 48% (140/286) - Loss: 0.2493
[Client 3, Round 59] Progress: 49% (142/286) - Loss: 0.1234
[Client 3, Round 59] Progress: 50% (144/286) - Loss: 0.1152
[Client 3, Round 59] Progress: 51% (146/286) - Loss: 0.1052
[Client 3, Round 59] Progress: 51% (148/286) - Loss: 0.2413
[Client 3, Round 59] Progress: 52% (150/286) - Loss: 0.4576
[Client 3, Round 59] Progress: 53% (152/286) - Loss: 0.0433
[Client 3, Round 59] Progress: 53% (154/286) - Loss: 0.0678
[Client 3, Round 59] Progress: 54% (156/286) - Loss: 0.6840
[Client 3, Round 59] Progress: 55% (158/286) - Loss: 0.0835
[Client 3, Round 59] Progress: 55% (160/286) - Loss: 0.1751
[Client 3, Round 59] Progress: 56% (162/286) - Loss: 0.1732
[Client 3, Round 59] Progress: 57% (164/286) - Loss: 0.2095
[Client 3, Round 59] Progress: 58% (166/286) - Loss: 0.3894
[Client 3, Round 59] Progress: 58% (168/286) - Loss: 0.0881
[Client 3, Round 59] Progress: 59% (170/286) - Loss: 0.1745
[Client 3, Round 59] Progress: 60% (172/286) - Loss: 0.0530
[Client 3, Round 59] Progress: 60% (174/286) - Loss: 0.6210
[Client 3, Round 59] Progress: 61% (176/286) - Loss: 0.4419
[Client 3, Round 59] Progress: 62% (178/286) - Loss: 0.1546
[Client 3, Round 59] Progress: 62% (180/286) - Loss: 0.5082
[Client 3, Round 59] Progress: 63% (182/286) - Loss: 0.2775
[Client 3, Round 59] Progress: 64% (184/286) - Loss: 0.1997
[Client 3, Round 59] Progress: 65% (186/286) - Loss: 0.1161
[Client 3, Round 59] Progress: 65% (188/286) - Loss: 0.4113
[Client 3, Round 59] Progress: 66% (190/286) - Loss: 0.1621
[Client 3, Round 59] Progress: 67% (192/286) - Loss: 0.5068
[Client 3, Round 59] Progress: 67% (194/286) - Loss: 0.4751
[Client 3, Round 59] Progress: 68% (196/286) - Loss: 0.4246
[Client 3, Round 59] Progress: 69% (198/286) - Loss: 0.0684
[Client 3, Round 59] Progress: 69% (200/286) - Loss: 0.0926
[Client 3, Round 59] Progress: 70% (202/286) - Loss: 0.1527
[Client 3, Round 59] Progress: 71% (204/286) - Loss: 0.3936
[Client 3, Round 59] Progress: 72% (206/286) - Loss: 0.4314
[Client 3, Round 59] Progress: 72% (208/286) - Loss: 0.2677
[Client 3, Round 59] Progress: 73% (210/286) - Loss: 0.1931
[Client 3, Round 59] Progress: 74% (212/286) - Loss: 0.1961
[Client 3, Round 59] Progress: 74% (214/286) - Loss: 0.1643
[Client 3, Round 59] Progress: 75% (216/286) - Loss: 0.2425
[Client 3, Round 59] Progress: 76% (218/286) - Loss: 0.1286
[Client 3, Round 59] Progress: 76% (220/286) - Loss: 0.1233
[Client 3, Round 59] Progress: 77% (222/286) - Loss: 0.1212
[Client 3, Round 59] Progress: 78% (224/286) - Loss: 0.1139
[Client 3, Round 59] Progress: 79% (226/286) - Loss: 0.1934
[Client 3, Round 59] Progress: 79% (228/286) - Loss: 0.0850
[Client 3, Round 59] Progress: 80% (230/286) - Loss: 0.4554
[Client 3, Round 59] Progress: 81% (232/286) - Loss: 0.1608
[Client 3, Round 59] Progress: 81% (234/286) - Loss: 0.3873
[Client 3, Round 59] Progress: 82% (236/286) - Loss: 0.0943
[Client 3, Round 59] Progress: 83% (238/286) - Loss: 0.0985
[Client 3, Round 59] Progress: 83% (240/286) - Loss: 0.2738
[Client 3, Round 59] Progress: 84% (242/286) - Loss: 0.1123
[Client 3, Round 59] Progress: 85% (244/286) - Loss: 0.3147
[Client 3, Round 59] Progress: 86% (246/286) - Loss: 0.0886
[Client 3, Round 59] Progress: 86% (248/286) - Loss: 0.1708
[Client 3, Round 59] Progress: 87% (250/286) - Loss: 0.1446
[Client 3, Round 59] Progress: 88% (252/286) - Loss: 0.1550
[Client 3, Round 59] Progress: 88% (254/286) - Loss: 0.1371
[Client 3, Round 59] Progress: 89% (256/286) - Loss: 0.2163
[Client 3, Round 59] Progress: 90% (258/286) - Loss: 0.0980
[Client 3, Round 59] Progress: 90% (260/286) - Loss: 0.0916
[Client 3, Round 59] Progress: 91% (262/286) - Loss: 0.7584
[Client 3, Round 59] Progress: 92% (264/286) - Loss: 0.1259
[Client 3, Round 59] Progress: 93% (266/286) - Loss: 0.0836
[Client 3, Round 59] Progress: 93% (268/286) - Loss: 0.3561
[Client 3, Round 59] Progress: 94% (270/286) - Loss: 0.0947
[Client 3, Round 59] Progress: 95% (272/286) - Loss: 0.2572
[Client 3, Round 59] Progress: 95% (274/286) - Loss: 0.3888
[Client 3, Round 59] Progress: 96% (276/286) - Loss: 0.0948
[Client 3, Round 59] Progress: 97% (278/286) - Loss: 0.1053
[Client 3, Round 59] Progress: 97% (280/286) - Loss: 0.2091
[Client 3, Round 59] Progress: 98% (282/286) - Loss: 0.1053
[Client 3, Round 59] Progress: 99% (284/286) - Loss: 0.1032
[Client 3, Round 59] Progress: 100% (286/286) - Loss: 0.1193
[Client 3, Round 59] Train Loss: 0.1915
[Client 3, Round 59] Val Loss: 0.1625 | Val Dice: 0.8531
[Client 3, Round 60] Progress: 0% (2/286) - Loss: 0.1813
[Client 3, Round 60] Progress: 1% (4/286) - Loss: 0.0764
[Client 3, Round 60] Progress: 2% (6/286) - Loss: 0.1038
[Client 3, Round 60] Progress: 2% (8/286) - Loss: 0.1750
[Client 3, Round 60] Progress: 3% (10/286) - Loss: 0.1137
[Client 3, Round 60] Progress: 4% (12/286) - Loss: 0.1662
[Client 3, Round 60] Progress: 4% (14/286) - Loss: 0.2084
[Client 3, Round 60] Progress: 5% (16/286) - Loss: 0.1016
[Client 3, Round 60] Progress: 6% (18/286) - Loss: 0.0601
[Client 3, Round 60] Progress: 6% (20/286) - Loss: 0.0631
[Client 3, Round 60] Progress: 7% (22/286) - Loss: 0.1007
[Client 3, Round 60] Progress: 8% (24/286) - Loss: 0.1631
[Client 3, Round 60] Progress: 9% (26/286) - Loss: 0.1356
[Client 3, Round 60] Progress: 9% (28/286) - Loss: 0.1211
[Client 3, Round 60] Progress: 10% (30/286) - Loss: 0.1733
[Client 3, Round 60] Progress: 11% (32/286) - Loss: 0.2245
[Client 3, Round 60] Progress: 11% (34/286) - Loss: 0.0825
[Client 3, Round 60] Progress: 12% (36/286) - Loss: 0.1167
[Client 3, Round 60] Progress: 13% (38/286) - Loss: 0.2385
[Client 3, Round 60] Progress: 13% (40/286) - Loss: 0.3066
[Client 3, Round 60] Progress: 14% (42/286) - Loss: 0.2008
[Client 3, Round 60] Progress: 15% (44/286) - Loss: 0.1047
[Client 3, Round 60] Progress: 16% (46/286) - Loss: 0.0484
[Client 3, Round 60] Progress: 16% (48/286) - Loss: 0.3015
[Client 3, Round 60] Progress: 17% (50/286) - Loss: 0.1009
[Client 3, Round 60] Progress: 18% (52/286) - Loss: 0.0778
[Client 3, Round 60] Progress: 18% (54/286) - Loss: 0.1196
[Client 3, Round 60] Progress: 19% (56/286) - Loss: 0.0894
[Client 3, Round 60] Progress: 20% (58/286) - Loss: 0.1362
[Client 3, Round 60] Progress: 20% (60/286) - Loss: 0.2687
[Client 3, Round 60] Progress: 21% (62/286) - Loss: 0.0899
[Client 3, Round 60] Progress: 22% (64/286) - Loss: 0.1344
[Client 3, Round 60] Progress: 23% (66/286) - Loss: 0.1018
[Client 3, Round 60] Progress: 23% (68/286) - Loss: 0.0608
[Client 3, Round 60] Progress: 24% (70/286) - Loss: 0.1228
[Client 3, Round 60] Progress: 25% (72/286) - Loss: 0.1596
[Client 3, Round 60] Progress: 25% (74/286) - Loss: 0.1057
[Client 3, Round 60] Progress: 26% (76/286) - Loss: 0.1901
[Client 3, Round 60] Progress: 27% (78/286) - Loss: 0.3638
[Client 3, Round 60] Progress: 27% (80/286) - Loss: 0.1050
[Client 3, Round 60] Progress: 28% (82/286) - Loss: 0.1480
[Client 3, Round 60] Progress: 29% (84/286) - Loss: 0.1652
[Client 3, Round 60] Progress: 30% (86/286) - Loss: 0.2610
[Client 3, Round 60] Progress: 30% (88/286) - Loss: 0.0593
[Client 3, Round 60] Progress: 31% (90/286) - Loss: 0.1669
[Client 3, Round 60] Progress: 32% (92/286) - Loss: 0.1373
[Client 3, Round 60] Progress: 32% (94/286) - Loss: 0.1267
[Client 3, Round 60] Progress: 33% (96/286) - Loss: 0.0718
[Client 3, Round 60] Progress: 34% (98/286) - Loss: 0.2242
[Client 3, Round 60] Progress: 34% (100/286) - Loss: 0.1723
[Client 3, Round 60] Progress: 35% (102/286) - Loss: 0.1302
[Client 3, Round 60] Progress: 36% (104/286) - Loss: 0.1705
[Client 3, Round 60] Progress: 37% (106/286) - Loss: 0.1121
[Client 3, Round 60] Progress: 37% (108/286) - Loss: 0.1240
[Client 3, Round 60] Progress: 38% (110/286) - Loss: 0.1108
[Client 3, Round 60] Progress: 39% (112/286) - Loss: 0.0963
[Client 3, Round 60] Progress: 39% (114/286) - Loss: 0.1356
[Client 3, Round 60] Progress: 40% (116/286) - Loss: 0.2170
[Client 3, Round 60] Progress: 41% (118/286) - Loss: 0.2247
[Client 3, Round 60] Progress: 41% (120/286) - Loss: 0.0861
[Client 3, Round 60] Progress: 42% (122/286) - Loss: 0.4846
[Client 3, Round 60] Progress: 43% (124/286) - Loss: 0.1558
[Client 3, Round 60] Progress: 44% (126/286) - Loss: 0.1153
[Client 3, Round 60] Progress: 44% (128/286) - Loss: 0.5630
[Client 3, Round 60] Progress: 45% (130/286) - Loss: 0.0699
[Client 3, Round 60] Progress: 46% (132/286) - Loss: 0.4366
[Client 3, Round 60] Progress: 46% (134/286) - Loss: 0.4560
[Client 3, Round 60] Progress: 47% (136/286) - Loss: 0.1628
[Client 3, Round 60] Progress: 48% (138/286) - Loss: 0.1423
[Client 3, Round 60] Progress: 48% (140/286) - Loss: 0.1603
[Client 3, Round 60] Progress: 49% (142/286) - Loss: 0.2258
[Client 3, Round 60] Progress: 50% (144/286) - Loss: 0.5001
[Client 3, Round 60] Progress: 51% (146/286) - Loss: 0.1671
[Client 3, Round 60] Progress: 51% (148/286) - Loss: 0.1026
[Client 3, Round 60] Progress: 52% (150/286) - Loss: 0.1411
[Client 3, Round 60] Progress: 53% (152/286) - Loss: 0.1834
[Client 3, Round 60] Progress: 53% (154/286) - Loss: 0.5555
[Client 3, Round 60] Progress: 54% (156/286) - Loss: 0.0745
[Client 3, Round 60] Progress: 55% (158/286) - Loss: 0.1066
[Client 3, Round 60] Progress: 55% (160/286) - Loss: 0.1367
[Client 3, Round 60] Progress: 56% (162/286) - Loss: 0.6273
[Client 3, Round 60] Progress: 57% (164/286) - Loss: 0.0990
[Client 3, Round 60] Progress: 58% (166/286) - Loss: 0.1681
[Client 3, Round 60] Progress: 58% (168/286) - Loss: 0.1573
[Client 3, Round 60] Progress: 59% (170/286) - Loss: 0.1161
[Client 3, Round 60] Progress: 60% (172/286) - Loss: 0.5084
[Client 3, Round 60] Progress: 60% (174/286) - Loss: 0.0654
[Client 3, Round 60] Progress: 61% (176/286) - Loss: 0.2173
[Client 3, Round 60] Progress: 62% (178/286) - Loss: 0.5389
[Client 3, Round 60] Progress: 62% (180/286) - Loss: 0.1684
[Client 3, Round 60] Progress: 63% (182/286) - Loss: 0.1229
[Client 3, Round 60] Progress: 64% (184/286) - Loss: 0.4130
[Client 3, Round 60] Progress: 65% (186/286) - Loss: 0.4057
[Client 3, Round 60] Progress: 65% (188/286) - Loss: 0.0863
[Client 3, Round 60] Progress: 66% (190/286) - Loss: 0.7957
[Client 3, Round 60] Progress: 67% (192/286) - Loss: 0.1192
[Client 3, Round 60] Progress: 67% (194/286) - Loss: 0.1049
[Client 3, Round 60] Progress: 68% (196/286) - Loss: 0.0813
[Client 3, Round 60] Progress: 69% (198/286) - Loss: 0.4298
[Client 3, Round 60] Progress: 69% (200/286) - Loss: 0.0867
[Client 3, Round 60] Progress: 70% (202/286) - Loss: 0.0984
[Client 3, Round 60] Progress: 71% (204/286) - Loss: 0.1724
[Client 3, Round 60] Progress: 72% (206/286) - Loss: 0.4458
[Client 3, Round 60] Progress: 72% (208/286) - Loss: 0.3115
[Client 3, Round 60] Progress: 73% (210/286) - Loss: 0.1287
[Client 3, Round 60] Progress: 74% (212/286) - Loss: 0.1664
[Client 3, Round 60] Progress: 74% (214/286) - Loss: 0.2910
[Client 3, Round 60] Progress: 75% (216/286) - Loss: 0.2100
[Client 3, Round 60] Progress: 76% (218/286) - Loss: 0.1014
[Client 3, Round 60] Progress: 76% (220/286) - Loss: 0.0994
[Client 3, Round 60] Progress: 77% (222/286) - Loss: 0.4129
[Client 3, Round 60] Progress: 78% (224/286) - Loss: 0.1031
[Client 3, Round 60] Progress: 79% (226/286) - Loss: 0.0424
[Client 3, Round 60] Progress: 79% (228/286) - Loss: 0.1538
[Client 3, Round 60] Progress: 80% (230/286) - Loss: 0.1500
[Client 3, Round 60] Progress: 81% (232/286) - Loss: 0.1646
[Client 3, Round 60] Progress: 81% (234/286) - Loss: 0.4088
[Client 3, Round 60] Progress: 82% (236/286) - Loss: 0.1307
[Client 3, Round 60] Progress: 83% (238/286) - Loss: 0.1650
[Client 3, Round 60] Progress: 83% (240/286) - Loss: 0.5295
[Client 3, Round 60] Progress: 84% (242/286) - Loss: 0.1219
[Client 3, Round 60] Progress: 85% (244/286) - Loss: 0.0777
[Client 3, Round 60] Progress: 86% (246/286) - Loss: 0.1238
[Client 3, Round 60] Progress: 86% (248/286) - Loss: 0.0714
[Client 3, Round 60] Progress: 87% (250/286) - Loss: 0.1267
[Client 3, Round 60] Progress: 88% (252/286) - Loss: 0.1395
[Client 3, Round 60] Progress: 88% (254/286) - Loss: 0.0577
[Client 3, Round 60] Progress: 89% (256/286) - Loss: 0.2182
[Client 3, Round 60] Progress: 90% (258/286) - Loss: 0.0925
[Client 3, Round 60] Progress: 90% (260/286) - Loss: 0.1409
[Client 3, Round 60] Progress: 91% (262/286) - Loss: 0.1810
[Client 3, Round 60] Progress: 92% (264/286) - Loss: 0.1397
[Client 3, Round 60] Progress: 93% (266/286) - Loss: 0.1621
[Client 3, Round 60] Progress: 93% (268/286) - Loss: 0.4383
[Client 3, Round 60] Progress: 94% (270/286) - Loss: 0.1861
[Client 3, Round 60] Progress: 95% (272/286) - Loss: 0.2271
[Client 3, Round 60] Progress: 95% (274/286) - Loss: 0.1646
[Client 3, Round 60] Progress: 96% (276/286) - Loss: 0.1160
[Client 3, Round 60] Progress: 97% (278/286) - Loss: 0.0938
[Client 3, Round 60] Progress: 97% (280/286) - Loss: 0.1849
[Client 3, Round 60] Progress: 98% (282/286) - Loss: 0.2805
[Client 3, Round 60] Progress: 99% (284/286) - Loss: 0.2085
[Client 3, Round 60] Progress: 100% (286/286) - Loss: 0.0437
[Client 3, Round 60] Train Loss: 0.1934
[Client 3, Round 60] Val Loss: 0.1652 | Val Dice: 0.8503
[Client 3, Round 61] Progress: 0% (2/286) - Loss: 0.3592
[Client 3, Round 61] Progress: 1% (4/286) - Loss: 0.1263
[Client 3, Round 61] Progress: 2% (6/286) - Loss: 0.5031
[Client 3, Round 61] Progress: 2% (8/286) - Loss: 0.1790
[Client 3, Round 61] Progress: 3% (10/286) - Loss: 0.1768
[Client 3, Round 61] Progress: 4% (12/286) - Loss: 0.2087
[Client 3, Round 61] Progress: 4% (14/286) - Loss: 0.3252
[Client 3, Round 61] Progress: 5% (16/286) - Loss: 0.0667
[Client 3, Round 61] Progress: 6% (18/286) - Loss: 0.3937
[Client 3, Round 61] Progress: 6% (20/286) - Loss: 0.1895
[Client 3, Round 61] Progress: 7% (22/286) - Loss: 0.1541
[Client 3, Round 61] Progress: 8% (24/286) - Loss: 0.3560
[Client 3, Round 61] Progress: 9% (26/286) - Loss: 0.1245
[Client 3, Round 61] Progress: 9% (28/286) - Loss: 0.2666
[Client 3, Round 61] Progress: 10% (30/286) - Loss: 0.1150
[Client 3, Round 61] Progress: 11% (32/286) - Loss: 0.1031
[Client 3, Round 61] Progress: 11% (34/286) - Loss: 0.3974
[Client 3, Round 61] Progress: 12% (36/286) - Loss: 0.0977
[Client 3, Round 61] Progress: 13% (38/286) - Loss: 0.1841
[Client 3, Round 61] Progress: 13% (40/286) - Loss: 0.4107
[Client 3, Round 61] Progress: 14% (42/286) - Loss: 0.1956
[Client 3, Round 61] Progress: 15% (44/286) - Loss: 0.1216
[Client 3, Round 61] Progress: 16% (46/286) - Loss: 0.1264
[Client 3, Round 61] Progress: 16% (48/286) - Loss: 0.2334
[Client 3, Round 61] Progress: 17% (50/286) - Loss: 0.0647
[Client 3, Round 61] Progress: 18% (52/286) - Loss: 0.0659
[Client 3, Round 61] Progress: 18% (54/286) - Loss: 0.4766
[Client 3, Round 61] Progress: 19% (56/286) - Loss: 0.0955
[Client 3, Round 61] Progress: 20% (58/286) - Loss: 0.1646
[Client 3, Round 61] Progress: 20% (60/286) - Loss: 0.0427
[Client 3, Round 61] Progress: 21% (62/286) - Loss: 0.2146
[Client 3, Round 61] Progress: 22% (64/286) - Loss: 0.7511
[Client 3, Round 61] Progress: 23% (66/286) - Loss: 0.4621
[Client 3, Round 61] Progress: 23% (68/286) - Loss: 0.2931
[Client 3, Round 61] Progress: 24% (70/286) - Loss: 0.0702
[Client 3, Round 61] Progress: 25% (72/286) - Loss: 0.4599
[Client 3, Round 61] Progress: 25% (74/286) - Loss: 0.2017
[Client 3, Round 61] Progress: 26% (76/286) - Loss: 0.1165
[Client 3, Round 61] Progress: 27% (78/286) - Loss: 0.1107
[Client 3, Round 61] Progress: 27% (80/286) - Loss: 0.1271
[Client 3, Round 61] Progress: 28% (82/286) - Loss: 0.1206
[Client 3, Round 61] Progress: 29% (84/286) - Loss: 0.1152
[Client 3, Round 61] Progress: 30% (86/286) - Loss: 0.0531
[Client 3, Round 61] Progress: 30% (88/286) - Loss: 0.0875
[Client 3, Round 61] Progress: 31% (90/286) - Loss: 0.0949
[Client 3, Round 61] Progress: 32% (92/286) - Loss: 0.1579
[Client 3, Round 61] Progress: 32% (94/286) - Loss: 0.0875
[Client 3, Round 61] Progress: 33% (96/286) - Loss: 0.1459
[Client 3, Round 61] Progress: 34% (98/286) - Loss: 0.1835
[Client 3, Round 61] Progress: 34% (100/286) - Loss: 0.0914
[Client 3, Round 61] Progress: 35% (102/286) - Loss: 0.0982
[Client 3, Round 61] Progress: 36% (104/286) - Loss: 0.0958
[Client 3, Round 61] Progress: 37% (106/286) - Loss: 0.5750
[Client 3, Round 61] Progress: 37% (108/286) - Loss: 0.0668
[Client 3, Round 61] Progress: 38% (110/286) - Loss: 0.0943
[Client 3, Round 61] Progress: 39% (112/286) - Loss: 0.0874
[Client 3, Round 61] Progress: 39% (114/286) - Loss: 0.5252
[Client 3, Round 61] Progress: 40% (116/286) - Loss: 0.0917
[Client 3, Round 61] Progress: 41% (118/286) - Loss: 0.0715
[Client 3, Round 61] Progress: 41% (120/286) - Loss: 0.1334
[Client 3, Round 61] Progress: 42% (122/286) - Loss: 0.1204
[Client 3, Round 61] Progress: 43% (124/286) - Loss: 0.4625
[Client 3, Round 61] Progress: 44% (126/286) - Loss: 0.1291
[Client 3, Round 61] Progress: 44% (128/286) - Loss: 0.2094
[Client 3, Round 61] Progress: 45% (130/286) - Loss: 0.4391
[Client 3, Round 61] Progress: 46% (132/286) - Loss: 0.4440
[Client 3, Round 61] Progress: 46% (134/286) - Loss: 0.1675
[Client 3, Round 61] Progress: 47% (136/286) - Loss: 0.1467
[Client 3, Round 61] Progress: 48% (138/286) - Loss: 0.1571
[Client 3, Round 61] Progress: 48% (140/286) - Loss: 0.1105
[Client 3, Round 61] Progress: 49% (142/286) - Loss: 0.0534
[Client 3, Round 61] Progress: 50% (144/286) - Loss: 0.4397
[Client 3, Round 61] Progress: 51% (146/286) - Loss: 0.1304
[Client 3, Round 61] Progress: 51% (148/286) - Loss: 0.1351
[Client 3, Round 61] Progress: 52% (150/286) - Loss: 0.4656
[Client 3, Round 61] Progress: 53% (152/286) - Loss: 0.1190
[Client 3, Round 61] Progress: 53% (154/286) - Loss: 0.0347
[Client 3, Round 61] Progress: 54% (156/286) - Loss: 0.1539
[Client 3, Round 61] Progress: 55% (158/286) - Loss: 0.1154
[Client 3, Round 61] Progress: 55% (160/286) - Loss: 0.3067
[Client 3, Round 61] Progress: 56% (162/286) - Loss: 0.1247
[Client 3, Round 61] Progress: 57% (164/286) - Loss: 0.3875
[Client 3, Round 61] Progress: 58% (166/286) - Loss: 0.0665
[Client 3, Round 61] Progress: 58% (168/286) - Loss: 0.0561
[Client 3, Round 61] Progress: 59% (170/286) - Loss: 0.2037
[Client 3, Round 61] Progress: 60% (172/286) - Loss: 0.2761
[Client 3, Round 61] Progress: 60% (174/286) - Loss: 0.5464
[Client 3, Round 61] Progress: 61% (176/286) - Loss: 0.1324
[Client 3, Round 61] Progress: 62% (178/286) - Loss: 0.2016
[Client 3, Round 61] Progress: 62% (180/286) - Loss: 0.1465
[Client 3, Round 61] Progress: 63% (182/286) - Loss: 0.1351
[Client 3, Round 61] Progress: 64% (184/286) - Loss: 0.1161
[Client 3, Round 61] Progress: 65% (186/286) - Loss: 0.2581
[Client 3, Round 61] Progress: 65% (188/286) - Loss: 0.4399
[Client 3, Round 61] Progress: 66% (190/286) - Loss: 0.1116
[Client 3, Round 61] Progress: 67% (192/286) - Loss: 0.4863
[Client 3, Round 61] Progress: 67% (194/286) - Loss: 0.6427
[Client 3, Round 61] Progress: 68% (196/286) - Loss: 0.1310
[Client 3, Round 61] Progress: 69% (198/286) - Loss: 0.1955
[Client 3, Round 61] Progress: 69% (200/286) - Loss: 0.1289
[Client 3, Round 61] Progress: 70% (202/286) - Loss: 0.1722
[Client 3, Round 61] Progress: 71% (204/286) - Loss: 0.0933
[Client 3, Round 61] Progress: 72% (206/286) - Loss: 0.1318
[Client 3, Round 61] Progress: 72% (208/286) - Loss: 0.0760
[Client 3, Round 61] Progress: 73% (210/286) - Loss: 0.1614
[Client 3, Round 61] Progress: 74% (212/286) - Loss: 0.1897
[Client 3, Round 61] Progress: 74% (214/286) - Loss: 0.1586
[Client 3, Round 61] Progress: 75% (216/286) - Loss: 0.0839
[Client 3, Round 61] Progress: 76% (218/286) - Loss: 0.1225
[Client 3, Round 61] Progress: 76% (220/286) - Loss: 0.0993
[Client 3, Round 61] Progress: 77% (222/286) - Loss: 0.0531
[Client 3, Round 61] Progress: 78% (224/286) - Loss: 0.0928
[Client 3, Round 61] Progress: 79% (226/286) - Loss: 0.4508
[Client 3, Round 61] Progress: 79% (228/286) - Loss: 0.0635
[Client 3, Round 61] Progress: 80% (230/286) - Loss: 0.7031
[Client 3, Round 61] Progress: 81% (232/286) - Loss: 0.4442
[Client 3, Round 61] Progress: 81% (234/286) - Loss: 0.1113
[Client 3, Round 61] Progress: 82% (236/286) - Loss: 0.1280
[Client 3, Round 61] Progress: 83% (238/286) - Loss: 0.1772
[Client 3, Round 61] Progress: 83% (240/286) - Loss: 0.1316
[Client 3, Round 61] Progress: 84% (242/286) - Loss: 0.1193
[Client 3, Round 61] Progress: 85% (244/286) - Loss: 0.1602
[Client 3, Round 61] Progress: 86% (246/286) - Loss: 0.1657
[Client 3, Round 61] Progress: 86% (248/286) - Loss: 0.1171
[Client 3, Round 61] Progress: 87% (250/286) - Loss: 0.1517
[Client 3, Round 61] Progress: 88% (252/286) - Loss: 0.1148
[Client 3, Round 61] Progress: 88% (254/286) - Loss: 0.2241
[Client 3, Round 61] Progress: 89% (256/286) - Loss: 0.0400
[Client 3, Round 61] Progress: 90% (258/286) - Loss: 0.5302
[Client 3, Round 61] Progress: 90% (260/286) - Loss: 0.1780
[Client 3, Round 61] Progress: 91% (262/286) - Loss: 0.1267
[Client 3, Round 61] Progress: 92% (264/286) - Loss: 0.1316
[Client 3, Round 61] Progress: 93% (266/286) - Loss: 0.0957
[Client 3, Round 61] Progress: 93% (268/286) - Loss: 0.0442
[Client 3, Round 61] Progress: 94% (270/286) - Loss: 0.0908
[Client 3, Round 61] Progress: 95% (272/286) - Loss: 0.0528
[Client 3, Round 61] Progress: 95% (274/286) - Loss: 0.0766
[Client 3, Round 61] Progress: 96% (276/286) - Loss: 0.1163
[Client 3, Round 61] Progress: 97% (278/286) - Loss: 0.2077
[Client 3, Round 61] Progress: 97% (280/286) - Loss: 0.4163
[Client 3, Round 61] Progress: 98% (282/286) - Loss: 0.2321
[Client 3, Round 61] Progress: 99% (284/286) - Loss: 0.1311
[Client 3, Round 61] Progress: 100% (286/286) - Loss: 0.0578
[Client 3, Round 61] Train Loss: 0.1937
[Client 3, Round 61] Val Loss: 0.1690 | Val Dice: 0.8488
[Client 3, Round 62] Progress: 0% (2/286) - Loss: 0.2618
[Client 3, Round 62] Progress: 1% (4/286) - Loss: 0.0677
[Client 3, Round 62] Progress: 2% (6/286) - Loss: 0.0876
[Client 3, Round 62] Progress: 2% (8/286) - Loss: 0.2227
[Client 3, Round 62] Progress: 3% (10/286) - Loss: 0.2014
[Client 3, Round 62] Progress: 4% (12/286) - Loss: 0.1206
[Client 3, Round 62] Progress: 4% (14/286) - Loss: 0.2844
[Client 3, Round 62] Progress: 5% (16/286) - Loss: 0.3165
[Client 3, Round 62] Progress: 6% (18/286) - Loss: 0.0995
[Client 3, Round 62] Progress: 6% (20/286) - Loss: 0.3856
[Client 3, Round 62] Progress: 7% (22/286) - Loss: 0.1470
[Client 3, Round 62] Progress: 8% (24/286) - Loss: 0.0680
[Client 3, Round 62] Progress: 9% (26/286) - Loss: 0.2141
[Client 3, Round 62] Progress: 9% (28/286) - Loss: 0.0587
[Client 3, Round 62] Progress: 10% (30/286) - Loss: 0.1783
[Client 3, Round 62] Progress: 11% (32/286) - Loss: 0.2860
[Client 3, Round 62] Progress: 11% (34/286) - Loss: 0.1198
[Client 3, Round 62] Progress: 12% (36/286) - Loss: 0.1006
[Client 3, Round 62] Progress: 13% (38/286) - Loss: 0.4436
[Client 3, Round 62] Progress: 13% (40/286) - Loss: 0.0924
[Client 3, Round 62] Progress: 14% (42/286) - Loss: 0.1991
[Client 3, Round 62] Progress: 15% (44/286) - Loss: 0.1812
[Client 3, Round 62] Progress: 16% (46/286) - Loss: 0.0901
[Client 3, Round 62] Progress: 16% (48/286) - Loss: 0.6551
[Client 3, Round 62] Progress: 17% (50/286) - Loss: 0.3142
[Client 3, Round 62] Progress: 18% (52/286) - Loss: 0.1989
[Client 3, Round 62] Progress: 18% (54/286) - Loss: 0.0930
[Client 3, Round 62] Progress: 19% (56/286) - Loss: 0.4364
[Client 3, Round 62] Progress: 20% (58/286) - Loss: 0.1305
[Client 3, Round 62] Progress: 20% (60/286) - Loss: 0.5205
[Client 3, Round 62] Progress: 21% (62/286) - Loss: 0.3241
[Client 3, Round 62] Progress: 22% (64/286) - Loss: 0.0722
[Client 3, Round 62] Progress: 23% (66/286) - Loss: 0.2456
[Client 3, Round 62] Progress: 23% (68/286) - Loss: 0.1047
[Client 3, Round 62] Progress: 24% (70/286) - Loss: 0.0807
[Client 3, Round 62] Progress: 25% (72/286) - Loss: 0.1013
[Client 3, Round 62] Progress: 25% (74/286) - Loss: 0.1927
[Client 3, Round 62] Progress: 26% (76/286) - Loss: 0.2055
[Client 3, Round 62] Progress: 27% (78/286) - Loss: 0.7479
[Client 3, Round 62] Progress: 27% (80/286) - Loss: 0.0890
[Client 3, Round 62] Progress: 28% (82/286) - Loss: 0.5163
[Client 3, Round 62] Progress: 29% (84/286) - Loss: 0.0454
[Client 3, Round 62] Progress: 30% (86/286) - Loss: 0.4118
[Client 3, Round 62] Progress: 30% (88/286) - Loss: 0.1659
[Client 3, Round 62] Progress: 31% (90/286) - Loss: 0.1593
[Client 3, Round 62] Progress: 32% (92/286) - Loss: 0.1309
[Client 3, Round 62] Progress: 32% (94/286) - Loss: 0.0858
[Client 3, Round 62] Progress: 33% (96/286) - Loss: 0.9970
[Client 3, Round 62] Progress: 34% (98/286) - Loss: 0.0938
[Client 3, Round 62] Progress: 34% (100/286) - Loss: 0.1405
[Client 3, Round 62] Progress: 35% (102/286) - Loss: 0.1253
[Client 3, Round 62] Progress: 36% (104/286) - Loss: 0.0856
[Client 3, Round 62] Progress: 37% (106/286) - Loss: 0.1283
[Client 3, Round 62] Progress: 37% (108/286) - Loss: 0.3626
[Client 3, Round 62] Progress: 38% (110/286) - Loss: 0.0986
[Client 3, Round 62] Progress: 39% (112/286) - Loss: 0.0699
[Client 3, Round 62] Progress: 39% (114/286) - Loss: 0.3477
[Client 3, Round 62] Progress: 40% (116/286) - Loss: 0.0601
[Client 3, Round 62] Progress: 41% (118/286) - Loss: 0.4775
[Client 3, Round 62] Progress: 41% (120/286) - Loss: 0.1544
[Client 3, Round 62] Progress: 42% (122/286) - Loss: 0.1068
[Client 3, Round 62] Progress: 43% (124/286) - Loss: 0.5065
[Client 3, Round 62] Progress: 44% (126/286) - Loss: 0.4077
[Client 3, Round 62] Progress: 44% (128/286) - Loss: 0.0727
[Client 3, Round 62] Progress: 45% (130/286) - Loss: 0.0487
[Client 3, Round 62] Progress: 46% (132/286) - Loss: 0.1078
[Client 3, Round 62] Progress: 46% (134/286) - Loss: 0.0987
[Client 3, Round 62] Progress: 47% (136/286) - Loss: 0.3086
[Client 3, Round 62] Progress: 48% (138/286) - Loss: 0.1039
[Client 3, Round 62] Progress: 48% (140/286) - Loss: 0.0934
[Client 3, Round 62] Progress: 49% (142/286) - Loss: 0.1111
[Client 3, Round 62] Progress: 50% (144/286) - Loss: 0.0788
[Client 3, Round 62] Progress: 51% (146/286) - Loss: 0.2010
[Client 3, Round 62] Progress: 51% (148/286) - Loss: 0.1663
[Client 3, Round 62] Progress: 52% (150/286) - Loss: 0.1200
[Client 3, Round 62] Progress: 53% (152/286) - Loss: 0.2787
[Client 3, Round 62] Progress: 53% (154/286) - Loss: 0.1434
[Client 3, Round 62] Progress: 54% (156/286) - Loss: 0.3117
[Client 3, Round 62] Progress: 55% (158/286) - Loss: 0.4391
[Client 3, Round 62] Progress: 55% (160/286) - Loss: 0.0455
[Client 3, Round 62] Progress: 56% (162/286) - Loss: 0.1590
[Client 3, Round 62] Progress: 57% (164/286) - Loss: 0.4221
[Client 3, Round 62] Progress: 58% (166/286) - Loss: 0.1174
[Client 3, Round 62] Progress: 58% (168/286) - Loss: 0.6719
[Client 3, Round 62] Progress: 59% (170/286) - Loss: 0.1305
[Client 3, Round 62] Progress: 60% (172/286) - Loss: 0.1888
[Client 3, Round 62] Progress: 60% (174/286) - Loss: 0.0905
[Client 3, Round 62] Progress: 61% (176/286) - Loss: 0.4571
[Client 3, Round 62] Progress: 62% (178/286) - Loss: 0.1217
[Client 3, Round 62] Progress: 62% (180/286) - Loss: 0.1182
[Client 3, Round 62] Progress: 63% (182/286) - Loss: 0.1478
[Client 3, Round 62] Progress: 64% (184/286) - Loss: 0.1643
[Client 3, Round 62] Progress: 65% (186/286) - Loss: 0.4857
[Client 3, Round 62] Progress: 65% (188/286) - Loss: 0.0775
[Client 3, Round 62] Progress: 66% (190/286) - Loss: 0.1670
[Client 3, Round 62] Progress: 67% (192/286) - Loss: 0.1031
[Client 3, Round 62] Progress: 67% (194/286) - Loss: 0.1313
[Client 3, Round 62] Progress: 68% (196/286) - Loss: 0.1441
[Client 3, Round 62] Progress: 69% (198/286) - Loss: 0.1002
[Client 3, Round 62] Progress: 69% (200/286) - Loss: 0.1857
[Client 3, Round 62] Progress: 70% (202/286) - Loss: 0.1169
[Client 3, Round 62] Progress: 71% (204/286) - Loss: 0.0801
[Client 3, Round 62] Progress: 72% (206/286) - Loss: 0.1579
[Client 3, Round 62] Progress: 72% (208/286) - Loss: 0.1200
[Client 3, Round 62] Progress: 73% (210/286) - Loss: 0.4875
[Client 3, Round 62] Progress: 74% (212/286) - Loss: 0.0509
[Client 3, Round 62] Progress: 74% (214/286) - Loss: 0.0984
[Client 3, Round 62] Progress: 75% (216/286) - Loss: 0.0434
[Client 3, Round 62] Progress: 76% (218/286) - Loss: 0.3395
[Client 3, Round 62] Progress: 76% (220/286) - Loss: 0.1710
[Client 3, Round 62] Progress: 77% (222/286) - Loss: 0.1554
[Client 3, Round 62] Progress: 78% (224/286) - Loss: 0.0924
[Client 3, Round 62] Progress: 79% (226/286) - Loss: 0.1048
[Client 3, Round 62] Progress: 79% (228/286) - Loss: 0.1150
[Client 3, Round 62] Progress: 80% (230/286) - Loss: 0.1745
[Client 3, Round 62] Progress: 81% (232/286) - Loss: 0.5326
[Client 3, Round 62] Progress: 81% (234/286) - Loss: 0.1141
[Client 3, Round 62] Progress: 82% (236/286) - Loss: 0.1803
[Client 3, Round 62] Progress: 83% (238/286) - Loss: 0.0923
[Client 3, Round 62] Progress: 83% (240/286) - Loss: 0.4393
[Client 3, Round 62] Progress: 84% (242/286) - Loss: 0.1439
[Client 3, Round 62] Progress: 85% (244/286) - Loss: 0.1156
[Client 3, Round 62] Progress: 86% (246/286) - Loss: 0.1721
[Client 3, Round 62] Progress: 86% (248/286) - Loss: 0.0794
[Client 3, Round 62] Progress: 87% (250/286) - Loss: 0.0983
[Client 3, Round 62] Progress: 88% (252/286) - Loss: 0.0732
[Client 3, Round 62] Progress: 88% (254/286) - Loss: 0.1262
[Client 3, Round 62] Progress: 89% (256/286) - Loss: 0.4456
[Client 3, Round 62] Progress: 90% (258/286) - Loss: 0.0902
[Client 3, Round 62] Progress: 90% (260/286) - Loss: 0.4140
[Client 3, Round 62] Progress: 91% (262/286) - Loss: 0.3893
[Client 3, Round 62] Progress: 92% (264/286) - Loss: 0.1099
[Client 3, Round 62] Progress: 93% (266/286) - Loss: 0.2020
[Client 3, Round 62] Progress: 93% (268/286) - Loss: 0.4182
[Client 3, Round 62] Progress: 94% (270/286) - Loss: 0.1190
[Client 3, Round 62] Progress: 95% (272/286) - Loss: 0.2250
[Client 3, Round 62] Progress: 95% (274/286) - Loss: 0.1102
[Client 3, Round 62] Progress: 96% (276/286) - Loss: 0.2122
[Client 3, Round 62] Progress: 97% (278/286) - Loss: 0.1020
[Client 3, Round 62] Progress: 97% (280/286) - Loss: 0.5028
[Client 3, Round 62] Progress: 98% (282/286) - Loss: 0.1650
[Client 3, Round 62] Progress: 99% (284/286) - Loss: 0.0890
[Client 3, Round 62] Progress: 100% (286/286) - Loss: 0.1146
[Client 3, Round 62] Train Loss: 0.1991
[Client 3, Round 62] Val Loss: 0.1632 | Val Dice: 0.8520
[Client 3, Round 63] Progress: 0% (2/286) - Loss: 0.1956
[Client 3, Round 63] Progress: 1% (4/286) - Loss: 0.4362
[Client 3, Round 63] Progress: 2% (6/286) - Loss: 0.5158
[Client 3, Round 63] Progress: 2% (8/286) - Loss: 0.1346
[Client 3, Round 63] Progress: 3% (10/286) - Loss: 0.1649
[Client 3, Round 63] Progress: 4% (12/286) - Loss: 0.1069
[Client 3, Round 63] Progress: 4% (14/286) - Loss: 0.2054
[Client 3, Round 63] Progress: 5% (16/286) - Loss: 0.1321
[Client 3, Round 63] Progress: 6% (18/286) - Loss: 0.1251
[Client 3, Round 63] Progress: 6% (20/286) - Loss: 0.1632
[Client 3, Round 63] Progress: 7% (22/286) - Loss: 0.2173
[Client 3, Round 63] Progress: 8% (24/286) - Loss: 0.1338
[Client 3, Round 63] Progress: 9% (26/286) - Loss: 0.1768
[Client 3, Round 63] Progress: 9% (28/286) - Loss: 0.0886
[Client 3, Round 63] Progress: 10% (30/286) - Loss: 0.4843
[Client 3, Round 63] Progress: 11% (32/286) - Loss: 0.4735
[Client 3, Round 63] Progress: 11% (34/286) - Loss: 0.1628
[Client 3, Round 63] Progress: 12% (36/286) - Loss: 0.0944
[Client 3, Round 63] Progress: 13% (38/286) - Loss: 0.1121
[Client 3, Round 63] Progress: 13% (40/286) - Loss: 0.1594
[Client 3, Round 63] Progress: 14% (42/286) - Loss: 0.2248
[Client 3, Round 63] Progress: 15% (44/286) - Loss: 0.1915
[Client 3, Round 63] Progress: 16% (46/286) - Loss: 0.1175
[Client 3, Round 63] Progress: 16% (48/286) - Loss: 0.1300
[Client 3, Round 63] Progress: 17% (50/286) - Loss: 0.1445
[Client 3, Round 63] Progress: 18% (52/286) - Loss: 0.0731
[Client 3, Round 63] Progress: 18% (54/286) - Loss: 0.1851
[Client 3, Round 63] Progress: 19% (56/286) - Loss: 0.1081
[Client 3, Round 63] Progress: 20% (58/286) - Loss: 0.7295
[Client 3, Round 63] Progress: 20% (60/286) - Loss: 0.0953
[Client 3, Round 63] Progress: 21% (62/286) - Loss: 0.2435
[Client 3, Round 63] Progress: 22% (64/286) - Loss: 0.0552
[Client 3, Round 63] Progress: 23% (66/286) - Loss: 0.4778
[Client 3, Round 63] Progress: 23% (68/286) - Loss: 0.0708
[Client 3, Round 63] Progress: 24% (70/286) - Loss: 0.4782
[Client 3, Round 63] Progress: 25% (72/286) - Loss: 0.1949
[Client 3, Round 63] Progress: 25% (74/286) - Loss: 0.1629
[Client 3, Round 63] Progress: 26% (76/286) - Loss: 0.0739
[Client 3, Round 63] Progress: 27% (78/286) - Loss: 0.0850
[Client 3, Round 63] Progress: 27% (80/286) - Loss: 0.3620
[Client 3, Round 63] Progress: 28% (82/286) - Loss: 0.1603
[Client 3, Round 63] Progress: 29% (84/286) - Loss: 0.0898
[Client 3, Round 63] Progress: 30% (86/286) - Loss: 0.2730
[Client 3, Round 63] Progress: 30% (88/286) - Loss: 0.6404
[Client 3, Round 63] Progress: 31% (90/286) - Loss: 0.0959
[Client 3, Round 63] Progress: 32% (92/286) - Loss: 0.0642
[Client 3, Round 63] Progress: 32% (94/286) - Loss: 0.1839
[Client 3, Round 63] Progress: 33% (96/286) - Loss: 0.0752
[Client 3, Round 63] Progress: 34% (98/286) - Loss: 0.1537
[Client 3, Round 63] Progress: 34% (100/286) - Loss: 0.1481
[Client 3, Round 63] Progress: 35% (102/286) - Loss: 0.0564
[Client 3, Round 63] Progress: 36% (104/286) - Loss: 0.1281
[Client 3, Round 63] Progress: 37% (106/286) - Loss: 0.1664
[Client 3, Round 63] Progress: 37% (108/286) - Loss: 0.0882
[Client 3, Round 63] Progress: 38% (110/286) - Loss: 0.1098
[Client 3, Round 63] Progress: 39% (112/286) - Loss: 0.0508
[Client 3, Round 63] Progress: 39% (114/286) - Loss: 0.1135
[Client 3, Round 63] Progress: 40% (116/286) - Loss: 0.0703
[Client 3, Round 63] Progress: 41% (118/286) - Loss: 0.0915
[Client 3, Round 63] Progress: 41% (120/286) - Loss: 0.5378
[Client 3, Round 63] Progress: 42% (122/286) - Loss: 0.2147
[Client 3, Round 63] Progress: 43% (124/286) - Loss: 0.4462
[Client 3, Round 63] Progress: 44% (126/286) - Loss: 0.1016
[Client 3, Round 63] Progress: 44% (128/286) - Loss: 0.2367
[Client 3, Round 63] Progress: 45% (130/286) - Loss: 0.0869
[Client 3, Round 63] Progress: 46% (132/286) - Loss: 0.1899
[Client 3, Round 63] Progress: 46% (134/286) - Loss: 0.5645
[Client 3, Round 63] Progress: 47% (136/286) - Loss: 0.1093
[Client 3, Round 63] Progress: 48% (138/286) - Loss: 0.1451
[Client 3, Round 63] Progress: 48% (140/286) - Loss: 0.0942
[Client 3, Round 63] Progress: 49% (142/286) - Loss: 0.4492
[Client 3, Round 63] Progress: 50% (144/286) - Loss: 0.1601
[Client 3, Round 63] Progress: 51% (146/286) - Loss: 0.1686
[Client 3, Round 63] Progress: 51% (148/286) - Loss: 0.4893
[Client 3, Round 63] Progress: 52% (150/286) - Loss: 0.1032
[Client 3, Round 63] Progress: 53% (152/286) - Loss: 0.1275
[Client 3, Round 63] Progress: 53% (154/286) - Loss: 0.1005
[Client 3, Round 63] Progress: 54% (156/286) - Loss: 0.3996
[Client 3, Round 63] Progress: 55% (158/286) - Loss: 0.5260
[Client 3, Round 63] Progress: 55% (160/286) - Loss: 0.0745
[Client 3, Round 63] Progress: 56% (162/286) - Loss: 0.1018
[Client 3, Round 63] Progress: 57% (164/286) - Loss: 0.6917
[Client 3, Round 63] Progress: 58% (166/286) - Loss: 0.1956
[Client 3, Round 63] Progress: 58% (168/286) - Loss: 0.1504
[Client 3, Round 63] Progress: 59% (170/286) - Loss: 0.0902
[Client 3, Round 63] Progress: 60% (172/286) - Loss: 0.1267
[Client 3, Round 63] Progress: 60% (174/286) - Loss: 0.1509
[Client 3, Round 63] Progress: 61% (176/286) - Loss: 0.1564
[Client 3, Round 63] Progress: 62% (178/286) - Loss: 0.0830
[Client 3, Round 63] Progress: 62% (180/286) - Loss: 0.1503
[Client 3, Round 63] Progress: 63% (182/286) - Loss: 0.1293
[Client 3, Round 63] Progress: 64% (184/286) - Loss: 0.1088
[Client 3, Round 63] Progress: 65% (186/286) - Loss: 0.0684
[Client 3, Round 63] Progress: 65% (188/286) - Loss: 0.1671
[Client 3, Round 63] Progress: 66% (190/286) - Loss: 0.4735
[Client 3, Round 63] Progress: 67% (192/286) - Loss: 0.2212
[Client 3, Round 63] Progress: 67% (194/286) - Loss: 0.3751
[Client 3, Round 63] Progress: 68% (196/286) - Loss: 0.0481
[Client 3, Round 63] Progress: 69% (198/286) - Loss: 0.4083
[Client 3, Round 63] Progress: 69% (200/286) - Loss: 0.4097
[Client 3, Round 63] Progress: 70% (202/286) - Loss: 0.1051
[Client 3, Round 63] Progress: 71% (204/286) - Loss: 0.1979
[Client 3, Round 63] Progress: 72% (206/286) - Loss: 0.2143
[Client 3, Round 63] Progress: 72% (208/286) - Loss: 0.1230
[Client 3, Round 63] Progress: 73% (210/286) - Loss: 0.2035
[Client 3, Round 63] Progress: 74% (212/286) - Loss: 0.1796
[Client 3, Round 63] Progress: 74% (214/286) - Loss: 0.3109
[Client 3, Round 63] Progress: 75% (216/286) - Loss: 0.1354
[Client 3, Round 63] Progress: 76% (218/286) - Loss: 0.1451
[Client 3, Round 63] Progress: 76% (220/286) - Loss: 0.0793
[Client 3, Round 63] Progress: 77% (222/286) - Loss: 0.0606
[Client 3, Round 63] Progress: 78% (224/286) - Loss: 0.0747
[Client 3, Round 63] Progress: 79% (226/286) - Loss: 0.4284
[Client 3, Round 63] Progress: 79% (228/286) - Loss: 0.1505
[Client 3, Round 63] Progress: 80% (230/286) - Loss: 0.1567
[Client 3, Round 63] Progress: 81% (232/286) - Loss: 0.1695
[Client 3, Round 63] Progress: 81% (234/286) - Loss: 0.1723
[Client 3, Round 63] Progress: 82% (236/286) - Loss: 0.1905
[Client 3, Round 63] Progress: 83% (238/286) - Loss: 0.1182
[Client 3, Round 63] Progress: 83% (240/286) - Loss: 0.1217
[Client 3, Round 63] Progress: 84% (242/286) - Loss: 0.2488
[Client 3, Round 63] Progress: 85% (244/286) - Loss: 0.1538
[Client 3, Round 63] Progress: 86% (246/286) - Loss: 0.0497
[Client 3, Round 63] Progress: 86% (248/286) - Loss: 0.0788
[Client 3, Round 63] Progress: 87% (250/286) - Loss: 0.1676
[Client 3, Round 63] Progress: 88% (252/286) - Loss: 0.1472
[Client 3, Round 63] Progress: 88% (254/286) - Loss: 0.0911
[Client 3, Round 63] Progress: 89% (256/286) - Loss: 0.1222
[Client 3, Round 63] Progress: 90% (258/286) - Loss: 0.0600
[Client 3, Round 63] Progress: 90% (260/286) - Loss: 0.4086
[Client 3, Round 63] Progress: 91% (262/286) - Loss: 0.1154
[Client 3, Round 63] Progress: 92% (264/286) - Loss: 0.1097
[Client 3, Round 63] Progress: 93% (266/286) - Loss: 0.0737
[Client 3, Round 63] Progress: 93% (268/286) - Loss: 0.0601
[Client 3, Round 63] Progress: 94% (270/286) - Loss: 0.0989
[Client 3, Round 63] Progress: 95% (272/286) - Loss: 0.0895
[Client 3, Round 63] Progress: 95% (274/286) - Loss: 0.1265
[Client 3, Round 63] Progress: 96% (276/286) - Loss: 0.0840
[Client 3, Round 63] Progress: 97% (278/286) - Loss: 0.5760
[Client 3, Round 63] Progress: 97% (280/286) - Loss: 0.1206
[Client 3, Round 63] Progress: 98% (282/286) - Loss: 0.0971
[Client 3, Round 63] Progress: 99% (284/286) - Loss: 0.1802
[Client 3, Round 63] Progress: 100% (286/286) - Loss: 0.0753
[Client 3, Round 63] Train Loss: 0.1956
[Client 3, Round 63] Val Loss: 0.1602 | Val Dice: 0.8556
[Client 3, Round 64] Progress: 0% (2/286) - Loss: 0.0984
[Client 3, Round 64] Progress: 1% (4/286) - Loss: 0.2737
[Client 3, Round 64] Progress: 2% (6/286) - Loss: 0.1171
[Client 3, Round 64] Progress: 2% (8/286) - Loss: 0.0943
[Client 3, Round 64] Progress: 3% (10/286) - Loss: 0.2610
[Client 3, Round 64] Progress: 4% (12/286) - Loss: 0.2168
[Client 3, Round 64] Progress: 4% (14/286) - Loss: 0.0578
[Client 3, Round 64] Progress: 5% (16/286) - Loss: 0.1727
[Client 3, Round 64] Progress: 6% (18/286) - Loss: 0.1339
[Client 3, Round 64] Progress: 6% (20/286) - Loss: 0.4734
[Client 3, Round 64] Progress: 7% (22/286) - Loss: 0.1169
[Client 3, Round 64] Progress: 8% (24/286) - Loss: 0.1121
[Client 3, Round 64] Progress: 9% (26/286) - Loss: 0.0733
[Client 3, Round 64] Progress: 9% (28/286) - Loss: 0.1969
[Client 3, Round 64] Progress: 10% (30/286) - Loss: 0.0916
[Client 3, Round 64] Progress: 11% (32/286) - Loss: 0.4035
[Client 3, Round 64] Progress: 11% (34/286) - Loss: 0.1321
[Client 3, Round 64] Progress: 12% (36/286) - Loss: 0.1207
[Client 3, Round 64] Progress: 13% (38/286) - Loss: 0.2983
[Client 3, Round 64] Progress: 13% (40/286) - Loss: 0.1661
[Client 3, Round 64] Progress: 14% (42/286) - Loss: 0.1101
[Client 3, Round 64] Progress: 15% (44/286) - Loss: 0.1857
[Client 3, Round 64] Progress: 16% (46/286) - Loss: 0.1535
[Client 3, Round 64] Progress: 16% (48/286) - Loss: 0.5548
[Client 3, Round 64] Progress: 17% (50/286) - Loss: 0.1009
[Client 3, Round 64] Progress: 18% (52/286) - Loss: 0.0681
[Client 3, Round 64] Progress: 18% (54/286) - Loss: 0.3173
[Client 3, Round 64] Progress: 19% (56/286) - Loss: 0.1192
[Client 3, Round 64] Progress: 20% (58/286) - Loss: 0.4736
[Client 3, Round 64] Progress: 20% (60/286) - Loss: 0.0652
[Client 3, Round 64] Progress: 21% (62/286) - Loss: 0.1759
[Client 3, Round 64] Progress: 22% (64/286) - Loss: 0.5872
[Client 3, Round 64] Progress: 23% (66/286) - Loss: 0.2185
[Client 3, Round 64] Progress: 23% (68/286) - Loss: 0.2260
[Client 3, Round 64] Progress: 24% (70/286) - Loss: 0.2213
[Client 3, Round 64] Progress: 25% (72/286) - Loss: 0.2043
[Client 3, Round 64] Progress: 25% (74/286) - Loss: 0.2925
[Client 3, Round 64] Progress: 26% (76/286) - Loss: 0.2885
[Client 3, Round 64] Progress: 27% (78/286) - Loss: 0.1188
[Client 3, Round 64] Progress: 27% (80/286) - Loss: 0.1234
[Client 3, Round 64] Progress: 28% (82/286) - Loss: 0.2057
[Client 3, Round 64] Progress: 29% (84/286) - Loss: 0.1290
[Client 3, Round 64] Progress: 30% (86/286) - Loss: 0.2017
[Client 3, Round 64] Progress: 30% (88/286) - Loss: 0.1423
[Client 3, Round 64] Progress: 31% (90/286) - Loss: 0.2193
[Client 3, Round 64] Progress: 32% (92/286) - Loss: 0.1889
[Client 3, Round 64] Progress: 32% (94/286) - Loss: 0.0882
[Client 3, Round 64] Progress: 33% (96/286) - Loss: 0.1016
[Client 3, Round 64] Progress: 34% (98/286) - Loss: 0.2539
[Client 3, Round 64] Progress: 34% (100/286) - Loss: 0.1375
[Client 3, Round 64] Progress: 35% (102/286) - Loss: 0.1443
[Client 3, Round 64] Progress: 36% (104/286) - Loss: 0.1377
[Client 3, Round 64] Progress: 37% (106/286) - Loss: 0.5047
[Client 3, Round 64] Progress: 37% (108/286) - Loss: 0.3716
[Client 3, Round 64] Progress: 38% (110/286) - Loss: 0.0753
[Client 3, Round 64] Progress: 39% (112/286) - Loss: 0.9795
[Client 3, Round 64] Progress: 39% (114/286) - Loss: 0.0439
[Client 3, Round 64] Progress: 40% (116/286) - Loss: 0.1713
[Client 3, Round 64] Progress: 41% (118/286) - Loss: 0.1079
[Client 3, Round 64] Progress: 41% (120/286) - Loss: 0.1123
[Client 3, Round 64] Progress: 42% (122/286) - Loss: 0.2031
[Client 3, Round 64] Progress: 43% (124/286) - Loss: 0.1340
[Client 3, Round 64] Progress: 44% (126/286) - Loss: 0.5091
[Client 3, Round 64] Progress: 44% (128/286) - Loss: 0.1782
[Client 3, Round 64] Progress: 45% (130/286) - Loss: 0.2418
[Client 3, Round 64] Progress: 46% (132/286) - Loss: 0.1959
[Client 3, Round 64] Progress: 46% (134/286) - Loss: 0.2720
[Client 3, Round 64] Progress: 47% (136/286) - Loss: 0.0805
[Client 3, Round 64] Progress: 48% (138/286) - Loss: 0.1332
[Client 3, Round 64] Progress: 48% (140/286) - Loss: 0.4511
[Client 3, Round 64] Progress: 49% (142/286) - Loss: 0.2394
[Client 3, Round 64] Progress: 50% (144/286) - Loss: 0.1059
[Client 3, Round 64] Progress: 51% (146/286) - Loss: 0.1296
[Client 3, Round 64] Progress: 51% (148/286) - Loss: 0.2013
[Client 3, Round 64] Progress: 52% (150/286) - Loss: 0.1036
[Client 3, Round 64] Progress: 53% (152/286) - Loss: 0.0669
[Client 3, Round 64] Progress: 53% (154/286) - Loss: 0.2025
[Client 3, Round 64] Progress: 54% (156/286) - Loss: 0.0543
[Client 3, Round 64] Progress: 55% (158/286) - Loss: 0.1241
[Client 3, Round 64] Progress: 55% (160/286) - Loss: 0.2138
[Client 3, Round 64] Progress: 56% (162/286) - Loss: 0.1197
[Client 3, Round 64] Progress: 57% (164/286) - Loss: 0.2012
[Client 3, Round 64] Progress: 58% (166/286) - Loss: 0.2246
[Client 3, Round 64] Progress: 58% (168/286) - Loss: 0.1232
[Client 3, Round 64] Progress: 59% (170/286) - Loss: 0.5320
[Client 3, Round 64] Progress: 60% (172/286) - Loss: 0.1318
[Client 3, Round 64] Progress: 60% (174/286) - Loss: 0.1621
[Client 3, Round 64] Progress: 61% (176/286) - Loss: 0.4558
[Client 3, Round 64] Progress: 62% (178/286) - Loss: 0.1696
[Client 3, Round 64] Progress: 62% (180/286) - Loss: 0.1423
[Client 3, Round 64] Progress: 63% (182/286) - Loss: 0.1510
[Client 3, Round 64] Progress: 64% (184/286) - Loss: 0.0748
[Client 3, Round 64] Progress: 65% (186/286) - Loss: 0.1257
[Client 3, Round 64] Progress: 65% (188/286) - Loss: 0.0937
[Client 3, Round 64] Progress: 66% (190/286) - Loss: 0.0886
[Client 3, Round 64] Progress: 67% (192/286) - Loss: 0.1906
[Client 3, Round 64] Progress: 67% (194/286) - Loss: 0.1238
[Client 3, Round 64] Progress: 68% (196/286) - Loss: 0.1258
[Client 3, Round 64] Progress: 69% (198/286) - Loss: 0.1618
[Client 3, Round 64] Progress: 69% (200/286) - Loss: 0.2037
[Client 3, Round 64] Progress: 70% (202/286) - Loss: 0.4542
[Client 3, Round 64] Progress: 71% (204/286) - Loss: 0.2003
[Client 3, Round 64] Progress: 72% (206/286) - Loss: 0.1370
[Client 3, Round 64] Progress: 72% (208/286) - Loss: 0.0962
[Client 3, Round 64] Progress: 73% (210/286) - Loss: 0.1301
[Client 3, Round 64] Progress: 74% (212/286) - Loss: 0.3154
[Client 3, Round 64] Progress: 74% (214/286) - Loss: 0.0913
[Client 3, Round 64] Progress: 75% (216/286) - Loss: 0.4290
[Client 3, Round 64] Progress: 76% (218/286) - Loss: 0.2010
[Client 3, Round 64] Progress: 76% (220/286) - Loss: 0.2618
[Client 3, Round 64] Progress: 77% (222/286) - Loss: 0.1103
[Client 3, Round 64] Progress: 78% (224/286) - Loss: 0.0649
[Client 3, Round 64] Progress: 79% (226/286) - Loss: 0.2289
[Client 3, Round 64] Progress: 79% (228/286) - Loss: 0.0843
[Client 3, Round 64] Progress: 80% (230/286) - Loss: 0.4163
[Client 3, Round 64] Progress: 81% (232/286) - Loss: 0.0981
[Client 3, Round 64] Progress: 81% (234/286) - Loss: 0.0820
[Client 3, Round 64] Progress: 82% (236/286) - Loss: 0.0587
[Client 3, Round 64] Progress: 83% (238/286) - Loss: 0.0958
[Client 3, Round 64] Progress: 83% (240/286) - Loss: 0.2811
[Client 3, Round 64] Progress: 84% (242/286) - Loss: 0.1811
[Client 3, Round 64] Progress: 85% (244/286) - Loss: 0.4398
[Client 3, Round 64] Progress: 86% (246/286) - Loss: 0.3123
[Client 3, Round 64] Progress: 86% (248/286) - Loss: 0.1803
[Client 3, Round 64] Progress: 87% (250/286) - Loss: 0.1127
[Client 3, Round 64] Progress: 88% (252/286) - Loss: 0.4227
[Client 3, Round 64] Progress: 88% (254/286) - Loss: 0.0667
[Client 3, Round 64] Progress: 89% (256/286) - Loss: 0.1733
[Client 3, Round 64] Progress: 90% (258/286) - Loss: 0.0836
[Client 3, Round 64] Progress: 90% (260/286) - Loss: 0.2290
[Client 3, Round 64] Progress: 91% (262/286) - Loss: 0.1208
[Client 3, Round 64] Progress: 92% (264/286) - Loss: 0.4493
[Client 3, Round 64] Progress: 93% (266/286) - Loss: 0.4700
[Client 3, Round 64] Progress: 93% (268/286) - Loss: 0.4806
[Client 3, Round 64] Progress: 94% (270/286) - Loss: 0.3319
[Client 3, Round 64] Progress: 95% (272/286) - Loss: 0.3146
[Client 3, Round 64] Progress: 95% (274/286) - Loss: 0.2568
[Client 3, Round 64] Progress: 96% (276/286) - Loss: 0.0816
[Client 3, Round 64] Progress: 97% (278/286) - Loss: 0.0663
[Client 3, Round 64] Progress: 97% (280/286) - Loss: 0.0958
[Client 3, Round 64] Progress: 98% (282/286) - Loss: 0.2565
[Client 3, Round 64] Progress: 99% (284/286) - Loss: 0.1605
[Client 3, Round 64] Progress: 100% (286/286) - Loss: 0.1617
[Client 3, Round 64] Train Loss: 0.1999
[Client 3, Round 64] Val Loss: 0.1587 | Val Dice: 0.8582
[Client 3, Round 65] Progress: 0% (2/286) - Loss: 0.2478
[Client 3, Round 65] Progress: 1% (4/286) - Loss: 0.1367
[Client 3, Round 65] Progress: 2% (6/286) - Loss: 0.1812
[Client 3, Round 65] Progress: 2% (8/286) - Loss: 0.0735
[Client 3, Round 65] Progress: 3% (10/286) - Loss: 0.1096
[Client 3, Round 65] Progress: 4% (12/286) - Loss: 0.4416
[Client 3, Round 65] Progress: 4% (14/286) - Loss: 0.6553
[Client 3, Round 65] Progress: 5% (16/286) - Loss: 0.1323
[Client 3, Round 65] Progress: 6% (18/286) - Loss: 0.1024
[Client 3, Round 65] Progress: 6% (20/286) - Loss: 0.1810
[Client 3, Round 65] Progress: 7% (22/286) - Loss: 0.6693
[Client 3, Round 65] Progress: 8% (24/286) - Loss: 0.1383
[Client 3, Round 65] Progress: 9% (26/286) - Loss: 0.0687
[Client 3, Round 65] Progress: 9% (28/286) - Loss: 0.0890
[Client 3, Round 65] Progress: 10% (30/286) - Loss: 0.1455
[Client 3, Round 65] Progress: 11% (32/286) - Loss: 0.3437
[Client 3, Round 65] Progress: 11% (34/286) - Loss: 0.1558
[Client 3, Round 65] Progress: 12% (36/286) - Loss: 0.0890
[Client 3, Round 65] Progress: 13% (38/286) - Loss: 0.1128
[Client 3, Round 65] Progress: 13% (40/286) - Loss: 0.1732
[Client 3, Round 65] Progress: 14% (42/286) - Loss: 0.1725
[Client 3, Round 65] Progress: 15% (44/286) - Loss: 0.1321
[Client 3, Round 65] Progress: 16% (46/286) - Loss: 0.0844
[Client 3, Round 65] Progress: 16% (48/286) - Loss: 0.1325
[Client 3, Round 65] Progress: 17% (50/286) - Loss: 0.0628
[Client 3, Round 65] Progress: 18% (52/286) - Loss: 0.2097
[Client 3, Round 65] Progress: 18% (54/286) - Loss: 0.2089
[Client 3, Round 65] Progress: 19% (56/286) - Loss: 0.1521
[Client 3, Round 65] Progress: 20% (58/286) - Loss: 0.1308
[Client 3, Round 65] Progress: 20% (60/286) - Loss: 0.1602
[Client 3, Round 65] Progress: 21% (62/286) - Loss: 0.3999
[Client 3, Round 65] Progress: 22% (64/286) - Loss: 0.0439
[Client 3, Round 65] Progress: 23% (66/286) - Loss: 0.1827
[Client 3, Round 65] Progress: 23% (68/286) - Loss: 0.1652
[Client 3, Round 65] Progress: 24% (70/286) - Loss: 0.6613
[Client 3, Round 65] Progress: 25% (72/286) - Loss: 0.3364
[Client 3, Round 65] Progress: 25% (74/286) - Loss: 0.4288
[Client 3, Round 65] Progress: 26% (76/286) - Loss: 0.1684
[Client 3, Round 65] Progress: 27% (78/286) - Loss: 0.1357
[Client 3, Round 65] Progress: 27% (80/286) - Loss: 0.0974
[Client 3, Round 65] Progress: 28% (82/286) - Loss: 0.0670
[Client 3, Round 65] Progress: 29% (84/286) - Loss: 0.4149
[Client 3, Round 65] Progress: 30% (86/286) - Loss: 0.0746
[Client 3, Round 65] Progress: 30% (88/286) - Loss: 0.1146
[Client 3, Round 65] Progress: 31% (90/286) - Loss: 0.4537
[Client 3, Round 65] Progress: 32% (92/286) - Loss: 0.4572
[Client 3, Round 65] Progress: 32% (94/286) - Loss: 0.1230
[Client 3, Round 65] Progress: 33% (96/286) - Loss: 0.1199
[Client 3, Round 65] Progress: 34% (98/286) - Loss: 0.1532
[Client 3, Round 65] Progress: 34% (100/286) - Loss: 0.1022
[Client 3, Round 65] Progress: 35% (102/286) - Loss: 0.2507
[Client 3, Round 65] Progress: 36% (104/286) - Loss: 0.3547
[Client 3, Round 65] Progress: 37% (106/286) - Loss: 0.1350
[Client 3, Round 65] Progress: 37% (108/286) - Loss: 0.3169
[Client 3, Round 65] Progress: 38% (110/286) - Loss: 0.6373
[Client 3, Round 65] Progress: 39% (112/286) - Loss: 0.2498
[Client 3, Round 65] Progress: 39% (114/286) - Loss: 0.0601
[Client 3, Round 65] Progress: 40% (116/286) - Loss: 0.0592
[Client 3, Round 65] Progress: 41% (118/286) - Loss: 0.0879
[Client 3, Round 65] Progress: 41% (120/286) - Loss: 0.0651
[Client 3, Round 65] Progress: 42% (122/286) - Loss: 0.1519
[Client 3, Round 65] Progress: 43% (124/286) - Loss: 0.0693
[Client 3, Round 65] Progress: 44% (126/286) - Loss: 0.1747
[Client 3, Round 65] Progress: 44% (128/286) - Loss: 0.0927
[Client 3, Round 65] Progress: 45% (130/286) - Loss: 0.1466
[Client 3, Round 65] Progress: 46% (132/286) - Loss: 0.0802
[Client 3, Round 65] Progress: 46% (134/286) - Loss: 0.1323
[Client 3, Round 65] Progress: 47% (136/286) - Loss: 0.1373
[Client 3, Round 65] Progress: 48% (138/286) - Loss: 0.1930
[Client 3, Round 65] Progress: 48% (140/286) - Loss: 0.4203
[Client 3, Round 65] Progress: 49% (142/286) - Loss: 0.1239
[Client 3, Round 65] Progress: 50% (144/286) - Loss: 0.1479
[Client 3, Round 65] Progress: 51% (146/286) - Loss: 0.1502
[Client 3, Round 65] Progress: 51% (148/286) - Loss: 0.0650
[Client 3, Round 65] Progress: 52% (150/286) - Loss: 0.1020
[Client 3, Round 65] Progress: 53% (152/286) - Loss: 0.0969
[Client 3, Round 65] Progress: 53% (154/286) - Loss: 0.1351
[Client 3, Round 65] Progress: 54% (156/286) - Loss: 0.0928
[Client 3, Round 65] Progress: 55% (158/286) - Loss: 0.0874
[Client 3, Round 65] Progress: 55% (160/286) - Loss: 0.1092
[Client 3, Round 65] Progress: 56% (162/286) - Loss: 0.1918
[Client 3, Round 65] Progress: 57% (164/286) - Loss: 0.4550
[Client 3, Round 65] Progress: 58% (166/286) - Loss: 0.1092
[Client 3, Round 65] Progress: 58% (168/286) - Loss: 0.0738
[Client 3, Round 65] Progress: 59% (170/286) - Loss: 0.1032
[Client 3, Round 65] Progress: 60% (172/286) - Loss: 0.1315
[Client 3, Round 65] Progress: 60% (174/286) - Loss: 0.6001
[Client 3, Round 65] Progress: 61% (176/286) - Loss: 0.2065
[Client 3, Round 65] Progress: 62% (178/286) - Loss: 0.3694
[Client 3, Round 65] Progress: 62% (180/286) - Loss: 0.3347
[Client 3, Round 65] Progress: 63% (182/286) - Loss: 0.1029
[Client 3, Round 65] Progress: 64% (184/286) - Loss: 0.0812
[Client 3, Round 65] Progress: 65% (186/286) - Loss: 0.3063
[Client 3, Round 65] Progress: 65% (188/286) - Loss: 0.1657
[Client 3, Round 65] Progress: 66% (190/286) - Loss: 0.0732
[Client 3, Round 65] Progress: 67% (192/286) - Loss: 0.1504
[Client 3, Round 65] Progress: 67% (194/286) - Loss: 0.4244
[Client 3, Round 65] Progress: 68% (196/286) - Loss: 0.1363
[Client 3, Round 65] Progress: 69% (198/286) - Loss: 0.1378
[Client 3, Round 65] Progress: 69% (200/286) - Loss: 0.1149
[Client 3, Round 65] Progress: 70% (202/286) - Loss: 0.1553
[Client 3, Round 65] Progress: 71% (204/286) - Loss: 0.1599
[Client 3, Round 65] Progress: 72% (206/286) - Loss: 0.0660
[Client 3, Round 65] Progress: 72% (208/286) - Loss: 0.0332
[Client 3, Round 65] Progress: 73% (210/286) - Loss: 0.1359
[Client 3, Round 65] Progress: 74% (212/286) - Loss: 0.1192
[Client 3, Round 65] Progress: 74% (214/286) - Loss: 0.0607
[Client 3, Round 65] Progress: 75% (216/286) - Loss: 0.1219
[Client 3, Round 65] Progress: 76% (218/286) - Loss: 0.0554
[Client 3, Round 65] Progress: 76% (220/286) - Loss: 0.0932
[Client 3, Round 65] Progress: 77% (222/286) - Loss: 0.1376
[Client 3, Round 65] Progress: 78% (224/286) - Loss: 0.0552
[Client 3, Round 65] Progress: 79% (226/286) - Loss: 0.1152
[Client 3, Round 65] Progress: 79% (228/286) - Loss: 0.2045
[Client 3, Round 65] Progress: 80% (230/286) - Loss: 0.1117
[Client 3, Round 65] Progress: 81% (232/286) - Loss: 0.1576
[Client 3, Round 65] Progress: 81% (234/286) - Loss: 0.2146
[Client 3, Round 65] Progress: 82% (236/286) - Loss: 0.1729
[Client 3, Round 65] Progress: 83% (238/286) - Loss: 0.2388
[Client 3, Round 65] Progress: 83% (240/286) - Loss: 0.1550
[Client 3, Round 65] Progress: 84% (242/286) - Loss: 0.0844
[Client 3, Round 65] Progress: 85% (244/286) - Loss: 0.1112
[Client 3, Round 65] Progress: 86% (246/286) - Loss: 0.4577
[Client 3, Round 65] Progress: 86% (248/286) - Loss: 0.5216
[Client 3, Round 65] Progress: 87% (250/286) - Loss: 0.3133
[Client 3, Round 65] Progress: 88% (252/286) - Loss: 0.0688
[Client 3, Round 65] Progress: 88% (254/286) - Loss: 0.1645
[Client 3, Round 65] Progress: 89% (256/286) - Loss: 0.0663
[Client 3, Round 65] Progress: 90% (258/286) - Loss: 0.0990
[Client 3, Round 65] Progress: 90% (260/286) - Loss: 0.1146
[Client 3, Round 65] Progress: 91% (262/286) - Loss: 0.0728
[Client 3, Round 65] Progress: 92% (264/286) - Loss: 0.1350
[Client 3, Round 65] Progress: 93% (266/286) - Loss: 0.0870
[Client 3, Round 65] Progress: 93% (268/286) - Loss: 0.2801
[Client 3, Round 65] Progress: 94% (270/286) - Loss: 0.1140
[Client 3, Round 65] Progress: 95% (272/286) - Loss: 0.3022
[Client 3, Round 65] Progress: 95% (274/286) - Loss: 0.1842
[Client 3, Round 65] Progress: 96% (276/286) - Loss: 0.1115
[Client 3, Round 65] Progress: 97% (278/286) - Loss: 0.3220
[Client 3, Round 65] Progress: 97% (280/286) - Loss: 0.7673
[Client 3, Round 65] Progress: 98% (282/286) - Loss: 0.1806
[Client 3, Round 65] Progress: 99% (284/286) - Loss: 0.3126
[Client 3, Round 65] Progress: 100% (286/286) - Loss: 0.0989
[Client 3, Round 65] Train Loss: 0.1920
[Client 3, Round 65] Val Loss: 0.1630 | Val Dice: 0.8537
[Client 3, Round 66] Progress: 0% (2/286) - Loss: 0.1779
[Client 3, Round 66] Progress: 1% (4/286) - Loss: 0.1726
[Client 3, Round 66] Progress: 2% (6/286) - Loss: 0.5796
[Client 3, Round 66] Progress: 2% (8/286) - Loss: 0.0502
[Client 3, Round 66] Progress: 3% (10/286) - Loss: 0.0457
[Client 3, Round 66] Progress: 4% (12/286) - Loss: 0.0772
[Client 3, Round 66] Progress: 4% (14/286) - Loss: 0.0670
[Client 3, Round 66] Progress: 5% (16/286) - Loss: 0.1191
[Client 3, Round 66] Progress: 6% (18/286) - Loss: 0.1167
[Client 3, Round 66] Progress: 6% (20/286) - Loss: 0.1134
[Client 3, Round 66] Progress: 7% (22/286) - Loss: 0.1503
[Client 3, Round 66] Progress: 8% (24/286) - Loss: 0.0995
[Client 3, Round 66] Progress: 9% (26/286) - Loss: 0.2742
[Client 3, Round 66] Progress: 9% (28/286) - Loss: 0.0416
[Client 3, Round 66] Progress: 10% (30/286) - Loss: 0.3919
[Client 3, Round 66] Progress: 11% (32/286) - Loss: 0.1336
[Client 3, Round 66] Progress: 11% (34/286) - Loss: 0.2246
[Client 3, Round 66] Progress: 12% (36/286) - Loss: 0.5305
[Client 3, Round 66] Progress: 13% (38/286) - Loss: 0.3154
[Client 3, Round 66] Progress: 13% (40/286) - Loss: 0.1638
[Client 3, Round 66] Progress: 14% (42/286) - Loss: 0.1022
[Client 3, Round 66] Progress: 15% (44/286) - Loss: 0.2116
[Client 3, Round 66] Progress: 16% (46/286) - Loss: 0.1757
[Client 3, Round 66] Progress: 16% (48/286) - Loss: 0.2279
[Client 3, Round 66] Progress: 17% (50/286) - Loss: 0.1611
[Client 3, Round 66] Progress: 18% (52/286) - Loss: 0.1539
[Client 3, Round 66] Progress: 18% (54/286) - Loss: 0.0805
[Client 3, Round 66] Progress: 19% (56/286) - Loss: 0.1583
[Client 3, Round 66] Progress: 20% (58/286) - Loss: 0.4092
[Client 3, Round 66] Progress: 20% (60/286) - Loss: 0.0978
[Client 3, Round 66] Progress: 21% (62/286) - Loss: 0.1542
[Client 3, Round 66] Progress: 22% (64/286) - Loss: 0.2482
[Client 3, Round 66] Progress: 23% (66/286) - Loss: 0.1764
[Client 3, Round 66] Progress: 23% (68/286) - Loss: 0.1538
[Client 3, Round 66] Progress: 24% (70/286) - Loss: 0.1123
[Client 3, Round 66] Progress: 25% (72/286) - Loss: 0.3882
[Client 3, Round 66] Progress: 25% (74/286) - Loss: 0.2709
[Client 3, Round 66] Progress: 26% (76/286) - Loss: 0.2373
[Client 3, Round 66] Progress: 27% (78/286) - Loss: 0.0472
[Client 3, Round 66] Progress: 27% (80/286) - Loss: 0.0920
[Client 3, Round 66] Progress: 28% (82/286) - Loss: 0.4686
[Client 3, Round 66] Progress: 29% (84/286) - Loss: 0.1012
[Client 3, Round 66] Progress: 30% (86/286) - Loss: 0.1756
[Client 3, Round 66] Progress: 30% (88/286) - Loss: 0.0882
[Client 3, Round 66] Progress: 31% (90/286) - Loss: 0.0662
[Client 3, Round 66] Progress: 32% (92/286) - Loss: 0.1271
[Client 3, Round 66] Progress: 32% (94/286) - Loss: 0.2319
[Client 3, Round 66] Progress: 33% (96/286) - Loss: 0.1558
[Client 3, Round 66] Progress: 34% (98/286) - Loss: 0.4960
[Client 3, Round 66] Progress: 34% (100/286) - Loss: 0.4686
[Client 3, Round 66] Progress: 35% (102/286) - Loss: 0.4188
[Client 3, Round 66] Progress: 36% (104/286) - Loss: 0.1655
[Client 3, Round 66] Progress: 37% (106/286) - Loss: 0.2815
[Client 3, Round 66] Progress: 37% (108/286) - Loss: 0.1700
[Client 3, Round 66] Progress: 38% (110/286) - Loss: 0.1667
[Client 3, Round 66] Progress: 39% (112/286) - Loss: 0.0921
[Client 3, Round 66] Progress: 39% (114/286) - Loss: 0.0985
[Client 3, Round 66] Progress: 40% (116/286) - Loss: 0.1669
[Client 3, Round 66] Progress: 41% (118/286) - Loss: 0.1013
[Client 3, Round 66] Progress: 41% (120/286) - Loss: 0.3102
[Client 3, Round 66] Progress: 42% (122/286) - Loss: 0.1122
[Client 3, Round 66] Progress: 43% (124/286) - Loss: 0.0856
[Client 3, Round 66] Progress: 44% (126/286) - Loss: 0.6291
[Client 3, Round 66] Progress: 44% (128/286) - Loss: 0.0829
[Client 3, Round 66] Progress: 45% (130/286) - Loss: 0.4569
[Client 3, Round 66] Progress: 46% (132/286) - Loss: 0.0844
[Client 3, Round 66] Progress: 46% (134/286) - Loss: 0.1169
[Client 3, Round 66] Progress: 47% (136/286) - Loss: 0.1371
[Client 3, Round 66] Progress: 48% (138/286) - Loss: 0.0854
[Client 3, Round 66] Progress: 48% (140/286) - Loss: 0.9999
[Client 3, Round 66] Progress: 49% (142/286) - Loss: 0.3768
[Client 3, Round 66] Progress: 50% (144/286) - Loss: 0.1058
[Client 3, Round 66] Progress: 51% (146/286) - Loss: 0.1452
[Client 3, Round 66] Progress: 51% (148/286) - Loss: 0.1186
[Client 3, Round 66] Progress: 52% (150/286) - Loss: 0.1393
[Client 3, Round 66] Progress: 53% (152/286) - Loss: 0.1044
[Client 3, Round 66] Progress: 53% (154/286) - Loss: 0.1996
[Client 3, Round 66] Progress: 54% (156/286) - Loss: 0.1513
[Client 3, Round 66] Progress: 55% (158/286) - Loss: 0.4969
[Client 3, Round 66] Progress: 55% (160/286) - Loss: 0.3695
[Client 3, Round 66] Progress: 56% (162/286) - Loss: 0.0871
[Client 3, Round 66] Progress: 57% (164/286) - Loss: 0.4485
[Client 3, Round 66] Progress: 58% (166/286) - Loss: 0.5455
[Client 3, Round 66] Progress: 58% (168/286) - Loss: 0.1322
[Client 3, Round 66] Progress: 59% (170/286) - Loss: 0.3597
[Client 3, Round 66] Progress: 60% (172/286) - Loss: 0.2184
[Client 3, Round 66] Progress: 60% (174/286) - Loss: 0.0845
[Client 3, Round 66] Progress: 61% (176/286) - Loss: 0.7411
[Client 3, Round 66] Progress: 62% (178/286) - Loss: 0.1749
[Client 3, Round 66] Progress: 62% (180/286) - Loss: 0.1258
[Client 3, Round 66] Progress: 63% (182/286) - Loss: 0.0693
[Client 3, Round 66] Progress: 64% (184/286) - Loss: 0.1632
[Client 3, Round 66] Progress: 65% (186/286) - Loss: 0.4188
[Client 3, Round 66] Progress: 65% (188/286) - Loss: 0.1008
[Client 3, Round 66] Progress: 66% (190/286) - Loss: 0.1017
[Client 3, Round 66] Progress: 67% (192/286) - Loss: 0.1051
[Client 3, Round 66] Progress: 67% (194/286) - Loss: 0.0842
[Client 3, Round 66] Progress: 68% (196/286) - Loss: 0.1153
[Client 3, Round 66] Progress: 69% (198/286) - Loss: 0.2672
[Client 3, Round 66] Progress: 69% (200/286) - Loss: 0.4094
[Client 3, Round 66] Progress: 70% (202/286) - Loss: 0.1246
[Client 3, Round 66] Progress: 71% (204/286) - Loss: 0.2735
[Client 3, Round 66] Progress: 72% (206/286) - Loss: 0.2233
[Client 3, Round 66] Progress: 72% (208/286) - Loss: 0.1821
[Client 3, Round 66] Progress: 73% (210/286) - Loss: 0.0568
[Client 3, Round 66] Progress: 74% (212/286) - Loss: 0.1672
[Client 3, Round 66] Progress: 74% (214/286) - Loss: 0.1403
[Client 3, Round 66] Progress: 75% (216/286) - Loss: 0.0638
[Client 3, Round 66] Progress: 76% (218/286) - Loss: 0.1056
[Client 3, Round 66] Progress: 76% (220/286) - Loss: 0.0632
[Client 3, Round 66] Progress: 77% (222/286) - Loss: 0.0759
[Client 3, Round 66] Progress: 78% (224/286) - Loss: 0.0969
[Client 3, Round 66] Progress: 79% (226/286) - Loss: 0.5587
[Client 3, Round 66] Progress: 79% (228/286) - Loss: 0.0803
[Client 3, Round 66] Progress: 80% (230/286) - Loss: 0.1059
[Client 3, Round 66] Progress: 81% (232/286) - Loss: 0.2080
[Client 3, Round 66] Progress: 81% (234/286) - Loss: 0.0430
[Client 3, Round 66] Progress: 82% (236/286) - Loss: 0.1927
[Client 3, Round 66] Progress: 83% (238/286) - Loss: 0.2776
[Client 3, Round 66] Progress: 83% (240/286) - Loss: 0.0914
[Client 3, Round 66] Progress: 84% (242/286) - Loss: 0.0614
[Client 3, Round 66] Progress: 85% (244/286) - Loss: 0.5235
[Client 3, Round 66] Progress: 86% (246/286) - Loss: 0.1337
[Client 3, Round 66] Progress: 86% (248/286) - Loss: 0.0654
[Client 3, Round 66] Progress: 87% (250/286) - Loss: 0.1677
[Client 3, Round 66] Progress: 88% (252/286) - Loss: 0.1226
[Client 3, Round 66] Progress: 88% (254/286) - Loss: 0.0664
[Client 3, Round 66] Progress: 89% (256/286) - Loss: 0.0933
[Client 3, Round 66] Progress: 90% (258/286) - Loss: 0.1177
[Client 3, Round 66] Progress: 90% (260/286) - Loss: 0.1797
[Client 3, Round 66] Progress: 91% (262/286) - Loss: 0.1095
[Client 3, Round 66] Progress: 92% (264/286) - Loss: 0.2901
[Client 3, Round 66] Progress: 93% (266/286) - Loss: 0.2481
[Client 3, Round 66] Progress: 93% (268/286) - Loss: 0.0949
[Client 3, Round 66] Progress: 94% (270/286) - Loss: 0.1223
[Client 3, Round 66] Progress: 95% (272/286) - Loss: 0.1611
[Client 3, Round 66] Progress: 95% (274/286) - Loss: 0.1055
[Client 3, Round 66] Progress: 96% (276/286) - Loss: 0.1029
[Client 3, Round 66] Progress: 97% (278/286) - Loss: 0.2531
[Client 3, Round 66] Progress: 97% (280/286) - Loss: 0.0760
[Client 3, Round 66] Progress: 98% (282/286) - Loss: 0.1337
[Client 3, Round 66] Progress: 99% (284/286) - Loss: 0.4766
[Client 3, Round 66] Progress: 100% (286/286) - Loss: 0.3307
[Client 3, Round 66] Train Loss: 0.1969
[Client 3, Round 66] Val Loss: 0.1618 | Val Dice: 0.8545
[Client 3, Round 67] Progress: 0% (2/286) - Loss: 0.0861
[Client 3, Round 67] Progress: 1% (4/286) - Loss: 0.4382
[Client 3, Round 67] Progress: 2% (6/286) - Loss: 0.1303
[Client 3, Round 67] Progress: 2% (8/286) - Loss: 0.1117
[Client 3, Round 67] Progress: 3% (10/286) - Loss: 0.1122
[Client 3, Round 67] Progress: 4% (12/286) - Loss: 0.0660
[Client 3, Round 67] Progress: 4% (14/286) - Loss: 0.5418
[Client 3, Round 67] Progress: 5% (16/286) - Loss: 0.1565
[Client 3, Round 67] Progress: 6% (18/286) - Loss: 0.0519
[Client 3, Round 67] Progress: 6% (20/286) - Loss: 0.7705
[Client 3, Round 67] Progress: 7% (22/286) - Loss: 0.4337
[Client 3, Round 67] Progress: 8% (24/286) - Loss: 0.0858
[Client 3, Round 67] Progress: 9% (26/286) - Loss: 0.2158
[Client 3, Round 67] Progress: 9% (28/286) - Loss: 0.1267
[Client 3, Round 67] Progress: 10% (30/286) - Loss: 0.2317
[Client 3, Round 67] Progress: 11% (32/286) - Loss: 0.1675
[Client 3, Round 67] Progress: 11% (34/286) - Loss: 0.1908
[Client 3, Round 67] Progress: 12% (36/286) - Loss: 0.2274
[Client 3, Round 67] Progress: 13% (38/286) - Loss: 0.0943
[Client 3, Round 67] Progress: 13% (40/286) - Loss: 0.0800
[Client 3, Round 67] Progress: 14% (42/286) - Loss: 0.1671
[Client 3, Round 67] Progress: 15% (44/286) - Loss: 0.1123
[Client 3, Round 67] Progress: 16% (46/286) - Loss: 0.4104
[Client 3, Round 67] Progress: 16% (48/286) - Loss: 0.0908
[Client 3, Round 67] Progress: 17% (50/286) - Loss: 0.0682
[Client 3, Round 67] Progress: 18% (52/286) - Loss: 0.4216
[Client 3, Round 67] Progress: 18% (54/286) - Loss: 0.0708
[Client 3, Round 67] Progress: 19% (56/286) - Loss: 0.2218
[Client 3, Round 67] Progress: 20% (58/286) - Loss: 0.1445
[Client 3, Round 67] Progress: 20% (60/286) - Loss: 0.0979
[Client 3, Round 67] Progress: 21% (62/286) - Loss: 0.1220
[Client 3, Round 67] Progress: 22% (64/286) - Loss: 0.4657
[Client 3, Round 67] Progress: 23% (66/286) - Loss: 0.1367
[Client 3, Round 67] Progress: 23% (68/286) - Loss: 0.1365
[Client 3, Round 67] Progress: 24% (70/286) - Loss: 0.1131
[Client 3, Round 67] Progress: 25% (72/286) - Loss: 0.3829
[Client 3, Round 67] Progress: 25% (74/286) - Loss: 0.4703
[Client 3, Round 67] Progress: 26% (76/286) - Loss: 0.5022
[Client 3, Round 67] Progress: 27% (78/286) - Loss: 0.1396
[Client 3, Round 67] Progress: 27% (80/286) - Loss: 0.1007
[Client 3, Round 67] Progress: 28% (82/286) - Loss: 0.1831
[Client 3, Round 67] Progress: 29% (84/286) - Loss: 0.4649
[Client 3, Round 67] Progress: 30% (86/286) - Loss: 0.0933
[Client 3, Round 67] Progress: 30% (88/286) - Loss: 0.1193
[Client 3, Round 67] Progress: 31% (90/286) - Loss: 0.1224
[Client 3, Round 67] Progress: 32% (92/286) - Loss: 0.0723
[Client 3, Round 67] Progress: 32% (94/286) - Loss: 0.1208
[Client 3, Round 67] Progress: 33% (96/286) - Loss: 0.1280
[Client 3, Round 67] Progress: 34% (98/286) - Loss: 0.0771
[Client 3, Round 67] Progress: 34% (100/286) - Loss: 0.1360
[Client 3, Round 67] Progress: 35% (102/286) - Loss: 0.2867
[Client 3, Round 67] Progress: 36% (104/286) - Loss: 0.1507
[Client 3, Round 67] Progress: 37% (106/286) - Loss: 0.1719
[Client 3, Round 67] Progress: 37% (108/286) - Loss: 0.1592
[Client 3, Round 67] Progress: 38% (110/286) - Loss: 0.0831
[Client 3, Round 67] Progress: 39% (112/286) - Loss: 0.1438
[Client 3, Round 67] Progress: 39% (114/286) - Loss: 0.2179
[Client 3, Round 67] Progress: 40% (116/286) - Loss: 0.4826
[Client 3, Round 67] Progress: 41% (118/286) - Loss: 0.1120
[Client 3, Round 67] Progress: 41% (120/286) - Loss: 0.1412
[Client 3, Round 67] Progress: 42% (122/286) - Loss: 0.1442
[Client 3, Round 67] Progress: 43% (124/286) - Loss: 0.1308
[Client 3, Round 67] Progress: 44% (126/286) - Loss: 0.2060
[Client 3, Round 67] Progress: 44% (128/286) - Loss: 0.1470
[Client 3, Round 67] Progress: 45% (130/286) - Loss: 0.4646
[Client 3, Round 67] Progress: 46% (132/286) - Loss: 0.0907
[Client 3, Round 67] Progress: 46% (134/286) - Loss: 0.5033
[Client 3, Round 67] Progress: 47% (136/286) - Loss: 0.0832
[Client 3, Round 67] Progress: 48% (138/286) - Loss: 0.1574
[Client 3, Round 67] Progress: 48% (140/286) - Loss: 0.1040
[Client 3, Round 67] Progress: 49% (142/286) - Loss: 0.0400
[Client 3, Round 67] Progress: 50% (144/286) - Loss: 0.1187
[Client 3, Round 67] Progress: 51% (146/286) - Loss: 0.1184
[Client 3, Round 67] Progress: 51% (148/286) - Loss: 0.0908
[Client 3, Round 67] Progress: 52% (150/286) - Loss: 0.1311
[Client 3, Round 67] Progress: 53% (152/286) - Loss: 0.7496
[Client 3, Round 67] Progress: 53% (154/286) - Loss: 0.0426
[Client 3, Round 67] Progress: 54% (156/286) - Loss: 0.4331
[Client 3, Round 67] Progress: 55% (158/286) - Loss: 0.1849
[Client 3, Round 67] Progress: 55% (160/286) - Loss: 0.0979
[Client 3, Round 67] Progress: 56% (162/286) - Loss: 0.1149
[Client 3, Round 67] Progress: 57% (164/286) - Loss: 0.1117
[Client 3, Round 67] Progress: 58% (166/286) - Loss: 0.2603
[Client 3, Round 67] Progress: 58% (168/286) - Loss: 0.0911
[Client 3, Round 67] Progress: 59% (170/286) - Loss: 0.1165
[Client 3, Round 67] Progress: 60% (172/286) - Loss: 0.2726
[Client 3, Round 67] Progress: 60% (174/286) - Loss: 0.0636
[Client 3, Round 67] Progress: 61% (176/286) - Loss: 0.1000
[Client 3, Round 67] Progress: 62% (178/286) - Loss: 0.0461
[Client 3, Round 67] Progress: 62% (180/286) - Loss: 0.1147
[Client 3, Round 67] Progress: 63% (182/286) - Loss: 0.0740
[Client 3, Round 67] Progress: 64% (184/286) - Loss: 0.1437
[Client 3, Round 67] Progress: 65% (186/286) - Loss: 0.1897
[Client 3, Round 67] Progress: 65% (188/286) - Loss: 0.1735
[Client 3, Round 67] Progress: 66% (190/286) - Loss: 0.1167
[Client 3, Round 67] Progress: 67% (192/286) - Loss: 0.0914
[Client 3, Round 67] Progress: 67% (194/286) - Loss: 0.0935
[Client 3, Round 67] Progress: 68% (196/286) - Loss: 0.1365
[Client 3, Round 67] Progress: 69% (198/286) - Loss: 0.3911
[Client 3, Round 67] Progress: 69% (200/286) - Loss: 0.1610
[Client 3, Round 67] Progress: 70% (202/286) - Loss: 0.3866
[Client 3, Round 67] Progress: 71% (204/286) - Loss: 0.4605
[Client 3, Round 67] Progress: 72% (206/286) - Loss: 0.4000
[Client 3, Round 67] Progress: 72% (208/286) - Loss: 0.0617
[Client 3, Round 67] Progress: 73% (210/286) - Loss: 0.1965
[Client 3, Round 67] Progress: 74% (212/286) - Loss: 0.4604
[Client 3, Round 67] Progress: 74% (214/286) - Loss: 0.1355
[Client 3, Round 67] Progress: 75% (216/286) - Loss: 0.3015
[Client 3, Round 67] Progress: 76% (218/286) - Loss: 0.1542
[Client 3, Round 67] Progress: 76% (220/286) - Loss: 0.0603
[Client 3, Round 67] Progress: 77% (222/286) - Loss: 0.0947
[Client 3, Round 67] Progress: 78% (224/286) - Loss: 0.0945
[Client 3, Round 67] Progress: 79% (226/286) - Loss: 0.2022
[Client 3, Round 67] Progress: 79% (228/286) - Loss: 0.1148
[Client 3, Round 67] Progress: 80% (230/286) - Loss: 0.0779
[Client 3, Round 67] Progress: 81% (232/286) - Loss: 0.1068
[Client 3, Round 67] Progress: 81% (234/286) - Loss: 0.5316
[Client 3, Round 67] Progress: 82% (236/286) - Loss: 0.1312
[Client 3, Round 67] Progress: 83% (238/286) - Loss: 0.2168
[Client 3, Round 67] Progress: 83% (240/286) - Loss: 0.4896
[Client 3, Round 67] Progress: 84% (242/286) - Loss: 0.1171
[Client 3, Round 67] Progress: 85% (244/286) - Loss: 0.0851
[Client 3, Round 67] Progress: 86% (246/286) - Loss: 0.1121
[Client 3, Round 67] Progress: 86% (248/286) - Loss: 0.1205
[Client 3, Round 67] Progress: 87% (250/286) - Loss: 0.1206
[Client 3, Round 67] Progress: 88% (252/286) - Loss: 0.1628
[Client 3, Round 67] Progress: 88% (254/286) - Loss: 0.2000
[Client 3, Round 67] Progress: 89% (256/286) - Loss: 0.0637
[Client 3, Round 67] Progress: 90% (258/286) - Loss: 0.6595
[Client 3, Round 67] Progress: 90% (260/286) - Loss: 0.2170
[Client 3, Round 67] Progress: 91% (262/286) - Loss: 0.1015
[Client 3, Round 67] Progress: 92% (264/286) - Loss: 0.0760
[Client 3, Round 67] Progress: 93% (266/286) - Loss: 0.1189
[Client 3, Round 67] Progress: 93% (268/286) - Loss: 0.1580
[Client 3, Round 67] Progress: 94% (270/286) - Loss: 0.2294
[Client 3, Round 67] Progress: 95% (272/286) - Loss: 0.0660
[Client 3, Round 67] Progress: 95% (274/286) - Loss: 0.1394
[Client 3, Round 67] Progress: 96% (276/286) - Loss: 0.1835
[Client 3, Round 67] Progress: 97% (278/286) - Loss: 0.1035
[Client 3, Round 67] Progress: 97% (280/286) - Loss: 0.0756
[Client 3, Round 67] Progress: 98% (282/286) - Loss: 0.3050
[Client 3, Round 67] Progress: 99% (284/286) - Loss: 0.1828
[Client 3, Round 67] Progress: 100% (286/286) - Loss: 0.0842
[Client 3, Round 67] Train Loss: 0.1961
[Client 3, Round 67] Val Loss: 0.1716 | Val Dice: 0.8443
[Client 3, Round 68] Progress: 0% (2/286) - Loss: 0.1718
[Client 3, Round 68] Progress: 1% (4/286) - Loss: 0.1208
[Client 3, Round 68] Progress: 2% (6/286) - Loss: 0.0574
[Client 3, Round 68] Progress: 2% (8/286) - Loss: 0.1018
[Client 3, Round 68] Progress: 3% (10/286) - Loss: 0.1197
[Client 3, Round 68] Progress: 4% (12/286) - Loss: 0.2094
[Client 3, Round 68] Progress: 4% (14/286) - Loss: 0.0583
[Client 3, Round 68] Progress: 5% (16/286) - Loss: 0.2477
[Client 3, Round 68] Progress: 6% (18/286) - Loss: 0.1378
[Client 3, Round 68] Progress: 6% (20/286) - Loss: 0.2285
[Client 3, Round 68] Progress: 7% (22/286) - Loss: 0.0994
[Client 3, Round 68] Progress: 8% (24/286) - Loss: 0.5451
[Client 3, Round 68] Progress: 9% (26/286) - Loss: 0.4563
[Client 3, Round 68] Progress: 9% (28/286) - Loss: 0.1459
[Client 3, Round 68] Progress: 10% (30/286) - Loss: 0.1136
[Client 3, Round 68] Progress: 11% (32/286) - Loss: 0.1337
[Client 3, Round 68] Progress: 11% (34/286) - Loss: 0.2197
[Client 3, Round 68] Progress: 12% (36/286) - Loss: 0.3184
[Client 3, Round 68] Progress: 13% (38/286) - Loss: 0.0773
[Client 3, Round 68] Progress: 13% (40/286) - Loss: 0.1506
[Client 3, Round 68] Progress: 14% (42/286) - Loss: 0.1287
[Client 3, Round 68] Progress: 15% (44/286) - Loss: 0.2012
[Client 3, Round 68] Progress: 16% (46/286) - Loss: 0.1261
[Client 3, Round 68] Progress: 16% (48/286) - Loss: 0.1599
[Client 3, Round 68] Progress: 17% (50/286) - Loss: 0.1051
[Client 3, Round 68] Progress: 18% (52/286) - Loss: 0.0649
[Client 3, Round 68] Progress: 18% (54/286) - Loss: 0.0677
[Client 3, Round 68] Progress: 19% (56/286) - Loss: 0.2340
[Client 3, Round 68] Progress: 20% (58/286) - Loss: 0.0670
[Client 3, Round 68] Progress: 20% (60/286) - Loss: 0.5685
[Client 3, Round 68] Progress: 21% (62/286) - Loss: 0.4517
[Client 3, Round 68] Progress: 22% (64/286) - Loss: 0.2107
[Client 3, Round 68] Progress: 23% (66/286) - Loss: 0.2698
[Client 3, Round 68] Progress: 23% (68/286) - Loss: 0.2252
[Client 3, Round 68] Progress: 24% (70/286) - Loss: 0.1398
[Client 3, Round 68] Progress: 25% (72/286) - Loss: 0.4342
[Client 3, Round 68] Progress: 25% (74/286) - Loss: 0.4733
[Client 3, Round 68] Progress: 26% (76/286) - Loss: 0.1089
[Client 3, Round 68] Progress: 27% (78/286) - Loss: 0.1286
[Client 3, Round 68] Progress: 27% (80/286) - Loss: 0.4560
[Client 3, Round 68] Progress: 28% (82/286) - Loss: 0.0966
[Client 3, Round 68] Progress: 29% (84/286) - Loss: 0.4832
[Client 3, Round 68] Progress: 30% (86/286) - Loss: 0.0957
[Client 3, Round 68] Progress: 30% (88/286) - Loss: 0.1418
[Client 3, Round 68] Progress: 31% (90/286) - Loss: 0.0999
[Client 3, Round 68] Progress: 32% (92/286) - Loss: 0.1833
[Client 3, Round 68] Progress: 32% (94/286) - Loss: 0.7720
[Client 3, Round 68] Progress: 33% (96/286) - Loss: 0.4798
[Client 3, Round 68] Progress: 34% (98/286) - Loss: 0.4150
[Client 3, Round 68] Progress: 34% (100/286) - Loss: 0.0917
[Client 3, Round 68] Progress: 35% (102/286) - Loss: 0.3694
[Client 3, Round 68] Progress: 36% (104/286) - Loss: 0.1099
[Client 3, Round 68] Progress: 37% (106/286) - Loss: 0.1256
[Client 3, Round 68] Progress: 37% (108/286) - Loss: 0.6311
[Client 3, Round 68] Progress: 38% (110/286) - Loss: 0.1519
[Client 3, Round 68] Progress: 39% (112/286) - Loss: 0.1266
[Client 3, Round 68] Progress: 39% (114/286) - Loss: 0.6766
[Client 3, Round 68] Progress: 40% (116/286) - Loss: 0.1642
[Client 3, Round 68] Progress: 41% (118/286) - Loss: 0.1726
[Client 3, Round 68] Progress: 41% (120/286) - Loss: 0.4054
[Client 3, Round 68] Progress: 42% (122/286) - Loss: 0.0932
[Client 3, Round 68] Progress: 43% (124/286) - Loss: 0.6185
[Client 3, Round 68] Progress: 44% (126/286) - Loss: 0.0620
[Client 3, Round 68] Progress: 44% (128/286) - Loss: 0.1547
[Client 3, Round 68] Progress: 45% (130/286) - Loss: 0.3768
[Client 3, Round 68] Progress: 46% (132/286) - Loss: 0.1368
[Client 3, Round 68] Progress: 46% (134/286) - Loss: 0.3776
[Client 3, Round 68] Progress: 47% (136/286) - Loss: 0.1178
[Client 3, Round 68] Progress: 48% (138/286) - Loss: 0.2820
[Client 3, Round 68] Progress: 48% (140/286) - Loss: 0.1278
[Client 3, Round 68] Progress: 49% (142/286) - Loss: 0.1393
[Client 3, Round 68] Progress: 50% (144/286) - Loss: 0.1137
[Client 3, Round 68] Progress: 51% (146/286) - Loss: 0.1778
[Client 3, Round 68] Progress: 51% (148/286) - Loss: 0.0756
[Client 3, Round 68] Progress: 52% (150/286) - Loss: 0.1058
[Client 3, Round 68] Progress: 53% (152/286) - Loss: 0.0632
[Client 3, Round 68] Progress: 53% (154/286) - Loss: 0.1786
[Client 3, Round 68] Progress: 54% (156/286) - Loss: 0.2186
[Client 3, Round 68] Progress: 55% (158/286) - Loss: 0.0607
[Client 3, Round 68] Progress: 55% (160/286) - Loss: 0.2805
[Client 3, Round 68] Progress: 56% (162/286) - Loss: 0.1168
[Client 3, Round 68] Progress: 57% (164/286) - Loss: 0.1723
[Client 3, Round 68] Progress: 58% (166/286) - Loss: 0.1300
[Client 3, Round 68] Progress: 58% (168/286) - Loss: 0.1136
[Client 3, Round 68] Progress: 59% (170/286) - Loss: 0.4569
[Client 3, Round 68] Progress: 60% (172/286) - Loss: 0.1861
[Client 3, Round 68] Progress: 60% (174/286) - Loss: 0.1688
[Client 3, Round 68] Progress: 61% (176/286) - Loss: 0.2049
[Client 3, Round 68] Progress: 62% (178/286) - Loss: 0.0467
[Client 3, Round 68] Progress: 62% (180/286) - Loss: 0.1788
[Client 3, Round 68] Progress: 63% (182/286) - Loss: 0.0931
[Client 3, Round 68] Progress: 64% (184/286) - Loss: 0.2098
[Client 3, Round 68] Progress: 65% (186/286) - Loss: 0.1039
[Client 3, Round 68] Progress: 65% (188/286) - Loss: 0.4662
[Client 3, Round 68] Progress: 66% (190/286) - Loss: 0.3495
[Client 3, Round 68] Progress: 67% (192/286) - Loss: 0.3897
[Client 3, Round 68] Progress: 67% (194/286) - Loss: 0.0963
[Client 3, Round 68] Progress: 68% (196/286) - Loss: 0.1694
[Client 3, Round 68] Progress: 69% (198/286) - Loss: 0.2549
[Client 3, Round 68] Progress: 69% (200/286) - Loss: 0.1169
[Client 3, Round 68] Progress: 70% (202/286) - Loss: 0.4729
[Client 3, Round 68] Progress: 71% (204/286) - Loss: 0.5300
[Client 3, Round 68] Progress: 72% (206/286) - Loss: 0.1802
[Client 3, Round 68] Progress: 72% (208/286) - Loss: 0.2452
[Client 3, Round 68] Progress: 73% (210/286) - Loss: 0.1999
[Client 3, Round 68] Progress: 74% (212/286) - Loss: 0.2980
[Client 3, Round 68] Progress: 74% (214/286) - Loss: 0.1151
[Client 3, Round 68] Progress: 75% (216/286) - Loss: 0.1745
[Client 3, Round 68] Progress: 76% (218/286) - Loss: 0.2168
[Client 3, Round 68] Progress: 76% (220/286) - Loss: 0.1212
[Client 3, Round 68] Progress: 77% (222/286) - Loss: 0.2896
[Client 3, Round 68] Progress: 78% (224/286) - Loss: 0.0969
[Client 3, Round 68] Progress: 79% (226/286) - Loss: 0.1750
[Client 3, Round 68] Progress: 79% (228/286) - Loss: 0.1165
[Client 3, Round 68] Progress: 80% (230/286) - Loss: 0.1359
[Client 3, Round 68] Progress: 81% (232/286) - Loss: 0.0845
[Client 3, Round 68] Progress: 81% (234/286) - Loss: 0.0945
[Client 3, Round 68] Progress: 82% (236/286) - Loss: 0.0591
[Client 3, Round 68] Progress: 83% (238/286) - Loss: 0.1377
[Client 3, Round 68] Progress: 83% (240/286) - Loss: 0.0927
[Client 3, Round 68] Progress: 84% (242/286) - Loss: 0.4964
[Client 3, Round 68] Progress: 85% (244/286) - Loss: 0.1218
[Client 3, Round 68] Progress: 86% (246/286) - Loss: 0.1049
[Client 3, Round 68] Progress: 86% (248/286) - Loss: 0.5078
[Client 3, Round 68] Progress: 87% (250/286) - Loss: 0.0572
[Client 3, Round 68] Progress: 88% (252/286) - Loss: 0.1369
[Client 3, Round 68] Progress: 88% (254/286) - Loss: 0.0771
[Client 3, Round 68] Progress: 89% (256/286) - Loss: 0.1573
[Client 3, Round 68] Progress: 90% (258/286) - Loss: 0.1292
[Client 3, Round 68] Progress: 90% (260/286) - Loss: 0.0909
[Client 3, Round 68] Progress: 91% (262/286) - Loss: 0.0642
[Client 3, Round 68] Progress: 92% (264/286) - Loss: 0.0885
[Client 3, Round 68] Progress: 93% (266/286) - Loss: 0.1232
[Client 3, Round 68] Progress: 93% (268/286) - Loss: 0.5510
[Client 3, Round 68] Progress: 94% (270/286) - Loss: 0.1651
[Client 3, Round 68] Progress: 95% (272/286) - Loss: 0.4270
[Client 3, Round 68] Progress: 95% (274/286) - Loss: 0.1454
[Client 3, Round 68] Progress: 96% (276/286) - Loss: 0.0706
[Client 3, Round 68] Progress: 97% (278/286) - Loss: 0.5273
[Client 3, Round 68] Progress: 97% (280/286) - Loss: 0.0513
[Client 3, Round 68] Progress: 98% (282/286) - Loss: 0.1144
[Client 3, Round 68] Progress: 99% (284/286) - Loss: 0.5081
[Client 3, Round 68] Progress: 100% (286/286) - Loss: 0.1500
[Client 3, Round 68] Train Loss: 0.1955
[Client 3, Round 68] Val Loss: 0.1627 | Val Dice: 0.8558
[Client 3, Round 69] Progress: 0% (2/286) - Loss: 0.1050
[Client 3, Round 69] Progress: 1% (4/286) - Loss: 0.0739
[Client 3, Round 69] Progress: 2% (6/286) - Loss: 0.4745
[Client 3, Round 69] Progress: 2% (8/286) - Loss: 0.1144
[Client 3, Round 69] Progress: 3% (10/286) - Loss: 0.1518
[Client 3, Round 69] Progress: 4% (12/286) - Loss: 0.1501
[Client 3, Round 69] Progress: 4% (14/286) - Loss: 0.0683
[Client 3, Round 69] Progress: 5% (16/286) - Loss: 0.1544
[Client 3, Round 69] Progress: 6% (18/286) - Loss: 0.1776
[Client 3, Round 69] Progress: 6% (20/286) - Loss: 0.1832
[Client 3, Round 69] Progress: 7% (22/286) - Loss: 0.1321
[Client 3, Round 69] Progress: 8% (24/286) - Loss: 0.0466
[Client 3, Round 69] Progress: 9% (26/286) - Loss: 0.0483
[Client 3, Round 69] Progress: 9% (28/286) - Loss: 0.1401
[Client 3, Round 69] Progress: 10% (30/286) - Loss: 0.0442
[Client 3, Round 69] Progress: 11% (32/286) - Loss: 0.4527
[Client 3, Round 69] Progress: 11% (34/286) - Loss: 0.1578
[Client 3, Round 69] Progress: 12% (36/286) - Loss: 0.4282
[Client 3, Round 69] Progress: 13% (38/286) - Loss: 0.1006
[Client 3, Round 69] Progress: 13% (40/286) - Loss: 0.1095
[Client 3, Round 69] Progress: 14% (42/286) - Loss: 0.1109
[Client 3, Round 69] Progress: 15% (44/286) - Loss: 0.1950
[Client 3, Round 69] Progress: 16% (46/286) - Loss: 0.0901
[Client 3, Round 69] Progress: 16% (48/286) - Loss: 0.2242
[Client 3, Round 69] Progress: 17% (50/286) - Loss: 0.2261
[Client 3, Round 69] Progress: 18% (52/286) - Loss: 0.1195
[Client 3, Round 69] Progress: 18% (54/286) - Loss: 0.1791
[Client 3, Round 69] Progress: 19% (56/286) - Loss: 0.5777
[Client 3, Round 69] Progress: 20% (58/286) - Loss: 0.1151
[Client 3, Round 69] Progress: 20% (60/286) - Loss: 0.0571
[Client 3, Round 69] Progress: 21% (62/286) - Loss: 0.1448
[Client 3, Round 69] Progress: 22% (64/286) - Loss: 0.1196
[Client 3, Round 69] Progress: 23% (66/286) - Loss: 0.1656
[Client 3, Round 69] Progress: 23% (68/286) - Loss: 0.1256
[Client 3, Round 69] Progress: 24% (70/286) - Loss: 0.1897
[Client 3, Round 69] Progress: 25% (72/286) - Loss: 0.1622
[Client 3, Round 69] Progress: 25% (74/286) - Loss: 0.1173
[Client 3, Round 69] Progress: 26% (76/286) - Loss: 0.1239
[Client 3, Round 69] Progress: 27% (78/286) - Loss: 0.1635
[Client 3, Round 69] Progress: 27% (80/286) - Loss: 0.1687
[Client 3, Round 69] Progress: 28% (82/286) - Loss: 0.1469
[Client 3, Round 69] Progress: 29% (84/286) - Loss: 0.5556
[Client 3, Round 69] Progress: 30% (86/286) - Loss: 0.0978
[Client 3, Round 69] Progress: 30% (88/286) - Loss: 0.4802
[Client 3, Round 69] Progress: 31% (90/286) - Loss: 0.1414
[Client 3, Round 69] Progress: 32% (92/286) - Loss: 0.2410
[Client 3, Round 69] Progress: 32% (94/286) - Loss: 0.0862
[Client 3, Round 69] Progress: 33% (96/286) - Loss: 0.2544
[Client 3, Round 69] Progress: 34% (98/286) - Loss: 0.0882
[Client 3, Round 69] Progress: 34% (100/286) - Loss: 0.0799
[Client 3, Round 69] Progress: 35% (102/286) - Loss: 0.1278
[Client 3, Round 69] Progress: 36% (104/286) - Loss: 0.1108
[Client 3, Round 69] Progress: 37% (106/286) - Loss: 0.1288
[Client 3, Round 69] Progress: 37% (108/286) - Loss: 0.0978
[Client 3, Round 69] Progress: 38% (110/286) - Loss: 0.1658
[Client 3, Round 69] Progress: 39% (112/286) - Loss: 0.2742
[Client 3, Round 69] Progress: 39% (114/286) - Loss: 0.4783
[Client 3, Round 69] Progress: 40% (116/286) - Loss: 0.1555
[Client 3, Round 69] Progress: 41% (118/286) - Loss: 0.3668
[Client 3, Round 69] Progress: 41% (120/286) - Loss: 0.1243
[Client 3, Round 69] Progress: 42% (122/286) - Loss: 0.1770
[Client 3, Round 69] Progress: 43% (124/286) - Loss: 0.1708
[Client 3, Round 69] Progress: 44% (126/286) - Loss: 0.4475
[Client 3, Round 69] Progress: 44% (128/286) - Loss: 0.1351
[Client 3, Round 69] Progress: 45% (130/286) - Loss: 0.0715
[Client 3, Round 69] Progress: 46% (132/286) - Loss: 0.4181
[Client 3, Round 69] Progress: 46% (134/286) - Loss: 0.1378
[Client 3, Round 69] Progress: 47% (136/286) - Loss: 0.4472
[Client 3, Round 69] Progress: 48% (138/286) - Loss: 0.0943
[Client 3, Round 69] Progress: 48% (140/286) - Loss: 0.3537
[Client 3, Round 69] Progress: 49% (142/286) - Loss: 0.5598
[Client 3, Round 69] Progress: 50% (144/286) - Loss: 0.2325
[Client 3, Round 69] Progress: 51% (146/286) - Loss: 0.1908
[Client 3, Round 69] Progress: 51% (148/286) - Loss: 0.1641
[Client 3, Round 69] Progress: 52% (150/286) - Loss: 0.1915
[Client 3, Round 69] Progress: 53% (152/286) - Loss: 0.2937
[Client 3, Round 69] Progress: 53% (154/286) - Loss: 0.0483
[Client 3, Round 69] Progress: 54% (156/286) - Loss: 0.0708
[Client 3, Round 69] Progress: 55% (158/286) - Loss: 0.2315
[Client 3, Round 69] Progress: 55% (160/286) - Loss: 0.6540
[Client 3, Round 69] Progress: 56% (162/286) - Loss: 0.1564
[Client 3, Round 69] Progress: 57% (164/286) - Loss: 0.0696
[Client 3, Round 69] Progress: 58% (166/286) - Loss: 0.1118
[Client 3, Round 69] Progress: 58% (168/286) - Loss: 0.1280
[Client 3, Round 69] Progress: 59% (170/286) - Loss: 0.0861
[Client 3, Round 69] Progress: 60% (172/286) - Loss: 0.0848
[Client 3, Round 69] Progress: 60% (174/286) - Loss: 0.0636
[Client 3, Round 69] Progress: 61% (176/286) - Loss: 0.0916
[Client 3, Round 69] Progress: 62% (178/286) - Loss: 0.6072
[Client 3, Round 69] Progress: 62% (180/286) - Loss: 0.1037
[Client 3, Round 69] Progress: 63% (182/286) - Loss: 0.0760
[Client 3, Round 69] Progress: 64% (184/286) - Loss: 0.0804
[Client 3, Round 69] Progress: 65% (186/286) - Loss: 0.0935
[Client 3, Round 69] Progress: 65% (188/286) - Loss: 0.1606
[Client 3, Round 69] Progress: 66% (190/286) - Loss: 0.1495
[Client 3, Round 69] Progress: 67% (192/286) - Loss: 0.2873
[Client 3, Round 69] Progress: 67% (194/286) - Loss: 0.4160
[Client 3, Round 69] Progress: 68% (196/286) - Loss: 0.0870
[Client 3, Round 69] Progress: 69% (198/286) - Loss: 0.0810
[Client 3, Round 69] Progress: 69% (200/286) - Loss: 0.1973
[Client 3, Round 69] Progress: 70% (202/286) - Loss: 0.1473
[Client 3, Round 69] Progress: 71% (204/286) - Loss: 0.2613
[Client 3, Round 69] Progress: 72% (206/286) - Loss: 0.1115
[Client 3, Round 69] Progress: 72% (208/286) - Loss: 0.0889
[Client 3, Round 69] Progress: 73% (210/286) - Loss: 0.1635
[Client 3, Round 69] Progress: 74% (212/286) - Loss: 0.4594
[Client 3, Round 69] Progress: 74% (214/286) - Loss: 0.1169
[Client 3, Round 69] Progress: 75% (216/286) - Loss: 0.0881
[Client 3, Round 69] Progress: 76% (218/286) - Loss: 0.1079
[Client 3, Round 69] Progress: 76% (220/286) - Loss: 0.1557
[Client 3, Round 69] Progress: 77% (222/286) - Loss: 0.2015
[Client 3, Round 69] Progress: 78% (224/286) - Loss: 0.1144
[Client 3, Round 69] Progress: 79% (226/286) - Loss: 0.2228
[Client 3, Round 69] Progress: 79% (228/286) - Loss: 0.0947
[Client 3, Round 69] Progress: 80% (230/286) - Loss: 0.1950
[Client 3, Round 69] Progress: 81% (232/286) - Loss: 0.0738
[Client 3, Round 69] Progress: 81% (234/286) - Loss: 0.0715
[Client 3, Round 69] Progress: 82% (236/286) - Loss: 0.2966
[Client 3, Round 69] Progress: 83% (238/286) - Loss: 0.1196
[Client 3, Round 69] Progress: 83% (240/286) - Loss: 0.1006
[Client 3, Round 69] Progress: 84% (242/286) - Loss: 0.1177
[Client 3, Round 69] Progress: 85% (244/286) - Loss: 0.1067
[Client 3, Round 69] Progress: 86% (246/286) - Loss: 0.4319
[Client 3, Round 69] Progress: 86% (248/286) - Loss: 0.1543
[Client 3, Round 69] Progress: 87% (250/286) - Loss: 0.5232
[Client 3, Round 69] Progress: 88% (252/286) - Loss: 0.0667
[Client 3, Round 69] Progress: 88% (254/286) - Loss: 0.1637
[Client 3, Round 69] Progress: 89% (256/286) - Loss: 0.0675
[Client 3, Round 69] Progress: 90% (258/286) - Loss: 0.1471
[Client 3, Round 69] Progress: 90% (260/286) - Loss: 0.1477
[Client 3, Round 69] Progress: 91% (262/286) - Loss: 0.1249
[Client 3, Round 69] Progress: 92% (264/286) - Loss: 0.0517
[Client 3, Round 69] Progress: 93% (266/286) - Loss: 0.0985
[Client 3, Round 69] Progress: 93% (268/286) - Loss: 0.0880
[Client 3, Round 69] Progress: 94% (270/286) - Loss: 0.1451
[Client 3, Round 69] Progress: 95% (272/286) - Loss: 0.1329
[Client 3, Round 69] Progress: 95% (274/286) - Loss: 0.1475
[Client 3, Round 69] Progress: 96% (276/286) - Loss: 0.4825
[Client 3, Round 69] Progress: 97% (278/286) - Loss: 0.1920
[Client 3, Round 69] Progress: 97% (280/286) - Loss: 0.1692
[Client 3, Round 69] Progress: 98% (282/286) - Loss: 0.1590
[Client 3, Round 69] Progress: 99% (284/286) - Loss: 0.4419
[Client 3, Round 69] Progress: 100% (286/286) - Loss: 0.1229
[Client 3, Round 69] Train Loss: 0.1931
[Client 3, Round 69] Val Loss: 0.1628 | Val Dice: 0.8527
[Client 3, Round 70] Progress: 0% (2/286) - Loss: 0.1896
[Client 3, Round 70] Progress: 1% (4/286) - Loss: 0.4571
[Client 3, Round 70] Progress: 2% (6/286) - Loss: 0.1117
[Client 3, Round 70] Progress: 2% (8/286) - Loss: 0.1085
[Client 3, Round 70] Progress: 3% (10/286) - Loss: 0.1666
[Client 3, Round 70] Progress: 4% (12/286) - Loss: 0.0547
[Client 3, Round 70] Progress: 4% (14/286) - Loss: 0.0776
[Client 3, Round 70] Progress: 5% (16/286) - Loss: 0.0857
[Client 3, Round 70] Progress: 6% (18/286) - Loss: 0.1804
[Client 3, Round 70] Progress: 6% (20/286) - Loss: 0.1788
[Client 3, Round 70] Progress: 7% (22/286) - Loss: 0.2053
[Client 3, Round 70] Progress: 8% (24/286) - Loss: 0.1577
[Client 3, Round 70] Progress: 9% (26/286) - Loss: 0.2568
[Client 3, Round 70] Progress: 9% (28/286) - Loss: 0.0827
[Client 3, Round 70] Progress: 10% (30/286) - Loss: 0.1547
[Client 3, Round 70] Progress: 11% (32/286) - Loss: 0.1406
[Client 3, Round 70] Progress: 11% (34/286) - Loss: 0.1079
[Client 3, Round 70] Progress: 12% (36/286) - Loss: 0.0906
[Client 3, Round 70] Progress: 13% (38/286) - Loss: 0.2114
[Client 3, Round 70] Progress: 13% (40/286) - Loss: 0.1442
[Client 3, Round 70] Progress: 14% (42/286) - Loss: 0.3652
[Client 3, Round 70] Progress: 15% (44/286) - Loss: 0.0557
[Client 3, Round 70] Progress: 16% (46/286) - Loss: 0.1794
[Client 3, Round 70] Progress: 16% (48/286) - Loss: 0.1637
[Client 3, Round 70] Progress: 17% (50/286) - Loss: 0.2245
[Client 3, Round 70] Progress: 18% (52/286) - Loss: 0.1341
[Client 3, Round 70] Progress: 18% (54/286) - Loss: 0.6829
[Client 3, Round 70] Progress: 19% (56/286) - Loss: 0.1192
[Client 3, Round 70] Progress: 20% (58/286) - Loss: 0.0912
[Client 3, Round 70] Progress: 20% (60/286) - Loss: 0.2437
[Client 3, Round 70] Progress: 21% (62/286) - Loss: 0.7614
[Client 3, Round 70] Progress: 22% (64/286) - Loss: 0.1990
[Client 3, Round 70] Progress: 23% (66/286) - Loss: 0.0889
[Client 3, Round 70] Progress: 23% (68/286) - Loss: 0.4536
[Client 3, Round 70] Progress: 24% (70/286) - Loss: 0.0953
[Client 3, Round 70] Progress: 25% (72/286) - Loss: 0.0994
[Client 3, Round 70] Progress: 25% (74/286) - Loss: 0.1470
[Client 3, Round 70] Progress: 26% (76/286) - Loss: 0.2147
[Client 3, Round 70] Progress: 27% (78/286) - Loss: 0.2769
[Client 3, Round 70] Progress: 27% (80/286) - Loss: 0.1451
[Client 3, Round 70] Progress: 28% (82/286) - Loss: 0.1125
[Client 3, Round 70] Progress: 29% (84/286) - Loss: 0.1510
[Client 3, Round 70] Progress: 30% (86/286) - Loss: 0.1087
[Client 3, Round 70] Progress: 30% (88/286) - Loss: 0.1204
[Client 3, Round 70] Progress: 31% (90/286) - Loss: 0.1167
[Client 3, Round 70] Progress: 32% (92/286) - Loss: 0.0994
[Client 3, Round 70] Progress: 32% (94/286) - Loss: 0.1868
[Client 3, Round 70] Progress: 33% (96/286) - Loss: 0.2663
[Client 3, Round 70] Progress: 34% (98/286) - Loss: 0.4742
[Client 3, Round 70] Progress: 34% (100/286) - Loss: 0.3856
[Client 3, Round 70] Progress: 35% (102/286) - Loss: 0.1855
[Client 3, Round 70] Progress: 36% (104/286) - Loss: 0.4580
[Client 3, Round 70] Progress: 37% (106/286) - Loss: 0.2289
[Client 3, Round 70] Progress: 37% (108/286) - Loss: 0.1705
[Client 3, Round 70] Progress: 38% (110/286) - Loss: 0.0697
[Client 3, Round 70] Progress: 39% (112/286) - Loss: 0.2956
[Client 3, Round 70] Progress: 39% (114/286) - Loss: 0.1796
[Client 3, Round 70] Progress: 40% (116/286) - Loss: 0.0949
[Client 3, Round 70] Progress: 41% (118/286) - Loss: 0.1065
[Client 3, Round 70] Progress: 41% (120/286) - Loss: 0.1778
[Client 3, Round 70] Progress: 42% (122/286) - Loss: 0.4921
[Client 3, Round 70] Progress: 43% (124/286) - Loss: 0.5472
[Client 3, Round 70] Progress: 44% (126/286) - Loss: 0.0894
[Client 3, Round 70] Progress: 44% (128/286) - Loss: 0.1177
[Client 3, Round 70] Progress: 45% (130/286) - Loss: 0.0812
[Client 3, Round 70] Progress: 46% (132/286) - Loss: 0.1582
[Client 3, Round 70] Progress: 46% (134/286) - Loss: 0.7803
[Client 3, Round 70] Progress: 47% (136/286) - Loss: 0.3038
[Client 3, Round 70] Progress: 48% (138/286) - Loss: 0.0754
[Client 3, Round 70] Progress: 48% (140/286) - Loss: 0.1106
[Client 3, Round 70] Progress: 49% (142/286) - Loss: 0.1492
[Client 3, Round 70] Progress: 50% (144/286) - Loss: 0.2003
[Client 3, Round 70] Progress: 51% (146/286) - Loss: 0.2204
[Client 3, Round 70] Progress: 51% (148/286) - Loss: 0.1359
[Client 3, Round 70] Progress: 52% (150/286) - Loss: 0.3228
[Client 3, Round 70] Progress: 53% (152/286) - Loss: 0.0927
[Client 3, Round 70] Progress: 53% (154/286) - Loss: 0.1111
[Client 3, Round 70] Progress: 54% (156/286) - Loss: 0.1221
[Client 3, Round 70] Progress: 55% (158/286) - Loss: 0.1553
[Client 3, Round 70] Progress: 55% (160/286) - Loss: 0.1222
[Client 3, Round 70] Progress: 56% (162/286) - Loss: 0.2560
[Client 3, Round 70] Progress: 57% (164/286) - Loss: 0.0557
[Client 3, Round 70] Progress: 58% (166/286) - Loss: 0.0673
[Client 3, Round 70] Progress: 58% (168/286) - Loss: 0.0563
[Client 3, Round 70] Progress: 59% (170/286) - Loss: 0.6056
[Client 3, Round 70] Progress: 60% (172/286) - Loss: 0.1272
[Client 3, Round 70] Progress: 60% (174/286) - Loss: 0.0440
[Client 3, Round 70] Progress: 61% (176/286) - Loss: 0.4925
[Client 3, Round 70] Progress: 62% (178/286) - Loss: 0.0556
[Client 3, Round 70] Progress: 62% (180/286) - Loss: 0.1419
[Client 3, Round 70] Progress: 63% (182/286) - Loss: 0.1032
[Client 3, Round 70] Progress: 64% (184/286) - Loss: 0.0457
[Client 3, Round 70] Progress: 65% (186/286) - Loss: 0.1249
[Client 3, Round 70] Progress: 65% (188/286) - Loss: 0.1880
[Client 3, Round 70] Progress: 66% (190/286) - Loss: 0.0636
[Client 3, Round 70] Progress: 67% (192/286) - Loss: 0.3346
[Client 3, Round 70] Progress: 67% (194/286) - Loss: 0.1048
[Client 3, Round 70] Progress: 68% (196/286) - Loss: 0.3223
[Client 3, Round 70] Progress: 69% (198/286) - Loss: 0.1297
[Client 3, Round 70] Progress: 69% (200/286) - Loss: 0.0663
[Client 3, Round 70] Progress: 70% (202/286) - Loss: 0.1052
[Client 3, Round 70] Progress: 71% (204/286) - Loss: 0.4554
[Client 3, Round 70] Progress: 72% (206/286) - Loss: 0.3947
[Client 3, Round 70] Progress: 72% (208/286) - Loss: 0.1650
[Client 3, Round 70] Progress: 73% (210/286) - Loss: 0.0893
[Client 3, Round 70] Progress: 74% (212/286) - Loss: 0.1872
[Client 3, Round 70] Progress: 74% (214/286) - Loss: 0.1186
[Client 3, Round 70] Progress: 75% (216/286) - Loss: 0.0956
[Client 3, Round 70] Progress: 76% (218/286) - Loss: 0.1011
[Client 3, Round 70] Progress: 76% (220/286) - Loss: 0.0409
[Client 3, Round 70] Progress: 77% (222/286) - Loss: 0.3616
[Client 3, Round 70] Progress: 78% (224/286) - Loss: 0.1259
[Client 3, Round 70] Progress: 79% (226/286) - Loss: 0.1084
[Client 3, Round 70] Progress: 79% (228/286) - Loss: 0.0720
[Client 3, Round 70] Progress: 80% (230/286) - Loss: 0.0889
[Client 3, Round 70] Progress: 81% (232/286) - Loss: 0.1228
[Client 3, Round 70] Progress: 81% (234/286) - Loss: 0.1172
[Client 3, Round 70] Progress: 82% (236/286) - Loss: 0.0669
[Client 3, Round 70] Progress: 83% (238/286) - Loss: 0.3666
[Client 3, Round 70] Progress: 83% (240/286) - Loss: 0.4491
[Client 3, Round 70] Progress: 84% (242/286) - Loss: 0.0671
[Client 3, Round 70] Progress: 85% (244/286) - Loss: 0.4792
[Client 3, Round 70] Progress: 86% (246/286) - Loss: 0.1618
[Client 3, Round 70] Progress: 86% (248/286) - Loss: 0.1378
[Client 3, Round 70] Progress: 87% (250/286) - Loss: 0.1048
[Client 3, Round 70] Progress: 88% (252/286) - Loss: 0.1741
[Client 3, Round 70] Progress: 88% (254/286) - Loss: 0.1438
[Client 3, Round 70] Progress: 89% (256/286) - Loss: 0.0725
[Client 3, Round 70] Progress: 90% (258/286) - Loss: 0.1101
[Client 3, Round 70] Progress: 90% (260/286) - Loss: 0.1611
[Client 3, Round 70] Progress: 91% (262/286) - Loss: 0.1245
[Client 3, Round 70] Progress: 92% (264/286) - Loss: 0.1333
[Client 3, Round 70] Progress: 93% (266/286) - Loss: 0.1313
[Client 3, Round 70] Progress: 93% (268/286) - Loss: 0.1664
[Client 3, Round 70] Progress: 94% (270/286) - Loss: 0.1663
[Client 3, Round 70] Progress: 95% (272/286) - Loss: 0.1198
[Client 3, Round 70] Progress: 95% (274/286) - Loss: 0.5034
[Client 3, Round 70] Progress: 96% (276/286) - Loss: 0.1656
[Client 3, Round 70] Progress: 97% (278/286) - Loss: 0.1334
[Client 3, Round 70] Progress: 97% (280/286) - Loss: 0.1212
[Client 3, Round 70] Progress: 98% (282/286) - Loss: 0.2082
[Client 3, Round 70] Progress: 99% (284/286) - Loss: 0.0430
[Client 3, Round 70] Progress: 100% (286/286) - Loss: 0.1675
[Client 3, Round 70] Train Loss: 0.1967
[Client 3, Round 70] Val Loss: 0.1689 | Val Dice: 0.8480
[Client 3, Round 71] Progress: 0% (2/286) - Loss: 0.1284
[Client 3, Round 71] Progress: 1% (4/286) - Loss: 0.0567
[Client 3, Round 71] Progress: 2% (6/286) - Loss: 0.0948
[Client 3, Round 71] Progress: 2% (8/286) - Loss: 0.1004
[Client 3, Round 71] Progress: 3% (10/286) - Loss: 0.2090
[Client 3, Round 71] Progress: 4% (12/286) - Loss: 0.0905
[Client 3, Round 71] Progress: 4% (14/286) - Loss: 0.0669
[Client 3, Round 71] Progress: 5% (16/286) - Loss: 0.1276
[Client 3, Round 71] Progress: 6% (18/286) - Loss: 0.0771
[Client 3, Round 71] Progress: 6% (20/286) - Loss: 0.1556
[Client 3, Round 71] Progress: 7% (22/286) - Loss: 0.1074
[Client 3, Round 71] Progress: 8% (24/286) - Loss: 0.4623
[Client 3, Round 71] Progress: 9% (26/286) - Loss: 0.0652
[Client 3, Round 71] Progress: 9% (28/286) - Loss: 0.4152
[Client 3, Round 71] Progress: 10% (30/286) - Loss: 0.0955
[Client 3, Round 71] Progress: 11% (32/286) - Loss: 0.1539
[Client 3, Round 71] Progress: 11% (34/286) - Loss: 0.1309
[Client 3, Round 71] Progress: 12% (36/286) - Loss: 0.0569
[Client 3, Round 71] Progress: 13% (38/286) - Loss: 0.4801
[Client 3, Round 71] Progress: 13% (40/286) - Loss: 0.2737
[Client 3, Round 71] Progress: 14% (42/286) - Loss: 0.0927
[Client 3, Round 71] Progress: 15% (44/286) - Loss: 0.4549
[Client 3, Round 71] Progress: 16% (46/286) - Loss: 0.1735
[Client 3, Round 71] Progress: 16% (48/286) - Loss: 0.1640
[Client 3, Round 71] Progress: 17% (50/286) - Loss: 0.0788
[Client 3, Round 71] Progress: 18% (52/286) - Loss: 0.1653
[Client 3, Round 71] Progress: 18% (54/286) - Loss: 0.1054
[Client 3, Round 71] Progress: 19% (56/286) - Loss: 0.1058
[Client 3, Round 71] Progress: 20% (58/286) - Loss: 0.1712
[Client 3, Round 71] Progress: 20% (60/286) - Loss: 0.2023
[Client 3, Round 71] Progress: 21% (62/286) - Loss: 0.1182
[Client 3, Round 71] Progress: 22% (64/286) - Loss: 0.2273
[Client 3, Round 71] Progress: 23% (66/286) - Loss: 0.1963
[Client 3, Round 71] Progress: 23% (68/286) - Loss: 0.1598
[Client 3, Round 71] Progress: 24% (70/286) - Loss: 0.1141
[Client 3, Round 71] Progress: 25% (72/286) - Loss: 0.4153
[Client 3, Round 71] Progress: 25% (74/286) - Loss: 0.1180
[Client 3, Round 71] Progress: 26% (76/286) - Loss: 0.4468
[Client 3, Round 71] Progress: 27% (78/286) - Loss: 0.1707
[Client 3, Round 71] Progress: 27% (80/286) - Loss: 0.1164
[Client 3, Round 71] Progress: 28% (82/286) - Loss: 0.3828
[Client 3, Round 71] Progress: 29% (84/286) - Loss: 0.1563
[Client 3, Round 71] Progress: 30% (86/286) - Loss: 0.0699
[Client 3, Round 71] Progress: 30% (88/286) - Loss: 0.1181
[Client 3, Round 71] Progress: 31% (90/286) - Loss: 0.1691
[Client 3, Round 71] Progress: 32% (92/286) - Loss: 0.0754
[Client 3, Round 71] Progress: 32% (94/286) - Loss: 0.3739
[Client 3, Round 71] Progress: 33% (96/286) - Loss: 0.1579
[Client 3, Round 71] Progress: 34% (98/286) - Loss: 0.1762
[Client 3, Round 71] Progress: 34% (100/286) - Loss: 0.3290
[Client 3, Round 71] Progress: 35% (102/286) - Loss: 0.0512
[Client 3, Round 71] Progress: 36% (104/286) - Loss: 0.1471
[Client 3, Round 71] Progress: 37% (106/286) - Loss: 0.2730
[Client 3, Round 71] Progress: 37% (108/286) - Loss: 0.0824
[Client 3, Round 71] Progress: 38% (110/286) - Loss: 0.0765
[Client 3, Round 71] Progress: 39% (112/286) - Loss: 0.0794
[Client 3, Round 71] Progress: 39% (114/286) - Loss: 0.0918
[Client 3, Round 71] Progress: 40% (116/286) - Loss: 0.1280
[Client 3, Round 71] Progress: 41% (118/286) - Loss: 0.1501
[Client 3, Round 71] Progress: 41% (120/286) - Loss: 0.1732
[Client 3, Round 71] Progress: 42% (122/286) - Loss: 0.0591
[Client 3, Round 71] Progress: 43% (124/286) - Loss: 0.1845
[Client 3, Round 71] Progress: 44% (126/286) - Loss: 0.1245
[Client 3, Round 71] Progress: 44% (128/286) - Loss: 0.0839
[Client 3, Round 71] Progress: 45% (130/286) - Loss: 0.1669
[Client 3, Round 71] Progress: 46% (132/286) - Loss: 0.1197
[Client 3, Round 71] Progress: 46% (134/286) - Loss: 0.1628
[Client 3, Round 71] Progress: 47% (136/286) - Loss: 0.4332
[Client 3, Round 71] Progress: 48% (138/286) - Loss: 0.1901
[Client 3, Round 71] Progress: 48% (140/286) - Loss: 0.1275
[Client 3, Round 71] Progress: 49% (142/286) - Loss: 0.1366
[Client 3, Round 71] Progress: 50% (144/286) - Loss: 0.1797
[Client 3, Round 71] Progress: 51% (146/286) - Loss: 0.2113
[Client 3, Round 71] Progress: 51% (148/286) - Loss: 0.1107
[Client 3, Round 71] Progress: 52% (150/286) - Loss: 0.1047
[Client 3, Round 71] Progress: 53% (152/286) - Loss: 0.1691
[Client 3, Round 71] Progress: 53% (154/286) - Loss: 0.0868
[Client 3, Round 71] Progress: 54% (156/286) - Loss: 0.2414
[Client 3, Round 71] Progress: 55% (158/286) - Loss: 0.1159
[Client 3, Round 71] Progress: 55% (160/286) - Loss: 0.6583
[Client 3, Round 71] Progress: 56% (162/286) - Loss: 0.1298
[Client 3, Round 71] Progress: 57% (164/286) - Loss: 0.0742
[Client 3, Round 71] Progress: 58% (166/286) - Loss: 0.1562
[Client 3, Round 71] Progress: 58% (168/286) - Loss: 0.1567
[Client 3, Round 71] Progress: 59% (170/286) - Loss: 0.1258
[Client 3, Round 71] Progress: 60% (172/286) - Loss: 0.0471
[Client 3, Round 71] Progress: 60% (174/286) - Loss: 0.0786
[Client 3, Round 71] Progress: 61% (176/286) - Loss: 0.6216
[Client 3, Round 71] Progress: 62% (178/286) - Loss: 0.1430
[Client 3, Round 71] Progress: 62% (180/286) - Loss: 0.4780
[Client 3, Round 71] Progress: 63% (182/286) - Loss: 0.1322
[Client 3, Round 71] Progress: 64% (184/286) - Loss: 0.2114
[Client 3, Round 71] Progress: 65% (186/286) - Loss: 0.1083
[Client 3, Round 71] Progress: 65% (188/286) - Loss: 0.2297
[Client 3, Round 71] Progress: 66% (190/286) - Loss: 0.1211
[Client 3, Round 71] Progress: 67% (192/286) - Loss: 0.1071
[Client 3, Round 71] Progress: 67% (194/286) - Loss: 0.4378
[Client 3, Round 71] Progress: 68% (196/286) - Loss: 0.1324
[Client 3, Round 71] Progress: 69% (198/286) - Loss: 0.1001
[Client 3, Round 71] Progress: 69% (200/286) - Loss: 0.0931
[Client 3, Round 71] Progress: 70% (202/286) - Loss: 0.1898
[Client 3, Round 71] Progress: 71% (204/286) - Loss: 0.0683
[Client 3, Round 71] Progress: 72% (206/286) - Loss: 0.1167
[Client 3, Round 71] Progress: 72% (208/286) - Loss: 0.1088
[Client 3, Round 71] Progress: 73% (210/286) - Loss: 0.6599
[Client 3, Round 71] Progress: 74% (212/286) - Loss: 0.2152
[Client 3, Round 71] Progress: 74% (214/286) - Loss: 0.6572
[Client 3, Round 71] Progress: 75% (216/286) - Loss: 0.0694
[Client 3, Round 71] Progress: 76% (218/286) - Loss: 0.0429
[Client 3, Round 71] Progress: 76% (220/286) - Loss: 0.1074
[Client 3, Round 71] Progress: 77% (222/286) - Loss: 0.1129
[Client 3, Round 71] Progress: 78% (224/286) - Loss: 0.1403
[Client 3, Round 71] Progress: 79% (226/286) - Loss: 0.1049
[Client 3, Round 71] Progress: 79% (228/286) - Loss: 0.1099
[Client 3, Round 71] Progress: 80% (230/286) - Loss: 0.1755
[Client 3, Round 71] Progress: 81% (232/286) - Loss: 0.1301
[Client 3, Round 71] Progress: 81% (234/286) - Loss: 0.0969
[Client 3, Round 71] Progress: 82% (236/286) - Loss: 0.1566
[Client 3, Round 71] Progress: 83% (238/286) - Loss: 0.1910
[Client 3, Round 71] Progress: 83% (240/286) - Loss: 0.3034
[Client 3, Round 71] Progress: 84% (242/286) - Loss: 0.1085
[Client 3, Round 71] Progress: 85% (244/286) - Loss: 0.1806
[Client 3, Round 71] Progress: 86% (246/286) - Loss: 0.2545
[Client 3, Round 71] Progress: 86% (248/286) - Loss: 0.2202
[Client 3, Round 71] Progress: 87% (250/286) - Loss: 0.0946
[Client 3, Round 71] Progress: 88% (252/286) - Loss: 0.3135
[Client 3, Round 71] Progress: 88% (254/286) - Loss: 0.1030
[Client 3, Round 71] Progress: 89% (256/286) - Loss: 0.1367
[Client 3, Round 71] Progress: 90% (258/286) - Loss: 0.3242
[Client 3, Round 71] Progress: 90% (260/286) - Loss: 0.1170
[Client 3, Round 71] Progress: 91% (262/286) - Loss: 0.2855
[Client 3, Round 71] Progress: 92% (264/286) - Loss: 0.0783
[Client 3, Round 71] Progress: 93% (266/286) - Loss: 0.0904
[Client 3, Round 71] Progress: 93% (268/286) - Loss: 0.1154
[Client 3, Round 71] Progress: 94% (270/286) - Loss: 0.1318
[Client 3, Round 71] Progress: 95% (272/286) - Loss: 0.4977
[Client 3, Round 71] Progress: 95% (274/286) - Loss: 0.0655
[Client 3, Round 71] Progress: 96% (276/286) - Loss: 0.0993
[Client 3, Round 71] Progress: 97% (278/286) - Loss: 0.4996
[Client 3, Round 71] Progress: 97% (280/286) - Loss: 0.6927
[Client 3, Round 71] Progress: 98% (282/286) - Loss: 0.1311
[Client 3, Round 71] Progress: 99% (284/286) - Loss: 0.6665
[Client 3, Round 71] Progress: 100% (286/286) - Loss: 0.3882
[Client 3, Round 71] Train Loss: 0.1915
[Client 3, Round 71] Val Loss: 0.1610 | Val Dice: 0.8562
[Client 3, Round 72] Progress: 0% (2/286) - Loss: 0.1233
[Client 3, Round 72] Progress: 1% (4/286) - Loss: 0.1583
[Client 3, Round 72] Progress: 2% (6/286) - Loss: 0.0544
[Client 3, Round 72] Progress: 2% (8/286) - Loss: 0.1710
[Client 3, Round 72] Progress: 3% (10/286) - Loss: 0.1154
[Client 3, Round 72] Progress: 4% (12/286) - Loss: 0.1146
[Client 3, Round 72] Progress: 4% (14/286) - Loss: 0.1058
[Client 3, Round 72] Progress: 5% (16/286) - Loss: 0.0368
[Client 3, Round 72] Progress: 6% (18/286) - Loss: 0.2707
[Client 3, Round 72] Progress: 6% (20/286) - Loss: 0.1952
[Client 3, Round 72] Progress: 7% (22/286) - Loss: 0.1801
[Client 3, Round 72] Progress: 8% (24/286) - Loss: 0.0918
[Client 3, Round 72] Progress: 9% (26/286) - Loss: 0.1177
[Client 3, Round 72] Progress: 9% (28/286) - Loss: 0.1038
[Client 3, Round 72] Progress: 10% (30/286) - Loss: 0.0930
[Client 3, Round 72] Progress: 11% (32/286) - Loss: 0.1354
[Client 3, Round 72] Progress: 11% (34/286) - Loss: 0.1130
[Client 3, Round 72] Progress: 12% (36/286) - Loss: 0.1167
[Client 3, Round 72] Progress: 13% (38/286) - Loss: 0.1585
[Client 3, Round 72] Progress: 13% (40/286) - Loss: 0.1394
[Client 3, Round 72] Progress: 14% (42/286) - Loss: 0.1769
[Client 3, Round 72] Progress: 15% (44/286) - Loss: 0.2626
[Client 3, Round 72] Progress: 16% (46/286) - Loss: 0.1690
[Client 3, Round 72] Progress: 16% (48/286) - Loss: 0.1234
[Client 3, Round 72] Progress: 17% (50/286) - Loss: 0.1825
[Client 3, Round 72] Progress: 18% (52/286) - Loss: 0.4535
[Client 3, Round 72] Progress: 18% (54/286) - Loss: 0.1907
[Client 3, Round 72] Progress: 19% (56/286) - Loss: 0.1615
[Client 3, Round 72] Progress: 20% (58/286) - Loss: 0.4556
[Client 3, Round 72] Progress: 20% (60/286) - Loss: 0.0967
[Client 3, Round 72] Progress: 21% (62/286) - Loss: 0.1121
[Client 3, Round 72] Progress: 22% (64/286) - Loss: 0.0598
[Client 3, Round 72] Progress: 23% (66/286) - Loss: 0.0902
[Client 3, Round 72] Progress: 23% (68/286) - Loss: 0.0790
[Client 3, Round 72] Progress: 24% (70/286) - Loss: 0.0962
[Client 3, Round 72] Progress: 25% (72/286) - Loss: 0.1028
[Client 3, Round 72] Progress: 25% (74/286) - Loss: 0.1196
[Client 3, Round 72] Progress: 26% (76/286) - Loss: 0.1740
[Client 3, Round 72] Progress: 27% (78/286) - Loss: 0.2084
[Client 3, Round 72] Progress: 27% (80/286) - Loss: 0.2756
[Client 3, Round 72] Progress: 28% (82/286) - Loss: 0.1394
[Client 3, Round 72] Progress: 29% (84/286) - Loss: 0.0615
[Client 3, Round 72] Progress: 30% (86/286) - Loss: 0.1632
[Client 3, Round 72] Progress: 30% (88/286) - Loss: 0.1649
[Client 3, Round 72] Progress: 31% (90/286) - Loss: 0.1042
[Client 3, Round 72] Progress: 32% (92/286) - Loss: 0.0960
[Client 3, Round 72] Progress: 32% (94/286) - Loss: 0.5406
[Client 3, Round 72] Progress: 33% (96/286) - Loss: 0.1299
[Client 3, Round 72] Progress: 34% (98/286) - Loss: 0.4058
[Client 3, Round 72] Progress: 34% (100/286) - Loss: 0.1674
[Client 3, Round 72] Progress: 35% (102/286) - Loss: 0.2276
[Client 3, Round 72] Progress: 36% (104/286) - Loss: 0.0755
[Client 3, Round 72] Progress: 37% (106/286) - Loss: 0.1621
[Client 3, Round 72] Progress: 37% (108/286) - Loss: 0.1362
[Client 3, Round 72] Progress: 38% (110/286) - Loss: 0.1270
[Client 3, Round 72] Progress: 39% (112/286) - Loss: 0.4821
[Client 3, Round 72] Progress: 39% (114/286) - Loss: 0.1018
[Client 3, Round 72] Progress: 40% (116/286) - Loss: 0.0759
[Client 3, Round 72] Progress: 41% (118/286) - Loss: 0.1188
[Client 3, Round 72] Progress: 41% (120/286) - Loss: 0.1748
[Client 3, Round 72] Progress: 42% (122/286) - Loss: 0.1491
[Client 3, Round 72] Progress: 43% (124/286) - Loss: 0.1625
[Client 3, Round 72] Progress: 44% (126/286) - Loss: 0.1031
[Client 3, Round 72] Progress: 44% (128/286) - Loss: 0.1432
[Client 3, Round 72] Progress: 45% (130/286) - Loss: 0.4425
[Client 3, Round 72] Progress: 46% (132/286) - Loss: 0.1530
[Client 3, Round 72] Progress: 46% (134/286) - Loss: 0.0550
[Client 3, Round 72] Progress: 47% (136/286) - Loss: 0.1999
[Client 3, Round 72] Progress: 48% (138/286) - Loss: 0.1005
[Client 3, Round 72] Progress: 48% (140/286) - Loss: 0.2556
[Client 3, Round 72] Progress: 49% (142/286) - Loss: 0.1250
[Client 3, Round 72] Progress: 50% (144/286) - Loss: 0.1630
[Client 3, Round 72] Progress: 51% (146/286) - Loss: 0.4398
[Client 3, Round 72] Progress: 51% (148/286) - Loss: 0.1738
[Client 3, Round 72] Progress: 52% (150/286) - Loss: 0.0888
[Client 3, Round 72] Progress: 53% (152/286) - Loss: 0.4159
[Client 3, Round 72] Progress: 53% (154/286) - Loss: 0.4291
[Client 3, Round 72] Progress: 54% (156/286) - Loss: 0.4834
[Client 3, Round 72] Progress: 55% (158/286) - Loss: 0.1569
[Client 3, Round 72] Progress: 55% (160/286) - Loss: 0.0742
[Client 3, Round 72] Progress: 56% (162/286) - Loss: 0.4366
[Client 3, Round 72] Progress: 57% (164/286) - Loss: 0.0794
[Client 3, Round 72] Progress: 58% (166/286) - Loss: 0.0883
[Client 3, Round 72] Progress: 58% (168/286) - Loss: 0.0521
[Client 3, Round 72] Progress: 59% (170/286) - Loss: 0.5085
[Client 3, Round 72] Progress: 60% (172/286) - Loss: 0.1006
[Client 3, Round 72] Progress: 60% (174/286) - Loss: 0.1234
[Client 3, Round 72] Progress: 61% (176/286) - Loss: 0.1339
[Client 3, Round 72] Progress: 62% (178/286) - Loss: 0.0960
[Client 3, Round 72] Progress: 62% (180/286) - Loss: 0.2720
[Client 3, Round 72] Progress: 63% (182/286) - Loss: 0.1137
[Client 3, Round 72] Progress: 64% (184/286) - Loss: 0.1339
[Client 3, Round 72] Progress: 65% (186/286) - Loss: 0.1211
[Client 3, Round 72] Progress: 65% (188/286) - Loss: 0.1013
[Client 3, Round 72] Progress: 66% (190/286) - Loss: 0.0671
[Client 3, Round 72] Progress: 67% (192/286) - Loss: 0.0887
[Client 3, Round 72] Progress: 67% (194/286) - Loss: 0.0596
[Client 3, Round 72] Progress: 68% (196/286) - Loss: 0.0862
[Client 3, Round 72] Progress: 69% (198/286) - Loss: 0.1195
[Client 3, Round 72] Progress: 69% (200/286) - Loss: 0.1519
[Client 3, Round 72] Progress: 70% (202/286) - Loss: 0.2013
[Client 3, Round 72] Progress: 71% (204/286) - Loss: 0.1573
[Client 3, Round 72] Progress: 72% (206/286) - Loss: 0.1196
[Client 3, Round 72] Progress: 72% (208/286) - Loss: 0.2057
[Client 3, Round 72] Progress: 73% (210/286) - Loss: 0.7855
[Client 3, Round 72] Progress: 74% (212/286) - Loss: 0.0519
[Client 3, Round 72] Progress: 74% (214/286) - Loss: 0.1900
[Client 3, Round 72] Progress: 75% (216/286) - Loss: 0.0910
[Client 3, Round 72] Progress: 76% (218/286) - Loss: 0.1146
[Client 3, Round 72] Progress: 76% (220/286) - Loss: 0.0662
[Client 3, Round 72] Progress: 77% (222/286) - Loss: 0.1590
[Client 3, Round 72] Progress: 78% (224/286) - Loss: 0.0797
[Client 3, Round 72] Progress: 79% (226/286) - Loss: 0.1674
[Client 3, Round 72] Progress: 79% (228/286) - Loss: 0.1703
[Client 3, Round 72] Progress: 80% (230/286) - Loss: 0.2087
[Client 3, Round 72] Progress: 81% (232/286) - Loss: 0.2838
[Client 3, Round 72] Progress: 81% (234/286) - Loss: 0.1416
[Client 3, Round 72] Progress: 82% (236/286) - Loss: 0.1543
[Client 3, Round 72] Progress: 83% (238/286) - Loss: 0.0702
[Client 3, Round 72] Progress: 83% (240/286) - Loss: 0.4580
[Client 3, Round 72] Progress: 84% (242/286) - Loss: 0.1846
[Client 3, Round 72] Progress: 85% (244/286) - Loss: 0.1865
[Client 3, Round 72] Progress: 86% (246/286) - Loss: 0.1584
[Client 3, Round 72] Progress: 86% (248/286) - Loss: 0.2990
[Client 3, Round 72] Progress: 87% (250/286) - Loss: 0.1888
[Client 3, Round 72] Progress: 88% (252/286) - Loss: 0.1705
[Client 3, Round 72] Progress: 88% (254/286) - Loss: 0.7411
[Client 3, Round 72] Progress: 89% (256/286) - Loss: 0.2432
[Client 3, Round 72] Progress: 90% (258/286) - Loss: 0.7048
[Client 3, Round 72] Progress: 90% (260/286) - Loss: 0.4551
[Client 3, Round 72] Progress: 91% (262/286) - Loss: 0.1666
[Client 3, Round 72] Progress: 92% (264/286) - Loss: 0.0852
[Client 3, Round 72] Progress: 93% (266/286) - Loss: 0.4459
[Client 3, Round 72] Progress: 93% (268/286) - Loss: 0.4436
[Client 3, Round 72] Progress: 94% (270/286) - Loss: 0.1271
[Client 3, Round 72] Progress: 95% (272/286) - Loss: 0.2679
[Client 3, Round 72] Progress: 95% (274/286) - Loss: 0.4980
[Client 3, Round 72] Progress: 96% (276/286) - Loss: 0.1329
[Client 3, Round 72] Progress: 97% (278/286) - Loss: 0.4047
[Client 3, Round 72] Progress: 97% (280/286) - Loss: 0.0726
[Client 3, Round 72] Progress: 98% (282/286) - Loss: 0.2024
[Client 3, Round 72] Progress: 99% (284/286) - Loss: 0.3347
[Client 3, Round 72] Progress: 100% (286/286) - Loss: 0.0730
[Client 3, Round 72] Train Loss: 0.1893
[Client 3, Round 72] Val Loss: 0.1684 | Val Dice: 0.8441
[Client 3, Round 73] Progress: 0% (2/286) - Loss: 0.1178
[Client 3, Round 73] Progress: 1% (4/286) - Loss: 0.0855
[Client 3, Round 73] Progress: 2% (6/286) - Loss: 0.1011
[Client 3, Round 73] Progress: 2% (8/286) - Loss: 0.1535
[Client 3, Round 73] Progress: 3% (10/286) - Loss: 0.1633
[Client 3, Round 73] Progress: 4% (12/286) - Loss: 0.1610
[Client 3, Round 73] Progress: 4% (14/286) - Loss: 0.4500
[Client 3, Round 73] Progress: 5% (16/286) - Loss: 0.0744
[Client 3, Round 73] Progress: 6% (18/286) - Loss: 0.0921
[Client 3, Round 73] Progress: 6% (20/286) - Loss: 0.6135
[Client 3, Round 73] Progress: 7% (22/286) - Loss: 0.0659
[Client 3, Round 73] Progress: 8% (24/286) - Loss: 0.1336
[Client 3, Round 73] Progress: 9% (26/286) - Loss: 0.2489
[Client 3, Round 73] Progress: 9% (28/286) - Loss: 0.1279
[Client 3, Round 73] Progress: 10% (30/286) - Loss: 0.1979
[Client 3, Round 73] Progress: 11% (32/286) - Loss: 0.1185
[Client 3, Round 73] Progress: 11% (34/286) - Loss: 0.0737
[Client 3, Round 73] Progress: 12% (36/286) - Loss: 0.0907
[Client 3, Round 73] Progress: 13% (38/286) - Loss: 0.2137
[Client 3, Round 73] Progress: 13% (40/286) - Loss: 0.1318
[Client 3, Round 73] Progress: 14% (42/286) - Loss: 0.1674
[Client 3, Round 73] Progress: 15% (44/286) - Loss: 0.1162
[Client 3, Round 73] Progress: 16% (46/286) - Loss: 0.1132
[Client 3, Round 73] Progress: 16% (48/286) - Loss: 0.3972
[Client 3, Round 73] Progress: 17% (50/286) - Loss: 0.6967
[Client 3, Round 73] Progress: 18% (52/286) - Loss: 0.1591
[Client 3, Round 73] Progress: 18% (54/286) - Loss: 0.0669
[Client 3, Round 73] Progress: 19% (56/286) - Loss: 0.0973
[Client 3, Round 73] Progress: 20% (58/286) - Loss: 0.1042
[Client 3, Round 73] Progress: 20% (60/286) - Loss: 0.1618
[Client 3, Round 73] Progress: 21% (62/286) - Loss: 0.1317
[Client 3, Round 73] Progress: 22% (64/286) - Loss: 0.1320
[Client 3, Round 73] Progress: 23% (66/286) - Loss: 0.5672
[Client 3, Round 73] Progress: 23% (68/286) - Loss: 0.1098
[Client 3, Round 73] Progress: 24% (70/286) - Loss: 0.0879
[Client 3, Round 73] Progress: 25% (72/286) - Loss: 0.1059
[Client 3, Round 73] Progress: 25% (74/286) - Loss: 0.1530
[Client 3, Round 73] Progress: 26% (76/286) - Loss: 0.1678
[Client 3, Round 73] Progress: 27% (78/286) - Loss: 0.0679
[Client 3, Round 73] Progress: 27% (80/286) - Loss: 0.0827
[Client 3, Round 73] Progress: 28% (82/286) - Loss: 0.1416
[Client 3, Round 73] Progress: 29% (84/286) - Loss: 0.4934
[Client 3, Round 73] Progress: 30% (86/286) - Loss: 0.1797
[Client 3, Round 73] Progress: 30% (88/286) - Loss: 0.1308
[Client 3, Round 73] Progress: 31% (90/286) - Loss: 0.6063
[Client 3, Round 73] Progress: 32% (92/286) - Loss: 0.4421
[Client 3, Round 73] Progress: 32% (94/286) - Loss: 0.0416
[Client 3, Round 73] Progress: 33% (96/286) - Loss: 0.1088
[Client 3, Round 73] Progress: 34% (98/286) - Loss: 0.1920
[Client 3, Round 73] Progress: 34% (100/286) - Loss: 0.5904
[Client 3, Round 73] Progress: 35% (102/286) - Loss: 0.1435
[Client 3, Round 73] Progress: 36% (104/286) - Loss: 0.1488
[Client 3, Round 73] Progress: 37% (106/286) - Loss: 0.2712
[Client 3, Round 73] Progress: 37% (108/286) - Loss: 0.4898
[Client 3, Round 73] Progress: 38% (110/286) - Loss: 0.0953
[Client 3, Round 73] Progress: 39% (112/286) - Loss: 0.1217
[Client 3, Round 73] Progress: 39% (114/286) - Loss: 0.3501
[Client 3, Round 73] Progress: 40% (116/286) - Loss: 0.1024
[Client 3, Round 73] Progress: 41% (118/286) - Loss: 0.1097
[Client 3, Round 73] Progress: 41% (120/286) - Loss: 0.2115
[Client 3, Round 73] Progress: 42% (122/286) - Loss: 0.1176
[Client 3, Round 73] Progress: 43% (124/286) - Loss: 0.1499
[Client 3, Round 73] Progress: 44% (126/286) - Loss: 0.1597
[Client 3, Round 73] Progress: 44% (128/286) - Loss: 0.1220
[Client 3, Round 73] Progress: 45% (130/286) - Loss: 0.3230
[Client 3, Round 73] Progress: 46% (132/286) - Loss: 0.2521
[Client 3, Round 73] Progress: 46% (134/286) - Loss: 0.5214
[Client 3, Round 73] Progress: 47% (136/286) - Loss: 0.1663
[Client 3, Round 73] Progress: 48% (138/286) - Loss: 0.0925
[Client 3, Round 73] Progress: 48% (140/286) - Loss: 0.0993
[Client 3, Round 73] Progress: 49% (142/286) - Loss: 0.1932
[Client 3, Round 73] Progress: 50% (144/286) - Loss: 0.1343
[Client 3, Round 73] Progress: 51% (146/286) - Loss: 0.1569
[Client 3, Round 73] Progress: 51% (148/286) - Loss: 0.1965
[Client 3, Round 73] Progress: 52% (150/286) - Loss: 0.0658
[Client 3, Round 73] Progress: 53% (152/286) - Loss: 0.1353
[Client 3, Round 73] Progress: 53% (154/286) - Loss: 0.0676
[Client 3, Round 73] Progress: 54% (156/286) - Loss: 0.1058
[Client 3, Round 73] Progress: 55% (158/286) - Loss: 0.4569
[Client 3, Round 73] Progress: 55% (160/286) - Loss: 0.1972
[Client 3, Round 73] Progress: 56% (162/286) - Loss: 0.1139
[Client 3, Round 73] Progress: 57% (164/286) - Loss: 0.0915
[Client 3, Round 73] Progress: 58% (166/286) - Loss: 0.1214
[Client 3, Round 73] Progress: 58% (168/286) - Loss: 0.0595
[Client 3, Round 73] Progress: 59% (170/286) - Loss: 0.0959
[Client 3, Round 73] Progress: 60% (172/286) - Loss: 0.2387
[Client 3, Round 73] Progress: 60% (174/286) - Loss: 0.0963
[Client 3, Round 73] Progress: 61% (176/286) - Loss: 0.0640
[Client 3, Round 73] Progress: 62% (178/286) - Loss: 0.1236
[Client 3, Round 73] Progress: 62% (180/286) - Loss: 0.0803
[Client 3, Round 73] Progress: 63% (182/286) - Loss: 0.1147
[Client 3, Round 73] Progress: 64% (184/286) - Loss: 0.1378
[Client 3, Round 73] Progress: 65% (186/286) - Loss: 0.0585
[Client 3, Round 73] Progress: 65% (188/286) - Loss: 0.1166
[Client 3, Round 73] Progress: 66% (190/286) - Loss: 0.1347
[Client 3, Round 73] Progress: 67% (192/286) - Loss: 0.1345
[Client 3, Round 73] Progress: 67% (194/286) - Loss: 0.4297
[Client 3, Round 73] Progress: 68% (196/286) - Loss: 0.1321
[Client 3, Round 73] Progress: 69% (198/286) - Loss: 0.1624
[Client 3, Round 73] Progress: 69% (200/286) - Loss: 0.4707
[Client 3, Round 73] Progress: 70% (202/286) - Loss: 0.0452
[Client 3, Round 73] Progress: 71% (204/286) - Loss: 0.0517
[Client 3, Round 73] Progress: 72% (206/286) - Loss: 0.1062
[Client 3, Round 73] Progress: 72% (208/286) - Loss: 0.0853
[Client 3, Round 73] Progress: 73% (210/286) - Loss: 0.1081
[Client 3, Round 73] Progress: 74% (212/286) - Loss: 0.0716
[Client 3, Round 73] Progress: 74% (214/286) - Loss: 0.0964
[Client 3, Round 73] Progress: 75% (216/286) - Loss: 0.1789
[Client 3, Round 73] Progress: 76% (218/286) - Loss: 0.0896
[Client 3, Round 73] Progress: 76% (220/286) - Loss: 0.1175
[Client 3, Round 73] Progress: 77% (222/286) - Loss: 0.2836
[Client 3, Round 73] Progress: 78% (224/286) - Loss: 0.0591
[Client 3, Round 73] Progress: 79% (226/286) - Loss: 0.1124
[Client 3, Round 73] Progress: 79% (228/286) - Loss: 0.1986
[Client 3, Round 73] Progress: 80% (230/286) - Loss: 0.4297
[Client 3, Round 73] Progress: 81% (232/286) - Loss: 0.2324
[Client 3, Round 73] Progress: 81% (234/286) - Loss: 0.1845
[Client 3, Round 73] Progress: 82% (236/286) - Loss: 0.0554
[Client 3, Round 73] Progress: 83% (238/286) - Loss: 0.4505
[Client 3, Round 73] Progress: 83% (240/286) - Loss: 0.1395
[Client 3, Round 73] Progress: 84% (242/286) - Loss: 0.3685
[Client 3, Round 73] Progress: 85% (244/286) - Loss: 0.0880
[Client 3, Round 73] Progress: 86% (246/286) - Loss: 0.2344
[Client 3, Round 73] Progress: 86% (248/286) - Loss: 0.3098
[Client 3, Round 73] Progress: 87% (250/286) - Loss: 0.1655
[Client 3, Round 73] Progress: 88% (252/286) - Loss: 0.2125
[Client 3, Round 73] Progress: 88% (254/286) - Loss: 0.5862
[Client 3, Round 73] Progress: 89% (256/286) - Loss: 0.2611
[Client 3, Round 73] Progress: 90% (258/286) - Loss: 0.1078
[Client 3, Round 73] Progress: 90% (260/286) - Loss: 0.1717
[Client 3, Round 73] Progress: 91% (262/286) - Loss: 0.1174
[Client 3, Round 73] Progress: 92% (264/286) - Loss: 0.2690
[Client 3, Round 73] Progress: 93% (266/286) - Loss: 0.1224
[Client 3, Round 73] Progress: 93% (268/286) - Loss: 0.4077
[Client 3, Round 73] Progress: 94% (270/286) - Loss: 0.0909
[Client 3, Round 73] Progress: 95% (272/286) - Loss: 0.1770
[Client 3, Round 73] Progress: 95% (274/286) - Loss: 0.0494
[Client 3, Round 73] Progress: 96% (276/286) - Loss: 0.0718
[Client 3, Round 73] Progress: 97% (278/286) - Loss: 0.1593
[Client 3, Round 73] Progress: 97% (280/286) - Loss: 0.2786
[Client 3, Round 73] Progress: 98% (282/286) - Loss: 0.1295
[Client 3, Round 73] Progress: 99% (284/286) - Loss: 0.1977
[Client 3, Round 73] Progress: 100% (286/286) - Loss: 0.0633
[Client 3, Round 73] Train Loss: 0.1906
[Client 3, Round 73] Val Loss: 0.1657 | Val Dice: 0.8511
[Client 3, Round 74] Progress: 0% (2/286) - Loss: 0.8241
[Client 3, Round 74] Progress: 1% (4/286) - Loss: 0.1514
[Client 3, Round 74] Progress: 2% (6/286) - Loss: 0.1536
[Client 3, Round 74] Progress: 2% (8/286) - Loss: 0.0966
[Client 3, Round 74] Progress: 3% (10/286) - Loss: 0.1241
[Client 3, Round 74] Progress: 4% (12/286) - Loss: 0.4446
[Client 3, Round 74] Progress: 4% (14/286) - Loss: 0.2032
[Client 3, Round 74] Progress: 5% (16/286) - Loss: 0.1203
[Client 3, Round 74] Progress: 6% (18/286) - Loss: 0.1911
[Client 3, Round 74] Progress: 6% (20/286) - Loss: 0.3323
[Client 3, Round 74] Progress: 7% (22/286) - Loss: 0.0744
[Client 3, Round 74] Progress: 8% (24/286) - Loss: 0.1840
[Client 3, Round 74] Progress: 9% (26/286) - Loss: 0.1798
[Client 3, Round 74] Progress: 9% (28/286) - Loss: 0.1884
[Client 3, Round 74] Progress: 10% (30/286) - Loss: 0.0524
[Client 3, Round 74] Progress: 11% (32/286) - Loss: 0.1816
[Client 3, Round 74] Progress: 11% (34/286) - Loss: 0.1599
[Client 3, Round 74] Progress: 12% (36/286) - Loss: 0.1541
[Client 3, Round 74] Progress: 13% (38/286) - Loss: 0.1575
[Client 3, Round 74] Progress: 13% (40/286) - Loss: 0.0636
[Client 3, Round 74] Progress: 14% (42/286) - Loss: 0.1191
[Client 3, Round 74] Progress: 15% (44/286) - Loss: 0.4768
[Client 3, Round 74] Progress: 16% (46/286) - Loss: 0.4664
[Client 3, Round 74] Progress: 16% (48/286) - Loss: 0.1239
[Client 3, Round 74] Progress: 17% (50/286) - Loss: 0.1089
[Client 3, Round 74] Progress: 18% (52/286) - Loss: 0.0968
[Client 3, Round 74] Progress: 18% (54/286) - Loss: 0.4912
[Client 3, Round 74] Progress: 19% (56/286) - Loss: 0.1289
[Client 3, Round 74] Progress: 20% (58/286) - Loss: 0.0823
[Client 3, Round 74] Progress: 20% (60/286) - Loss: 0.1083
[Client 3, Round 74] Progress: 21% (62/286) - Loss: 0.1041
[Client 3, Round 74] Progress: 22% (64/286) - Loss: 0.1471
[Client 3, Round 74] Progress: 23% (66/286) - Loss: 0.4193
[Client 3, Round 74] Progress: 23% (68/286) - Loss: 0.1611
[Client 3, Round 74] Progress: 24% (70/286) - Loss: 0.0900
[Client 3, Round 74] Progress: 25% (72/286) - Loss: 0.1335
[Client 3, Round 74] Progress: 25% (74/286) - Loss: 0.0962
[Client 3, Round 74] Progress: 26% (76/286) - Loss: 0.0886
[Client 3, Round 74] Progress: 27% (78/286) - Loss: 0.1294
[Client 3, Round 74] Progress: 27% (80/286) - Loss: 0.1088
[Client 3, Round 74] Progress: 28% (82/286) - Loss: 0.1155
[Client 3, Round 74] Progress: 29% (84/286) - Loss: 0.2428
[Client 3, Round 74] Progress: 30% (86/286) - Loss: 0.1965
[Client 3, Round 74] Progress: 30% (88/286) - Loss: 0.2979
[Client 3, Round 74] Progress: 31% (90/286) - Loss: 0.1062
[Client 3, Round 74] Progress: 32% (92/286) - Loss: 0.0824
[Client 3, Round 74] Progress: 32% (94/286) - Loss: 0.0780
[Client 3, Round 74] Progress: 33% (96/286) - Loss: 0.2789
[Client 3, Round 74] Progress: 34% (98/286) - Loss: 0.1192
[Client 3, Round 74] Progress: 34% (100/286) - Loss: 0.1839
[Client 3, Round 74] Progress: 35% (102/286) - Loss: 0.1759
[Client 3, Round 74] Progress: 36% (104/286) - Loss: 0.1834
[Client 3, Round 74] Progress: 37% (106/286) - Loss: 0.0656
[Client 3, Round 74] Progress: 37% (108/286) - Loss: 0.0605
[Client 3, Round 74] Progress: 38% (110/286) - Loss: 0.2583
[Client 3, Round 74] Progress: 39% (112/286) - Loss: 0.1723
[Client 3, Round 74] Progress: 39% (114/286) - Loss: 0.0912
[Client 3, Round 74] Progress: 40% (116/286) - Loss: 0.0984
[Client 3, Round 74] Progress: 41% (118/286) - Loss: 0.3960
[Client 3, Round 74] Progress: 41% (120/286) - Loss: 0.1269
[Client 3, Round 74] Progress: 42% (122/286) - Loss: 0.1270
[Client 3, Round 74] Progress: 43% (124/286) - Loss: 0.0873
[Client 3, Round 74] Progress: 44% (126/286) - Loss: 0.0963
[Client 3, Round 74] Progress: 44% (128/286) - Loss: 0.4440
[Client 3, Round 74] Progress: 45% (130/286) - Loss: 0.4342
[Client 3, Round 74] Progress: 46% (132/286) - Loss: 0.1846
[Client 3, Round 74] Progress: 46% (134/286) - Loss: 0.1637
[Client 3, Round 74] Progress: 47% (136/286) - Loss: 0.1472
[Client 3, Round 74] Progress: 48% (138/286) - Loss: 0.1449
[Client 3, Round 74] Progress: 48% (140/286) - Loss: 0.0800
[Client 3, Round 74] Progress: 49% (142/286) - Loss: 0.0724
[Client 3, Round 74] Progress: 50% (144/286) - Loss: 0.0672
[Client 3, Round 74] Progress: 51% (146/286) - Loss: 0.0857
[Client 3, Round 74] Progress: 51% (148/286) - Loss: 0.1195
[Client 3, Round 74] Progress: 52% (150/286) - Loss: 0.4042
[Client 3, Round 74] Progress: 53% (152/286) - Loss: 0.1165
[Client 3, Round 74] Progress: 53% (154/286) - Loss: 0.0834
[Client 3, Round 74] Progress: 54% (156/286) - Loss: 0.1748
[Client 3, Round 74] Progress: 55% (158/286) - Loss: 0.1041
[Client 3, Round 74] Progress: 55% (160/286) - Loss: 0.4269
[Client 3, Round 74] Progress: 56% (162/286) - Loss: 0.1202
[Client 3, Round 74] Progress: 57% (164/286) - Loss: 0.1716
[Client 3, Round 74] Progress: 58% (166/286) - Loss: 0.0972
[Client 3, Round 74] Progress: 58% (168/286) - Loss: 0.0340
[Client 3, Round 74] Progress: 59% (170/286) - Loss: 0.1377
[Client 3, Round 74] Progress: 60% (172/286) - Loss: 0.0612
[Client 3, Round 74] Progress: 60% (174/286) - Loss: 0.1149
[Client 3, Round 74] Progress: 61% (176/286) - Loss: 0.7875
[Client 3, Round 74] Progress: 62% (178/286) - Loss: 0.1170
[Client 3, Round 74] Progress: 62% (180/286) - Loss: 0.0713
[Client 3, Round 74] Progress: 63% (182/286) - Loss: 0.5088
[Client 3, Round 74] Progress: 64% (184/286) - Loss: 0.1581
[Client 3, Round 74] Progress: 65% (186/286) - Loss: 0.1137
[Client 3, Round 74] Progress: 65% (188/286) - Loss: 0.2556
[Client 3, Round 74] Progress: 66% (190/286) - Loss: 0.1175
[Client 3, Round 74] Progress: 67% (192/286) - Loss: 0.0876
[Client 3, Round 74] Progress: 67% (194/286) - Loss: 0.0877
[Client 3, Round 74] Progress: 68% (196/286) - Loss: 0.4554
[Client 3, Round 74] Progress: 69% (198/286) - Loss: 0.1637
[Client 3, Round 74] Progress: 69% (200/286) - Loss: 0.0755
[Client 3, Round 74] Progress: 70% (202/286) - Loss: 0.4300
[Client 3, Round 74] Progress: 71% (204/286) - Loss: 0.4354
[Client 3, Round 74] Progress: 72% (206/286) - Loss: 0.2589
[Client 3, Round 74] Progress: 72% (208/286) - Loss: 0.1596
[Client 3, Round 74] Progress: 73% (210/286) - Loss: 0.1499
[Client 3, Round 74] Progress: 74% (212/286) - Loss: 0.2075
[Client 3, Round 74] Progress: 74% (214/286) - Loss: 0.4822
[Client 3, Round 74] Progress: 75% (216/286) - Loss: 0.1703
[Client 3, Round 74] Progress: 76% (218/286) - Loss: 0.1209
[Client 3, Round 74] Progress: 76% (220/286) - Loss: 0.4137
[Client 3, Round 74] Progress: 77% (222/286) - Loss: 0.4636
[Client 3, Round 74] Progress: 78% (224/286) - Loss: 0.1915
[Client 3, Round 74] Progress: 79% (226/286) - Loss: 0.3959
[Client 3, Round 74] Progress: 79% (228/286) - Loss: 0.2068
[Client 3, Round 74] Progress: 80% (230/286) - Loss: 0.4257
[Client 3, Round 74] Progress: 81% (232/286) - Loss: 0.1392
[Client 3, Round 74] Progress: 81% (234/286) - Loss: 0.0507
[Client 3, Round 74] Progress: 82% (236/286) - Loss: 0.0704
[Client 3, Round 74] Progress: 83% (238/286) - Loss: 0.2506
[Client 3, Round 74] Progress: 83% (240/286) - Loss: 0.0861
[Client 3, Round 74] Progress: 84% (242/286) - Loss: 0.3603
[Client 3, Round 74] Progress: 85% (244/286) - Loss: 0.1157
[Client 3, Round 74] Progress: 86% (246/286) - Loss: 0.1348
[Client 3, Round 74] Progress: 86% (248/286) - Loss: 0.1371
[Client 3, Round 74] Progress: 87% (250/286) - Loss: 0.1875
[Client 3, Round 74] Progress: 88% (252/286) - Loss: 0.4342
[Client 3, Round 74] Progress: 88% (254/286) - Loss: 0.0664
[Client 3, Round 74] Progress: 89% (256/286) - Loss: 0.4411
[Client 3, Round 74] Progress: 90% (258/286) - Loss: 0.1194
[Client 3, Round 74] Progress: 90% (260/286) - Loss: 0.1187
[Client 3, Round 74] Progress: 91% (262/286) - Loss: 0.0954
[Client 3, Round 74] Progress: 92% (264/286) - Loss: 0.1083
[Client 3, Round 74] Progress: 93% (266/286) - Loss: 0.0966
[Client 3, Round 74] Progress: 93% (268/286) - Loss: 0.1918
[Client 3, Round 74] Progress: 94% (270/286) - Loss: 0.4738
[Client 3, Round 74] Progress: 95% (272/286) - Loss: 0.3191
[Client 3, Round 74] Progress: 95% (274/286) - Loss: 0.1255
[Client 3, Round 74] Progress: 96% (276/286) - Loss: 0.2073
[Client 3, Round 74] Progress: 97% (278/286) - Loss: 0.1196
[Client 3, Round 74] Progress: 97% (280/286) - Loss: 0.0902
[Client 3, Round 74] Progress: 98% (282/286) - Loss: 0.2638
[Client 3, Round 74] Progress: 99% (284/286) - Loss: 0.1415
[Client 3, Round 74] Progress: 100% (286/286) - Loss: 0.0816
[Client 3, Round 74] Train Loss: 0.1906
[Client 3, Round 74] Val Loss: 0.1612 | Val Dice: 0.8554
[Client 3, Round 75] Progress: 0% (2/286) - Loss: 0.1129
[Client 3, Round 75] Progress: 1% (4/286) - Loss: 0.1352
[Client 3, Round 75] Progress: 2% (6/286) - Loss: 0.1176
[Client 3, Round 75] Progress: 2% (8/286) - Loss: 0.1162
[Client 3, Round 75] Progress: 3% (10/286) - Loss: 0.1161
[Client 3, Round 75] Progress: 4% (12/286) - Loss: 0.1000
[Client 3, Round 75] Progress: 4% (14/286) - Loss: 0.4183
[Client 3, Round 75] Progress: 5% (16/286) - Loss: 0.3533
[Client 3, Round 75] Progress: 6% (18/286) - Loss: 0.4651
[Client 3, Round 75] Progress: 6% (20/286) - Loss: 0.2067
[Client 3, Round 75] Progress: 7% (22/286) - Loss: 0.2213
[Client 3, Round 75] Progress: 8% (24/286) - Loss: 0.1570
[Client 3, Round 75] Progress: 9% (26/286) - Loss: 0.0966
[Client 3, Round 75] Progress: 9% (28/286) - Loss: 0.4046
[Client 3, Round 75] Progress: 10% (30/286) - Loss: 0.1358
[Client 3, Round 75] Progress: 11% (32/286) - Loss: 0.0617
[Client 3, Round 75] Progress: 11% (34/286) - Loss: 0.1673
[Client 3, Round 75] Progress: 12% (36/286) - Loss: 0.0602
[Client 3, Round 75] Progress: 13% (38/286) - Loss: 0.0736
[Client 3, Round 75] Progress: 13% (40/286) - Loss: 0.0489
[Client 3, Round 75] Progress: 14% (42/286) - Loss: 0.1628
[Client 3, Round 75] Progress: 15% (44/286) - Loss: 0.1572
[Client 3, Round 75] Progress: 16% (46/286) - Loss: 0.1561
[Client 3, Round 75] Progress: 16% (48/286) - Loss: 0.0579
[Client 3, Round 75] Progress: 17% (50/286) - Loss: 0.1329
[Client 3, Round 75] Progress: 18% (52/286) - Loss: 0.0833
[Client 3, Round 75] Progress: 18% (54/286) - Loss: 0.1325
[Client 3, Round 75] Progress: 19% (56/286) - Loss: 0.1971
[Client 3, Round 75] Progress: 20% (58/286) - Loss: 0.1333
[Client 3, Round 75] Progress: 20% (60/286) - Loss: 0.0478
[Client 3, Round 75] Progress: 21% (62/286) - Loss: 0.0704
[Client 3, Round 75] Progress: 22% (64/286) - Loss: 0.4641
[Client 3, Round 75] Progress: 23% (66/286) - Loss: 0.1724
[Client 3, Round 75] Progress: 23% (68/286) - Loss: 0.1724
[Client 3, Round 75] Progress: 24% (70/286) - Loss: 0.2201
[Client 3, Round 75] Progress: 25% (72/286) - Loss: 0.1207
[Client 3, Round 75] Progress: 25% (74/286) - Loss: 0.1586
[Client 3, Round 75] Progress: 26% (76/286) - Loss: 0.3471
[Client 3, Round 75] Progress: 27% (78/286) - Loss: 0.1196
[Client 3, Round 75] Progress: 27% (80/286) - Loss: 0.1085
[Client 3, Round 75] Progress: 28% (82/286) - Loss: 0.0939
[Client 3, Round 75] Progress: 29% (84/286) - Loss: 0.2255
[Client 3, Round 75] Progress: 30% (86/286) - Loss: 0.1599
[Client 3, Round 75] Progress: 30% (88/286) - Loss: 0.1122
[Client 3, Round 75] Progress: 31% (90/286) - Loss: 0.1521
[Client 3, Round 75] Progress: 32% (92/286) - Loss: 0.0915
[Client 3, Round 75] Progress: 32% (94/286) - Loss: 0.1508
[Client 3, Round 75] Progress: 33% (96/286) - Loss: 0.1143
[Client 3, Round 75] Progress: 34% (98/286) - Loss: 0.1325
[Client 3, Round 75] Progress: 34% (100/286) - Loss: 0.1738
[Client 3, Round 75] Progress: 35% (102/286) - Loss: 0.2627
[Client 3, Round 75] Progress: 36% (104/286) - Loss: 0.1089
[Client 3, Round 75] Progress: 37% (106/286) - Loss: 0.2483
[Client 3, Round 75] Progress: 37% (108/286) - Loss: 0.1714
[Client 3, Round 75] Progress: 38% (110/286) - Loss: 0.2376
[Client 3, Round 75] Progress: 39% (112/286) - Loss: 0.0900
[Client 3, Round 75] Progress: 39% (114/286) - Loss: 0.1915
[Client 3, Round 75] Progress: 40% (116/286) - Loss: 0.2235
[Client 3, Round 75] Progress: 41% (118/286) - Loss: 0.1536
[Client 3, Round 75] Progress: 41% (120/286) - Loss: 0.1218
[Client 3, Round 75] Progress: 42% (122/286) - Loss: 0.4398
[Client 3, Round 75] Progress: 43% (124/286) - Loss: 0.5668
[Client 3, Round 75] Progress: 44% (126/286) - Loss: 0.4826
[Client 3, Round 75] Progress: 44% (128/286) - Loss: 0.2178
[Client 3, Round 75] Progress: 45% (130/286) - Loss: 0.0753
[Client 3, Round 75] Progress: 46% (132/286) - Loss: 0.4919
[Client 3, Round 75] Progress: 46% (134/286) - Loss: 0.0884
[Client 3, Round 75] Progress: 47% (136/286) - Loss: 0.1269
[Client 3, Round 75] Progress: 48% (138/286) - Loss: 0.1580
[Client 3, Round 75] Progress: 48% (140/286) - Loss: 0.1061
[Client 3, Round 75] Progress: 49% (142/286) - Loss: 0.0826
[Client 3, Round 75] Progress: 50% (144/286) - Loss: 0.6331
[Client 3, Round 75] Progress: 51% (146/286) - Loss: 0.2381
[Client 3, Round 75] Progress: 51% (148/286) - Loss: 0.1238
[Client 3, Round 75] Progress: 52% (150/286) - Loss: 0.1383
[Client 3, Round 75] Progress: 53% (152/286) - Loss: 0.0945
[Client 3, Round 75] Progress: 53% (154/286) - Loss: 0.1063
[Client 3, Round 75] Progress: 54% (156/286) - Loss: 0.1645
[Client 3, Round 75] Progress: 55% (158/286) - Loss: 0.3791
[Client 3, Round 75] Progress: 55% (160/286) - Loss: 0.1588
[Client 3, Round 75] Progress: 56% (162/286) - Loss: 0.2193
[Client 3, Round 75] Progress: 57% (164/286) - Loss: 0.1699
[Client 3, Round 75] Progress: 58% (166/286) - Loss: 0.3660
[Client 3, Round 75] Progress: 58% (168/286) - Loss: 0.1031
[Client 3, Round 75] Progress: 59% (170/286) - Loss: 0.1172
[Client 3, Round 75] Progress: 60% (172/286) - Loss: 0.1564
[Client 3, Round 75] Progress: 60% (174/286) - Loss: 0.0932
[Client 3, Round 75] Progress: 61% (176/286) - Loss: 0.1385
[Client 3, Round 75] Progress: 62% (178/286) - Loss: 0.0854
[Client 3, Round 75] Progress: 62% (180/286) - Loss: 0.2719
[Client 3, Round 75] Progress: 63% (182/286) - Loss: 0.1933
[Client 3, Round 75] Progress: 64% (184/286) - Loss: 0.2077
[Client 3, Round 75] Progress: 65% (186/286) - Loss: 0.1944
[Client 3, Round 75] Progress: 65% (188/286) - Loss: 0.4610
[Client 3, Round 75] Progress: 66% (190/286) - Loss: 0.2895
[Client 3, Round 75] Progress: 67% (192/286) - Loss: 0.0777
[Client 3, Round 75] Progress: 67% (194/286) - Loss: 0.4517
[Client 3, Round 75] Progress: 68% (196/286) - Loss: 0.4138
[Client 3, Round 75] Progress: 69% (198/286) - Loss: 0.1178
[Client 3, Round 75] Progress: 69% (200/286) - Loss: 0.0611
[Client 3, Round 75] Progress: 70% (202/286) - Loss: 0.4502
[Client 3, Round 75] Progress: 71% (204/286) - Loss: 0.0428
[Client 3, Round 75] Progress: 72% (206/286) - Loss: 0.1094
[Client 3, Round 75] Progress: 72% (208/286) - Loss: 0.8133
[Client 3, Round 75] Progress: 73% (210/286) - Loss: 0.4173
[Client 3, Round 75] Progress: 74% (212/286) - Loss: 0.2050
[Client 3, Round 75] Progress: 74% (214/286) - Loss: 0.0695
[Client 3, Round 75] Progress: 75% (216/286) - Loss: 0.4459
[Client 3, Round 75] Progress: 76% (218/286) - Loss: 0.1165
[Client 3, Round 75] Progress: 76% (220/286) - Loss: 0.0770
[Client 3, Round 75] Progress: 77% (222/286) - Loss: 0.4542
[Client 3, Round 75] Progress: 78% (224/286) - Loss: 0.2093
[Client 3, Round 75] Progress: 79% (226/286) - Loss: 0.5070
[Client 3, Round 75] Progress: 79% (228/286) - Loss: 0.1943
[Client 3, Round 75] Progress: 80% (230/286) - Loss: 0.1270
[Client 3, Round 75] Progress: 81% (232/286) - Loss: 0.1186
[Client 3, Round 75] Progress: 81% (234/286) - Loss: 0.1243
[Client 3, Round 75] Progress: 82% (236/286) - Loss: 0.1868
[Client 3, Round 75] Progress: 83% (238/286) - Loss: 0.2524
[Client 3, Round 75] Progress: 83% (240/286) - Loss: 0.5072
[Client 3, Round 75] Progress: 84% (242/286) - Loss: 0.1604
[Client 3, Round 75] Progress: 85% (244/286) - Loss: 0.0883
[Client 3, Round 75] Progress: 86% (246/286) - Loss: 0.1470
[Client 3, Round 75] Progress: 86% (248/286) - Loss: 0.4434
[Client 3, Round 75] Progress: 87% (250/286) - Loss: 0.1151
[Client 3, Round 75] Progress: 88% (252/286) - Loss: 0.1794
[Client 3, Round 75] Progress: 88% (254/286) - Loss: 0.1667
[Client 3, Round 75] Progress: 89% (256/286) - Loss: 0.1177
[Client 3, Round 75] Progress: 90% (258/286) - Loss: 0.0979
[Client 3, Round 75] Progress: 90% (260/286) - Loss: 0.0873
[Client 3, Round 75] Progress: 91% (262/286) - Loss: 0.2466
[Client 3, Round 75] Progress: 92% (264/286) - Loss: 0.1633
[Client 3, Round 75] Progress: 93% (266/286) - Loss: 0.1122
[Client 3, Round 75] Progress: 93% (268/286) - Loss: 0.1384
[Client 3, Round 75] Progress: 94% (270/286) - Loss: 0.0958
[Client 3, Round 75] Progress: 95% (272/286) - Loss: 0.1039
[Client 3, Round 75] Progress: 95% (274/286) - Loss: 0.0579
[Client 3, Round 75] Progress: 96% (276/286) - Loss: 0.1164
[Client 3, Round 75] Progress: 97% (278/286) - Loss: 0.4650
[Client 3, Round 75] Progress: 97% (280/286) - Loss: 0.0339
[Client 3, Round 75] Progress: 98% (282/286) - Loss: 0.2465
[Client 3, Round 75] Progress: 99% (284/286) - Loss: 0.1891
[Client 3, Round 75] Progress: 100% (286/286) - Loss: 0.0634
[Client 3, Round 75] Train Loss: 0.1868
[Client 3, Round 75] Val Loss: 0.1657 | Val Dice: 0.8477
[Client 3, Round 76] Progress: 0% (2/286) - Loss: 0.1568
[Client 3, Round 76] Progress: 1% (4/286) - Loss: 0.2046
[Client 3, Round 76] Progress: 2% (6/286) - Loss: 0.3085
[Client 3, Round 76] Progress: 2% (8/286) - Loss: 0.3739
[Client 3, Round 76] Progress: 3% (10/286) - Loss: 0.0977
[Client 3, Round 76] Progress: 4% (12/286) - Loss: 0.1629
[Client 3, Round 76] Progress: 4% (14/286) - Loss: 0.2164
[Client 3, Round 76] Progress: 5% (16/286) - Loss: 0.2019
[Client 3, Round 76] Progress: 6% (18/286) - Loss: 0.1357
[Client 3, Round 76] Progress: 6% (20/286) - Loss: 0.0971
[Client 3, Round 76] Progress: 7% (22/286) - Loss: 0.0960
[Client 3, Round 76] Progress: 8% (24/286) - Loss: 0.0661
[Client 3, Round 76] Progress: 9% (26/286) - Loss: 0.4683
[Client 3, Round 76] Progress: 9% (28/286) - Loss: 0.1026
[Client 3, Round 76] Progress: 10% (30/286) - Loss: 0.1737
[Client 3, Round 76] Progress: 11% (32/286) - Loss: 0.1714
[Client 3, Round 76] Progress: 11% (34/286) - Loss: 0.4172
[Client 3, Round 76] Progress: 12% (36/286) - Loss: 0.3968
[Client 3, Round 76] Progress: 13% (38/286) - Loss: 0.3581
[Client 3, Round 76] Progress: 13% (40/286) - Loss: 0.0771
[Client 3, Round 76] Progress: 14% (42/286) - Loss: 0.2517
[Client 3, Round 76] Progress: 15% (44/286) - Loss: 0.1109
[Client 3, Round 76] Progress: 16% (46/286) - Loss: 0.2946
[Client 3, Round 76] Progress: 16% (48/286) - Loss: 0.1440
[Client 3, Round 76] Progress: 17% (50/286) - Loss: 0.2068
[Client 3, Round 76] Progress: 18% (52/286) - Loss: 0.0997
[Client 3, Round 76] Progress: 18% (54/286) - Loss: 0.1436
[Client 3, Round 76] Progress: 19% (56/286) - Loss: 0.0892
[Client 3, Round 76] Progress: 20% (58/286) - Loss: 0.1571
[Client 3, Round 76] Progress: 20% (60/286) - Loss: 0.1326
[Client 3, Round 76] Progress: 21% (62/286) - Loss: 0.1984
[Client 3, Round 76] Progress: 22% (64/286) - Loss: 0.1916
[Client 3, Round 76] Progress: 23% (66/286) - Loss: 0.1085
[Client 3, Round 76] Progress: 23% (68/286) - Loss: 0.3793
[Client 3, Round 76] Progress: 24% (70/286) - Loss: 0.2342
[Client 3, Round 76] Progress: 25% (72/286) - Loss: 0.7491
[Client 3, Round 76] Progress: 25% (74/286) - Loss: 0.1211
[Client 3, Round 76] Progress: 26% (76/286) - Loss: 0.1462
[Client 3, Round 76] Progress: 27% (78/286) - Loss: 0.9999
[Client 3, Round 76] Progress: 27% (80/286) - Loss: 0.5083
[Client 3, Round 76] Progress: 28% (82/286) - Loss: 0.0619
[Client 3, Round 76] Progress: 29% (84/286) - Loss: 0.0724
[Client 3, Round 76] Progress: 30% (86/286) - Loss: 0.0978
[Client 3, Round 76] Progress: 30% (88/286) - Loss: 0.2103
[Client 3, Round 76] Progress: 31% (90/286) - Loss: 0.1558
[Client 3, Round 76] Progress: 32% (92/286) - Loss: 0.0938
[Client 3, Round 76] Progress: 32% (94/286) - Loss: 0.6877
[Client 3, Round 76] Progress: 33% (96/286) - Loss: 0.1144
[Client 3, Round 76] Progress: 34% (98/286) - Loss: 0.2017
[Client 3, Round 76] Progress: 34% (100/286) - Loss: 0.2804
[Client 3, Round 76] Progress: 35% (102/286) - Loss: 0.1245
[Client 3, Round 76] Progress: 36% (104/286) - Loss: 0.0764
[Client 3, Round 76] Progress: 37% (106/286) - Loss: 0.0886
[Client 3, Round 76] Progress: 37% (108/286) - Loss: 0.5335
[Client 3, Round 76] Progress: 38% (110/286) - Loss: 0.0453
[Client 3, Round 76] Progress: 39% (112/286) - Loss: 0.0916
[Client 3, Round 76] Progress: 39% (114/286) - Loss: 0.1675
[Client 3, Round 76] Progress: 40% (116/286) - Loss: 0.2490
[Client 3, Round 76] Progress: 41% (118/286) - Loss: 0.1579
[Client 3, Round 76] Progress: 41% (120/286) - Loss: 0.4407
[Client 3, Round 76] Progress: 42% (122/286) - Loss: 0.1544
[Client 3, Round 76] Progress: 43% (124/286) - Loss: 0.0777
[Client 3, Round 76] Progress: 44% (126/286) - Loss: 0.3659
[Client 3, Round 76] Progress: 44% (128/286) - Loss: 0.1290
[Client 3, Round 76] Progress: 45% (130/286) - Loss: 0.1534
[Client 3, Round 76] Progress: 46% (132/286) - Loss: 0.0631
[Client 3, Round 76] Progress: 46% (134/286) - Loss: 0.0906
[Client 3, Round 76] Progress: 47% (136/286) - Loss: 0.1050
[Client 3, Round 76] Progress: 48% (138/286) - Loss: 0.3304
[Client 3, Round 76] Progress: 48% (140/286) - Loss: 0.0636
[Client 3, Round 76] Progress: 49% (142/286) - Loss: 0.1168
[Client 3, Round 76] Progress: 50% (144/286) - Loss: 0.1324
[Client 3, Round 76] Progress: 51% (146/286) - Loss: 0.1141
[Client 3, Round 76] Progress: 51% (148/286) - Loss: 0.0678
[Client 3, Round 76] Progress: 52% (150/286) - Loss: 0.4999
[Client 3, Round 76] Progress: 53% (152/286) - Loss: 0.1615
[Client 3, Round 76] Progress: 53% (154/286) - Loss: 0.4293
[Client 3, Round 76] Progress: 54% (156/286) - Loss: 0.1826
[Client 3, Round 76] Progress: 55% (158/286) - Loss: 0.1032
[Client 3, Round 76] Progress: 55% (160/286) - Loss: 0.0890
[Client 3, Round 76] Progress: 56% (162/286) - Loss: 0.1175
[Client 3, Round 76] Progress: 57% (164/286) - Loss: 0.4000
[Client 3, Round 76] Progress: 58% (166/286) - Loss: 0.1073
[Client 3, Round 76] Progress: 58% (168/286) - Loss: 0.2535
[Client 3, Round 76] Progress: 59% (170/286) - Loss: 0.4806
[Client 3, Round 76] Progress: 60% (172/286) - Loss: 0.0899
[Client 3, Round 76] Progress: 60% (174/286) - Loss: 0.1400
[Client 3, Round 76] Progress: 61% (176/286) - Loss: 0.3529
[Client 3, Round 76] Progress: 62% (178/286) - Loss: 0.1299
[Client 3, Round 76] Progress: 62% (180/286) - Loss: 0.1679
[Client 3, Round 76] Progress: 63% (182/286) - Loss: 0.1569
[Client 3, Round 76] Progress: 64% (184/286) - Loss: 0.1175
[Client 3, Round 76] Progress: 65% (186/286) - Loss: 0.0831
[Client 3, Round 76] Progress: 65% (188/286) - Loss: 0.4689
[Client 3, Round 76] Progress: 66% (190/286) - Loss: 0.1115
[Client 3, Round 76] Progress: 67% (192/286) - Loss: 0.1144
[Client 3, Round 76] Progress: 67% (194/286) - Loss: 0.1203
[Client 3, Round 76] Progress: 68% (196/286) - Loss: 0.2489
[Client 3, Round 76] Progress: 69% (198/286) - Loss: 0.0668
[Client 3, Round 76] Progress: 69% (200/286) - Loss: 0.0606
[Client 3, Round 76] Progress: 70% (202/286) - Loss: 0.0979
[Client 3, Round 76] Progress: 71% (204/286) - Loss: 0.2544
[Client 3, Round 76] Progress: 72% (206/286) - Loss: 0.3175
[Client 3, Round 76] Progress: 72% (208/286) - Loss: 0.1980
[Client 3, Round 76] Progress: 73% (210/286) - Loss: 0.1103
[Client 3, Round 76] Progress: 74% (212/286) - Loss: 0.1304
[Client 3, Round 76] Progress: 74% (214/286) - Loss: 0.1159
[Client 3, Round 76] Progress: 75% (216/286) - Loss: 0.1521
[Client 3, Round 76] Progress: 76% (218/286) - Loss: 0.0603
[Client 3, Round 76] Progress: 76% (220/286) - Loss: 0.3755
[Client 3, Round 76] Progress: 77% (222/286) - Loss: 0.1172
[Client 3, Round 76] Progress: 78% (224/286) - Loss: 0.3293
[Client 3, Round 76] Progress: 79% (226/286) - Loss: 0.0990
[Client 3, Round 76] Progress: 79% (228/286) - Loss: 0.0606
[Client 3, Round 76] Progress: 80% (230/286) - Loss: 0.1370
[Client 3, Round 76] Progress: 81% (232/286) - Loss: 0.0918
[Client 3, Round 76] Progress: 81% (234/286) - Loss: 0.1979
[Client 3, Round 76] Progress: 82% (236/286) - Loss: 0.1059
[Client 3, Round 76] Progress: 83% (238/286) - Loss: 0.2177
[Client 3, Round 76] Progress: 83% (240/286) - Loss: 0.0935
[Client 3, Round 76] Progress: 84% (242/286) - Loss: 0.1062
[Client 3, Round 76] Progress: 85% (244/286) - Loss: 0.0623
[Client 3, Round 76] Progress: 86% (246/286) - Loss: 0.4338
[Client 3, Round 76] Progress: 86% (248/286) - Loss: 0.1652
[Client 3, Round 76] Progress: 87% (250/286) - Loss: 0.2097
[Client 3, Round 76] Progress: 88% (252/286) - Loss: 0.1641
[Client 3, Round 76] Progress: 88% (254/286) - Loss: 0.1392
[Client 3, Round 76] Progress: 89% (256/286) - Loss: 0.4911
[Client 3, Round 76] Progress: 90% (258/286) - Loss: 0.1233
[Client 3, Round 76] Progress: 90% (260/286) - Loss: 0.1927
[Client 3, Round 76] Progress: 91% (262/286) - Loss: 0.0887
[Client 3, Round 76] Progress: 92% (264/286) - Loss: 0.0957
[Client 3, Round 76] Progress: 93% (266/286) - Loss: 0.0810
[Client 3, Round 76] Progress: 93% (268/286) - Loss: 0.0982
[Client 3, Round 76] Progress: 94% (270/286) - Loss: 0.2223
[Client 3, Round 76] Progress: 95% (272/286) - Loss: 0.1418
[Client 3, Round 76] Progress: 95% (274/286) - Loss: 0.0759
[Client 3, Round 76] Progress: 96% (276/286) - Loss: 0.1359
[Client 3, Round 76] Progress: 97% (278/286) - Loss: 0.1837
[Client 3, Round 76] Progress: 97% (280/286) - Loss: 0.1140
[Client 3, Round 76] Progress: 98% (282/286) - Loss: 0.2045
[Client 3, Round 76] Progress: 99% (284/286) - Loss: 0.1406
[Client 3, Round 76] Progress: 100% (286/286) - Loss: 0.5528
[Client 3, Round 76] Train Loss: 0.1940
[Client 3, Round 76] Val Loss: 0.1622 | Val Dice: 0.8550
[Client 3, Round 77] Progress: 0% (2/286) - Loss: 0.3070
[Client 3, Round 77] Progress: 1% (4/286) - Loss: 0.1195
[Client 3, Round 77] Progress: 2% (6/286) - Loss: 0.1642
[Client 3, Round 77] Progress: 2% (8/286) - Loss: 0.4971
[Client 3, Round 77] Progress: 3% (10/286) - Loss: 0.4736
[Client 3, Round 77] Progress: 4% (12/286) - Loss: 0.1338
[Client 3, Round 77] Progress: 4% (14/286) - Loss: 0.0634
[Client 3, Round 77] Progress: 5% (16/286) - Loss: 0.0677
[Client 3, Round 77] Progress: 6% (18/286) - Loss: 0.0714
[Client 3, Round 77] Progress: 6% (20/286) - Loss: 0.1071
[Client 3, Round 77] Progress: 7% (22/286) - Loss: 0.1305
[Client 3, Round 77] Progress: 8% (24/286) - Loss: 0.1000
[Client 3, Round 77] Progress: 9% (26/286) - Loss: 0.0731
[Client 3, Round 77] Progress: 9% (28/286) - Loss: 0.2951
[Client 3, Round 77] Progress: 10% (30/286) - Loss: 0.2373
[Client 3, Round 77] Progress: 11% (32/286) - Loss: 0.1411
[Client 3, Round 77] Progress: 11% (34/286) - Loss: 0.1003
[Client 3, Round 77] Progress: 12% (36/286) - Loss: 0.1327
[Client 3, Round 77] Progress: 13% (38/286) - Loss: 0.1791
[Client 3, Round 77] Progress: 13% (40/286) - Loss: 0.1610
[Client 3, Round 77] Progress: 14% (42/286) - Loss: 0.5100
[Client 3, Round 77] Progress: 15% (44/286) - Loss: 0.2029
[Client 3, Round 77] Progress: 16% (46/286) - Loss: 0.1160
[Client 3, Round 77] Progress: 16% (48/286) - Loss: 0.1753
[Client 3, Round 77] Progress: 17% (50/286) - Loss: 0.0739
[Client 3, Round 77] Progress: 18% (52/286) - Loss: 0.4482
[Client 3, Round 77] Progress: 18% (54/286) - Loss: 0.2324
[Client 3, Round 77] Progress: 19% (56/286) - Loss: 0.5480
[Client 3, Round 77] Progress: 20% (58/286) - Loss: 0.3794
[Client 3, Round 77] Progress: 20% (60/286) - Loss: 0.1003
[Client 3, Round 77] Progress: 21% (62/286) - Loss: 0.1328
[Client 3, Round 77] Progress: 22% (64/286) - Loss: 0.1285
[Client 3, Round 77] Progress: 23% (66/286) - Loss: 0.0877
[Client 3, Round 77] Progress: 23% (68/286) - Loss: 0.1950
[Client 3, Round 77] Progress: 24% (70/286) - Loss: 0.0773
[Client 3, Round 77] Progress: 25% (72/286) - Loss: 0.0790
[Client 3, Round 77] Progress: 25% (74/286) - Loss: 0.0910
[Client 3, Round 77] Progress: 26% (76/286) - Loss: 0.1213
[Client 3, Round 77] Progress: 27% (78/286) - Loss: 0.5461
[Client 3, Round 77] Progress: 27% (80/286) - Loss: 0.1224
[Client 3, Round 77] Progress: 28% (82/286) - Loss: 0.1772
[Client 3, Round 77] Progress: 29% (84/286) - Loss: 0.4456
[Client 3, Round 77] Progress: 30% (86/286) - Loss: 0.1172
[Client 3, Round 77] Progress: 30% (88/286) - Loss: 0.1602
[Client 3, Round 77] Progress: 31% (90/286) - Loss: 0.0889
[Client 3, Round 77] Progress: 32% (92/286) - Loss: 0.1020
[Client 3, Round 77] Progress: 32% (94/286) - Loss: 0.1691
[Client 3, Round 77] Progress: 33% (96/286) - Loss: 0.1277
[Client 3, Round 77] Progress: 34% (98/286) - Loss: 0.0792
[Client 3, Round 77] Progress: 34% (100/286) - Loss: 0.2023
[Client 3, Round 77] Progress: 35% (102/286) - Loss: 0.1729
[Client 3, Round 77] Progress: 36% (104/286) - Loss: 0.0769
[Client 3, Round 77] Progress: 37% (106/286) - Loss: 0.5094
[Client 3, Round 77] Progress: 37% (108/286) - Loss: 0.0659
[Client 3, Round 77] Progress: 38% (110/286) - Loss: 0.0445
[Client 3, Round 77] Progress: 39% (112/286) - Loss: 0.1564
[Client 3, Round 77] Progress: 39% (114/286) - Loss: 0.1704
[Client 3, Round 77] Progress: 40% (116/286) - Loss: 0.1641
[Client 3, Round 77] Progress: 41% (118/286) - Loss: 0.1040
[Client 3, Round 77] Progress: 41% (120/286) - Loss: 0.3417
[Client 3, Round 77] Progress: 42% (122/286) - Loss: 0.4701
[Client 3, Round 77] Progress: 43% (124/286) - Loss: 0.1421
[Client 3, Round 77] Progress: 44% (126/286) - Loss: 0.4198
[Client 3, Round 77] Progress: 44% (128/286) - Loss: 0.1413
[Client 3, Round 77] Progress: 45% (130/286) - Loss: 0.1093
[Client 3, Round 77] Progress: 46% (132/286) - Loss: 0.4132
[Client 3, Round 77] Progress: 46% (134/286) - Loss: 0.5230
[Client 3, Round 77] Progress: 47% (136/286) - Loss: 0.0730
[Client 3, Round 77] Progress: 48% (138/286) - Loss: 0.1017
[Client 3, Round 77] Progress: 48% (140/286) - Loss: 0.1219
[Client 3, Round 77] Progress: 49% (142/286) - Loss: 0.1024
[Client 3, Round 77] Progress: 50% (144/286) - Loss: 0.2985
[Client 3, Round 77] Progress: 51% (146/286) - Loss: 0.1164
[Client 3, Round 77] Progress: 51% (148/286) - Loss: 0.1097
[Client 3, Round 77] Progress: 52% (150/286) - Loss: 0.1582
[Client 3, Round 77] Progress: 53% (152/286) - Loss: 0.1577
[Client 3, Round 77] Progress: 53% (154/286) - Loss: 0.2105
[Client 3, Round 77] Progress: 54% (156/286) - Loss: 0.4314
[Client 3, Round 77] Progress: 55% (158/286) - Loss: 0.0980
[Client 3, Round 77] Progress: 55% (160/286) - Loss: 0.1160
[Client 3, Round 77] Progress: 56% (162/286) - Loss: 0.0806
[Client 3, Round 77] Progress: 57% (164/286) - Loss: 0.0298
[Client 3, Round 77] Progress: 58% (166/286) - Loss: 0.0781
[Client 3, Round 77] Progress: 58% (168/286) - Loss: 0.1163
[Client 3, Round 77] Progress: 59% (170/286) - Loss: 0.2240
[Client 3, Round 77] Progress: 60% (172/286) - Loss: 0.2331
[Client 3, Round 77] Progress: 60% (174/286) - Loss: 0.2291
[Client 3, Round 77] Progress: 61% (176/286) - Loss: 0.1583
[Client 3, Round 77] Progress: 62% (178/286) - Loss: 0.1268
[Client 3, Round 77] Progress: 62% (180/286) - Loss: 0.1129
[Client 3, Round 77] Progress: 63% (182/286) - Loss: 0.7446
[Client 3, Round 77] Progress: 64% (184/286) - Loss: 0.1343
[Client 3, Round 77] Progress: 65% (186/286) - Loss: 0.1121
[Client 3, Round 77] Progress: 65% (188/286) - Loss: 0.1434
[Client 3, Round 77] Progress: 66% (190/286) - Loss: 0.2861
[Client 3, Round 77] Progress: 67% (192/286) - Loss: 0.1405
[Client 3, Round 77] Progress: 67% (194/286) - Loss: 0.0523
[Client 3, Round 77] Progress: 68% (196/286) - Loss: 0.4315
[Client 3, Round 77] Progress: 69% (198/286) - Loss: 0.0706
[Client 3, Round 77] Progress: 69% (200/286) - Loss: 0.1125
[Client 3, Round 77] Progress: 70% (202/286) - Loss: 0.2882
[Client 3, Round 77] Progress: 71% (204/286) - Loss: 0.0984
[Client 3, Round 77] Progress: 72% (206/286) - Loss: 0.0414
[Client 3, Round 77] Progress: 72% (208/286) - Loss: 0.0466
[Client 3, Round 77] Progress: 73% (210/286) - Loss: 0.1307
[Client 3, Round 77] Progress: 74% (212/286) - Loss: 0.0861
[Client 3, Round 77] Progress: 74% (214/286) - Loss: 0.1739
[Client 3, Round 77] Progress: 75% (216/286) - Loss: 0.3750
[Client 3, Round 77] Progress: 76% (218/286) - Loss: 0.0995
[Client 3, Round 77] Progress: 76% (220/286) - Loss: 0.1217
[Client 3, Round 77] Progress: 77% (222/286) - Loss: 0.1157
[Client 3, Round 77] Progress: 78% (224/286) - Loss: 0.0944
[Client 3, Round 77] Progress: 79% (226/286) - Loss: 0.0569
[Client 3, Round 77] Progress: 79% (228/286) - Loss: 0.0902
[Client 3, Round 77] Progress: 80% (230/286) - Loss: 0.0863
[Client 3, Round 77] Progress: 81% (232/286) - Loss: 0.1704
[Client 3, Round 77] Progress: 81% (234/286) - Loss: 0.4486
[Client 3, Round 77] Progress: 82% (236/286) - Loss: 0.0713
[Client 3, Round 77] Progress: 83% (238/286) - Loss: 0.0894
[Client 3, Round 77] Progress: 83% (240/286) - Loss: 0.2377
[Client 3, Round 77] Progress: 84% (242/286) - Loss: 0.0431
[Client 3, Round 77] Progress: 85% (244/286) - Loss: 0.0963
[Client 3, Round 77] Progress: 86% (246/286) - Loss: 0.2195
[Client 3, Round 77] Progress: 86% (248/286) - Loss: 0.1157
[Client 3, Round 77] Progress: 87% (250/286) - Loss: 0.1195
[Client 3, Round 77] Progress: 88% (252/286) - Loss: 0.1017
[Client 3, Round 77] Progress: 88% (254/286) - Loss: 0.4572
[Client 3, Round 77] Progress: 89% (256/286) - Loss: 0.1412
[Client 3, Round 77] Progress: 90% (258/286) - Loss: 0.0933
[Client 3, Round 77] Progress: 90% (260/286) - Loss: 0.1912
[Client 3, Round 77] Progress: 91% (262/286) - Loss: 0.1160
[Client 3, Round 77] Progress: 92% (264/286) - Loss: 0.1656
[Client 3, Round 77] Progress: 93% (266/286) - Loss: 0.1259
[Client 3, Round 77] Progress: 93% (268/286) - Loss: 0.2670
[Client 3, Round 77] Progress: 94% (270/286) - Loss: 0.3973
[Client 3, Round 77] Progress: 95% (272/286) - Loss: 0.2516
[Client 3, Round 77] Progress: 95% (274/286) - Loss: 0.0416
[Client 3, Round 77] Progress: 96% (276/286) - Loss: 0.3344
[Client 3, Round 77] Progress: 97% (278/286) - Loss: 0.1972
[Client 3, Round 77] Progress: 97% (280/286) - Loss: 0.1501
[Client 3, Round 77] Progress: 98% (282/286) - Loss: 0.1167
[Client 3, Round 77] Progress: 99% (284/286) - Loss: 0.3160
[Client 3, Round 77] Progress: 100% (286/286) - Loss: 0.1328
[Client 3, Round 77] Train Loss: 0.1883
[Client 3, Round 77] Val Loss: 0.1715 | Val Dice: 0.8459
[Client 3, Round 78] Progress: 0% (2/286) - Loss: 0.0916
[Client 3, Round 78] Progress: 1% (4/286) - Loss: 0.4339
[Client 3, Round 78] Progress: 2% (6/286) - Loss: 0.1169
[Client 3, Round 78] Progress: 2% (8/286) - Loss: 0.0813
[Client 3, Round 78] Progress: 3% (10/286) - Loss: 0.0994
[Client 3, Round 78] Progress: 4% (12/286) - Loss: 0.1448
[Client 3, Round 78] Progress: 4% (14/286) - Loss: 0.0990
[Client 3, Round 78] Progress: 5% (16/286) - Loss: 0.4276
[Client 3, Round 78] Progress: 6% (18/286) - Loss: 0.1990
[Client 3, Round 78] Progress: 6% (20/286) - Loss: 0.0422
[Client 3, Round 78] Progress: 7% (22/286) - Loss: 0.2090
[Client 3, Round 78] Progress: 8% (24/286) - Loss: 0.1190
[Client 3, Round 78] Progress: 9% (26/286) - Loss: 0.1152
[Client 3, Round 78] Progress: 9% (28/286) - Loss: 0.0906
[Client 3, Round 78] Progress: 10% (30/286) - Loss: 0.1175
[Client 3, Round 78] Progress: 11% (32/286) - Loss: 0.3586
[Client 3, Round 78] Progress: 11% (34/286) - Loss: 0.1278
[Client 3, Round 78] Progress: 12% (36/286) - Loss: 0.1705
[Client 3, Round 78] Progress: 13% (38/286) - Loss: 0.1316
[Client 3, Round 78] Progress: 13% (40/286) - Loss: 0.1006
[Client 3, Round 78] Progress: 14% (42/286) - Loss: 0.0405
[Client 3, Round 78] Progress: 15% (44/286) - Loss: 0.1264
[Client 3, Round 78] Progress: 16% (46/286) - Loss: 0.0382
[Client 3, Round 78] Progress: 16% (48/286) - Loss: 0.1773
[Client 3, Round 78] Progress: 17% (50/286) - Loss: 0.0619
[Client 3, Round 78] Progress: 18% (52/286) - Loss: 0.4241
[Client 3, Round 78] Progress: 18% (54/286) - Loss: 0.2156
[Client 3, Round 78] Progress: 19% (56/286) - Loss: 0.1313
[Client 3, Round 78] Progress: 20% (58/286) - Loss: 0.0905
[Client 3, Round 78] Progress: 20% (60/286) - Loss: 0.0542
[Client 3, Round 78] Progress: 21% (62/286) - Loss: 0.5104
[Client 3, Round 78] Progress: 22% (64/286) - Loss: 0.0913
[Client 3, Round 78] Progress: 23% (66/286) - Loss: 0.0974
[Client 3, Round 78] Progress: 23% (68/286) - Loss: 0.0762
[Client 3, Round 78] Progress: 24% (70/286) - Loss: 0.1517
[Client 3, Round 78] Progress: 25% (72/286) - Loss: 0.3085
[Client 3, Round 78] Progress: 25% (74/286) - Loss: 0.1251
[Client 3, Round 78] Progress: 26% (76/286) - Loss: 0.1866
[Client 3, Round 78] Progress: 27% (78/286) - Loss: 0.2368
[Client 3, Round 78] Progress: 27% (80/286) - Loss: 0.1279
[Client 3, Round 78] Progress: 28% (82/286) - Loss: 0.1208
[Client 3, Round 78] Progress: 29% (84/286) - Loss: 0.0932
[Client 3, Round 78] Progress: 30% (86/286) - Loss: 0.0793
[Client 3, Round 78] Progress: 30% (88/286) - Loss: 0.1132
[Client 3, Round 78] Progress: 31% (90/286) - Loss: 0.0545
[Client 3, Round 78] Progress: 32% (92/286) - Loss: 0.0784
[Client 3, Round 78] Progress: 32% (94/286) - Loss: 0.1255
[Client 3, Round 78] Progress: 33% (96/286) - Loss: 0.1701
[Client 3, Round 78] Progress: 34% (98/286) - Loss: 0.2037
[Client 3, Round 78] Progress: 34% (100/286) - Loss: 0.2302
[Client 3, Round 78] Progress: 35% (102/286) - Loss: 0.1291
[Client 3, Round 78] Progress: 36% (104/286) - Loss: 0.2146
[Client 3, Round 78] Progress: 37% (106/286) - Loss: 0.1471
[Client 3, Round 78] Progress: 37% (108/286) - Loss: 0.2181
[Client 3, Round 78] Progress: 38% (110/286) - Loss: 0.4734
[Client 3, Round 78] Progress: 39% (112/286) - Loss: 0.1804
[Client 3, Round 78] Progress: 39% (114/286) - Loss: 0.4299
[Client 3, Round 78] Progress: 40% (116/286) - Loss: 0.1449
[Client 3, Round 78] Progress: 41% (118/286) - Loss: 0.1125
[Client 3, Round 78] Progress: 41% (120/286) - Loss: 0.1715
[Client 3, Round 78] Progress: 42% (122/286) - Loss: 0.1333
[Client 3, Round 78] Progress: 43% (124/286) - Loss: 0.2761
[Client 3, Round 78] Progress: 44% (126/286) - Loss: 0.1016
[Client 3, Round 78] Progress: 44% (128/286) - Loss: 0.0587
[Client 3, Round 78] Progress: 45% (130/286) - Loss: 0.1709
[Client 3, Round 78] Progress: 46% (132/286) - Loss: 0.0885
[Client 3, Round 78] Progress: 46% (134/286) - Loss: 0.0976
[Client 3, Round 78] Progress: 47% (136/286) - Loss: 0.0727
[Client 3, Round 78] Progress: 48% (138/286) - Loss: 0.2340
[Client 3, Round 78] Progress: 48% (140/286) - Loss: 0.2638
[Client 3, Round 78] Progress: 49% (142/286) - Loss: 0.2595
[Client 3, Round 78] Progress: 50% (144/286) - Loss: 0.1598
[Client 3, Round 78] Progress: 51% (146/286) - Loss: 0.0967
[Client 3, Round 78] Progress: 51% (148/286) - Loss: 0.0662
[Client 3, Round 78] Progress: 52% (150/286) - Loss: 0.1199
[Client 3, Round 78] Progress: 53% (152/286) - Loss: 0.1554
[Client 3, Round 78] Progress: 53% (154/286) - Loss: 0.0374
[Client 3, Round 78] Progress: 54% (156/286) - Loss: 0.1515
[Client 3, Round 78] Progress: 55% (158/286) - Loss: 0.3044
[Client 3, Round 78] Progress: 55% (160/286) - Loss: 0.2070
[Client 3, Round 78] Progress: 56% (162/286) - Loss: 0.0830
[Client 3, Round 78] Progress: 57% (164/286) - Loss: 0.0911
[Client 3, Round 78] Progress: 58% (166/286) - Loss: 0.2216
[Client 3, Round 78] Progress: 58% (168/286) - Loss: 0.3005
[Client 3, Round 78] Progress: 59% (170/286) - Loss: 0.1221
[Client 3, Round 78] Progress: 60% (172/286) - Loss: 0.0831
[Client 3, Round 78] Progress: 60% (174/286) - Loss: 0.2617
[Client 3, Round 78] Progress: 61% (176/286) - Loss: 0.1295
[Client 3, Round 78] Progress: 62% (178/286) - Loss: 0.0767
[Client 3, Round 78] Progress: 62% (180/286) - Loss: 0.1147
[Client 3, Round 78] Progress: 63% (182/286) - Loss: 0.5257
[Client 3, Round 78] Progress: 64% (184/286) - Loss: 0.1915
[Client 3, Round 78] Progress: 65% (186/286) - Loss: 0.1044
[Client 3, Round 78] Progress: 65% (188/286) - Loss: 0.3647
[Client 3, Round 78] Progress: 66% (190/286) - Loss: 0.0698
[Client 3, Round 78] Progress: 67% (192/286) - Loss: 0.3943
[Client 3, Round 78] Progress: 67% (194/286) - Loss: 0.1802
[Client 3, Round 78] Progress: 68% (196/286) - Loss: 0.0894
[Client 3, Round 78] Progress: 69% (198/286) - Loss: 0.1528
[Client 3, Round 78] Progress: 69% (200/286) - Loss: 0.1244
[Client 3, Round 78] Progress: 70% (202/286) - Loss: 0.5227
[Client 3, Round 78] Progress: 71% (204/286) - Loss: 0.1148
[Client 3, Round 78] Progress: 72% (206/286) - Loss: 0.4159
[Client 3, Round 78] Progress: 72% (208/286) - Loss: 0.1259
[Client 3, Round 78] Progress: 73% (210/286) - Loss: 0.6565
[Client 3, Round 78] Progress: 74% (212/286) - Loss: 0.4605
[Client 3, Round 78] Progress: 74% (214/286) - Loss: 0.1528
[Client 3, Round 78] Progress: 75% (216/286) - Loss: 0.4332
[Client 3, Round 78] Progress: 76% (218/286) - Loss: 0.4140
[Client 3, Round 78] Progress: 76% (220/286) - Loss: 0.1590
[Client 3, Round 78] Progress: 77% (222/286) - Loss: 0.0872
[Client 3, Round 78] Progress: 78% (224/286) - Loss: 0.0905
[Client 3, Round 78] Progress: 79% (226/286) - Loss: 0.1601
[Client 3, Round 78] Progress: 79% (228/286) - Loss: 0.2742
[Client 3, Round 78] Progress: 80% (230/286) - Loss: 0.1050
[Client 3, Round 78] Progress: 81% (232/286) - Loss: 0.1878
[Client 3, Round 78] Progress: 81% (234/286) - Loss: 0.2124
[Client 3, Round 78] Progress: 82% (236/286) - Loss: 0.1350
[Client 3, Round 78] Progress: 83% (238/286) - Loss: 0.2391
[Client 3, Round 78] Progress: 83% (240/286) - Loss: 0.0855
[Client 3, Round 78] Progress: 84% (242/286) - Loss: 0.0575
[Client 3, Round 78] Progress: 85% (244/286) - Loss: 0.4439
[Client 3, Round 78] Progress: 86% (246/286) - Loss: 0.0761
[Client 3, Round 78] Progress: 86% (248/286) - Loss: 0.0903
[Client 3, Round 78] Progress: 87% (250/286) - Loss: 0.2716
[Client 3, Round 78] Progress: 88% (252/286) - Loss: 0.1651
[Client 3, Round 78] Progress: 88% (254/286) - Loss: 0.3339
[Client 3, Round 78] Progress: 89% (256/286) - Loss: 0.1087
[Client 3, Round 78] Progress: 90% (258/286) - Loss: 0.1027
[Client 3, Round 78] Progress: 90% (260/286) - Loss: 0.1006
[Client 3, Round 78] Progress: 91% (262/286) - Loss: 0.1593
[Client 3, Round 78] Progress: 92% (264/286) - Loss: 0.5506
[Client 3, Round 78] Progress: 93% (266/286) - Loss: 0.1363
[Client 3, Round 78] Progress: 93% (268/286) - Loss: 0.1739
[Client 3, Round 78] Progress: 94% (270/286) - Loss: 0.2514
[Client 3, Round 78] Progress: 95% (272/286) - Loss: 0.0663
[Client 3, Round 78] Progress: 95% (274/286) - Loss: 0.1106
[Client 3, Round 78] Progress: 96% (276/286) - Loss: 0.0430
[Client 3, Round 78] Progress: 97% (278/286) - Loss: 0.0958
[Client 3, Round 78] Progress: 97% (280/286) - Loss: 0.0719
[Client 3, Round 78] Progress: 98% (282/286) - Loss: 0.1425
[Client 3, Round 78] Progress: 99% (284/286) - Loss: 0.7151
[Client 3, Round 78] Progress: 100% (286/286) - Loss: 0.4551
[Client 3, Round 78] Train Loss: 0.1887
[Client 3, Round 78] Val Loss: 0.1609 | Val Dice: 0.8543
[Client 3, Round 79] Progress: 0% (2/286) - Loss: 0.4374
[Client 3, Round 79] Progress: 1% (4/286) - Loss: 0.5150
[Client 3, Round 79] Progress: 2% (6/286) - Loss: 0.1078
[Client 3, Round 79] Progress: 2% (8/286) - Loss: 0.1122
[Client 3, Round 79] Progress: 3% (10/286) - Loss: 0.1069
[Client 3, Round 79] Progress: 4% (12/286) - Loss: 0.1526
[Client 3, Round 79] Progress: 4% (14/286) - Loss: 0.0618
[Client 3, Round 79] Progress: 5% (16/286) - Loss: 0.1109
[Client 3, Round 79] Progress: 6% (18/286) - Loss: 0.1443
[Client 3, Round 79] Progress: 6% (20/286) - Loss: 0.0505
[Client 3, Round 79] Progress: 7% (22/286) - Loss: 0.4526
[Client 3, Round 79] Progress: 8% (24/286) - Loss: 0.0679
[Client 3, Round 79] Progress: 9% (26/286) - Loss: 0.4377
[Client 3, Round 79] Progress: 9% (28/286) - Loss: 0.3569
[Client 3, Round 79] Progress: 10% (30/286) - Loss: 0.0950
[Client 3, Round 79] Progress: 11% (32/286) - Loss: 0.2914
[Client 3, Round 79] Progress: 11% (34/286) - Loss: 0.1101
[Client 3, Round 79] Progress: 12% (36/286) - Loss: 0.1368
[Client 3, Round 79] Progress: 13% (38/286) - Loss: 0.1110
[Client 3, Round 79] Progress: 13% (40/286) - Loss: 0.1028
[Client 3, Round 79] Progress: 14% (42/286) - Loss: 0.3963
[Client 3, Round 79] Progress: 15% (44/286) - Loss: 0.4782
[Client 3, Round 79] Progress: 16% (46/286) - Loss: 0.4871
[Client 3, Round 79] Progress: 16% (48/286) - Loss: 0.1890
[Client 3, Round 79] Progress: 17% (50/286) - Loss: 0.1862
[Client 3, Round 79] Progress: 18% (52/286) - Loss: 0.4824
[Client 3, Round 79] Progress: 18% (54/286) - Loss: 0.0696
[Client 3, Round 79] Progress: 19% (56/286) - Loss: 0.1519
[Client 3, Round 79] Progress: 20% (58/286) - Loss: 0.1041
[Client 3, Round 79] Progress: 20% (60/286) - Loss: 0.0843
[Client 3, Round 79] Progress: 21% (62/286) - Loss: 0.0957
[Client 3, Round 79] Progress: 22% (64/286) - Loss: 0.4053
[Client 3, Round 79] Progress: 23% (66/286) - Loss: 0.0674
[Client 3, Round 79] Progress: 23% (68/286) - Loss: 0.1372
[Client 3, Round 79] Progress: 24% (70/286) - Loss: 0.0588
[Client 3, Round 79] Progress: 25% (72/286) - Loss: 0.0728
[Client 3, Round 79] Progress: 25% (74/286) - Loss: 0.0966
[Client 3, Round 79] Progress: 26% (76/286) - Loss: 0.2874
[Client 3, Round 79] Progress: 27% (78/286) - Loss: 0.2391
[Client 3, Round 79] Progress: 27% (80/286) - Loss: 0.0676
[Client 3, Round 79] Progress: 28% (82/286) - Loss: 0.3860
[Client 3, Round 79] Progress: 29% (84/286) - Loss: 0.1134
[Client 3, Round 79] Progress: 30% (86/286) - Loss: 0.3426
[Client 3, Round 79] Progress: 30% (88/286) - Loss: 0.1562
[Client 3, Round 79] Progress: 31% (90/286) - Loss: 0.1520
[Client 3, Round 79] Progress: 32% (92/286) - Loss: 0.1310
[Client 3, Round 79] Progress: 32% (94/286) - Loss: 0.1028
[Client 3, Round 79] Progress: 33% (96/286) - Loss: 0.1414
[Client 3, Round 79] Progress: 34% (98/286) - Loss: 0.3204
[Client 3, Round 79] Progress: 34% (100/286) - Loss: 0.1631
[Client 3, Round 79] Progress: 35% (102/286) - Loss: 0.0904
[Client 3, Round 79] Progress: 36% (104/286) - Loss: 0.1016
[Client 3, Round 79] Progress: 37% (106/286) - Loss: 0.0559
[Client 3, Round 79] Progress: 37% (108/286) - Loss: 0.1368
[Client 3, Round 79] Progress: 38% (110/286) - Loss: 0.0844
[Client 3, Round 79] Progress: 39% (112/286) - Loss: 0.0677
[Client 3, Round 79] Progress: 39% (114/286) - Loss: 0.0646
[Client 3, Round 79] Progress: 40% (116/286) - Loss: 0.1539
[Client 3, Round 79] Progress: 41% (118/286) - Loss: 0.1258
[Client 3, Round 79] Progress: 41% (120/286) - Loss: 0.1206
[Client 3, Round 79] Progress: 42% (122/286) - Loss: 0.0889
[Client 3, Round 79] Progress: 43% (124/286) - Loss: 0.0915
[Client 3, Round 79] Progress: 44% (126/286) - Loss: 0.1315
[Client 3, Round 79] Progress: 44% (128/286) - Loss: 0.1902
[Client 3, Round 79] Progress: 45% (130/286) - Loss: 0.1185
[Client 3, Round 79] Progress: 46% (132/286) - Loss: 0.1589
[Client 3, Round 79] Progress: 46% (134/286) - Loss: 0.0852
[Client 3, Round 79] Progress: 47% (136/286) - Loss: 0.2215
[Client 3, Round 79] Progress: 48% (138/286) - Loss: 0.1910
[Client 3, Round 79] Progress: 48% (140/286) - Loss: 0.0697
[Client 3, Round 79] Progress: 49% (142/286) - Loss: 0.1668
[Client 3, Round 79] Progress: 50% (144/286) - Loss: 0.6283
[Client 3, Round 79] Progress: 51% (146/286) - Loss: 0.1488
[Client 3, Round 79] Progress: 51% (148/286) - Loss: 0.0907
[Client 3, Round 79] Progress: 52% (150/286) - Loss: 0.0954
[Client 3, Round 79] Progress: 53% (152/286) - Loss: 0.0932
[Client 3, Round 79] Progress: 53% (154/286) - Loss: 0.5292
[Client 3, Round 79] Progress: 54% (156/286) - Loss: 0.1505
[Client 3, Round 79] Progress: 55% (158/286) - Loss: 0.1799
[Client 3, Round 79] Progress: 55% (160/286) - Loss: 0.1044
[Client 3, Round 79] Progress: 56% (162/286) - Loss: 0.1435
[Client 3, Round 79] Progress: 57% (164/286) - Loss: 0.1408
[Client 3, Round 79] Progress: 58% (166/286) - Loss: 0.0757
[Client 3, Round 79] Progress: 58% (168/286) - Loss: 0.1865
[Client 3, Round 79] Progress: 59% (170/286) - Loss: 0.0809
[Client 3, Round 79] Progress: 60% (172/286) - Loss: 0.1523
[Client 3, Round 79] Progress: 60% (174/286) - Loss: 0.3387
[Client 3, Round 79] Progress: 61% (176/286) - Loss: 0.4517
[Client 3, Round 79] Progress: 62% (178/286) - Loss: 0.0688
[Client 3, Round 79] Progress: 62% (180/286) - Loss: 0.1584
[Client 3, Round 79] Progress: 63% (182/286) - Loss: 0.2278
[Client 3, Round 79] Progress: 64% (184/286) - Loss: 0.1172
[Client 3, Round 79] Progress: 65% (186/286) - Loss: 0.1773
[Client 3, Round 79] Progress: 65% (188/286) - Loss: 0.1374
[Client 3, Round 79] Progress: 66% (190/286) - Loss: 0.1113
[Client 3, Round 79] Progress: 67% (192/286) - Loss: 0.0881
[Client 3, Round 79] Progress: 67% (194/286) - Loss: 0.1047
[Client 3, Round 79] Progress: 68% (196/286) - Loss: 0.2429
[Client 3, Round 79] Progress: 69% (198/286) - Loss: 0.2125
[Client 3, Round 79] Progress: 69% (200/286) - Loss: 0.1028
[Client 3, Round 79] Progress: 70% (202/286) - Loss: 0.0904
[Client 3, Round 79] Progress: 71% (204/286) - Loss: 0.0664
[Client 3, Round 79] Progress: 72% (206/286) - Loss: 0.1178
[Client 3, Round 79] Progress: 72% (208/286) - Loss: 0.1524
[Client 3, Round 79] Progress: 73% (210/286) - Loss: 0.4706
[Client 3, Round 79] Progress: 74% (212/286) - Loss: 0.3934
[Client 3, Round 79] Progress: 74% (214/286) - Loss: 0.4771
[Client 3, Round 79] Progress: 75% (216/286) - Loss: 0.0807
[Client 3, Round 79] Progress: 76% (218/286) - Loss: 0.0915
[Client 3, Round 79] Progress: 76% (220/286) - Loss: 0.1700
[Client 3, Round 79] Progress: 77% (222/286) - Loss: 0.4314
[Client 3, Round 79] Progress: 78% (224/286) - Loss: 0.1330
[Client 3, Round 79] Progress: 79% (226/286) - Loss: 0.1988
[Client 3, Round 79] Progress: 79% (228/286) - Loss: 0.1797
[Client 3, Round 79] Progress: 80% (230/286) - Loss: 0.1573
[Client 3, Round 79] Progress: 81% (232/286) - Loss: 0.1741
[Client 3, Round 79] Progress: 81% (234/286) - Loss: 0.4632
[Client 3, Round 79] Progress: 82% (236/286) - Loss: 0.2758
[Client 3, Round 79] Progress: 83% (238/286) - Loss: 0.1012
[Client 3, Round 79] Progress: 83% (240/286) - Loss: 0.1322
[Client 3, Round 79] Progress: 84% (242/286) - Loss: 0.1171
[Client 3, Round 79] Progress: 85% (244/286) - Loss: 0.0428
[Client 3, Round 79] Progress: 86% (246/286) - Loss: 0.1626
[Client 3, Round 79] Progress: 86% (248/286) - Loss: 0.4458
[Client 3, Round 79] Progress: 87% (250/286) - Loss: 0.4889
[Client 3, Round 79] Progress: 88% (252/286) - Loss: 0.0545
[Client 3, Round 79] Progress: 88% (254/286) - Loss: 0.2047
[Client 3, Round 79] Progress: 89% (256/286) - Loss: 0.0738
[Client 3, Round 79] Progress: 90% (258/286) - Loss: 0.0448
[Client 3, Round 79] Progress: 90% (260/286) - Loss: 0.0653
[Client 3, Round 79] Progress: 91% (262/286) - Loss: 0.1440
[Client 3, Round 79] Progress: 92% (264/286) - Loss: 0.1615
[Client 3, Round 79] Progress: 93% (266/286) - Loss: 0.1583
[Client 3, Round 79] Progress: 93% (268/286) - Loss: 0.2716
[Client 3, Round 79] Progress: 94% (270/286) - Loss: 0.1592
[Client 3, Round 79] Progress: 95% (272/286) - Loss: 0.0855
[Client 3, Round 79] Progress: 95% (274/286) - Loss: 0.2163
[Client 3, Round 79] Progress: 96% (276/286) - Loss: 0.1244
[Client 3, Round 79] Progress: 97% (278/286) - Loss: 0.0902
[Client 3, Round 79] Progress: 97% (280/286) - Loss: 0.0984
[Client 3, Round 79] Progress: 98% (282/286) - Loss: 0.1155
[Client 3, Round 79] Progress: 99% (284/286) - Loss: 0.1006
[Client 3, Round 79] Progress: 100% (286/286) - Loss: 0.4452
[Client 3, Round 79] Train Loss: 0.1902
[Client 3, Round 79] Val Loss: 0.1583 | Val Dice: 0.8585
[Client 3, Round 80] Progress: 0% (2/286) - Loss: 0.1590
[Client 3, Round 80] Progress: 1% (4/286) - Loss: 0.1025
[Client 3, Round 80] Progress: 2% (6/286) - Loss: 0.0435
[Client 3, Round 80] Progress: 2% (8/286) - Loss: 0.1131
[Client 3, Round 80] Progress: 3% (10/286) - Loss: 0.0682
[Client 3, Round 80] Progress: 4% (12/286) - Loss: 0.2261
[Client 3, Round 80] Progress: 4% (14/286) - Loss: 0.1066
[Client 3, Round 80] Progress: 5% (16/286) - Loss: 0.2590
[Client 3, Round 80] Progress: 6% (18/286) - Loss: 0.0538
[Client 3, Round 80] Progress: 6% (20/286) - Loss: 0.0793
[Client 3, Round 80] Progress: 7% (22/286) - Loss: 0.3879
[Client 3, Round 80] Progress: 8% (24/286) - Loss: 0.0700
[Client 3, Round 80] Progress: 9% (26/286) - Loss: 0.0796
[Client 3, Round 80] Progress: 9% (28/286) - Loss: 0.1283
[Client 3, Round 80] Progress: 10% (30/286) - Loss: 0.1098
[Client 3, Round 80] Progress: 11% (32/286) - Loss: 0.3186
[Client 3, Round 80] Progress: 11% (34/286) - Loss: 0.0974
[Client 3, Round 80] Progress: 12% (36/286) - Loss: 0.1875
[Client 3, Round 80] Progress: 13% (38/286) - Loss: 0.2211
[Client 3, Round 80] Progress: 13% (40/286) - Loss: 0.1196
[Client 3, Round 80] Progress: 14% (42/286) - Loss: 0.0798
[Client 3, Round 80] Progress: 15% (44/286) - Loss: 0.1032
[Client 3, Round 80] Progress: 16% (46/286) - Loss: 0.1089
[Client 3, Round 80] Progress: 16% (48/286) - Loss: 0.0677
[Client 3, Round 80] Progress: 17% (50/286) - Loss: 0.2568
[Client 3, Round 80] Progress: 18% (52/286) - Loss: 0.1901
[Client 3, Round 80] Progress: 18% (54/286) - Loss: 0.1246
[Client 3, Round 80] Progress: 19% (56/286) - Loss: 0.0711
[Client 3, Round 80] Progress: 20% (58/286) - Loss: 0.2072
[Client 3, Round 80] Progress: 20% (60/286) - Loss: 0.4286
[Client 3, Round 80] Progress: 21% (62/286) - Loss: 0.1443
[Client 3, Round 80] Progress: 22% (64/286) - Loss: 0.2644
[Client 3, Round 80] Progress: 23% (66/286) - Loss: 0.1623
[Client 3, Round 80] Progress: 23% (68/286) - Loss: 0.6567
[Client 3, Round 80] Progress: 24% (70/286) - Loss: 0.4232
[Client 3, Round 80] Progress: 25% (72/286) - Loss: 0.0613
[Client 3, Round 80] Progress: 25% (74/286) - Loss: 0.2168
[Client 3, Round 80] Progress: 26% (76/286) - Loss: 0.1197
[Client 3, Round 80] Progress: 27% (78/286) - Loss: 0.1264
[Client 3, Round 80] Progress: 27% (80/286) - Loss: 0.6475
[Client 3, Round 80] Progress: 28% (82/286) - Loss: 0.0500
[Client 3, Round 80] Progress: 29% (84/286) - Loss: 0.4604
[Client 3, Round 80] Progress: 30% (86/286) - Loss: 0.1052
[Client 3, Round 80] Progress: 30% (88/286) - Loss: 0.0710
[Client 3, Round 80] Progress: 31% (90/286) - Loss: 0.0497
[Client 3, Round 80] Progress: 32% (92/286) - Loss: 0.1932
[Client 3, Round 80] Progress: 32% (94/286) - Loss: 0.2378
[Client 3, Round 80] Progress: 33% (96/286) - Loss: 0.0828
[Client 3, Round 80] Progress: 34% (98/286) - Loss: 0.4795
[Client 3, Round 80] Progress: 34% (100/286) - Loss: 0.0970
[Client 3, Round 80] Progress: 35% (102/286) - Loss: 0.1450
[Client 3, Round 80] Progress: 36% (104/286) - Loss: 0.3397
[Client 3, Round 80] Progress: 37% (106/286) - Loss: 0.0600
[Client 3, Round 80] Progress: 37% (108/286) - Loss: 0.0409
[Client 3, Round 80] Progress: 38% (110/286) - Loss: 0.1177
[Client 3, Round 80] Progress: 39% (112/286) - Loss: 0.1249
[Client 3, Round 80] Progress: 39% (114/286) - Loss: 0.6398
[Client 3, Round 80] Progress: 40% (116/286) - Loss: 0.3633
[Client 3, Round 80] Progress: 41% (118/286) - Loss: 0.1446
[Client 3, Round 80] Progress: 41% (120/286) - Loss: 0.1054
[Client 3, Round 80] Progress: 42% (122/286) - Loss: 0.1113
[Client 3, Round 80] Progress: 43% (124/286) - Loss: 0.1203
[Client 3, Round 80] Progress: 44% (126/286) - Loss: 0.1556
[Client 3, Round 80] Progress: 44% (128/286) - Loss: 0.7514
[Client 3, Round 80] Progress: 45% (130/286) - Loss: 0.1051
[Client 3, Round 80] Progress: 46% (132/286) - Loss: 0.0688
[Client 3, Round 80] Progress: 46% (134/286) - Loss: 0.0921
[Client 3, Round 80] Progress: 47% (136/286) - Loss: 0.2036
[Client 3, Round 80] Progress: 48% (138/286) - Loss: 0.1098
[Client 3, Round 80] Progress: 48% (140/286) - Loss: 0.0941
[Client 3, Round 80] Progress: 49% (142/286) - Loss: 0.3610
[Client 3, Round 80] Progress: 50% (144/286) - Loss: 0.1315
[Client 3, Round 80] Progress: 51% (146/286) - Loss: 0.1341
[Client 3, Round 80] Progress: 51% (148/286) - Loss: 0.1333
[Client 3, Round 80] Progress: 52% (150/286) - Loss: 0.0685
[Client 3, Round 80] Progress: 53% (152/286) - Loss: 0.1037
[Client 3, Round 80] Progress: 53% (154/286) - Loss: 0.3618
[Client 3, Round 80] Progress: 54% (156/286) - Loss: 0.0435
[Client 3, Round 80] Progress: 55% (158/286) - Loss: 0.1106
[Client 3, Round 80] Progress: 55% (160/286) - Loss: 0.1419
[Client 3, Round 80] Progress: 56% (162/286) - Loss: 0.5352
[Client 3, Round 80] Progress: 57% (164/286) - Loss: 0.1134
[Client 3, Round 80] Progress: 58% (166/286) - Loss: 0.0901
[Client 3, Round 80] Progress: 58% (168/286) - Loss: 0.0734
[Client 3, Round 80] Progress: 59% (170/286) - Loss: 0.2248
[Client 3, Round 80] Progress: 60% (172/286) - Loss: 0.1236
[Client 3, Round 80] Progress: 60% (174/286) - Loss: 0.1779
[Client 3, Round 80] Progress: 61% (176/286) - Loss: 0.4777
[Client 3, Round 80] Progress: 62% (178/286) - Loss: 0.0746
[Client 3, Round 80] Progress: 62% (180/286) - Loss: 0.1065
[Client 3, Round 80] Progress: 63% (182/286) - Loss: 0.0990
[Client 3, Round 80] Progress: 64% (184/286) - Loss: 0.0917
[Client 3, Round 80] Progress: 65% (186/286) - Loss: 0.1123
[Client 3, Round 80] Progress: 65% (188/286) - Loss: 0.2175
[Client 3, Round 80] Progress: 66% (190/286) - Loss: 0.1204
[Client 3, Round 80] Progress: 67% (192/286) - Loss: 0.1700
[Client 3, Round 80] Progress: 67% (194/286) - Loss: 0.1211
[Client 3, Round 80] Progress: 68% (196/286) - Loss: 0.2416
[Client 3, Round 80] Progress: 69% (198/286) - Loss: 0.0651
[Client 3, Round 80] Progress: 69% (200/286) - Loss: 0.1770
[Client 3, Round 80] Progress: 70% (202/286) - Loss: 0.2316
[Client 3, Round 80] Progress: 71% (204/286) - Loss: 0.1394
[Client 3, Round 80] Progress: 72% (206/286) - Loss: 0.5115
[Client 3, Round 80] Progress: 72% (208/286) - Loss: 0.1426
[Client 3, Round 80] Progress: 73% (210/286) - Loss: 0.2001
[Client 3, Round 80] Progress: 74% (212/286) - Loss: 0.0908
[Client 3, Round 80] Progress: 74% (214/286) - Loss: 0.0987
[Client 3, Round 80] Progress: 75% (216/286) - Loss: 0.1544
[Client 3, Round 80] Progress: 76% (218/286) - Loss: 0.1453
[Client 3, Round 80] Progress: 76% (220/286) - Loss: 0.1258
[Client 3, Round 80] Progress: 77% (222/286) - Loss: 0.4968
[Client 3, Round 80] Progress: 78% (224/286) - Loss: 0.1805
[Client 3, Round 80] Progress: 79% (226/286) - Loss: 0.2007
[Client 3, Round 80] Progress: 79% (228/286) - Loss: 0.1029
[Client 3, Round 80] Progress: 80% (230/286) - Loss: 0.0949
[Client 3, Round 80] Progress: 81% (232/286) - Loss: 0.4163
[Client 3, Round 80] Progress: 81% (234/286) - Loss: 0.4446
[Client 3, Round 80] Progress: 82% (236/286) - Loss: 0.1497
[Client 3, Round 80] Progress: 83% (238/286) - Loss: 0.4809
[Client 3, Round 80] Progress: 83% (240/286) - Loss: 0.1741
[Client 3, Round 80] Progress: 84% (242/286) - Loss: 0.3566
[Client 3, Round 80] Progress: 85% (244/286) - Loss: 0.0765
[Client 3, Round 80] Progress: 86% (246/286) - Loss: 0.1310
[Client 3, Round 80] Progress: 86% (248/286) - Loss: 0.2693
[Client 3, Round 80] Progress: 87% (250/286) - Loss: 0.4467
[Client 3, Round 80] Progress: 88% (252/286) - Loss: 0.4768
[Client 3, Round 80] Progress: 88% (254/286) - Loss: 0.1282
[Client 3, Round 80] Progress: 89% (256/286) - Loss: 0.1337
[Client 3, Round 80] Progress: 90% (258/286) - Loss: 0.4032
[Client 3, Round 80] Progress: 90% (260/286) - Loss: 0.2479
[Client 3, Round 80] Progress: 91% (262/286) - Loss: 0.2761
[Client 3, Round 80] Progress: 92% (264/286) - Loss: 0.1298
[Client 3, Round 80] Progress: 93% (266/286) - Loss: 0.0788
[Client 3, Round 80] Progress: 93% (268/286) - Loss: 0.2993
[Client 3, Round 80] Progress: 94% (270/286) - Loss: 0.2050
[Client 3, Round 80] Progress: 95% (272/286) - Loss: 0.4770
[Client 3, Round 80] Progress: 95% (274/286) - Loss: 0.0965
[Client 3, Round 80] Progress: 96% (276/286) - Loss: 0.1355
[Client 3, Round 80] Progress: 97% (278/286) - Loss: 0.0866
[Client 3, Round 80] Progress: 97% (280/286) - Loss: 0.1177
[Client 3, Round 80] Progress: 98% (282/286) - Loss: 0.1209
[Client 3, Round 80] Progress: 99% (284/286) - Loss: 0.0844
[Client 3, Round 80] Progress: 100% (286/286) - Loss: 0.0677
[Client 3, Round 80] Train Loss: 0.1905
[Client 3, Round 80] Val Loss: 0.1651 | Val Dice: 0.8514
[Client 3, Round 81] Progress: 0% (2/286) - Loss: 0.1463
[Client 3, Round 81] Progress: 1% (4/286) - Loss: 0.4451
[Client 3, Round 81] Progress: 2% (6/286) - Loss: 0.0747
[Client 3, Round 81] Progress: 2% (8/286) - Loss: 0.0842
[Client 3, Round 81] Progress: 3% (10/286) - Loss: 0.0837
[Client 3, Round 81] Progress: 4% (12/286) - Loss: 0.1333
[Client 3, Round 81] Progress: 4% (14/286) - Loss: 0.1535
[Client 3, Round 81] Progress: 5% (16/286) - Loss: 0.0924
[Client 3, Round 81] Progress: 6% (18/286) - Loss: 0.1061
[Client 3, Round 81] Progress: 6% (20/286) - Loss: 0.1801
[Client 3, Round 81] Progress: 7% (22/286) - Loss: 0.1234
[Client 3, Round 81] Progress: 8% (24/286) - Loss: 0.4407
[Client 3, Round 81] Progress: 9% (26/286) - Loss: 0.1324
[Client 3, Round 81] Progress: 9% (28/286) - Loss: 0.2404
[Client 3, Round 81] Progress: 10% (30/286) - Loss: 0.1260
[Client 3, Round 81] Progress: 11% (32/286) - Loss: 0.1100
[Client 3, Round 81] Progress: 11% (34/286) - Loss: 0.1747
[Client 3, Round 81] Progress: 12% (36/286) - Loss: 0.2175
[Client 3, Round 81] Progress: 13% (38/286) - Loss: 0.1829
[Client 3, Round 81] Progress: 13% (40/286) - Loss: 0.6714
[Client 3, Round 81] Progress: 14% (42/286) - Loss: 0.1416
[Client 3, Round 81] Progress: 15% (44/286) - Loss: 0.0546
[Client 3, Round 81] Progress: 16% (46/286) - Loss: 0.3083
[Client 3, Round 81] Progress: 16% (48/286) - Loss: 0.1283
[Client 3, Round 81] Progress: 17% (50/286) - Loss: 0.4608
[Client 3, Round 81] Progress: 18% (52/286) - Loss: 0.0563
[Client 3, Round 81] Progress: 18% (54/286) - Loss: 0.1161
[Client 3, Round 81] Progress: 19% (56/286) - Loss: 0.3241
[Client 3, Round 81] Progress: 20% (58/286) - Loss: 0.1450
[Client 3, Round 81] Progress: 20% (60/286) - Loss: 0.1385
[Client 3, Round 81] Progress: 21% (62/286) - Loss: 0.1511
[Client 3, Round 81] Progress: 22% (64/286) - Loss: 0.3626
[Client 3, Round 81] Progress: 23% (66/286) - Loss: 0.1169
[Client 3, Round 81] Progress: 23% (68/286) - Loss: 0.1548
[Client 3, Round 81] Progress: 24% (70/286) - Loss: 0.0433
[Client 3, Round 81] Progress: 25% (72/286) - Loss: 0.5702
[Client 3, Round 81] Progress: 25% (74/286) - Loss: 0.1666
[Client 3, Round 81] Progress: 26% (76/286) - Loss: 0.4058
[Client 3, Round 81] Progress: 27% (78/286) - Loss: 0.0636
[Client 3, Round 81] Progress: 27% (80/286) - Loss: 0.1262
[Client 3, Round 81] Progress: 28% (82/286) - Loss: 0.2335
[Client 3, Round 81] Progress: 29% (84/286) - Loss: 0.4870
[Client 3, Round 81] Progress: 30% (86/286) - Loss: 0.4499
[Client 3, Round 81] Progress: 30% (88/286) - Loss: 0.0892
[Client 3, Round 81] Progress: 31% (90/286) - Loss: 0.1909
[Client 3, Round 81] Progress: 32% (92/286) - Loss: 0.3607
[Client 3, Round 81] Progress: 32% (94/286) - Loss: 0.1602
[Client 3, Round 81] Progress: 33% (96/286) - Loss: 0.0410
[Client 3, Round 81] Progress: 34% (98/286) - Loss: 0.1738
[Client 3, Round 81] Progress: 34% (100/286) - Loss: 0.0786
[Client 3, Round 81] Progress: 35% (102/286) - Loss: 0.3847
[Client 3, Round 81] Progress: 36% (104/286) - Loss: 0.4296
[Client 3, Round 81] Progress: 37% (106/286) - Loss: 0.1553
[Client 3, Round 81] Progress: 37% (108/286) - Loss: 0.1505
[Client 3, Round 81] Progress: 38% (110/286) - Loss: 0.2602
[Client 3, Round 81] Progress: 39% (112/286) - Loss: 0.1266
[Client 3, Round 81] Progress: 39% (114/286) - Loss: 0.1026
[Client 3, Round 81] Progress: 40% (116/286) - Loss: 0.1211
[Client 3, Round 81] Progress: 41% (118/286) - Loss: 0.4413
[Client 3, Round 81] Progress: 41% (120/286) - Loss: 0.0648
[Client 3, Round 81] Progress: 42% (122/286) - Loss: 0.1022
[Client 3, Round 81] Progress: 43% (124/286) - Loss: 0.6088
[Client 3, Round 81] Progress: 44% (126/286) - Loss: 0.1080
[Client 3, Round 81] Progress: 44% (128/286) - Loss: 0.1508
[Client 3, Round 81] Progress: 45% (130/286) - Loss: 0.1017
[Client 3, Round 81] Progress: 46% (132/286) - Loss: 0.0923
[Client 3, Round 81] Progress: 46% (134/286) - Loss: 0.2144
[Client 3, Round 81] Progress: 47% (136/286) - Loss: 0.1252
[Client 3, Round 81] Progress: 48% (138/286) - Loss: 0.0918
[Client 3, Round 81] Progress: 48% (140/286) - Loss: 0.6479
[Client 3, Round 81] Progress: 49% (142/286) - Loss: 0.3955
[Client 3, Round 81] Progress: 50% (144/286) - Loss: 0.1069
[Client 3, Round 81] Progress: 51% (146/286) - Loss: 0.1467
[Client 3, Round 81] Progress: 51% (148/286) - Loss: 0.2238
[Client 3, Round 81] Progress: 52% (150/286) - Loss: 0.1157
[Client 3, Round 81] Progress: 53% (152/286) - Loss: 0.4519
[Client 3, Round 81] Progress: 53% (154/286) - Loss: 0.0757
[Client 3, Round 81] Progress: 54% (156/286) - Loss: 0.4636
[Client 3, Round 81] Progress: 55% (158/286) - Loss: 0.0905
[Client 3, Round 81] Progress: 55% (160/286) - Loss: 0.1294
[Client 3, Round 81] Progress: 56% (162/286) - Loss: 0.2999
[Client 3, Round 81] Progress: 57% (164/286) - Loss: 0.1259
[Client 3, Round 81] Progress: 58% (166/286) - Loss: 0.0965
[Client 3, Round 81] Progress: 58% (168/286) - Loss: 0.3143
[Client 3, Round 81] Progress: 59% (170/286) - Loss: 0.1562
[Client 3, Round 81] Progress: 60% (172/286) - Loss: 0.1263
[Client 3, Round 81] Progress: 60% (174/286) - Loss: 0.0835
[Client 3, Round 81] Progress: 61% (176/286) - Loss: 0.1343
[Client 3, Round 81] Progress: 62% (178/286) - Loss: 0.0754
[Client 3, Round 81] Progress: 62% (180/286) - Loss: 0.7377
[Client 3, Round 81] Progress: 63% (182/286) - Loss: 0.1204
[Client 3, Round 81] Progress: 64% (184/286) - Loss: 0.0650
[Client 3, Round 81] Progress: 65% (186/286) - Loss: 0.1590
[Client 3, Round 81] Progress: 65% (188/286) - Loss: 0.0578
[Client 3, Round 81] Progress: 66% (190/286) - Loss: 0.0808
[Client 3, Round 81] Progress: 67% (192/286) - Loss: 0.0754
[Client 3, Round 81] Progress: 67% (194/286) - Loss: 0.0995
[Client 3, Round 81] Progress: 68% (196/286) - Loss: 0.1819
[Client 3, Round 81] Progress: 69% (198/286) - Loss: 0.0988
[Client 3, Round 81] Progress: 69% (200/286) - Loss: 0.1329
[Client 3, Round 81] Progress: 70% (202/286) - Loss: 0.1827
[Client 3, Round 81] Progress: 71% (204/286) - Loss: 0.1287
[Client 3, Round 81] Progress: 72% (206/286) - Loss: 0.1126
[Client 3, Round 81] Progress: 72% (208/286) - Loss: 0.0731
[Client 3, Round 81] Progress: 73% (210/286) - Loss: 0.0908
[Client 3, Round 81] Progress: 74% (212/286) - Loss: 0.0990
[Client 3, Round 81] Progress: 74% (214/286) - Loss: 0.1884
[Client 3, Round 81] Progress: 75% (216/286) - Loss: 0.0705
[Client 3, Round 81] Progress: 76% (218/286) - Loss: 0.1059
[Client 3, Round 81] Progress: 76% (220/286) - Loss: 0.3899
[Client 3, Round 81] Progress: 77% (222/286) - Loss: 0.1154
[Client 3, Round 81] Progress: 78% (224/286) - Loss: 0.4303
[Client 3, Round 81] Progress: 79% (226/286) - Loss: 0.1215
[Client 3, Round 81] Progress: 79% (228/286) - Loss: 0.0946
[Client 3, Round 81] Progress: 80% (230/286) - Loss: 0.1096
[Client 3, Round 81] Progress: 81% (232/286) - Loss: 0.4746
[Client 3, Round 81] Progress: 81% (234/286) - Loss: 0.0749
[Client 3, Round 81] Progress: 82% (236/286) - Loss: 0.1619
[Client 3, Round 81] Progress: 83% (238/286) - Loss: 0.0806
[Client 3, Round 81] Progress: 83% (240/286) - Loss: 0.0673
[Client 3, Round 81] Progress: 84% (242/286) - Loss: 0.0685
[Client 3, Round 81] Progress: 85% (244/286) - Loss: 0.4423
[Client 3, Round 81] Progress: 86% (246/286) - Loss: 0.1147
[Client 3, Round 81] Progress: 86% (248/286) - Loss: 0.0755
[Client 3, Round 81] Progress: 87% (250/286) - Loss: 0.1340
[Client 3, Round 81] Progress: 88% (252/286) - Loss: 0.1595
[Client 3, Round 81] Progress: 88% (254/286) - Loss: 0.0647
[Client 3, Round 81] Progress: 89% (256/286) - Loss: 0.1864
[Client 3, Round 81] Progress: 90% (258/286) - Loss: 0.3916
[Client 3, Round 81] Progress: 90% (260/286) - Loss: 0.1150
[Client 3, Round 81] Progress: 91% (262/286) - Loss: 0.1200
[Client 3, Round 81] Progress: 92% (264/286) - Loss: 0.1656
[Client 3, Round 81] Progress: 93% (266/286) - Loss: 0.1016
[Client 3, Round 81] Progress: 93% (268/286) - Loss: 0.0900
[Client 3, Round 81] Progress: 94% (270/286) - Loss: 0.2648
[Client 3, Round 81] Progress: 95% (272/286) - Loss: 0.4099
[Client 3, Round 81] Progress: 95% (274/286) - Loss: 0.1181
[Client 3, Round 81] Progress: 96% (276/286) - Loss: 0.1607
[Client 3, Round 81] Progress: 97% (278/286) - Loss: 0.2237
[Client 3, Round 81] Progress: 97% (280/286) - Loss: 0.2543
[Client 3, Round 81] Progress: 98% (282/286) - Loss: 0.0951
[Client 3, Round 81] Progress: 99% (284/286) - Loss: 0.1196
[Client 3, Round 81] Progress: 100% (286/286) - Loss: 0.1011
[Client 3, Round 81] Train Loss: 0.1840
[Client 3, Round 81] Val Loss: 0.1641 | Val Dice: 0.8530
[Client 3, Round 82] Progress: 0% (2/286) - Loss: 0.0999
[Client 3, Round 82] Progress: 1% (4/286) - Loss: 0.0952
[Client 3, Round 82] Progress: 2% (6/286) - Loss: 0.1152
[Client 3, Round 82] Progress: 2% (8/286) - Loss: 0.1326
[Client 3, Round 82] Progress: 3% (10/286) - Loss: 0.0954
[Client 3, Round 82] Progress: 4% (12/286) - Loss: 0.0679
[Client 3, Round 82] Progress: 4% (14/286) - Loss: 0.1504
[Client 3, Round 82] Progress: 5% (16/286) - Loss: 0.0709
[Client 3, Round 82] Progress: 6% (18/286) - Loss: 0.2197
[Client 3, Round 82] Progress: 6% (20/286) - Loss: 0.1228
[Client 3, Round 82] Progress: 7% (22/286) - Loss: 0.1648
[Client 3, Round 82] Progress: 8% (24/286) - Loss: 0.3209
[Client 3, Round 82] Progress: 9% (26/286) - Loss: 0.2586
[Client 3, Round 82] Progress: 9% (28/286) - Loss: 0.2324
[Client 3, Round 82] Progress: 10% (30/286) - Loss: 0.0763
[Client 3, Round 82] Progress: 11% (32/286) - Loss: 0.1516
[Client 3, Round 82] Progress: 11% (34/286) - Loss: 0.1397
[Client 3, Round 82] Progress: 12% (36/286) - Loss: 0.1991
[Client 3, Round 82] Progress: 13% (38/286) - Loss: 0.2654
[Client 3, Round 82] Progress: 13% (40/286) - Loss: 0.0716
[Client 3, Round 82] Progress: 14% (42/286) - Loss: 0.1397
[Client 3, Round 82] Progress: 15% (44/286) - Loss: 0.0691
[Client 3, Round 82] Progress: 16% (46/286) - Loss: 0.1471
[Client 3, Round 82] Progress: 16% (48/286) - Loss: 0.0870
[Client 3, Round 82] Progress: 17% (50/286) - Loss: 0.1299
[Client 3, Round 82] Progress: 18% (52/286) - Loss: 0.4340
[Client 3, Round 82] Progress: 18% (54/286) - Loss: 0.2000
[Client 3, Round 82] Progress: 19% (56/286) - Loss: 0.3075
[Client 3, Round 82] Progress: 20% (58/286) - Loss: 0.0433
[Client 3, Round 82] Progress: 20% (60/286) - Loss: 0.2462
[Client 3, Round 82] Progress: 21% (62/286) - Loss: 0.3523
[Client 3, Round 82] Progress: 22% (64/286) - Loss: 0.0609
[Client 3, Round 82] Progress: 23% (66/286) - Loss: 0.4502
[Client 3, Round 82] Progress: 23% (68/286) - Loss: 0.1090
[Client 3, Round 82] Progress: 24% (70/286) - Loss: 0.2049
[Client 3, Round 82] Progress: 25% (72/286) - Loss: 0.4345
[Client 3, Round 82] Progress: 25% (74/286) - Loss: 0.0954
[Client 3, Round 82] Progress: 26% (76/286) - Loss: 0.4599
[Client 3, Round 82] Progress: 27% (78/286) - Loss: 0.0996
[Client 3, Round 82] Progress: 27% (80/286) - Loss: 0.1197
[Client 3, Round 82] Progress: 28% (82/286) - Loss: 0.1491
[Client 3, Round 82] Progress: 29% (84/286) - Loss: 0.1996
[Client 3, Round 82] Progress: 30% (86/286) - Loss: 0.3672
[Client 3, Round 82] Progress: 30% (88/286) - Loss: 0.1523
[Client 3, Round 82] Progress: 31% (90/286) - Loss: 0.1315
[Client 3, Round 82] Progress: 32% (92/286) - Loss: 0.0743
[Client 3, Round 82] Progress: 32% (94/286) - Loss: 0.2243
[Client 3, Round 82] Progress: 33% (96/286) - Loss: 0.1143
[Client 3, Round 82] Progress: 34% (98/286) - Loss: 0.0960
[Client 3, Round 82] Progress: 34% (100/286) - Loss: 0.1160
[Client 3, Round 82] Progress: 35% (102/286) - Loss: 0.1864
[Client 3, Round 82] Progress: 36% (104/286) - Loss: 0.2540
[Client 3, Round 82] Progress: 37% (106/286) - Loss: 0.1910
[Client 3, Round 82] Progress: 37% (108/286) - Loss: 0.2885
[Client 3, Round 82] Progress: 38% (110/286) - Loss: 0.1138
[Client 3, Round 82] Progress: 39% (112/286) - Loss: 0.2156
[Client 3, Round 82] Progress: 39% (114/286) - Loss: 0.1469
[Client 3, Round 82] Progress: 40% (116/286) - Loss: 0.4336
[Client 3, Round 82] Progress: 41% (118/286) - Loss: 0.0991
[Client 3, Round 82] Progress: 41% (120/286) - Loss: 0.2008
[Client 3, Round 82] Progress: 42% (122/286) - Loss: 0.1351
[Client 3, Round 82] Progress: 43% (124/286) - Loss: 0.0767
[Client 3, Round 82] Progress: 44% (126/286) - Loss: 0.5043
[Client 3, Round 82] Progress: 44% (128/286) - Loss: 0.7012
[Client 3, Round 82] Progress: 45% (130/286) - Loss: 0.0687
[Client 3, Round 82] Progress: 46% (132/286) - Loss: 0.1926
[Client 3, Round 82] Progress: 46% (134/286) - Loss: 0.0778
[Client 3, Round 82] Progress: 47% (136/286) - Loss: 0.1548
[Client 3, Round 82] Progress: 48% (138/286) - Loss: 0.1863
[Client 3, Round 82] Progress: 48% (140/286) - Loss: 0.5081
[Client 3, Round 82] Progress: 49% (142/286) - Loss: 0.1804
[Client 3, Round 82] Progress: 50% (144/286) - Loss: 0.0656
[Client 3, Round 82] Progress: 51% (146/286) - Loss: 0.4475
[Client 3, Round 82] Progress: 51% (148/286) - Loss: 0.3786
[Client 3, Round 82] Progress: 52% (150/286) - Loss: 0.0885
[Client 3, Round 82] Progress: 53% (152/286) - Loss: 0.2419
[Client 3, Round 82] Progress: 53% (154/286) - Loss: 0.1992
[Client 3, Round 82] Progress: 54% (156/286) - Loss: 0.1259
[Client 3, Round 82] Progress: 55% (158/286) - Loss: 0.1415
[Client 3, Round 82] Progress: 55% (160/286) - Loss: 0.1554
[Client 3, Round 82] Progress: 56% (162/286) - Loss: 0.4452
[Client 3, Round 82] Progress: 57% (164/286) - Loss: 0.1030
[Client 3, Round 82] Progress: 58% (166/286) - Loss: 0.1167
[Client 3, Round 82] Progress: 58% (168/286) - Loss: 0.2204
[Client 3, Round 82] Progress: 59% (170/286) - Loss: 0.7016
[Client 3, Round 82] Progress: 60% (172/286) - Loss: 0.2774
[Client 3, Round 82] Progress: 60% (174/286) - Loss: 0.3608
[Client 3, Round 82] Progress: 61% (176/286) - Loss: 0.1842
[Client 3, Round 82] Progress: 62% (178/286) - Loss: 0.0912
[Client 3, Round 82] Progress: 62% (180/286) - Loss: 0.0946
[Client 3, Round 82] Progress: 63% (182/286) - Loss: 0.1581
[Client 3, Round 82] Progress: 64% (184/286) - Loss: 0.1942
[Client 3, Round 82] Progress: 65% (186/286) - Loss: 0.1212
[Client 3, Round 82] Progress: 65% (188/286) - Loss: 0.1320
[Client 3, Round 82] Progress: 66% (190/286) - Loss: 0.1948
[Client 3, Round 82] Progress: 67% (192/286) - Loss: 0.2066
[Client 3, Round 82] Progress: 67% (194/286) - Loss: 0.2646
[Client 3, Round 82] Progress: 68% (196/286) - Loss: 0.0713
[Client 3, Round 82] Progress: 69% (198/286) - Loss: 0.0489
[Client 3, Round 82] Progress: 69% (200/286) - Loss: 0.1736
[Client 3, Round 82] Progress: 70% (202/286) - Loss: 0.1558
[Client 3, Round 82] Progress: 71% (204/286) - Loss: 0.3310
[Client 3, Round 82] Progress: 72% (206/286) - Loss: 0.1300
[Client 3, Round 82] Progress: 72% (208/286) - Loss: 0.1289
[Client 3, Round 82] Progress: 73% (210/286) - Loss: 0.0756
[Client 3, Round 82] Progress: 74% (212/286) - Loss: 0.1270
[Client 3, Round 82] Progress: 74% (214/286) - Loss: 0.0963
[Client 3, Round 82] Progress: 75% (216/286) - Loss: 0.1067
[Client 3, Round 82] Progress: 76% (218/286) - Loss: 0.0447
[Client 3, Round 82] Progress: 76% (220/286) - Loss: 0.3456
[Client 3, Round 82] Progress: 77% (222/286) - Loss: 0.0769
[Client 3, Round 82] Progress: 78% (224/286) - Loss: 0.0996
[Client 3, Round 82] Progress: 79% (226/286) - Loss: 0.0903
[Client 3, Round 82] Progress: 79% (228/286) - Loss: 0.0730
[Client 3, Round 82] Progress: 80% (230/286) - Loss: 0.0469
[Client 3, Round 82] Progress: 81% (232/286) - Loss: 0.1676
[Client 3, Round 82] Progress: 81% (234/286) - Loss: 0.0922
[Client 3, Round 82] Progress: 82% (236/286) - Loss: 0.0949
[Client 3, Round 82] Progress: 83% (238/286) - Loss: 0.1804
[Client 3, Round 82] Progress: 83% (240/286) - Loss: 0.5668
[Client 3, Round 82] Progress: 84% (242/286) - Loss: 0.2211
[Client 3, Round 82] Progress: 85% (244/286) - Loss: 0.1222
[Client 3, Round 82] Progress: 86% (246/286) - Loss: 0.5350
[Client 3, Round 82] Progress: 86% (248/286) - Loss: 0.4332
[Client 3, Round 82] Progress: 87% (250/286) - Loss: 0.4502
[Client 3, Round 82] Progress: 88% (252/286) - Loss: 0.4350
[Client 3, Round 82] Progress: 88% (254/286) - Loss: 0.0988
[Client 3, Round 82] Progress: 89% (256/286) - Loss: 0.1187
[Client 3, Round 82] Progress: 90% (258/286) - Loss: 0.1427
[Client 3, Round 82] Progress: 90% (260/286) - Loss: 0.1523
[Client 3, Round 82] Progress: 91% (262/286) - Loss: 0.1329
[Client 3, Round 82] Progress: 92% (264/286) - Loss: 0.2166
[Client 3, Round 82] Progress: 93% (266/286) - Loss: 0.1828
[Client 3, Round 82] Progress: 93% (268/286) - Loss: 0.0963
[Client 3, Round 82] Progress: 94% (270/286) - Loss: 0.1774
[Client 3, Round 82] Progress: 95% (272/286) - Loss: 0.1802
[Client 3, Round 82] Progress: 95% (274/286) - Loss: 0.0974
[Client 3, Round 82] Progress: 96% (276/286) - Loss: 0.7509
[Client 3, Round 82] Progress: 97% (278/286) - Loss: 0.1163
[Client 3, Round 82] Progress: 97% (280/286) - Loss: 0.3619
[Client 3, Round 82] Progress: 98% (282/286) - Loss: 0.4741
[Client 3, Round 82] Progress: 99% (284/286) - Loss: 0.0684
[Client 3, Round 82] Progress: 100% (286/286) - Loss: 0.1121
[Client 3, Round 82] Train Loss: 0.1897
[Client 3, Round 82] Val Loss: 0.1608 | Val Dice: 0.8553
[Client 3, Round 83] Progress: 0% (2/286) - Loss: 0.1213
[Client 3, Round 83] Progress: 1% (4/286) - Loss: 0.2724
[Client 3, Round 83] Progress: 2% (6/286) - Loss: 0.1479
[Client 3, Round 83] Progress: 2% (8/286) - Loss: 0.0465
[Client 3, Round 83] Progress: 3% (10/286) - Loss: 0.1169
[Client 3, Round 83] Progress: 4% (12/286) - Loss: 0.3533
[Client 3, Round 83] Progress: 4% (14/286) - Loss: 0.2488
[Client 3, Round 83] Progress: 5% (16/286) - Loss: 0.5086
[Client 3, Round 83] Progress: 6% (18/286) - Loss: 0.1118
[Client 3, Round 83] Progress: 6% (20/286) - Loss: 0.1593
[Client 3, Round 83] Progress: 7% (22/286) - Loss: 0.0968
[Client 3, Round 83] Progress: 8% (24/286) - Loss: 0.7396
[Client 3, Round 83] Progress: 9% (26/286) - Loss: 0.1172
[Client 3, Round 83] Progress: 9% (28/286) - Loss: 0.1551
[Client 3, Round 83] Progress: 10% (30/286) - Loss: 0.1019
[Client 3, Round 83] Progress: 11% (32/286) - Loss: 0.4749
[Client 3, Round 83] Progress: 11% (34/286) - Loss: 0.2584
[Client 3, Round 83] Progress: 12% (36/286) - Loss: 0.0750
[Client 3, Round 83] Progress: 13% (38/286) - Loss: 0.0895
[Client 3, Round 83] Progress: 13% (40/286) - Loss: 0.3237
[Client 3, Round 83] Progress: 14% (42/286) - Loss: 0.1421
[Client 3, Round 83] Progress: 15% (44/286) - Loss: 0.1323
[Client 3, Round 83] Progress: 16% (46/286) - Loss: 0.1612
[Client 3, Round 83] Progress: 16% (48/286) - Loss: 0.1106
[Client 3, Round 83] Progress: 17% (50/286) - Loss: 0.2091
[Client 3, Round 83] Progress: 18% (52/286) - Loss: 0.0557
[Client 3, Round 83] Progress: 18% (54/286) - Loss: 0.1404
[Client 3, Round 83] Progress: 19% (56/286) - Loss: 0.4592
[Client 3, Round 83] Progress: 20% (58/286) - Loss: 0.2196
[Client 3, Round 83] Progress: 20% (60/286) - Loss: 0.1793
[Client 3, Round 83] Progress: 21% (62/286) - Loss: 0.1484
[Client 3, Round 83] Progress: 22% (64/286) - Loss: 0.0499
[Client 3, Round 83] Progress: 23% (66/286) - Loss: 0.2407
[Client 3, Round 83] Progress: 23% (68/286) - Loss: 0.1739
[Client 3, Round 83] Progress: 24% (70/286) - Loss: 0.2055
[Client 3, Round 83] Progress: 25% (72/286) - Loss: 0.0714
[Client 3, Round 83] Progress: 25% (74/286) - Loss: 0.0885
[Client 3, Round 83] Progress: 26% (76/286) - Loss: 0.0955
[Client 3, Round 83] Progress: 27% (78/286) - Loss: 0.6046
[Client 3, Round 83] Progress: 27% (80/286) - Loss: 0.0599
[Client 3, Round 83] Progress: 28% (82/286) - Loss: 0.1739
[Client 3, Round 83] Progress: 29% (84/286) - Loss: 0.2538
[Client 3, Round 83] Progress: 30% (86/286) - Loss: 0.1369
[Client 3, Round 83] Progress: 30% (88/286) - Loss: 0.6996
[Client 3, Round 83] Progress: 31% (90/286) - Loss: 0.1015
[Client 3, Round 83] Progress: 32% (92/286) - Loss: 0.1340
[Client 3, Round 83] Progress: 32% (94/286) - Loss: 0.2995
[Client 3, Round 83] Progress: 33% (96/286) - Loss: 0.1224
[Client 3, Round 83] Progress: 34% (98/286) - Loss: 0.1314
[Client 3, Round 83] Progress: 34% (100/286) - Loss: 0.1607
[Client 3, Round 83] Progress: 35% (102/286) - Loss: 0.0919
[Client 3, Round 83] Progress: 36% (104/286) - Loss: 0.1108
[Client 3, Round 83] Progress: 37% (106/286) - Loss: 0.4872
[Client 3, Round 83] Progress: 37% (108/286) - Loss: 0.0743
[Client 3, Round 83] Progress: 38% (110/286) - Loss: 0.1837
[Client 3, Round 83] Progress: 39% (112/286) - Loss: 0.1218
[Client 3, Round 83] Progress: 39% (114/286) - Loss: 0.2435
[Client 3, Round 83] Progress: 40% (116/286) - Loss: 0.1298
[Client 3, Round 83] Progress: 41% (118/286) - Loss: 0.0933
[Client 3, Round 83] Progress: 41% (120/286) - Loss: 0.1103
[Client 3, Round 83] Progress: 42% (122/286) - Loss: 0.1610
[Client 3, Round 83] Progress: 43% (124/286) - Loss: 0.0990
[Client 3, Round 83] Progress: 44% (126/286) - Loss: 0.1147
[Client 3, Round 83] Progress: 44% (128/286) - Loss: 0.0711
[Client 3, Round 83] Progress: 45% (130/286) - Loss: 0.0887
[Client 3, Round 83] Progress: 46% (132/286) - Loss: 0.0594
[Client 3, Round 83] Progress: 46% (134/286) - Loss: 0.1226
[Client 3, Round 83] Progress: 47% (136/286) - Loss: 0.4368
[Client 3, Round 83] Progress: 48% (138/286) - Loss: 0.1778
[Client 3, Round 83] Progress: 48% (140/286) - Loss: 0.2600
[Client 3, Round 83] Progress: 49% (142/286) - Loss: 0.1939
[Client 3, Round 83] Progress: 50% (144/286) - Loss: 0.0931
[Client 3, Round 83] Progress: 51% (146/286) - Loss: 0.2165
[Client 3, Round 83] Progress: 51% (148/286) - Loss: 0.3986
[Client 3, Round 83] Progress: 52% (150/286) - Loss: 0.6792
[Client 3, Round 83] Progress: 53% (152/286) - Loss: 0.2452
[Client 3, Round 83] Progress: 53% (154/286) - Loss: 0.1057
[Client 3, Round 83] Progress: 54% (156/286) - Loss: 0.1296
[Client 3, Round 83] Progress: 55% (158/286) - Loss: 0.4501
[Client 3, Round 83] Progress: 55% (160/286) - Loss: 0.4703
[Client 3, Round 83] Progress: 56% (162/286) - Loss: 0.0759
[Client 3, Round 83] Progress: 57% (164/286) - Loss: 0.4759
[Client 3, Round 83] Progress: 58% (166/286) - Loss: 0.1282
[Client 3, Round 83] Progress: 58% (168/286) - Loss: 0.0943
[Client 3, Round 83] Progress: 59% (170/286) - Loss: 0.1448
[Client 3, Round 83] Progress: 60% (172/286) - Loss: 0.1094
[Client 3, Round 83] Progress: 60% (174/286) - Loss: 0.4297
[Client 3, Round 83] Progress: 61% (176/286) - Loss: 0.0735
[Client 3, Round 83] Progress: 62% (178/286) - Loss: 0.4886
[Client 3, Round 83] Progress: 62% (180/286) - Loss: 0.1732
[Client 3, Round 83] Progress: 63% (182/286) - Loss: 0.1618
[Client 3, Round 83] Progress: 64% (184/286) - Loss: 0.3774
[Client 3, Round 83] Progress: 65% (186/286) - Loss: 0.7248
[Client 3, Round 83] Progress: 65% (188/286) - Loss: 0.3305
[Client 3, Round 83] Progress: 66% (190/286) - Loss: 0.1602
[Client 3, Round 83] Progress: 67% (192/286) - Loss: 0.1433
[Client 3, Round 83] Progress: 67% (194/286) - Loss: 0.1115
[Client 3, Round 83] Progress: 68% (196/286) - Loss: 0.2961
[Client 3, Round 83] Progress: 69% (198/286) - Loss: 0.1615
[Client 3, Round 83] Progress: 69% (200/286) - Loss: 0.0644
[Client 3, Round 83] Progress: 70% (202/286) - Loss: 0.0828
[Client 3, Round 83] Progress: 71% (204/286) - Loss: 0.0679
[Client 3, Round 83] Progress: 72% (206/286) - Loss: 0.1162
[Client 3, Round 83] Progress: 72% (208/286) - Loss: 0.0965
[Client 3, Round 83] Progress: 73% (210/286) - Loss: 0.0985
[Client 3, Round 83] Progress: 74% (212/286) - Loss: 0.0987
[Client 3, Round 83] Progress: 74% (214/286) - Loss: 0.1449
[Client 3, Round 83] Progress: 75% (216/286) - Loss: 0.2695
[Client 3, Round 83] Progress: 76% (218/286) - Loss: 0.6519
[Client 3, Round 83] Progress: 76% (220/286) - Loss: 0.0457
[Client 3, Round 83] Progress: 77% (222/286) - Loss: 0.4073
[Client 3, Round 83] Progress: 78% (224/286) - Loss: 0.2001
[Client 3, Round 83] Progress: 79% (226/286) - Loss: 0.1104
[Client 3, Round 83] Progress: 79% (228/286) - Loss: 0.1818
[Client 3, Round 83] Progress: 80% (230/286) - Loss: 0.1359
[Client 3, Round 83] Progress: 81% (232/286) - Loss: 0.0939
[Client 3, Round 83] Progress: 81% (234/286) - Loss: 0.2675
[Client 3, Round 83] Progress: 82% (236/286) - Loss: 0.3005
[Client 3, Round 83] Progress: 83% (238/286) - Loss: 0.0702
[Client 3, Round 83] Progress: 83% (240/286) - Loss: 0.1652
[Client 3, Round 83] Progress: 84% (242/286) - Loss: 0.1221
[Client 3, Round 83] Progress: 85% (244/286) - Loss: 0.1498
[Client 3, Round 83] Progress: 86% (246/286) - Loss: 0.0373
[Client 3, Round 83] Progress: 86% (248/286) - Loss: 0.1954
[Client 3, Round 83] Progress: 87% (250/286) - Loss: 0.1352
[Client 3, Round 83] Progress: 88% (252/286) - Loss: 0.0762
[Client 3, Round 83] Progress: 88% (254/286) - Loss: 0.1533
[Client 3, Round 83] Progress: 89% (256/286) - Loss: 0.2000
[Client 3, Round 83] Progress: 90% (258/286) - Loss: 0.0541
[Client 3, Round 83] Progress: 90% (260/286) - Loss: 0.1698
[Client 3, Round 83] Progress: 91% (262/286) - Loss: 0.3592
[Client 3, Round 83] Progress: 92% (264/286) - Loss: 0.4587
[Client 3, Round 83] Progress: 93% (266/286) - Loss: 0.1495
[Client 3, Round 83] Progress: 93% (268/286) - Loss: 0.0832
[Client 3, Round 83] Progress: 94% (270/286) - Loss: 0.1929
[Client 3, Round 83] Progress: 95% (272/286) - Loss: 0.1865
[Client 3, Round 83] Progress: 95% (274/286) - Loss: 0.4842
[Client 3, Round 83] Progress: 96% (276/286) - Loss: 0.1039
[Client 3, Round 83] Progress: 97% (278/286) - Loss: 0.0688
[Client 3, Round 83] Progress: 97% (280/286) - Loss: 0.0969
[Client 3, Round 83] Progress: 98% (282/286) - Loss: 0.1563
[Client 3, Round 83] Progress: 99% (284/286) - Loss: 0.1251
[Client 3, Round 83] Progress: 100% (286/286) - Loss: 0.2677
[Client 3, Round 83] Train Loss: 0.1893
[Client 3, Round 83] Val Loss: 0.1655 | Val Dice: 0.8496
[Client 3, Round 84] Progress: 0% (2/286) - Loss: 0.0438
[Client 3, Round 84] Progress: 1% (4/286) - Loss: 0.2781
[Client 3, Round 84] Progress: 2% (6/286) - Loss: 0.1153
[Client 3, Round 84] Progress: 2% (8/286) - Loss: 0.1018
[Client 3, Round 84] Progress: 3% (10/286) - Loss: 0.0879
[Client 3, Round 84] Progress: 4% (12/286) - Loss: 0.0326
[Client 3, Round 84] Progress: 4% (14/286) - Loss: 0.7811
[Client 3, Round 84] Progress: 5% (16/286) - Loss: 0.0673
[Client 3, Round 84] Progress: 6% (18/286) - Loss: 0.1140
[Client 3, Round 84] Progress: 6% (20/286) - Loss: 0.2428
[Client 3, Round 84] Progress: 7% (22/286) - Loss: 0.1317
[Client 3, Round 84] Progress: 8% (24/286) - Loss: 0.1050
[Client 3, Round 84] Progress: 9% (26/286) - Loss: 0.2093
[Client 3, Round 84] Progress: 9% (28/286) - Loss: 0.1468
[Client 3, Round 84] Progress: 10% (30/286) - Loss: 0.0415
[Client 3, Round 84] Progress: 11% (32/286) - Loss: 0.0621
[Client 3, Round 84] Progress: 11% (34/286) - Loss: 0.1777
[Client 3, Round 84] Progress: 12% (36/286) - Loss: 0.1681
[Client 3, Round 84] Progress: 13% (38/286) - Loss: 0.4548
[Client 3, Round 84] Progress: 13% (40/286) - Loss: 0.1447
[Client 3, Round 84] Progress: 14% (42/286) - Loss: 0.1372
[Client 3, Round 84] Progress: 15% (44/286) - Loss: 0.4455
[Client 3, Round 84] Progress: 16% (46/286) - Loss: 0.1179
[Client 3, Round 84] Progress: 16% (48/286) - Loss: 0.1399
[Client 3, Round 84] Progress: 17% (50/286) - Loss: 0.1023
[Client 3, Round 84] Progress: 18% (52/286) - Loss: 0.3064
[Client 3, Round 84] Progress: 18% (54/286) - Loss: 0.0729
[Client 3, Round 84] Progress: 19% (56/286) - Loss: 0.1159
[Client 3, Round 84] Progress: 20% (58/286) - Loss: 0.2518
[Client 3, Round 84] Progress: 20% (60/286) - Loss: 0.4389
[Client 3, Round 84] Progress: 21% (62/286) - Loss: 0.0801
[Client 3, Round 84] Progress: 22% (64/286) - Loss: 0.2009
[Client 3, Round 84] Progress: 23% (66/286) - Loss: 0.1830
[Client 3, Round 84] Progress: 23% (68/286) - Loss: 0.1610
[Client 3, Round 84] Progress: 24% (70/286) - Loss: 0.1497
[Client 3, Round 84] Progress: 25% (72/286) - Loss: 0.6251
[Client 3, Round 84] Progress: 25% (74/286) - Loss: 0.4111
[Client 3, Round 84] Progress: 26% (76/286) - Loss: 0.0975
[Client 3, Round 84] Progress: 27% (78/286) - Loss: 0.1204
[Client 3, Round 84] Progress: 27% (80/286) - Loss: 0.1205
[Client 3, Round 84] Progress: 28% (82/286) - Loss: 0.0712
[Client 3, Round 84] Progress: 29% (84/286) - Loss: 0.2202
[Client 3, Round 84] Progress: 30% (86/286) - Loss: 0.1422
[Client 3, Round 84] Progress: 30% (88/286) - Loss: 0.1200
[Client 3, Round 84] Progress: 31% (90/286) - Loss: 0.6363
[Client 3, Round 84] Progress: 32% (92/286) - Loss: 0.0728
[Client 3, Round 84] Progress: 32% (94/286) - Loss: 0.1136
[Client 3, Round 84] Progress: 33% (96/286) - Loss: 0.1834
[Client 3, Round 84] Progress: 34% (98/286) - Loss: 0.1088
[Client 3, Round 84] Progress: 34% (100/286) - Loss: 0.1585
[Client 3, Round 84] Progress: 35% (102/286) - Loss: 0.1043
[Client 3, Round 84] Progress: 36% (104/286) - Loss: 0.0867
[Client 3, Round 84] Progress: 37% (106/286) - Loss: 0.1556
[Client 3, Round 84] Progress: 37% (108/286) - Loss: 0.4431
[Client 3, Round 84] Progress: 38% (110/286) - Loss: 0.0870
[Client 3, Round 84] Progress: 39% (112/286) - Loss: 0.0784
[Client 3, Round 84] Progress: 39% (114/286) - Loss: 0.0428
[Client 3, Round 84] Progress: 40% (116/286) - Loss: 0.0494
[Client 3, Round 84] Progress: 41% (118/286) - Loss: 0.4391
[Client 3, Round 84] Progress: 41% (120/286) - Loss: 0.1089
[Client 3, Round 84] Progress: 42% (122/286) - Loss: 0.6488
[Client 3, Round 84] Progress: 43% (124/286) - Loss: 0.4577
[Client 3, Round 84] Progress: 44% (126/286) - Loss: 0.6488
[Client 3, Round 84] Progress: 44% (128/286) - Loss: 0.0846
[Client 3, Round 84] Progress: 45% (130/286) - Loss: 0.0793
[Client 3, Round 84] Progress: 46% (132/286) - Loss: 0.4616
[Client 3, Round 84] Progress: 46% (134/286) - Loss: 0.1298
[Client 3, Round 84] Progress: 47% (136/286) - Loss: 0.2072
[Client 3, Round 84] Progress: 48% (138/286) - Loss: 0.2607
[Client 3, Round 84] Progress: 48% (140/286) - Loss: 0.1028
[Client 3, Round 84] Progress: 49% (142/286) - Loss: 0.1791
[Client 3, Round 84] Progress: 50% (144/286) - Loss: 0.1254
[Client 3, Round 84] Progress: 51% (146/286) - Loss: 0.1647
[Client 3, Round 84] Progress: 51% (148/286) - Loss: 0.4086
[Client 3, Round 84] Progress: 52% (150/286) - Loss: 0.1035
[Client 3, Round 84] Progress: 53% (152/286) - Loss: 0.1013
[Client 3, Round 84] Progress: 53% (154/286) - Loss: 0.2001
[Client 3, Round 84] Progress: 54% (156/286) - Loss: 0.1128
[Client 3, Round 84] Progress: 55% (158/286) - Loss: 0.2170
[Client 3, Round 84] Progress: 55% (160/286) - Loss: 0.2256
[Client 3, Round 84] Progress: 56% (162/286) - Loss: 0.2170
[Client 3, Round 84] Progress: 57% (164/286) - Loss: 0.1158
[Client 3, Round 84] Progress: 58% (166/286) - Loss: 0.2410
[Client 3, Round 84] Progress: 58% (168/286) - Loss: 0.1694
[Client 3, Round 84] Progress: 59% (170/286) - Loss: 0.0599
[Client 3, Round 84] Progress: 60% (172/286) - Loss: 0.1146
[Client 3, Round 84] Progress: 60% (174/286) - Loss: 0.1574
[Client 3, Round 84] Progress: 61% (176/286) - Loss: 0.1076
[Client 3, Round 84] Progress: 62% (178/286) - Loss: 0.1007
[Client 3, Round 84] Progress: 62% (180/286) - Loss: 0.1852
[Client 3, Round 84] Progress: 63% (182/286) - Loss: 0.1292
[Client 3, Round 84] Progress: 64% (184/286) - Loss: 0.1465
[Client 3, Round 84] Progress: 65% (186/286) - Loss: 0.1094
[Client 3, Round 84] Progress: 65% (188/286) - Loss: 0.1648
[Client 3, Round 84] Progress: 66% (190/286) - Loss: 0.2223
[Client 3, Round 84] Progress: 67% (192/286) - Loss: 0.0693
[Client 3, Round 84] Progress: 67% (194/286) - Loss: 0.1546
[Client 3, Round 84] Progress: 68% (196/286) - Loss: 0.4155
[Client 3, Round 84] Progress: 69% (198/286) - Loss: 0.1761
[Client 3, Round 84] Progress: 69% (200/286) - Loss: 0.0845
[Client 3, Round 84] Progress: 70% (202/286) - Loss: 0.0531
[Client 3, Round 84] Progress: 71% (204/286) - Loss: 0.1173
[Client 3, Round 84] Progress: 72% (206/286) - Loss: 0.0663
[Client 3, Round 84] Progress: 72% (208/286) - Loss: 0.1611
[Client 3, Round 84] Progress: 73% (210/286) - Loss: 0.1826
[Client 3, Round 84] Progress: 74% (212/286) - Loss: 0.1734
[Client 3, Round 84] Progress: 74% (214/286) - Loss: 0.0726
[Client 3, Round 84] Progress: 75% (216/286) - Loss: 0.1166
[Client 3, Round 84] Progress: 76% (218/286) - Loss: 0.1191
[Client 3, Round 84] Progress: 76% (220/286) - Loss: 0.1758
[Client 3, Round 84] Progress: 77% (222/286) - Loss: 0.0930
[Client 3, Round 84] Progress: 78% (224/286) - Loss: 0.1810
[Client 3, Round 84] Progress: 79% (226/286) - Loss: 0.1384
[Client 3, Round 84] Progress: 79% (228/286) - Loss: 0.2107
[Client 3, Round 84] Progress: 80% (230/286) - Loss: 0.2358
[Client 3, Round 84] Progress: 81% (232/286) - Loss: 0.4501
[Client 3, Round 84] Progress: 81% (234/286) - Loss: 0.1851
[Client 3, Round 84] Progress: 82% (236/286) - Loss: 0.3607
[Client 3, Round 84] Progress: 83% (238/286) - Loss: 0.1204
[Client 3, Round 84] Progress: 83% (240/286) - Loss: 0.1131
[Client 3, Round 84] Progress: 84% (242/286) - Loss: 0.5085
[Client 3, Round 84] Progress: 85% (244/286) - Loss: 0.1189
[Client 3, Round 84] Progress: 86% (246/286) - Loss: 0.0920
[Client 3, Round 84] Progress: 86% (248/286) - Loss: 0.5188
[Client 3, Round 84] Progress: 87% (250/286) - Loss: 0.3188
[Client 3, Round 84] Progress: 88% (252/286) - Loss: 0.1025
[Client 3, Round 84] Progress: 88% (254/286) - Loss: 0.4028
[Client 3, Round 84] Progress: 89% (256/286) - Loss: 0.0994
[Client 3, Round 84] Progress: 90% (258/286) - Loss: 0.0870
[Client 3, Round 84] Progress: 90% (260/286) - Loss: 0.0628
[Client 3, Round 84] Progress: 91% (262/286) - Loss: 0.1330
[Client 3, Round 84] Progress: 92% (264/286) - Loss: 0.1034
[Client 3, Round 84] Progress: 93% (266/286) - Loss: 0.1361
[Client 3, Round 84] Progress: 93% (268/286) - Loss: 0.1036
[Client 3, Round 84] Progress: 94% (270/286) - Loss: 0.1913
[Client 3, Round 84] Progress: 95% (272/286) - Loss: 0.0589
[Client 3, Round 84] Progress: 95% (274/286) - Loss: 0.1484
[Client 3, Round 84] Progress: 96% (276/286) - Loss: 0.3788
[Client 3, Round 84] Progress: 97% (278/286) - Loss: 0.0736
[Client 3, Round 84] Progress: 97% (280/286) - Loss: 0.1809
[Client 3, Round 84] Progress: 98% (282/286) - Loss: 0.1109
[Client 3, Round 84] Progress: 99% (284/286) - Loss: 0.2013
[Client 3, Round 84] Progress: 100% (286/286) - Loss: 0.1112
[Client 3, Round 84] Train Loss: 0.1861
[Client 3, Round 84] Val Loss: 0.1607 | Val Dice: 0.8570
[Client 3, Round 85] Progress: 0% (2/286) - Loss: 0.1429
[Client 3, Round 85] Progress: 1% (4/286) - Loss: 0.0868
[Client 3, Round 85] Progress: 2% (6/286) - Loss: 0.7467
[Client 3, Round 85] Progress: 2% (8/286) - Loss: 0.0789
[Client 3, Round 85] Progress: 3% (10/286) - Loss: 0.0936
[Client 3, Round 85] Progress: 4% (12/286) - Loss: 0.1205
[Client 3, Round 85] Progress: 4% (14/286) - Loss: 0.4587
[Client 3, Round 85] Progress: 5% (16/286) - Loss: 0.0653
[Client 3, Round 85] Progress: 6% (18/286) - Loss: 0.1151
[Client 3, Round 85] Progress: 6% (20/286) - Loss: 0.1079
[Client 3, Round 85] Progress: 7% (22/286) - Loss: 0.2443
[Client 3, Round 85] Progress: 8% (24/286) - Loss: 0.1440
[Client 3, Round 85] Progress: 9% (26/286) - Loss: 0.1639
[Client 3, Round 85] Progress: 9% (28/286) - Loss: 0.1564
[Client 3, Round 85] Progress: 10% (30/286) - Loss: 0.1530
[Client 3, Round 85] Progress: 11% (32/286) - Loss: 0.0816
[Client 3, Round 85] Progress: 11% (34/286) - Loss: 0.0472
[Client 3, Round 85] Progress: 12% (36/286) - Loss: 0.3173
[Client 3, Round 85] Progress: 13% (38/286) - Loss: 0.1044
[Client 3, Round 85] Progress: 13% (40/286) - Loss: 0.1349
[Client 3, Round 85] Progress: 14% (42/286) - Loss: 0.1743
[Client 3, Round 85] Progress: 15% (44/286) - Loss: 0.0769
[Client 3, Round 85] Progress: 16% (46/286) - Loss: 0.1321
[Client 3, Round 85] Progress: 16% (48/286) - Loss: 0.0960
[Client 3, Round 85] Progress: 17% (50/286) - Loss: 0.0723
[Client 3, Round 85] Progress: 18% (52/286) - Loss: 0.0710
[Client 3, Round 85] Progress: 18% (54/286) - Loss: 0.3556
[Client 3, Round 85] Progress: 19% (56/286) - Loss: 0.4610
[Client 3, Round 85] Progress: 20% (58/286) - Loss: 0.0832
[Client 3, Round 85] Progress: 20% (60/286) - Loss: 0.1917
[Client 3, Round 85] Progress: 21% (62/286) - Loss: 0.1571
[Client 3, Round 85] Progress: 22% (64/286) - Loss: 0.0953
[Client 3, Round 85] Progress: 23% (66/286) - Loss: 0.1239
[Client 3, Round 85] Progress: 23% (68/286) - Loss: 0.2264
[Client 3, Round 85] Progress: 24% (70/286) - Loss: 0.1590
[Client 3, Round 85] Progress: 25% (72/286) - Loss: 0.1599
[Client 3, Round 85] Progress: 25% (74/286) - Loss: 0.1244
[Client 3, Round 85] Progress: 26% (76/286) - Loss: 0.1872
[Client 3, Round 85] Progress: 27% (78/286) - Loss: 0.4661
[Client 3, Round 85] Progress: 27% (80/286) - Loss: 0.1278
[Client 3, Round 85] Progress: 28% (82/286) - Loss: 0.0897
[Client 3, Round 85] Progress: 29% (84/286) - Loss: 0.1744
[Client 3, Round 85] Progress: 30% (86/286) - Loss: 0.0555
[Client 3, Round 85] Progress: 30% (88/286) - Loss: 0.1517
[Client 3, Round 85] Progress: 31% (90/286) - Loss: 0.0787
[Client 3, Round 85] Progress: 32% (92/286) - Loss: 0.3001
[Client 3, Round 85] Progress: 32% (94/286) - Loss: 0.0926
[Client 3, Round 85] Progress: 33% (96/286) - Loss: 0.3154
[Client 3, Round 85] Progress: 34% (98/286) - Loss: 0.3841
[Client 3, Round 85] Progress: 34% (100/286) - Loss: 0.0748
[Client 3, Round 85] Progress: 35% (102/286) - Loss: 0.2001
[Client 3, Round 85] Progress: 36% (104/286) - Loss: 0.1248
[Client 3, Round 85] Progress: 37% (106/286) - Loss: 0.2592
[Client 3, Round 85] Progress: 37% (108/286) - Loss: 0.0764
[Client 3, Round 85] Progress: 38% (110/286) - Loss: 0.1692
[Client 3, Round 85] Progress: 39% (112/286) - Loss: 0.0415
[Client 3, Round 85] Progress: 39% (114/286) - Loss: 0.4613
[Client 3, Round 85] Progress: 40% (116/286) - Loss: 0.1212
[Client 3, Round 85] Progress: 41% (118/286) - Loss: 0.1118
[Client 3, Round 85] Progress: 41% (120/286) - Loss: 0.0714
[Client 3, Round 85] Progress: 42% (122/286) - Loss: 0.1191
[Client 3, Round 85] Progress: 43% (124/286) - Loss: 0.0627
[Client 3, Round 85] Progress: 44% (126/286) - Loss: 0.0855
[Client 3, Round 85] Progress: 44% (128/286) - Loss: 0.4961
[Client 3, Round 85] Progress: 45% (130/286) - Loss: 0.0945
[Client 3, Round 85] Progress: 46% (132/286) - Loss: 0.0635
[Client 3, Round 85] Progress: 46% (134/286) - Loss: 0.4860
[Client 3, Round 85] Progress: 47% (136/286) - Loss: 0.1164
[Client 3, Round 85] Progress: 48% (138/286) - Loss: 0.0716
[Client 3, Round 85] Progress: 48% (140/286) - Loss: 0.0721
[Client 3, Round 85] Progress: 49% (142/286) - Loss: 0.5153
[Client 3, Round 85] Progress: 50% (144/286) - Loss: 0.1143
[Client 3, Round 85] Progress: 51% (146/286) - Loss: 0.1948
[Client 3, Round 85] Progress: 51% (148/286) - Loss: 0.5568
[Client 3, Round 85] Progress: 52% (150/286) - Loss: 0.1380
[Client 3, Round 85] Progress: 53% (152/286) - Loss: 0.2533
[Client 3, Round 85] Progress: 53% (154/286) - Loss: 0.1062
[Client 3, Round 85] Progress: 54% (156/286) - Loss: 0.1291
[Client 3, Round 85] Progress: 55% (158/286) - Loss: 0.4528
[Client 3, Round 85] Progress: 55% (160/286) - Loss: 0.2184
[Client 3, Round 85] Progress: 56% (162/286) - Loss: 0.1687
[Client 3, Round 85] Progress: 57% (164/286) - Loss: 0.1169
[Client 3, Round 85] Progress: 58% (166/286) - Loss: 0.0688
[Client 3, Round 85] Progress: 58% (168/286) - Loss: 0.1008
[Client 3, Round 85] Progress: 59% (170/286) - Loss: 0.1143
[Client 3, Round 85] Progress: 60% (172/286) - Loss: 0.2057
[Client 3, Round 85] Progress: 60% (174/286) - Loss: 0.0895
[Client 3, Round 85] Progress: 61% (176/286) - Loss: 0.1060
[Client 3, Round 85] Progress: 62% (178/286) - Loss: 0.1571
[Client 3, Round 85] Progress: 62% (180/286) - Loss: 0.1255
[Client 3, Round 85] Progress: 63% (182/286) - Loss: 0.1302
[Client 3, Round 85] Progress: 64% (184/286) - Loss: 0.1138
[Client 3, Round 85] Progress: 65% (186/286) - Loss: 0.4760
[Client 3, Round 85] Progress: 65% (188/286) - Loss: 0.1422
[Client 3, Round 85] Progress: 66% (190/286) - Loss: 0.1019
[Client 3, Round 85] Progress: 67% (192/286) - Loss: 0.2526
[Client 3, Round 85] Progress: 67% (194/286) - Loss: 0.1305
[Client 3, Round 85] Progress: 68% (196/286) - Loss: 0.5522
[Client 3, Round 85] Progress: 69% (198/286) - Loss: 0.0849
[Client 3, Round 85] Progress: 69% (200/286) - Loss: 0.1212
[Client 3, Round 85] Progress: 70% (202/286) - Loss: 0.1168
[Client 3, Round 85] Progress: 71% (204/286) - Loss: 0.1239
[Client 3, Round 85] Progress: 72% (206/286) - Loss: 0.1274
[Client 3, Round 85] Progress: 72% (208/286) - Loss: 0.1194
[Client 3, Round 85] Progress: 73% (210/286) - Loss: 0.0762
[Client 3, Round 85] Progress: 74% (212/286) - Loss: 0.1703
[Client 3, Round 85] Progress: 74% (214/286) - Loss: 0.4443
[Client 3, Round 85] Progress: 75% (216/286) - Loss: 0.1097
[Client 3, Round 85] Progress: 76% (218/286) - Loss: 0.0922
[Client 3, Round 85] Progress: 76% (220/286) - Loss: 0.2111
[Client 3, Round 85] Progress: 77% (222/286) - Loss: 0.1506
[Client 3, Round 85] Progress: 78% (224/286) - Loss: 0.2212
[Client 3, Round 85] Progress: 79% (226/286) - Loss: 0.1109
[Client 3, Round 85] Progress: 79% (228/286) - Loss: 0.1957
[Client 3, Round 85] Progress: 80% (230/286) - Loss: 0.1839
[Client 3, Round 85] Progress: 81% (232/286) - Loss: 0.1909
[Client 3, Round 85] Progress: 81% (234/286) - Loss: 0.4026
[Client 3, Round 85] Progress: 82% (236/286) - Loss: 0.0688
[Client 3, Round 85] Progress: 83% (238/286) - Loss: 0.5504
[Client 3, Round 85] Progress: 83% (240/286) - Loss: 0.4885
[Client 3, Round 85] Progress: 84% (242/286) - Loss: 0.1321
[Client 3, Round 85] Progress: 85% (244/286) - Loss: 0.0930
[Client 3, Round 85] Progress: 86% (246/286) - Loss: 0.1093
[Client 3, Round 85] Progress: 86% (248/286) - Loss: 0.3081
[Client 3, Round 85] Progress: 87% (250/286) - Loss: 0.0800
[Client 3, Round 85] Progress: 88% (252/286) - Loss: 0.1125
[Client 3, Round 85] Progress: 88% (254/286) - Loss: 0.0713
[Client 3, Round 85] Progress: 89% (256/286) - Loss: 0.1342
[Client 3, Round 85] Progress: 90% (258/286) - Loss: 0.0854
[Client 3, Round 85] Progress: 90% (260/286) - Loss: 0.4019
[Client 3, Round 85] Progress: 91% (262/286) - Loss: 0.1675
[Client 3, Round 85] Progress: 92% (264/286) - Loss: 0.1627
[Client 3, Round 85] Progress: 93% (266/286) - Loss: 0.1419
[Client 3, Round 85] Progress: 93% (268/286) - Loss: 0.1070
[Client 3, Round 85] Progress: 94% (270/286) - Loss: 0.4197
[Client 3, Round 85] Progress: 95% (272/286) - Loss: 0.0740
[Client 3, Round 85] Progress: 95% (274/286) - Loss: 0.4502
[Client 3, Round 85] Progress: 96% (276/286) - Loss: 0.1222
[Client 3, Round 85] Progress: 97% (278/286) - Loss: 0.5493
[Client 3, Round 85] Progress: 97% (280/286) - Loss: 0.2513
[Client 3, Round 85] Progress: 98% (282/286) - Loss: 0.0724
[Client 3, Round 85] Progress: 99% (284/286) - Loss: 0.1231
[Client 3, Round 85] Progress: 100% (286/286) - Loss: 0.1184
[Client 3, Round 85] Train Loss: 0.1888
[Client 3, Round 85] Val Loss: 0.1652 | Val Dice: 0.8499
[Client 3, Round 86] Progress: 0% (2/286) - Loss: 0.4268
[Client 3, Round 86] Progress: 1% (4/286) - Loss: 0.2700
[Client 3, Round 86] Progress: 2% (6/286) - Loss: 0.4445
[Client 3, Round 86] Progress: 2% (8/286) - Loss: 0.2214
[Client 3, Round 86] Progress: 3% (10/286) - Loss: 0.2691
[Client 3, Round 86] Progress: 4% (12/286) - Loss: 0.0895
[Client 3, Round 86] Progress: 4% (14/286) - Loss: 0.1397
[Client 3, Round 86] Progress: 5% (16/286) - Loss: 0.1076
[Client 3, Round 86] Progress: 6% (18/286) - Loss: 0.1432
[Client 3, Round 86] Progress: 6% (20/286) - Loss: 0.1680
[Client 3, Round 86] Progress: 7% (22/286) - Loss: 0.1696
[Client 3, Round 86] Progress: 8% (24/286) - Loss: 0.1851
[Client 3, Round 86] Progress: 9% (26/286) - Loss: 0.1491
[Client 3, Round 86] Progress: 9% (28/286) - Loss: 0.3750
[Client 3, Round 86] Progress: 10% (30/286) - Loss: 0.2393
[Client 3, Round 86] Progress: 11% (32/286) - Loss: 0.2062
[Client 3, Round 86] Progress: 11% (34/286) - Loss: 0.2072
[Client 3, Round 86] Progress: 12% (36/286) - Loss: 0.1140
[Client 3, Round 86] Progress: 13% (38/286) - Loss: 0.0674
[Client 3, Round 86] Progress: 13% (40/286) - Loss: 0.3202
[Client 3, Round 86] Progress: 14% (42/286) - Loss: 0.2118
[Client 3, Round 86] Progress: 15% (44/286) - Loss: 0.1000
[Client 3, Round 86] Progress: 16% (46/286) - Loss: 0.1986
[Client 3, Round 86] Progress: 16% (48/286) - Loss: 0.0649
[Client 3, Round 86] Progress: 17% (50/286) - Loss: 0.1994
[Client 3, Round 86] Progress: 18% (52/286) - Loss: 0.1021
[Client 3, Round 86] Progress: 18% (54/286) - Loss: 0.1597
[Client 3, Round 86] Progress: 19% (56/286) - Loss: 0.0736
[Client 3, Round 86] Progress: 20% (58/286) - Loss: 0.1734
[Client 3, Round 86] Progress: 20% (60/286) - Loss: 0.1099
[Client 3, Round 86] Progress: 21% (62/286) - Loss: 0.0923
[Client 3, Round 86] Progress: 22% (64/286) - Loss: 0.1406
[Client 3, Round 86] Progress: 23% (66/286) - Loss: 0.0970
[Client 3, Round 86] Progress: 23% (68/286) - Loss: 0.0626
[Client 3, Round 86] Progress: 24% (70/286) - Loss: 0.0757
[Client 3, Round 86] Progress: 25% (72/286) - Loss: 0.1301
[Client 3, Round 86] Progress: 25% (74/286) - Loss: 0.4516
[Client 3, Round 86] Progress: 26% (76/286) - Loss: 0.1559
[Client 3, Round 86] Progress: 27% (78/286) - Loss: 0.4421
[Client 3, Round 86] Progress: 27% (80/286) - Loss: 0.1306
[Client 3, Round 86] Progress: 28% (82/286) - Loss: 0.1205
[Client 3, Round 86] Progress: 29% (84/286) - Loss: 0.0425
[Client 3, Round 86] Progress: 30% (86/286) - Loss: 0.0948
[Client 3, Round 86] Progress: 30% (88/286) - Loss: 0.4542
[Client 3, Round 86] Progress: 31% (90/286) - Loss: 0.1203
[Client 3, Round 86] Progress: 32% (92/286) - Loss: 0.1889
[Client 3, Round 86] Progress: 32% (94/286) - Loss: 0.1188
[Client 3, Round 86] Progress: 33% (96/286) - Loss: 0.1373
[Client 3, Round 86] Progress: 34% (98/286) - Loss: 0.1198
[Client 3, Round 86] Progress: 34% (100/286) - Loss: 0.1173
[Client 3, Round 86] Progress: 35% (102/286) - Loss: 0.1536
[Client 3, Round 86] Progress: 36% (104/286) - Loss: 0.0680
[Client 3, Round 86] Progress: 37% (106/286) - Loss: 0.0971
[Client 3, Round 86] Progress: 37% (108/286) - Loss: 0.0975
[Client 3, Round 86] Progress: 38% (110/286) - Loss: 0.0976
[Client 3, Round 86] Progress: 39% (112/286) - Loss: 0.1095
[Client 3, Round 86] Progress: 39% (114/286) - Loss: 0.4236
[Client 3, Round 86] Progress: 40% (116/286) - Loss: 0.1035
[Client 3, Round 86] Progress: 41% (118/286) - Loss: 0.5363
[Client 3, Round 86] Progress: 41% (120/286) - Loss: 0.1093
[Client 3, Round 86] Progress: 42% (122/286) - Loss: 0.4494
[Client 3, Round 86] Progress: 43% (124/286) - Loss: 0.1142
[Client 3, Round 86] Progress: 44% (126/286) - Loss: 0.4453
[Client 3, Round 86] Progress: 44% (128/286) - Loss: 0.1423
[Client 3, Round 86] Progress: 45% (130/286) - Loss: 0.3737
[Client 3, Round 86] Progress: 46% (132/286) - Loss: 0.1614
[Client 3, Round 86] Progress: 46% (134/286) - Loss: 0.1030
[Client 3, Round 86] Progress: 47% (136/286) - Loss: 0.4789
[Client 3, Round 86] Progress: 48% (138/286) - Loss: 0.1851
[Client 3, Round 86] Progress: 48% (140/286) - Loss: 0.1558
[Client 3, Round 86] Progress: 49% (142/286) - Loss: 0.3406
[Client 3, Round 86] Progress: 50% (144/286) - Loss: 0.1186
[Client 3, Round 86] Progress: 51% (146/286) - Loss: 0.0868
[Client 3, Round 86] Progress: 51% (148/286) - Loss: 0.0627
[Client 3, Round 86] Progress: 52% (150/286) - Loss: 0.1044
[Client 3, Round 86] Progress: 53% (152/286) - Loss: 0.4037
[Client 3, Round 86] Progress: 53% (154/286) - Loss: 0.1164
[Client 3, Round 86] Progress: 54% (156/286) - Loss: 0.2658
[Client 3, Round 86] Progress: 55% (158/286) - Loss: 0.1322
[Client 3, Round 86] Progress: 55% (160/286) - Loss: 0.2173
[Client 3, Round 86] Progress: 56% (162/286) - Loss: 0.0581
[Client 3, Round 86] Progress: 57% (164/286) - Loss: 0.0599
[Client 3, Round 86] Progress: 58% (166/286) - Loss: 0.1556
[Client 3, Round 86] Progress: 58% (168/286) - Loss: 0.1094
[Client 3, Round 86] Progress: 59% (170/286) - Loss: 0.0729
[Client 3, Round 86] Progress: 60% (172/286) - Loss: 0.2052
[Client 3, Round 86] Progress: 60% (174/286) - Loss: 0.1186
[Client 3, Round 86] Progress: 61% (176/286) - Loss: 0.2243
[Client 3, Round 86] Progress: 62% (178/286) - Loss: 0.1317
[Client 3, Round 86] Progress: 62% (180/286) - Loss: 0.7426
[Client 3, Round 86] Progress: 63% (182/286) - Loss: 0.1015
[Client 3, Round 86] Progress: 64% (184/286) - Loss: 0.1956
[Client 3, Round 86] Progress: 65% (186/286) - Loss: 0.1411
[Client 3, Round 86] Progress: 65% (188/286) - Loss: 0.0759
[Client 3, Round 86] Progress: 66% (190/286) - Loss: 0.0856
[Client 3, Round 86] Progress: 67% (192/286) - Loss: 0.0457
[Client 3, Round 86] Progress: 67% (194/286) - Loss: 0.3025
[Client 3, Round 86] Progress: 68% (196/286) - Loss: 0.1211
[Client 3, Round 86] Progress: 69% (198/286) - Loss: 0.4849
[Client 3, Round 86] Progress: 69% (200/286) - Loss: 0.2068
[Client 3, Round 86] Progress: 70% (202/286) - Loss: 0.2605
[Client 3, Round 86] Progress: 71% (204/286) - Loss: 0.2259
[Client 3, Round 86] Progress: 72% (206/286) - Loss: 0.6925
[Client 3, Round 86] Progress: 72% (208/286) - Loss: 0.4907
[Client 3, Round 86] Progress: 73% (210/286) - Loss: 0.1361
[Client 3, Round 86] Progress: 74% (212/286) - Loss: 0.1008
[Client 3, Round 86] Progress: 74% (214/286) - Loss: 0.1496
[Client 3, Round 86] Progress: 75% (216/286) - Loss: 0.1962
[Client 3, Round 86] Progress: 76% (218/286) - Loss: 0.1784
[Client 3, Round 86] Progress: 76% (220/286) - Loss: 0.1611
[Client 3, Round 86] Progress: 77% (222/286) - Loss: 0.0936
[Client 3, Round 86] Progress: 78% (224/286) - Loss: 0.1719
[Client 3, Round 86] Progress: 79% (226/286) - Loss: 0.5359
[Client 3, Round 86] Progress: 79% (228/286) - Loss: 0.2395
[Client 3, Round 86] Progress: 80% (230/286) - Loss: 0.1306
[Client 3, Round 86] Progress: 81% (232/286) - Loss: 0.0448
[Client 3, Round 86] Progress: 81% (234/286) - Loss: 0.0571
[Client 3, Round 86] Progress: 82% (236/286) - Loss: 0.2488
[Client 3, Round 86] Progress: 83% (238/286) - Loss: 0.1100
[Client 3, Round 86] Progress: 83% (240/286) - Loss: 0.2123
[Client 3, Round 86] Progress: 84% (242/286) - Loss: 0.0779
[Client 3, Round 86] Progress: 85% (244/286) - Loss: 0.0652
[Client 3, Round 86] Progress: 86% (246/286) - Loss: 0.4324
[Client 3, Round 86] Progress: 86% (248/286) - Loss: 0.1303
[Client 3, Round 86] Progress: 87% (250/286) - Loss: 0.7280
[Client 3, Round 86] Progress: 88% (252/286) - Loss: 0.0753
[Client 3, Round 86] Progress: 88% (254/286) - Loss: 0.1575
[Client 3, Round 86] Progress: 89% (256/286) - Loss: 0.1672
[Client 3, Round 86] Progress: 90% (258/286) - Loss: 0.0861
[Client 3, Round 86] Progress: 90% (260/286) - Loss: 0.3466
[Client 3, Round 86] Progress: 91% (262/286) - Loss: 0.1809
[Client 3, Round 86] Progress: 92% (264/286) - Loss: 0.1212
[Client 3, Round 86] Progress: 93% (266/286) - Loss: 0.6007
[Client 3, Round 86] Progress: 93% (268/286) - Loss: 0.1782
[Client 3, Round 86] Progress: 94% (270/286) - Loss: 0.1591
[Client 3, Round 86] Progress: 95% (272/286) - Loss: 0.1983
[Client 3, Round 86] Progress: 95% (274/286) - Loss: 0.4407
[Client 3, Round 86] Progress: 96% (276/286) - Loss: 0.3282
[Client 3, Round 86] Progress: 97% (278/286) - Loss: 0.4392
[Client 3, Round 86] Progress: 97% (280/286) - Loss: 0.1768
[Client 3, Round 86] Progress: 98% (282/286) - Loss: 0.1807
[Client 3, Round 86] Progress: 99% (284/286) - Loss: 0.1793
[Client 3, Round 86] Progress: 100% (286/286) - Loss: 0.0909
[Client 3, Round 86] Train Loss: 0.1889
[Client 3, Round 86] Val Loss: 0.1550 | Val Dice: 0.8625
[Client 3, Round 87] Progress: 0% (2/286) - Loss: 0.1521
[Client 3, Round 87] Progress: 1% (4/286) - Loss: 0.0417
[Client 3, Round 87] Progress: 2% (6/286) - Loss: 0.1169
[Client 3, Round 87] Progress: 2% (8/286) - Loss: 0.0396
[Client 3, Round 87] Progress: 3% (10/286) - Loss: 0.1787
[Client 3, Round 87] Progress: 4% (12/286) - Loss: 0.2248
[Client 3, Round 87] Progress: 4% (14/286) - Loss: 0.0702
[Client 3, Round 87] Progress: 5% (16/286) - Loss: 0.0389
[Client 3, Round 87] Progress: 6% (18/286) - Loss: 0.5004
[Client 3, Round 87] Progress: 6% (20/286) - Loss: 0.4919
[Client 3, Round 87] Progress: 7% (22/286) - Loss: 0.1934
[Client 3, Round 87] Progress: 8% (24/286) - Loss: 0.3764
[Client 3, Round 87] Progress: 9% (26/286) - Loss: 0.0745
[Client 3, Round 87] Progress: 9% (28/286) - Loss: 0.6543
[Client 3, Round 87] Progress: 10% (30/286) - Loss: 0.2097
[Client 3, Round 87] Progress: 11% (32/286) - Loss: 0.1265
[Client 3, Round 87] Progress: 11% (34/286) - Loss: 0.1518
[Client 3, Round 87] Progress: 12% (36/286) - Loss: 0.1157
[Client 3, Round 87] Progress: 13% (38/286) - Loss: 0.1138
[Client 3, Round 87] Progress: 13% (40/286) - Loss: 0.4050
[Client 3, Round 87] Progress: 14% (42/286) - Loss: 0.1047
[Client 3, Round 87] Progress: 15% (44/286) - Loss: 0.2124
[Client 3, Round 87] Progress: 16% (46/286) - Loss: 0.0842
[Client 3, Round 87] Progress: 16% (48/286) - Loss: 0.0616
[Client 3, Round 87] Progress: 17% (50/286) - Loss: 0.2216
[Client 3, Round 87] Progress: 18% (52/286) - Loss: 0.0700
[Client 3, Round 87] Progress: 18% (54/286) - Loss: 0.1610
[Client 3, Round 87] Progress: 19% (56/286) - Loss: 0.0571
[Client 3, Round 87] Progress: 20% (58/286) - Loss: 0.1415
[Client 3, Round 87] Progress: 20% (60/286) - Loss: 0.1073
[Client 3, Round 87] Progress: 21% (62/286) - Loss: 0.2319
[Client 3, Round 87] Progress: 22% (64/286) - Loss: 0.0586
[Client 3, Round 87] Progress: 23% (66/286) - Loss: 0.0719
[Client 3, Round 87] Progress: 23% (68/286) - Loss: 0.4270
[Client 3, Round 87] Progress: 24% (70/286) - Loss: 0.3869
[Client 3, Round 87] Progress: 25% (72/286) - Loss: 0.0896
[Client 3, Round 87] Progress: 25% (74/286) - Loss: 0.1526
[Client 3, Round 87] Progress: 26% (76/286) - Loss: 0.1889
[Client 3, Round 87] Progress: 27% (78/286) - Loss: 0.3052
[Client 3, Round 87] Progress: 27% (80/286) - Loss: 0.0864
[Client 3, Round 87] Progress: 28% (82/286) - Loss: 0.1120
[Client 3, Round 87] Progress: 29% (84/286) - Loss: 0.1243
[Client 3, Round 87] Progress: 30% (86/286) - Loss: 0.3398
[Client 3, Round 87] Progress: 30% (88/286) - Loss: 0.1457
[Client 3, Round 87] Progress: 31% (90/286) - Loss: 0.1195
[Client 3, Round 87] Progress: 32% (92/286) - Loss: 0.0978
[Client 3, Round 87] Progress: 32% (94/286) - Loss: 0.1711
[Client 3, Round 87] Progress: 33% (96/286) - Loss: 0.0520
[Client 3, Round 87] Progress: 34% (98/286) - Loss: 0.2578
[Client 3, Round 87] Progress: 34% (100/286) - Loss: 0.0952
[Client 3, Round 87] Progress: 35% (102/286) - Loss: 0.0674
[Client 3, Round 87] Progress: 36% (104/286) - Loss: 0.1441
[Client 3, Round 87] Progress: 37% (106/286) - Loss: 0.2631
[Client 3, Round 87] Progress: 37% (108/286) - Loss: 0.2263
[Client 3, Round 87] Progress: 38% (110/286) - Loss: 0.1107
[Client 3, Round 87] Progress: 39% (112/286) - Loss: 0.1653
[Client 3, Round 87] Progress: 39% (114/286) - Loss: 0.1875
[Client 3, Round 87] Progress: 40% (116/286) - Loss: 0.4689
[Client 3, Round 87] Progress: 41% (118/286) - Loss: 0.2554
[Client 3, Round 87] Progress: 41% (120/286) - Loss: 0.1448
[Client 3, Round 87] Progress: 42% (122/286) - Loss: 0.1581
[Client 3, Round 87] Progress: 43% (124/286) - Loss: 0.2076
[Client 3, Round 87] Progress: 44% (126/286) - Loss: 0.1011
[Client 3, Round 87] Progress: 44% (128/286) - Loss: 0.0499
[Client 3, Round 87] Progress: 45% (130/286) - Loss: 0.1746
[Client 3, Round 87] Progress: 46% (132/286) - Loss: 0.1657
[Client 3, Round 87] Progress: 46% (134/286) - Loss: 0.1226
[Client 3, Round 87] Progress: 47% (136/286) - Loss: 0.1238
[Client 3, Round 87] Progress: 48% (138/286) - Loss: 0.3802
[Client 3, Round 87] Progress: 48% (140/286) - Loss: 0.4745
[Client 3, Round 87] Progress: 49% (142/286) - Loss: 0.4377
[Client 3, Round 87] Progress: 50% (144/286) - Loss: 0.0950
[Client 3, Round 87] Progress: 51% (146/286) - Loss: 0.1437
[Client 3, Round 87] Progress: 51% (148/286) - Loss: 0.6941
[Client 3, Round 87] Progress: 52% (150/286) - Loss: 0.1250
[Client 3, Round 87] Progress: 53% (152/286) - Loss: 0.1445
[Client 3, Round 87] Progress: 53% (154/286) - Loss: 0.2914
[Client 3, Round 87] Progress: 54% (156/286) - Loss: 0.1038
[Client 3, Round 87] Progress: 55% (158/286) - Loss: 0.1782
[Client 3, Round 87] Progress: 55% (160/286) - Loss: 0.1603
[Client 3, Round 87] Progress: 56% (162/286) - Loss: 0.0537
[Client 3, Round 87] Progress: 57% (164/286) - Loss: 0.2311
[Client 3, Round 87] Progress: 58% (166/286) - Loss: 0.1432
[Client 3, Round 87] Progress: 58% (168/286) - Loss: 0.1225
[Client 3, Round 87] Progress: 59% (170/286) - Loss: 0.1011
[Client 3, Round 87] Progress: 60% (172/286) - Loss: 0.0954
[Client 3, Round 87] Progress: 60% (174/286) - Loss: 0.0822
[Client 3, Round 87] Progress: 61% (176/286) - Loss: 0.2641
[Client 3, Round 87] Progress: 62% (178/286) - Loss: 0.2478
[Client 3, Round 87] Progress: 62% (180/286) - Loss: 0.4524
[Client 3, Round 87] Progress: 63% (182/286) - Loss: 0.0827
[Client 3, Round 87] Progress: 64% (184/286) - Loss: 0.3296
[Client 3, Round 87] Progress: 65% (186/286) - Loss: 0.0847
[Client 3, Round 87] Progress: 65% (188/286) - Loss: 0.0912
[Client 3, Round 87] Progress: 66% (190/286) - Loss: 0.1009
[Client 3, Round 87] Progress: 67% (192/286) - Loss: 0.1085
[Client 3, Round 87] Progress: 67% (194/286) - Loss: 0.1642
[Client 3, Round 87] Progress: 68% (196/286) - Loss: 0.6389
[Client 3, Round 87] Progress: 69% (198/286) - Loss: 0.1654
[Client 3, Round 87] Progress: 69% (200/286) - Loss: 0.6791
[Client 3, Round 87] Progress: 70% (202/286) - Loss: 0.2847
[Client 3, Round 87] Progress: 71% (204/286) - Loss: 0.1024
[Client 3, Round 87] Progress: 72% (206/286) - Loss: 0.1267
[Client 3, Round 87] Progress: 72% (208/286) - Loss: 0.1038
[Client 3, Round 87] Progress: 73% (210/286) - Loss: 0.2039
[Client 3, Round 87] Progress: 74% (212/286) - Loss: 0.1375
[Client 3, Round 87] Progress: 74% (214/286) - Loss: 0.1948
[Client 3, Round 87] Progress: 75% (216/286) - Loss: 0.1338
[Client 3, Round 87] Progress: 76% (218/286) - Loss: 0.4160
[Client 3, Round 87] Progress: 76% (220/286) - Loss: 0.0432
[Client 3, Round 87] Progress: 77% (222/286) - Loss: 0.1201
[Client 3, Round 87] Progress: 78% (224/286) - Loss: 0.1554
[Client 3, Round 87] Progress: 79% (226/286) - Loss: 0.1872
[Client 3, Round 87] Progress: 79% (228/286) - Loss: 0.1164
[Client 3, Round 87] Progress: 80% (230/286) - Loss: 0.0756
[Client 3, Round 87] Progress: 81% (232/286) - Loss: 0.1377
[Client 3, Round 87] Progress: 81% (234/286) - Loss: 0.1889
[Client 3, Round 87] Progress: 82% (236/286) - Loss: 0.5095
[Client 3, Round 87] Progress: 83% (238/286) - Loss: 0.1783
[Client 3, Round 87] Progress: 83% (240/286) - Loss: 0.2311
[Client 3, Round 87] Progress: 84% (242/286) - Loss: 0.1702
[Client 3, Round 87] Progress: 85% (244/286) - Loss: 0.1483
[Client 3, Round 87] Progress: 86% (246/286) - Loss: 0.1635
[Client 3, Round 87] Progress: 86% (248/286) - Loss: 0.0801
[Client 3, Round 87] Progress: 87% (250/286) - Loss: 0.4789
[Client 3, Round 87] Progress: 88% (252/286) - Loss: 0.4242
[Client 3, Round 87] Progress: 88% (254/286) - Loss: 0.3073
[Client 3, Round 87] Progress: 89% (256/286) - Loss: 0.1243
[Client 3, Round 87] Progress: 90% (258/286) - Loss: 0.1199
[Client 3, Round 87] Progress: 90% (260/286) - Loss: 0.1748
[Client 3, Round 87] Progress: 91% (262/286) - Loss: 0.1018
[Client 3, Round 87] Progress: 92% (264/286) - Loss: 0.0770
[Client 3, Round 87] Progress: 93% (266/286) - Loss: 0.0402
[Client 3, Round 87] Progress: 93% (268/286) - Loss: 0.4310
[Client 3, Round 87] Progress: 94% (270/286) - Loss: 0.0627
[Client 3, Round 87] Progress: 95% (272/286) - Loss: 0.1296
[Client 3, Round 87] Progress: 95% (274/286) - Loss: 0.0884
[Client 3, Round 87] Progress: 96% (276/286) - Loss: 0.0673
[Client 3, Round 87] Progress: 97% (278/286) - Loss: 0.2973
[Client 3, Round 87] Progress: 97% (280/286) - Loss: 0.1199
[Client 3, Round 87] Progress: 98% (282/286) - Loss: 0.0847
[Client 3, Round 87] Progress: 99% (284/286) - Loss: 0.1005
[Client 3, Round 87] Progress: 100% (286/286) - Loss: 0.1092
[Client 3, Round 87] Train Loss: 0.1942
[Client 3, Round 87] Val Loss: 0.1639 | Val Dice: 0.8521
[Client 3, Round 88] Progress: 0% (2/286) - Loss: 0.1604
[Client 3, Round 88] Progress: 1% (4/286) - Loss: 0.1855
[Client 3, Round 88] Progress: 2% (6/286) - Loss: 0.1203
[Client 3, Round 88] Progress: 2% (8/286) - Loss: 0.1182
[Client 3, Round 88] Progress: 3% (10/286) - Loss: 0.0853
[Client 3, Round 88] Progress: 4% (12/286) - Loss: 0.1044
[Client 3, Round 88] Progress: 4% (14/286) - Loss: 0.0865
[Client 3, Round 88] Progress: 5% (16/286) - Loss: 0.0637
[Client 3, Round 88] Progress: 6% (18/286) - Loss: 0.1331
[Client 3, Round 88] Progress: 6% (20/286) - Loss: 0.0989
[Client 3, Round 88] Progress: 7% (22/286) - Loss: 0.3293
[Client 3, Round 88] Progress: 8% (24/286) - Loss: 0.0688
[Client 3, Round 88] Progress: 9% (26/286) - Loss: 0.1793
[Client 3, Round 88] Progress: 9% (28/286) - Loss: 0.4122
[Client 3, Round 88] Progress: 10% (30/286) - Loss: 0.2720
[Client 3, Round 88] Progress: 11% (32/286) - Loss: 0.6732
[Client 3, Round 88] Progress: 11% (34/286) - Loss: 0.1407
[Client 3, Round 88] Progress: 12% (36/286) - Loss: 0.2994
[Client 3, Round 88] Progress: 13% (38/286) - Loss: 0.2880
[Client 3, Round 88] Progress: 13% (40/286) - Loss: 0.0550
[Client 3, Round 88] Progress: 14% (42/286) - Loss: 0.1448
[Client 3, Round 88] Progress: 15% (44/286) - Loss: 0.2240
[Client 3, Round 88] Progress: 16% (46/286) - Loss: 0.6036
[Client 3, Round 88] Progress: 16% (48/286) - Loss: 0.1063
[Client 3, Round 88] Progress: 17% (50/286) - Loss: 0.1807
[Client 3, Round 88] Progress: 18% (52/286) - Loss: 0.1545
[Client 3, Round 88] Progress: 18% (54/286) - Loss: 0.1264
[Client 3, Round 88] Progress: 19% (56/286) - Loss: 0.0518
[Client 3, Round 88] Progress: 20% (58/286) - Loss: 0.6084
[Client 3, Round 88] Progress: 20% (60/286) - Loss: 0.1907
[Client 3, Round 88] Progress: 21% (62/286) - Loss: 0.0671
[Client 3, Round 88] Progress: 22% (64/286) - Loss: 0.2193
[Client 3, Round 88] Progress: 23% (66/286) - Loss: 0.1707
[Client 3, Round 88] Progress: 23% (68/286) - Loss: 0.2118
[Client 3, Round 88] Progress: 24% (70/286) - Loss: 0.4205
[Client 3, Round 88] Progress: 25% (72/286) - Loss: 0.1329
[Client 3, Round 88] Progress: 25% (74/286) - Loss: 0.1663
[Client 3, Round 88] Progress: 26% (76/286) - Loss: 0.0463
[Client 3, Round 88] Progress: 27% (78/286) - Loss: 0.0638
[Client 3, Round 88] Progress: 27% (80/286) - Loss: 0.1059
[Client 3, Round 88] Progress: 28% (82/286) - Loss: 0.4299
[Client 3, Round 88] Progress: 29% (84/286) - Loss: 0.2244
[Client 3, Round 88] Progress: 30% (86/286) - Loss: 0.0996
[Client 3, Round 88] Progress: 30% (88/286) - Loss: 0.0813
[Client 3, Round 88] Progress: 31% (90/286) - Loss: 0.1245
[Client 3, Round 88] Progress: 32% (92/286) - Loss: 0.2242
[Client 3, Round 88] Progress: 32% (94/286) - Loss: 0.1353
[Client 3, Round 88] Progress: 33% (96/286) - Loss: 0.2136
[Client 3, Round 88] Progress: 34% (98/286) - Loss: 0.1397
[Client 3, Round 88] Progress: 34% (100/286) - Loss: 0.0959
[Client 3, Round 88] Progress: 35% (102/286) - Loss: 0.1390
[Client 3, Round 88] Progress: 36% (104/286) - Loss: 0.4910
[Client 3, Round 88] Progress: 37% (106/286) - Loss: 0.2255
[Client 3, Round 88] Progress: 37% (108/286) - Loss: 0.0724
[Client 3, Round 88] Progress: 38% (110/286) - Loss: 0.4101
[Client 3, Round 88] Progress: 39% (112/286) - Loss: 0.1509
[Client 3, Round 88] Progress: 39% (114/286) - Loss: 0.1351
[Client 3, Round 88] Progress: 40% (116/286) - Loss: 0.3624
[Client 3, Round 88] Progress: 41% (118/286) - Loss: 0.2972
[Client 3, Round 88] Progress: 41% (120/286) - Loss: 0.1004
[Client 3, Round 88] Progress: 42% (122/286) - Loss: 0.0816
[Client 3, Round 88] Progress: 43% (124/286) - Loss: 0.0998
[Client 3, Round 88] Progress: 44% (126/286) - Loss: 0.4371
[Client 3, Round 88] Progress: 44% (128/286) - Loss: 0.0928
[Client 3, Round 88] Progress: 45% (130/286) - Loss: 0.0774
[Client 3, Round 88] Progress: 46% (132/286) - Loss: 0.4698
[Client 3, Round 88] Progress: 46% (134/286) - Loss: 0.6548
[Client 3, Round 88] Progress: 47% (136/286) - Loss: 0.1795
[Client 3, Round 88] Progress: 48% (138/286) - Loss: 0.6452
[Client 3, Round 88] Progress: 48% (140/286) - Loss: 0.0649
[Client 3, Round 88] Progress: 49% (142/286) - Loss: 0.4023
[Client 3, Round 88] Progress: 50% (144/286) - Loss: 0.2351
[Client 3, Round 88] Progress: 51% (146/286) - Loss: 0.1065
[Client 3, Round 88] Progress: 51% (148/286) - Loss: 0.0952
[Client 3, Round 88] Progress: 52% (150/286) - Loss: 0.2021
[Client 3, Round 88] Progress: 53% (152/286) - Loss: 0.1296
[Client 3, Round 88] Progress: 53% (154/286) - Loss: 0.1833
[Client 3, Round 88] Progress: 54% (156/286) - Loss: 0.1004
[Client 3, Round 88] Progress: 55% (158/286) - Loss: 0.1201
[Client 3, Round 88] Progress: 55% (160/286) - Loss: 0.4452
[Client 3, Round 88] Progress: 56% (162/286) - Loss: 0.1896
[Client 3, Round 88] Progress: 57% (164/286) - Loss: 0.1079
[Client 3, Round 88] Progress: 58% (166/286) - Loss: 0.6160
[Client 3, Round 88] Progress: 58% (168/286) - Loss: 0.1216
[Client 3, Round 88] Progress: 59% (170/286) - Loss: 0.1076
[Client 3, Round 88] Progress: 60% (172/286) - Loss: 0.1265
[Client 3, Round 88] Progress: 60% (174/286) - Loss: 0.2272
[Client 3, Round 88] Progress: 61% (176/286) - Loss: 0.0905
[Client 3, Round 88] Progress: 62% (178/286) - Loss: 0.2345
[Client 3, Round 88] Progress: 62% (180/286) - Loss: 0.1316
[Client 3, Round 88] Progress: 63% (182/286) - Loss: 0.1065
[Client 3, Round 88] Progress: 64% (184/286) - Loss: 0.0492
[Client 3, Round 88] Progress: 65% (186/286) - Loss: 0.1171
[Client 3, Round 88] Progress: 65% (188/286) - Loss: 0.2073
[Client 3, Round 88] Progress: 66% (190/286) - Loss: 0.0760
[Client 3, Round 88] Progress: 67% (192/286) - Loss: 0.0605
[Client 3, Round 88] Progress: 67% (194/286) - Loss: 0.5153
[Client 3, Round 88] Progress: 68% (196/286) - Loss: 0.1594
[Client 3, Round 88] Progress: 69% (198/286) - Loss: 0.1159
[Client 3, Round 88] Progress: 69% (200/286) - Loss: 0.1483
[Client 3, Round 88] Progress: 70% (202/286) - Loss: 0.2952
[Client 3, Round 88] Progress: 71% (204/286) - Loss: 0.1155
[Client 3, Round 88] Progress: 72% (206/286) - Loss: 0.4912
[Client 3, Round 88] Progress: 72% (208/286) - Loss: 0.1551
[Client 3, Round 88] Progress: 73% (210/286) - Loss: 0.0628
[Client 3, Round 88] Progress: 74% (212/286) - Loss: 0.4302
[Client 3, Round 88] Progress: 74% (214/286) - Loss: 0.1186
[Client 3, Round 88] Progress: 75% (216/286) - Loss: 0.1505
[Client 3, Round 88] Progress: 76% (218/286) - Loss: 0.0578
[Client 3, Round 88] Progress: 76% (220/286) - Loss: 0.1987
[Client 3, Round 88] Progress: 77% (222/286) - Loss: 0.1672
[Client 3, Round 88] Progress: 78% (224/286) - Loss: 0.1201
[Client 3, Round 88] Progress: 79% (226/286) - Loss: 0.2596
[Client 3, Round 88] Progress: 79% (228/286) - Loss: 0.6910
[Client 3, Round 88] Progress: 80% (230/286) - Loss: 0.1295
[Client 3, Round 88] Progress: 81% (232/286) - Loss: 0.0787
[Client 3, Round 88] Progress: 81% (234/286) - Loss: 0.2075
[Client 3, Round 88] Progress: 82% (236/286) - Loss: 0.1543
[Client 3, Round 88] Progress: 83% (238/286) - Loss: 0.2073
[Client 3, Round 88] Progress: 83% (240/286) - Loss: 0.0754
[Client 3, Round 88] Progress: 84% (242/286) - Loss: 0.0875
[Client 3, Round 88] Progress: 85% (244/286) - Loss: 0.0966
[Client 3, Round 88] Progress: 86% (246/286) - Loss: 0.1234
[Client 3, Round 88] Progress: 86% (248/286) - Loss: 0.1857
[Client 3, Round 88] Progress: 87% (250/286) - Loss: 0.1551
[Client 3, Round 88] Progress: 88% (252/286) - Loss: 0.0734
[Client 3, Round 88] Progress: 88% (254/286) - Loss: 0.4422
[Client 3, Round 88] Progress: 89% (256/286) - Loss: 0.1130
[Client 3, Round 88] Progress: 90% (258/286) - Loss: 0.2190
[Client 3, Round 88] Progress: 90% (260/286) - Loss: 0.1187
[Client 3, Round 88] Progress: 91% (262/286) - Loss: 0.2216
[Client 3, Round 88] Progress: 92% (264/286) - Loss: 0.1198
[Client 3, Round 88] Progress: 93% (266/286) - Loss: 0.0936
[Client 3, Round 88] Progress: 93% (268/286) - Loss: 0.1111
[Client 3, Round 88] Progress: 94% (270/286) - Loss: 0.1510
[Client 3, Round 88] Progress: 95% (272/286) - Loss: 0.1637
[Client 3, Round 88] Progress: 95% (274/286) - Loss: 0.0753
[Client 3, Round 88] Progress: 96% (276/286) - Loss: 0.2413
[Client 3, Round 88] Progress: 97% (278/286) - Loss: 0.1500
[Client 3, Round 88] Progress: 97% (280/286) - Loss: 0.4060
[Client 3, Round 88] Progress: 98% (282/286) - Loss: 0.1003
[Client 3, Round 88] Progress: 99% (284/286) - Loss: 0.0887
[Client 3, Round 88] Progress: 100% (286/286) - Loss: 0.3195
[Client 3, Round 88] Train Loss: 0.1967
[Client 3, Round 88] Val Loss: 0.1602 | Val Dice: 0.8534
[Client 3, Round 89] Progress: 0% (2/286) - Loss: 0.0570
[Client 3, Round 89] Progress: 1% (4/286) - Loss: 0.1926
[Client 3, Round 89] Progress: 2% (6/286) - Loss: 0.5021
[Client 3, Round 89] Progress: 2% (8/286) - Loss: 0.1163
[Client 3, Round 89] Progress: 3% (10/286) - Loss: 0.2187
[Client 3, Round 89] Progress: 4% (12/286) - Loss: 0.1227
[Client 3, Round 89] Progress: 4% (14/286) - Loss: 0.3875
[Client 3, Round 89] Progress: 5% (16/286) - Loss: 0.1061
[Client 3, Round 89] Progress: 6% (18/286) - Loss: 0.4314
[Client 3, Round 89] Progress: 6% (20/286) - Loss: 0.0978
[Client 3, Round 89] Progress: 7% (22/286) - Loss: 0.1390
[Client 3, Round 89] Progress: 8% (24/286) - Loss: 0.3970
[Client 3, Round 89] Progress: 9% (26/286) - Loss: 0.1520
[Client 3, Round 89] Progress: 9% (28/286) - Loss: 0.1965
[Client 3, Round 89] Progress: 10% (30/286) - Loss: 0.0902
[Client 3, Round 89] Progress: 11% (32/286) - Loss: 0.1037
[Client 3, Round 89] Progress: 11% (34/286) - Loss: 0.0976
[Client 3, Round 89] Progress: 12% (36/286) - Loss: 0.1419
[Client 3, Round 89] Progress: 13% (38/286) - Loss: 0.1093
[Client 3, Round 89] Progress: 13% (40/286) - Loss: 0.1362
[Client 3, Round 89] Progress: 14% (42/286) - Loss: 0.2285
[Client 3, Round 89] Progress: 15% (44/286) - Loss: 0.0632
[Client 3, Round 89] Progress: 16% (46/286) - Loss: 0.0831
[Client 3, Round 89] Progress: 16% (48/286) - Loss: 0.1743
[Client 3, Round 89] Progress: 17% (50/286) - Loss: 0.1106
[Client 3, Round 89] Progress: 18% (52/286) - Loss: 0.2159
[Client 3, Round 89] Progress: 18% (54/286) - Loss: 0.1366
[Client 3, Round 89] Progress: 19% (56/286) - Loss: 0.0879
[Client 3, Round 89] Progress: 20% (58/286) - Loss: 0.1006
[Client 3, Round 89] Progress: 20% (60/286) - Loss: 0.4317
[Client 3, Round 89] Progress: 21% (62/286) - Loss: 0.1066
[Client 3, Round 89] Progress: 22% (64/286) - Loss: 0.0842
[Client 3, Round 89] Progress: 23% (66/286) - Loss: 0.0937
[Client 3, Round 89] Progress: 23% (68/286) - Loss: 0.0850
[Client 3, Round 89] Progress: 24% (70/286) - Loss: 0.1734
[Client 3, Round 89] Progress: 25% (72/286) - Loss: 0.1072
[Client 3, Round 89] Progress: 25% (74/286) - Loss: 0.0871
[Client 3, Round 89] Progress: 26% (76/286) - Loss: 0.1108
[Client 3, Round 89] Progress: 27% (78/286) - Loss: 0.0707
[Client 3, Round 89] Progress: 27% (80/286) - Loss: 0.2957
[Client 3, Round 89] Progress: 28% (82/286) - Loss: 0.4489
[Client 3, Round 89] Progress: 29% (84/286) - Loss: 0.1931
[Client 3, Round 89] Progress: 30% (86/286) - Loss: 0.4013
[Client 3, Round 89] Progress: 30% (88/286) - Loss: 0.1931
[Client 3, Round 89] Progress: 31% (90/286) - Loss: 0.1362
[Client 3, Round 89] Progress: 32% (92/286) - Loss: 0.1206
[Client 3, Round 89] Progress: 32% (94/286) - Loss: 0.1206
[Client 3, Round 89] Progress: 33% (96/286) - Loss: 0.1733
[Client 3, Round 89] Progress: 34% (98/286) - Loss: 0.0677
[Client 3, Round 89] Progress: 34% (100/286) - Loss: 0.1606
[Client 3, Round 89] Progress: 35% (102/286) - Loss: 0.0592
[Client 3, Round 89] Progress: 36% (104/286) - Loss: 0.2025
[Client 3, Round 89] Progress: 37% (106/286) - Loss: 0.0993
[Client 3, Round 89] Progress: 37% (108/286) - Loss: 0.1488
[Client 3, Round 89] Progress: 38% (110/286) - Loss: 0.1373
[Client 3, Round 89] Progress: 39% (112/286) - Loss: 0.2852
[Client 3, Round 89] Progress: 39% (114/286) - Loss: 0.2571
[Client 3, Round 89] Progress: 40% (116/286) - Loss: 0.6158
[Client 3, Round 89] Progress: 41% (118/286) - Loss: 0.1204
[Client 3, Round 89] Progress: 41% (120/286) - Loss: 0.1663
[Client 3, Round 89] Progress: 42% (122/286) - Loss: 0.1752
[Client 3, Round 89] Progress: 43% (124/286) - Loss: 0.1237
[Client 3, Round 89] Progress: 44% (126/286) - Loss: 0.1097
[Client 3, Round 89] Progress: 44% (128/286) - Loss: 0.2877
[Client 3, Round 89] Progress: 45% (130/286) - Loss: 0.4530
[Client 3, Round 89] Progress: 46% (132/286) - Loss: 0.3394
[Client 3, Round 89] Progress: 46% (134/286) - Loss: 0.2356
[Client 3, Round 89] Progress: 47% (136/286) - Loss: 0.1407
[Client 3, Round 89] Progress: 48% (138/286) - Loss: 0.0787
[Client 3, Round 89] Progress: 48% (140/286) - Loss: 0.1207
[Client 3, Round 89] Progress: 49% (142/286) - Loss: 0.1328
[Client 3, Round 89] Progress: 50% (144/286) - Loss: 0.1307
[Client 3, Round 89] Progress: 51% (146/286) - Loss: 0.1647
[Client 3, Round 89] Progress: 51% (148/286) - Loss: 0.3021
[Client 3, Round 89] Progress: 52% (150/286) - Loss: 0.0790
[Client 3, Round 89] Progress: 53% (152/286) - Loss: 0.3781
[Client 3, Round 89] Progress: 53% (154/286) - Loss: 0.1492
[Client 3, Round 89] Progress: 54% (156/286) - Loss: 0.0556
[Client 3, Round 89] Progress: 55% (158/286) - Loss: 0.1670
[Client 3, Round 89] Progress: 55% (160/286) - Loss: 0.1138
[Client 3, Round 89] Progress: 56% (162/286) - Loss: 0.4489
[Client 3, Round 89] Progress: 57% (164/286) - Loss: 0.1468
[Client 3, Round 89] Progress: 58% (166/286) - Loss: 0.0815
[Client 3, Round 89] Progress: 58% (168/286) - Loss: 0.1998
[Client 3, Round 89] Progress: 59% (170/286) - Loss: 0.0395
[Client 3, Round 89] Progress: 60% (172/286) - Loss: 0.0717
[Client 3, Round 89] Progress: 60% (174/286) - Loss: 0.7671
[Client 3, Round 89] Progress: 61% (176/286) - Loss: 0.0978
[Client 3, Round 89] Progress: 62% (178/286) - Loss: 0.0927
[Client 3, Round 89] Progress: 62% (180/286) - Loss: 0.0954
[Client 3, Round 89] Progress: 63% (182/286) - Loss: 0.1849
[Client 3, Round 89] Progress: 64% (184/286) - Loss: 0.4577
[Client 3, Round 89] Progress: 65% (186/286) - Loss: 0.0875
[Client 3, Round 89] Progress: 65% (188/286) - Loss: 0.0918
[Client 3, Round 89] Progress: 66% (190/286) - Loss: 0.2581
[Client 3, Round 89] Progress: 67% (192/286) - Loss: 0.0832
[Client 3, Round 89] Progress: 67% (194/286) - Loss: 0.2203
[Client 3, Round 89] Progress: 68% (196/286) - Loss: 0.0660
[Client 3, Round 89] Progress: 69% (198/286) - Loss: 0.4435
[Client 3, Round 89] Progress: 69% (200/286) - Loss: 0.0739
[Client 3, Round 89] Progress: 70% (202/286) - Loss: 0.1333
[Client 3, Round 89] Progress: 71% (204/286) - Loss: 0.1274
[Client 3, Round 89] Progress: 72% (206/286) - Loss: 0.1611
[Client 3, Round 89] Progress: 72% (208/286) - Loss: 0.2682
[Client 3, Round 89] Progress: 73% (210/286) - Loss: 0.1552
[Client 3, Round 89] Progress: 74% (212/286) - Loss: 0.1766
[Client 3, Round 89] Progress: 74% (214/286) - Loss: 0.0594
[Client 3, Round 89] Progress: 75% (216/286) - Loss: 0.1712
[Client 3, Round 89] Progress: 76% (218/286) - Loss: 0.1352
[Client 3, Round 89] Progress: 76% (220/286) - Loss: 0.2699
[Client 3, Round 89] Progress: 77% (222/286) - Loss: 0.0440
[Client 3, Round 89] Progress: 78% (224/286) - Loss: 0.1171
[Client 3, Round 89] Progress: 79% (226/286) - Loss: 0.1911
[Client 3, Round 89] Progress: 79% (228/286) - Loss: 0.1491
[Client 3, Round 89] Progress: 80% (230/286) - Loss: 0.0643
[Client 3, Round 89] Progress: 81% (232/286) - Loss: 0.1667
[Client 3, Round 89] Progress: 81% (234/286) - Loss: 0.1956
[Client 3, Round 89] Progress: 82% (236/286) - Loss: 0.0747
[Client 3, Round 89] Progress: 83% (238/286) - Loss: 0.1189
[Client 3, Round 89] Progress: 83% (240/286) - Loss: 0.4373
[Client 3, Round 89] Progress: 84% (242/286) - Loss: 0.1770
[Client 3, Round 89] Progress: 85% (244/286) - Loss: 0.1008
[Client 3, Round 89] Progress: 86% (246/286) - Loss: 0.0729
[Client 3, Round 89] Progress: 86% (248/286) - Loss: 0.1163
[Client 3, Round 89] Progress: 87% (250/286) - Loss: 0.0906
[Client 3, Round 89] Progress: 88% (252/286) - Loss: 0.0604
[Client 3, Round 89] Progress: 88% (254/286) - Loss: 0.0948
[Client 3, Round 89] Progress: 89% (256/286) - Loss: 0.0909
[Client 3, Round 89] Progress: 90% (258/286) - Loss: 0.1031
[Client 3, Round 89] Progress: 90% (260/286) - Loss: 0.0899
[Client 3, Round 89] Progress: 91% (262/286) - Loss: 0.4758
[Client 3, Round 89] Progress: 92% (264/286) - Loss: 0.0934
[Client 3, Round 89] Progress: 93% (266/286) - Loss: 0.1114
[Client 3, Round 89] Progress: 93% (268/286) - Loss: 0.1671
[Client 3, Round 89] Progress: 94% (270/286) - Loss: 0.4456
[Client 3, Round 89] Progress: 95% (272/286) - Loss: 0.1053
[Client 3, Round 89] Progress: 95% (274/286) - Loss: 0.1289
[Client 3, Round 89] Progress: 96% (276/286) - Loss: 0.0973
[Client 3, Round 89] Progress: 97% (278/286) - Loss: 0.1030
[Client 3, Round 89] Progress: 97% (280/286) - Loss: 0.2211
[Client 3, Round 89] Progress: 98% (282/286) - Loss: 0.1693
[Client 3, Round 89] Progress: 99% (284/286) - Loss: 0.0669
[Client 3, Round 89] Progress: 100% (286/286) - Loss: 0.0912
[Client 3, Round 89] Train Loss: 0.1814
[Client 3, Round 89] Val Loss: 0.1598 | Val Dice: 0.8547
[Client 3, Round 90] Progress: 0% (2/286) - Loss: 0.2189
[Client 3, Round 90] Progress: 1% (4/286) - Loss: 0.4460
[Client 3, Round 90] Progress: 2% (6/286) - Loss: 0.4090
[Client 3, Round 90] Progress: 2% (8/286) - Loss: 0.1629
[Client 3, Round 90] Progress: 3% (10/286) - Loss: 0.1197
[Client 3, Round 90] Progress: 4% (12/286) - Loss: 0.2472
[Client 3, Round 90] Progress: 4% (14/286) - Loss: 0.1786
[Client 3, Round 90] Progress: 5% (16/286) - Loss: 0.0671
[Client 3, Round 90] Progress: 6% (18/286) - Loss: 0.1412
[Client 3, Round 90] Progress: 6% (20/286) - Loss: 0.1583
[Client 3, Round 90] Progress: 7% (22/286) - Loss: 0.1209
[Client 3, Round 90] Progress: 8% (24/286) - Loss: 0.0956
[Client 3, Round 90] Progress: 9% (26/286) - Loss: 0.1559
[Client 3, Round 90] Progress: 9% (28/286) - Loss: 0.1775
[Client 3, Round 90] Progress: 10% (30/286) - Loss: 0.1226
[Client 3, Round 90] Progress: 11% (32/286) - Loss: 0.1584
[Client 3, Round 90] Progress: 11% (34/286) - Loss: 0.7395
[Client 3, Round 90] Progress: 12% (36/286) - Loss: 0.1727
[Client 3, Round 90] Progress: 13% (38/286) - Loss: 0.1520
[Client 3, Round 90] Progress: 13% (40/286) - Loss: 0.1468
[Client 3, Round 90] Progress: 14% (42/286) - Loss: 0.0621
[Client 3, Round 90] Progress: 15% (44/286) - Loss: 0.1133
[Client 3, Round 90] Progress: 16% (46/286) - Loss: 0.4282
[Client 3, Round 90] Progress: 16% (48/286) - Loss: 0.2876
[Client 3, Round 90] Progress: 17% (50/286) - Loss: 0.1434
[Client 3, Round 90] Progress: 18% (52/286) - Loss: 0.1346
[Client 3, Round 90] Progress: 18% (54/286) - Loss: 0.0811
[Client 3, Round 90] Progress: 19% (56/286) - Loss: 0.0721
[Client 3, Round 90] Progress: 20% (58/286) - Loss: 0.0926
[Client 3, Round 90] Progress: 20% (60/286) - Loss: 0.1618
[Client 3, Round 90] Progress: 21% (62/286) - Loss: 0.0895
[Client 3, Round 90] Progress: 22% (64/286) - Loss: 0.0659
[Client 3, Round 90] Progress: 23% (66/286) - Loss: 0.1197
[Client 3, Round 90] Progress: 23% (68/286) - Loss: 0.1186
[Client 3, Round 90] Progress: 24% (70/286) - Loss: 0.0632
[Client 3, Round 90] Progress: 25% (72/286) - Loss: 0.1401
[Client 3, Round 90] Progress: 25% (74/286) - Loss: 0.0399
[Client 3, Round 90] Progress: 26% (76/286) - Loss: 0.1821
[Client 3, Round 90] Progress: 27% (78/286) - Loss: 0.0529
[Client 3, Round 90] Progress: 27% (80/286) - Loss: 0.1064
[Client 3, Round 90] Progress: 28% (82/286) - Loss: 0.0940
[Client 3, Round 90] Progress: 29% (84/286) - Loss: 0.0614
[Client 3, Round 90] Progress: 30% (86/286) - Loss: 0.1992
[Client 3, Round 90] Progress: 30% (88/286) - Loss: 0.1835
[Client 3, Round 90] Progress: 31% (90/286) - Loss: 0.1541
[Client 3, Round 90] Progress: 32% (92/286) - Loss: 0.0736
[Client 3, Round 90] Progress: 32% (94/286) - Loss: 0.4600
[Client 3, Round 90] Progress: 33% (96/286) - Loss: 0.1533
[Client 3, Round 90] Progress: 34% (98/286) - Loss: 0.2417
[Client 3, Round 90] Progress: 34% (100/286) - Loss: 0.0671
[Client 3, Round 90] Progress: 35% (102/286) - Loss: 0.1161
[Client 3, Round 90] Progress: 36% (104/286) - Loss: 0.2881
[Client 3, Round 90] Progress: 37% (106/286) - Loss: 0.2042
[Client 3, Round 90] Progress: 37% (108/286) - Loss: 0.0748
[Client 3, Round 90] Progress: 38% (110/286) - Loss: 0.3237
[Client 3, Round 90] Progress: 39% (112/286) - Loss: 0.4585
[Client 3, Round 90] Progress: 39% (114/286) - Loss: 0.1038
[Client 3, Round 90] Progress: 40% (116/286) - Loss: 0.0805
[Client 3, Round 90] Progress: 41% (118/286) - Loss: 0.2385
[Client 3, Round 90] Progress: 41% (120/286) - Loss: 0.4971
[Client 3, Round 90] Progress: 42% (122/286) - Loss: 0.0978
[Client 3, Round 90] Progress: 43% (124/286) - Loss: 0.1520
[Client 3, Round 90] Progress: 44% (126/286) - Loss: 0.0588
[Client 3, Round 90] Progress: 44% (128/286) - Loss: 0.3430
[Client 3, Round 90] Progress: 45% (130/286) - Loss: 0.1111
[Client 3, Round 90] Progress: 46% (132/286) - Loss: 0.0701
[Client 3, Round 90] Progress: 46% (134/286) - Loss: 0.1105
[Client 3, Round 90] Progress: 47% (136/286) - Loss: 0.5126
[Client 3, Round 90] Progress: 48% (138/286) - Loss: 0.0719
[Client 3, Round 90] Progress: 48% (140/286) - Loss: 0.4326
[Client 3, Round 90] Progress: 49% (142/286) - Loss: 0.1208
[Client 3, Round 90] Progress: 50% (144/286) - Loss: 0.1165
[Client 3, Round 90] Progress: 51% (146/286) - Loss: 0.1936
[Client 3, Round 90] Progress: 51% (148/286) - Loss: 0.2301
[Client 3, Round 90] Progress: 52% (150/286) - Loss: 0.4566
[Client 3, Round 90] Progress: 53% (152/286) - Loss: 0.1139
[Client 3, Round 90] Progress: 53% (154/286) - Loss: 0.3423
[Client 3, Round 90] Progress: 54% (156/286) - Loss: 0.1161
[Client 3, Round 90] Progress: 55% (158/286) - Loss: 0.4928
[Client 3, Round 90] Progress: 55% (160/286) - Loss: 0.0523
[Client 3, Round 90] Progress: 56% (162/286) - Loss: 0.0532
[Client 3, Round 90] Progress: 57% (164/286) - Loss: 0.2434
[Client 3, Round 90] Progress: 58% (166/286) - Loss: 0.6490
[Client 3, Round 90] Progress: 58% (168/286) - Loss: 0.0927
[Client 3, Round 90] Progress: 59% (170/286) - Loss: 0.3567
[Client 3, Round 90] Progress: 60% (172/286) - Loss: 0.0741
[Client 3, Round 90] Progress: 60% (174/286) - Loss: 0.1044
[Client 3, Round 90] Progress: 61% (176/286) - Loss: 0.1597
[Client 3, Round 90] Progress: 62% (178/286) - Loss: 0.1775
[Client 3, Round 90] Progress: 62% (180/286) - Loss: 0.0964
[Client 3, Round 90] Progress: 63% (182/286) - Loss: 0.4799
[Client 3, Round 90] Progress: 64% (184/286) - Loss: 0.1028
[Client 3, Round 90] Progress: 65% (186/286) - Loss: 0.1503
[Client 3, Round 90] Progress: 65% (188/286) - Loss: 0.1410
[Client 3, Round 90] Progress: 66% (190/286) - Loss: 0.1590
[Client 3, Round 90] Progress: 67% (192/286) - Loss: 0.4688
[Client 3, Round 90] Progress: 67% (194/286) - Loss: 0.0907
[Client 3, Round 90] Progress: 68% (196/286) - Loss: 0.0757
[Client 3, Round 90] Progress: 69% (198/286) - Loss: 0.1000
[Client 3, Round 90] Progress: 69% (200/286) - Loss: 0.3513
[Client 3, Round 90] Progress: 70% (202/286) - Loss: 0.0697
[Client 3, Round 90] Progress: 71% (204/286) - Loss: 0.0921
[Client 3, Round 90] Progress: 72% (206/286) - Loss: 0.1152
[Client 3, Round 90] Progress: 72% (208/286) - Loss: 0.4365
[Client 3, Round 90] Progress: 73% (210/286) - Loss: 0.2562
[Client 3, Round 90] Progress: 74% (212/286) - Loss: 0.1263
[Client 3, Round 90] Progress: 74% (214/286) - Loss: 0.0691
[Client 3, Round 90] Progress: 75% (216/286) - Loss: 0.5152
[Client 3, Round 90] Progress: 76% (218/286) - Loss: 0.4483
[Client 3, Round 90] Progress: 76% (220/286) - Loss: 0.1820
[Client 3, Round 90] Progress: 77% (222/286) - Loss: 0.1617
[Client 3, Round 90] Progress: 78% (224/286) - Loss: 0.1549
[Client 3, Round 90] Progress: 79% (226/286) - Loss: 0.1123
[Client 3, Round 90] Progress: 79% (228/286) - Loss: 0.1140
[Client 3, Round 90] Progress: 80% (230/286) - Loss: 0.1451
[Client 3, Round 90] Progress: 81% (232/286) - Loss: 0.1516
[Client 3, Round 90] Progress: 81% (234/286) - Loss: 0.3320
[Client 3, Round 90] Progress: 82% (236/286) - Loss: 0.0553
[Client 3, Round 90] Progress: 83% (238/286) - Loss: 0.1839
[Client 3, Round 90] Progress: 83% (240/286) - Loss: 0.1567
[Client 3, Round 90] Progress: 84% (242/286) - Loss: 0.3353
[Client 3, Round 90] Progress: 85% (244/286) - Loss: 0.1097
[Client 3, Round 90] Progress: 86% (246/286) - Loss: 0.1790
[Client 3, Round 90] Progress: 86% (248/286) - Loss: 0.0847
[Client 3, Round 90] Progress: 87% (250/286) - Loss: 0.1170
[Client 3, Round 90] Progress: 88% (252/286) - Loss: 0.1723
[Client 3, Round 90] Progress: 88% (254/286) - Loss: 0.4052
[Client 3, Round 90] Progress: 89% (256/286) - Loss: 0.4250
[Client 3, Round 90] Progress: 90% (258/286) - Loss: 0.1387
[Client 3, Round 90] Progress: 90% (260/286) - Loss: 0.6118
[Client 3, Round 90] Progress: 91% (262/286) - Loss: 0.0936
[Client 3, Round 90] Progress: 92% (264/286) - Loss: 0.4713
[Client 3, Round 90] Progress: 93% (266/286) - Loss: 0.0542
[Client 3, Round 90] Progress: 93% (268/286) - Loss: 0.2367
[Client 3, Round 90] Progress: 94% (270/286) - Loss: 0.2687
[Client 3, Round 90] Progress: 95% (272/286) - Loss: 0.0779
[Client 3, Round 90] Progress: 95% (274/286) - Loss: 0.1504
[Client 3, Round 90] Progress: 96% (276/286) - Loss: 0.0439
[Client 3, Round 90] Progress: 97% (278/286) - Loss: 0.0607
[Client 3, Round 90] Progress: 97% (280/286) - Loss: 0.1084
[Client 3, Round 90] Progress: 98% (282/286) - Loss: 0.0947
[Client 3, Round 90] Progress: 99% (284/286) - Loss: 0.1329
[Client 3, Round 90] Progress: 100% (286/286) - Loss: 0.4220
[Client 3, Round 90] Train Loss: 0.1842
[Client 3, Round 90] Val Loss: 0.1603 | Val Dice: 0.8548
[Client 3, Round 91] Progress: 0% (2/286) - Loss: 0.1358
[Client 3, Round 91] Progress: 1% (4/286) - Loss: 0.1689
[Client 3, Round 91] Progress: 2% (6/286) - Loss: 0.1365
[Client 3, Round 91] Progress: 2% (8/286) - Loss: 0.1929
[Client 3, Round 91] Progress: 3% (10/286) - Loss: 0.1310
[Client 3, Round 91] Progress: 4% (12/286) - Loss: 0.1606
[Client 3, Round 91] Progress: 4% (14/286) - Loss: 0.7484
[Client 3, Round 91] Progress: 5% (16/286) - Loss: 0.2695
[Client 3, Round 91] Progress: 6% (18/286) - Loss: 0.6265
[Client 3, Round 91] Progress: 6% (20/286) - Loss: 0.1564
[Client 3, Round 91] Progress: 7% (22/286) - Loss: 0.4526
[Client 3, Round 91] Progress: 8% (24/286) - Loss: 0.0737
[Client 3, Round 91] Progress: 9% (26/286) - Loss: 0.0819
[Client 3, Round 91] Progress: 9% (28/286) - Loss: 0.2151
[Client 3, Round 91] Progress: 10% (30/286) - Loss: 0.1383
[Client 3, Round 91] Progress: 11% (32/286) - Loss: 0.5587
[Client 3, Round 91] Progress: 11% (34/286) - Loss: 0.1165
[Client 3, Round 91] Progress: 12% (36/286) - Loss: 0.1669
[Client 3, Round 91] Progress: 13% (38/286) - Loss: 0.3153
[Client 3, Round 91] Progress: 13% (40/286) - Loss: 0.2130
[Client 3, Round 91] Progress: 14% (42/286) - Loss: 0.1711
[Client 3, Round 91] Progress: 15% (44/286) - Loss: 0.5133
[Client 3, Round 91] Progress: 16% (46/286) - Loss: 0.1146
[Client 3, Round 91] Progress: 16% (48/286) - Loss: 0.1700
[Client 3, Round 91] Progress: 17% (50/286) - Loss: 0.0725
[Client 3, Round 91] Progress: 18% (52/286) - Loss: 0.0979
[Client 3, Round 91] Progress: 18% (54/286) - Loss: 0.2193
[Client 3, Round 91] Progress: 19% (56/286) - Loss: 0.1011
[Client 3, Round 91] Progress: 20% (58/286) - Loss: 0.4695
[Client 3, Round 91] Progress: 20% (60/286) - Loss: 0.0686
[Client 3, Round 91] Progress: 21% (62/286) - Loss: 0.0486
[Client 3, Round 91] Progress: 22% (64/286) - Loss: 0.1458
[Client 3, Round 91] Progress: 23% (66/286) - Loss: 0.1473
[Client 3, Round 91] Progress: 23% (68/286) - Loss: 0.1190
[Client 3, Round 91] Progress: 24% (70/286) - Loss: 0.1347
[Client 3, Round 91] Progress: 25% (72/286) - Loss: 0.1040
[Client 3, Round 91] Progress: 25% (74/286) - Loss: 0.1310
[Client 3, Round 91] Progress: 26% (76/286) - Loss: 0.2648
[Client 3, Round 91] Progress: 27% (78/286) - Loss: 0.0681
[Client 3, Round 91] Progress: 27% (80/286) - Loss: 0.1564
[Client 3, Round 91] Progress: 28% (82/286) - Loss: 0.1093
[Client 3, Round 91] Progress: 29% (84/286) - Loss: 0.0680
[Client 3, Round 91] Progress: 30% (86/286) - Loss: 0.0588
[Client 3, Round 91] Progress: 30% (88/286) - Loss: 0.1594
[Client 3, Round 91] Progress: 31% (90/286) - Loss: 0.0522
[Client 3, Round 91] Progress: 32% (92/286) - Loss: 0.4468
[Client 3, Round 91] Progress: 32% (94/286) - Loss: 0.1621
[Client 3, Round 91] Progress: 33% (96/286) - Loss: 0.0594
[Client 3, Round 91] Progress: 34% (98/286) - Loss: 0.0972
[Client 3, Round 91] Progress: 34% (100/286) - Loss: 0.4923
[Client 3, Round 91] Progress: 35% (102/286) - Loss: 0.4264
[Client 3, Round 91] Progress: 36% (104/286) - Loss: 0.1042
[Client 3, Round 91] Progress: 37% (106/286) - Loss: 0.2690
[Client 3, Round 91] Progress: 37% (108/286) - Loss: 0.1095
[Client 3, Round 91] Progress: 38% (110/286) - Loss: 0.1867
[Client 3, Round 91] Progress: 39% (112/286) - Loss: 0.1360
[Client 3, Round 91] Progress: 39% (114/286) - Loss: 0.0978
[Client 3, Round 91] Progress: 40% (116/286) - Loss: 0.1194
[Client 3, Round 91] Progress: 41% (118/286) - Loss: 0.1870
[Client 3, Round 91] Progress: 41% (120/286) - Loss: 0.0716
[Client 3, Round 91] Progress: 42% (122/286) - Loss: 0.1555
[Client 3, Round 91] Progress: 43% (124/286) - Loss: 0.2633
[Client 3, Round 91] Progress: 44% (126/286) - Loss: 0.1399
[Client 3, Round 91] Progress: 44% (128/286) - Loss: 0.0595
[Client 3, Round 91] Progress: 45% (130/286) - Loss: 0.4499
[Client 3, Round 91] Progress: 46% (132/286) - Loss: 0.1502
[Client 3, Round 91] Progress: 46% (134/286) - Loss: 0.1412
[Client 3, Round 91] Progress: 47% (136/286) - Loss: 0.3126
[Client 3, Round 91] Progress: 48% (138/286) - Loss: 0.1201
[Client 3, Round 91] Progress: 48% (140/286) - Loss: 0.0723
[Client 3, Round 91] Progress: 49% (142/286) - Loss: 0.0607
[Client 3, Round 91] Progress: 50% (144/286) - Loss: 0.1742
[Client 3, Round 91] Progress: 51% (146/286) - Loss: 0.1162
[Client 3, Round 91] Progress: 51% (148/286) - Loss: 0.0659
[Client 3, Round 91] Progress: 52% (150/286) - Loss: 0.3120
[Client 3, Round 91] Progress: 53% (152/286) - Loss: 0.1756
[Client 3, Round 91] Progress: 53% (154/286) - Loss: 0.1370
[Client 3, Round 91] Progress: 54% (156/286) - Loss: 0.0867
[Client 3, Round 91] Progress: 55% (158/286) - Loss: 0.0677
[Client 3, Round 91] Progress: 55% (160/286) - Loss: 0.4341
[Client 3, Round 91] Progress: 56% (162/286) - Loss: 0.0735
[Client 3, Round 91] Progress: 57% (164/286) - Loss: 0.0879
[Client 3, Round 91] Progress: 58% (166/286) - Loss: 0.4631
[Client 3, Round 91] Progress: 58% (168/286) - Loss: 0.0986
[Client 3, Round 91] Progress: 59% (170/286) - Loss: 0.1922
[Client 3, Round 91] Progress: 60% (172/286) - Loss: 0.2756
[Client 3, Round 91] Progress: 60% (174/286) - Loss: 0.0953
[Client 3, Round 91] Progress: 61% (176/286) - Loss: 0.0728
[Client 3, Round 91] Progress: 62% (178/286) - Loss: 0.3270
[Client 3, Round 91] Progress: 62% (180/286) - Loss: 0.6602
[Client 3, Round 91] Progress: 63% (182/286) - Loss: 0.1981
[Client 3, Round 91] Progress: 64% (184/286) - Loss: 0.1653
[Client 3, Round 91] Progress: 65% (186/286) - Loss: 0.1083
[Client 3, Round 91] Progress: 65% (188/286) - Loss: 0.1070
[Client 3, Round 91] Progress: 66% (190/286) - Loss: 0.1553
[Client 3, Round 91] Progress: 67% (192/286) - Loss: 0.1488
[Client 3, Round 91] Progress: 67% (194/286) - Loss: 0.1617
[Client 3, Round 91] Progress: 68% (196/286) - Loss: 0.1907
[Client 3, Round 91] Progress: 69% (198/286) - Loss: 0.1191
[Client 3, Round 91] Progress: 69% (200/286) - Loss: 0.1219
[Client 3, Round 91] Progress: 70% (202/286) - Loss: 0.1996
[Client 3, Round 91] Progress: 71% (204/286) - Loss: 0.1449
[Client 3, Round 91] Progress: 72% (206/286) - Loss: 0.2882
[Client 3, Round 91] Progress: 72% (208/286) - Loss: 0.2269
[Client 3, Round 91] Progress: 73% (210/286) - Loss: 0.1114
[Client 3, Round 91] Progress: 74% (212/286) - Loss: 0.1615
[Client 3, Round 91] Progress: 74% (214/286) - Loss: 0.3034
[Client 3, Round 91] Progress: 75% (216/286) - Loss: 0.1191
[Client 3, Round 91] Progress: 76% (218/286) - Loss: 0.0489
[Client 3, Round 91] Progress: 76% (220/286) - Loss: 0.2523
[Client 3, Round 91] Progress: 77% (222/286) - Loss: 0.1190
[Client 3, Round 91] Progress: 78% (224/286) - Loss: 0.2631
[Client 3, Round 91] Progress: 79% (226/286) - Loss: 0.1546
[Client 3, Round 91] Progress: 79% (228/286) - Loss: 0.1010
[Client 3, Round 91] Progress: 80% (230/286) - Loss: 0.1547
[Client 3, Round 91] Progress: 81% (232/286) - Loss: 0.1044
[Client 3, Round 91] Progress: 81% (234/286) - Loss: 0.0830
[Client 3, Round 91] Progress: 82% (236/286) - Loss: 0.1243
[Client 3, Round 91] Progress: 83% (238/286) - Loss: 0.1034
[Client 3, Round 91] Progress: 83% (240/286) - Loss: 0.1712
[Client 3, Round 91] Progress: 84% (242/286) - Loss: 0.3567
[Client 3, Round 91] Progress: 85% (244/286) - Loss: 0.4559
[Client 3, Round 91] Progress: 86% (246/286) - Loss: 0.1552
[Client 3, Round 91] Progress: 86% (248/286) - Loss: 0.0884
[Client 3, Round 91] Progress: 87% (250/286) - Loss: 0.4088
[Client 3, Round 91] Progress: 88% (252/286) - Loss: 0.0934
[Client 3, Round 91] Progress: 88% (254/286) - Loss: 0.2114
[Client 3, Round 91] Progress: 89% (256/286) - Loss: 0.2071
[Client 3, Round 91] Progress: 90% (258/286) - Loss: 0.1271
[Client 3, Round 91] Progress: 90% (260/286) - Loss: 0.1361
[Client 3, Round 91] Progress: 91% (262/286) - Loss: 0.2388
[Client 3, Round 91] Progress: 92% (264/286) - Loss: 0.0898
[Client 3, Round 91] Progress: 93% (266/286) - Loss: 0.0941
[Client 3, Round 91] Progress: 93% (268/286) - Loss: 0.1232
[Client 3, Round 91] Progress: 94% (270/286) - Loss: 0.1260
[Client 3, Round 91] Progress: 95% (272/286) - Loss: 0.1591
[Client 3, Round 91] Progress: 95% (274/286) - Loss: 0.1891
[Client 3, Round 91] Progress: 96% (276/286) - Loss: 0.5064
[Client 3, Round 91] Progress: 97% (278/286) - Loss: 0.4187
[Client 3, Round 91] Progress: 97% (280/286) - Loss: 0.1118
[Client 3, Round 91] Progress: 98% (282/286) - Loss: 0.1114
[Client 3, Round 91] Progress: 99% (284/286) - Loss: 0.4385
[Client 3, Round 91] Progress: 100% (286/286) - Loss: 0.0983
[Client 3, Round 91] Train Loss: 0.1855
[Client 3, Round 91] Val Loss: 0.1654 | Val Dice: 0.8500
[Client 3, Round 92] Progress: 0% (2/286) - Loss: 0.1909
[Client 3, Round 92] Progress: 1% (4/286) - Loss: 0.0541
[Client 3, Round 92] Progress: 2% (6/286) - Loss: 0.0959
[Client 3, Round 92] Progress: 2% (8/286) - Loss: 0.2216
[Client 3, Round 92] Progress: 3% (10/286) - Loss: 0.4427
[Client 3, Round 92] Progress: 4% (12/286) - Loss: 0.1376
[Client 3, Round 92] Progress: 4% (14/286) - Loss: 0.0766
[Client 3, Round 92] Progress: 5% (16/286) - Loss: 0.1695
[Client 3, Round 92] Progress: 6% (18/286) - Loss: 0.2229
[Client 3, Round 92] Progress: 6% (20/286) - Loss: 0.0672
[Client 3, Round 92] Progress: 7% (22/286) - Loss: 0.1695
[Client 3, Round 92] Progress: 8% (24/286) - Loss: 0.1025
[Client 3, Round 92] Progress: 9% (26/286) - Loss: 0.4021
[Client 3, Round 92] Progress: 9% (28/286) - Loss: 0.1604
[Client 3, Round 92] Progress: 10% (30/286) - Loss: 0.0941
[Client 3, Round 92] Progress: 11% (32/286) - Loss: 0.0444
[Client 3, Round 92] Progress: 11% (34/286) - Loss: 0.1219
[Client 3, Round 92] Progress: 12% (36/286) - Loss: 0.1405
[Client 3, Round 92] Progress: 13% (38/286) - Loss: 0.0712
[Client 3, Round 92] Progress: 13% (40/286) - Loss: 0.1942
[Client 3, Round 92] Progress: 14% (42/286) - Loss: 0.4431
[Client 3, Round 92] Progress: 15% (44/286) - Loss: 0.0578
[Client 3, Round 92] Progress: 16% (46/286) - Loss: 0.4067
[Client 3, Round 92] Progress: 16% (48/286) - Loss: 0.1467
[Client 3, Round 92] Progress: 17% (50/286) - Loss: 0.1213
[Client 3, Round 92] Progress: 18% (52/286) - Loss: 0.4801
[Client 3, Round 92] Progress: 18% (54/286) - Loss: 0.1478
[Client 3, Round 92] Progress: 19% (56/286) - Loss: 0.1166
[Client 3, Round 92] Progress: 20% (58/286) - Loss: 0.1548
[Client 3, Round 92] Progress: 20% (60/286) - Loss: 0.0938
[Client 3, Round 92] Progress: 21% (62/286) - Loss: 0.1428
[Client 3, Round 92] Progress: 22% (64/286) - Loss: 0.1737
[Client 3, Round 92] Progress: 23% (66/286) - Loss: 0.1179
[Client 3, Round 92] Progress: 23% (68/286) - Loss: 0.0922
[Client 3, Round 92] Progress: 24% (70/286) - Loss: 0.4363
[Client 3, Round 92] Progress: 25% (72/286) - Loss: 0.4047
[Client 3, Round 92] Progress: 25% (74/286) - Loss: 0.0935
[Client 3, Round 92] Progress: 26% (76/286) - Loss: 0.1455
[Client 3, Round 92] Progress: 27% (78/286) - Loss: 0.1575
[Client 3, Round 92] Progress: 27% (80/286) - Loss: 0.3613
[Client 3, Round 92] Progress: 28% (82/286) - Loss: 0.1217
[Client 3, Round 92] Progress: 29% (84/286) - Loss: 0.1161
[Client 3, Round 92] Progress: 30% (86/286) - Loss: 0.1550
[Client 3, Round 92] Progress: 30% (88/286) - Loss: 0.0717
[Client 3, Round 92] Progress: 31% (90/286) - Loss: 0.0996
[Client 3, Round 92] Progress: 32% (92/286) - Loss: 0.4548
[Client 3, Round 92] Progress: 32% (94/286) - Loss: 0.2331
[Client 3, Round 92] Progress: 33% (96/286) - Loss: 0.4609
[Client 3, Round 92] Progress: 34% (98/286) - Loss: 0.0887
[Client 3, Round 92] Progress: 34% (100/286) - Loss: 0.1116
[Client 3, Round 92] Progress: 35% (102/286) - Loss: 0.0958
[Client 3, Round 92] Progress: 36% (104/286) - Loss: 0.1230
[Client 3, Round 92] Progress: 37% (106/286) - Loss: 0.1911
[Client 3, Round 92] Progress: 37% (108/286) - Loss: 0.6416
[Client 3, Round 92] Progress: 38% (110/286) - Loss: 0.0611
[Client 3, Round 92] Progress: 39% (112/286) - Loss: 0.1280
[Client 3, Round 92] Progress: 39% (114/286) - Loss: 0.1182
[Client 3, Round 92] Progress: 40% (116/286) - Loss: 0.1222
[Client 3, Round 92] Progress: 41% (118/286) - Loss: 0.1344
[Client 3, Round 92] Progress: 41% (120/286) - Loss: 0.0530
[Client 3, Round 92] Progress: 42% (122/286) - Loss: 0.1389
[Client 3, Round 92] Progress: 43% (124/286) - Loss: 0.2193
[Client 3, Round 92] Progress: 44% (126/286) - Loss: 0.4429
[Client 3, Round 92] Progress: 44% (128/286) - Loss: 0.0956
[Client 3, Round 92] Progress: 45% (130/286) - Loss: 0.0339
[Client 3, Round 92] Progress: 46% (132/286) - Loss: 0.1001
[Client 3, Round 92] Progress: 46% (134/286) - Loss: 0.2132
[Client 3, Round 92] Progress: 47% (136/286) - Loss: 0.1863
[Client 3, Round 92] Progress: 48% (138/286) - Loss: 0.4392
[Client 3, Round 92] Progress: 48% (140/286) - Loss: 0.6381
[Client 3, Round 92] Progress: 49% (142/286) - Loss: 0.1566
[Client 3, Round 92] Progress: 50% (144/286) - Loss: 0.0600
[Client 3, Round 92] Progress: 51% (146/286) - Loss: 0.0972
[Client 3, Round 92] Progress: 51% (148/286) - Loss: 0.1333
[Client 3, Round 92] Progress: 52% (150/286) - Loss: 0.1836
[Client 3, Round 92] Progress: 53% (152/286) - Loss: 0.2367
[Client 3, Round 92] Progress: 53% (154/286) - Loss: 0.2901
[Client 3, Round 92] Progress: 54% (156/286) - Loss: 0.1166
[Client 3, Round 92] Progress: 55% (158/286) - Loss: 0.0851
[Client 3, Round 92] Progress: 55% (160/286) - Loss: 0.1115
[Client 3, Round 92] Progress: 56% (162/286) - Loss: 0.0967
[Client 3, Round 92] Progress: 57% (164/286) - Loss: 0.4661
[Client 3, Round 92] Progress: 58% (166/286) - Loss: 0.0938
[Client 3, Round 92] Progress: 58% (168/286) - Loss: 0.1399
[Client 3, Round 92] Progress: 59% (170/286) - Loss: 0.0503
[Client 3, Round 92] Progress: 60% (172/286) - Loss: 0.1133
[Client 3, Round 92] Progress: 60% (174/286) - Loss: 0.1385
[Client 3, Round 92] Progress: 61% (176/286) - Loss: 0.1087
[Client 3, Round 92] Progress: 62% (178/286) - Loss: 0.0917
[Client 3, Round 92] Progress: 62% (180/286) - Loss: 0.0735
[Client 3, Round 92] Progress: 63% (182/286) - Loss: 0.0510
[Client 3, Round 92] Progress: 64% (184/286) - Loss: 0.0573
[Client 3, Round 92] Progress: 65% (186/286) - Loss: 0.1606
[Client 3, Round 92] Progress: 65% (188/286) - Loss: 0.1195
[Client 3, Round 92] Progress: 66% (190/286) - Loss: 0.2255
[Client 3, Round 92] Progress: 67% (192/286) - Loss: 0.1936
[Client 3, Round 92] Progress: 67% (194/286) - Loss: 0.0869
[Client 3, Round 92] Progress: 68% (196/286) - Loss: 0.1552
[Client 3, Round 92] Progress: 69% (198/286) - Loss: 0.0413
[Client 3, Round 92] Progress: 69% (200/286) - Loss: 0.0991
[Client 3, Round 92] Progress: 70% (202/286) - Loss: 0.0849
[Client 3, Round 92] Progress: 71% (204/286) - Loss: 0.0627
[Client 3, Round 92] Progress: 72% (206/286) - Loss: 0.0691
[Client 3, Round 92] Progress: 72% (208/286) - Loss: 0.1040
[Client 3, Round 92] Progress: 73% (210/286) - Loss: 0.1816
[Client 3, Round 92] Progress: 74% (212/286) - Loss: 0.2032
[Client 3, Round 92] Progress: 74% (214/286) - Loss: 0.1053
[Client 3, Round 92] Progress: 75% (216/286) - Loss: 0.1492
[Client 3, Round 92] Progress: 76% (218/286) - Loss: 0.2322
[Client 3, Round 92] Progress: 76% (220/286) - Loss: 0.0473
[Client 3, Round 92] Progress: 77% (222/286) - Loss: 0.1225
[Client 3, Round 92] Progress: 78% (224/286) - Loss: 0.4239
[Client 3, Round 92] Progress: 79% (226/286) - Loss: 0.4717
[Client 3, Round 92] Progress: 79% (228/286) - Loss: 0.1314
[Client 3, Round 92] Progress: 80% (230/286) - Loss: 0.0806
[Client 3, Round 92] Progress: 81% (232/286) - Loss: 0.1480
[Client 3, Round 92] Progress: 81% (234/286) - Loss: 0.1307
[Client 3, Round 92] Progress: 82% (236/286) - Loss: 0.1249
[Client 3, Round 92] Progress: 83% (238/286) - Loss: 0.3445
[Client 3, Round 92] Progress: 83% (240/286) - Loss: 0.0696
[Client 3, Round 92] Progress: 84% (242/286) - Loss: 0.4472
[Client 3, Round 92] Progress: 85% (244/286) - Loss: 0.1081
[Client 3, Round 92] Progress: 86% (246/286) - Loss: 0.0795
[Client 3, Round 92] Progress: 86% (248/286) - Loss: 0.3450
[Client 3, Round 92] Progress: 87% (250/286) - Loss: 0.4522
[Client 3, Round 92] Progress: 88% (252/286) - Loss: 0.1030
[Client 3, Round 92] Progress: 88% (254/286) - Loss: 0.3105
[Client 3, Round 92] Progress: 89% (256/286) - Loss: 0.4727
[Client 3, Round 92] Progress: 90% (258/286) - Loss: 0.1157
[Client 3, Round 92] Progress: 90% (260/286) - Loss: 0.1583
[Client 3, Round 92] Progress: 91% (262/286) - Loss: 0.0812
[Client 3, Round 92] Progress: 92% (264/286) - Loss: 0.0821
[Client 3, Round 92] Progress: 93% (266/286) - Loss: 0.0715
[Client 3, Round 92] Progress: 93% (268/286) - Loss: 0.0709
[Client 3, Round 92] Progress: 94% (270/286) - Loss: 0.0644
[Client 3, Round 92] Progress: 95% (272/286) - Loss: 0.0798
[Client 3, Round 92] Progress: 95% (274/286) - Loss: 0.0601
[Client 3, Round 92] Progress: 96% (276/286) - Loss: 0.2079
[Client 3, Round 92] Progress: 97% (278/286) - Loss: 0.1582
[Client 3, Round 92] Progress: 97% (280/286) - Loss: 0.1032
[Client 3, Round 92] Progress: 98% (282/286) - Loss: 0.1177
[Client 3, Round 92] Progress: 99% (284/286) - Loss: 0.1289
[Client 3, Round 92] Progress: 100% (286/286) - Loss: 0.0950
[Client 3, Round 92] Train Loss: 0.1856
[Client 3, Round 92] Val Loss: 0.1597 | Val Dice: 0.8587
[Client 3, Round 93] Progress: 0% (2/286) - Loss: 0.0940
[Client 3, Round 93] Progress: 1% (4/286) - Loss: 0.1392
[Client 3, Round 93] Progress: 2% (6/286) - Loss: 0.2105
[Client 3, Round 93] Progress: 2% (8/286) - Loss: 0.0802
[Client 3, Round 93] Progress: 3% (10/286) - Loss: 0.1297
[Client 3, Round 93] Progress: 4% (12/286) - Loss: 0.1013
[Client 3, Round 93] Progress: 4% (14/286) - Loss: 0.5239
[Client 3, Round 93] Progress: 5% (16/286) - Loss: 0.1073
[Client 3, Round 93] Progress: 6% (18/286) - Loss: 0.1532
[Client 3, Round 93] Progress: 6% (20/286) - Loss: 0.0713
[Client 3, Round 93] Progress: 7% (22/286) - Loss: 0.4100
[Client 3, Round 93] Progress: 8% (24/286) - Loss: 0.0446
[Client 3, Round 93] Progress: 9% (26/286) - Loss: 0.4557
[Client 3, Round 93] Progress: 9% (28/286) - Loss: 0.1425
[Client 3, Round 93] Progress: 10% (30/286) - Loss: 0.4313
[Client 3, Round 93] Progress: 11% (32/286) - Loss: 0.0807
[Client 3, Round 93] Progress: 11% (34/286) - Loss: 0.1066
[Client 3, Round 93] Progress: 12% (36/286) - Loss: 0.1286
[Client 3, Round 93] Progress: 13% (38/286) - Loss: 0.1825
[Client 3, Round 93] Progress: 13% (40/286) - Loss: 0.1613
[Client 3, Round 93] Progress: 14% (42/286) - Loss: 0.1077
[Client 3, Round 93] Progress: 15% (44/286) - Loss: 0.2577
[Client 3, Round 93] Progress: 16% (46/286) - Loss: 0.1058
[Client 3, Round 93] Progress: 16% (48/286) - Loss: 0.2215
[Client 3, Round 93] Progress: 17% (50/286) - Loss: 0.0606
[Client 3, Round 93] Progress: 18% (52/286) - Loss: 0.0682
[Client 3, Round 93] Progress: 18% (54/286) - Loss: 0.1751
[Client 3, Round 93] Progress: 19% (56/286) - Loss: 0.4250
[Client 3, Round 93] Progress: 20% (58/286) - Loss: 0.0751
[Client 3, Round 93] Progress: 20% (60/286) - Loss: 0.0734
[Client 3, Round 93] Progress: 21% (62/286) - Loss: 0.1163
[Client 3, Round 93] Progress: 22% (64/286) - Loss: 0.0953
[Client 3, Round 93] Progress: 23% (66/286) - Loss: 0.2154
[Client 3, Round 93] Progress: 23% (68/286) - Loss: 0.0607
[Client 3, Round 93] Progress: 24% (70/286) - Loss: 0.2789
[Client 3, Round 93] Progress: 25% (72/286) - Loss: 0.1033
[Client 3, Round 93] Progress: 25% (74/286) - Loss: 0.5281
[Client 3, Round 93] Progress: 26% (76/286) - Loss: 0.2236
[Client 3, Round 93] Progress: 27% (78/286) - Loss: 0.1170
[Client 3, Round 93] Progress: 27% (80/286) - Loss: 0.1102
[Client 3, Round 93] Progress: 28% (82/286) - Loss: 0.1664
[Client 3, Round 93] Progress: 29% (84/286) - Loss: 0.2899
[Client 3, Round 93] Progress: 30% (86/286) - Loss: 0.1689
[Client 3, Round 93] Progress: 30% (88/286) - Loss: 0.1054
[Client 3, Round 93] Progress: 31% (90/286) - Loss: 0.4843
[Client 3, Round 93] Progress: 32% (92/286) - Loss: 0.0951
[Client 3, Round 93] Progress: 32% (94/286) - Loss: 0.1120
[Client 3, Round 93] Progress: 33% (96/286) - Loss: 0.1214
[Client 3, Round 93] Progress: 34% (98/286) - Loss: 0.0930
[Client 3, Round 93] Progress: 34% (100/286) - Loss: 0.1481
[Client 3, Round 93] Progress: 35% (102/286) - Loss: 0.2529
[Client 3, Round 93] Progress: 36% (104/286) - Loss: 0.1838
[Client 3, Round 93] Progress: 37% (106/286) - Loss: 0.4301
[Client 3, Round 93] Progress: 37% (108/286) - Loss: 0.4511
[Client 3, Round 93] Progress: 38% (110/286) - Loss: 0.1367
[Client 3, Round 93] Progress: 39% (112/286) - Loss: 0.3468
[Client 3, Round 93] Progress: 39% (114/286) - Loss: 0.1571
[Client 3, Round 93] Progress: 40% (116/286) - Loss: 0.0845
[Client 3, Round 93] Progress: 41% (118/286) - Loss: 0.0943
[Client 3, Round 93] Progress: 41% (120/286) - Loss: 0.1054
[Client 3, Round 93] Progress: 42% (122/286) - Loss: 0.0684
[Client 3, Round 93] Progress: 43% (124/286) - Loss: 0.1431
[Client 3, Round 93] Progress: 44% (126/286) - Loss: 0.1515
[Client 3, Round 93] Progress: 44% (128/286) - Loss: 0.1965
[Client 3, Round 93] Progress: 45% (130/286) - Loss: 0.0907
[Client 3, Round 93] Progress: 46% (132/286) - Loss: 0.2711
[Client 3, Round 93] Progress: 46% (134/286) - Loss: 0.1790
[Client 3, Round 93] Progress: 47% (136/286) - Loss: 0.1852
[Client 3, Round 93] Progress: 48% (138/286) - Loss: 0.1790
[Client 3, Round 93] Progress: 48% (140/286) - Loss: 0.2382
[Client 3, Round 93] Progress: 49% (142/286) - Loss: 0.1123
[Client 3, Round 93] Progress: 50% (144/286) - Loss: 0.1441
[Client 3, Round 93] Progress: 51% (146/286) - Loss: 0.1607
[Client 3, Round 93] Progress: 51% (148/286) - Loss: 0.0677
[Client 3, Round 93] Progress: 52% (150/286) - Loss: 0.1681
[Client 3, Round 93] Progress: 53% (152/286) - Loss: 0.0749
[Client 3, Round 93] Progress: 53% (154/286) - Loss: 0.1650
[Client 3, Round 93] Progress: 54% (156/286) - Loss: 0.1932
[Client 3, Round 93] Progress: 55% (158/286) - Loss: 0.3325
[Client 3, Round 93] Progress: 55% (160/286) - Loss: 0.1597
[Client 3, Round 93] Progress: 56% (162/286) - Loss: 0.1419
[Client 3, Round 93] Progress: 57% (164/286) - Loss: 0.1881
[Client 3, Round 93] Progress: 58% (166/286) - Loss: 0.1611
[Client 3, Round 93] Progress: 58% (168/286) - Loss: 0.1933
[Client 3, Round 93] Progress: 59% (170/286) - Loss: 0.4116
[Client 3, Round 93] Progress: 60% (172/286) - Loss: 0.0542
[Client 3, Round 93] Progress: 60% (174/286) - Loss: 0.1259
[Client 3, Round 93] Progress: 61% (176/286) - Loss: 0.1129
[Client 3, Round 93] Progress: 62% (178/286) - Loss: 0.1756
[Client 3, Round 93] Progress: 62% (180/286) - Loss: 0.1168
[Client 3, Round 93] Progress: 63% (182/286) - Loss: 0.0624
[Client 3, Round 93] Progress: 64% (184/286) - Loss: 0.1575
[Client 3, Round 93] Progress: 65% (186/286) - Loss: 0.0754
[Client 3, Round 93] Progress: 65% (188/286) - Loss: 0.0895
[Client 3, Round 93] Progress: 66% (190/286) - Loss: 0.0959
[Client 3, Round 93] Progress: 67% (192/286) - Loss: 0.0436
[Client 3, Round 93] Progress: 67% (194/286) - Loss: 0.0941
[Client 3, Round 93] Progress: 68% (196/286) - Loss: 0.4224
[Client 3, Round 93] Progress: 69% (198/286) - Loss: 0.3861
[Client 3, Round 93] Progress: 69% (200/286) - Loss: 0.1357
[Client 3, Round 93] Progress: 70% (202/286) - Loss: 0.1190
[Client 3, Round 93] Progress: 71% (204/286) - Loss: 0.0533
[Client 3, Round 93] Progress: 72% (206/286) - Loss: 0.2053
[Client 3, Round 93] Progress: 72% (208/286) - Loss: 0.3600
[Client 3, Round 93] Progress: 73% (210/286) - Loss: 0.1942
[Client 3, Round 93] Progress: 74% (212/286) - Loss: 0.1884
[Client 3, Round 93] Progress: 74% (214/286) - Loss: 0.1983
[Client 3, Round 93] Progress: 75% (216/286) - Loss: 0.1711
[Client 3, Round 93] Progress: 76% (218/286) - Loss: 0.1513
[Client 3, Round 93] Progress: 76% (220/286) - Loss: 0.0534
[Client 3, Round 93] Progress: 77% (222/286) - Loss: 0.4983
[Client 3, Round 93] Progress: 78% (224/286) - Loss: 0.1119
[Client 3, Round 93] Progress: 79% (226/286) - Loss: 0.1253
[Client 3, Round 93] Progress: 79% (228/286) - Loss: 0.1503
[Client 3, Round 93] Progress: 80% (230/286) - Loss: 0.1060
[Client 3, Round 93] Progress: 81% (232/286) - Loss: 0.2267
[Client 3, Round 93] Progress: 81% (234/286) - Loss: 0.0874
[Client 3, Round 93] Progress: 82% (236/286) - Loss: 0.1621
[Client 3, Round 93] Progress: 83% (238/286) - Loss: 0.4729
[Client 3, Round 93] Progress: 83% (240/286) - Loss: 0.1730
[Client 3, Round 93] Progress: 84% (242/286) - Loss: 0.1210
[Client 3, Round 93] Progress: 85% (244/286) - Loss: 0.3387
[Client 3, Round 93] Progress: 86% (246/286) - Loss: 0.7939
[Client 3, Round 93] Progress: 86% (248/286) - Loss: 0.1227
[Client 3, Round 93] Progress: 87% (250/286) - Loss: 0.1893
[Client 3, Round 93] Progress: 88% (252/286) - Loss: 0.3131
[Client 3, Round 93] Progress: 88% (254/286) - Loss: 0.4399
[Client 3, Round 93] Progress: 89% (256/286) - Loss: 0.1320
[Client 3, Round 93] Progress: 90% (258/286) - Loss: 0.0978
[Client 3, Round 93] Progress: 90% (260/286) - Loss: 0.1002
[Client 3, Round 93] Progress: 91% (262/286) - Loss: 0.1586
[Client 3, Round 93] Progress: 92% (264/286) - Loss: 0.0696
[Client 3, Round 93] Progress: 93% (266/286) - Loss: 0.0672
[Client 3, Round 93] Progress: 93% (268/286) - Loss: 0.1379
[Client 3, Round 93] Progress: 94% (270/286) - Loss: 0.1026
[Client 3, Round 93] Progress: 95% (272/286) - Loss: 0.2141
[Client 3, Round 93] Progress: 95% (274/286) - Loss: 0.2982
[Client 3, Round 93] Progress: 96% (276/286) - Loss: 0.1154
[Client 3, Round 93] Progress: 97% (278/286) - Loss: 0.4246
[Client 3, Round 93] Progress: 97% (280/286) - Loss: 0.2853
[Client 3, Round 93] Progress: 98% (282/286) - Loss: 0.1365
[Client 3, Round 93] Progress: 99% (284/286) - Loss: 0.1583
[Client 3, Round 93] Progress: 100% (286/286) - Loss: 0.1572
[Client 3, Round 93] Train Loss: 0.1866
[Client 3, Round 93] Val Loss: 0.1576 | Val Dice: 0.8594
[Client 3, Round 94] Progress: 0% (2/286) - Loss: 0.1079
[Client 3, Round 94] Progress: 1% (4/286) - Loss: 0.1468
[Client 3, Round 94] Progress: 2% (6/286) - Loss: 0.4051
[Client 3, Round 94] Progress: 2% (8/286) - Loss: 0.0666
[Client 3, Round 94] Progress: 3% (10/286) - Loss: 0.4554
[Client 3, Round 94] Progress: 4% (12/286) - Loss: 0.1338
[Client 3, Round 94] Progress: 4% (14/286) - Loss: 0.1460
[Client 3, Round 94] Progress: 5% (16/286) - Loss: 0.1587
[Client 3, Round 94] Progress: 6% (18/286) - Loss: 0.1473
[Client 3, Round 94] Progress: 6% (20/286) - Loss: 0.1611
[Client 3, Round 94] Progress: 7% (22/286) - Loss: 0.1443
[Client 3, Round 94] Progress: 8% (24/286) - Loss: 0.0964
[Client 3, Round 94] Progress: 9% (26/286) - Loss: 0.0910
[Client 3, Round 94] Progress: 9% (28/286) - Loss: 0.1959
[Client 3, Round 94] Progress: 10% (30/286) - Loss: 0.1701
[Client 3, Round 94] Progress: 11% (32/286) - Loss: 0.4541
[Client 3, Round 94] Progress: 11% (34/286) - Loss: 0.2674
[Client 3, Round 94] Progress: 12% (36/286) - Loss: 0.2649
[Client 3, Round 94] Progress: 13% (38/286) - Loss: 0.1061
[Client 3, Round 94] Progress: 13% (40/286) - Loss: 0.3918
[Client 3, Round 94] Progress: 14% (42/286) - Loss: 0.1069
[Client 3, Round 94] Progress: 15% (44/286) - Loss: 0.4059
[Client 3, Round 94] Progress: 16% (46/286) - Loss: 0.0825
[Client 3, Round 94] Progress: 16% (48/286) - Loss: 0.0651
[Client 3, Round 94] Progress: 17% (50/286) - Loss: 0.1140
[Client 3, Round 94] Progress: 18% (52/286) - Loss: 0.0957
[Client 3, Round 94] Progress: 18% (54/286) - Loss: 0.1062
[Client 3, Round 94] Progress: 19% (56/286) - Loss: 0.0630
[Client 3, Round 94] Progress: 20% (58/286) - Loss: 0.1700
[Client 3, Round 94] Progress: 20% (60/286) - Loss: 0.0682
[Client 3, Round 94] Progress: 21% (62/286) - Loss: 0.0748
[Client 3, Round 94] Progress: 22% (64/286) - Loss: 0.1292
[Client 3, Round 94] Progress: 23% (66/286) - Loss: 0.1125
[Client 3, Round 94] Progress: 23% (68/286) - Loss: 0.0924
[Client 3, Round 94] Progress: 24% (70/286) - Loss: 0.6290
[Client 3, Round 94] Progress: 25% (72/286) - Loss: 0.0881
[Client 3, Round 94] Progress: 25% (74/286) - Loss: 0.4222
[Client 3, Round 94] Progress: 26% (76/286) - Loss: 0.0717
[Client 3, Round 94] Progress: 27% (78/286) - Loss: 0.1331
[Client 3, Round 94] Progress: 27% (80/286) - Loss: 0.0994
[Client 3, Round 94] Progress: 28% (82/286) - Loss: 0.1683
[Client 3, Round 94] Progress: 29% (84/286) - Loss: 0.1107
[Client 3, Round 94] Progress: 30% (86/286) - Loss: 0.3247
[Client 3, Round 94] Progress: 30% (88/286) - Loss: 0.1225
[Client 3, Round 94] Progress: 31% (90/286) - Loss: 0.1265
[Client 3, Round 94] Progress: 32% (92/286) - Loss: 0.1493
[Client 3, Round 94] Progress: 32% (94/286) - Loss: 0.7710
[Client 3, Round 94] Progress: 33% (96/286) - Loss: 0.1121
[Client 3, Round 94] Progress: 34% (98/286) - Loss: 0.3371
[Client 3, Round 94] Progress: 34% (100/286) - Loss: 0.0971
[Client 3, Round 94] Progress: 35% (102/286) - Loss: 0.1043
[Client 3, Round 94] Progress: 36% (104/286) - Loss: 0.1515
[Client 3, Round 94] Progress: 37% (106/286) - Loss: 0.9997
[Client 3, Round 94] Progress: 37% (108/286) - Loss: 0.1192
[Client 3, Round 94] Progress: 38% (110/286) - Loss: 0.0435
[Client 3, Round 94] Progress: 39% (112/286) - Loss: 0.0757
[Client 3, Round 94] Progress: 39% (114/286) - Loss: 0.4333
[Client 3, Round 94] Progress: 40% (116/286) - Loss: 0.0853
[Client 3, Round 94] Progress: 41% (118/286) - Loss: 0.0717
[Client 3, Round 94] Progress: 41% (120/286) - Loss: 0.5580
[Client 3, Round 94] Progress: 42% (122/286) - Loss: 0.3697
[Client 3, Round 94] Progress: 43% (124/286) - Loss: 0.0451
[Client 3, Round 94] Progress: 44% (126/286) - Loss: 0.2001
[Client 3, Round 94] Progress: 44% (128/286) - Loss: 0.0555
[Client 3, Round 94] Progress: 45% (130/286) - Loss: 0.0966
[Client 3, Round 94] Progress: 46% (132/286) - Loss: 0.1304
[Client 3, Round 94] Progress: 46% (134/286) - Loss: 0.0987
[Client 3, Round 94] Progress: 47% (136/286) - Loss: 0.5053
[Client 3, Round 94] Progress: 48% (138/286) - Loss: 0.1269
[Client 3, Round 94] Progress: 48% (140/286) - Loss: 0.2048
[Client 3, Round 94] Progress: 49% (142/286) - Loss: 0.1629
[Client 3, Round 94] Progress: 50% (144/286) - Loss: 0.0596
[Client 3, Round 94] Progress: 51% (146/286) - Loss: 0.2787
[Client 3, Round 94] Progress: 51% (148/286) - Loss: 0.1912
[Client 3, Round 94] Progress: 52% (150/286) - Loss: 0.1254
[Client 3, Round 94] Progress: 53% (152/286) - Loss: 0.1075
[Client 3, Round 94] Progress: 53% (154/286) - Loss: 0.1305
[Client 3, Round 94] Progress: 54% (156/286) - Loss: 0.0921
[Client 3, Round 94] Progress: 55% (158/286) - Loss: 0.1276
[Client 3, Round 94] Progress: 55% (160/286) - Loss: 0.0427
[Client 3, Round 94] Progress: 56% (162/286) - Loss: 0.1473
[Client 3, Round 94] Progress: 57% (164/286) - Loss: 0.1100
[Client 3, Round 94] Progress: 58% (166/286) - Loss: 0.1775
[Client 3, Round 94] Progress: 58% (168/286) - Loss: 0.1001
[Client 3, Round 94] Progress: 59% (170/286) - Loss: 0.1070
[Client 3, Round 94] Progress: 60% (172/286) - Loss: 0.0926
[Client 3, Round 94] Progress: 60% (174/286) - Loss: 0.4959
[Client 3, Round 94] Progress: 61% (176/286) - Loss: 0.1115
[Client 3, Round 94] Progress: 62% (178/286) - Loss: 0.1438
[Client 3, Round 94] Progress: 62% (180/286) - Loss: 0.5749
[Client 3, Round 94] Progress: 63% (182/286) - Loss: 0.1446
[Client 3, Round 94] Progress: 64% (184/286) - Loss: 0.1105
[Client 3, Round 94] Progress: 65% (186/286) - Loss: 0.3559
[Client 3, Round 94] Progress: 65% (188/286) - Loss: 0.0636
[Client 3, Round 94] Progress: 66% (190/286) - Loss: 0.4325
[Client 3, Round 94] Progress: 67% (192/286) - Loss: 0.1292
[Client 3, Round 94] Progress: 67% (194/286) - Loss: 0.1107
[Client 3, Round 94] Progress: 68% (196/286) - Loss: 0.1004
[Client 3, Round 94] Progress: 69% (198/286) - Loss: 0.4580
[Client 3, Round 94] Progress: 69% (200/286) - Loss: 0.1931
[Client 3, Round 94] Progress: 70% (202/286) - Loss: 0.0430
[Client 3, Round 94] Progress: 71% (204/286) - Loss: 0.0931
[Client 3, Round 94] Progress: 72% (206/286) - Loss: 0.2152
[Client 3, Round 94] Progress: 72% (208/286) - Loss: 0.1446
[Client 3, Round 94] Progress: 73% (210/286) - Loss: 0.1934
[Client 3, Round 94] Progress: 74% (212/286) - Loss: 0.1156
[Client 3, Round 94] Progress: 74% (214/286) - Loss: 0.0559
[Client 3, Round 94] Progress: 75% (216/286) - Loss: 0.4402
[Client 3, Round 94] Progress: 76% (218/286) - Loss: 0.1317
[Client 3, Round 94] Progress: 76% (220/286) - Loss: 0.0923
[Client 3, Round 94] Progress: 77% (222/286) - Loss: 0.1379
[Client 3, Round 94] Progress: 78% (224/286) - Loss: 0.1166
[Client 3, Round 94] Progress: 79% (226/286) - Loss: 0.1183
[Client 3, Round 94] Progress: 79% (228/286) - Loss: 0.4091
[Client 3, Round 94] Progress: 80% (230/286) - Loss: 0.6786
[Client 3, Round 94] Progress: 81% (232/286) - Loss: 0.1478
[Client 3, Round 94] Progress: 81% (234/286) - Loss: 0.0941
[Client 3, Round 94] Progress: 82% (236/286) - Loss: 0.0603
[Client 3, Round 94] Progress: 83% (238/286) - Loss: 0.1753
[Client 3, Round 94] Progress: 83% (240/286) - Loss: 0.1570
[Client 3, Round 94] Progress: 84% (242/286) - Loss: 0.0639
[Client 3, Round 94] Progress: 85% (244/286) - Loss: 0.2368
[Client 3, Round 94] Progress: 86% (246/286) - Loss: 0.0748
[Client 3, Round 94] Progress: 86% (248/286) - Loss: 0.0582
[Client 3, Round 94] Progress: 87% (250/286) - Loss: 0.2143
[Client 3, Round 94] Progress: 88% (252/286) - Loss: 0.0629
[Client 3, Round 94] Progress: 88% (254/286) - Loss: 0.1253
[Client 3, Round 94] Progress: 89% (256/286) - Loss: 0.0990
[Client 3, Round 94] Progress: 90% (258/286) - Loss: 0.4335
[Client 3, Round 94] Progress: 90% (260/286) - Loss: 0.0899
[Client 3, Round 94] Progress: 91% (262/286) - Loss: 0.0715
[Client 3, Round 94] Progress: 92% (264/286) - Loss: 0.4522
[Client 3, Round 94] Progress: 93% (266/286) - Loss: 0.1341
[Client 3, Round 94] Progress: 93% (268/286) - Loss: 0.1348
[Client 3, Round 94] Progress: 94% (270/286) - Loss: 0.1669
[Client 3, Round 94] Progress: 95% (272/286) - Loss: 0.2001
[Client 3, Round 94] Progress: 95% (274/286) - Loss: 0.0569
[Client 3, Round 94] Progress: 96% (276/286) - Loss: 0.3203
[Client 3, Round 94] Progress: 97% (278/286) - Loss: 0.0613
[Client 3, Round 94] Progress: 97% (280/286) - Loss: 0.6670
[Client 3, Round 94] Progress: 98% (282/286) - Loss: 0.1998
[Client 3, Round 94] Progress: 99% (284/286) - Loss: 0.1887
[Client 3, Round 94] Progress: 100% (286/286) - Loss: 0.0623
[Client 3, Round 94] Train Loss: 0.1872
[Client 3, Round 94] Val Loss: 0.1606 | Val Dice: 0.8548
[Client 3, Round 95] Progress: 0% (2/286) - Loss: 0.1010
[Client 3, Round 95] Progress: 1% (4/286) - Loss: 0.1110
[Client 3, Round 95] Progress: 2% (6/286) - Loss: 0.0606
[Client 3, Round 95] Progress: 2% (8/286) - Loss: 0.1050
[Client 3, Round 95] Progress: 3% (10/286) - Loss: 0.2100
[Client 3, Round 95] Progress: 4% (12/286) - Loss: 0.1633
[Client 3, Round 95] Progress: 4% (14/286) - Loss: 0.1551
[Client 3, Round 95] Progress: 5% (16/286) - Loss: 0.1998
[Client 3, Round 95] Progress: 6% (18/286) - Loss: 0.1821
[Client 3, Round 95] Progress: 6% (20/286) - Loss: 0.1203
[Client 3, Round 95] Progress: 7% (22/286) - Loss: 0.1104
[Client 3, Round 95] Progress: 8% (24/286) - Loss: 0.2289
[Client 3, Round 95] Progress: 9% (26/286) - Loss: 0.5101
[Client 3, Round 95] Progress: 9% (28/286) - Loss: 0.0871
[Client 3, Round 95] Progress: 10% (30/286) - Loss: 0.0430
[Client 3, Round 95] Progress: 11% (32/286) - Loss: 0.1423
[Client 3, Round 95] Progress: 11% (34/286) - Loss: 0.0659
[Client 3, Round 95] Progress: 12% (36/286) - Loss: 0.1055
[Client 3, Round 95] Progress: 13% (38/286) - Loss: 0.7090
[Client 3, Round 95] Progress: 13% (40/286) - Loss: 0.0870
[Client 3, Round 95] Progress: 14% (42/286) - Loss: 0.1371
[Client 3, Round 95] Progress: 15% (44/286) - Loss: 0.0885
[Client 3, Round 95] Progress: 16% (46/286) - Loss: 0.0706
[Client 3, Round 95] Progress: 16% (48/286) - Loss: 0.1123
[Client 3, Round 95] Progress: 17% (50/286) - Loss: 0.0868
[Client 3, Round 95] Progress: 18% (52/286) - Loss: 0.1153
[Client 3, Round 95] Progress: 18% (54/286) - Loss: 0.2209
[Client 3, Round 95] Progress: 19% (56/286) - Loss: 0.0705
[Client 3, Round 95] Progress: 20% (58/286) - Loss: 0.1636
[Client 3, Round 95] Progress: 20% (60/286) - Loss: 0.3588
[Client 3, Round 95] Progress: 21% (62/286) - Loss: 0.1402
[Client 3, Round 95] Progress: 22% (64/286) - Loss: 0.1007
[Client 3, Round 95] Progress: 23% (66/286) - Loss: 0.0956
[Client 3, Round 95] Progress: 23% (68/286) - Loss: 0.1521
[Client 3, Round 95] Progress: 24% (70/286) - Loss: 0.1398
[Client 3, Round 95] Progress: 25% (72/286) - Loss: 0.1830
[Client 3, Round 95] Progress: 25% (74/286) - Loss: 0.0302
[Client 3, Round 95] Progress: 26% (76/286) - Loss: 0.1607
[Client 3, Round 95] Progress: 27% (78/286) - Loss: 0.0937
[Client 3, Round 95] Progress: 27% (80/286) - Loss: 0.1167
[Client 3, Round 95] Progress: 28% (82/286) - Loss: 0.4329
[Client 3, Round 95] Progress: 29% (84/286) - Loss: 0.0667
[Client 3, Round 95] Progress: 30% (86/286) - Loss: 0.0409
[Client 3, Round 95] Progress: 30% (88/286) - Loss: 0.1547
[Client 3, Round 95] Progress: 31% (90/286) - Loss: 0.4400
[Client 3, Round 95] Progress: 32% (92/286) - Loss: 0.3792
[Client 3, Round 95] Progress: 32% (94/286) - Loss: 0.1687
[Client 3, Round 95] Progress: 33% (96/286) - Loss: 0.0506
[Client 3, Round 95] Progress: 34% (98/286) - Loss: 0.0633
[Client 3, Round 95] Progress: 34% (100/286) - Loss: 0.1073
[Client 3, Round 95] Progress: 35% (102/286) - Loss: 0.2120
[Client 3, Round 95] Progress: 36% (104/286) - Loss: 0.1261
[Client 3, Round 95] Progress: 37% (106/286) - Loss: 0.1707
[Client 3, Round 95] Progress: 37% (108/286) - Loss: 0.0912
[Client 3, Round 95] Progress: 38% (110/286) - Loss: 0.2512
[Client 3, Round 95] Progress: 39% (112/286) - Loss: 0.1161
[Client 3, Round 95] Progress: 39% (114/286) - Loss: 0.0429
[Client 3, Round 95] Progress: 40% (116/286) - Loss: 0.1152
[Client 3, Round 95] Progress: 41% (118/286) - Loss: 0.4613
[Client 3, Round 95] Progress: 41% (120/286) - Loss: 0.0684
[Client 3, Round 95] Progress: 42% (122/286) - Loss: 0.1464
[Client 3, Round 95] Progress: 43% (124/286) - Loss: 0.1522
[Client 3, Round 95] Progress: 44% (126/286) - Loss: 0.0769
[Client 3, Round 95] Progress: 44% (128/286) - Loss: 0.1919
[Client 3, Round 95] Progress: 45% (130/286) - Loss: 0.1574
[Client 3, Round 95] Progress: 46% (132/286) - Loss: 0.0890
[Client 3, Round 95] Progress: 46% (134/286) - Loss: 0.1141
[Client 3, Round 95] Progress: 47% (136/286) - Loss: 0.1620
[Client 3, Round 95] Progress: 48% (138/286) - Loss: 0.2046
[Client 3, Round 95] Progress: 48% (140/286) - Loss: 0.1068
[Client 3, Round 95] Progress: 49% (142/286) - Loss: 0.1380
[Client 3, Round 95] Progress: 50% (144/286) - Loss: 0.2637
[Client 3, Round 95] Progress: 51% (146/286) - Loss: 0.1982
[Client 3, Round 95] Progress: 51% (148/286) - Loss: 0.1110
[Client 3, Round 95] Progress: 52% (150/286) - Loss: 0.4247
[Client 3, Round 95] Progress: 53% (152/286) - Loss: 0.4367
[Client 3, Round 95] Progress: 53% (154/286) - Loss: 0.1316
[Client 3, Round 95] Progress: 54% (156/286) - Loss: 0.3030
[Client 3, Round 95] Progress: 55% (158/286) - Loss: 0.0943
[Client 3, Round 95] Progress: 55% (160/286) - Loss: 0.5164
[Client 3, Round 95] Progress: 56% (162/286) - Loss: 0.1263
[Client 3, Round 95] Progress: 57% (164/286) - Loss: 0.1804
[Client 3, Round 95] Progress: 58% (166/286) - Loss: 0.4057
[Client 3, Round 95] Progress: 58% (168/286) - Loss: 0.0784
[Client 3, Round 95] Progress: 59% (170/286) - Loss: 0.0732
[Client 3, Round 95] Progress: 60% (172/286) - Loss: 0.0965
[Client 3, Round 95] Progress: 60% (174/286) - Loss: 0.1062
[Client 3, Round 95] Progress: 61% (176/286) - Loss: 0.1774
[Client 3, Round 95] Progress: 62% (178/286) - Loss: 0.0470
[Client 3, Round 95] Progress: 62% (180/286) - Loss: 0.4430
[Client 3, Round 95] Progress: 63% (182/286) - Loss: 0.0751
[Client 3, Round 95] Progress: 64% (184/286) - Loss: 0.0841
[Client 3, Round 95] Progress: 65% (186/286) - Loss: 0.4609
[Client 3, Round 95] Progress: 65% (188/286) - Loss: 0.1491
[Client 3, Round 95] Progress: 66% (190/286) - Loss: 0.1232
[Client 3, Round 95] Progress: 67% (192/286) - Loss: 0.1144
[Client 3, Round 95] Progress: 67% (194/286) - Loss: 0.1293
[Client 3, Round 95] Progress: 68% (196/286) - Loss: 0.2125
[Client 3, Round 95] Progress: 69% (198/286) - Loss: 0.0417
[Client 3, Round 95] Progress: 69% (200/286) - Loss: 0.1821
[Client 3, Round 95] Progress: 70% (202/286) - Loss: 0.4153
[Client 3, Round 95] Progress: 71% (204/286) - Loss: 0.2508
[Client 3, Round 95] Progress: 72% (206/286) - Loss: 0.1671
[Client 3, Round 95] Progress: 72% (208/286) - Loss: 0.1089
[Client 3, Round 95] Progress: 73% (210/286) - Loss: 0.1087
[Client 3, Round 95] Progress: 74% (212/286) - Loss: 0.0732
[Client 3, Round 95] Progress: 74% (214/286) - Loss: 0.0845
[Client 3, Round 95] Progress: 75% (216/286) - Loss: 0.0719
[Client 3, Round 95] Progress: 76% (218/286) - Loss: 0.1156
[Client 3, Round 95] Progress: 76% (220/286) - Loss: 0.2295
[Client 3, Round 95] Progress: 77% (222/286) - Loss: 0.1427
[Client 3, Round 95] Progress: 78% (224/286) - Loss: 0.1362
[Client 3, Round 95] Progress: 79% (226/286) - Loss: 0.2346
[Client 3, Round 95] Progress: 79% (228/286) - Loss: 0.0911
[Client 3, Round 95] Progress: 80% (230/286) - Loss: 0.1082
[Client 3, Round 95] Progress: 81% (232/286) - Loss: 0.1203
[Client 3, Round 95] Progress: 81% (234/286) - Loss: 0.1264
[Client 3, Round 95] Progress: 82% (236/286) - Loss: 0.0885
[Client 3, Round 95] Progress: 83% (238/286) - Loss: 0.1772
[Client 3, Round 95] Progress: 83% (240/286) - Loss: 0.1175
[Client 3, Round 95] Progress: 84% (242/286) - Loss: 0.1895
[Client 3, Round 95] Progress: 85% (244/286) - Loss: 0.2379
[Client 3, Round 95] Progress: 86% (246/286) - Loss: 0.2656
[Client 3, Round 95] Progress: 86% (248/286) - Loss: 0.2718
[Client 3, Round 95] Progress: 87% (250/286) - Loss: 0.1466
[Client 3, Round 95] Progress: 88% (252/286) - Loss: 0.1069
[Client 3, Round 95] Progress: 88% (254/286) - Loss: 0.0725
[Client 3, Round 95] Progress: 89% (256/286) - Loss: 0.4052
[Client 3, Round 95] Progress: 90% (258/286) - Loss: 0.0555
[Client 3, Round 95] Progress: 90% (260/286) - Loss: 0.1271
[Client 3, Round 95] Progress: 91% (262/286) - Loss: 0.1295
[Client 3, Round 95] Progress: 92% (264/286) - Loss: 0.1247
[Client 3, Round 95] Progress: 93% (266/286) - Loss: 0.7522
[Client 3, Round 95] Progress: 93% (268/286) - Loss: 0.0564
[Client 3, Round 95] Progress: 94% (270/286) - Loss: 0.1146
[Client 3, Round 95] Progress: 95% (272/286) - Loss: 0.0882
[Client 3, Round 95] Progress: 95% (274/286) - Loss: 0.1083
[Client 3, Round 95] Progress: 96% (276/286) - Loss: 0.1424
[Client 3, Round 95] Progress: 97% (278/286) - Loss: 0.1130
[Client 3, Round 95] Progress: 97% (280/286) - Loss: 0.2992
[Client 3, Round 95] Progress: 98% (282/286) - Loss: 0.1118
[Client 3, Round 95] Progress: 99% (284/286) - Loss: 0.0806
[Client 3, Round 95] Progress: 100% (286/286) - Loss: 0.1278
[Client 3, Round 95] Train Loss: 0.1777
[Client 3, Round 95] Val Loss: 0.1581 | Val Dice: 0.8565
[Client 3, Round 96] Progress: 0% (2/286) - Loss: 0.2158
[Client 3, Round 96] Progress: 1% (4/286) - Loss: 0.2168
[Client 3, Round 96] Progress: 2% (6/286) - Loss: 0.1304
[Client 3, Round 96] Progress: 2% (8/286) - Loss: 0.4085
[Client 3, Round 96] Progress: 3% (10/286) - Loss: 0.1074
[Client 3, Round 96] Progress: 4% (12/286) - Loss: 0.5276
[Client 3, Round 96] Progress: 4% (14/286) - Loss: 0.0940
[Client 3, Round 96] Progress: 5% (16/286) - Loss: 0.1386
[Client 3, Round 96] Progress: 6% (18/286) - Loss: 0.4490
[Client 3, Round 96] Progress: 6% (20/286) - Loss: 0.0458
[Client 3, Round 96] Progress: 7% (22/286) - Loss: 0.1040
[Client 3, Round 96] Progress: 8% (24/286) - Loss: 0.4539
[Client 3, Round 96] Progress: 9% (26/286) - Loss: 0.4197
[Client 3, Round 96] Progress: 9% (28/286) - Loss: 0.5081
[Client 3, Round 96] Progress: 10% (30/286) - Loss: 0.2582
[Client 3, Round 96] Progress: 11% (32/286) - Loss: 0.0534
[Client 3, Round 96] Progress: 11% (34/286) - Loss: 0.2893
[Client 3, Round 96] Progress: 12% (36/286) - Loss: 0.0934
[Client 3, Round 96] Progress: 13% (38/286) - Loss: 0.1223
[Client 3, Round 96] Progress: 13% (40/286) - Loss: 0.1741
[Client 3, Round 96] Progress: 14% (42/286) - Loss: 0.3623
[Client 3, Round 96] Progress: 15% (44/286) - Loss: 0.1349
[Client 3, Round 96] Progress: 16% (46/286) - Loss: 0.0619
[Client 3, Round 96] Progress: 16% (48/286) - Loss: 0.1508
[Client 3, Round 96] Progress: 17% (50/286) - Loss: 0.1593
[Client 3, Round 96] Progress: 18% (52/286) - Loss: 0.1107
[Client 3, Round 96] Progress: 18% (54/286) - Loss: 0.4515
[Client 3, Round 96] Progress: 19% (56/286) - Loss: 0.1342
[Client 3, Round 96] Progress: 20% (58/286) - Loss: 0.1522
[Client 3, Round 96] Progress: 20% (60/286) - Loss: 0.4626
[Client 3, Round 96] Progress: 21% (62/286) - Loss: 0.2045
[Client 3, Round 96] Progress: 22% (64/286) - Loss: 0.0537
[Client 3, Round 96] Progress: 23% (66/286) - Loss: 0.1515
[Client 3, Round 96] Progress: 23% (68/286) - Loss: 0.1290
[Client 3, Round 96] Progress: 24% (70/286) - Loss: 0.1128
[Client 3, Round 96] Progress: 25% (72/286) - Loss: 0.2896
[Client 3, Round 96] Progress: 25% (74/286) - Loss: 0.1510
[Client 3, Round 96] Progress: 26% (76/286) - Loss: 0.1414
[Client 3, Round 96] Progress: 27% (78/286) - Loss: 0.4141
[Client 3, Round 96] Progress: 27% (80/286) - Loss: 0.1174
[Client 3, Round 96] Progress: 28% (82/286) - Loss: 0.1382
[Client 3, Round 96] Progress: 29% (84/286) - Loss: 0.1744
[Client 3, Round 96] Progress: 30% (86/286) - Loss: 0.1180
[Client 3, Round 96] Progress: 30% (88/286) - Loss: 0.0746
[Client 3, Round 96] Progress: 31% (90/286) - Loss: 0.0856
[Client 3, Round 96] Progress: 32% (92/286) - Loss: 0.3276
[Client 3, Round 96] Progress: 32% (94/286) - Loss: 0.1577
[Client 3, Round 96] Progress: 33% (96/286) - Loss: 0.0670
[Client 3, Round 96] Progress: 34% (98/286) - Loss: 0.1930
[Client 3, Round 96] Progress: 34% (100/286) - Loss: 0.1578
[Client 3, Round 96] Progress: 35% (102/286) - Loss: 0.1828
[Client 3, Round 96] Progress: 36% (104/286) - Loss: 0.1479
[Client 3, Round 96] Progress: 37% (106/286) - Loss: 0.0764
[Client 3, Round 96] Progress: 37% (108/286) - Loss: 0.1879
[Client 3, Round 96] Progress: 38% (110/286) - Loss: 0.0882
[Client 3, Round 96] Progress: 39% (112/286) - Loss: 0.1064
[Client 3, Round 96] Progress: 39% (114/286) - Loss: 0.1421
[Client 3, Round 96] Progress: 40% (116/286) - Loss: 0.1449
[Client 3, Round 96] Progress: 41% (118/286) - Loss: 0.1582
[Client 3, Round 96] Progress: 41% (120/286) - Loss: 0.1197
[Client 3, Round 96] Progress: 42% (122/286) - Loss: 0.0704
[Client 3, Round 96] Progress: 43% (124/286) - Loss: 0.1107
[Client 3, Round 96] Progress: 44% (126/286) - Loss: 0.4945
[Client 3, Round 96] Progress: 44% (128/286) - Loss: 0.1776
[Client 3, Round 96] Progress: 45% (130/286) - Loss: 0.0701
[Client 3, Round 96] Progress: 46% (132/286) - Loss: 0.0696
[Client 3, Round 96] Progress: 46% (134/286) - Loss: 0.0965
[Client 3, Round 96] Progress: 47% (136/286) - Loss: 0.4988
[Client 3, Round 96] Progress: 48% (138/286) - Loss: 0.6986
[Client 3, Round 96] Progress: 48% (140/286) - Loss: 0.0687
[Client 3, Round 96] Progress: 49% (142/286) - Loss: 0.0996
[Client 3, Round 96] Progress: 50% (144/286) - Loss: 0.2218
[Client 3, Round 96] Progress: 51% (146/286) - Loss: 0.1528
[Client 3, Round 96] Progress: 51% (148/286) - Loss: 0.1197
[Client 3, Round 96] Progress: 52% (150/286) - Loss: 0.2437
[Client 3, Round 96] Progress: 53% (152/286) - Loss: 0.1069
[Client 3, Round 96] Progress: 53% (154/286) - Loss: 0.1069
[Client 3, Round 96] Progress: 54% (156/286) - Loss: 0.1547
[Client 3, Round 96] Progress: 55% (158/286) - Loss: 0.1781
[Client 3, Round 96] Progress: 55% (160/286) - Loss: 0.2332
[Client 3, Round 96] Progress: 56% (162/286) - Loss: 0.6789
[Client 3, Round 96] Progress: 57% (164/286) - Loss: 0.4247
[Client 3, Round 96] Progress: 58% (166/286) - Loss: 0.0537
[Client 3, Round 96] Progress: 58% (168/286) - Loss: 0.0968
[Client 3, Round 96] Progress: 59% (170/286) - Loss: 0.6493
[Client 3, Round 96] Progress: 60% (172/286) - Loss: 0.0963
[Client 3, Round 96] Progress: 60% (174/286) - Loss: 0.1643
[Client 3, Round 96] Progress: 61% (176/286) - Loss: 0.1205
[Client 3, Round 96] Progress: 62% (178/286) - Loss: 0.1597
[Client 3, Round 96] Progress: 62% (180/286) - Loss: 0.1841
[Client 3, Round 96] Progress: 63% (182/286) - Loss: 0.1474
[Client 3, Round 96] Progress: 64% (184/286) - Loss: 0.1148
[Client 3, Round 96] Progress: 65% (186/286) - Loss: 0.1696
[Client 3, Round 96] Progress: 65% (188/286) - Loss: 0.1837
[Client 3, Round 96] Progress: 66% (190/286) - Loss: 0.0731
[Client 3, Round 96] Progress: 67% (192/286) - Loss: 0.0734
[Client 3, Round 96] Progress: 67% (194/286) - Loss: 0.3633
[Client 3, Round 96] Progress: 68% (196/286) - Loss: 0.0474
[Client 3, Round 96] Progress: 69% (198/286) - Loss: 0.0904
[Client 3, Round 96] Progress: 69% (200/286) - Loss: 0.4565
[Client 3, Round 96] Progress: 70% (202/286) - Loss: 0.3329
[Client 3, Round 96] Progress: 71% (204/286) - Loss: 0.1130
[Client 3, Round 96] Progress: 72% (206/286) - Loss: 0.2730
[Client 3, Round 96] Progress: 72% (208/286) - Loss: 0.0961
[Client 3, Round 96] Progress: 73% (210/286) - Loss: 0.0858
[Client 3, Round 96] Progress: 74% (212/286) - Loss: 0.1017
[Client 3, Round 96] Progress: 74% (214/286) - Loss: 0.1261
[Client 3, Round 96] Progress: 75% (216/286) - Loss: 0.1361
[Client 3, Round 96] Progress: 76% (218/286) - Loss: 0.0823
[Client 3, Round 96] Progress: 76% (220/286) - Loss: 0.1280
[Client 3, Round 96] Progress: 77% (222/286) - Loss: 0.4539
[Client 3, Round 96] Progress: 78% (224/286) - Loss: 0.1160
[Client 3, Round 96] Progress: 79% (226/286) - Loss: 0.4020
[Client 3, Round 96] Progress: 79% (228/286) - Loss: 0.1143
[Client 3, Round 96] Progress: 80% (230/286) - Loss: 0.0685
[Client 3, Round 96] Progress: 81% (232/286) - Loss: 0.4735
[Client 3, Round 96] Progress: 81% (234/286) - Loss: 0.0807
[Client 3, Round 96] Progress: 82% (236/286) - Loss: 0.4637
[Client 3, Round 96] Progress: 83% (238/286) - Loss: 0.0453
[Client 3, Round 96] Progress: 83% (240/286) - Loss: 0.0436
[Client 3, Round 96] Progress: 84% (242/286) - Loss: 0.1135
[Client 3, Round 96] Progress: 85% (244/286) - Loss: 0.1316
[Client 3, Round 96] Progress: 86% (246/286) - Loss: 0.0990
[Client 3, Round 96] Progress: 86% (248/286) - Loss: 0.0827
[Client 3, Round 96] Progress: 87% (250/286) - Loss: 0.1795
[Client 3, Round 96] Progress: 88% (252/286) - Loss: 0.2152
[Client 3, Round 96] Progress: 88% (254/286) - Loss: 0.0939
[Client 3, Round 96] Progress: 89% (256/286) - Loss: 0.1567
[Client 3, Round 96] Progress: 90% (258/286) - Loss: 0.1161
[Client 3, Round 96] Progress: 90% (260/286) - Loss: 0.1597
[Client 3, Round 96] Progress: 91% (262/286) - Loss: 0.1692
[Client 3, Round 96] Progress: 92% (264/286) - Loss: 0.1284
[Client 3, Round 96] Progress: 93% (266/286) - Loss: 0.0824
[Client 3, Round 96] Progress: 93% (268/286) - Loss: 0.6449
[Client 3, Round 96] Progress: 94% (270/286) - Loss: 0.1134
[Client 3, Round 96] Progress: 95% (272/286) - Loss: 0.4675
[Client 3, Round 96] Progress: 95% (274/286) - Loss: 0.1922
[Client 3, Round 96] Progress: 96% (276/286) - Loss: 0.0809
[Client 3, Round 96] Progress: 97% (278/286) - Loss: 0.0827
[Client 3, Round 96] Progress: 97% (280/286) - Loss: 0.1557
[Client 3, Round 96] Progress: 98% (282/286) - Loss: 0.7968
[Client 3, Round 96] Progress: 99% (284/286) - Loss: 0.1140
[Client 3, Round 96] Progress: 100% (286/286) - Loss: 0.1613
[Client 3, Round 96] Train Loss: 0.1932
[Client 3, Round 96] Val Loss: 0.1629 | Val Dice: 0.8524
[Client 3, Round 97] Progress: 0% (2/286) - Loss: 0.1681
[Client 3, Round 97] Progress: 1% (4/286) - Loss: 0.5131
[Client 3, Round 97] Progress: 2% (6/286) - Loss: 0.0935
[Client 3, Round 97] Progress: 2% (8/286) - Loss: 0.2203
[Client 3, Round 97] Progress: 3% (10/286) - Loss: 0.1287
[Client 3, Round 97] Progress: 4% (12/286) - Loss: 0.1450
[Client 3, Round 97] Progress: 4% (14/286) - Loss: 0.1593
[Client 3, Round 97] Progress: 5% (16/286) - Loss: 0.3126
[Client 3, Round 97] Progress: 6% (18/286) - Loss: 0.0640
[Client 3, Round 97] Progress: 6% (20/286) - Loss: 0.4794
[Client 3, Round 97] Progress: 7% (22/286) - Loss: 0.1150
[Client 3, Round 97] Progress: 8% (24/286) - Loss: 0.0865
[Client 3, Round 97] Progress: 9% (26/286) - Loss: 0.2037
[Client 3, Round 97] Progress: 9% (28/286) - Loss: 0.0382
[Client 3, Round 97] Progress: 10% (30/286) - Loss: 0.1532
[Client 3, Round 97] Progress: 11% (32/286) - Loss: 0.0924
[Client 3, Round 97] Progress: 11% (34/286) - Loss: 0.1125
[Client 3, Round 97] Progress: 12% (36/286) - Loss: 0.4016
[Client 3, Round 97] Progress: 13% (38/286) - Loss: 0.6988
[Client 3, Round 97] Progress: 13% (40/286) - Loss: 0.4249
[Client 3, Round 97] Progress: 14% (42/286) - Loss: 0.1034
[Client 3, Round 97] Progress: 15% (44/286) - Loss: 0.0741
[Client 3, Round 97] Progress: 16% (46/286) - Loss: 0.1679
[Client 3, Round 97] Progress: 16% (48/286) - Loss: 0.0694
[Client 3, Round 97] Progress: 17% (50/286) - Loss: 0.3707
[Client 3, Round 97] Progress: 18% (52/286) - Loss: 0.3288
[Client 3, Round 97] Progress: 18% (54/286) - Loss: 0.1423
[Client 3, Round 97] Progress: 19% (56/286) - Loss: 0.1126
[Client 3, Round 97] Progress: 20% (58/286) - Loss: 0.4651
[Client 3, Round 97] Progress: 20% (60/286) - Loss: 0.0698
[Client 3, Round 97] Progress: 21% (62/286) - Loss: 0.1601
[Client 3, Round 97] Progress: 22% (64/286) - Loss: 0.0937
[Client 3, Round 97] Progress: 23% (66/286) - Loss: 0.0728
[Client 3, Round 97] Progress: 23% (68/286) - Loss: 0.1409
[Client 3, Round 97] Progress: 24% (70/286) - Loss: 0.1388
[Client 3, Round 97] Progress: 25% (72/286) - Loss: 0.1653
[Client 3, Round 97] Progress: 25% (74/286) - Loss: 0.1098
[Client 3, Round 97] Progress: 26% (76/286) - Loss: 0.1842
[Client 3, Round 97] Progress: 27% (78/286) - Loss: 0.4367
[Client 3, Round 97] Progress: 27% (80/286) - Loss: 0.1005
[Client 3, Round 97] Progress: 28% (82/286) - Loss: 0.1750
[Client 3, Round 97] Progress: 29% (84/286) - Loss: 0.0956
[Client 3, Round 97] Progress: 30% (86/286) - Loss: 0.1018
[Client 3, Round 97] Progress: 30% (88/286) - Loss: 0.0866
[Client 3, Round 97] Progress: 31% (90/286) - Loss: 0.1707
[Client 3, Round 97] Progress: 32% (92/286) - Loss: 0.0726
[Client 3, Round 97] Progress: 32% (94/286) - Loss: 0.4268
[Client 3, Round 97] Progress: 33% (96/286) - Loss: 0.4704
[Client 3, Round 97] Progress: 34% (98/286) - Loss: 0.0682
[Client 3, Round 97] Progress: 34% (100/286) - Loss: 0.1872
[Client 3, Round 97] Progress: 35% (102/286) - Loss: 0.1876
[Client 3, Round 97] Progress: 36% (104/286) - Loss: 0.2267
[Client 3, Round 97] Progress: 37% (106/286) - Loss: 0.1993
[Client 3, Round 97] Progress: 37% (108/286) - Loss: 0.0721
[Client 3, Round 97] Progress: 38% (110/286) - Loss: 0.1465
[Client 3, Round 97] Progress: 39% (112/286) - Loss: 0.3958
[Client 3, Round 97] Progress: 39% (114/286) - Loss: 0.1652
[Client 3, Round 97] Progress: 40% (116/286) - Loss: 0.1844
[Client 3, Round 97] Progress: 41% (118/286) - Loss: 0.4514
[Client 3, Round 97] Progress: 41% (120/286) - Loss: 0.1050
[Client 3, Round 97] Progress: 42% (122/286) - Loss: 0.0874
[Client 3, Round 97] Progress: 43% (124/286) - Loss: 0.1695
[Client 3, Round 97] Progress: 44% (126/286) - Loss: 0.1729
[Client 3, Round 97] Progress: 44% (128/286) - Loss: 0.1339
[Client 3, Round 97] Progress: 45% (130/286) - Loss: 0.2283
[Client 3, Round 97] Progress: 46% (132/286) - Loss: 0.1919
[Client 3, Round 97] Progress: 46% (134/286) - Loss: 0.1163
[Client 3, Round 97] Progress: 47% (136/286) - Loss: 0.1534
[Client 3, Round 97] Progress: 48% (138/286) - Loss: 0.4554
[Client 3, Round 97] Progress: 48% (140/286) - Loss: 0.2051
[Client 3, Round 97] Progress: 49% (142/286) - Loss: 0.1042
[Client 3, Round 97] Progress: 50% (144/286) - Loss: 0.0794
[Client 3, Round 97] Progress: 51% (146/286) - Loss: 0.1602
[Client 3, Round 97] Progress: 51% (148/286) - Loss: 0.1328
[Client 3, Round 97] Progress: 52% (150/286) - Loss: 0.1708
[Client 3, Round 97] Progress: 53% (152/286) - Loss: 0.2642
[Client 3, Round 97] Progress: 53% (154/286) - Loss: 0.1831
[Client 3, Round 97] Progress: 54% (156/286) - Loss: 0.4236
[Client 3, Round 97] Progress: 55% (158/286) - Loss: 0.2718
[Client 3, Round 97] Progress: 55% (160/286) - Loss: 0.0552
[Client 3, Round 97] Progress: 56% (162/286) - Loss: 0.1142
[Client 3, Round 97] Progress: 57% (164/286) - Loss: 0.1192
[Client 3, Round 97] Progress: 58% (166/286) - Loss: 0.0662
[Client 3, Round 97] Progress: 58% (168/286) - Loss: 0.1308
[Client 3, Round 97] Progress: 59% (170/286) - Loss: 0.1212
[Client 3, Round 97] Progress: 60% (172/286) - Loss: 0.0456
[Client 3, Round 97] Progress: 60% (174/286) - Loss: 0.4064
[Client 3, Round 97] Progress: 61% (176/286) - Loss: 0.0889
[Client 3, Round 97] Progress: 62% (178/286) - Loss: 0.1289
[Client 3, Round 97] Progress: 62% (180/286) - Loss: 0.4568
[Client 3, Round 97] Progress: 63% (182/286) - Loss: 0.2550
[Client 3, Round 97] Progress: 64% (184/286) - Loss: 0.1271
[Client 3, Round 97] Progress: 65% (186/286) - Loss: 0.3450
[Client 3, Round 97] Progress: 65% (188/286) - Loss: 0.2076
[Client 3, Round 97] Progress: 66% (190/286) - Loss: 0.1559
[Client 3, Round 97] Progress: 67% (192/286) - Loss: 0.6418
[Client 3, Round 97] Progress: 67% (194/286) - Loss: 0.0810
[Client 3, Round 97] Progress: 68% (196/286) - Loss: 0.1388
[Client 3, Round 97] Progress: 69% (198/286) - Loss: 0.1095
[Client 3, Round 97] Progress: 69% (200/286) - Loss: 0.0900
[Client 3, Round 97] Progress: 70% (202/286) - Loss: 0.4438
[Client 3, Round 97] Progress: 71% (204/286) - Loss: 0.1345
[Client 3, Round 97] Progress: 72% (206/286) - Loss: 0.1900
[Client 3, Round 97] Progress: 72% (208/286) - Loss: 0.0838
[Client 3, Round 97] Progress: 73% (210/286) - Loss: 0.1385
[Client 3, Round 97] Progress: 74% (212/286) - Loss: 0.0837
[Client 3, Round 97] Progress: 74% (214/286) - Loss: 0.1596
[Client 3, Round 97] Progress: 75% (216/286) - Loss: 0.1520
[Client 3, Round 97] Progress: 76% (218/286) - Loss: 0.1254
[Client 3, Round 97] Progress: 76% (220/286) - Loss: 0.7448
[Client 3, Round 97] Progress: 77% (222/286) - Loss: 0.1465
[Client 3, Round 97] Progress: 78% (224/286) - Loss: 0.0837
[Client 3, Round 97] Progress: 79% (226/286) - Loss: 0.2047
[Client 3, Round 97] Progress: 79% (228/286) - Loss: 0.0894
[Client 3, Round 97] Progress: 80% (230/286) - Loss: 0.2520
[Client 3, Round 97] Progress: 81% (232/286) - Loss: 0.2169
[Client 3, Round 97] Progress: 81% (234/286) - Loss: 0.1576
[Client 3, Round 97] Progress: 82% (236/286) - Loss: 0.0683
[Client 3, Round 97] Progress: 83% (238/286) - Loss: 0.0651
[Client 3, Round 97] Progress: 83% (240/286) - Loss: 0.1253
[Client 3, Round 97] Progress: 84% (242/286) - Loss: 0.1603
[Client 3, Round 97] Progress: 85% (244/286) - Loss: 0.0658
[Client 3, Round 97] Progress: 86% (246/286) - Loss: 0.1258
[Client 3, Round 97] Progress: 86% (248/286) - Loss: 0.1600
[Client 3, Round 97] Progress: 87% (250/286) - Loss: 0.0602
[Client 3, Round 97] Progress: 88% (252/286) - Loss: 0.1050
[Client 3, Round 97] Progress: 88% (254/286) - Loss: 0.2289
[Client 3, Round 97] Progress: 89% (256/286) - Loss: 0.1914
[Client 3, Round 97] Progress: 90% (258/286) - Loss: 0.1147
[Client 3, Round 97] Progress: 90% (260/286) - Loss: 0.1869
[Client 3, Round 97] Progress: 91% (262/286) - Loss: 0.1138
[Client 3, Round 97] Progress: 92% (264/286) - Loss: 0.2739
[Client 3, Round 97] Progress: 93% (266/286) - Loss: 0.0920
[Client 3, Round 97] Progress: 93% (268/286) - Loss: 0.0994
[Client 3, Round 97] Progress: 94% (270/286) - Loss: 0.1170
[Client 3, Round 97] Progress: 95% (272/286) - Loss: 0.1100
[Client 3, Round 97] Progress: 95% (274/286) - Loss: 0.1353
[Client 3, Round 97] Progress: 96% (276/286) - Loss: 0.3567
[Client 3, Round 97] Progress: 97% (278/286) - Loss: 0.1046
[Client 3, Round 97] Progress: 97% (280/286) - Loss: 0.2263
[Client 3, Round 97] Progress: 98% (282/286) - Loss: 0.1494
[Client 3, Round 97] Progress: 99% (284/286) - Loss: 0.1879
[Client 3, Round 97] Progress: 100% (286/286) - Loss: 0.2040
[Client 3, Round 97] Train Loss: 0.1818
[Client 3, Round 97] Val Loss: 0.1558 | Val Dice: 0.8601
[Client 3, Round 98] Progress: 0% (2/286) - Loss: 0.1851
[Client 3, Round 98] Progress: 1% (4/286) - Loss: 0.1112
[Client 3, Round 98] Progress: 2% (6/286) - Loss: 0.3117
[Client 3, Round 98] Progress: 2% (8/286) - Loss: 0.4348
[Client 3, Round 98] Progress: 3% (10/286) - Loss: 0.1009
[Client 3, Round 98] Progress: 4% (12/286) - Loss: 0.2632
[Client 3, Round 98] Progress: 4% (14/286) - Loss: 0.0516
[Client 3, Round 98] Progress: 5% (16/286) - Loss: 0.3378
[Client 3, Round 98] Progress: 6% (18/286) - Loss: 0.0916
[Client 3, Round 98] Progress: 6% (20/286) - Loss: 0.1681
[Client 3, Round 98] Progress: 7% (22/286) - Loss: 0.1185
[Client 3, Round 98] Progress: 8% (24/286) - Loss: 0.1348
[Client 3, Round 98] Progress: 9% (26/286) - Loss: 0.2934
[Client 3, Round 98] Progress: 9% (28/286) - Loss: 0.1167
[Client 3, Round 98] Progress: 10% (30/286) - Loss: 0.0873
[Client 3, Round 98] Progress: 11% (32/286) - Loss: 0.1218
[Client 3, Round 98] Progress: 11% (34/286) - Loss: 0.1308
[Client 3, Round 98] Progress: 12% (36/286) - Loss: 0.1033
[Client 3, Round 98] Progress: 13% (38/286) - Loss: 0.1208
[Client 3, Round 98] Progress: 13% (40/286) - Loss: 0.2387
[Client 3, Round 98] Progress: 14% (42/286) - Loss: 0.0821
[Client 3, Round 98] Progress: 15% (44/286) - Loss: 0.0639
[Client 3, Round 98] Progress: 16% (46/286) - Loss: 0.1156
[Client 3, Round 98] Progress: 16% (48/286) - Loss: 0.0831
[Client 3, Round 98] Progress: 17% (50/286) - Loss: 0.0859
[Client 3, Round 98] Progress: 18% (52/286) - Loss: 0.1511
[Client 3, Round 98] Progress: 18% (54/286) - Loss: 0.0813
[Client 3, Round 98] Progress: 19% (56/286) - Loss: 0.1144
[Client 3, Round 98] Progress: 20% (58/286) - Loss: 0.4452
[Client 3, Round 98] Progress: 20% (60/286) - Loss: 0.0509
[Client 3, Round 98] Progress: 21% (62/286) - Loss: 0.0825
[Client 3, Round 98] Progress: 22% (64/286) - Loss: 0.2278
[Client 3, Round 98] Progress: 23% (66/286) - Loss: 0.4052
[Client 3, Round 98] Progress: 23% (68/286) - Loss: 0.1633
[Client 3, Round 98] Progress: 24% (70/286) - Loss: 0.1333
[Client 3, Round 98] Progress: 25% (72/286) - Loss: 0.1373
[Client 3, Round 98] Progress: 25% (74/286) - Loss: 0.2237
[Client 3, Round 98] Progress: 26% (76/286) - Loss: 0.1601
[Client 3, Round 98] Progress: 27% (78/286) - Loss: 0.1136
[Client 3, Round 98] Progress: 27% (80/286) - Loss: 0.1902
[Client 3, Round 98] Progress: 28% (82/286) - Loss: 0.7476
[Client 3, Round 98] Progress: 29% (84/286) - Loss: 0.2027
[Client 3, Round 98] Progress: 30% (86/286) - Loss: 0.1146
[Client 3, Round 98] Progress: 30% (88/286) - Loss: 0.0713
[Client 3, Round 98] Progress: 31% (90/286) - Loss: 0.1189
[Client 3, Round 98] Progress: 32% (92/286) - Loss: 0.1552
[Client 3, Round 98] Progress: 32% (94/286) - Loss: 0.1318
[Client 3, Round 98] Progress: 33% (96/286) - Loss: 0.4383
[Client 3, Round 98] Progress: 34% (98/286) - Loss: 0.0929
[Client 3, Round 98] Progress: 34% (100/286) - Loss: 0.1416
[Client 3, Round 98] Progress: 35% (102/286) - Loss: 0.1881
[Client 3, Round 98] Progress: 36% (104/286) - Loss: 0.1136
[Client 3, Round 98] Progress: 37% (106/286) - Loss: 0.1008
[Client 3, Round 98] Progress: 37% (108/286) - Loss: 0.0485
[Client 3, Round 98] Progress: 38% (110/286) - Loss: 0.1543
[Client 3, Round 98] Progress: 39% (112/286) - Loss: 0.0422
[Client 3, Round 98] Progress: 39% (114/286) - Loss: 0.1242
[Client 3, Round 98] Progress: 40% (116/286) - Loss: 0.3294
[Client 3, Round 98] Progress: 41% (118/286) - Loss: 0.4219
[Client 3, Round 98] Progress: 41% (120/286) - Loss: 0.1619
[Client 3, Round 98] Progress: 42% (122/286) - Loss: 0.1759
[Client 3, Round 98] Progress: 43% (124/286) - Loss: 0.1368
[Client 3, Round 98] Progress: 44% (126/286) - Loss: 0.1325
[Client 3, Round 98] Progress: 44% (128/286) - Loss: 0.4908
[Client 3, Round 98] Progress: 45% (130/286) - Loss: 0.0580
[Client 3, Round 98] Progress: 46% (132/286) - Loss: 0.1852
[Client 3, Round 98] Progress: 46% (134/286) - Loss: 0.4546
[Client 3, Round 98] Progress: 47% (136/286) - Loss: 0.1738
[Client 3, Round 98] Progress: 48% (138/286) - Loss: 0.0482
[Client 3, Round 98] Progress: 48% (140/286) - Loss: 0.1232
[Client 3, Round 98] Progress: 49% (142/286) - Loss: 0.1348
[Client 3, Round 98] Progress: 50% (144/286) - Loss: 0.2221
[Client 3, Round 98] Progress: 51% (146/286) - Loss: 0.1897
[Client 3, Round 98] Progress: 51% (148/286) - Loss: 0.4454
[Client 3, Round 98] Progress: 52% (150/286) - Loss: 0.0746
[Client 3, Round 98] Progress: 53% (152/286) - Loss: 0.1622
[Client 3, Round 98] Progress: 53% (154/286) - Loss: 0.1026
[Client 3, Round 98] Progress: 54% (156/286) - Loss: 0.1071
[Client 3, Round 98] Progress: 55% (158/286) - Loss: 0.0909
[Client 3, Round 98] Progress: 55% (160/286) - Loss: 0.1087
[Client 3, Round 98] Progress: 56% (162/286) - Loss: 0.1940
[Client 3, Round 98] Progress: 57% (164/286) - Loss: 0.0648
[Client 3, Round 98] Progress: 58% (166/286) - Loss: 0.1602
[Client 3, Round 98] Progress: 58% (168/286) - Loss: 0.1107
[Client 3, Round 98] Progress: 59% (170/286) - Loss: 0.1738
[Client 3, Round 98] Progress: 60% (172/286) - Loss: 0.1240
[Client 3, Round 98] Progress: 60% (174/286) - Loss: 0.1179
[Client 3, Round 98] Progress: 61% (176/286) - Loss: 0.1055
[Client 3, Round 98] Progress: 62% (178/286) - Loss: 0.0879
[Client 3, Round 98] Progress: 62% (180/286) - Loss: 0.2042
[Client 3, Round 98] Progress: 63% (182/286) - Loss: 0.6607
[Client 3, Round 98] Progress: 64% (184/286) - Loss: 0.0486
[Client 3, Round 98] Progress: 65% (186/286) - Loss: 0.5272
[Client 3, Round 98] Progress: 65% (188/286) - Loss: 0.4595
[Client 3, Round 98] Progress: 66% (190/286) - Loss: 0.1078
[Client 3, Round 98] Progress: 67% (192/286) - Loss: 0.0853
[Client 3, Round 98] Progress: 67% (194/286) - Loss: 0.0584
[Client 3, Round 98] Progress: 68% (196/286) - Loss: 0.1597
[Client 3, Round 98] Progress: 69% (198/286) - Loss: 0.2116
[Client 3, Round 98] Progress: 69% (200/286) - Loss: 0.4679
[Client 3, Round 98] Progress: 70% (202/286) - Loss: 0.1107
[Client 3, Round 98] Progress: 71% (204/286) - Loss: 0.1257
[Client 3, Round 98] Progress: 72% (206/286) - Loss: 0.0980
[Client 3, Round 98] Progress: 72% (208/286) - Loss: 0.1026
[Client 3, Round 98] Progress: 73% (210/286) - Loss: 0.1243
[Client 3, Round 98] Progress: 74% (212/286) - Loss: 0.2449
[Client 3, Round 98] Progress: 74% (214/286) - Loss: 0.0636
[Client 3, Round 98] Progress: 75% (216/286) - Loss: 0.2064
[Client 3, Round 98] Progress: 76% (218/286) - Loss: 0.1434
[Client 3, Round 98] Progress: 76% (220/286) - Loss: 0.0747
[Client 3, Round 98] Progress: 77% (222/286) - Loss: 0.0718
[Client 3, Round 98] Progress: 78% (224/286) - Loss: 0.0714
[Client 3, Round 98] Progress: 79% (226/286) - Loss: 0.1895
[Client 3, Round 98] Progress: 79% (228/286) - Loss: 0.4690
[Client 3, Round 98] Progress: 80% (230/286) - Loss: 0.0738
[Client 3, Round 98] Progress: 81% (232/286) - Loss: 0.1812
[Client 3, Round 98] Progress: 81% (234/286) - Loss: 0.1277
[Client 3, Round 98] Progress: 82% (236/286) - Loss: 0.3609
[Client 3, Round 98] Progress: 83% (238/286) - Loss: 0.2896
[Client 3, Round 98] Progress: 83% (240/286) - Loss: 0.2174
[Client 3, Round 98] Progress: 84% (242/286) - Loss: 0.1175
[Client 3, Round 98] Progress: 85% (244/286) - Loss: 0.0878
[Client 3, Round 98] Progress: 86% (246/286) - Loss: 0.2534
[Client 3, Round 98] Progress: 86% (248/286) - Loss: 0.1549
[Client 3, Round 98] Progress: 87% (250/286) - Loss: 0.2366
[Client 3, Round 98] Progress: 88% (252/286) - Loss: 0.2140
[Client 3, Round 98] Progress: 88% (254/286) - Loss: 0.4908
[Client 3, Round 98] Progress: 89% (256/286) - Loss: 0.1248
[Client 3, Round 98] Progress: 90% (258/286) - Loss: 0.0837
[Client 3, Round 98] Progress: 90% (260/286) - Loss: 0.4551
[Client 3, Round 98] Progress: 91% (262/286) - Loss: 0.4330
[Client 3, Round 98] Progress: 92% (264/286) - Loss: 0.1923
[Client 3, Round 98] Progress: 93% (266/286) - Loss: 0.4042
[Client 3, Round 98] Progress: 93% (268/286) - Loss: 0.1658
[Client 3, Round 98] Progress: 94% (270/286) - Loss: 0.1278
[Client 3, Round 98] Progress: 95% (272/286) - Loss: 0.1607
[Client 3, Round 98] Progress: 95% (274/286) - Loss: 0.3234
[Client 3, Round 98] Progress: 96% (276/286) - Loss: 0.1033
[Client 3, Round 98] Progress: 97% (278/286) - Loss: 0.0946
[Client 3, Round 98] Progress: 97% (280/286) - Loss: 0.1591
[Client 3, Round 98] Progress: 98% (282/286) - Loss: 0.2344
[Client 3, Round 98] Progress: 99% (284/286) - Loss: 0.1282
[Client 3, Round 98] Progress: 100% (286/286) - Loss: 0.1240
[Client 3, Round 98] Train Loss: 0.1892
[Client 3, Round 98] Val Loss: 0.1667 | Val Dice: 0.8526
[Client 3, Round 99] Progress: 0% (2/286) - Loss: 0.1155
[Client 3, Round 99] Progress: 1% (4/286) - Loss: 0.1038
[Client 3, Round 99] Progress: 2% (6/286) - Loss: 0.2368
[Client 3, Round 99] Progress: 2% (8/286) - Loss: 0.1440
[Client 3, Round 99] Progress: 3% (10/286) - Loss: 0.1593
[Client 3, Round 99] Progress: 4% (12/286) - Loss: 0.1759
[Client 3, Round 99] Progress: 4% (14/286) - Loss: 0.2224
[Client 3, Round 99] Progress: 5% (16/286) - Loss: 0.1153
[Client 3, Round 99] Progress: 6% (18/286) - Loss: 0.1318
[Client 3, Round 99] Progress: 6% (20/286) - Loss: 0.2155
[Client 3, Round 99] Progress: 7% (22/286) - Loss: 0.0776
[Client 3, Round 99] Progress: 8% (24/286) - Loss: 0.1196
[Client 3, Round 99] Progress: 9% (26/286) - Loss: 0.2645
[Client 3, Round 99] Progress: 9% (28/286) - Loss: 0.1638
[Client 3, Round 99] Progress: 10% (30/286) - Loss: 0.0969
[Client 3, Round 99] Progress: 11% (32/286) - Loss: 0.0620
[Client 3, Round 99] Progress: 11% (34/286) - Loss: 0.0779
[Client 3, Round 99] Progress: 12% (36/286) - Loss: 0.2349
[Client 3, Round 99] Progress: 13% (38/286) - Loss: 0.0444
[Client 3, Round 99] Progress: 13% (40/286) - Loss: 0.1132
[Client 3, Round 99] Progress: 14% (42/286) - Loss: 0.1514
[Client 3, Round 99] Progress: 15% (44/286) - Loss: 0.0411
[Client 3, Round 99] Progress: 16% (46/286) - Loss: 0.1554
[Client 3, Round 99] Progress: 16% (48/286) - Loss: 0.0907
[Client 3, Round 99] Progress: 17% (50/286) - Loss: 0.4443
[Client 3, Round 99] Progress: 18% (52/286) - Loss: 0.0883
[Client 3, Round 99] Progress: 18% (54/286) - Loss: 0.1569
[Client 3, Round 99] Progress: 19% (56/286) - Loss: 0.0896
[Client 3, Round 99] Progress: 20% (58/286) - Loss: 0.2086
[Client 3, Round 99] Progress: 20% (60/286) - Loss: 0.1674
[Client 3, Round 99] Progress: 21% (62/286) - Loss: 0.1216
[Client 3, Round 99] Progress: 22% (64/286) - Loss: 0.1268
[Client 3, Round 99] Progress: 23% (66/286) - Loss: 0.3404
[Client 3, Round 99] Progress: 23% (68/286) - Loss: 0.0712
[Client 3, Round 99] Progress: 24% (70/286) - Loss: 0.1802
[Client 3, Round 99] Progress: 25% (72/286) - Loss: 0.1035
[Client 3, Round 99] Progress: 25% (74/286) - Loss: 0.1562
[Client 3, Round 99] Progress: 26% (76/286) - Loss: 0.0674
[Client 3, Round 99] Progress: 27% (78/286) - Loss: 0.2655
[Client 3, Round 99] Progress: 27% (80/286) - Loss: 0.0650
[Client 3, Round 99] Progress: 28% (82/286) - Loss: 0.4412
[Client 3, Round 99] Progress: 29% (84/286) - Loss: 0.3969
[Client 3, Round 99] Progress: 30% (86/286) - Loss: 0.1211
[Client 3, Round 99] Progress: 30% (88/286) - Loss: 0.0963
[Client 3, Round 99] Progress: 31% (90/286) - Loss: 0.2750
[Client 3, Round 99] Progress: 32% (92/286) - Loss: 0.0658
[Client 3, Round 99] Progress: 32% (94/286) - Loss: 0.0828
[Client 3, Round 99] Progress: 33% (96/286) - Loss: 0.1025
[Client 3, Round 99] Progress: 34% (98/286) - Loss: 0.3899
[Client 3, Round 99] Progress: 34% (100/286) - Loss: 0.1013
[Client 3, Round 99] Progress: 35% (102/286) - Loss: 0.1046
[Client 3, Round 99] Progress: 36% (104/286) - Loss: 0.1141
[Client 3, Round 99] Progress: 37% (106/286) - Loss: 0.1219
[Client 3, Round 99] Progress: 37% (108/286) - Loss: 0.0995
[Client 3, Round 99] Progress: 38% (110/286) - Loss: 0.1506
[Client 3, Round 99] Progress: 39% (112/286) - Loss: 0.0669
[Client 3, Round 99] Progress: 39% (114/286) - Loss: 0.6773
[Client 3, Round 99] Progress: 40% (116/286) - Loss: 0.0439
[Client 3, Round 99] Progress: 41% (118/286) - Loss: 0.1289
[Client 3, Round 99] Progress: 41% (120/286) - Loss: 0.0554
[Client 3, Round 99] Progress: 42% (122/286) - Loss: 0.1445
[Client 3, Round 99] Progress: 43% (124/286) - Loss: 0.1624
[Client 3, Round 99] Progress: 44% (126/286) - Loss: 0.5140
[Client 3, Round 99] Progress: 44% (128/286) - Loss: 0.0677
[Client 3, Round 99] Progress: 45% (130/286) - Loss: 0.6462
[Client 3, Round 99] Progress: 46% (132/286) - Loss: 0.2374
[Client 3, Round 99] Progress: 46% (134/286) - Loss: 0.1111
[Client 3, Round 99] Progress: 47% (136/286) - Loss: 0.1730
[Client 3, Round 99] Progress: 48% (138/286) - Loss: 0.1172
[Client 3, Round 99] Progress: 48% (140/286) - Loss: 0.0702
[Client 3, Round 99] Progress: 49% (142/286) - Loss: 0.1415
[Client 3, Round 99] Progress: 50% (144/286) - Loss: 0.1930
[Client 3, Round 99] Progress: 51% (146/286) - Loss: 0.0718
[Client 3, Round 99] Progress: 51% (148/286) - Loss: 0.1057
[Client 3, Round 99] Progress: 52% (150/286) - Loss: 0.0815
[Client 3, Round 99] Progress: 53% (152/286) - Loss: 0.1133
[Client 3, Round 99] Progress: 53% (154/286) - Loss: 0.0525
[Client 3, Round 99] Progress: 54% (156/286) - Loss: 0.0321
[Client 3, Round 99] Progress: 55% (158/286) - Loss: 0.1104
[Client 3, Round 99] Progress: 55% (160/286) - Loss: 0.1191
[Client 3, Round 99] Progress: 56% (162/286) - Loss: 0.1557
[Client 3, Round 99] Progress: 57% (164/286) - Loss: 0.2385
[Client 3, Round 99] Progress: 58% (166/286) - Loss: 0.1765
[Client 3, Round 99] Progress: 58% (168/286) - Loss: 0.6216
[Client 3, Round 99] Progress: 59% (170/286) - Loss: 0.1300
[Client 3, Round 99] Progress: 60% (172/286) - Loss: 0.1061
[Client 3, Round 99] Progress: 60% (174/286) - Loss: 0.2578
[Client 3, Round 99] Progress: 61% (176/286) - Loss: 0.1383
[Client 3, Round 99] Progress: 62% (178/286) - Loss: 0.1092
[Client 3, Round 99] Progress: 62% (180/286) - Loss: 0.4297
[Client 3, Round 99] Progress: 63% (182/286) - Loss: 0.1482
[Client 3, Round 99] Progress: 64% (184/286) - Loss: 0.1439
[Client 3, Round 99] Progress: 65% (186/286) - Loss: 0.0878
[Client 3, Round 99] Progress: 65% (188/286) - Loss: 0.5268
[Client 3, Round 99] Progress: 66% (190/286) - Loss: 0.1301
[Client 3, Round 99] Progress: 67% (192/286) - Loss: 0.3410
[Client 3, Round 99] Progress: 67% (194/286) - Loss: 0.1686
[Client 3, Round 99] Progress: 68% (196/286) - Loss: 0.3221
[Client 3, Round 99] Progress: 69% (198/286) - Loss: 0.1262
[Client 3, Round 99] Progress: 69% (200/286) - Loss: 0.3163
[Client 3, Round 99] Progress: 70% (202/286) - Loss: 0.1409
[Client 3, Round 99] Progress: 71% (204/286) - Loss: 0.1138
[Client 3, Round 99] Progress: 72% (206/286) - Loss: 0.4231
[Client 3, Round 99] Progress: 72% (208/286) - Loss: 0.1770
[Client 3, Round 99] Progress: 73% (210/286) - Loss: 0.0925
[Client 3, Round 99] Progress: 74% (212/286) - Loss: 0.1555
[Client 3, Round 99] Progress: 74% (214/286) - Loss: 0.0615
[Client 3, Round 99] Progress: 75% (216/286) - Loss: 0.1790
[Client 3, Round 99] Progress: 76% (218/286) - Loss: 0.2734
[Client 3, Round 99] Progress: 76% (220/286) - Loss: 0.0984
[Client 3, Round 99] Progress: 77% (222/286) - Loss: 0.1341
[Client 3, Round 99] Progress: 78% (224/286) - Loss: 0.1064
[Client 3, Round 99] Progress: 79% (226/286) - Loss: 0.1024
[Client 3, Round 99] Progress: 79% (228/286) - Loss: 0.0986
[Client 3, Round 99] Progress: 80% (230/286) - Loss: 0.2687
[Client 3, Round 99] Progress: 81% (232/286) - Loss: 0.1191
[Client 3, Round 99] Progress: 81% (234/286) - Loss: 0.0850
[Client 3, Round 99] Progress: 82% (236/286) - Loss: 0.4607
[Client 3, Round 99] Progress: 83% (238/286) - Loss: 0.0737
[Client 3, Round 99] Progress: 83% (240/286) - Loss: 0.1049
[Client 3, Round 99] Progress: 84% (242/286) - Loss: 0.1096
[Client 3, Round 99] Progress: 85% (244/286) - Loss: 0.0743
[Client 3, Round 99] Progress: 86% (246/286) - Loss: 0.0922
[Client 3, Round 99] Progress: 86% (248/286) - Loss: 0.0542
[Client 3, Round 99] Progress: 87% (250/286) - Loss: 0.1840
[Client 3, Round 99] Progress: 88% (252/286) - Loss: 0.0673
[Client 3, Round 99] Progress: 88% (254/286) - Loss: 0.1638
[Client 3, Round 99] Progress: 89% (256/286) - Loss: 0.2063
[Client 3, Round 99] Progress: 90% (258/286) - Loss: 0.1418
[Client 3, Round 99] Progress: 90% (260/286) - Loss: 0.4577
[Client 3, Round 99] Progress: 91% (262/286) - Loss: 0.0907
[Client 3, Round 99] Progress: 92% (264/286) - Loss: 0.0918
[Client 3, Round 99] Progress: 93% (266/286) - Loss: 0.0887
[Client 3, Round 99] Progress: 93% (268/286) - Loss: 0.0897
[Client 3, Round 99] Progress: 94% (270/286) - Loss: 0.0883
[Client 3, Round 99] Progress: 95% (272/286) - Loss: 0.4442
[Client 3, Round 99] Progress: 95% (274/286) - Loss: 0.1879
[Client 3, Round 99] Progress: 96% (276/286) - Loss: 0.0655
[Client 3, Round 99] Progress: 97% (278/286) - Loss: 0.2765
[Client 3, Round 99] Progress: 97% (280/286) - Loss: 0.1213
[Client 3, Round 99] Progress: 98% (282/286) - Loss: 0.2274
[Client 3, Round 99] Progress: 99% (284/286) - Loss: 0.1280
[Client 3, Round 99] Progress: 100% (286/286) - Loss: 0.0984
[Client 3, Round 99] Train Loss: 0.1868
[Client 3, Round 99] Val Loss: 0.1646 | Val Dice: 0.8533
[Client 3, Round 100] Progress: 0% (2/286) - Loss: 0.1644
[Client 3, Round 100] Progress: 1% (4/286) - Loss: 0.0900
[Client 3, Round 100] Progress: 2% (6/286) - Loss: 0.0580
[Client 3, Round 100] Progress: 2% (8/286) - Loss: 0.2589
[Client 3, Round 100] Progress: 3% (10/286) - Loss: 0.0914
[Client 3, Round 100] Progress: 4% (12/286) - Loss: 0.2366
[Client 3, Round 100] Progress: 4% (14/286) - Loss: 0.1133
[Client 3, Round 100] Progress: 5% (16/286) - Loss: 0.2686
[Client 3, Round 100] Progress: 6% (18/286) - Loss: 0.2744
[Client 3, Round 100] Progress: 6% (20/286) - Loss: 0.2987
[Client 3, Round 100] Progress: 7% (22/286) - Loss: 0.0708
[Client 3, Round 100] Progress: 8% (24/286) - Loss: 0.0831
[Client 3, Round 100] Progress: 9% (26/286) - Loss: 0.1405
[Client 3, Round 100] Progress: 9% (28/286) - Loss: 0.0697
[Client 3, Round 100] Progress: 10% (30/286) - Loss: 0.1988
[Client 3, Round 100] Progress: 11% (32/286) - Loss: 0.0979
[Client 3, Round 100] Progress: 11% (34/286) - Loss: 0.0367
[Client 3, Round 100] Progress: 12% (36/286) - Loss: 0.4420
[Client 3, Round 100] Progress: 13% (38/286) - Loss: 0.0565
[Client 3, Round 100] Progress: 13% (40/286) - Loss: 0.1188
[Client 3, Round 100] Progress: 14% (42/286) - Loss: 0.1030
[Client 3, Round 100] Progress: 15% (44/286) - Loss: 0.1161
[Client 3, Round 100] Progress: 16% (46/286) - Loss: 0.1528
[Client 3, Round 100] Progress: 16% (48/286) - Loss: 0.1542
[Client 3, Round 100] Progress: 17% (50/286) - Loss: 0.4312
[Client 3, Round 100] Progress: 18% (52/286) - Loss: 0.0451
[Client 3, Round 100] Progress: 18% (54/286) - Loss: 0.1412
[Client 3, Round 100] Progress: 19% (56/286) - Loss: 0.1056
[Client 3, Round 100] Progress: 20% (58/286) - Loss: 0.1835
[Client 3, Round 100] Progress: 20% (60/286) - Loss: 0.0986
[Client 3, Round 100] Progress: 21% (62/286) - Loss: 0.1841
[Client 3, Round 100] Progress: 22% (64/286) - Loss: 0.0619
[Client 3, Round 100] Progress: 23% (66/286) - Loss: 0.1667
[Client 3, Round 100] Progress: 23% (68/286) - Loss: 0.0804
[Client 3, Round 100] Progress: 24% (70/286) - Loss: 0.0554
[Client 3, Round 100] Progress: 25% (72/286) - Loss: 0.1633
[Client 3, Round 100] Progress: 25% (74/286) - Loss: 0.1176
[Client 3, Round 100] Progress: 26% (76/286) - Loss: 0.1926
[Client 3, Round 100] Progress: 27% (78/286) - Loss: 0.2691
[Client 3, Round 100] Progress: 27% (80/286) - Loss: 0.0958
[Client 3, Round 100] Progress: 28% (82/286) - Loss: 0.1498
[Client 3, Round 100] Progress: 29% (84/286) - Loss: 0.0907
[Client 3, Round 100] Progress: 30% (86/286) - Loss: 0.1313
[Client 3, Round 100] Progress: 30% (88/286) - Loss: 0.5516
[Client 3, Round 100] Progress: 31% (90/286) - Loss: 0.1409
[Client 3, Round 100] Progress: 32% (92/286) - Loss: 0.0688
[Client 3, Round 100] Progress: 32% (94/286) - Loss: 0.1157
[Client 3, Round 100] Progress: 33% (96/286) - Loss: 0.1955
[Client 3, Round 100] Progress: 34% (98/286) - Loss: 0.0674
[Client 3, Round 100] Progress: 34% (100/286) - Loss: 0.1235
[Client 3, Round 100] Progress: 35% (102/286) - Loss: 0.3596
[Client 3, Round 100] Progress: 36% (104/286) - Loss: 0.1619
[Client 3, Round 100] Progress: 37% (106/286) - Loss: 0.4069
[Client 3, Round 100] Progress: 37% (108/286) - Loss: 0.1308
[Client 3, Round 100] Progress: 38% (110/286) - Loss: 0.0903
[Client 3, Round 100] Progress: 39% (112/286) - Loss: 0.1119
[Client 3, Round 100] Progress: 39% (114/286) - Loss: 0.1365
[Client 3, Round 100] Progress: 40% (116/286) - Loss: 0.0750
[Client 3, Round 100] Progress: 41% (118/286) - Loss: 0.0919
[Client 3, Round 100] Progress: 41% (120/286) - Loss: 0.1052
[Client 3, Round 100] Progress: 42% (122/286) - Loss: 0.4044
[Client 3, Round 100] Progress: 43% (124/286) - Loss: 0.1398
[Client 3, Round 100] Progress: 44% (126/286) - Loss: 0.1125
[Client 3, Round 100] Progress: 44% (128/286) - Loss: 0.2284
[Client 3, Round 100] Progress: 45% (130/286) - Loss: 0.0963
[Client 3, Round 100] Progress: 46% (132/286) - Loss: 0.0958
[Client 3, Round 100] Progress: 46% (134/286) - Loss: 0.1601
[Client 3, Round 100] Progress: 47% (136/286) - Loss: 0.0758
[Client 3, Round 100] Progress: 48% (138/286) - Loss: 0.3629
[Client 3, Round 100] Progress: 48% (140/286) - Loss: 0.4337
[Client 3, Round 100] Progress: 49% (142/286) - Loss: 0.1518
[Client 3, Round 100] Progress: 50% (144/286) - Loss: 0.1003
[Client 3, Round 100] Progress: 51% (146/286) - Loss: 0.1172
[Client 3, Round 100] Progress: 51% (148/286) - Loss: 0.2272
[Client 3, Round 100] Progress: 52% (150/286) - Loss: 0.3290
[Client 3, Round 100] Progress: 53% (152/286) - Loss: 0.4474
[Client 3, Round 100] Progress: 53% (154/286) - Loss: 0.3638
[Client 3, Round 100] Progress: 54% (156/286) - Loss: 0.1158
[Client 3, Round 100] Progress: 55% (158/286) - Loss: 0.4413
[Client 3, Round 100] Progress: 55% (160/286) - Loss: 0.4818
[Client 3, Round 100] Progress: 56% (162/286) - Loss: 0.1742
[Client 3, Round 100] Progress: 57% (164/286) - Loss: 0.3427
[Client 3, Round 100] Progress: 58% (166/286) - Loss: 0.4402
[Client 3, Round 100] Progress: 58% (168/286) - Loss: 0.1557
[Client 3, Round 100] Progress: 59% (170/286) - Loss: 0.1393
[Client 3, Round 100] Progress: 60% (172/286) - Loss: 0.7386
[Client 3, Round 100] Progress: 60% (174/286) - Loss: 0.1288
[Client 3, Round 100] Progress: 61% (176/286) - Loss: 0.0778
[Client 3, Round 100] Progress: 62% (178/286) - Loss: 0.0442
[Client 3, Round 100] Progress: 62% (180/286) - Loss: 0.1932
[Client 3, Round 100] Progress: 63% (182/286) - Loss: 0.0969
[Client 3, Round 100] Progress: 64% (184/286) - Loss: 0.1158
[Client 3, Round 100] Progress: 65% (186/286) - Loss: 0.1587
[Client 3, Round 100] Progress: 65% (188/286) - Loss: 0.0764
[Client 3, Round 100] Progress: 66% (190/286) - Loss: 0.1013
[Client 3, Round 100] Progress: 67% (192/286) - Loss: 0.1603
[Client 3, Round 100] Progress: 67% (194/286) - Loss: 0.1360
[Client 3, Round 100] Progress: 68% (196/286) - Loss: 0.0995
[Client 3, Round 100] Progress: 69% (198/286) - Loss: 0.1646
[Client 3, Round 100] Progress: 69% (200/286) - Loss: 0.1182
[Client 3, Round 100] Progress: 70% (202/286) - Loss: 0.1727
[Client 3, Round 100] Progress: 71% (204/286) - Loss: 0.1218
[Client 3, Round 100] Progress: 72% (206/286) - Loss: 0.4052
[Client 3, Round 100] Progress: 72% (208/286) - Loss: 0.3351
[Client 3, Round 100] Progress: 73% (210/286) - Loss: 0.4275
[Client 3, Round 100] Progress: 74% (212/286) - Loss: 0.2108
[Client 3, Round 100] Progress: 74% (214/286) - Loss: 0.2007
[Client 3, Round 100] Progress: 75% (216/286) - Loss: 0.3683
[Client 3, Round 100] Progress: 76% (218/286) - Loss: 0.1326
[Client 3, Round 100] Progress: 76% (220/286) - Loss: 0.1975
[Client 3, Round 100] Progress: 77% (222/286) - Loss: 0.1802
[Client 3, Round 100] Progress: 78% (224/286) - Loss: 0.1750
[Client 3, Round 100] Progress: 79% (226/286) - Loss: 0.6296
[Client 3, Round 100] Progress: 79% (228/286) - Loss: 0.1824
[Client 3, Round 100] Progress: 80% (230/286) - Loss: 0.3255
[Client 3, Round 100] Progress: 81% (232/286) - Loss: 0.0865
[Client 3, Round 100] Progress: 81% (234/286) - Loss: 0.0847
[Client 3, Round 100] Progress: 82% (236/286) - Loss: 0.0933
[Client 3, Round 100] Progress: 83% (238/286) - Loss: 0.1345
[Client 3, Round 100] Progress: 83% (240/286) - Loss: 0.1394
[Client 3, Round 100] Progress: 84% (242/286) - Loss: 0.1617
[Client 3, Round 100] Progress: 85% (244/286) - Loss: 0.0713
[Client 3, Round 100] Progress: 86% (246/286) - Loss: 0.1951
[Client 3, Round 100] Progress: 86% (248/286) - Loss: 0.1626
[Client 3, Round 100] Progress: 87% (250/286) - Loss: 0.0895
[Client 3, Round 100] Progress: 88% (252/286) - Loss: 0.1062
[Client 3, Round 100] Progress: 88% (254/286) - Loss: 0.4786
[Client 3, Round 100] Progress: 89% (256/286) - Loss: 0.1512
[Client 3, Round 100] Progress: 90% (258/286) - Loss: 0.1255
[Client 3, Round 100] Progress: 90% (260/286) - Loss: 0.1609
[Client 3, Round 100] Progress: 91% (262/286) - Loss: 0.1295
[Client 3, Round 100] Progress: 92% (264/286) - Loss: 0.0832
[Client 3, Round 100] Progress: 93% (266/286) - Loss: 0.1577
[Client 3, Round 100] Progress: 93% (268/286) - Loss: 0.1343
[Client 3, Round 100] Progress: 94% (270/286) - Loss: 0.1162
[Client 3, Round 100] Progress: 95% (272/286) - Loss: 0.1266
[Client 3, Round 100] Progress: 95% (274/286) - Loss: 0.4760
[Client 3, Round 100] Progress: 96% (276/286) - Loss: 0.1443
[Client 3, Round 100] Progress: 97% (278/286) - Loss: 0.4960
[Client 3, Round 100] Progress: 97% (280/286) - Loss: 0.2985
[Client 3, Round 100] Progress: 98% (282/286) - Loss: 0.1221
[Client 3, Round 100] Progress: 99% (284/286) - Loss: 0.0695
[Client 3, Round 100] Progress: 100% (286/286) - Loss: 0.1231
[Client 3, Round 100] Train Loss: 0.1857
[Client 3, Round 100] Val Loss: 0.1648 | Val Dice: 0.8504
=== FL Client 3 finished at Fri Jun 26 01:38:17 EDT 2026 ===
