=== FL Server starting on mdc-1057-13-8.rc.usf.edu at Thu Jun 25 14:38:24 EDT 2026 ===
============================================================
[2026-06-25 14:40:04] FL Server — mdc-1057-13-8.rc.usf.edu
  Total rounds: 100 (starting from 1)
  Bind address: 0.0.0.0:8080
  Waiting for 3 clients to connect...
============================================================
[2026-06-25 14:40:04] Server hostname written to /work/r/reeshav/PPML-Experiments-FL/fl/server_address.txt
[2026-06-25 14:41:50] Round 1 [FIT-CONFIG] — 3 client(s) available
[2026-06-25 14:41:50]   CONNECTED: client 32ddc75054e74ad8b712ec8a9e4297e1
[2026-06-25 14:41:50]   CONNECTED: client 51110ba88d0c4c7682fbe6d694add471
[2026-06-25 14:41:50]   CONNECTED: client ab5da2a79a3b4e2d91e4f324e5071aae
[2026-06-25 14:47:56] Round 1 [FIT-AGG] — 3 result(s), 0 failure(s)
  client 32ddc75054e74ad8b712ec8a9e4297e1: 305 examples, metrics={'train_loss': 0.5415359856163869}
  client 51110ba88d0c4c7682fbe6d694add471: 286 examples, metrics={'train_loss': 0.5464911544760624}
  client ab5da2a79a3b4e2d91e4f324e5071aae: 408 examples, metrics={'train_loss': 0.4502136361620882}
[2026-06-25 14:48:01] Resume checkpoint saved (round 1) -> /work/r/reeshav/PPML-Experiments-FL/checkpoint/fl_resume.pth
[2026-06-25 14:48:01] Round 1 [EVAL-CONFIG] — 3 client(s) available
[2026-06-25 14:49:00] Round 1 [EVAL-AGG] — 3 result(s), 0 failure(s)
  client ab5da2a79a3b4e2d91e4f324e5071aae: loss=0.4644, metrics={'val_dice': 0.6894656817118326}
  client 32ddc75054e74ad8b712ec8a9e4297e1: loss=0.5144, metrics={'val_dice': 0.6526130040486654}
  client 51110ba88d0c4c7682fbe6d694add471: loss=0.4157, metrics={'val_dice': 0.7318574587504069}
[2026-06-25 14:49:02] Best model updated (round 1, dice 0.6905) -> /work/r/reeshav/PPML-Experiments-FL/checkpoint/swin_unetr_fl_best.pth
[2026-06-25 14:49:06] Resume checkpoint saved (round 1) -> /work/r/reeshav/PPML-Experiments-FL/checkpoint/fl_resume.pth
[2026-06-25 14:49:06] Round 2 [FIT-CONFIG] — 3 client(s) available
[2026-06-25 14:54:55] Round 2 [FIT-AGG] — 3 result(s), 0 failure(s)
  client 51110ba88d0c4c7682fbe6d694add471: 286 examples, metrics={'train_loss': 0.3012013148281958}
  client 32ddc75054e74ad8b712ec8a9e4297e1: 305 examples, metrics={'train_loss': 0.27874185452695754}
  client ab5da2a79a3b4e2d91e4f324e5071aae: 408 examples, metrics={'train_loss': 0.2335251102260515}
[2026-06-25 14:55:00] Resume checkpoint saved (round 2) -> /work/r/reeshav/PPML-Experiments-FL/checkpoint/fl_resume.pth
[2026-06-25 14:55:00] Round 2 [EVAL-CONFIG] — 3 client(s) available
[2026-06-25 14:55:58] Round 2 [EVAL-AGG] — 3 result(s), 0 failure(s)
  client 51110ba88d0c4c7682fbe6d694add471: loss=0.3029, metrics={'val_dice': 0.7422442436218262}
  client 32ddc75054e74ad8b712ec8a9e4297e1: loss=0.3397, metrics={'val_dice': 0.7129234472910563}
  client ab5da2a79a3b4e2d91e4f324e5071aae: loss=0.3056, metrics={'val_dice': 0.7363040447235107}
[2026-06-25 14:56:00] Best model updated (round 2, dice 0.7309) -> /work/r/reeshav/PPML-Experiments-FL/checkpoint/swin_unetr_fl_best.pth
[2026-06-25 14:56:04] Resume checkpoint saved (round 2) -> /work/r/reeshav/PPML-Experiments-FL/checkpoint/fl_resume.pth
[2026-06-25 14:56:04] Round 3 [FIT-CONFIG] — 3 client(s) available
[2026-06-25 15:01:22] Round 3 [FIT-AGG] — 3 result(s), 0 failure(s)
  client ab5da2a79a3b4e2d91e4f324e5071aae: 408 examples, metrics={'train_loss': 0.19546939554971224}
  client 51110ba88d0c4c7682fbe6d694add471: 286 examples, metrics={'train_loss': 0.28156783408322533}
  client 32ddc75054e74ad8b712ec8a9e4297e1: 305 examples, metrics={'train_loss': 0.24603625550621847}
[2026-06-25 15:01:28] Resume checkpoint saved (round 3) -> /work/r/reeshav/PPML-Experiments-FL/checkpoint/fl_resume.pth
[2026-06-25 15:01:28] Round 3 [EVAL-CONFIG] — 3 client(s) available
[2026-06-25 15:03:02] Round 3 [EVAL-AGG] — 3 result(s), 0 failure(s)
  client ab5da2a79a3b4e2d91e4f324e5071aae: loss=0.2609, metrics={'val_dice': 0.7691191832224528}
  client 32ddc75054e74ad8b712ec8a9e4297e1: loss=0.2930, metrics={'val_dice': 0.7433932622273763}
  client 51110ba88d0c4c7682fbe6d694add471: loss=0.2709, metrics={'val_dice': 0.7661768595377604}
[2026-06-25 15:03:04] Best model updated (round 3, dice 0.7605) -> /work/r/reeshav/PPML-Experiments-FL/checkpoint/swin_unetr_fl_best.pth
[2026-06-25 15:03:09] Resume checkpoint saved (round 3) -> /work/r/reeshav/PPML-Experiments-FL/checkpoint/fl_resume.pth
[2026-06-25 15:03:09] Round 4 [FIT-CONFIG] — 3 client(s) available
[2026-06-25 15:08:32] Round 4 [FIT-AGG] — 3 result(s), 0 failure(s)
  client 32ddc75054e74ad8b712ec8a9e4297e1: 305 examples, metrics={'train_loss': 0.2222343901141745}
  client 51110ba88d0c4c7682fbe6d694add471: 286 examples, metrics={'train_loss': 0.25853889466790886}
  client ab5da2a79a3b4e2d91e4f324e5071aae: 408 examples, metrics={'train_loss': 0.18410288145327391}
[2026-06-25 15:08:37] Resume checkpoint saved (round 4) -> /work/r/reeshav/PPML-Experiments-FL/checkpoint/fl_resume.pth
[2026-06-25 15:08:37] Round 4 [EVAL-CONFIG] — 3 client(s) available
[2026-06-25 15:09:37] Round 4 [EVAL-AGG] — 3 result(s), 0 failure(s)
  client 51110ba88d0c4c7682fbe6d694add471: loss=0.2487, metrics={'val_dice': 0.7865462303161621}
  client ab5da2a79a3b4e2d91e4f324e5071aae: loss=0.2181, metrics={'val_dice': 0.8089790344238281}
  client 32ddc75054e74ad8b712ec8a9e4297e1: loss=0.2486, metrics={'val_dice': 0.7840337753295898}
[2026-06-25 15:09:38] Best model updated (round 4, dice 0.7949) -> /work/r/reeshav/PPML-Experiments-FL/checkpoint/swin_unetr_fl_best.pth
[2026-06-25 15:09:43] Resume checkpoint saved (round 4) -> /work/r/reeshav/PPML-Experiments-FL/checkpoint/fl_resume.pth
[2026-06-25 15:09:43] Round 5 [FIT-CONFIG] — 3 client(s) available
[2026-06-25 15:15:06] Round 5 [FIT-AGG] — 3 result(s), 0 failure(s)
  client ab5da2a79a3b4e2d91e4f324e5071aae: 408 examples, metrics={'train_loss': 0.17228368297219276}
  client 32ddc75054e74ad8b712ec8a9e4297e1: 305 examples, metrics={'train_loss': 0.21106779743902018}
  client 51110ba88d0c4c7682fbe6d694add471: 286 examples, metrics={'train_loss': 0.26123711367795516}
[2026-06-25 15:15:13] Resume checkpoint saved (round 5) -> /work/r/reeshav/PPML-Experiments-FL/checkpoint/fl_resume.pth
[2026-06-25 15:15:13] Round 5 [EVAL-CONFIG] — 3 client(s) available
[2026-06-25 15:16:06] Round 5 [EVAL-AGG] — 3 result(s), 0 failure(s)
  client 32ddc75054e74ad8b712ec8a9e4297e1: loss=0.2336, metrics={'val_dice': 0.7886639436086019}
  client 51110ba88d0c4c7682fbe6d694add471: loss=0.2353, metrics={'val_dice': 0.794435977935791}
  client ab5da2a79a3b4e2d91e4f324e5071aae: loss=0.2073, metrics={'val_dice': 0.8118463357289633}
[2026-06-25 15:16:08] Best model updated (round 5, dice 0.7998) -> /work/r/reeshav/PPML-Experiments-FL/checkpoint/swin_unetr_fl_best.pth
[2026-06-25 15:16:13] Resume checkpoint saved (round 5) -> /work/r/reeshav/PPML-Experiments-FL/checkpoint/fl_resume.pth
[2026-06-25 15:16:13] Round 6 [FIT-CONFIG] — 3 client(s) available
[2026-06-25 15:21:39] Round 6 [FIT-AGG] — 3 result(s), 0 failure(s)
  client 51110ba88d0c4c7682fbe6d694add471: 286 examples, metrics={'train_loss': 0.25129912436737883}
  client 32ddc75054e74ad8b712ec8a9e4297e1: 305 examples, metrics={'train_loss': 0.20081992254394}
  client ab5da2a79a3b4e2d91e4f324e5071aae: 408 examples, metrics={'train_loss': 0.16903993961236932}
[2026-06-25 15:21:44] Resume checkpoint saved (round 6) -> /work/r/reeshav/PPML-Experiments-FL/checkpoint/fl_resume.pth
[2026-06-25 15:21:44] Round 6 [EVAL-CONFIG] — 3 client(s) available
[2026-06-25 15:22:41] Round 6 [EVAL-AGG] — 3 result(s), 0 failure(s)
  client 51110ba88d0c4c7682fbe6d694add471: loss=0.2303, metrics={'val_dice': 0.7981270949045817}
  client ab5da2a79a3b4e2d91e4f324e5071aae: loss=0.1915, metrics={'val_dice': 0.8244125843048096}
  client 32ddc75054e74ad8b712ec8a9e4297e1: loss=0.2194, metrics={'val_dice': 0.7988298734029134}
[2026-06-25 15:22:42] Best model updated (round 6, dice 0.8091) -> /work/r/reeshav/PPML-Experiments-FL/checkpoint/swin_unetr_fl_best.pth
[2026-06-25 15:22:47] Resume checkpoint saved (round 6) -> /work/r/reeshav/PPML-Experiments-FL/checkpoint/fl_resume.pth
[2026-06-25 15:22:47] Round 7 [FIT-CONFIG] — 3 client(s) available
[2026-06-25 15:28:02] Round 7 [FIT-AGG] — 3 result(s), 0 failure(s)
  client 32ddc75054e74ad8b712ec8a9e4297e1: 305 examples, metrics={'train_loss': 0.19666520818823674}
  client ab5da2a79a3b4e2d91e4f324e5071aae: 408 examples, metrics={'train_loss': 0.15794820070047588}
  client 51110ba88d0c4c7682fbe6d694add471: 286 examples, metrics={'train_loss': 0.26138481310197526}
[2026-06-25 15:28:08] Resume checkpoint saved (round 7) -> /work/r/reeshav/PPML-Experiments-FL/checkpoint/fl_resume.pth
[2026-06-25 15:28:08] Round 7 [EVAL-CONFIG] — 3 client(s) available
[2026-06-25 15:29:03] Round 7 [EVAL-AGG] — 3 result(s), 0 failure(s)
  client 32ddc75054e74ad8b712ec8a9e4297e1: loss=0.2270, metrics={'val_dice': 0.7798263231913248}
  client 51110ba88d0c4c7682fbe6d694add471: loss=0.2374, metrics={'val_dice': 0.7837534745534261}
  client ab5da2a79a3b4e2d91e4f324e5071aae: loss=0.2022, metrics={'val_dice': 0.802818775177002}
[2026-06-25 15:29:03] Round 7 dice 0.7903 did not beat best 0.8091 (round 6)
[2026-06-25 15:29:03] Round 8 [FIT-CONFIG] — 3 client(s) available
[2026-06-25 15:34:40] Round 8 [FIT-AGG] — 3 result(s), 0 failure(s)
  client ab5da2a79a3b4e2d91e4f324e5071aae: 408 examples, metrics={'train_loss': 0.15602897802440852}
  client 32ddc75054e74ad8b712ec8a9e4297e1: 305 examples, metrics={'train_loss': 0.1889339116264562}
  client 51110ba88d0c4c7682fbe6d694add471: 286 examples, metrics={'train_loss': 0.24398668717358496}
[2026-06-25 15:34:45] Resume checkpoint saved (round 8) -> /work/r/reeshav/PPML-Experiments-FL/checkpoint/fl_resume.pth
[2026-06-25 15:34:45] Round 8 [EVAL-CONFIG] — 3 client(s) available
[2026-06-25 15:35:41] Round 8 [EVAL-AGG] — 3 result(s), 0 failure(s)
  client 51110ba88d0c4c7682fbe6d694add471: loss=0.2223, metrics={'val_dice': 0.7997289498647054}
  client 32ddc75054e74ad8b712ec8a9e4297e1: loss=0.2004, metrics={'val_dice': 0.8064188957214355}
  client ab5da2a79a3b4e2d91e4f324e5071aae: loss=0.1743, metrics={'val_dice': 0.8339466253916422}
[2026-06-25 15:35:43] Best model updated (round 8, dice 0.8157) -> /work/r/reeshav/PPML-Experiments-FL/checkpoint/swin_unetr_fl_best.pth
[2026-06-25 15:35:47] Resume checkpoint saved (round 8) -> /work/r/reeshav/PPML-Experiments-FL/checkpoint/fl_resume.pth
[2026-06-25 15:35:47] Round 9 [FIT-CONFIG] — 3 client(s) available
[2026-06-25 15:41:28] Round 9 [FIT-AGG] — 3 result(s), 0 failure(s)
  client ab5da2a79a3b4e2d91e4f324e5071aae: 408 examples, metrics={'train_loss': 0.1529803481592121}
  client 32ddc75054e74ad8b712ec8a9e4297e1: 305 examples, metrics={'train_loss': 0.1875306242802104}
  client 51110ba88d0c4c7682fbe6d694add471: 286 examples, metrics={'train_loss': 0.24101106677907747}
[2026-06-25 15:41:34] Resume checkpoint saved (round 9) -> /work/r/reeshav/PPML-Experiments-FL/checkpoint/fl_resume.pth
[2026-06-25 15:41:34] Round 9 [EVAL-CONFIG] — 3 client(s) available
[2026-06-25 15:42:29] Round 9 [EVAL-AGG] — 3 result(s), 0 failure(s)
  client 32ddc75054e74ad8b712ec8a9e4297e1: loss=0.1950, metrics={'val_dice': 0.8129777908325195}
  client ab5da2a79a3b4e2d91e4f324e5071aae: loss=0.1627, metrics={'val_dice': 0.8459523518880209}
  client 51110ba88d0c4c7682fbe6d694add471: loss=0.2160, metrics={'val_dice': 0.8076592286427816}
[2026-06-25 15:42:31] Best model updated (round 9, dice 0.8249) -> /work/r/reeshav/PPML-Experiments-FL/checkpoint/swin_unetr_fl_best.pth
[2026-06-25 15:42:36] Resume checkpoint saved (round 9) -> /work/r/reeshav/PPML-Experiments-FL/checkpoint/fl_resume.pth
[2026-06-25 15:42:36] Round 10 [FIT-CONFIG] — 3 client(s) available
[2026-06-25 15:48:07] Round 10 [FIT-AGG] — 3 result(s), 0 failure(s)
  client ab5da2a79a3b4e2d91e4f324e5071aae: 408 examples, metrics={'train_loss': 0.14874824924467533}
  client 51110ba88d0c4c7682fbe6d694add471: 286 examples, metrics={'train_loss': 0.23350288677257258}
  client 32ddc75054e74ad8b712ec8a9e4297e1: 305 examples, metrics={'train_loss': 0.18707893969582728}
[2026-06-25 15:48:12] Resume checkpoint saved (round 10) -> /work/r/reeshav/PPML-Experiments-FL/checkpoint/fl_resume.pth
[2026-06-25 15:48:12] Round 10 [EVAL-CONFIG] — 3 client(s) available
[2026-06-25 15:49:06] Round 10 [EVAL-AGG] — 3 result(s), 0 failure(s)
  client 32ddc75054e74ad8b712ec8a9e4297e1: loss=0.1897, metrics={'val_dice': 0.8155997594197592}
  client ab5da2a79a3b4e2d91e4f324e5071aae: loss=0.1614, metrics={'val_dice': 0.8452329635620117}
  client 51110ba88d0c4c7682fbe6d694add471: loss=0.2119, metrics={'val_dice': 0.8105875651041666}
[2026-06-25 15:49:08] Best model updated (round 10, dice 0.8262) -> /work/r/reeshav/PPML-Experiments-FL/checkpoint/swin_unetr_fl_best.pth
[2026-06-25 15:49:12] Resume checkpoint saved (round 10) -> /work/r/reeshav/PPML-Experiments-FL/checkpoint/fl_resume.pth
[2026-06-25 15:49:12] Round 11 [FIT-CONFIG] — 3 client(s) available
[2026-06-25 15:54:52] Round 11 [FIT-AGG] — 3 result(s), 0 failure(s)
  client 32ddc75054e74ad8b712ec8a9e4297e1: 305 examples, metrics={'train_loss': 0.1653593784595122}
  client 51110ba88d0c4c7682fbe6d694add471: 286 examples, metrics={'train_loss': 0.2331003182261557}
  client ab5da2a79a3b4e2d91e4f324e5071aae: 408 examples, metrics={'train_loss': 0.1532518609390393}
[2026-06-25 15:54:58] Resume checkpoint saved (round 11) -> /work/r/reeshav/PPML-Experiments-FL/checkpoint/fl_resume.pth
[2026-06-25 15:54:58] Round 11 [EVAL-CONFIG] — 3 client(s) available
[2026-06-25 15:55:51] Round 11 [EVAL-AGG] — 3 result(s), 0 failure(s)
  client 32ddc75054e74ad8b712ec8a9e4297e1: loss=0.1803, metrics={'val_dice': 0.8249053955078125}
  client ab5da2a79a3b4e2d91e4f324e5071aae: loss=0.1539, metrics={'val_dice': 0.8538662592569987}
  client 51110ba88d0c4c7682fbe6d694add471: loss=0.2108, metrics={'val_dice': 0.8114991188049316}
[2026-06-25 15:55:53] Best model updated (round 11, dice 0.8329) -> /work/r/reeshav/PPML-Experiments-FL/checkpoint/swin_unetr_fl_best.pth
[2026-06-25 15:55:58] Resume checkpoint saved (round 11) -> /work/r/reeshav/PPML-Experiments-FL/checkpoint/fl_resume.pth
[2026-06-25 15:55:58] Round 12 [FIT-CONFIG] — 3 client(s) available
[2026-06-25 16:01:20] Round 12 [FIT-AGG] — 3 result(s), 0 failure(s)
  client ab5da2a79a3b4e2d91e4f324e5071aae: 408 examples, metrics={'train_loss': 0.1424730579396162}
  client 32ddc75054e74ad8b712ec8a9e4297e1: 305 examples, metrics={'train_loss': 0.17230571239698128}
  client 51110ba88d0c4c7682fbe6d694add471: 286 examples, metrics={'train_loss': 0.24213231714455397}
[2026-06-25 16:01:25] Resume checkpoint saved (round 12) -> /work/r/reeshav/PPML-Experiments-FL/checkpoint/fl_resume.pth
[2026-06-25 16:01:25] Round 12 [EVAL-CONFIG] — 3 client(s) available
[2026-06-25 16:02:20] Round 12 [EVAL-AGG] — 3 result(s), 0 failure(s)
  client 32ddc75054e74ad8b712ec8a9e4297e1: loss=0.1777, metrics={'val_dice': 0.8230207761128744}
  client 51110ba88d0c4c7682fbe6d694add471: loss=0.2102, metrics={'val_dice': 0.8128334681193033}
  client ab5da2a79a3b4e2d91e4f324e5071aae: loss=0.1572, metrics={'val_dice': 0.8459234237670898}
[2026-06-25 16:02:20] Round 12 dice 0.8294 did not beat best 0.8329 (round 11)
[2026-06-25 16:02:20] Round 13 [FIT-CONFIG] — 3 client(s) available
[2026-06-25 16:08:09] Round 13 [FIT-AGG] — 3 result(s), 0 failure(s)
  client ab5da2a79a3b4e2d91e4f324e5071aae: 408 examples, metrics={'train_loss': 0.14223007812602995}
  client 32ddc75054e74ad8b712ec8a9e4297e1: 305 examples, metrics={'train_loss': 0.16964499582765533}
  client 51110ba88d0c4c7682fbe6d694add471: 286 examples, metrics={'train_loss': 0.23247648847217744}
[2026-06-25 16:08:14] Resume checkpoint saved (round 13) -> /work/r/reeshav/PPML-Experiments-FL/checkpoint/fl_resume.pth
[2026-06-25 16:08:14] Round 13 [EVAL-CONFIG] — 3 client(s) available
[2026-06-25 16:09:08] Round 13 [EVAL-AGG] — 3 result(s), 0 failure(s)
  client 32ddc75054e74ad8b712ec8a9e4297e1: loss=0.1651, metrics={'val_dice': 0.8386372725168864}
  client ab5da2a79a3b4e2d91e4f324e5071aae: loss=0.1390, metrics={'val_dice': 0.8676126797993978}
  client 51110ba88d0c4c7682fbe6d694add471: loss=0.1995, metrics={'val_dice': 0.8234407901763916}
[2026-06-25 16:09:11] Best model updated (round 13, dice 0.8461) -> /work/r/reeshav/PPML-Experiments-FL/checkpoint/swin_unetr_fl_best.pth
[2026-06-25 16:09:15] Resume checkpoint saved (round 13) -> /work/r/reeshav/PPML-Experiments-FL/checkpoint/fl_resume.pth
[2026-06-25 16:09:15] Round 14 [FIT-CONFIG] — 3 client(s) available
[2026-06-25 16:14:30] Round 14 [FIT-AGG] — 3 result(s), 0 failure(s)
  client 51110ba88d0c4c7682fbe6d694add471: 286 examples, metrics={'train_loss': 0.2288457806241679}
  client 32ddc75054e74ad8b712ec8a9e4297e1: 305 examples, metrics={'train_loss': 0.16316264506246222}
  client ab5da2a79a3b4e2d91e4f324e5071aae: 408 examples, metrics={'train_loss': 0.14053188994819044}
[2026-06-25 16:14:35] Resume checkpoint saved (round 14) -> /work/r/reeshav/PPML-Experiments-FL/checkpoint/fl_resume.pth
[2026-06-25 16:14:35] Round 14 [EVAL-CONFIG] — 3 client(s) available
[2026-06-25 16:16:21] Round 14 [EVAL-AGG] — 3 result(s), 0 failure(s)
  client 51110ba88d0c4c7682fbe6d694add471: loss=0.2036, metrics={'val_dice': 0.815568208694458}
  client ab5da2a79a3b4e2d91e4f324e5071aae: loss=0.1468, metrics={'val_dice': 0.8548398017883301}
  client 32ddc75054e74ad8b712ec8a9e4297e1: loss=0.1750, metrics={'val_dice': 0.8243836561838785}
[2026-06-25 16:16:21] Round 14 dice 0.8343 did not beat best 0.8461 (round 13)
[2026-06-25 16:16:21] Round 15 [FIT-CONFIG] — 3 client(s) available
[2026-06-25 16:21:59] Round 15 [FIT-AGG] — 3 result(s), 0 failure(s)
  client ab5da2a79a3b4e2d91e4f324e5071aae: 408 examples, metrics={'train_loss': 0.13917938490197354}
  client 51110ba88d0c4c7682fbe6d694add471: 286 examples, metrics={'train_loss': 0.23231761669414444}
  client 32ddc75054e74ad8b712ec8a9e4297e1: 305 examples, metrics={'train_loss': 0.15990429247011903}
[2026-06-25 16:22:04] Resume checkpoint saved (round 15) -> /work/r/reeshav/PPML-Experiments-FL/checkpoint/fl_resume.pth
[2026-06-25 16:22:04] Round 15 [EVAL-CONFIG] — 3 client(s) available
[2026-06-25 16:22:54] Round 15 [EVAL-AGG] — 3 result(s), 0 failure(s)
  client 51110ba88d0c4c7682fbe6d694add471: loss=0.1914, metrics={'val_dice': 0.8292964299519857}
  client 32ddc75054e74ad8b712ec8a9e4297e1: loss=0.1564, metrics={'val_dice': 0.8437814712524414}
  client ab5da2a79a3b4e2d91e4f324e5071aae: loss=0.1329, metrics={'val_dice': 0.8716041247049967}
[2026-06-25 16:22:56] Best model updated (round 15, dice 0.8510) -> /work/r/reeshav/PPML-Experiments-FL/checkpoint/swin_unetr_fl_best.pth
[2026-06-25 16:23:00] Resume checkpoint saved (round 15) -> /work/r/reeshav/PPML-Experiments-FL/checkpoint/fl_resume.pth
[2026-06-25 16:23:00] Round 16 [FIT-CONFIG] — 3 client(s) available
[2026-06-25 16:28:49] Round 16 [FIT-AGG] — 3 result(s), 0 failure(s)
  client ab5da2a79a3b4e2d91e4f324e5071aae: 408 examples, metrics={'train_loss': 0.13304005447300335}
  client 32ddc75054e74ad8b712ec8a9e4297e1: 305 examples, metrics={'train_loss': 0.15826072896846005}
  client 51110ba88d0c4c7682fbe6d694add471: 286 examples, metrics={'train_loss': 0.2232669001327945}
[2026-06-25 16:28:54] Resume checkpoint saved (round 16) -> /work/r/reeshav/PPML-Experiments-FL/checkpoint/fl_resume.pth
[2026-06-25 16:28:54] Round 16 [EVAL-CONFIG] — 3 client(s) available
[2026-06-25 16:29:49] Round 16 [EVAL-AGG] — 3 result(s), 0 failure(s)
  client ab5da2a79a3b4e2d91e4f324e5071aae: loss=0.1624, metrics={'val_dice': 0.8378725051879883}
  client 51110ba88d0c4c7682fbe6d694add471: loss=0.2047, metrics={'val_dice': 0.8111281394958496}
  client 32ddc75054e74ad8b712ec8a9e4297e1: loss=0.1682, metrics={'val_dice': 0.8292231559753418}
[2026-06-25 16:29:49] Round 16 dice 0.8275 did not beat best 0.8510 (round 15)
[2026-06-25 16:29:49] Round 17 [FIT-CONFIG] — 3 client(s) available
[2026-06-25 16:35:14] Round 17 [FIT-AGG] — 3 result(s), 0 failure(s)
  client 32ddc75054e74ad8b712ec8a9e4297e1: 305 examples, metrics={'train_loss': 0.16080917138300957}
  client 51110ba88d0c4c7682fbe6d694add471: 286 examples, metrics={'train_loss': 0.23009114926094776}
  client ab5da2a79a3b4e2d91e4f324e5071aae: 408 examples, metrics={'train_loss': 0.13454772492724598}
[2026-06-25 16:35:20] Resume checkpoint saved (round 17) -> /work/r/reeshav/PPML-Experiments-FL/checkpoint/fl_resume.pth
[2026-06-25 16:35:20] Round 17 [EVAL-CONFIG] — 3 client(s) available
[2026-06-25 16:36:13] Round 17 [EVAL-AGG] — 3 result(s), 0 failure(s)
  client ab5da2a79a3b4e2d91e4f324e5071aae: loss=0.1361, metrics={'val_dice': 0.8664921919504801}
  client 51110ba88d0c4c7682fbe6d694add471: loss=0.1988, metrics={'val_dice': 0.822961171468099}
  client 32ddc75054e74ad8b712ec8a9e4297e1: loss=0.1604, metrics={'val_dice': 0.8397456804911295}
[2026-06-25 16:36:13] Round 17 dice 0.8458 did not beat best 0.8510 (round 15)
[2026-06-25 16:36:13] Round 18 [FIT-CONFIG] — 3 client(s) available
[2026-06-25 16:41:41] Round 18 [FIT-AGG] — 3 result(s), 0 failure(s)
  client ab5da2a79a3b4e2d91e4f324e5071aae: 408 examples, metrics={'train_loss': 0.1313476252196101}
  client 32ddc75054e74ad8b712ec8a9e4297e1: 305 examples, metrics={'train_loss': 0.16089926067678656}
  client 51110ba88d0c4c7682fbe6d694add471: 286 examples, metrics={'train_loss': 0.22361082581060748}
[2026-06-25 16:41:47] Resume checkpoint saved (round 18) -> /work/r/reeshav/PPML-Experiments-FL/checkpoint/fl_resume.pth
[2026-06-25 16:41:47] Round 18 [EVAL-CONFIG] — 3 client(s) available
[2026-06-25 16:42:38] Round 18 [EVAL-AGG] — 3 result(s), 0 failure(s)
  client 51110ba88d0c4c7682fbe6d694add471: loss=0.2017, metrics={'val_dice': 0.8127806981404623}
  client 32ddc75054e74ad8b712ec8a9e4297e1: loss=0.1707, metrics={'val_dice': 0.8267485300699869}
  client ab5da2a79a3b4e2d91e4f324e5071aae: loss=0.1539, metrics={'val_dice': 0.8457668622334799}
[2026-06-25 16:42:38] Round 18 dice 0.8305 did not beat best 0.8510 (round 15)
[2026-06-25 16:42:38] Round 19 [FIT-CONFIG] — 3 client(s) available
[2026-06-25 16:47:53] Round 19 [FIT-AGG] — 3 result(s), 0 failure(s)
  client 51110ba88d0c4c7682fbe6d694add471: 286 examples, metrics={'train_loss': 0.2235073569927599}
  client 32ddc75054e74ad8b712ec8a9e4297e1: 305 examples, metrics={'train_loss': 0.15117356692914102}
  client ab5da2a79a3b4e2d91e4f324e5071aae: 408 examples, metrics={'train_loss': 0.1360717357465011}
[2026-06-25 16:47:59] Resume checkpoint saved (round 19) -> /work/r/reeshav/PPML-Experiments-FL/checkpoint/fl_resume.pth
[2026-06-25 16:47:59] Round 19 [EVAL-CONFIG] — 3 client(s) available
[2026-06-25 16:48:54] Round 19 [EVAL-AGG] — 3 result(s), 0 failure(s)
  client 51110ba88d0c4c7682fbe6d694add471: loss=0.1937, metrics={'val_dice': 0.8203393618265787}
  client 32ddc75054e74ad8b712ec8a9e4297e1: loss=0.1580, metrics={'val_dice': 0.8393109639485677}
  client ab5da2a79a3b4e2d91e4f324e5071aae: loss=0.1473, metrics={'val_dice': 0.8524264494578043}
[2026-06-25 16:48:54] Round 19 dice 0.8392 did not beat best 0.8510 (round 15)
[2026-06-25 16:48:54] Round 20 [FIT-CONFIG] — 3 client(s) available
[2026-06-25 16:54:09] Round 20 [FIT-AGG] — 3 result(s), 0 failure(s)
  client 51110ba88d0c4c7682fbe6d694add471: 286 examples, metrics={'train_loss': 0.2237549016994613}
  client 32ddc75054e74ad8b712ec8a9e4297e1: 305 examples, metrics={'train_loss': 0.1495295010384966}
  client ab5da2a79a3b4e2d91e4f324e5071aae: 408 examples, metrics={'train_loss': 0.13005265015104384}
[2026-06-25 16:54:14] Resume checkpoint saved (round 20) -> /work/r/reeshav/PPML-Experiments-FL/checkpoint/fl_resume.pth
[2026-06-25 16:54:14] Round 20 [EVAL-CONFIG] — 3 client(s) available
[2026-06-25 16:55:09] Round 20 [EVAL-AGG] — 3 result(s), 0 failure(s)
  client 32ddc75054e74ad8b712ec8a9e4297e1: loss=0.1646, metrics={'val_dice': 0.8341585795084635}
  client ab5da2a79a3b4e2d91e4f324e5071aae: loss=0.1411, metrics={'val_dice': 0.8585793177286783}
  client 51110ba88d0c4c7682fbe6d694add471: loss=0.1937, metrics={'val_dice': 0.8220104376475016}
[2026-06-25 16:55:09] Round 20 dice 0.8406 did not beat best 0.8510 (round 15)
[2026-06-25 16:55:09] Round 21 [FIT-CONFIG] — 3 client(s) available
[2026-06-25 17:00:54] Round 21 [FIT-AGG] — 3 result(s), 0 failure(s)
  client 32ddc75054e74ad8b712ec8a9e4297e1: 305 examples, metrics={'train_loss': 0.15281550490953882}
  client 51110ba88d0c4c7682fbe6d694add471: 286 examples, metrics={'train_loss': 0.22116411766493238}
  client ab5da2a79a3b4e2d91e4f324e5071aae: 408 examples, metrics={'train_loss': 0.13587096700097853}
[2026-06-25 17:01:02] Resume checkpoint saved (round 21) -> /work/r/reeshav/PPML-Experiments-FL/checkpoint/fl_resume.pth
[2026-06-25 17:01:02] Round 21 [EVAL-CONFIG] — 3 client(s) available
[2026-06-25 17:01:56] Round 21 [EVAL-AGG] — 3 result(s), 0 failure(s)
  client 51110ba88d0c4c7682fbe6d694add471: loss=0.1875, metrics={'val_dice': 0.8291468620300293}
  client 32ddc75054e74ad8b712ec8a9e4297e1: loss=0.1634, metrics={'val_dice': 0.8365534146626791}
  client ab5da2a79a3b4e2d91e4f324e5071aae: loss=0.1378, metrics={'val_dice': 0.8646693229675293}
[2026-06-25 17:01:56] Round 21 dice 0.8459 did not beat best 0.8510 (round 15)
[2026-06-25 17:01:56] Round 22 [FIT-CONFIG] — 3 client(s) available
[2026-06-25 17:07:26] Round 22 [FIT-AGG] — 3 result(s), 0 failure(s)
  client 32ddc75054e74ad8b712ec8a9e4297e1: 305 examples, metrics={'train_loss': 0.1542058002386914}
  client 51110ba88d0c4c7682fbe6d694add471: 286 examples, metrics={'train_loss': 0.22198704295381383}
  client ab5da2a79a3b4e2d91e4f324e5071aae: 408 examples, metrics={'train_loss': 0.1279571754401367}
[2026-06-25 17:07:31] Resume checkpoint saved (round 22) -> /work/r/reeshav/PPML-Experiments-FL/checkpoint/fl_resume.pth
[2026-06-25 17:07:31] Round 22 [EVAL-CONFIG] — 3 client(s) available
[2026-06-25 17:08:25] Round 22 [EVAL-AGG] — 3 result(s), 0 failure(s)
  client ab5da2a79a3b4e2d91e4f324e5071aae: loss=0.1283, metrics={'val_dice': 0.8743423620859782}
  client 32ddc75054e74ad8b712ec8a9e4297e1: loss=0.1479, metrics={'val_dice': 0.8520129521687826}
  client 51110ba88d0c4c7682fbe6d694add471: loss=0.1933, metrics={'val_dice': 0.8233200709025065}
[2026-06-25 17:08:27] Best model updated (round 22, dice 0.8529) -> /work/r/reeshav/PPML-Experiments-FL/checkpoint/swin_unetr_fl_best.pth
[2026-06-25 17:08:32] Resume checkpoint saved (round 22) -> /work/r/reeshav/PPML-Experiments-FL/checkpoint/fl_resume.pth
[2026-06-25 17:08:32] Round 23 [FIT-CONFIG] — 3 client(s) available
[2026-06-25 17:13:45] Round 23 [FIT-AGG] — 3 result(s), 0 failure(s)
  client 51110ba88d0c4c7682fbe6d694add471: 286 examples, metrics={'train_loss': 0.2214326796388918}
  client ab5da2a79a3b4e2d91e4f324e5071aae: 408 examples, metrics={'train_loss': 0.12760007020779976}
  client 32ddc75054e74ad8b712ec8a9e4297e1: 305 examples, metrics={'train_loss': 0.15396183282136916}
[2026-06-25 17:13:51] Resume checkpoint saved (round 23) -> /work/r/reeshav/PPML-Experiments-FL/checkpoint/fl_resume.pth
[2026-06-25 17:13:51] Round 23 [EVAL-CONFIG] — 3 client(s) available
[2026-06-25 17:14:43] Round 23 [EVAL-AGG] — 3 result(s), 0 failure(s)
  client 32ddc75054e74ad8b712ec8a9e4297e1: loss=0.1528, metrics={'val_dice': 0.8460818926493326}
  client ab5da2a79a3b4e2d91e4f324e5071aae: loss=0.1328, metrics={'val_dice': 0.8684005737304688}
  client 51110ba88d0c4c7682fbe6d694add471: loss=0.1842, metrics={'val_dice': 0.8332522710164388}
[2026-06-25 17:14:43] Round 23 dice 0.8515 did not beat best 0.8529 (round 22)
[2026-06-25 17:14:43] Round 24 [FIT-CONFIG] — 3 client(s) available
[2026-06-25 17:20:25] Round 24 [FIT-AGG] — 3 result(s), 0 failure(s)
  client 32ddc75054e74ad8b712ec8a9e4297e1: 305 examples, metrics={'train_loss': 0.15202908834717313}
  client 51110ba88d0c4c7682fbe6d694add471: 286 examples, metrics={'train_loss': 0.21610628510011243}
  client ab5da2a79a3b4e2d91e4f324e5071aae: 408 examples, metrics={'train_loss': 0.12886217772485872}
[2026-06-25 17:20:37] Resume checkpoint saved (round 24) -> /work/r/reeshav/PPML-Experiments-FL/checkpoint/fl_resume.pth
[2026-06-25 17:20:37] Round 24 [EVAL-CONFIG] — 3 client(s) available
[2026-06-25 17:21:35] Round 24 [EVAL-AGG] — 3 result(s), 0 failure(s)
  client ab5da2a79a3b4e2d91e4f324e5071aae: loss=0.1367, metrics={'val_dice': 0.8648116588592529}
  client 32ddc75054e74ad8b712ec8a9e4297e1: loss=0.1537, metrics={'val_dice': 0.8450655937194824}
  client 51110ba88d0c4c7682fbe6d694add471: loss=0.1879, metrics={'val_dice': 0.8284978866577148}
[2026-06-25 17:21:35] Round 24 dice 0.8484 did not beat best 0.8529 (round 22)
[2026-06-25 17:21:35] Round 25 [FIT-CONFIG] — 3 client(s) available
[2026-06-25 17:27:08] Round 25 [FIT-AGG] — 3 result(s), 0 failure(s)
  client 51110ba88d0c4c7682fbe6d694add471: 286 examples, metrics={'train_loss': 0.21589597851246387}
  client 32ddc75054e74ad8b712ec8a9e4297e1: 305 examples, metrics={'train_loss': 0.1499452230138857}
  client ab5da2a79a3b4e2d91e4f324e5071aae: 408 examples, metrics={'train_loss': 0.12851641245880255}
[2026-06-25 17:27:14] Resume checkpoint saved (round 25) -> /work/r/reeshav/PPML-Experiments-FL/checkpoint/fl_resume.pth
[2026-06-25 17:27:14] Round 25 [EVAL-CONFIG] — 3 client(s) available
[2026-06-25 17:28:06] Round 25 [EVAL-AGG] — 3 result(s), 0 failure(s)
  client 51110ba88d0c4c7682fbe6d694add471: loss=0.1916, metrics={'val_dice': 0.8271733125050863}
  client 32ddc75054e74ad8b712ec8a9e4297e1: loss=0.1517, metrics={'val_dice': 0.8484311103820801}
  client ab5da2a79a3b4e2d91e4f324e5071aae: loss=0.1233, metrics={'val_dice': 0.8803432782491049}
[2026-06-25 17:28:08] Best model updated (round 25, dice 0.8553) -> /work/r/reeshav/PPML-Experiments-FL/checkpoint/swin_unetr_fl_best.pth
[2026-06-25 17:28:14] Resume checkpoint saved (round 25) -> /work/r/reeshav/PPML-Experiments-FL/checkpoint/fl_resume.pth
[2026-06-25 17:28:14] Round 26 [FIT-CONFIG] — 3 client(s) available
[2026-06-25 17:33:53] Round 26 [FIT-AGG] — 3 result(s), 0 failure(s)
  client 32ddc75054e74ad8b712ec8a9e4297e1: 305 examples, metrics={'train_loss': 0.14764616173066078}
  client 51110ba88d0c4c7682fbe6d694add471: 286 examples, metrics={'train_loss': 0.21944460000556248}
  client ab5da2a79a3b4e2d91e4f324e5071aae: 408 examples, metrics={'train_loss': 0.13007771631921916}
[2026-06-25 17:33:59] Resume checkpoint saved (round 26) -> /work/r/reeshav/PPML-Experiments-FL/checkpoint/fl_resume.pth
[2026-06-25 17:33:59] Round 26 [EVAL-CONFIG] — 3 client(s) available
[2026-06-25 17:34:55] Round 26 [EVAL-AGG] — 3 result(s), 0 failure(s)
  client 32ddc75054e74ad8b712ec8a9e4297e1: loss=0.1440, metrics={'val_dice': 0.8549564679463705}
  client 51110ba88d0c4c7682fbe6d694add471: loss=0.1845, metrics={'val_dice': 0.8317926724751791}
  client ab5da2a79a3b4e2d91e4f324e5071aae: loss=0.1310, metrics={'val_dice': 0.870511531829834}
[2026-06-25 17:34:55] Round 26 dice 0.8546 did not beat best 0.8553 (round 25)
[2026-06-25 17:34:55] Round 27 [FIT-CONFIG] — 3 client(s) available
[2026-06-25 17:40:22] Round 27 [FIT-AGG] — 3 result(s), 0 failure(s)
  client ab5da2a79a3b4e2d91e4f324e5071aae: 408 examples, metrics={'train_loss': 0.1325448642977897}
  client 51110ba88d0c4c7682fbe6d694add471: 286 examples, metrics={'train_loss': 0.20858994906546768}
  client 32ddc75054e74ad8b712ec8a9e4297e1: 305 examples, metrics={'train_loss': 0.15175881560464374}
[2026-06-25 17:40:31] Resume checkpoint saved (round 27) -> /work/r/reeshav/PPML-Experiments-FL/checkpoint/fl_resume.pth
[2026-06-25 17:40:31] Round 27 [EVAL-CONFIG] — 3 client(s) available
[2026-06-25 17:41:28] Round 27 [EVAL-AGG] — 3 result(s), 0 failure(s)
  client 51110ba88d0c4c7682fbe6d694add471: loss=0.1858, metrics={'val_dice': 0.8310115337371826}
  client ab5da2a79a3b4e2d91e4f324e5071aae: loss=0.1276, metrics={'val_dice': 0.8739952246348063}
  client 32ddc75054e74ad8b712ec8a9e4297e1: loss=0.1433, metrics={'val_dice': 0.8570822874704996}
[2026-06-25 17:41:29] Best model updated (round 27, dice 0.8565) -> /work/r/reeshav/PPML-Experiments-FL/checkpoint/swin_unetr_fl_best.pth
[2026-06-25 17:41:33] Resume checkpoint saved (round 27) -> /work/r/reeshav/PPML-Experiments-FL/checkpoint/fl_resume.pth
[2026-06-25 17:41:33] Round 28 [FIT-CONFIG] — 3 client(s) available
[2026-06-25 17:47:15] Round 28 [FIT-AGG] — 3 result(s), 0 failure(s)
  client 32ddc75054e74ad8b712ec8a9e4297e1: 305 examples, metrics={'train_loss': 0.14685458272206978}
  client 51110ba88d0c4c7682fbe6d694add471: 286 examples, metrics={'train_loss': 0.21239297469700133}
  client ab5da2a79a3b4e2d91e4f324e5071aae: 408 examples, metrics={'train_loss': 0.12646566017293462}
[2026-06-25 17:47:21] Resume checkpoint saved (round 28) -> /work/r/reeshav/PPML-Experiments-FL/checkpoint/fl_resume.pth
[2026-06-25 17:47:21] Round 28 [EVAL-CONFIG] — 3 client(s) available
[2026-06-25 17:48:16] Round 28 [EVAL-AGG] — 3 result(s), 0 failure(s)
  client ab5da2a79a3b4e2d91e4f324e5071aae: loss=0.1244, metrics={'val_dice': 0.8795468012491862}
  client 51110ba88d0c4c7682fbe6d694add471: loss=0.1785, metrics={'val_dice': 0.8399639924367269}
  client 32ddc75054e74ad8b712ec8a9e4297e1: loss=0.1404, metrics={'val_dice': 0.861246665318807}
[2026-06-25 17:48:18] Best model updated (round 28, dice 0.8626) -> /work/r/reeshav/PPML-Experiments-FL/checkpoint/swin_unetr_fl_best.pth
[2026-06-25 17:48:23] Resume checkpoint saved (round 28) -> /work/r/reeshav/PPML-Experiments-FL/checkpoint/fl_resume.pth
[2026-06-25 17:48:23] Round 29 [FIT-CONFIG] — 3 client(s) available
[2026-06-25 17:54:06] Round 29 [FIT-AGG] — 3 result(s), 0 failure(s)
  client ab5da2a79a3b4e2d91e4f324e5071aae: 408 examples, metrics={'train_loss': 0.12593927917381129}
  client 51110ba88d0c4c7682fbe6d694add471: 286 examples, metrics={'train_loss': 0.21363674029968419}
  client 32ddc75054e74ad8b712ec8a9e4297e1: 305 examples, metrics={'train_loss': 0.1472297931792306}
[2026-06-25 17:54:12] Resume checkpoint saved (round 29) -> /work/r/reeshav/PPML-Experiments-FL/checkpoint/fl_resume.pth
[2026-06-25 17:54:12] Round 29 [EVAL-CONFIG] — 3 client(s) available
[2026-06-25 17:55:07] Round 29 [EVAL-AGG] — 3 result(s), 0 failure(s)
  client ab5da2a79a3b4e2d91e4f324e5071aae: loss=0.1243, metrics={'val_dice': 0.8786213397979736}
  client 51110ba88d0c4c7682fbe6d694add471: loss=0.1751, metrics={'val_dice': 0.844124952952067}
  client 32ddc75054e74ad8b712ec8a9e4297e1: loss=0.1367, metrics={'val_dice': 0.8619720141092936}
[2026-06-25 17:55:09] Best model updated (round 29, dice 0.8636) -> /work/r/reeshav/PPML-Experiments-FL/checkpoint/swin_unetr_fl_best.pth
[2026-06-25 17:55:14] Resume checkpoint saved (round 29) -> /work/r/reeshav/PPML-Experiments-FL/checkpoint/fl_resume.pth
[2026-06-25 17:55:14] Round 30 [FIT-CONFIG] — 3 client(s) available
[2026-06-25 18:00:33] Round 30 [FIT-AGG] — 3 result(s), 0 failure(s)
  client 32ddc75054e74ad8b712ec8a9e4297e1: 305 examples, metrics={'train_loss': 0.14399824512542272}
  client 51110ba88d0c4c7682fbe6d694add471: 286 examples, metrics={'train_loss': 0.20821260395166757}
  client ab5da2a79a3b4e2d91e4f324e5071aae: 408 examples, metrics={'train_loss': 0.13402834299531782}
[2026-06-25 18:00:40] Resume checkpoint saved (round 30) -> /work/r/reeshav/PPML-Experiments-FL/checkpoint/fl_resume.pth
[2026-06-25 18:00:40] Round 30 [EVAL-CONFIG] — 3 client(s) available
[2026-06-25 18:01:35] Round 30 [EVAL-AGG] — 3 result(s), 0 failure(s)
  client 51110ba88d0c4c7682fbe6d694add471: loss=0.1883, metrics={'val_dice': 0.8313417434692383}
  client 32ddc75054e74ad8b712ec8a9e4297e1: loss=0.1411, metrics={'val_dice': 0.8591915766398112}
  client ab5da2a79a3b4e2d91e4f324e5071aae: loss=0.1195, metrics={'val_dice': 0.8830698331197103}
[2026-06-25 18:01:35] Round 30 dice 0.8609 did not beat best 0.8636 (round 29)
[2026-06-25 18:01:35] Round 31 [FIT-CONFIG] — 3 client(s) available
[2026-06-25 18:06:54] Round 31 [FIT-AGG] — 3 result(s), 0 failure(s)
  client 32ddc75054e74ad8b712ec8a9e4297e1: 305 examples, metrics={'train_loss': 0.14861446082225588}
  client 51110ba88d0c4c7682fbe6d694add471: 286 examples, metrics={'train_loss': 0.21809402108192444}
  client ab5da2a79a3b4e2d91e4f324e5071aae: 408 examples, metrics={'train_loss': 0.12171611209929574}
[2026-06-25 18:06:59] Resume checkpoint saved (round 31) -> /work/r/reeshav/PPML-Experiments-FL/checkpoint/fl_resume.pth
[2026-06-25 18:06:59] Round 31 [EVAL-CONFIG] — 3 client(s) available
[2026-06-25 18:07:53] Round 31 [EVAL-AGG] — 3 result(s), 0 failure(s)
  client 51110ba88d0c4c7682fbe6d694add471: loss=0.1776, metrics={'val_dice': 0.8384659290313721}
  client 32ddc75054e74ad8b712ec8a9e4297e1: loss=0.1444, metrics={'val_dice': 0.8534857432047526}
  client ab5da2a79a3b4e2d91e4f324e5071aae: loss=0.1261, metrics={'val_dice': 0.8752218882242838}
[2026-06-25 18:07:53] Round 31 dice 0.8580 did not beat best 0.8636 (round 29)
[2026-06-25 18:07:53] Round 32 [FIT-CONFIG] — 3 client(s) available
[2026-06-25 18:13:10] Round 32 [FIT-AGG] — 3 result(s), 0 failure(s)
  client 51110ba88d0c4c7682fbe6d694add471: 286 examples, metrics={'train_loss': 0.21353497580214814}
  client ab5da2a79a3b4e2d91e4f324e5071aae: 408 examples, metrics={'train_loss': 0.12066704254853082}
  client 32ddc75054e74ad8b712ec8a9e4297e1: 305 examples, metrics={'train_loss': 0.1412277454846218}
[2026-06-25 18:13:16] Resume checkpoint saved (round 32) -> /work/r/reeshav/PPML-Experiments-FL/checkpoint/fl_resume.pth
[2026-06-25 18:13:16] Round 32 [EVAL-CONFIG] — 3 client(s) available
[2026-06-25 18:14:10] Round 32 [EVAL-AGG] — 3 result(s), 0 failure(s)
  client 51110ba88d0c4c7682fbe6d694add471: loss=0.1873, metrics={'val_dice': 0.8290271759033203}
  client ab5da2a79a3b4e2d91e4f324e5071aae: loss=0.1288, metrics={'val_dice': 0.8716185887654623}
  client 32ddc75054e74ad8b712ec8a9e4297e1: loss=0.1525, metrics={'val_dice': 0.8452978928883871}
[2026-06-25 18:14:10] Round 32 dice 0.8514 did not beat best 0.8636 (round 29)
[2026-06-25 18:14:10] Round 33 [FIT-CONFIG] — 3 client(s) available
[2026-06-25 18:19:53] Round 33 [FIT-AGG] — 3 result(s), 0 failure(s)
  client ab5da2a79a3b4e2d91e4f324e5071aae: 408 examples, metrics={'train_loss': 0.11888498106660943}
  client 32ddc75054e74ad8b712ec8a9e4297e1: 305 examples, metrics={'train_loss': 0.14318335215087796}
  client 51110ba88d0c4c7682fbe6d694add471: 286 examples, metrics={'train_loss': 0.21126600332766562}
[2026-06-25 18:19:58] Resume checkpoint saved (round 33) -> /work/r/reeshav/PPML-Experiments-FL/checkpoint/fl_resume.pth
[2026-06-25 18:19:58] Round 33 [EVAL-CONFIG] — 3 client(s) available
[2026-06-25 18:20:52] Round 33 [EVAL-AGG] — 3 result(s), 0 failure(s)
  client ab5da2a79a3b4e2d91e4f324e5071aae: loss=0.1284, metrics={'val_dice': 0.8744730949401855}
  client 32ddc75054e74ad8b712ec8a9e4297e1: loss=0.1443, metrics={'val_dice': 0.8555587927500407}
  client 51110ba88d0c4c7682fbe6d694add471: loss=0.1796, metrics={'val_dice': 0.8363075256347656}
[2026-06-25 18:20:52] Round 33 dice 0.8577 did not beat best 0.8636 (round 29)
[2026-06-25 18:20:52] Round 34 [FIT-CONFIG] — 3 client(s) available
[2026-06-25 18:26:13] Round 34 [FIT-AGG] — 3 result(s), 0 failure(s)
  client ab5da2a79a3b4e2d91e4f324e5071aae: 408 examples, metrics={'train_loss': 0.11869221626251351}
  client 32ddc75054e74ad8b712ec8a9e4297e1: 305 examples, metrics={'train_loss': 0.1371789315684897}
  client 51110ba88d0c4c7682fbe6d694add471: 286 examples, metrics={'train_loss': 0.21321978797758376}
[2026-06-25 18:26:18] Resume checkpoint saved (round 34) -> /work/r/reeshav/PPML-Experiments-FL/checkpoint/fl_resume.pth
[2026-06-25 18:26:18] Round 34 [EVAL-CONFIG] — 3 client(s) available
[2026-06-25 18:27:15] Round 34 [EVAL-AGG] — 3 result(s), 0 failure(s)
  client 32ddc75054e74ad8b712ec8a9e4297e1: loss=0.1530, metrics={'val_dice': 0.8456389109293619}
  client 51110ba88d0c4c7682fbe6d694add471: loss=0.1794, metrics={'val_dice': 0.8365039825439453}
  client ab5da2a79a3b4e2d91e4f324e5071aae: loss=0.1258, metrics={'val_dice': 0.8750755786895752}
[2026-06-25 18:27:15] Round 34 dice 0.8550 did not beat best 0.8636 (round 29)
[2026-06-25 18:27:15] Round 35 [FIT-CONFIG] — 3 client(s) available
[2026-06-25 18:32:43] Round 35 [FIT-AGG] — 3 result(s), 0 failure(s)
  client 51110ba88d0c4c7682fbe6d694add471: 286 examples, metrics={'train_loss': 0.20957007015553805}
  client ab5da2a79a3b4e2d91e4f324e5071aae: 408 examples, metrics={'train_loss': 0.11787290102802217}
  client 32ddc75054e74ad8b712ec8a9e4297e1: 305 examples, metrics={'train_loss': 0.1458824641025457}
[2026-06-25 18:32:48] Resume checkpoint saved (round 35) -> /work/r/reeshav/PPML-Experiments-FL/checkpoint/fl_resume.pth
[2026-06-25 18:32:48] Round 35 [EVAL-CONFIG] — 3 client(s) available
[2026-06-25 18:33:43] Round 35 [EVAL-AGG] — 3 result(s), 0 failure(s)
  client 51110ba88d0c4c7682fbe6d694add471: loss=0.1728, metrics={'val_dice': 0.8438258171081543}
  client 32ddc75054e74ad8b712ec8a9e4297e1: loss=0.1464, metrics={'val_dice': 0.8530077139536539}
  client ab5da2a79a3b4e2d91e4f324e5071aae: loss=0.1238, metrics={'val_dice': 0.8777733643849691}
[2026-06-25 18:33:43] Round 35 dice 0.8605 did not beat best 0.8636 (round 29)
[2026-06-25 18:33:43] Round 36 [FIT-CONFIG] — 3 client(s) available
[2026-06-25 18:39:29] Round 36 [FIT-AGG] — 3 result(s), 0 failure(s)
  client 32ddc75054e74ad8b712ec8a9e4297e1: 305 examples, metrics={'train_loss': 0.13862524810628812}
  client 51110ba88d0c4c7682fbe6d694add471: 286 examples, metrics={'train_loss': 0.20464934802034518}
  client ab5da2a79a3b4e2d91e4f324e5071aae: 408 examples, metrics={'train_loss': 0.12236036862447566}
[2026-06-25 18:39:35] Resume checkpoint saved (round 36) -> /work/r/reeshav/PPML-Experiments-FL/checkpoint/fl_resume.pth
[2026-06-25 18:39:35] Round 36 [EVAL-CONFIG] — 3 client(s) available
[2026-06-25 18:40:31] Round 36 [EVAL-AGG] — 3 result(s), 0 failure(s)
  client ab5da2a79a3b4e2d91e4f324e5071aae: loss=0.1186, metrics={'val_dice': 0.883828322092692}
  client 32ddc75054e74ad8b712ec8a9e4297e1: loss=0.1426, metrics={'val_dice': 0.8573524157206217}
  client 51110ba88d0c4c7682fbe6d694add471: loss=0.1862, metrics={'val_dice': 0.8332993189493815}
[2026-06-25 18:40:31] Round 36 dice 0.8612 did not beat best 0.8636 (round 29)
[2026-06-25 18:40:31] Round 37 [FIT-CONFIG] — 3 client(s) available
[2026-06-25 18:45:41] Round 37 [FIT-AGG] — 3 result(s), 0 failure(s)
  client ab5da2a79a3b4e2d91e4f324e5071aae: 408 examples, metrics={'train_loss': 0.12058811767629403}
  client 51110ba88d0c4c7682fbe6d694add471: 286 examples, metrics={'train_loss': 0.20306642937076674}
  client 32ddc75054e74ad8b712ec8a9e4297e1: 305 examples, metrics={'train_loss': 0.14370960909567895}
[2026-06-25 18:45:46] Resume checkpoint saved (round 37) -> /work/r/reeshav/PPML-Experiments-FL/checkpoint/fl_resume.pth
[2026-06-25 18:45:46] Round 37 [EVAL-CONFIG] — 3 client(s) available
[2026-06-25 18:46:40] Round 37 [EVAL-AGG] — 3 result(s), 0 failure(s)
  client 51110ba88d0c4c7682fbe6d694add471: loss=0.1720, metrics={'val_dice': 0.844141960144043}
  client 32ddc75054e74ad8b712ec8a9e4297e1: loss=0.1355, metrics={'val_dice': 0.8646600246429443}
  client ab5da2a79a3b4e2d91e4f324e5071aae: loss=0.1143, metrics={'val_dice': 0.8892931938171387}
[2026-06-25 18:46:42] Best model updated (round 37, dice 0.8688) -> /work/r/reeshav/PPML-Experiments-FL/checkpoint/swin_unetr_fl_best.pth
[2026-06-25 18:46:47] Resume checkpoint saved (round 37) -> /work/r/reeshav/PPML-Experiments-FL/checkpoint/fl_resume.pth
[2026-06-25 18:46:47] Round 38 [FIT-CONFIG] — 3 client(s) available
[2026-06-25 18:52:10] Round 38 [FIT-AGG] — 3 result(s), 0 failure(s)
  client 51110ba88d0c4c7682fbe6d694add471: 286 examples, metrics={'train_loss': 0.20567694268599673}
  client 32ddc75054e74ad8b712ec8a9e4297e1: 305 examples, metrics={'train_loss': 0.14410412064219108}
  client ab5da2a79a3b4e2d91e4f324e5071aae: 408 examples, metrics={'train_loss': 0.11472027722344387}
[2026-06-25 18:52:17] Resume checkpoint saved (round 38) -> /work/r/reeshav/PPML-Experiments-FL/checkpoint/fl_resume.pth
[2026-06-25 18:52:17] Round 38 [EVAL-CONFIG] — 3 client(s) available
[2026-06-25 18:53:10] Round 38 [EVAL-AGG] — 3 result(s), 0 failure(s)
  client 32ddc75054e74ad8b712ec8a9e4297e1: loss=0.1319, metrics={'val_dice': 0.8684313297271729}
  client 51110ba88d0c4c7682fbe6d694add471: loss=0.1682, metrics={'val_dice': 0.849684476852417}
  client ab5da2a79a3b4e2d91e4f324e5071aae: loss=0.1135, metrics={'val_dice': 0.8902126948038737}
[2026-06-25 18:53:12] Best model updated (round 38, dice 0.8719) -> /work/r/reeshav/PPML-Experiments-FL/checkpoint/swin_unetr_fl_best.pth
[2026-06-25 18:53:17] Resume checkpoint saved (round 38) -> /work/r/reeshav/PPML-Experiments-FL/checkpoint/fl_resume.pth
[2026-06-25 18:53:17] Round 39 [FIT-CONFIG] — 3 client(s) available
[2026-06-25 18:59:06] Round 39 [FIT-AGG] — 3 result(s), 0 failure(s)
  client 51110ba88d0c4c7682fbe6d694add471: 286 examples, metrics={'train_loss': 0.20837954618036747}
  client ab5da2a79a3b4e2d91e4f324e5071aae: 408 examples, metrics={'train_loss': 0.11920080914655153}
  client 32ddc75054e74ad8b712ec8a9e4297e1: 305 examples, metrics={'train_loss': 0.14032618622066545}
[2026-06-25 18:59:10] Resume checkpoint saved (round 39) -> /work/r/reeshav/PPML-Experiments-FL/checkpoint/fl_resume.pth
[2026-06-25 18:59:10] Round 39 [EVAL-CONFIG] — 3 client(s) available
[2026-06-25 19:00:04] Round 39 [EVAL-AGG] — 3 result(s), 0 failure(s)
  client ab5da2a79a3b4e2d91e4f324e5071aae: loss=0.1196, metrics={'val_dice': 0.8824601173400879}
  client 51110ba88d0c4c7682fbe6d694add471: loss=0.1703, metrics={'val_dice': 0.8458492755889893}
  client 32ddc75054e74ad8b712ec8a9e4297e1: loss=0.1349, metrics={'val_dice': 0.8645941416422526}
[2026-06-25 19:00:04] Round 39 dice 0.8665 did not beat best 0.8719 (round 38)
[2026-06-25 19:00:04] Round 40 [FIT-CONFIG] — 3 client(s) available
[2026-06-25 19:05:27] Round 40 [FIT-AGG] — 3 result(s), 0 failure(s)
  client 32ddc75054e74ad8b712ec8a9e4297e1: 305 examples, metrics={'train_loss': 0.14217645424555558}
  client 51110ba88d0c4c7682fbe6d694add471: 286 examples, metrics={'train_loss': 0.2044128640001262}
  client ab5da2a79a3b4e2d91e4f324e5071aae: 408 examples, metrics={'train_loss': 0.11990356334375546}
[2026-06-25 19:05:34] Resume checkpoint saved (round 40) -> /work/r/reeshav/PPML-Experiments-FL/checkpoint/fl_resume.pth
[2026-06-25 19:05:34] Round 40 [EVAL-CONFIG] — 3 client(s) available
[2026-06-25 19:06:28] Round 40 [EVAL-AGG] — 3 result(s), 0 failure(s)
  client ab5da2a79a3b4e2d91e4f324e5071aae: loss=0.1156, metrics={'val_dice': 0.8873407046000162}
  client 51110ba88d0c4c7682fbe6d694add471: loss=0.1754, metrics={'val_dice': 0.842501163482666}
  client 32ddc75054e74ad8b712ec8a9e4297e1: loss=0.1415, metrics={'val_dice': 0.8583938280741373}
[2026-06-25 19:06:28] Round 40 dice 0.8656 did not beat best 0.8719 (round 38)
[2026-06-25 19:06:28] Round 41 [FIT-CONFIG] — 3 client(s) available
[2026-06-25 19:12:10] Round 41 [FIT-AGG] — 3 result(s), 0 failure(s)
  client ab5da2a79a3b4e2d91e4f324e5071aae: 408 examples, metrics={'train_loss': 0.11906196000784927}
  client 51110ba88d0c4c7682fbe6d694add471: 286 examples, metrics={'train_loss': 0.2009077435815251}
  client 32ddc75054e74ad8b712ec8a9e4297e1: 305 examples, metrics={'train_loss': 0.13799968912708954}
[2026-06-25 19:12:15] Resume checkpoint saved (round 41) -> /work/r/reeshav/PPML-Experiments-FL/checkpoint/fl_resume.pth
[2026-06-25 19:12:15] Round 41 [EVAL-CONFIG] — 3 client(s) available
[2026-06-25 19:13:10] Round 41 [EVAL-AGG] — 3 result(s), 0 failure(s)
  client 32ddc75054e74ad8b712ec8a9e4297e1: loss=0.1428, metrics={'val_dice': 0.8564925988515218}
  client 51110ba88d0c4c7682fbe6d694add471: loss=0.1798, metrics={'val_dice': 0.8360780874888102}
  client ab5da2a79a3b4e2d91e4f324e5071aae: loss=0.1169, metrics={'val_dice': 0.8852039178212484}
[2026-06-25 19:13:10] Round 41 dice 0.8623 did not beat best 0.8719 (round 38)
[2026-06-25 19:13:10] Round 42 [FIT-CONFIG] — 3 client(s) available
[2026-06-25 19:18:19] Round 42 [FIT-AGG] — 3 result(s), 0 failure(s)
  client ab5da2a79a3b4e2d91e4f324e5071aae: 408 examples, metrics={'train_loss': 0.11365636528980937}
  client 51110ba88d0c4c7682fbe6d694add471: 286 examples, metrics={'train_loss': 0.20546897539829875}
  client 32ddc75054e74ad8b712ec8a9e4297e1: 305 examples, metrics={'train_loss': 0.13499553813064685}
[2026-06-25 19:18:24] Resume checkpoint saved (round 42) -> /work/r/reeshav/PPML-Experiments-FL/checkpoint/fl_resume.pth
[2026-06-25 19:18:24] Round 42 [EVAL-CONFIG] — 3 client(s) available
[2026-06-25 19:19:22] Round 42 [EVAL-AGG] — 3 result(s), 0 failure(s)
  client 51110ba88d0c4c7682fbe6d694add471: loss=0.1835, metrics={'val_dice': 0.8298545678456625}
  client 32ddc75054e74ad8b712ec8a9e4297e1: loss=0.1384, metrics={'val_dice': 0.8593501249949137}
  client ab5da2a79a3b4e2d91e4f324e5071aae: loss=0.1267, metrics={'val_dice': 0.8734351793924967}
[2026-06-25 19:19:22] Round 42 dice 0.8566 did not beat best 0.8719 (round 38)
[2026-06-25 19:19:22] Round 43 [FIT-CONFIG] — 3 client(s) available
[2026-06-25 19:24:49] Round 43 [FIT-AGG] — 3 result(s), 0 failure(s)
  client ab5da2a79a3b4e2d91e4f324e5071aae: 408 examples, metrics={'train_loss': 0.12549706553930745}
  client 51110ba88d0c4c7682fbe6d694add471: 286 examples, metrics={'train_loss': 0.20667978522035627}
  client 32ddc75054e74ad8b712ec8a9e4297e1: 305 examples, metrics={'train_loss': 0.14027518005278267}
[2026-06-25 19:24:54] Resume checkpoint saved (round 43) -> /work/r/reeshav/PPML-Experiments-FL/checkpoint/fl_resume.pth
[2026-06-25 19:24:54] Round 43 [EVAL-CONFIG] — 3 client(s) available
[2026-06-25 19:25:49] Round 43 [EVAL-AGG] — 3 result(s), 0 failure(s)
  client 51110ba88d0c4c7682fbe6d694add471: loss=0.1700, metrics={'val_dice': 0.8474948406219482}
  client ab5da2a79a3b4e2d91e4f324e5071aae: loss=0.1085, metrics={'val_dice': 0.8961501121520996}
  client 32ddc75054e74ad8b712ec8a9e4297e1: loss=0.1332, metrics={'val_dice': 0.8687984943389893}
[2026-06-25 19:25:51] Best model updated (round 43, dice 0.8738) -> /work/r/reeshav/PPML-Experiments-FL/checkpoint/swin_unetr_fl_best.pth
[2026-06-25 19:25:56] Resume checkpoint saved (round 43) -> /work/r/reeshav/PPML-Experiments-FL/checkpoint/fl_resume.pth
[2026-06-25 19:25:56] Round 44 [FIT-CONFIG] — 3 client(s) available
[2026-06-25 19:31:07] Round 44 [FIT-AGG] — 3 result(s), 0 failure(s)
  client ab5da2a79a3b4e2d91e4f324e5071aae: 408 examples, metrics={'train_loss': 0.1141986607016959}
  client 32ddc75054e74ad8b712ec8a9e4297e1: 305 examples, metrics={'train_loss': 0.13873827411625228}
  client 51110ba88d0c4c7682fbe6d694add471: 286 examples, metrics={'train_loss': 0.20947043024576628}
[2026-06-25 19:31:12] Resume checkpoint saved (round 44) -> /work/r/reeshav/PPML-Experiments-FL/checkpoint/fl_resume.pth
[2026-06-25 19:31:12] Round 44 [EVAL-CONFIG] — 3 client(s) available
[2026-06-25 19:32:06] Round 44 [EVAL-AGG] — 3 result(s), 0 failure(s)
  client 51110ba88d0c4c7682fbe6d694add471: loss=0.1799, metrics={'val_dice': 0.8344390392303467}
  client 32ddc75054e74ad8b712ec8a9e4297e1: loss=0.1457, metrics={'val_dice': 0.85245680809021}
  client ab5da2a79a3b4e2d91e4f324e5071aae: loss=0.1250, metrics={'val_dice': 0.8762624263763428}
[2026-06-25 19:32:06] Round 44 dice 0.8570 did not beat best 0.8738 (round 43)
[2026-06-25 19:32:06] Round 45 [FIT-CONFIG] — 3 client(s) available
[2026-06-25 19:37:40] Round 45 [FIT-AGG] — 3 result(s), 0 failure(s)
  client ab5da2a79a3b4e2d91e4f324e5071aae: 408 examples, metrics={'train_loss': 0.1215756701342031}
  client 51110ba88d0c4c7682fbe6d694add471: 286 examples, metrics={'train_loss': 0.20714796617158227}
  client 32ddc75054e74ad8b712ec8a9e4297e1: 305 examples, metrics={'train_loss': 0.13566660274003373}
[2026-06-25 19:37:45] Resume checkpoint saved (round 45) -> /work/r/reeshav/PPML-Experiments-FL/checkpoint/fl_resume.pth
[2026-06-25 19:37:45] Round 45 [EVAL-CONFIG] — 3 client(s) available
[2026-06-25 19:38:39] Round 45 [EVAL-AGG] — 3 result(s), 0 failure(s)
  client ab5da2a79a3b4e2d91e4f324e5071aae: loss=0.1238, metrics={'val_dice': 0.8779030640920004}
  client 32ddc75054e74ad8b712ec8a9e4297e1: loss=0.1507, metrics={'val_dice': 0.8482280572255453}
  client 51110ba88d0c4c7682fbe6d694add471: loss=0.1857, metrics={'val_dice': 0.8285988171895345}
[2026-06-25 19:38:39] Round 45 dice 0.8547 did not beat best 0.8738 (round 43)
[2026-06-25 19:38:39] Round 46 [FIT-CONFIG] — 3 client(s) available
[2026-06-25 19:43:57] Round 46 [FIT-AGG] — 3 result(s), 0 failure(s)
  client ab5da2a79a3b4e2d91e4f324e5071aae: 408 examples, metrics={'train_loss': 0.11548501859857317}
  client 51110ba88d0c4c7682fbe6d694add471: 286 examples, metrics={'train_loss': 0.2055935917383099}
  client 32ddc75054e74ad8b712ec8a9e4297e1: 305 examples, metrics={'train_loss': 0.15934019499137753}
[2026-06-25 19:44:02] Resume checkpoint saved (round 46) -> /work/r/reeshav/PPML-Experiments-FL/checkpoint/fl_resume.pth
[2026-06-25 19:44:02] Round 46 [EVAL-CONFIG] — 3 client(s) available
[2026-06-25 19:45:00] Round 46 [EVAL-AGG] — 3 result(s), 0 failure(s)
  client 32ddc75054e74ad8b712ec8a9e4297e1: loss=0.1322, metrics={'val_dice': 0.8667523860931396}
  client ab5da2a79a3b4e2d91e4f324e5071aae: loss=0.1189, metrics={'val_dice': 0.883803129196167}
  client 51110ba88d0c4c7682fbe6d694add471: loss=0.1712, metrics={'val_dice': 0.8448328971862793}
[2026-06-25 19:45:00] Round 46 dice 0.8674 did not beat best 0.8738 (round 43)
[2026-06-25 19:45:00] Round 47 [FIT-CONFIG] — 3 client(s) available
[2026-06-25 19:50:55] Round 47 [FIT-AGG] — 3 result(s), 0 failure(s)
  client ab5da2a79a3b4e2d91e4f324e5071aae: 408 examples, metrics={'train_loss': 0.11302798957673504}
  client 32ddc75054e74ad8b712ec8a9e4297e1: 305 examples, metrics={'train_loss': 0.14604648377318852}
  client 51110ba88d0c4c7682fbe6d694add471: 286 examples, metrics={'train_loss': 0.20459938537772301}
[2026-06-25 19:51:04] Resume checkpoint saved (round 47) -> /work/r/reeshav/PPML-Experiments-FL/checkpoint/fl_resume.pth
[2026-06-25 19:51:04] Round 47 [EVAL-CONFIG] — 3 client(s) available
[2026-06-25 19:52:02] Round 47 [EVAL-AGG] — 3 result(s), 0 failure(s)
  client 51110ba88d0c4c7682fbe6d694add471: loss=0.1672, metrics={'val_dice': 0.8504368464152018}
  client ab5da2a79a3b4e2d91e4f324e5071aae: loss=0.1122, metrics={'val_dice': 0.8903770446777344}
  client 32ddc75054e74ad8b712ec8a9e4297e1: loss=0.1271, metrics={'val_dice': 0.871601422627767}
[2026-06-25 19:52:02] Round 47 dice 0.8732 did not beat best 0.8738 (round 43)
[2026-06-25 19:52:02] Round 48 [FIT-CONFIG] — 3 client(s) available
[2026-06-25 19:58:08] Round 48 [FIT-AGG] — 3 result(s), 0 failure(s)
  client ab5da2a79a3b4e2d91e4f324e5071aae: 408 examples, metrics={'train_loss': 0.11849774401087095}
  client 51110ba88d0c4c7682fbe6d694add471: 286 examples, metrics={'train_loss': 0.20277330026655763}
  client 32ddc75054e74ad8b712ec8a9e4297e1: 305 examples, metrics={'train_loss': 0.13549835298393592}
[2026-06-25 19:58:13] Resume checkpoint saved (round 48) -> /work/r/reeshav/PPML-Experiments-FL/checkpoint/fl_resume.pth
[2026-06-25 19:58:13] Round 48 [EVAL-CONFIG] — 3 client(s) available
[2026-06-25 19:59:11] Round 48 [EVAL-AGG] — 3 result(s), 0 failure(s)
  client 51110ba88d0c4c7682fbe6d694add471: loss=0.1697, metrics={'val_dice': 0.8476656277974447}
  client 32ddc75054e74ad8b712ec8a9e4297e1: loss=0.1296, metrics={'val_dice': 0.8692477544148763}
  client ab5da2a79a3b4e2d91e4f324e5071aae: loss=0.1105, metrics={'val_dice': 0.892167329788208}
[2026-06-25 19:59:11] Round 48 dice 0.8724 did not beat best 0.8738 (round 43)
[2026-06-25 19:59:11] Round 49 [FIT-CONFIG] — 3 client(s) available
[2026-06-25 20:04:28] Round 49 [FIT-AGG] — 3 result(s), 0 failure(s)
  client ab5da2a79a3b4e2d91e4f324e5071aae: 408 examples, metrics={'train_loss': 0.11462891105032873}
  client 51110ba88d0c4c7682fbe6d694add471: 286 examples, metrics={'train_loss': 0.20223180411735198}
  client 32ddc75054e74ad8b712ec8a9e4297e1: 305 examples, metrics={'train_loss': 0.13984318997283451}
[2026-06-25 20:04:33] Resume checkpoint saved (round 49) -> /work/r/reeshav/PPML-Experiments-FL/checkpoint/fl_resume.pth
[2026-06-25 20:04:33] Round 49 [EVAL-CONFIG] — 3 client(s) available
[2026-06-25 20:05:29] Round 49 [EVAL-AGG] — 3 result(s), 0 failure(s)
  client 51110ba88d0c4c7682fbe6d694add471: loss=0.1737, metrics={'val_dice': 0.8438951174418131}
  client ab5da2a79a3b4e2d91e4f324e5071aae: loss=0.1120, metrics={'val_dice': 0.8914030392964681}
  client 32ddc75054e74ad8b712ec8a9e4297e1: loss=0.1324, metrics={'val_dice': 0.8664553960164388}
[2026-06-25 20:05:29] Round 49 dice 0.8701 did not beat best 0.8738 (round 43)
[2026-06-25 20:05:29] Round 50 [FIT-CONFIG] — 3 client(s) available
[2026-06-25 20:11:24] Round 50 [FIT-AGG] — 3 result(s), 0 failure(s)
  client 51110ba88d0c4c7682fbe6d694add471: 286 examples, metrics={'train_loss': 0.19789070176234194}
  client ab5da2a79a3b4e2d91e4f324e5071aae: 408 examples, metrics={'train_loss': 0.11942052379177481}
  client 32ddc75054e74ad8b712ec8a9e4297e1: 305 examples, metrics={'train_loss': 0.1341289344869676}
[2026-06-25 20:11:29] Resume checkpoint saved (round 50) -> /work/r/reeshav/PPML-Experiments-FL/checkpoint/fl_resume.pth
[2026-06-25 20:11:29] Round 50 [EVAL-CONFIG] — 3 client(s) available
[2026-06-25 20:12:26] Round 50 [EVAL-AGG] — 3 result(s), 0 failure(s)
  client 51110ba88d0c4c7682fbe6d694add471: loss=0.1762, metrics={'val_dice': 0.8373572031656901}
  client 32ddc75054e74ad8b712ec8a9e4297e1: loss=0.1433, metrics={'val_dice': 0.8558338483174642}
  client ab5da2a79a3b4e2d91e4f324e5071aae: loss=0.1207, metrics={'val_dice': 0.8820716540018717}
[2026-06-25 20:12:26] Round 50 dice 0.8612 did not beat best 0.8738 (round 43)
[2026-06-25 20:12:26] Round 51 [FIT-CONFIG] — 3 client(s) available
[2026-06-25 20:17:47] Round 51 [FIT-AGG] — 3 result(s), 0 failure(s)
  client 32ddc75054e74ad8b712ec8a9e4297e1: 305 examples, metrics={'train_loss': 0.13439896547647773}
  client 51110ba88d0c4c7682fbe6d694add471: 286 examples, metrics={'train_loss': 0.19895715209153983}
  client ab5da2a79a3b4e2d91e4f324e5071aae: 408 examples, metrics={'train_loss': 0.11833319481115277}
[2026-06-25 20:17:52] Resume checkpoint saved (round 51) -> /work/r/reeshav/PPML-Experiments-FL/checkpoint/fl_resume.pth
[2026-06-25 20:17:52] Round 51 [EVAL-CONFIG] — 3 client(s) available
[2026-06-25 20:18:51] Round 51 [EVAL-AGG] — 3 result(s), 0 failure(s)
  client 51110ba88d0c4c7682fbe6d694add471: loss=0.1664, metrics={'val_dice': 0.8511226971944174}
  client 32ddc75054e74ad8b712ec8a9e4297e1: loss=0.1275, metrics={'val_dice': 0.8722070058186849}
  client ab5da2a79a3b4e2d91e4f324e5071aae: loss=0.1076, metrics={'val_dice': 0.8961701393127441}
[2026-06-25 20:18:54] Best model updated (round 51, dice 0.8759) -> /work/r/reeshav/PPML-Experiments-FL/checkpoint/swin_unetr_fl_best.pth
[2026-06-25 20:18:58] Resume checkpoint saved (round 51) -> /work/r/reeshav/PPML-Experiments-FL/checkpoint/fl_resume.pth
[2026-06-25 20:18:58] Round 52 [FIT-CONFIG] — 3 client(s) available
[2026-06-25 20:24:28] Round 52 [FIT-AGG] — 3 result(s), 0 failure(s)
  client ab5da2a79a3b4e2d91e4f324e5071aae: 408 examples, metrics={'train_loss': 0.11458300276403773}
  client 32ddc75054e74ad8b712ec8a9e4297e1: 305 examples, metrics={'train_loss': 0.135990095358403}
  client 51110ba88d0c4c7682fbe6d694add471: 286 examples, metrics={'train_loss': 0.19513541122677025}
[2026-06-25 20:24:34] Resume checkpoint saved (round 52) -> /work/r/reeshav/PPML-Experiments-FL/checkpoint/fl_resume.pth
[2026-06-25 20:24:34] Round 52 [EVAL-CONFIG] — 3 client(s) available
[2026-06-25 20:25:32] Round 52 [EVAL-AGG] — 3 result(s), 0 failure(s)
  client 51110ba88d0c4c7682fbe6d694add471: loss=0.1723, metrics={'val_dice': 0.8429847558339437}
  client ab5da2a79a3b4e2d91e4f324e5071aae: loss=0.1142, metrics={'val_dice': 0.8881719907124838}
  client 32ddc75054e74ad8b712ec8a9e4297e1: loss=0.1341, metrics={'val_dice': 0.8647470474243164}
[2026-06-25 20:25:32] Round 52 dice 0.8680 did not beat best 0.8759 (round 51)
[2026-06-25 20:25:32] Round 53 [FIT-CONFIG] — 3 client(s) available
[2026-06-25 20:31:33] Round 53 [FIT-AGG] — 3 result(s), 0 failure(s)
  client ab5da2a79a3b4e2d91e4f324e5071aae: 408 examples, metrics={'train_loss': 0.11344081587979898}
  client 32ddc75054e74ad8b712ec8a9e4297e1: 305 examples, metrics={'train_loss': 0.13180885400439873}
  client 51110ba88d0c4c7682fbe6d694add471: 286 examples, metrics={'train_loss': 0.20466818857182573}
[2026-06-25 20:31:40] Resume checkpoint saved (round 53) -> /work/r/reeshav/PPML-Experiments-FL/checkpoint/fl_resume.pth
[2026-06-25 20:31:40] Round 53 [EVAL-CONFIG] — 3 client(s) available
[2026-06-25 20:32:36] Round 53 [EVAL-AGG] — 3 result(s), 0 failure(s)
  client 32ddc75054e74ad8b712ec8a9e4297e1: loss=0.1359, metrics={'val_dice': 0.86273193359375}
  client 51110ba88d0c4c7682fbe6d694add471: loss=0.1697, metrics={'val_dice': 0.8463044166564941}
  client ab5da2a79a3b4e2d91e4f324e5071aae: loss=0.1118, metrics={'val_dice': 0.890559196472168}
[2026-06-25 20:32:36] Round 53 dice 0.8694 did not beat best 0.8759 (round 51)
[2026-06-25 20:32:36] Round 54 [FIT-CONFIG] — 3 client(s) available
[2026-06-25 20:38:40] Round 54 [FIT-AGG] — 3 result(s), 0 failure(s)
  client 32ddc75054e74ad8b712ec8a9e4297e1: 305 examples, metrics={'train_loss': 0.14038623153674798}
  client ab5da2a79a3b4e2d91e4f324e5071aae: 408 examples, metrics={'train_loss': 0.11272008682363759}
  client 51110ba88d0c4c7682fbe6d694add471: 286 examples, metrics={'train_loss': 0.20113219109109856}
[2026-06-25 20:38:47] Resume checkpoint saved (round 54) -> /work/r/reeshav/PPML-Experiments-FL/checkpoint/fl_resume.pth
[2026-06-25 20:38:47] Round 54 [EVAL-CONFIG] — 3 client(s) available
[2026-06-25 20:39:45] Round 54 [EVAL-AGG] — 3 result(s), 0 failure(s)
  client 32ddc75054e74ad8b712ec8a9e4297e1: loss=0.1359, metrics={'val_dice': 0.8646081288655599}
  client ab5da2a79a3b4e2d91e4f324e5071aae: loss=0.1069, metrics={'val_dice': 0.8979043165842692}
  client 51110ba88d0c4c7682fbe6d694add471: loss=0.1697, metrics={'val_dice': 0.8475990295410156}
[2026-06-25 20:39:45] Round 54 dice 0.8733 did not beat best 0.8759 (round 51)
[2026-06-25 20:39:45] Round 55 [FIT-CONFIG] — 3 client(s) available
[2026-06-25 20:45:59] Round 55 [FIT-AGG] — 3 result(s), 0 failure(s)
  client 32ddc75054e74ad8b712ec8a9e4297e1: 305 examples, metrics={'train_loss': 0.14101843243983925}
  client ab5da2a79a3b4e2d91e4f324e5071aae: 408 examples, metrics={'train_loss': 0.11447859134105053}
  client 51110ba88d0c4c7682fbe6d694add471: 286 examples, metrics={'train_loss': 0.19723376458497732}
[2026-06-25 20:46:06] Resume checkpoint saved (round 55) -> /work/r/reeshav/PPML-Experiments-FL/checkpoint/fl_resume.pth
[2026-06-25 20:46:07] Round 55 [EVAL-CONFIG] — 3 client(s) available
[2026-06-25 20:47:04] Round 55 [EVAL-AGG] — 3 result(s), 0 failure(s)
  client 32ddc75054e74ad8b712ec8a9e4297e1: loss=0.1299, metrics={'val_dice': 0.8686470985412598}
  client 51110ba88d0c4c7682fbe6d694add471: loss=0.1716, metrics={'val_dice': 0.845520814259847}
  client ab5da2a79a3b4e2d91e4f324e5071aae: loss=0.1098, metrics={'val_dice': 0.8933063348134359}
[2026-06-25 20:47:04] Round 55 dice 0.8720 did not beat best 0.8759 (round 51)
[2026-06-25 20:47:04] Round 56 [FIT-CONFIG] — 3 client(s) available
[2026-06-25 20:52:37] Round 56 [FIT-AGG] — 3 result(s), 0 failure(s)
  client 32ddc75054e74ad8b712ec8a9e4297e1: 305 examples, metrics={'train_loss': 0.14317828452245135}
  client ab5da2a79a3b4e2d91e4f324e5071aae: 408 examples, metrics={'train_loss': 0.11178505770843841}
  client 51110ba88d0c4c7682fbe6d694add471: 286 examples, metrics={'train_loss': 0.1987910359133999}
[2026-06-25 20:52:42] Resume checkpoint saved (round 56) -> /work/r/reeshav/PPML-Experiments-FL/checkpoint/fl_resume.pth
[2026-06-25 20:52:42] Round 56 [EVAL-CONFIG] — 3 client(s) available
[2026-06-25 20:53:39] Round 56 [EVAL-AGG] — 3 result(s), 0 failure(s)
  client 51110ba88d0c4c7682fbe6d694add471: loss=0.1753, metrics={'val_dice': 0.8399064540863037}
  client 32ddc75054e74ad8b712ec8a9e4297e1: loss=0.1395, metrics={'val_dice': 0.859427293141683}
  client ab5da2a79a3b4e2d91e4f324e5071aae: loss=0.1130, metrics={'val_dice': 0.8900740146636963}
[2026-06-25 20:53:39] Round 56 dice 0.8663 did not beat best 0.8759 (round 51)
[2026-06-25 20:53:39] Round 57 [FIT-CONFIG] — 3 client(s) available
[2026-06-25 20:59:31] Round 57 [FIT-AGG] — 3 result(s), 0 failure(s)
  client 32ddc75054e74ad8b712ec8a9e4297e1: 305 examples, metrics={'train_loss': 0.13216577370147237}
  client 51110ba88d0c4c7682fbe6d694add471: 286 examples, metrics={'train_loss': 0.1968850915978005}
  client ab5da2a79a3b4e2d91e4f324e5071aae: 408 examples, metrics={'train_loss': 0.1150910992851006}
[2026-06-25 20:59:37] Resume checkpoint saved (round 57) -> /work/r/reeshav/PPML-Experiments-FL/checkpoint/fl_resume.pth
[2026-06-25 20:59:37] Round 57 [EVAL-CONFIG] — 3 client(s) available
[2026-06-25 21:00:31] Round 57 [EVAL-AGG] — 3 result(s), 0 failure(s)
  client ab5da2a79a3b4e2d91e4f324e5071aae: loss=0.1092, metrics={'val_dice': 0.8944138685862223}
  client 51110ba88d0c4c7682fbe6d694add471: loss=0.1666, metrics={'val_dice': 0.849918524424235}
  client 32ddc75054e74ad8b712ec8a9e4297e1: loss=0.1346, metrics={'val_dice': 0.8648622830708822}
[2026-06-25 21:00:31] Round 57 dice 0.8726 did not beat best 0.8759 (round 51)
[2026-06-25 21:00:31] Round 58 [FIT-CONFIG] — 3 client(s) available
[2026-06-25 21:06:19] Round 58 [FIT-AGG] — 3 result(s), 0 failure(s)
  client 32ddc75054e74ad8b712ec8a9e4297e1: 305 examples, metrics={'train_loss': 0.13345128779040008}
  client ab5da2a79a3b4e2d91e4f324e5071aae: 408 examples, metrics={'train_loss': 0.11611272021671575}
  client 51110ba88d0c4c7682fbe6d694add471: 286 examples, metrics={'train_loss': 0.19686942539744443}
[2026-06-25 21:06:24] Resume checkpoint saved (round 58) -> /work/r/reeshav/PPML-Experiments-FL/checkpoint/fl_resume.pth
[2026-06-25 21:06:24] Round 58 [EVAL-CONFIG] — 3 client(s) available
[2026-06-25 21:07:19] Round 58 [EVAL-AGG] — 3 result(s), 0 failure(s)
  client 51110ba88d0c4c7682fbe6d694add471: loss=0.1652, metrics={'val_dice': 0.8506855964660645}
  client 32ddc75054e74ad8b712ec8a9e4297e1: loss=0.1337, metrics={'val_dice': 0.8659898440043131}
  client ab5da2a79a3b4e2d91e4f324e5071aae: loss=0.1120, metrics={'val_dice': 0.891593853632609}
[2026-06-25 21:07:19] Round 58 dice 0.8720 did not beat best 0.8759 (round 51)
[2026-06-25 21:07:19] Round 59 [FIT-CONFIG] — 3 client(s) available
[2026-06-25 21:13:15] Round 59 [FIT-AGG] — 3 result(s), 0 failure(s)
  client ab5da2a79a3b4e2d91e4f324e5071aae: 408 examples, metrics={'train_loss': 0.1154944514536171}
  client 32ddc75054e74ad8b712ec8a9e4297e1: 305 examples, metrics={'train_loss': 0.1311267290081157}
  client 51110ba88d0c4c7682fbe6d694add471: 286 examples, metrics={'train_loss': 0.19150193343004146}
[2026-06-25 21:13:20] Resume checkpoint saved (round 59) -> /work/r/reeshav/PPML-Experiments-FL/checkpoint/fl_resume.pth
[2026-06-25 21:13:20] Round 59 [EVAL-CONFIG] — 3 client(s) available
[2026-06-25 21:14:13] Round 59 [EVAL-AGG] — 3 result(s), 0 failure(s)
  client ab5da2a79a3b4e2d91e4f324e5071aae: loss=0.1094, metrics={'val_dice': 0.8949209054311117}
  client 51110ba88d0c4c7682fbe6d694add471: loss=0.1625, metrics={'val_dice': 0.853055477142334}
  client 32ddc75054e74ad8b712ec8a9e4297e1: loss=0.1244, metrics={'val_dice': 0.8751518726348877}
[2026-06-25 21:14:15] Best model updated (round 59, dice 0.8769) -> /work/r/reeshav/PPML-Experiments-FL/checkpoint/swin_unetr_fl_best.pth
[2026-06-25 21:14:19] Resume checkpoint saved (round 59) -> /work/r/reeshav/PPML-Experiments-FL/checkpoint/fl_resume.pth
[2026-06-25 21:14:19] Round 60 [FIT-CONFIG] — 3 client(s) available
[2026-06-25 21:19:45] Round 60 [FIT-AGG] — 3 result(s), 0 failure(s)
  client 32ddc75054e74ad8b712ec8a9e4297e1: 305 examples, metrics={'train_loss': 0.12944859050702853}
  client 51110ba88d0c4c7682fbe6d694add471: 286 examples, metrics={'train_loss': 0.19335291533359697}
  client ab5da2a79a3b4e2d91e4f324e5071aae: 408 examples, metrics={'train_loss': 0.11186635933414686}
[2026-06-25 21:19:51] Resume checkpoint saved (round 60) -> /work/r/reeshav/PPML-Experiments-FL/checkpoint/fl_resume.pth
[2026-06-25 21:19:51] Round 60 [EVAL-CONFIG] — 3 client(s) available
[2026-06-25 21:20:47] Round 60 [EVAL-AGG] — 3 result(s), 0 failure(s)
  client 32ddc75054e74ad8b712ec8a9e4297e1: loss=0.1248, metrics={'val_dice': 0.874510924021403}
  client 51110ba88d0c4c7682fbe6d694add471: loss=0.1652, metrics={'val_dice': 0.8503483136494955}
  client ab5da2a79a3b4e2d91e4f324e5071aae: loss=0.1052, metrics={'val_dice': 0.8990677197774252}
[2026-06-25 21:20:49] Best model updated (round 60, dice 0.8776) -> /work/r/reeshav/PPML-Experiments-FL/checkpoint/swin_unetr_fl_best.pth
[2026-06-25 21:20:53] Resume checkpoint saved (round 60) -> /work/r/reeshav/PPML-Experiments-FL/checkpoint/fl_resume.pth
[2026-06-25 21:20:53] Round 61 [FIT-CONFIG] — 3 client(s) available
[2026-06-25 21:26:29] Round 61 [FIT-AGG] — 3 result(s), 0 failure(s)
  client 32ddc75054e74ad8b712ec8a9e4297e1: 305 examples, metrics={'train_loss': 0.13266703129791824}
  client 51110ba88d0c4c7682fbe6d694add471: 286 examples, metrics={'train_loss': 0.193666300651702}
  client ab5da2a79a3b4e2d91e4f324e5071aae: 408 examples, metrics={'train_loss': 0.11589475869949833}
[2026-06-25 21:26:34] Resume checkpoint saved (round 61) -> /work/r/reeshav/PPML-Experiments-FL/checkpoint/fl_resume.pth
[2026-06-25 21:26:34] Round 61 [EVAL-CONFIG] — 3 client(s) available
[2026-06-25 21:27:32] Round 61 [EVAL-AGG] — 3 result(s), 0 failure(s)
  client 51110ba88d0c4c7682fbe6d694add471: loss=0.1690, metrics={'val_dice': 0.8488078912099203}
  client 32ddc75054e74ad8b712ec8a9e4297e1: loss=0.1227, metrics={'val_dice': 0.8761226336161295}
  client ab5da2a79a3b4e2d91e4f324e5071aae: loss=0.1155, metrics={'val_dice': 0.886952797571818}
[2026-06-25 21:27:32] Round 61 dice 0.8727 did not beat best 0.8776 (round 60)
[2026-06-25 21:27:32] Round 62 [FIT-CONFIG] — 3 client(s) available
[2026-06-25 21:33:25] Round 62 [FIT-AGG] — 3 result(s), 0 failure(s)
  client 51110ba88d0c4c7682fbe6d694add471: 286 examples, metrics={'train_loss': 0.19911831018182782}
  client 32ddc75054e74ad8b712ec8a9e4297e1: 305 examples, metrics={'train_loss': 0.13183114145134317}
  client ab5da2a79a3b4e2d91e4f324e5071aae: 408 examples, metrics={'train_loss': 0.11408025638072514}
[2026-06-25 21:33:30] Resume checkpoint saved (round 62) -> /work/r/reeshav/PPML-Experiments-FL/checkpoint/fl_resume.pth
[2026-06-25 21:33:30] Round 62 [EVAL-CONFIG] — 3 client(s) available
[2026-06-25 21:34:26] Round 62 [EVAL-AGG] — 3 result(s), 0 failure(s)
  client ab5da2a79a3b4e2d91e4f324e5071aae: loss=0.1093, metrics={'val_dice': 0.8939040501912435}
  client 51110ba88d0c4c7682fbe6d694add471: loss=0.1632, metrics={'val_dice': 0.8520267009735107}
  client 32ddc75054e74ad8b712ec8a9e4297e1: loss=0.1217, metrics={'val_dice': 0.8769001166025797}
[2026-06-25 21:34:26] Round 62 dice 0.8767 did not beat best 0.8776 (round 60)
[2026-06-25 21:34:26] Round 63 [FIT-CONFIG] — 3 client(s) available
[2026-06-25 21:40:15] Round 63 [FIT-AGG] — 3 result(s), 0 failure(s)
  client 32ddc75054e74ad8b712ec8a9e4297e1: 305 examples, metrics={'train_loss': 0.12825748975403972}
  client ab5da2a79a3b4e2d91e4f324e5071aae: 408 examples, metrics={'train_loss': 0.11114757747718078}
  client 51110ba88d0c4c7682fbe6d694add471: 286 examples, metrics={'train_loss': 0.19564303173520764}
[2026-06-25 21:40:23] Resume checkpoint saved (round 63) -> /work/r/reeshav/PPML-Experiments-FL/checkpoint/fl_resume.pth
[2026-06-25 21:40:23] Round 63 [EVAL-CONFIG] — 3 client(s) available
[2026-06-25 21:41:18] Round 63 [EVAL-AGG] — 3 result(s), 0 failure(s)
  client 51110ba88d0c4c7682fbe6d694add471: loss=0.1602, metrics={'val_dice': 0.8556458155314127}
  client ab5da2a79a3b4e2d91e4f324e5071aae: loss=0.1032, metrics={'val_dice': 0.901313304901123}
  client 32ddc75054e74ad8b712ec8a9e4297e1: loss=0.1297, metrics={'val_dice': 0.8705166180928549}
[2026-06-25 21:41:20] Best model updated (round 63, dice 0.8788) -> /work/r/reeshav/PPML-Experiments-FL/checkpoint/swin_unetr_fl_best.pth
[2026-06-25 21:41:25] Resume checkpoint saved (round 63) -> /work/r/reeshav/PPML-Experiments-FL/checkpoint/fl_resume.pth
[2026-06-25 21:41:25] Round 64 [FIT-CONFIG] — 3 client(s) available
[2026-06-25 21:47:21] Round 64 [FIT-AGG] — 3 result(s), 0 failure(s)
  client ab5da2a79a3b4e2d91e4f324e5071aae: 408 examples, metrics={'train_loss': 0.10963285944479353}
  client 51110ba88d0c4c7682fbe6d694add471: 286 examples, metrics={'train_loss': 0.19990407698950569}
  client 32ddc75054e74ad8b712ec8a9e4297e1: 305 examples, metrics={'train_loss': 0.1346516923643038}
[2026-06-25 21:47:27] Resume checkpoint saved (round 64) -> /work/r/reeshav/PPML-Experiments-FL/checkpoint/fl_resume.pth
[2026-06-25 21:47:27] Round 64 [EVAL-CONFIG] — 3 client(s) available
[2026-06-25 21:48:22] Round 64 [EVAL-AGG] — 3 result(s), 0 failure(s)
  client ab5da2a79a3b4e2d91e4f324e5071aae: loss=0.1040, metrics={'val_dice': 0.8999590873718262}
  client 32ddc75054e74ad8b712ec8a9e4297e1: loss=0.1156, metrics={'val_dice': 0.8850606282552084}
  client 51110ba88d0c4c7682fbe6d694add471: loss=0.1587, metrics={'val_dice': 0.8582038084665934}
[2026-06-25 21:48:24] Best model updated (round 64, dice 0.8834) -> /work/r/reeshav/PPML-Experiments-FL/checkpoint/swin_unetr_fl_best.pth
[2026-06-25 21:48:29] Resume checkpoint saved (round 64) -> /work/r/reeshav/PPML-Experiments-FL/checkpoint/fl_resume.pth
[2026-06-25 21:48:29] Round 65 [FIT-CONFIG] — 3 client(s) available
[2026-06-25 21:53:48] Round 65 [FIT-AGG] — 3 result(s), 0 failure(s)
  client 51110ba88d0c4c7682fbe6d694add471: 286 examples, metrics={'train_loss': 0.19199288624723057}
  client 32ddc75054e74ad8b712ec8a9e4297e1: 305 examples, metrics={'train_loss': 0.13137329108402376}
  client ab5da2a79a3b4e2d91e4f324e5071aae: 408 examples, metrics={'train_loss': 0.11033333973119072}
[2026-06-25 21:53:54] Resume checkpoint saved (round 65) -> /work/r/reeshav/PPML-Experiments-FL/checkpoint/fl_resume.pth
[2026-06-25 21:53:54] Round 65 [EVAL-CONFIG] — 3 client(s) available
[2026-06-25 21:54:47] Round 65 [EVAL-AGG] — 3 result(s), 0 failure(s)
  client 51110ba88d0c4c7682fbe6d694add471: loss=0.1630, metrics={'val_dice': 0.8537390232086182}
  client ab5da2a79a3b4e2d91e4f324e5071aae: loss=0.1033, metrics={'val_dice': 0.9012589454650879}
  client 32ddc75054e74ad8b712ec8a9e4297e1: loss=0.1194, metrics={'val_dice': 0.8805411656697592}
[2026-06-25 21:54:47] Round 65 dice 0.8813 did not beat best 0.8834 (round 64)
[2026-06-25 21:54:47] Round 66 [FIT-CONFIG] — 3 client(s) available
[2026-06-25 22:00:28] Round 66 [FIT-AGG] — 3 result(s), 0 failure(s)
  client 32ddc75054e74ad8b712ec8a9e4297e1: 305 examples, metrics={'train_loss': 0.13350534800623284}
  client 51110ba88d0c4c7682fbe6d694add471: 286 examples, metrics={'train_loss': 0.19687966628560236}
  client ab5da2a79a3b4e2d91e4f324e5071aae: 408 examples, metrics={'train_loss': 0.10940886825304844}
[2026-06-25 22:00:33] Resume checkpoint saved (round 66) -> /work/r/reeshav/PPML-Experiments-FL/checkpoint/fl_resume.pth
[2026-06-25 22:00:33] Round 66 [EVAL-CONFIG] — 3 client(s) available
[2026-06-25 22:01:28] Round 66 [EVAL-AGG] — 3 result(s), 0 failure(s)
  client 51110ba88d0c4c7682fbe6d694add471: loss=0.1618, metrics={'val_dice': 0.85446564356486}
  client ab5da2a79a3b4e2d91e4f324e5071aae: loss=0.1028, metrics={'val_dice': 0.902007261912028}
  client 32ddc75054e74ad8b712ec8a9e4297e1: loss=0.1331, metrics={'val_dice': 0.8662821451822916}
[2026-06-25 22:01:28] Round 66 dice 0.8775 did not beat best 0.8834 (round 64)
[2026-06-25 22:01:28] Round 67 [FIT-CONFIG] — 3 client(s) available
[2026-06-25 22:06:37] Round 67 [FIT-AGG] — 3 result(s), 0 failure(s)
  client 32ddc75054e74ad8b712ec8a9e4297e1: 305 examples, metrics={'train_loss': 0.12887396419146022}
  client ab5da2a79a3b4e2d91e4f324e5071aae: 408 examples, metrics={'train_loss': 0.11757541230112753}
  client 51110ba88d0c4c7682fbe6d694add471: 286 examples, metrics={'train_loss': 0.1961074287814277}
[2026-06-25 22:06:42] Resume checkpoint saved (round 67) -> /work/r/reeshav/PPML-Experiments-FL/checkpoint/fl_resume.pth
[2026-06-25 22:06:42] Round 67 [EVAL-CONFIG] — 3 client(s) available
[2026-06-25 22:07:34] Round 67 [EVAL-AGG] — 3 result(s), 0 failure(s)
  client ab5da2a79a3b4e2d91e4f324e5071aae: loss=0.1092, metrics={'val_dice': 0.894511858622233}
  client 51110ba88d0c4c7682fbe6d694add471: loss=0.1716, metrics={'val_dice': 0.8442804018656412}
  client 32ddc75054e74ad8b712ec8a9e4297e1: loss=0.1282, metrics={'val_dice': 0.8714624245961508}
[2026-06-25 22:07:34] Round 67 dice 0.8730 did not beat best 0.8834 (round 64)
[2026-06-25 22:07:34] Round 68 [FIT-CONFIG] — 3 client(s) available
[2026-06-25 22:12:56] Round 68 [FIT-AGG] — 3 result(s), 0 failure(s)
  client 51110ba88d0c4c7682fbe6d694add471: 286 examples, metrics={'train_loss': 0.1955167445243447}
  client 32ddc75054e74ad8b712ec8a9e4297e1: 305 examples, metrics={'train_loss': 0.13195194032837132}
  client ab5da2a79a3b4e2d91e4f324e5071aae: 408 examples, metrics={'train_loss': 0.11512617193911151}
[2026-06-25 22:13:02] Resume checkpoint saved (round 68) -> /work/r/reeshav/PPML-Experiments-FL/checkpoint/fl_resume.pth
[2026-06-25 22:13:02] Round 68 [EVAL-CONFIG] — 3 client(s) available
[2026-06-25 22:13:57] Round 68 [EVAL-AGG] — 3 result(s), 0 failure(s)
  client 32ddc75054e74ad8b712ec8a9e4297e1: loss=0.1284, metrics={'val_dice': 0.8711112340291342}
  client 51110ba88d0c4c7682fbe6d694add471: loss=0.1627, metrics={'val_dice': 0.8557597001393636}
  client ab5da2a79a3b4e2d91e4f324e5071aae: loss=0.1050, metrics={'val_dice': 0.8985886573791504}
[2026-06-25 22:13:57] Round 68 dice 0.8779 did not beat best 0.8834 (round 64)
[2026-06-25 22:13:57] Round 69 [FIT-CONFIG] — 3 client(s) available
[2026-06-25 22:19:18] Round 69 [FIT-AGG] — 3 result(s), 0 failure(s)
  client ab5da2a79a3b4e2d91e4f324e5071aae: 408 examples, metrics={'train_loss': 0.10706004840504452}
  client 32ddc75054e74ad8b712ec8a9e4297e1: 305 examples, metrics={'train_loss': 0.13487006583419003}
  client 51110ba88d0c4c7682fbe6d694add471: 286 examples, metrics={'train_loss': 0.19305276624545767}
[2026-06-25 22:19:24] Resume checkpoint saved (round 69) -> /work/r/reeshav/PPML-Experiments-FL/checkpoint/fl_resume.pth
[2026-06-25 22:19:24] Round 69 [EVAL-CONFIG] — 3 client(s) available
[2026-06-25 22:20:15] Round 69 [EVAL-AGG] — 3 result(s), 0 failure(s)
  client 51110ba88d0c4c7682fbe6d694add471: loss=0.1628, metrics={'val_dice': 0.8527193069458008}
  client 32ddc75054e74ad8b712ec8a9e4297e1: loss=0.1270, metrics={'val_dice': 0.8731405735015869}
  client ab5da2a79a3b4e2d91e4f324e5071aae: loss=0.1041, metrics={'val_dice': 0.9007995128631592}
[2026-06-25 22:20:15] Round 69 dice 0.8785 did not beat best 0.8834 (round 64)
[2026-06-25 22:20:15] Round 70 [FIT-CONFIG] — 3 client(s) available
[2026-06-25 22:25:51] Round 70 [FIT-AGG] — 3 result(s), 0 failure(s)
  client 51110ba88d0c4c7682fbe6d694add471: 286 examples, metrics={'train_loss': 0.19670305954670156}
  client ab5da2a79a3b4e2d91e4f324e5071aae: 408 examples, metrics={'train_loss': 0.11177138062467908}
  client 32ddc75054e74ad8b712ec8a9e4297e1: 305 examples, metrics={'train_loss': 0.13003778755664824}
[2026-06-25 22:25:56] Resume checkpoint saved (round 70) -> /work/r/reeshav/PPML-Experiments-FL/checkpoint/fl_resume.pth
[2026-06-25 22:25:56] Round 70 [EVAL-CONFIG] — 3 client(s) available
[2026-06-25 22:26:50] Round 70 [EVAL-AGG] — 3 result(s), 0 failure(s)
  client 51110ba88d0c4c7682fbe6d694add471: loss=0.1689, metrics={'val_dice': 0.8480183283487955}
  client 32ddc75054e74ad8b712ec8a9e4297e1: loss=0.1179, metrics={'val_dice': 0.8833945592244467}
  client ab5da2a79a3b4e2d91e4f324e5071aae: loss=0.1045, metrics={'val_dice': 0.8990610440572103}
[2026-06-25 22:26:50] Round 70 dice 0.8796 did not beat best 0.8834 (round 64)
[2026-06-25 22:26:50] Round 71 [FIT-CONFIG] — 3 client(s) available
[2026-06-25 22:32:02] Round 71 [FIT-AGG] — 3 result(s), 0 failure(s)
  client 32ddc75054e74ad8b712ec8a9e4297e1: 305 examples, metrics={'train_loss': 0.12628059612556558}
  client 51110ba88d0c4c7682fbe6d694add471: 286 examples, metrics={'train_loss': 0.19149156138821916}
  client ab5da2a79a3b4e2d91e4f324e5071aae: 408 examples, metrics={'train_loss': 0.10772882488684035}
[2026-06-25 22:32:07] Resume checkpoint saved (round 71) -> /work/r/reeshav/PPML-Experiments-FL/checkpoint/fl_resume.pth
[2026-06-25 22:32:07] Round 71 [EVAL-CONFIG] — 3 client(s) available
[2026-06-25 22:34:07] Round 71 [EVAL-AGG] — 3 result(s), 0 failure(s)
  client 51110ba88d0c4c7682fbe6d694add471: loss=0.1610, metrics={'val_dice': 0.8562474250793457}
  client 32ddc75054e74ad8b712ec8a9e4297e1: loss=0.1232, metrics={'val_dice': 0.8772766590118408}
  client ab5da2a79a3b4e2d91e4f324e5071aae: loss=0.1050, metrics={'val_dice': 0.8991792996724447}
[2026-06-25 22:34:07] Round 71 dice 0.8802 did not beat best 0.8834 (round 64)
[2026-06-25 22:34:07] Round 72 [FIT-CONFIG] — 3 client(s) available
[2026-06-25 22:39:21] Round 72 [FIT-AGG] — 3 result(s), 0 failure(s)
  client 51110ba88d0c4c7682fbe6d694add471: 286 examples, metrics={'train_loss': 0.18925579289508448}
  client ab5da2a79a3b4e2d91e4f324e5071aae: 408 examples, metrics={'train_loss': 0.10980325164364688}
  client 32ddc75054e74ad8b712ec8a9e4297e1: 305 examples, metrics={'train_loss': 0.13189574712124028}
[2026-06-25 22:39:26] Resume checkpoint saved (round 72) -> /work/r/reeshav/PPML-Experiments-FL/checkpoint/fl_resume.pth
[2026-06-25 22:39:26] Round 72 [EVAL-CONFIG] — 3 client(s) available
[2026-06-25 22:41:10] Round 72 [EVAL-AGG] — 3 result(s), 0 failure(s)
  client 32ddc75054e74ad8b712ec8a9e4297e1: loss=0.1315, metrics={'val_dice': 0.8691166241963705}
  client 51110ba88d0c4c7682fbe6d694add471: loss=0.1684, metrics={'val_dice': 0.8441198666890463}
  client ab5da2a79a3b4e2d91e4f324e5071aae: loss=0.1112, metrics={'val_dice': 0.8924567699432373}
[2026-06-25 22:41:10] Round 72 dice 0.8714 did not beat best 0.8834 (round 64)
[2026-06-25 22:41:10] Round 73 [FIT-CONFIG] — 3 client(s) available
[2026-06-25 22:46:17] Round 73 [FIT-AGG] — 3 result(s), 0 failure(s)
  client 51110ba88d0c4c7682fbe6d694add471: 286 examples, metrics={'train_loss': 0.19061382944610986}
  client ab5da2a79a3b4e2d91e4f324e5071aae: 408 examples, metrics={'train_loss': 0.1087840750229125}
  client 32ddc75054e74ad8b712ec8a9e4297e1: 305 examples, metrics={'train_loss': 0.12684028990200308}
[2026-06-25 22:46:22] Resume checkpoint saved (round 73) -> /work/r/reeshav/PPML-Experiments-FL/checkpoint/fl_resume.pth
[2026-06-25 22:46:22] Round 73 [EVAL-CONFIG] — 3 client(s) available
[2026-06-25 22:47:13] Round 73 [EVAL-AGG] — 3 result(s), 0 failure(s)
  client 51110ba88d0c4c7682fbe6d694add471: loss=0.1657, metrics={'val_dice': 0.8510845502217611}
  client ab5da2a79a3b4e2d91e4f324e5071aae: loss=0.1054, metrics={'val_dice': 0.8982734680175781}
  client 32ddc75054e74ad8b712ec8a9e4297e1: loss=0.1215, metrics={'val_dice': 0.8794963359832764}
[2026-06-25 22:47:13] Round 73 dice 0.8790 did not beat best 0.8834 (round 64)
[2026-06-25 22:47:13] Round 74 [FIT-CONFIG] — 3 client(s) available
[2026-06-25 22:52:22] Round 74 [FIT-AGG] — 3 result(s), 0 failure(s)
  client ab5da2a79a3b4e2d91e4f324e5071aae: 408 examples, metrics={'train_loss': 0.10936316468424219}
  client 51110ba88d0c4c7682fbe6d694add471: 286 examples, metrics={'train_loss': 0.19059987419604005}
  client 32ddc75054e74ad8b712ec8a9e4297e1: 305 examples, metrics={'train_loss': 0.1235109417531334}
[2026-06-25 22:52:28] Resume checkpoint saved (round 74) -> /work/r/reeshav/PPML-Experiments-FL/checkpoint/fl_resume.pth
[2026-06-25 22:52:28] Round 74 [EVAL-CONFIG] — 3 client(s) available
[2026-06-25 22:54:34] Round 74 [EVAL-AGG] — 3 result(s), 0 failure(s)
  client 51110ba88d0c4c7682fbe6d694add471: loss=0.1612, metrics={'val_dice': 0.855403741200765}
  client ab5da2a79a3b4e2d91e4f324e5071aae: loss=0.1072, metrics={'val_dice': 0.8959356149037679}
  client 32ddc75054e74ad8b712ec8a9e4297e1: loss=0.1099, metrics={'val_dice': 0.8909597396850586}
[2026-06-25 22:54:34] Round 74 dice 0.8827 did not beat best 0.8834 (round 64)
[2026-06-25 22:54:34] Round 75 [FIT-CONFIG] — 3 client(s) available
[2026-06-25 23:00:15] Round 75 [FIT-AGG] — 3 result(s), 0 failure(s)
  client 32ddc75054e74ad8b712ec8a9e4297e1: 305 examples, metrics={'train_loss': 0.12964844998644023}
  client ab5da2a79a3b4e2d91e4f324e5071aae: 408 examples, metrics={'train_loss': 0.11022303761074356}
  client 51110ba88d0c4c7682fbe6d694add471: 286 examples, metrics={'train_loss': 0.18680861416448663}
[2026-06-25 23:00:19] Resume checkpoint saved (round 75) -> /work/r/reeshav/PPML-Experiments-FL/checkpoint/fl_resume.pth
[2026-06-25 23:00:19] Round 75 [EVAL-CONFIG] — 3 client(s) available
[2026-06-25 23:01:10] Round 75 [EVAL-AGG] — 3 result(s), 0 failure(s)
  client ab5da2a79a3b4e2d91e4f324e5071aae: loss=0.1085, metrics={'val_dice': 0.895672082901001}
  client 32ddc75054e74ad8b712ec8a9e4297e1: loss=0.1280, metrics={'val_dice': 0.8715231418609619}
  client 51110ba88d0c4c7682fbe6d694add471: loss=0.1657, metrics={'val_dice': 0.8477342128753662}
[2026-06-25 23:01:10] Round 75 dice 0.8745 did not beat best 0.8834 (round 64)
[2026-06-25 23:01:10] Round 76 [FIT-CONFIG] — 3 client(s) available
[2026-06-25 23:06:18] Round 76 [FIT-AGG] — 3 result(s), 0 failure(s)
  client 51110ba88d0c4c7682fbe6d694add471: 286 examples, metrics={'train_loss': 0.19399957586783212}
  client 32ddc75054e74ad8b712ec8a9e4297e1: 305 examples, metrics={'train_loss': 0.13248850946299365}
  client ab5da2a79a3b4e2d91e4f324e5071aae: 408 examples, metrics={'train_loss': 0.1079918204478043}
[2026-06-25 23:06:23] Resume checkpoint saved (round 76) -> /work/r/reeshav/PPML-Experiments-FL/checkpoint/fl_resume.pth
[2026-06-25 23:06:23] Round 76 [EVAL-CONFIG] — 3 client(s) available
[2026-06-25 23:07:13] Round 76 [EVAL-AGG] — 3 result(s), 0 failure(s)
  client ab5da2a79a3b4e2d91e4f324e5071aae: loss=0.1057, metrics={'val_dice': 0.8978740374247233}
  client 32ddc75054e74ad8b712ec8a9e4297e1: loss=0.1177, metrics={'val_dice': 0.8821156024932861}
  client 51110ba88d0c4c7682fbe6d694add471: loss=0.1622, metrics={'val_dice': 0.8549830118815104}
[2026-06-25 23:07:13] Round 76 dice 0.8807 did not beat best 0.8834 (round 64)
[2026-06-25 23:07:13] Round 77 [FIT-CONFIG] — 3 client(s) available
[2026-06-25 23:12:24] Round 77 [FIT-AGG] — 3 result(s), 0 failure(s)
  client ab5da2a79a3b4e2d91e4f324e5071aae: 408 examples, metrics={'train_loss': 0.10602273666482492}
  client 32ddc75054e74ad8b712ec8a9e4297e1: 305 examples, metrics={'train_loss': 0.12958126509043036}
  client 51110ba88d0c4c7682fbe6d694add471: 286 examples, metrics={'train_loss': 0.18832126045534453}
[2026-06-25 23:12:29] Resume checkpoint saved (round 77) -> /work/r/reeshav/PPML-Experiments-FL/checkpoint/fl_resume.pth
[2026-06-25 23:12:29] Round 77 [EVAL-CONFIG] — 3 client(s) available
[2026-06-25 23:13:21] Round 77 [EVAL-AGG] — 3 result(s), 0 failure(s)
  client 32ddc75054e74ad8b712ec8a9e4297e1: loss=0.1309, metrics={'val_dice': 0.8696550528208414}
  client ab5da2a79a3b4e2d91e4f324e5071aae: loss=0.1059, metrics={'val_dice': 0.8980774084726969}
  client 51110ba88d0c4c7682fbe6d694add471: loss=0.1715, metrics={'val_dice': 0.8458589712778727}
[2026-06-25 23:13:21] Round 77 dice 0.8744 did not beat best 0.8834 (round 64)
[2026-06-25 23:13:21] Round 78 [FIT-CONFIG] — 3 client(s) available
[2026-06-25 23:18:30] Round 78 [FIT-AGG] — 3 result(s), 0 failure(s)
  client 32ddc75054e74ad8b712ec8a9e4297e1: 305 examples, metrics={'train_loss': 0.1238686488605425}
  client 51110ba88d0c4c7682fbe6d694add471: 286 examples, metrics={'train_loss': 0.1887189631669463}
  client ab5da2a79a3b4e2d91e4f324e5071aae: 408 examples, metrics={'train_loss': 0.1110182120327783}
[2026-06-25 23:18:36] Resume checkpoint saved (round 78) -> /work/r/reeshav/PPML-Experiments-FL/checkpoint/fl_resume.pth
[2026-06-25 23:18:36] Round 78 [EVAL-CONFIG] — 3 client(s) available
[2026-06-25 23:19:26] Round 78 [EVAL-AGG] — 3 result(s), 0 failure(s)
  client ab5da2a79a3b4e2d91e4f324e5071aae: loss=0.1028, metrics={'val_dice': 0.9014050165812174}
  client 51110ba88d0c4c7682fbe6d694add471: loss=0.1609, metrics={'val_dice': 0.8542870680491129}
  client 32ddc75054e74ad8b712ec8a9e4297e1: loss=0.1272, metrics={'val_dice': 0.8726658821105957}
[2026-06-25 23:19:26] Round 78 dice 0.8791 did not beat best 0.8834 (round 64)
[2026-06-25 23:19:26] Round 79 [FIT-CONFIG] — 3 client(s) available
[2026-06-25 23:24:34] Round 79 [FIT-AGG] — 3 result(s), 0 failure(s)
  client 32ddc75054e74ad8b712ec8a9e4297e1: 305 examples, metrics={'train_loss': 0.12584348993345362}
  client ab5da2a79a3b4e2d91e4f324e5071aae: 408 examples, metrics={'train_loss': 0.10633092287325245}
  client 51110ba88d0c4c7682fbe6d694add471: 286 examples, metrics={'train_loss': 0.19017383371564475}
[2026-06-25 23:24:40] Resume checkpoint saved (round 79) -> /work/r/reeshav/PPML-Experiments-FL/checkpoint/fl_resume.pth
[2026-06-25 23:24:40] Round 79 [EVAL-CONFIG] — 3 client(s) available
[2026-06-25 23:25:31] Round 79 [EVAL-AGG] — 3 result(s), 0 failure(s)
  client 32ddc75054e74ad8b712ec8a9e4297e1: loss=0.1140, metrics={'val_dice': 0.8855315844217936}
  client ab5da2a79a3b4e2d91e4f324e5071aae: loss=0.1081, metrics={'val_dice': 0.8950235843658447}
  client 51110ba88d0c4c7682fbe6d694add471: loss=0.1583, metrics={'val_dice': 0.8584919770558676}
[2026-06-25 23:25:31] Round 79 dice 0.8816 did not beat best 0.8834 (round 64)
[2026-06-25 23:25:31] Round 80 [FIT-CONFIG] — 3 client(s) available
[2026-06-25 23:30:45] Round 80 [FIT-AGG] — 3 result(s), 0 failure(s)
  client 51110ba88d0c4c7682fbe6d694add471: 286 examples, metrics={'train_loss': 0.19049389386823126}
  client 32ddc75054e74ad8b712ec8a9e4297e1: 305 examples, metrics={'train_loss': 0.12266937794133288}
  client ab5da2a79a3b4e2d91e4f324e5071aae: 408 examples, metrics={'train_loss': 0.109638924463926}
[2026-06-25 23:30:53] Resume checkpoint saved (round 80) -> /work/r/reeshav/PPML-Experiments-FL/checkpoint/fl_resume.pth
[2026-06-25 23:30:53] Round 80 [EVAL-CONFIG] — 3 client(s) available
[2026-06-25 23:31:46] Round 80 [EVAL-AGG] — 3 result(s), 0 failure(s)
  client 32ddc75054e74ad8b712ec8a9e4297e1: loss=0.1185, metrics={'val_dice': 0.8818887074788412}
  client 51110ba88d0c4c7682fbe6d694add471: loss=0.1651, metrics={'val_dice': 0.8513561089833578}
  client ab5da2a79a3b4e2d91e4f324e5071aae: loss=0.1079, metrics={'val_dice': 0.8955740928649902}
[2026-06-25 23:31:46] Round 80 dice 0.8787 did not beat best 0.8834 (round 64)
[2026-06-25 23:31:46] Round 81 [FIT-CONFIG] — 3 client(s) available
[2026-06-25 23:36:56] Round 81 [FIT-AGG] — 3 result(s), 0 failure(s)
  client 32ddc75054e74ad8b712ec8a9e4297e1: 305 examples, metrics={'train_loss': 0.12724452718603807}
  client 51110ba88d0c4c7682fbe6d694add471: 286 examples, metrics={'train_loss': 0.18399410843328162}
  client ab5da2a79a3b4e2d91e4f324e5071aae: 408 examples, metrics={'train_loss': 0.10915798229603645}
[2026-06-25 23:37:02] Resume checkpoint saved (round 81) -> /work/r/reeshav/PPML-Experiments-FL/checkpoint/fl_resume.pth
[2026-06-25 23:37:02] Round 81 [EVAL-CONFIG] — 3 client(s) available
[2026-06-25 23:37:53] Round 81 [EVAL-AGG] — 3 result(s), 0 failure(s)
  client 51110ba88d0c4c7682fbe6d694add471: loss=0.1641, metrics={'val_dice': 0.8530283768971761}
  client ab5da2a79a3b4e2d91e4f324e5071aae: loss=0.1047, metrics={'val_dice': 0.8980073928833008}
  client 32ddc75054e74ad8b712ec8a9e4297e1: loss=0.1125, metrics={'val_dice': 0.8878029187520345}
[2026-06-25 23:37:53] Round 81 dice 0.8820 did not beat best 0.8834 (round 64)
[2026-06-25 23:37:53] Round 82 [FIT-CONFIG] — 3 client(s) available
[2026-06-25 23:43:08] Round 82 [FIT-AGG] — 3 result(s), 0 failure(s)
  client ab5da2a79a3b4e2d91e4f324e5071aae: 408 examples, metrics={'train_loss': 0.10940955277970608}
  client 32ddc75054e74ad8b712ec8a9e4297e1: 305 examples, metrics={'train_loss': 0.11876173723550117}
  client 51110ba88d0c4c7682fbe6d694add471: 286 examples, metrics={'train_loss': 0.18973852691429477}
[2026-06-25 23:43:14] Resume checkpoint saved (round 82) -> /work/r/reeshav/PPML-Experiments-FL/checkpoint/fl_resume.pth
[2026-06-25 23:43:14] Round 82 [EVAL-CONFIG] — 3 client(s) available
[2026-06-25 23:44:02] Round 82 [EVAL-AGG] — 3 result(s), 0 failure(s)
  client ab5da2a79a3b4e2d91e4f324e5071aae: loss=0.1028, metrics={'val_dice': 0.9015717506408691}
  client 51110ba88d0c4c7682fbe6d694add471: loss=0.1608, metrics={'val_dice': 0.8553134600321451}
  client 32ddc75054e74ad8b712ec8a9e4297e1: loss=0.1089, metrics={'val_dice': 0.8926130930582682}
[2026-06-25 23:44:04] Best model updated (round 82, dice 0.8855) -> /work/r/reeshav/PPML-Experiments-FL/checkpoint/swin_unetr_fl_best.pth
[2026-06-25 23:44:08] Resume checkpoint saved (round 82) -> /work/r/reeshav/PPML-Experiments-FL/checkpoint/fl_resume.pth
[2026-06-25 23:44:08] Round 83 [FIT-CONFIG] — 3 client(s) available
[2026-06-25 23:49:23] Round 83 [FIT-AGG] — 3 result(s), 0 failure(s)
  client 51110ba88d0c4c7682fbe6d694add471: 286 examples, metrics={'train_loss': 0.1893257811873943}
  client 32ddc75054e74ad8b712ec8a9e4297e1: 305 examples, metrics={'train_loss': 0.12529420437993574}
  client ab5da2a79a3b4e2d91e4f324e5071aae: 408 examples, metrics={'train_loss': 0.1059831484385273}
[2026-06-25 23:49:28] Resume checkpoint saved (round 83) -> /work/r/reeshav/PPML-Experiments-FL/checkpoint/fl_resume.pth
[2026-06-25 23:49:28] Round 83 [EVAL-CONFIG] — 3 client(s) available
[2026-06-25 23:50:20] Round 83 [EVAL-AGG] — 3 result(s), 0 failure(s)
  client 51110ba88d0c4c7682fbe6d694add471: loss=0.1655, metrics={'val_dice': 0.8496312300364176}
  client ab5da2a79a3b4e2d91e4f324e5071aae: loss=0.1090, metrics={'val_dice': 0.893939733505249}
  client 32ddc75054e74ad8b712ec8a9e4297e1: loss=0.1198, metrics={'val_dice': 0.8795065879821777}
[2026-06-25 23:50:20] Round 83 dice 0.8768 did not beat best 0.8855 (round 82)
[2026-06-25 23:50:20] Round 84 [FIT-CONFIG] — 3 client(s) available
[2026-06-25 23:55:30] Round 84 [FIT-AGG] — 3 result(s), 0 failure(s)
  client 51110ba88d0c4c7682fbe6d694add471: 286 examples, metrics={'train_loss': 0.18613178860005383}
  client ab5da2a79a3b4e2d91e4f324e5071aae: 408 examples, metrics={'train_loss': 0.110253457322388}
  client 32ddc75054e74ad8b712ec8a9e4297e1: 305 examples, metrics={'train_loss': 0.12320959395805343}
[2026-06-25 23:55:36] Resume checkpoint saved (round 84) -> /work/r/reeshav/PPML-Experiments-FL/checkpoint/fl_resume.pth
[2026-06-25 23:55:36] Round 84 [EVAL-CONFIG] — 3 client(s) available
[2026-06-25 23:56:24] Round 84 [EVAL-AGG] — 3 result(s), 0 failure(s)
  client 32ddc75054e74ad8b712ec8a9e4297e1: loss=0.1099, metrics={'val_dice': 0.8912462393442789}
  client 51110ba88d0c4c7682fbe6d694add471: loss=0.1607, metrics={'val_dice': 0.8569790522257487}
  client ab5da2a79a3b4e2d91e4f324e5071aae: loss=0.1039, metrics={'val_dice': 0.9004290898640951}
[2026-06-25 23:56:24] Round 84 dice 0.8851 did not beat best 0.8855 (round 82)
[2026-06-25 23:56:24] Round 85 [FIT-CONFIG] — 3 client(s) available
[2026-06-26 00:01:40] Round 85 [FIT-AGG] — 3 result(s), 0 failure(s)
  client ab5da2a79a3b4e2d91e4f324e5071aae: 408 examples, metrics={'train_loss': 0.11002096362576327}
  client 32ddc75054e74ad8b712ec8a9e4297e1: 305 examples, metrics={'train_loss': 0.1286192482612172}
  client 51110ba88d0c4c7682fbe6d694add471: 286 examples, metrics={'train_loss': 0.18878174526291294}
[2026-06-26 00:01:45] Resume checkpoint saved (round 85) -> /work/r/reeshav/PPML-Experiments-FL/checkpoint/fl_resume.pth
[2026-06-26 00:01:45] Round 85 [EVAL-CONFIG] — 3 client(s) available
[2026-06-26 00:03:39] Round 85 [EVAL-AGG] — 3 result(s), 0 failure(s)
  client 32ddc75054e74ad8b712ec8a9e4297e1: loss=0.1223, metrics={'val_dice': 0.8788828055063883}
  client 51110ba88d0c4c7682fbe6d694add471: loss=0.1652, metrics={'val_dice': 0.8498900731404623}
  client ab5da2a79a3b4e2d91e4f324e5071aae: loss=0.1061, metrics={'val_dice': 0.8979330062866211}
[2026-06-26 00:03:39] Round 85 dice 0.8783 did not beat best 0.8855 (round 82)
[2026-06-26 00:03:39] Round 86 [FIT-CONFIG] — 3 client(s) available
[2026-06-26 00:08:48] Round 86 [FIT-AGG] — 3 result(s), 0 failure(s)
  client 32ddc75054e74ad8b712ec8a9e4297e1: 305 examples, metrics={'train_loss': 0.1359132269611124}
  client 51110ba88d0c4c7682fbe6d694add471: 286 examples, metrics={'train_loss': 0.18894976937583277}
  client ab5da2a79a3b4e2d91e4f324e5071aae: 408 examples, metrics={'train_loss': 0.10556135722892541}
[2026-06-26 00:08:53] Resume checkpoint saved (round 86) -> /work/r/reeshav/PPML-Experiments-FL/checkpoint/fl_resume.pth
[2026-06-26 00:08:53] Round 86 [EVAL-CONFIG] — 3 client(s) available
[2026-06-26 00:09:44] Round 86 [EVAL-AGG] — 3 result(s), 0 failure(s)
  client ab5da2a79a3b4e2d91e4f324e5071aae: loss=0.1035, metrics={'val_dice': 0.9007853666941324}
  client 51110ba88d0c4c7682fbe6d694add471: loss=0.1550, metrics={'val_dice': 0.8624544143676758}
  client 32ddc75054e74ad8b712ec8a9e4297e1: loss=0.1089, metrics={'val_dice': 0.8912580013275146}
[2026-06-26 00:09:47] Best model updated (round 86, dice 0.8868) -> /work/r/reeshav/PPML-Experiments-FL/checkpoint/swin_unetr_fl_best.pth
[2026-06-26 00:09:51] Resume checkpoint saved (round 86) -> /work/r/reeshav/PPML-Experiments-FL/checkpoint/fl_resume.pth
[2026-06-26 00:09:51] Round 87 [FIT-CONFIG] — 3 client(s) available
[2026-06-26 00:15:01] Round 87 [FIT-AGG] — 3 result(s), 0 failure(s)
  client ab5da2a79a3b4e2d91e4f324e5071aae: 408 examples, metrics={'train_loss': 0.10486884813700967}
  client 51110ba88d0c4c7682fbe6d694add471: 286 examples, metrics={'train_loss': 0.19424889167653514}
  client 32ddc75054e74ad8b712ec8a9e4297e1: 305 examples, metrics={'train_loss': 0.12448077360626127}
[2026-06-26 00:15:06] Resume checkpoint saved (round 87) -> /work/r/reeshav/PPML-Experiments-FL/checkpoint/fl_resume.pth
[2026-06-26 00:15:06] Round 87 [EVAL-CONFIG] — 3 client(s) available
[2026-06-26 00:15:57] Round 87 [EVAL-AGG] — 3 result(s), 0 failure(s)
  client 51110ba88d0c4c7682fbe6d694add471: loss=0.1639, metrics={'val_dice': 0.8520858287811279}
  client 32ddc75054e74ad8b712ec8a9e4297e1: loss=0.1124, metrics={'val_dice': 0.8886711597442627}
  client ab5da2a79a3b4e2d91e4f324e5071aae: loss=0.1033, metrics={'val_dice': 0.9012941519419352}
[2026-06-26 00:15:57] Round 87 dice 0.8833 did not beat best 0.8868 (round 86)
[2026-06-26 00:15:57] Round 88 [FIT-CONFIG] — 3 client(s) available
[2026-06-26 00:21:05] Round 88 [FIT-AGG] — 3 result(s), 0 failure(s)
  client ab5da2a79a3b4e2d91e4f324e5071aae: 408 examples, metrics={'train_loss': 0.1082823986242361}
  client 51110ba88d0c4c7682fbe6d694add471: 286 examples, metrics={'train_loss': 0.19668235516475213}
  client 32ddc75054e74ad8b712ec8a9e4297e1: 305 examples, metrics={'train_loss': 0.1210648729420099}
[2026-06-26 00:21:10] Resume checkpoint saved (round 88) -> /work/r/reeshav/PPML-Experiments-FL/checkpoint/fl_resume.pth
[2026-06-26 00:21:10] Round 88 [EVAL-CONFIG] — 3 client(s) available
[2026-06-26 00:22:01] Round 88 [EVAL-AGG] — 3 result(s), 0 failure(s)
  client ab5da2a79a3b4e2d91e4f324e5071aae: loss=0.1065, metrics={'val_dice': 0.8972052733103434}
  client 32ddc75054e74ad8b712ec8a9e4297e1: loss=0.1239, metrics={'val_dice': 0.8761836687723795}
  client 51110ba88d0c4c7682fbe6d694add471: loss=0.1602, metrics={'val_dice': 0.8533557256062826}
[2026-06-26 00:22:01] Round 88 dice 0.8782 did not beat best 0.8868 (round 86)
[2026-06-26 00:22:01] Round 89 [FIT-CONFIG] — 3 client(s) available
[2026-06-26 00:27:29] Round 89 [FIT-AGG] — 3 result(s), 0 failure(s)
  client 51110ba88d0c4c7682fbe6d694add471: 286 examples, metrics={'train_loss': 0.18139433080551925}
  client 32ddc75054e74ad8b712ec8a9e4297e1: 305 examples, metrics={'train_loss': 0.12479923056652312}
  client ab5da2a79a3b4e2d91e4f324e5071aae: 408 examples, metrics={'train_loss': 0.1060798823943033}
[2026-06-26 00:27:34] Resume checkpoint saved (round 89) -> /work/r/reeshav/PPML-Experiments-FL/checkpoint/fl_resume.pth
[2026-06-26 00:27:34] Round 89 [EVAL-CONFIG] — 3 client(s) available
[2026-06-26 00:28:24] Round 89 [EVAL-AGG] — 3 result(s), 0 failure(s)
  client ab5da2a79a3b4e2d91e4f324e5071aae: loss=0.0990, metrics={'val_dice': 0.9057535330454508}
  client 32ddc75054e74ad8b712ec8a9e4297e1: loss=0.1215, metrics={'val_dice': 0.8798457781473795}
  client 51110ba88d0c4c7682fbe6d694add471: loss=0.1598, metrics={'val_dice': 0.8547336260477701}
[2026-06-26 00:28:24] Round 89 dice 0.8832 did not beat best 0.8868 (round 86)
[2026-06-26 00:28:24] Round 90 [FIT-CONFIG] — 3 client(s) available
[2026-06-26 00:33:36] Round 90 [FIT-AGG] — 3 result(s), 0 failure(s)
  client 51110ba88d0c4c7682fbe6d694add471: 286 examples, metrics={'train_loss': 0.18420920564005008}
  client 32ddc75054e74ad8b712ec8a9e4297e1: 305 examples, metrics={'train_loss': 0.12062700704717245}
  client ab5da2a79a3b4e2d91e4f324e5071aae: 408 examples, metrics={'train_loss': 0.10581019762720839}
[2026-06-26 00:33:41] Resume checkpoint saved (round 90) -> /work/r/reeshav/PPML-Experiments-FL/checkpoint/fl_resume.pth
[2026-06-26 00:33:41] Round 90 [EVAL-CONFIG] — 3 client(s) available
[2026-06-26 00:34:34] Round 90 [EVAL-AGG] — 3 result(s), 0 failure(s)
  client 32ddc75054e74ad8b712ec8a9e4297e1: loss=0.1187, metrics={'val_dice': 0.8815945784250895}
  client ab5da2a79a3b4e2d91e4f324e5071aae: loss=0.1024, metrics={'val_dice': 0.9016094207763672}
  client 51110ba88d0c4c7682fbe6d694add471: loss=0.1603, metrics={'val_dice': 0.8547734419504801}
[2026-06-26 00:34:34] Round 90 dice 0.8820 did not beat best 0.8868 (round 86)
[2026-06-26 00:34:34] Round 91 [FIT-CONFIG] — 3 client(s) available
[2026-06-26 00:39:44] Round 91 [FIT-AGG] — 3 result(s), 0 failure(s)
  client 51110ba88d0c4c7682fbe6d694add471: 286 examples, metrics={'train_loss': 0.18550807404351402}
  client ab5da2a79a3b4e2d91e4f324e5071aae: 408 examples, metrics={'train_loss': 0.10577705751319288}
  client 32ddc75054e74ad8b712ec8a9e4297e1: 305 examples, metrics={'train_loss': 0.13098485631043794}
[2026-06-26 00:39:49] Resume checkpoint saved (round 91) -> /work/r/reeshav/PPML-Experiments-FL/checkpoint/fl_resume.pth
[2026-06-26 00:39:49] Round 91 [EVAL-CONFIG] — 3 client(s) available
[2026-06-26 00:40:42] Round 91 [EVAL-AGG] — 3 result(s), 0 failure(s)
  client 51110ba88d0c4c7682fbe6d694add471: loss=0.1654, metrics={'val_dice': 0.8499832153320312}
  client 32ddc75054e74ad8b712ec8a9e4297e1: loss=0.1229, metrics={'val_dice': 0.8772765000661215}
  client ab5da2a79a3b4e2d91e4f324e5071aae: loss=0.1025, metrics={'val_dice': 0.9025320212046305}
[2026-06-26 00:40:42] Round 91 dice 0.8797 did not beat best 0.8868 (round 86)
[2026-06-26 00:40:42] Round 92 [FIT-CONFIG] — 3 client(s) available
[2026-06-26 00:45:50] Round 92 [FIT-AGG] — 3 result(s), 0 failure(s)
  client 32ddc75054e74ad8b712ec8a9e4297e1: 305 examples, metrics={'train_loss': 0.12604664931776094}
  client 51110ba88d0c4c7682fbe6d694add471: 286 examples, metrics={'train_loss': 0.18560702317244523}
  client ab5da2a79a3b4e2d91e4f324e5071aae: 408 examples, metrics={'train_loss': 0.10716085554575365}
[2026-06-26 00:45:56] Resume checkpoint saved (round 92) -> /work/r/reeshav/PPML-Experiments-FL/checkpoint/fl_resume.pth
[2026-06-26 00:45:56] Round 92 [EVAL-CONFIG] — 3 client(s) available
[2026-06-26 00:46:49] Round 92 [EVAL-AGG] — 3 result(s), 0 failure(s)
  client ab5da2a79a3b4e2d91e4f324e5071aae: loss=0.1030, metrics={'val_dice': 0.9003363450368246}
  client 32ddc75054e74ad8b712ec8a9e4297e1: loss=0.0994, metrics={'val_dice': 0.902021328608195}
  client 51110ba88d0c4c7682fbe6d694add471: loss=0.1597, metrics={'val_dice': 0.8586631615956625}
[2026-06-26 00:46:51] Best model updated (round 92, dice 0.8888) -> /work/r/reeshav/PPML-Experiments-FL/checkpoint/swin_unetr_fl_best.pth
[2026-06-26 00:46:57] Resume checkpoint saved (round 92) -> /work/r/reeshav/PPML-Experiments-FL/checkpoint/fl_resume.pth
[2026-06-26 00:46:57] Round 93 [FIT-CONFIG] — 3 client(s) available
[2026-06-26 00:52:25] Round 93 [FIT-AGG] — 3 result(s), 0 failure(s)
  client 32ddc75054e74ad8b712ec8a9e4297e1: 305 examples, metrics={'train_loss': 0.11872145984260762}
  client 51110ba88d0c4c7682fbe6d694add471: 286 examples, metrics={'train_loss': 0.18662053138226062}
  client ab5da2a79a3b4e2d91e4f324e5071aae: 408 examples, metrics={'train_loss': 0.10592604894191027}
[2026-06-26 00:52:31] Resume checkpoint saved (round 93) -> /work/r/reeshav/PPML-Experiments-FL/checkpoint/fl_resume.pth
[2026-06-26 00:52:31] Round 93 [EVAL-CONFIG] — 3 client(s) available
[2026-06-26 00:53:23] Round 93 [EVAL-AGG] — 3 result(s), 0 failure(s)
  client 51110ba88d0c4c7682fbe6d694add471: loss=0.1576, metrics={'val_dice': 0.8594024976094564}
  client 32ddc75054e74ad8b712ec8a9e4297e1: loss=0.1190, metrics={'val_dice': 0.8817466100056967}
  client ab5da2a79a3b4e2d91e4f324e5071aae: loss=0.0942, metrics={'val_dice': 0.9122963746388754}
[2026-06-26 00:53:23] Round 93 dice 0.8878 did not beat best 0.8888 (round 92)
[2026-06-26 00:53:23] Round 94 [FIT-CONFIG] — 3 client(s) available
[2026-06-26 00:59:11] Round 94 [FIT-AGG] — 3 result(s), 0 failure(s)
  client 51110ba88d0c4c7682fbe6d694add471: 286 examples, metrics={'train_loss': 0.187168984732532}
  client ab5da2a79a3b4e2d91e4f324e5071aae: 408 examples, metrics={'train_loss': 0.10797339008993231}
  client 32ddc75054e74ad8b712ec8a9e4297e1: 305 examples, metrics={'train_loss': 0.12479983140088495}
[2026-06-26 00:59:17] Resume checkpoint saved (round 94) -> /work/r/reeshav/PPML-Experiments-FL/checkpoint/fl_resume.pth
[2026-06-26 00:59:17] Round 94 [EVAL-CONFIG] — 3 client(s) available
[2026-06-26 01:00:10] Round 94 [EVAL-AGG] — 3 result(s), 0 failure(s)
  client 51110ba88d0c4c7682fbe6d694add471: loss=0.1606, metrics={'val_dice': 0.8547511100769043}
  client ab5da2a79a3b4e2d91e4f324e5071aae: loss=0.0961, metrics={'val_dice': 0.9094985326131185}
  client 32ddc75054e74ad8b712ec8a9e4297e1: loss=0.1201, metrics={'val_dice': 0.8799893061319987}
[2026-06-26 01:00:10] Round 94 dice 0.8848 did not beat best 0.8888 (round 92)
[2026-06-26 01:00:10] Round 95 [FIT-CONFIG] — 3 client(s) available
[2026-06-26 01:05:40] Round 95 [FIT-AGG] — 3 result(s), 0 failure(s)
  client 51110ba88d0c4c7682fbe6d694add471: 286 examples, metrics={'train_loss': 0.1776854543314947}
  client 32ddc75054e74ad8b712ec8a9e4297e1: 305 examples, metrics={'train_loss': 0.1174405073411152}
  client ab5da2a79a3b4e2d91e4f324e5071aae: 408 examples, metrics={'train_loss': 0.10386371770508442}
[2026-06-26 01:05:45] Resume checkpoint saved (round 95) -> /work/r/reeshav/PPML-Experiments-FL/checkpoint/fl_resume.pth
[2026-06-26 01:05:45] Round 95 [EVAL-CONFIG] — 3 client(s) available
[2026-06-26 01:06:37] Round 95 [EVAL-AGG] — 3 result(s), 0 failure(s)
  client 51110ba88d0c4c7682fbe6d694add471: loss=0.1581, metrics={'val_dice': 0.8565486272176107}
  client 32ddc75054e74ad8b712ec8a9e4297e1: loss=0.1147, metrics={'val_dice': 0.8860238393147787}
  client ab5da2a79a3b4e2d91e4f324e5071aae: loss=0.1031, metrics={'val_dice': 0.9004904429117838}
[2026-06-26 01:06:37] Round 95 dice 0.8834 did not beat best 0.8888 (round 92)
[2026-06-26 01:06:37] Round 96 [FIT-CONFIG] — 3 client(s) available
[2026-06-26 01:11:49] Round 96 [FIT-AGG] — 3 result(s), 0 failure(s)
  client 32ddc75054e74ad8b712ec8a9e4297e1: 305 examples, metrics={'train_loss': 0.123303467481107}
  client 51110ba88d0c4c7682fbe6d694add471: 286 examples, metrics={'train_loss': 0.19322959426139202}
  client ab5da2a79a3b4e2d91e4f324e5071aae: 408 examples, metrics={'train_loss': 0.10363764812092424}
[2026-06-26 01:11:55] Resume checkpoint saved (round 96) -> /work/r/reeshav/PPML-Experiments-FL/checkpoint/fl_resume.pth
[2026-06-26 01:11:55] Round 96 [EVAL-CONFIG] — 3 client(s) available
[2026-06-26 01:12:47] Round 96 [EVAL-AGG] — 3 result(s), 0 failure(s)
  client 32ddc75054e74ad8b712ec8a9e4297e1: loss=0.1097, metrics={'val_dice': 0.8924417495727539}
  client 51110ba88d0c4c7682fbe6d694add471: loss=0.1629, metrics={'val_dice': 0.8523756663004557}
  client ab5da2a79a3b4e2d91e4f324e5071aae: loss=0.0997, metrics={'val_dice': 0.9052743117014567}
[2026-06-26 01:12:47] Round 96 dice 0.8861 did not beat best 0.8888 (round 92)
[2026-06-26 01:12:47] Round 97 [FIT-CONFIG] — 3 client(s) available
[2026-06-26 01:18:00] Round 97 [FIT-AGG] — 3 result(s), 0 failure(s)
  client 51110ba88d0c4c7682fbe6d694add471: 286 examples, metrics={'train_loss': 0.1817981272128287}
  client 32ddc75054e74ad8b712ec8a9e4297e1: 305 examples, metrics={'train_loss': 0.12230385135187477}
  client ab5da2a79a3b4e2d91e4f324e5071aae: 408 examples, metrics={'train_loss': 0.10689188744051054}
[2026-06-26 01:18:04] Resume checkpoint saved (round 97) -> /work/r/reeshav/PPML-Experiments-FL/checkpoint/fl_resume.pth
[2026-06-26 01:18:04] Round 97 [EVAL-CONFIG] — 3 client(s) available
[2026-06-26 01:18:56] Round 97 [EVAL-AGG] — 3 result(s), 0 failure(s)
  client ab5da2a79a3b4e2d91e4f324e5071aae: loss=0.1015, metrics={'val_dice': 0.9029712677001953}
  client 32ddc75054e74ad8b712ec8a9e4297e1: loss=0.1062, metrics={'val_dice': 0.896833578745524}
  client 51110ba88d0c4c7682fbe6d694add471: loss=0.1558, metrics={'val_dice': 0.86013396581014}
[2026-06-26 01:18:56] Round 97 dice 0.8888 did not beat best 0.8888 (round 92)
[2026-06-26 01:18:56] Round 98 [FIT-CONFIG] — 3 client(s) available
[2026-06-26 01:24:24] Round 98 [FIT-AGG] — 3 result(s), 0 failure(s)
  client 51110ba88d0c4c7682fbe6d694add471: 286 examples, metrics={'train_loss': 0.18918139362460248}
  client 32ddc75054e74ad8b712ec8a9e4297e1: 305 examples, metrics={'train_loss': 0.12199938832247843}
  client ab5da2a79a3b4e2d91e4f324e5071aae: 408 examples, metrics={'train_loss': 0.11196149412688672}
[2026-06-26 01:24:30] Resume checkpoint saved (round 98) -> /work/r/reeshav/PPML-Experiments-FL/checkpoint/fl_resume.pth
[2026-06-26 01:24:30] Round 98 [EVAL-CONFIG] — 3 client(s) available
[2026-06-26 01:25:25] Round 98 [EVAL-AGG] — 3 result(s), 0 failure(s)
  client 51110ba88d0c4c7682fbe6d694add471: loss=0.1667, metrics={'val_dice': 0.8526323636372884}
  client 32ddc75054e74ad8b712ec8a9e4297e1: loss=0.1092, metrics={'val_dice': 0.8923365275065104}
  client ab5da2a79a3b4e2d91e4f324e5071aae: loss=0.1017, metrics={'val_dice': 0.9027647972106934}
[2026-06-26 01:25:25] Round 98 dice 0.8852 did not beat best 0.8888 (round 92)
[2026-06-26 01:25:25] Round 99 [FIT-CONFIG] — 3 client(s) available
[2026-06-26 01:30:53] Round 99 [FIT-AGG] — 3 result(s), 0 failure(s)
  client 51110ba88d0c4c7682fbe6d694add471: 286 examples, metrics={'train_loss': 0.18682364244144278}
  client 32ddc75054e74ad8b712ec8a9e4297e1: 305 examples, metrics={'train_loss': 0.11953838003463432}
  client ab5da2a79a3b4e2d91e4f324e5071aae: 408 examples, metrics={'train_loss': 0.10472623548726094}
[2026-06-26 01:30:58] Resume checkpoint saved (round 99) -> /work/r/reeshav/PPML-Experiments-FL/checkpoint/fl_resume.pth
[2026-06-26 01:30:58] Round 99 [EVAL-CONFIG] — 3 client(s) available
[2026-06-26 01:31:52] Round 99 [EVAL-AGG] — 3 result(s), 0 failure(s)
  client 51110ba88d0c4c7682fbe6d694add471: loss=0.1646, metrics={'val_dice': 0.8533332347869873}
  client ab5da2a79a3b4e2d91e4f324e5071aae: loss=0.1014, metrics={'val_dice': 0.9035356839497884}
  client 32ddc75054e74ad8b712ec8a9e4297e1: loss=0.1094, metrics={'val_dice': 0.8929378191630045}
[2026-06-26 01:31:52] Round 99 dice 0.8859 did not beat best 0.8888 (round 92)
[2026-06-26 01:31:52] Round 100 [FIT-CONFIG] — 3 client(s) available
[2026-06-26 01:37:20] Round 100 [FIT-AGG] — 3 result(s), 0 failure(s)
  client 51110ba88d0c4c7682fbe6d694add471: 286 examples, metrics={'train_loss': 0.18565819570078299}
  client 32ddc75054e74ad8b712ec8a9e4297e1: 305 examples, metrics={'train_loss': 0.12406040309760415}
  client ab5da2a79a3b4e2d91e4f324e5071aae: 408 examples, metrics={'train_loss': 0.10622231927061197}
[2026-06-26 01:37:25] Resume checkpoint saved (round 100) -> /work/r/reeshav/PPML-Experiments-FL/checkpoint/fl_resume.pth
[2026-06-26 01:37:25] Round 100 [EVAL-CONFIG] — 3 client(s) available
[2026-06-26 01:38:15] Round 100 [EVAL-AGG] — 3 result(s), 0 failure(s)
  client ab5da2a79a3b4e2d91e4f324e5071aae: loss=0.0985, metrics={'val_dice': 0.9078235626220703}
  client 32ddc75054e74ad8b712ec8a9e4297e1: loss=0.1176, metrics={'val_dice': 0.8846758206685384}
  client 51110ba88d0c4c7682fbe6d694add471: loss=0.1648, metrics={'val_dice': 0.8503869374593099}
[2026-06-26 01:38:15] Round 100 dice 0.8842 did not beat best 0.8888 (round 92)
[2026-06-26 01:38:15] FL training complete. Server shutting down.
=== FL Server finished at Fri Jun 26 01:38:17 EDT 2026 ===
