/work/r/reeshav/PPML-Experiments-FL/.venv/lib/python3.9/site-packages/monai/utils/deprecate_utils.py:321: FutureWarning: monai.transforms.spatial.dictionary Orientationd.__init__:labels: Current default value of argument `labels=(('L', 'R'), ('P', 'A'), ('I', 'S'))` was changed in version None from `labels=(('L', 'R'), ('P', 'A'), ('I', 'S'))` to `labels=None`. Default value changed to None meaning that the transform now uses the 'space' of a meta-tensor, if applicable, to determine appropriate axis labels.
  warn_deprecated(argname, msg, warning_category)
[92mINFO [0m:      
[92mINFO [0m:      Received: get_parameters message f89a40bf-1a3b-4948-a920-df9efe68b5ea
[92mINFO [0m:      Sent reply
[92mINFO [0m:      
[92mINFO [0m:      Received: train message de9a7eaa-143c-47e4-98af-f37312a8ca96
I0625 14:42:04.370986   24528 fork_posix.cc:71] Other threads are currently calling into gRPC, skipping fork() handlers
E0625 14:42:04.400493   24543 completion_queue.cc:800] Kick failed: UNKNOWN:eventfd_write: Bad file descriptor (9)
I0625 14:42:04.423377   24294 fork_posix.cc:71] Other threads are currently calling into gRPC, skipping fork() handlers
I0625 14:42:04.471591   24294 fork_posix.cc:71] Other threads are currently calling into gRPC, skipping fork() handlers
I0625 14:42:05.918182   24528 fork_posix.cc:71] Other threads are currently calling into gRPC, skipping fork() handlers
I0625 14:42:07.006285   24528 fork_posix.cc:71] Other threads are currently calling into gRPC, skipping fork() handlers
E0625 14:42:07.038313   24726 completion_queue.cc:800] Kick failed: UNKNOWN:eventfd_write: Bad file descriptor (9)
I0625 14:42:08.098266   24528 fork_posix.cc:71] Other threads are currently calling into gRPC, skipping fork() handlers
E0625 14:42:08.136683   24772 completion_queue.cc:800] Kick failed: UNKNOWN:eventfd_write: Bad file descriptor (9)
I0625 14:42:09.220376   24528 fork_posix.cc:71] Other threads are currently calling into gRPC, skipping fork() handlers
E0625 14:42:09.259790   24809 completion_queue.cc:800] Kick failed: UNKNOWN:eventfd_write: Bad file descriptor (9)
I0625 14:42:10.331581   24528 fork_posix.cc:71] Other threads are currently calling into gRPC, skipping fork() handlers
E0625 14:42:10.377415   24847 completion_queue.cc:800] Kick failed: UNKNOWN:eventfd_write: Bad file descriptor (9)
I0625 14:42:11.451637   24528 fork_posix.cc:71] Other threads are currently calling into gRPC, skipping fork() handlers
E0625 14:42:11.516568   24885 completion_queue.cc:800] Kick failed: UNKNOWN:eventfd_write: Bad file descriptor (9)
I0625 14:42:12.590961   24528 fork_posix.cc:71] Other threads are currently calling into gRPC, skipping fork() handlers
I0625 14:42:13.698299   24528 fork_posix.cc:71] Other threads are currently calling into gRPC, skipping fork() handlers
E0625 14:42:13.737159   24964 completion_queue.cc:800] Kick failed: UNKNOWN:eventfd_write: Bad file descriptor (9)
I0625 14:42:14.809064   24528 fork_posix.cc:71] Other threads are currently calling into gRPC, skipping fork() handlers
E0625 14:42:14.852040   25002 completion_queue.cc:800] Kick failed: UNKNOWN:eventfd_write: Bad file descriptor (9)
I0625 14:42:15.931319   24528 fork_posix.cc:71] Other threads are currently calling into gRPC, skipping fork() handlers
E0625 14:42:15.993217   25041 completion_queue.cc:800] Kick failed: UNKNOWN:eventfd_write: Bad file descriptor (9)
I0625 14:42:17.389718   24528 fork_posix.cc:71] Other threads are currently calling into gRPC, skipping fork() handlers
E0625 14:42:17.451772   25079 completion_queue.cc:800] Kick failed: UNKNOWN:eventfd_write: Bad file descriptor (9)
I0625 14:42:18.673865   24528 fork_posix.cc:71] Other threads are currently calling into gRPC, skipping fork() handlers
I0625 14:42:19.789958   24528 fork_posix.cc:71] Other threads are currently calling into gRPC, skipping fork() handlers
E0625 14:42:19.852325   25155 completion_queue.cc:800] Kick failed: UNKNOWN:eventfd_write: Bad file descriptor (9)
I0625 14:42:20.926376   24528 fork_posix.cc:71] Other threads are currently calling into gRPC, skipping fork() handlers
I0625 14:42:22.068969   24528 fork_posix.cc:71] Other threads are currently calling into gRPC, skipping fork() handlers
E0625 14:42:22.131037   25232 completion_queue.cc:800] Kick failed: UNKNOWN:eventfd_write: Bad file descriptor (9)
I0625 14:42:23.201668   24528 fork_posix.cc:71] Other threads are currently calling into gRPC, skipping fork() handlers
I0625 14:42:24.340653   24528 fork_posix.cc:71] Other threads are currently calling into gRPC, skipping fork() handlers
I0625 14:42:25.473119   24528 fork_posix.cc:71] Other threads are currently calling into gRPC, skipping fork() handlers
I0625 14:42:26.607365   24528 fork_posix.cc:71] Other threads are currently calling into gRPC, skipping fork() handlers
I0625 14:42:27.929846   24528 fork_posix.cc:71] Other threads are currently calling into gRPC, skipping fork() handlers
E0625 14:42:27.970137   25430 completion_queue.cc:800] Kick failed: UNKNOWN:eventfd_write: Bad file descriptor (9)
I0625 14:42:29.045327   24528 fork_posix.cc:71] Other threads are currently calling into gRPC, skipping fork() handlers
E0625 14:42:29.107353   25468 completion_queue.cc:800] Kick failed: UNKNOWN:eventfd_write: Bad file descriptor (9)
I0625 14:42:30.213979   24528 fork_posix.cc:71] Other threads are currently calling into gRPC, skipping fork() handlers
E0625 14:42:30.277196   25512 completion_queue.cc:800] Kick failed: UNKNOWN:eventfd_write: Bad file descriptor (9)
I0625 14:42:31.347989   24528 fork_posix.cc:71] Other threads are currently calling into gRPC, skipping fork() handlers
E0625 14:42:31.410279   25553 completion_queue.cc:800] Kick failed: UNKNOWN:eventfd_write: Bad file descriptor (9)
I0625 14:42:32.482779   24528 fork_posix.cc:71] Other threads are currently calling into gRPC, skipping fork() handlers
E0625 14:42:32.529068   25587 completion_queue.cc:800] Kick failed: UNKNOWN:eventfd_write: Bad file descriptor (9)
I0625 14:42:33.596202   24528 fork_posix.cc:71] Other threads are currently calling into gRPC, skipping fork() handlers
E0625 14:42:33.659729   25628 completion_queue.cc:800] Kick failed: UNKNOWN:eventfd_write: Bad file descriptor (9)
I0625 14:42:34.971895   24528 fork_posix.cc:71] Other threads are currently calling into gRPC, skipping fork() handlers
E0625 14:42:35.016408   25665 completion_queue.cc:800] Kick failed: UNKNOWN:eventfd_write: Bad file descriptor (9)
I0625 14:42:36.640994   24528 fork_posix.cc:71] Other threads are currently calling into gRPC, skipping fork() handlers
E0625 14:42:36.681789   25709 ev_epoll1_linux.cc:309] epoll_ctl failed: Bad file descriptor (9)
E0625 14:42:36.681854   25709 ev_epoll1_linux.cc:309] epoll_ctl failed: Bad file descriptor (9)
I0625 14:42:37.763115   24528 fork_posix.cc:71] Other threads are currently calling into gRPC, skipping fork() handlers
E0625 14:42:37.825452   25740 completion_queue.cc:800] Kick failed: UNKNOWN:eventfd_write: Bad file descriptor (9)
I0625 14:42:38.893353   24528 fork_posix.cc:71] Other threads are currently calling into gRPC, skipping fork() handlers
I0625 14:42:40.006774   24528 fork_posix.cc:71] Other threads are currently calling into gRPC, skipping fork() handlers
E0625 14:42:40.068957   25819 completion_queue.cc:800] Kick failed: UNKNOWN:eventfd_write: Bad file descriptor (9)
I0625 14:42:41.140679   24528 fork_posix.cc:71] Other threads are currently calling into gRPC, skipping fork() handlers
I0625 14:42:42.307989   24528 fork_posix.cc:71] Other threads are currently calling into gRPC, skipping fork() handlers
E0625 14:42:42.348345   25894 completion_queue.cc:800] Kick failed: UNKNOWN:eventfd_write: Bad file descriptor (9)
I0625 14:42:43.420962   24528 fork_posix.cc:71] Other threads are currently calling into gRPC, skipping fork() handlers
I0625 14:42:44.551056   24528 fork_posix.cc:71] Other threads are currently calling into gRPC, skipping fork() handlers
E0625 14:42:44.614964   25966 completion_queue.cc:800] Kick failed: UNKNOWN:eventfd_write: Bad file descriptor (9)
I0625 14:42:46.219532   24528 fork_posix.cc:71] Other threads are currently calling into gRPC, skipping fork() handlers
E0625 14:42:46.258322   26012 completion_queue.cc:800] Kick failed: UNKNOWN:eventfd_write: Bad file descriptor (9)
I0625 14:42:47.327517   24528 fork_posix.cc:71] Other threads are currently calling into gRPC, skipping fork() handlers
E0625 14:42:47.388661   26045 completion_queue.cc:800] Kick failed: UNKNOWN:eventfd_write: Bad file descriptor (9)
E0625 14:42:47.390589   26045 ev_epoll1_linux.cc:309] epoll_ctl failed: Bad file descriptor (9)
E0625 14:42:47.390615   26045 ev_epoll1_linux.cc:309] epoll_ctl failed: Bad file descriptor (9)
I0625 14:42:48.472433   24528 fork_posix.cc:71] Other threads are currently calling into gRPC, skipping fork() handlers
I0625 14:42:49.580403   24528 fork_posix.cc:71] Other threads are currently calling into gRPC, skipping fork() handlers
E0625 14:42:49.619583   26125 completion_queue.cc:800] Kick failed: UNKNOWN:eventfd_write: Bad file descriptor (9)
I0625 14:42:50.688566   24528 fork_posix.cc:71] Other threads are currently calling into gRPC, skipping fork() handlers
I0625 14:42:51.797321   24528 fork_posix.cc:71] Other threads are currently calling into gRPC, skipping fork() handlers
E0625 14:42:51.836503   26199 completion_queue.cc:800] Kick failed: UNKNOWN:eventfd_write: Bad file descriptor (9)
I0625 14:42:52.905327   24528 fork_posix.cc:71] Other threads are currently calling into gRPC, skipping fork() handlers
I0625 14:42:54.553416   24528 fork_posix.cc:71] Other threads are currently calling into gRPC, skipping fork() handlers
I0625 14:42:56.196384   24528 fork_posix.cc:71] Other threads are currently calling into gRPC, skipping fork() handlers
I0625 14:42:57.549906   24528 fork_posix.cc:71] Other threads are currently calling into gRPC, skipping fork() handlers
E0625 14:42:57.604207   26354 ev_epoll1_linux.cc:309] epoll_ctl failed: Bad file descriptor (9)
E0625 14:42:57.604270   26354 ev_epoll1_linux.cc:309] epoll_ctl failed: Bad file descriptor (9)
I0625 14:42:59.088751   24528 fork_posix.cc:71] Other threads are currently calling into gRPC, skipping fork() handlers
E0625 14:42:59.128529   26390 completion_queue.cc:800] Kick failed: UNKNOWN:eventfd_write: Bad file descriptor (9)
I0625 14:43:00.215206   24528 fork_posix.cc:71] Other threads are currently calling into gRPC, skipping fork() handlers
I0625 14:43:01.354601   24528 fork_posix.cc:71] Other threads are currently calling into gRPC, skipping fork() handlers
I0625 14:43:02.479831   24528 fork_posix.cc:71] Other threads are currently calling into gRPC, skipping fork() handlers
E0625 14:43:02.518812   26505 completion_queue.cc:800] Kick failed: UNKNOWN:eventfd_write: Bad file descriptor (9)
I0625 14:43:03.593311   24528 fork_posix.cc:71] Other threads are currently calling into gRPC, skipping fork() handlers
E0625 14:43:03.632647   26542 completion_queue.cc:800] Kick failed: UNKNOWN:eventfd_write: Bad file descriptor (9)
I0625 14:43:04.703036   24528 fork_posix.cc:71] Other threads are currently calling into gRPC, skipping fork() handlers
E0625 14:43:04.741858   26581 completion_queue.cc:800] Kick failed: UNKNOWN:eventfd_write: Bad file descriptor (9)
I0625 14:43:05.851515   24528 fork_posix.cc:71] Other threads are currently calling into gRPC, skipping fork() handlers
E0625 14:43:05.890553   26618 completion_queue.cc:800] Kick failed: UNKNOWN:eventfd_write: Bad file descriptor (9)
I0625 14:43:06.963782   24528 fork_posix.cc:71] Other threads are currently calling into gRPC, skipping fork() handlers
E0625 14:43:07.002587   26656 completion_queue.cc:800] Kick failed: UNKNOWN:eventfd_write: Bad file descriptor (9)
I0625 14:43:08.071476   24528 fork_posix.cc:71] Other threads are currently calling into gRPC, skipping fork() handlers
E0625 14:43:08.110190   26693 completion_queue.cc:800] Kick failed: UNKNOWN:eventfd_write: Bad file descriptor (9)
E0625 14:43:08.112070   26693 ev_epoll1_linux.cc:309] epoll_ctl failed: Bad file descriptor (9)
I0625 14:43:09.181246   24528 fork_posix.cc:71] Other threads are currently calling into gRPC, skipping fork() handlers
E0625 14:43:09.219889   26733 completion_queue.cc:800] Kick failed: UNKNOWN:eventfd_write: Bad file descriptor (9)
I0625 14:43:10.291019   24528 fork_posix.cc:71] Other threads are currently calling into gRPC, skipping fork() handlers
E0625 14:43:10.329526   26771 completion_queue.cc:800] Kick failed: UNKNOWN:eventfd_write: Bad file descriptor (9)
I0625 14:43:11.398005   24528 fork_posix.cc:71] Other threads are currently calling into gRPC, skipping fork() handlers
E0625 14:43:11.436813   26809 completion_queue.cc:800] Kick failed: UNKNOWN:eventfd_write: Bad file descriptor (9)
I0625 14:43:12.504213   24528 fork_posix.cc:71] Other threads are currently calling into gRPC, skipping fork() handlers
E0625 14:43:12.542948   26849 completion_queue.cc:800] Kick failed: UNKNOWN:eventfd_write: Bad file descriptor (9)
I0625 14:43:13.611095   24528 fork_posix.cc:71] Other threads are currently calling into gRPC, skipping fork() handlers
E0625 14:43:13.652260   26888 completion_queue.cc:800] Kick failed: UNKNOWN:eventfd_write: Bad file descriptor (9)
I0625 14:43:14.722014   24528 fork_posix.cc:71] Other threads are currently calling into gRPC, skipping fork() handlers
E0625 14:43:14.761186   26926 completion_queue.cc:800] Kick failed: UNKNOWN:eventfd_write: Bad file descriptor (9)
I0625 14:43:16.529431   24528 fork_posix.cc:71] Other threads are currently calling into gRPC, skipping fork() handlers
E0625 14:43:16.568274   26966 completion_queue.cc:800] Kick failed: UNKNOWN:eventfd_write: Bad file descriptor (9)
I0625 14:43:18.055992   24528 fork_posix.cc:71] Other threads are currently calling into gRPC, skipping fork() handlers
E0625 14:43:18.094542   27005 completion_queue.cc:800] Kick failed: UNKNOWN:eventfd_write: Bad file descriptor (9)
I0625 14:43:19.169167   24528 fork_posix.cc:71] Other threads are currently calling into gRPC, skipping fork() handlers
E0625 14:43:19.208066   27043 completion_queue.cc:800] Kick failed: UNKNOWN:eventfd_write: Bad file descriptor (9)
E0625 14:43:19.209926   27043 ev_epoll1_linux.cc:309] epoll_ctl failed: Bad file descriptor (9)
E0625 14:43:19.209953   27043 ev_epoll1_linux.cc:309] epoll_ctl failed: Bad file descriptor (9)
I0625 14:43:20.279364   24528 fork_posix.cc:71] Other threads are currently calling into gRPC, skipping fork() handlers
E0625 14:43:20.318393   27080 completion_queue.cc:800] Kick failed: UNKNOWN:eventfd_write: Bad file descriptor (9)
I0625 14:43:21.408793   24528 fork_posix.cc:71] Other threads are currently calling into gRPC, skipping fork() handlers
E0625 14:43:21.447811   27119 completion_queue.cc:800] Kick failed: UNKNOWN:eventfd_write: Bad file descriptor (9)
I0625 14:43:22.516945   24528 fork_posix.cc:71] Other threads are currently calling into gRPC, skipping fork() handlers
E0625 14:43:22.556109   27154 completion_queue.cc:800] Kick failed: UNKNOWN:eventfd_write: Bad file descriptor (9)
I0625 14:43:23.627040   24528 fork_posix.cc:71] Other threads are currently calling into gRPC, skipping fork() handlers
E0625 14:43:23.666286   27194 completion_queue.cc:800] Kick failed: UNKNOWN:eventfd_write: Bad file descriptor (9)
I0625 14:43:24.735357   24528 fork_posix.cc:71] Other threads are currently calling into gRPC, skipping fork() handlers
E0625 14:43:24.774522   27233 completion_queue.cc:800] Kick failed: UNKNOWN:eventfd_write: Bad file descriptor (9)
I0625 14:43:25.847188   24528 fork_posix.cc:71] Other threads are currently calling into gRPC, skipping fork() handlers
E0625 14:43:25.885947   27271 completion_queue.cc:800] Kick failed: UNKNOWN:eventfd_write: Bad file descriptor (9)
I0625 14:43:26.953515   24528 fork_posix.cc:71] Other threads are currently calling into gRPC, skipping fork() handlers
E0625 14:43:26.992624   27309 completion_queue.cc:800] Kick failed: UNKNOWN:eventfd_write: Bad file descriptor (9)
I0625 14:43:28.067268   24528 fork_posix.cc:71] Other threads are currently calling into gRPC, skipping fork() handlers
E0625 14:43:28.106012   27346 completion_queue.cc:800] Kick failed: UNKNOWN:eventfd_write: Bad file descriptor (9)
I0625 14:43:29.173584   24528 fork_posix.cc:71] Other threads are currently calling into gRPC, skipping fork() handlers
E0625 14:43:29.213930   27385 completion_queue.cc:800] Kick failed: UNKNOWN:eventfd_write: Bad file descriptor (9)
E0625 14:43:29.215870   27388 ev_epoll1_linux.cc:309] epoll_ctl failed: Bad file descriptor (9)
[mutex.cc : 2443] RAW: Check w->waitp->cond == nullptr failed: Mutex::Fer while waiting on Condition
I0625 14:44:36.667880   24528 fork_posix.cc:71] Other threads are currently calling into gRPC, skipping fork() handlers
E0625 14:44:36.711809   27490 ev_epoll1_linux.cc:309] epoll_ctl failed: Bad file descriptor (9)
E0625 14:44:36.711916   27490 completion_queue.cc:800] Kick failed: UNKNOWN:eventfd_write: Bad file descriptor (9)
I0625 14:44:37.784024   24528 fork_posix.cc:71] Other threads are currently calling into gRPC, skipping fork() handlers
E0625 14:44:37.823406   27528 completion_queue.cc:800] Kick failed: UNKNOWN:eventfd_write: Bad file descriptor (9)
I0625 14:44:39.136005   24528 fork_posix.cc:71] Other threads are currently calling into gRPC, skipping fork() handlers
I0625 14:44:40.247650   24528 fork_posix.cc:71] Other threads are currently calling into gRPC, skipping fork() handlers
I0625 14:44:41.354150   24528 fork_posix.cc:71] Other threads are currently calling into gRPC, skipping fork() handlers
I0625 14:44:42.463608   24528 fork_posix.cc:71] Other threads are currently calling into gRPC, skipping fork() handlers
I0625 14:44:43.568769   24528 fork_posix.cc:71] Other threads are currently calling into gRPC, skipping fork() handlers
I0625 14:44:44.681753   24528 fork_posix.cc:71] Other threads are currently calling into gRPC, skipping fork() handlers
I0625 14:44:45.789140   24528 fork_posix.cc:71] Other threads are currently calling into gRPC, skipping fork() handlers
I0625 14:44:46.900140   24528 fork_posix.cc:71] Other threads are currently calling into gRPC, skipping fork() handlers
E0625 14:44:46.941070   27834 ev_epoll1_linux.cc:309] epoll_ctl failed: Bad file descriptor (9)
E0625 14:44:46.941134   27834 ev_epoll1_linux.cc:309] epoll_ctl failed: Bad file descriptor (9)
E0625 14:44:46.941187   27834 completion_queue.cc:800] Kick failed: UNKNOWN:eventfd_write: Bad file descriptor (9)
I0625 14:44:48.255299   24528 fork_posix.cc:71] Other threads are currently calling into gRPC, skipping fork() handlers
I0625 14:44:49.363504   24528 fork_posix.cc:71] Other threads are currently calling into gRPC, skipping fork() handlers
E0625 14:44:49.402702   27910 completion_queue.cc:800] Kick failed: UNKNOWN:eventfd_write: Bad file descriptor (9)
I0625 14:44:50.479037   24528 fork_posix.cc:71] Other threads are currently calling into gRPC, skipping fork() handlers
E0625 14:44:50.517816   27948 completion_queue.cc:800] Kick failed: UNKNOWN:eventfd_write: Bad file descriptor (9)
I0625 14:44:51.622576   24528 fork_posix.cc:71] Other threads are currently calling into gRPC, skipping fork() handlers
I0625 14:44:52.763097   24528 fork_posix.cc:71] Other threads are currently calling into gRPC, skipping fork() handlers
I0625 14:44:53.869081   24528 fork_posix.cc:71] Other threads are currently calling into gRPC, skipping fork() handlers
I0625 14:44:54.991065   24528 fork_posix.cc:71] Other threads are currently calling into gRPC, skipping fork() handlers
I0625 14:44:56.100445   24528 fork_posix.cc:71] Other threads are currently calling into gRPC, skipping fork() handlers
I0625 14:44:57.209734   24528 fork_posix.cc:71] Other threads are currently calling into gRPC, skipping fork() handlers
E0625 14:44:57.251343   28176 ev_epoll1_linux.cc:309] epoll_ctl failed: Bad file descriptor (9)
E0625 14:44:57.251418   28176 ev_epoll1_linux.cc:309] epoll_ctl failed: Bad file descriptor (9)
E0625 14:44:57.251490   28176 completion_queue.cc:800] Kick failed: UNKNOWN:eventfd_write: Bad file descriptor (9)
I0625 14:44:58.363696   24528 fork_posix.cc:71] Other threads are currently calling into gRPC, skipping fork() handlers
E0625 14:44:58.402770   28214 completion_queue.cc:800] Kick failed: UNKNOWN:eventfd_write: Bad file descriptor (9)
I0625 14:44:59.478283   24528 fork_posix.cc:71] Other threads are currently calling into gRPC, skipping fork() handlers
E0625 14:44:59.517084   28253 completion_queue.cc:800] Kick failed: UNKNOWN:eventfd_write: Bad file descriptor (9)
I0625 14:45:00.585067   24528 fork_posix.cc:71] Other threads are currently calling into gRPC, skipping fork() handlers
E0625 14:45:00.624440   28289 completion_queue.cc:800] Kick failed: UNKNOWN:eventfd_write: Bad file descriptor (9)
I0625 14:45:01.698420   24528 fork_posix.cc:71] Other threads are currently calling into gRPC, skipping fork() handlers
E0625 14:45:01.737282   28359 completion_queue.cc:800] Kick failed: UNKNOWN:eventfd_write: Bad file descriptor (9)
I0625 14:45:03.128891   24528 fork_posix.cc:71] Other threads are currently calling into gRPC, skipping fork() handlers
E0625 14:45:03.184178   28712 completion_queue.cc:800] Kick failed: UNKNOWN:eventfd_write: Bad file descriptor (9)
I0625 14:45:04.276949   24528 fork_posix.cc:71] Other threads are currently calling into gRPC, skipping fork() handlers
E0625 14:45:04.316337   28784 completion_queue.cc:800] Kick failed: UNKNOWN:eventfd_write: Bad file descriptor (9)
I0625 14:45:05.383077   24528 fork_posix.cc:71] Other threads are currently calling into gRPC, skipping fork() handlers
E0625 14:45:05.422262   28833 completion_queue.cc:800] Kick failed: UNKNOWN:eventfd_write: Bad file descriptor (9)
I0625 14:45:06.494771   24528 fork_posix.cc:71] Other threads are currently calling into gRPC, skipping fork() handlers
E0625 14:45:06.533492   28903 completion_queue.cc:800] Kick failed: UNKNOWN:eventfd_write: Bad file descriptor (9)
I0625 14:45:07.603407   24528 fork_posix.cc:71] Other threads are currently calling into gRPC, skipping fork() handlers
E0625 14:45:07.642673   29019 completion_queue.cc:800] Kick failed: UNKNOWN:eventfd_write: Bad file descriptor (9)
E0625 14:45:07.644548   29023 ev_epoll1_linux.cc:309] epoll_ctl failed: Bad file descriptor (9)
E0625 14:45:07.644579   29023 ev_epoll1_linux.cc:309] epoll_ctl failed: Bad file descriptor (9)
[mutex.cc : 2443] RAW: Check w->waitp->cond == nullptr failed: Mutex::Fer while waiting on Condition
I0625 14:46:13.308686   24528 fork_posix.cc:71] Other threads are currently calling into gRPC, skipping fork() handlers
E0625 14:46:13.352202   29602 ev_epoll1_linux.cc:309] epoll_ctl failed: Bad file descriptor (9)
I0625 14:46:14.422650   24528 fork_posix.cc:71] Other threads are currently calling into gRPC, skipping fork() handlers
E0625 14:46:14.461769   29638 completion_queue.cc:800] Kick failed: UNKNOWN:eventfd_write: Bad file descriptor (9)
I0625 14:46:16.069183   24528 fork_posix.cc:71] Other threads are currently calling into gRPC, skipping fork() handlers
I0625 14:46:17.180114   24528 fork_posix.cc:71] Other threads are currently calling into gRPC, skipping fork() handlers
E0625 14:46:17.218630   29714 completion_queue.cc:800] Kick failed: UNKNOWN:eventfd_write: Bad file descriptor (9)
I0625 14:46:18.342092   24528 fork_posix.cc:71] Other threads are currently calling into gRPC, skipping fork() handlers
E0625 14:46:18.381313   29750 completion_queue.cc:800] Kick failed: UNKNOWN:eventfd_write: Bad file descriptor (9)
I0625 14:46:19.698865   24528 fork_posix.cc:71] Other threads are currently calling into gRPC, skipping fork() handlers
I0625 14:46:20.812007   24528 fork_posix.cc:71] Other threads are currently calling into gRPC, skipping fork() handlers
E0625 14:46:20.851246   29827 completion_queue.cc:800] Kick failed: UNKNOWN:eventfd_write: Bad file descriptor (9)
I0625 14:46:22.237542   24528 fork_posix.cc:71] Other threads are currently calling into gRPC, skipping fork() handlers
E0625 14:46:22.276617   29867 completion_queue.cc:800] Kick failed: UNKNOWN:eventfd_write: Bad file descriptor (9)
I0625 14:46:23.354003   24528 fork_posix.cc:71] Other threads are currently calling into gRPC, skipping fork() handlers
E0625 14:46:23.421856   29902 ev_epoll1_linux.cc:309] epoll_ctl failed: Bad file descriptor (9)
E0625 14:46:23.421918   29902 ev_epoll1_linux.cc:309] epoll_ctl failed: Bad file descriptor (9)
E0625 14:46:23.421971   29902 completion_queue.cc:800] Kick failed: UNKNOWN:eventfd_write: Bad file descriptor (9)
I0625 14:46:24.491930   24528 fork_posix.cc:71] Other threads are currently calling into gRPC, skipping fork() handlers
I0625 14:46:25.621162   24528 fork_posix.cc:71] Other threads are currently calling into gRPC, skipping fork() handlers
E0625 14:46:25.660752   29980 completion_queue.cc:800] Kick failed: UNKNOWN:eventfd_write: Bad file descriptor (9)
I0625 14:46:26.729242   24528 fork_posix.cc:71] Other threads are currently calling into gRPC, skipping fork() handlers
E0625 14:46:26.768474   30018 completion_queue.cc:800] Kick failed: UNKNOWN:eventfd_write: Bad file descriptor (9)
I0625 14:46:27.836600   24528 fork_posix.cc:71] Other threads are currently calling into gRPC, skipping fork() handlers
E0625 14:46:27.875874   30039 completion_queue.cc:800] Kick failed: UNKNOWN:eventfd_write: Bad file descriptor (9)
I0625 14:46:28.974036   24528 fork_posix.cc:71] Other threads are currently calling into gRPC, skipping fork() handlers
E0625 14:46:29.013072   30095 completion_queue.cc:800] Kick failed: UNKNOWN:eventfd_write: Bad file descriptor (9)
I0625 14:46:30.079934   24528 fork_posix.cc:71] Other threads are currently calling into gRPC, skipping fork() handlers
E0625 14:46:30.119200   30136 completion_queue.cc:800] Kick failed: UNKNOWN:eventfd_write: Bad file descriptor (9)
I0625 14:46:31.191134   24528 fork_posix.cc:71] Other threads are currently calling into gRPC, skipping fork() handlers
E0625 14:46:31.229992   30175 completion_queue.cc:800] Kick failed: UNKNOWN:eventfd_write: Bad file descriptor (9)
I0625 14:46:32.317132   24528 fork_posix.cc:71] Other threads are currently calling into gRPC, skipping fork() handlers
E0625 14:46:32.356396   30213 completion_queue.cc:800] Kick failed: UNKNOWN:eventfd_write: Bad file descriptor (9)
I0625 14:46:33.428364   24528 fork_posix.cc:71] Other threads are currently calling into gRPC, skipping fork() handlers
E0625 14:46:33.467673   30249 completion_queue.cc:800] Kick failed: UNKNOWN:eventfd_write: Bad file descriptor (9)
E0625 14:46:33.470679   30249 ev_epoll1_linux.cc:309] epoll_ctl failed: Bad file descriptor (9)
I0625 14:46:34.538853   24528 fork_posix.cc:71] Other threads are currently calling into gRPC, skipping fork() handlers
E0625 14:46:34.600125   30289 completion_queue.cc:800] Kick failed: UNKNOWN:eventfd_write: Bad file descriptor (9)
I0625 14:46:35.695418   24528 fork_posix.cc:71] Other threads are currently calling into gRPC, skipping fork() handlers
E0625 14:46:35.734420   30326 completion_queue.cc:800] Kick failed: UNKNOWN:eventfd_write: Bad file descriptor (9)
I0625 14:46:37.051805   24528 fork_posix.cc:71] Other threads are currently calling into gRPC, skipping fork() handlers
E0625 14:46:37.090263   30366 completion_queue.cc:800] Kick failed: UNKNOWN:eventfd_write: Bad file descriptor (9)
I0625 14:46:38.424796   24528 fork_posix.cc:71] Other threads are currently calling into gRPC, skipping fork() handlers
E0625 14:46:38.486805   30386 completion_queue.cc:800] Kick failed: UNKNOWN:eventfd_write: Bad file descriptor (9)
I0625 14:46:39.564409   24528 fork_posix.cc:71] Other threads are currently calling into gRPC, skipping fork() handlers
I0625 14:46:40.882555   24528 fork_posix.cc:71] Other threads are currently calling into gRPC, skipping fork() handlers
E0625 14:46:40.921375   30521 completion_queue.cc:800] Kick failed: UNKNOWN:eventfd_write: Bad file descriptor (9)
I0625 14:46:41.990626   24528 fork_posix.cc:71] Other threads are currently calling into gRPC, skipping fork() handlers
E0625 14:46:42.029501   30557 completion_queue.cc:800] Kick failed: UNKNOWN:eventfd_write: Bad file descriptor (9)
I0625 14:46:43.114013   24528 fork_posix.cc:71] Other threads are currently calling into gRPC, skipping fork() handlers
E0625 14:46:43.153136   30595 completion_queue.cc:800] Kick failed: UNKNOWN:eventfd_write: Bad file descriptor (9)
I0625 14:46:44.261276   24528 fork_posix.cc:71] Other threads are currently calling into gRPC, skipping fork() handlers
E0625 14:46:44.300072   30616 completion_queue.cc:800] Kick failed: UNKNOWN:eventfd_write: Bad file descriptor (9)
E0625 14:46:44.301960   30616 ev_epoll1_linux.cc:309] epoll_ctl failed: Bad file descriptor (9)
E0625 14:46:44.301985   30616 ev_epoll1_linux.cc:309] epoll_ctl failed: Bad file descriptor (9)
I0625 14:46:45.372918   24528 fork_posix.cc:71] Other threads are currently calling into gRPC, skipping fork() handlers
E0625 14:46:45.411487   30673 completion_queue.cc:800] Kick failed: UNKNOWN:eventfd_write: Bad file descriptor (9)
I0625 14:46:46.483264   24528 fork_posix.cc:71] Other threads are currently calling into gRPC, skipping fork() handlers
E0625 14:46:46.522879   30707 completion_queue.cc:800] Kick failed: UNKNOWN:eventfd_write: Bad file descriptor (9)
I0625 14:46:47.909108   24528 fork_posix.cc:71] Other threads are currently calling into gRPC, skipping fork() handlers
E0625 14:46:47.948148   30750 completion_queue.cc:800] Kick failed: UNKNOWN:eventfd_write: Bad file descriptor (9)
I0625 14:46:49.023572   24528 fork_posix.cc:71] Other threads are currently calling into gRPC, skipping fork() handlers
I0625 14:46:50.129640   24528 fork_posix.cc:71] Other threads are currently calling into gRPC, skipping fork() handlers
[92mINFO [0m:      Sent reply
[92mINFO [0m:      
[92mINFO [0m:      Received: evaluate message 01a4b169-51c8-48c5-b73d-9ff46a70bcf5
I0625 14:48:13.777070   24294 fork_posix.cc:71] Other threads are currently calling into gRPC, skipping fork() handlers
I0625 14:48:13.819647   30923 fork_posix.cc:71] Other threads are currently calling into gRPC, skipping fork() handlers
E0625 14:48:13.861764   30980 completion_queue.cc:800] Kick failed: UNKNOWN:eventfd_write: Bad file descriptor (9)
E0625 14:48:13.863728   30983 ev_epoll1_linux.cc:309] epoll_ctl failed: Bad file descriptor (9)
I0625 14:48:13.880669   24294 fork_posix.cc:71] Other threads are currently calling into gRPC, skipping fork() handlers
[92mINFO [0m:      Sent reply
[92mINFO [0m:      
[92mINFO [0m:      Received: train message c434cbd0-2559-40ae-a5f9-a1f47928117a
I0625 14:49:19.963322   24294 fork_posix.cc:71] Other threads are currently calling into gRPC, skipping fork() handlers
I0625 14:49:20.021765   31131 fork_posix.cc:71] Other threads are currently calling into gRPC, skipping fork() handlers
I0625 14:49:20.061285   24294 fork_posix.cc:71] Other threads are currently calling into gRPC, skipping fork() handlers
E0625 14:49:20.062644   31186 ev_epoll1_linux.cc:309] epoll_ctl failed: Bad file descriptor (9)
E0625 14:49:20.062699   31186 ev_epoll1_linux.cc:309] epoll_ctl failed: Bad file descriptor (9)
E0625 14:49:20.062755   31186 completion_queue.cc:800] Kick failed: UNKNOWN:eventfd_write: Bad file descriptor (9)
[92mINFO [0m:      Sent reply
[92mINFO [0m:      
[92mINFO [0m:      Received: evaluate message 959a2312-85d3-4ca6-a274-352f4ac756f1
I0625 14:55:11.259548   24294 fork_posix.cc:71] Other threads are currently calling into gRPC, skipping fork() handlers
I0625 14:55:11.303571   31649 fork_posix.cc:71] Other threads are currently calling into gRPC, skipping fork() handlers
E0625 14:55:11.347420   31705 completion_queue.cc:800] Kick failed: UNKNOWN:eventfd_write: Bad file descriptor (9)
I0625 14:55:11.348193   24294 fork_posix.cc:71] Other threads are currently calling into gRPC, skipping fork() handlers
E0625 14:55:11.349230   31705 ev_epoll1_linux.cc:309] epoll_ctl failed: Bad file descriptor (9)
[92mINFO [0m:      Sent reply
[92mINFO [0m:      
[92mINFO [0m:      Received: train message 210a9d8f-a8b4-40d4-ad44-dc45e18dbc44
I0625 14:56:16.887450   24294 fork_posix.cc:71] Other threads are currently calling into gRPC, skipping fork() handlers
I0625 14:56:16.927177   31855 fork_posix.cc:71] Other threads are currently calling into gRPC, skipping fork() handlers
E0625 14:56:16.967848   31913 ev_epoll1_linux.cc:309] epoll_ctl failed: Bad file descriptor (9)
I0625 14:56:16.985118   24294 fork_posix.cc:71] Other threads are currently calling into gRPC, skipping fork() handlers
[92mINFO [0m:      Sent reply
[92mINFO [0m:      
[92mINFO [0m:      Received: evaluate message 3d060847-5d93-494a-b16c-d0bf2009884c
I0625 15:01:40.174706   24294 fork_posix.cc:71] Other threads are currently calling into gRPC, skipping fork() handlers
I0625 15:01:40.217675   32402 fork_posix.cc:71] Other threads are currently calling into gRPC, skipping fork() handlers
E0625 15:01:40.260735   32457 completion_queue.cc:800] Kick failed: UNKNOWN:eventfd_write: Bad file descriptor (9)
I0625 15:01:40.261480   24294 fork_posix.cc:71] Other threads are currently calling into gRPC, skipping fork() handlers
E0625 15:01:40.262598   32461 ev_epoll1_linux.cc:309] epoll_ctl failed: Bad file descriptor (9)
I0625 15:01:41.332453   32402 fork_posix.cc:71] Other threads are currently calling into gRPC, skipping fork() handlers
I0625 15:01:42.456859   32402 fork_posix.cc:71] Other threads are currently calling into gRPC, skipping fork() handlers
I0625 15:01:43.573936   32402 fork_posix.cc:71] Other threads are currently calling into gRPC, skipping fork() handlers
I0625 15:01:44.704568   32402 fork_posix.cc:71] Other threads are currently calling into gRPC, skipping fork() handlers
I0625 15:01:45.833860   32402 fork_posix.cc:71] Other threads are currently calling into gRPC, skipping fork() handlers
E0625 15:01:45.905086   32718 completion_queue.cc:800] Kick failed: UNKNOWN:eventfd_write: Bad file descriptor (9)
I0625 15:01:46.983394   32402 fork_posix.cc:71] Other threads are currently calling into gRPC, skipping fork() handlers
E0625 15:01:47.052191   32758 completion_queue.cc:800] Kick failed: UNKNOWN:eventfd_write: Bad file descriptor (9)
I0625 15:01:48.124315   32402 fork_posix.cc:71] Other threads are currently calling into gRPC, skipping fork() handlers
E0625 15:01:48.168330   32794 completion_queue.cc:800] Kick failed: UNKNOWN:eventfd_write: Bad file descriptor (9)
I0625 15:01:49.562865   32402 fork_posix.cc:71] Other threads are currently calling into gRPC, skipping fork() handlers
E0625 15:01:49.622070   32834 completion_queue.cc:800] Kick failed: UNKNOWN:eventfd_write: Bad file descriptor (9)
I0625 15:01:50.708736   32402 fork_posix.cc:71] Other threads are currently calling into gRPC, skipping fork() handlers
E0625 15:01:50.777807   32872 completion_queue.cc:800] Kick failed: UNKNOWN:eventfd_write: Bad file descriptor (9)
E0625 15:01:50.779713   32875 ev_epoll1_linux.cc:309] epoll_ctl failed: Bad file descriptor (9)
E0625 15:01:50.779741   32875 ev_epoll1_linux.cc:309] epoll_ctl failed: Bad file descriptor (9)
[mutex.cc : 2443] RAW: Check w->waitp->cond == nullptr failed: Mutex::Fer while waiting on Condition
[92mINFO [0m:      Sent reply
[92mINFO [0m:      
[92mINFO [0m:      Received: train message 99be3c9f-0591-4d29-9021-1f37fc6b0853
I0625 15:03:21.737593   24294 fork_posix.cc:71] Other threads are currently calling into gRPC, skipping fork() handlers
I0625 15:03:21.797152   32985 fork_posix.cc:71] Other threads are currently calling into gRPC, skipping fork() handlers
E0625 15:03:21.836499   33040 completion_queue.cc:800] Kick failed: UNKNOWN:eventfd_write: Bad file descriptor (9)
E0625 15:03:21.838341   33040 ev_epoll1_linux.cc:309] epoll_ctl failed: Bad file descriptor (9)
I0625 15:03:21.855085   24294 fork_posix.cc:71] Other threads are currently calling into gRPC, skipping fork() handlers
[92mINFO [0m:      Sent reply
[92mINFO [0m:      
[92mINFO [0m:      Received: evaluate message ad3788e0-d48d-4feb-b1fd-079029d41878
I0625 15:08:48.713842   24294 fork_posix.cc:71] Other threads are currently calling into gRPC, skipping fork() handlers
I0625 15:08:48.757559   33480 fork_posix.cc:71] Other threads are currently calling into gRPC, skipping fork() handlers
I0625 15:08:48.799863   24294 fork_posix.cc:71] Other threads are currently calling into gRPC, skipping fork() handlers
E0625 15:08:48.800142   33537 completion_queue.cc:800] Kick failed: UNKNOWN:eventfd_write: Bad file descriptor (9)
[92mINFO [0m:      Sent reply
[92mINFO [0m:      
[92mINFO [0m:      Received: train message 121bd6a0-b0fb-4feb-96df-397f1df7e78b
I0625 15:09:55.328905   24294 fork_posix.cc:71] Other threads are currently calling into gRPC, skipping fork() handlers
I0625 15:09:55.368745   33722 fork_posix.cc:71] Other threads are currently calling into gRPC, skipping fork() handlers
I0625 15:09:55.408029   24294 fork_posix.cc:71] Other threads are currently calling into gRPC, skipping fork() handlers
E0625 15:09:55.410017   33781 ev_epoll1_linux.cc:309] epoll_ctl failed: Bad file descriptor (9)
E0625 15:09:55.410120   33781 completion_queue.cc:800] Kick failed: UNKNOWN:eventfd_write: Bad file descriptor (9)
[92mINFO [0m:      Sent reply
[92mINFO [0m:      
[92mINFO [0m:      Received: evaluate message 6beeb93b-ecd2-4834-bd74-d0f2c6b76b4f
I0625 15:15:24.774483   24294 fork_posix.cc:71] Other threads are currently calling into gRPC, skipping fork() handlers
I0625 15:15:24.817478   35209 fork_posix.cc:71] Other threads are currently calling into gRPC, skipping fork() handlers
E0625 15:15:24.860753   35264 completion_queue.cc:800] Kick failed: UNKNOWN:eventfd_write: Bad file descriptor (9)
I0625 15:15:24.861602   24294 fork_posix.cc:71] Other threads are currently calling into gRPC, skipping fork() handlers
E0625 15:15:24.862568   35264 ev_epoll1_linux.cc:309] epoll_ctl failed: Bad file descriptor (9)
[92mINFO [0m:      Sent reply
[92mINFO [0m:      
[92mINFO [0m:      Received: train message df9c0c05-d1a2-41c6-8381-797f76bb0538
I0625 15:16:23.290470   24294 fork_posix.cc:71] Other threads are currently calling into gRPC, skipping fork() handlers
I0625 15:16:23.330601   35409 fork_posix.cc:71] Other threads are currently calling into gRPC, skipping fork() handlers
E0625 15:16:23.371769   35468 ev_epoll1_linux.cc:309] epoll_ctl failed: Bad file descriptor (9)
E0625 15:16:23.371824   35468 ev_epoll1_linux.cc:309] epoll_ctl failed: Bad file descriptor (9)
E0625 15:16:23.371882   35468 completion_queue.cc:800] Kick failed: UNKNOWN:eventfd_write: Bad file descriptor (9)
I0625 15:16:23.388665   24294 fork_posix.cc:71] Other threads are currently calling into gRPC, skipping fork() handlers
[92mINFO [0m:      Sent reply
[92mINFO [0m:      
[92mINFO [0m:      Received: evaluate message 0588211d-5919-40a4-a2a5-194ecc395d61
I0625 15:21:56.670599   24294 fork_posix.cc:71] Other threads are currently calling into gRPC, skipping fork() handlers
I0625 15:21:56.715128   35913 fork_posix.cc:71] Other threads are currently calling into gRPC, skipping fork() handlers
E0625 15:21:56.759746   35968 completion_queue.cc:800] Kick failed: UNKNOWN:eventfd_write: Bad file descriptor (9)
I0625 15:21:56.760512   24294 fork_posix.cc:71] Other threads are currently calling into gRPC, skipping fork() handlers
E0625 15:21:56.761683   35968 ev_epoll1_linux.cc:309] epoll_ctl failed: Bad file descriptor (9)
E0625 15:21:56.761707   35968 ev_epoll1_linux.cc:309] epoll_ctl failed: Bad file descriptor (9)
[92mINFO [0m:      Sent reply
[92mINFO [0m:      
[92mINFO [0m:      Received: train message 415005c4-70f6-4267-8325-f44ad8d2e578
I0625 15:22:59.951967   24294 fork_posix.cc:71] Other threads are currently calling into gRPC, skipping fork() handlers
I0625 15:22:59.992168   36124 fork_posix.cc:71] Other threads are currently calling into gRPC, skipping fork() handlers
E0625 15:23:00.031663   36180 completion_queue.cc:800] Kick failed: UNKNOWN:eventfd_write: Bad file descriptor (9)
E0625 15:23:00.033577   36180 ev_epoll1_linux.cc:309] epoll_ctl failed: Bad file descriptor (9)
E0625 15:23:00.033601   36180 ev_epoll1_linux.cc:309] epoll_ctl failed: Bad file descriptor (9)
I0625 15:23:00.050540   24294 fork_posix.cc:71] Other threads are currently calling into gRPC, skipping fork() handlers
[92mINFO [0m:      Sent reply
[92mINFO [0m:      
[92mINFO [0m:      Received: evaluate message 565b3657-b379-46ae-a881-b10699b58f3c
I0625 15:28:20.401518   24294 fork_posix.cc:71] Other threads are currently calling into gRPC, skipping fork() handlers
I0625 15:28:20.445619   36612 fork_posix.cc:71] Other threads are currently calling into gRPC, skipping fork() handlers
E0625 15:28:20.490727   36668 ev_epoll1_linux.cc:309] epoll_ctl failed: Bad file descriptor (9)
E0625 15:28:20.490785   36668 ev_epoll1_linux.cc:309] epoll_ctl failed: Bad file descriptor (9)
E0625 15:28:20.490836   36668 completion_queue.cc:800] Kick failed: UNKNOWN:eventfd_write: Bad file descriptor (9)
I0625 15:28:20.507490   24294 fork_posix.cc:71] Other threads are currently calling into gRPC, skipping fork() handlers
[92mINFO [0m:      Sent reply
[92mINFO [0m:      
[92mINFO [0m:      Received: train message 18abfcfe-6525-4907-8b16-030f7c9e8670
I0625 15:29:14.233832   24294 fork_posix.cc:71] Other threads are currently calling into gRPC, skipping fork() handlers
I0625 15:29:14.273930   36866 fork_posix.cc:71] Other threads are currently calling into gRPC, skipping fork() handlers
I0625 15:29:14.313686   24294 fork_posix.cc:71] Other threads are currently calling into gRPC, skipping fork() handlers
E0625 15:29:14.315648   36925 ev_epoll1_linux.cc:309] epoll_ctl failed: Bad file descriptor (9)
E0625 15:29:14.315755   36925 completion_queue.cc:800] Kick failed: UNKNOWN:eventfd_write: Bad file descriptor (9)
[92mINFO [0m:      Sent reply
[92mINFO [0m:      
[92mINFO [0m:      Received: evaluate message b10209a2-7b03-406e-9263-34bdfdbec771
I0625 15:34:57.738598   24294 fork_posix.cc:71] Other threads are currently calling into gRPC, skipping fork() handlers
I0625 15:34:57.802180   37401 fork_posix.cc:71] Other threads are currently calling into gRPC, skipping fork() handlers
E0625 15:34:57.845986   37456 completion_queue.cc:800] Kick failed: UNKNOWN:eventfd_write: Bad file descriptor (9)
I0625 15:34:57.846817   24294 fork_posix.cc:71] Other threads are currently calling into gRPC, skipping fork() handlers
E0625 15:34:57.847934   37456 ev_epoll1_linux.cc:309] epoll_ctl failed: Bad file descriptor (9)
[92mINFO [0m:      Sent reply
[92mINFO [0m:      
[92mINFO [0m:      Received: train message 71821527-28ee-4f88-8b2b-e945befa198e
I0625 15:35:59.695336   24294 fork_posix.cc:71] Other threads are currently calling into gRPC, skipping fork() handlers
I0625 15:35:59.735086   37601 fork_posix.cc:71] Other threads are currently calling into gRPC, skipping fork() handlers
I0625 15:35:59.775522   24294 fork_posix.cc:71] Other threads are currently calling into gRPC, skipping fork() handlers
E0625 15:35:59.776812   37657 ev_epoll1_linux.cc:309] epoll_ctl failed: Bad file descriptor (9)
E0625 15:35:59.776871   37657 ev_epoll1_linux.cc:309] epoll_ctl failed: Bad file descriptor (9)
E0625 15:35:59.776918   37657 completion_queue.cc:800] Kick failed: UNKNOWN:eventfd_write: Bad file descriptor (9)
[92mINFO [0m:      Sent reply
[92mINFO [0m:      
[92mINFO [0m:      Received: evaluate message 50959006-ef3b-49b9-a01e-c844b3fac5c7
I0625 15:41:46.790714   24294 fork_posix.cc:71] Other threads are currently calling into gRPC, skipping fork() handlers
I0625 15:41:46.833394   38119 fork_posix.cc:71] Other threads are currently calling into gRPC, skipping fork() handlers
E0625 15:41:46.876210   38176 completion_queue.cc:800] Kick failed: UNKNOWN:eventfd_write: Bad file descriptor (9)
I0625 15:41:46.876985   24294 fork_posix.cc:71] Other threads are currently calling into gRPC, skipping fork() handlers
E0625 15:41:46.878106   38180 ev_epoll1_linux.cc:309] epoll_ctl failed: Bad file descriptor (9)
E0625 15:41:46.878130   38180 ev_epoll1_linux.cc:309] epoll_ctl failed: Bad file descriptor (9)
[92mINFO [0m:      Sent reply
[92mINFO [0m:      
[92mINFO [0m:      Received: train message 59f9d903-a3fe-4210-805b-03111174d0bb
I0625 15:42:48.165296   24294 fork_posix.cc:71] Other threads are currently calling into gRPC, skipping fork() handlers
I0625 15:42:48.205146   38333 fork_posix.cc:71] Other threads are currently calling into gRPC, skipping fork() handlers
I0625 15:42:48.244388   24294 fork_posix.cc:71] Other threads are currently calling into gRPC, skipping fork() handlers
E0625 15:42:48.246587   38389 ev_epoll1_linux.cc:309] epoll_ctl failed: Bad file descriptor (9)
E0625 15:42:48.246699   38389 completion_queue.cc:800] Kick failed: UNKNOWN:eventfd_write: Bad file descriptor (9)
[92mINFO [0m:      Sent reply
[92mINFO [0m:      
[92mINFO [0m:      Received: evaluate message 4bdb2ecb-29c0-4c90-b159-371207e1bcc6
I0625 15:48:22.966727   24294 fork_posix.cc:71] Other threads are currently calling into gRPC, skipping fork() handlers
I0625 15:48:23.009913   39810 fork_posix.cc:71] Other threads are currently calling into gRPC, skipping fork() handlers
E0625 15:48:23.052575   39866 completion_queue.cc:800] Kick failed: UNKNOWN:eventfd_write: Bad file descriptor (9)
I0625 15:48:23.053320   24294 fork_posix.cc:71] Other threads are currently calling into gRPC, skipping fork() handlers
E0625 15:48:23.054396   39866 ev_epoll1_linux.cc:309] epoll_ctl failed: Bad file descriptor (9)
E0625 15:48:23.054418   39866 ev_epoll1_linux.cc:309] epoll_ctl failed: Bad file descriptor (9)
[92mINFO [0m:      Sent reply
[92mINFO [0m:      
[92mINFO [0m:      Received: train message 5a8dc01c-ec9e-4570-aa41-574e9ad0c46b
I0625 15:49:24.114622   24294 fork_posix.cc:71] Other threads are currently calling into gRPC, skipping fork() handlers
I0625 15:49:24.154263   40015 fork_posix.cc:71] Other threads are currently calling into gRPC, skipping fork() handlers
I0625 15:49:24.194168   24294 fork_posix.cc:71] Other threads are currently calling into gRPC, skipping fork() handlers
E0625 15:49:24.195505   40074 ev_epoll1_linux.cc:309] epoll_ctl failed: Bad file descriptor (9)
E0625 15:49:24.195556   40074 ev_epoll1_linux.cc:309] epoll_ctl failed: Bad file descriptor (9)
E0625 15:49:24.195613   40074 completion_queue.cc:800] Kick failed: UNKNOWN:eventfd_write: Bad file descriptor (9)
[92mINFO [0m:      Sent reply
[92mINFO [0m:      
[92mINFO [0m:      Received: evaluate message 7fb18fba-7289-4f7d-9eed-58221d634055
I0625 15:55:09.839974   24294 fork_posix.cc:71] Other threads are currently calling into gRPC, skipping fork() handlers
I0625 15:55:09.885098   40534 fork_posix.cc:71] Other threads are currently calling into gRPC, skipping fork() handlers
E0625 15:55:09.929762   40589 completion_queue.cc:800] Kick failed: UNKNOWN:eventfd_write: Bad file descriptor (9)
E0625 15:55:09.931584   40589 ev_epoll1_linux.cc:309] epoll_ctl failed: Bad file descriptor (9)
I0625 15:55:09.948370   24294 fork_posix.cc:71] Other threads are currently calling into gRPC, skipping fork() handlers
[92mINFO [0m:      Sent reply
[92mINFO [0m:      
[92mINFO [0m:      Received: train message 2505ed89-bc8f-4be1-af0e-3e88245f87e6
I0625 15:56:09.957945   24294 fork_posix.cc:71] Other threads are currently calling into gRPC, skipping fork() handlers
I0625 15:56:09.997358   40769 fork_posix.cc:71] Other threads are currently calling into gRPC, skipping fork() handlers
I0625 15:56:10.037829   24294 fork_posix.cc:71] Other threads are currently calling into gRPC, skipping fork() handlers
E0625 15:56:10.039168   40825 ev_epoll1_linux.cc:309] epoll_ctl failed: Bad file descriptor (9)
E0625 15:56:10.039231   40825 ev_epoll1_linux.cc:309] epoll_ctl failed: Bad file descriptor (9)
E0625 15:56:10.039290   40825 completion_queue.cc:800] Kick failed: UNKNOWN:eventfd_write: Bad file descriptor (9)
[92mINFO [0m:      Sent reply
[92mINFO [0m:      
[92mINFO [0m:      Received: evaluate message 3c210081-0357-4516-8cbd-ab649146bdfb
I0625 16:01:38.087086   24294 fork_posix.cc:71] Other threads are currently calling into gRPC, skipping fork() handlers
I0625 16:01:38.132708   41324 fork_posix.cc:71] Other threads are currently calling into gRPC, skipping fork() handlers
E0625 16:01:38.177764   41379 completion_queue.cc:800] Kick failed: UNKNOWN:eventfd_write: Bad file descriptor (9)
I0625 16:01:38.177801   24294 fork_posix.cc:71] Other threads are currently calling into gRPC, skipping fork() handlers
E0625 16:01:38.180358   41383 ev_epoll1_linux.cc:309] epoll_ctl failed: Bad file descriptor (9)
[92mINFO [0m:      Sent reply
[92mINFO [0m:      
[92mINFO [0m:      Received: train message 7f66d620-56a5-4d7f-8a7c-b9b83c130834
I0625 16:02:33.557895   24294 fork_posix.cc:71] Other threads are currently calling into gRPC, skipping fork() handlers
I0625 16:02:33.597805   41529 fork_posix.cc:71] Other threads are currently calling into gRPC, skipping fork() handlers
I0625 16:02:33.638391   24294 fork_posix.cc:71] Other threads are currently calling into gRPC, skipping fork() handlers
E0625 16:02:33.639765   41585 ev_epoll1_linux.cc:309] epoll_ctl failed: Bad file descriptor (9)
E0625 16:02:33.639825   41585 ev_epoll1_linux.cc:309] epoll_ctl failed: Bad file descriptor (9)
E0625 16:02:33.639879   41585 completion_queue.cc:800] Kick failed: UNKNOWN:eventfd_write: Bad file descriptor (9)
[92mINFO [0m:      Sent reply
[92mINFO [0m:      
[92mINFO [0m:      Received: evaluate message ef5c22a5-4705-4a55-8c6b-c4f3c3314d11
I0625 16:08:25.015082   24294 fork_posix.cc:71] Other threads are currently calling into gRPC, skipping fork() handlers
I0625 16:08:25.060156   42047 fork_posix.cc:71] Other threads are currently calling into gRPC, skipping fork() handlers
E0625 16:08:25.106155   42103 ev_epoll1_linux.cc:309] epoll_ctl failed: Bad file descriptor (9)
E0625 16:08:25.106212   42103 ev_epoll1_linux.cc:309] epoll_ctl failed: Bad file descriptor (9)
E0625 16:08:25.106257   42103 completion_queue.cc:800] Kick failed: UNKNOWN:eventfd_write: Bad file descriptor (9)
I0625 16:08:25.123789   24294 fork_posix.cc:71] Other threads are currently calling into gRPC, skipping fork() handlers
[92mINFO [0m:      Sent reply
[92mINFO [0m:      
[92mINFO [0m:      Received: train message ab001b84-7bfe-421c-b0a3-b6d6fefa8b42
I0625 16:09:27.579464   24294 fork_posix.cc:71] Other threads are currently calling into gRPC, skipping fork() handlers
I0625 16:09:27.618962   42251 fork_posix.cc:71] Other threads are currently calling into gRPC, skipping fork() handlers
I0625 16:09:27.659363   24294 fork_posix.cc:71] Other threads are currently calling into gRPC, skipping fork() handlers
E0625 16:09:27.660638   42307 ev_epoll1_linux.cc:309] epoll_ctl failed: Bad file descriptor (9)
E0625 16:09:27.660691   42307 ev_epoll1_linux.cc:309] epoll_ctl failed: Bad file descriptor (9)
E0625 16:09:27.660744   42307 completion_queue.cc:800] Kick failed: UNKNOWN:eventfd_write: Bad file descriptor (9)
[92mINFO [0m:      Sent reply
[92mINFO [0m:      
[92mINFO [0m:      Received: evaluate message 29e8d77d-607c-40e6-8d9b-d00d47881d3a
I0625 16:14:47.677109   24294 fork_posix.cc:71] Other threads are currently calling into gRPC, skipping fork() handlers
I0625 16:14:47.721835   42745 fork_posix.cc:71] Other threads are currently calling into gRPC, skipping fork() handlers
E0625 16:14:47.766200   42801 completion_queue.cc:800] Kick failed: UNKNOWN:eventfd_write: Bad file descriptor (9)
I0625 16:14:47.766938   24294 fork_posix.cc:71] Other threads are currently calling into gRPC, skipping fork() handlers
E0625 16:14:47.768033   42801 ev_epoll1_linux.cc:309] epoll_ctl failed: Bad file descriptor (9)
E0625 16:14:47.768057   42801 ev_epoll1_linux.cc:309] epoll_ctl failed: Bad file descriptor (9)
I0625 16:14:48.840635   42745 fork_posix.cc:71] Other threads are currently calling into gRPC, skipping fork() handlers
E0625 16:14:48.911757   42906 ev_epoll1_linux.cc:373] (event_engine) Epoll1Poller:0x55e3772dfaa0 encountered epoll_wait error: Bad file descriptor
[92mINFO [0m:      Sent reply
[92mINFO [0m:      
[92mINFO [0m:      Received: train message 6d251e05-cbe2-4655-bb36-6fb4a23ed97c
I0625 16:16:33.937647   24294 fork_posix.cc:71] Other threads are currently calling into gRPC, skipping fork() handlers
I0625 16:16:33.977647   44008 fork_posix.cc:71] Other threads are currently calling into gRPC, skipping fork() handlers
I0625 16:16:34.017229   24294 fork_posix.cc:71] Other threads are currently calling into gRPC, skipping fork() handlers
E0625 16:16:34.019332   44066 ev_epoll1_linux.cc:309] epoll_ctl failed: Bad file descriptor (9)
[92mINFO [0m:      Sent reply
[92mINFO [0m:      
[92mINFO [0m:      Received: evaluate message 0e104e37-16db-4ebc-82fd-1ea0c3472645
I0625 16:22:16.191362   24294 fork_posix.cc:71] Other threads are currently calling into gRPC, skipping fork() handlers
I0625 16:22:16.235031   44516 fork_posix.cc:71] Other threads are currently calling into gRPC, skipping fork() handlers
I0625 16:22:16.277981   24294 fork_posix.cc:71] Other threads are currently calling into gRPC, skipping fork() handlers
E0625 16:22:16.278299   44574 completion_queue.cc:800] Kick failed: UNKNOWN:eventfd_write: Bad file descriptor (9)
E0625 16:22:16.280159   44576 ev_epoll1_linux.cc:309] epoll_ctl failed: Bad file descriptor (9)
[92mINFO [0m:      Sent reply
[92mINFO [0m:      
[92mINFO [0m:      Received: train message 4ac7e9e3-5a88-4044-b5ba-99cfebbe5941
I0625 16:23:12.820162   24294 fork_posix.cc:71] Other threads are currently calling into gRPC, skipping fork() handlers
I0625 16:23:12.879070   44725 fork_posix.cc:71] Other threads are currently calling into gRPC, skipping fork() handlers
E0625 16:23:12.920413   44780 ev_epoll1_linux.cc:309] epoll_ctl failed: Bad file descriptor (9)
E0625 16:23:12.920513   44780 completion_queue.cc:800] Kick failed: UNKNOWN:eventfd_write: Bad file descriptor (9)
I0625 16:23:12.937466   24294 fork_posix.cc:71] Other threads are currently calling into gRPC, skipping fork() handlers
[92mINFO [0m:      Sent reply
[92mINFO [0m:      
[92mINFO [0m:      Received: evaluate message 92650ee1-0a13-409b-8c6d-bbc20d13921d
I0625 16:29:04.177954   24294 fork_posix.cc:71] Other threads are currently calling into gRPC, skipping fork() handlers
I0625 16:29:04.222987   45302 fork_posix.cc:71] Other threads are currently calling into gRPC, skipping fork() handlers
I0625 16:29:04.267748   24294 fork_posix.cc:71] Other threads are currently calling into gRPC, skipping fork() handlers
E0625 16:29:04.269071   45358 ev_epoll1_linux.cc:309] epoll_ctl failed: Bad file descriptor (9)
E0625 16:29:04.269165   45358 completion_queue.cc:800] Kick failed: UNKNOWN:eventfd_write: Bad file descriptor (9)
I0625 16:29:05.345069   45302 fork_posix.cc:71] Other threads are currently calling into gRPC, skipping fork() handlers
I0625 16:29:06.463092   45302 fork_posix.cc:71] Other threads are currently calling into gRPC, skipping fork() handlers
E0625 16:29:06.508687   45506 completion_queue.cc:800] Kick failed: UNKNOWN:eventfd_write: Bad file descriptor (9)
I0625 16:29:07.586750   45302 fork_posix.cc:71] Other threads are currently calling into gRPC, skipping fork() handlers
I0625 16:29:08.705829   45302 fork_posix.cc:71] Other threads are currently calling into gRPC, skipping fork() handlers
E0625 16:29:08.751156   45582 completion_queue.cc:800] Kick failed: UNKNOWN:eventfd_write: Bad file descriptor (9)
I0625 16:29:09.838737   45302 fork_posix.cc:71] Other threads are currently calling into gRPC, skipping fork() handlers
I0625 16:29:10.964255   45302 fork_posix.cc:71] Other threads are currently calling into gRPC, skipping fork() handlers
I0625 16:29:12.093472   45302 fork_posix.cc:71] Other threads are currently calling into gRPC, skipping fork() handlers
I0625 16:29:13.212719   45302 fork_posix.cc:71] Other threads are currently calling into gRPC, skipping fork() handlers
I0625 16:29:14.867833   45302 fork_posix.cc:71] Other threads are currently calling into gRPC, skipping fork() handlers
E0625 16:29:14.914941   45775 ev_epoll1_linux.cc:309] epoll_ctl failed: Bad file descriptor (9)
I0625 16:29:16.005579   45302 fork_posix.cc:71] Other threads are currently calling into gRPC, skipping fork() handlers
I0625 16:29:17.125150   45302 fork_posix.cc:71] Other threads are currently calling into gRPC, skipping fork() handlers
I0625 16:29:18.781744   45302 fork_posix.cc:71] Other threads are currently calling into gRPC, skipping fork() handlers
I0625 16:29:19.928477   45302 fork_posix.cc:71] Other threads are currently calling into gRPC, skipping fork() handlers
E0625 16:29:19.973442   45927 completion_queue.cc:800] Kick failed: UNKNOWN:eventfd_write: Bad file descriptor (9)
I0625 16:29:21.048595   45302 fork_posix.cc:71] Other threads are currently calling into gRPC, skipping fork() handlers
I0625 16:29:22.865508   45302 fork_posix.cc:71] Other threads are currently calling into gRPC, skipping fork() handlers
I0625 16:29:24.042258   45302 fork_posix.cc:71] Other threads are currently calling into gRPC, skipping fork() handlers
I0625 16:29:25.163105   45302 fork_posix.cc:71] Other threads are currently calling into gRPC, skipping fork() handlers
E0625 16:29:25.208077   46079 completion_queue.cc:800] Kick failed: UNKNOWN:eventfd_write: Bad file descriptor (9)
E0625 16:29:25.209974   46079 ev_epoll1_linux.cc:309] epoll_ctl failed: Bad file descriptor (9)
E0625 16:29:25.210001   46079 ev_epoll1_linux.cc:309] epoll_ctl failed: Bad file descriptor (9)
I0625 16:29:26.699303   45302 fork_posix.cc:71] Other threads are currently calling into gRPC, skipping fork() handlers
I0625 16:29:27.840016   45302 fork_posix.cc:71] Other threads are currently calling into gRPC, skipping fork() handlers
E0625 16:29:27.885380   46155 completion_queue.cc:800] Kick failed: UNKNOWN:eventfd_write: Bad file descriptor (9)
I0625 16:29:28.980356   45302 fork_posix.cc:71] Other threads are currently calling into gRPC, skipping fork() handlers
E0625 16:29:29.026092   46193 completion_queue.cc:800] Kick failed: UNKNOWN:eventfd_write: Bad file descriptor (9)
I0625 16:29:30.636667   45302 fork_posix.cc:71] Other threads are currently calling into gRPC, skipping fork() handlers
E0625 16:29:30.682315   46215 completion_queue.cc:800] Kick failed: UNKNOWN:eventfd_write: Bad file descriptor (9)
I0625 16:29:31.757541   45302 fork_posix.cc:71] Other threads are currently calling into gRPC, skipping fork() handlers
I0625 16:29:33.195264   45302 fork_posix.cc:71] Other threads are currently calling into gRPC, skipping fork() handlers
I0625 16:29:34.318241   45302 fork_posix.cc:71] Other threads are currently calling into gRPC, skipping fork() handlers
I0625 16:29:35.442957   45302 fork_posix.cc:71] Other threads are currently calling into gRPC, skipping fork() handlers
E0625 16:29:35.489651   46384 ev_epoll1_linux.cc:309] epoll_ctl failed: Bad file descriptor (9)
E0625 16:29:35.489713   46384 ev_epoll1_linux.cc:309] epoll_ctl failed: Bad file descriptor (9)
I0625 16:29:36.566814   45302 fork_posix.cc:71] Other threads are currently calling into gRPC, skipping fork() handlers
E0625 16:29:36.611710   46421 completion_queue.cc:800] Kick failed: UNKNOWN:eventfd_write: Bad file descriptor (9)
I0625 16:29:37.687535   45302 fork_posix.cc:71] Other threads are currently calling into gRPC, skipping fork() handlers
[92mINFO [0m:      Sent reply
[92mINFO [0m:      
[92mINFO [0m:      Received: train message a8953d56-0432-497b-b0b3-a28919c567fe
I0625 16:30:01.635000   24294 fork_posix.cc:71] Other threads are currently calling into gRPC, skipping fork() handlers
I0625 16:30:01.693958   46559 fork_posix.cc:71] Other threads are currently calling into gRPC, skipping fork() handlers
I0625 16:30:01.733936   24294 fork_posix.cc:71] Other threads are currently calling into gRPC, skipping fork() handlers
E0625 16:30:01.735361   46618 ev_epoll1_linux.cc:309] epoll_ctl failed: Bad file descriptor (9)
E0625 16:30:01.735469   46618 completion_queue.cc:800] Kick failed: UNKNOWN:eventfd_write: Bad file descriptor (9)
I0625 16:30:02.807425   46559 fork_posix.cc:71] Other threads are currently calling into gRPC, skipping fork() handlers
I0625 16:30:03.916332   46559 fork_posix.cc:71] Other threads are currently calling into gRPC, skipping fork() handlers
I0625 16:30:05.027960   46559 fork_posix.cc:71] Other threads are currently calling into gRPC, skipping fork() handlers
I0625 16:30:06.140339   46559 fork_posix.cc:71] Other threads are currently calling into gRPC, skipping fork() handlers
I0625 16:30:07.259129   46559 fork_posix.cc:71] Other threads are currently calling into gRPC, skipping fork() handlers
I0625 16:30:08.906737   46559 fork_posix.cc:71] Other threads are currently calling into gRPC, skipping fork() handlers
I0625 16:30:10.552723   46559 fork_posix.cc:71] Other threads are currently calling into gRPC, skipping fork() handlers
I0625 16:30:11.667607   46559 fork_posix.cc:71] Other threads are currently calling into gRPC, skipping fork() handlers
E0625 16:30:11.707739   46990 completion_queue.cc:800] Kick failed: UNKNOWN:eventfd_write: Bad file descriptor (9)
I0625 16:30:12.805913   46559 fork_posix.cc:71] Other threads are currently calling into gRPC, skipping fork() handlers
I0625 16:30:13.920000   46559 fork_posix.cc:71] Other threads are currently calling into gRPC, skipping fork() handlers
E0625 16:30:13.960044   47069 completion_queue.cc:800] Kick failed: UNKNOWN:eventfd_write: Bad file descriptor (9)
I0625 16:30:15.574080   46559 fork_posix.cc:71] Other threads are currently calling into gRPC, skipping fork() handlers
E0625 16:30:15.624588   47108 completion_queue.cc:800] Kick failed: UNKNOWN:eventfd_write: Bad file descriptor (9)
I0625 16:30:16.725608   46559 fork_posix.cc:71] Other threads are currently calling into gRPC, skipping fork() handlers
E0625 16:30:16.785739   47146 completion_queue.cc:800] Kick failed: UNKNOWN:eventfd_write: Bad file descriptor (9)
I0625 16:30:17.856462   46559 fork_posix.cc:71] Other threads are currently calling into gRPC, skipping fork() handlers
E0625 16:30:17.896239   47183 completion_queue.cc:800] Kick failed: UNKNOWN:eventfd_write: Bad file descriptor (9)
I0625 16:30:18.963317   46559 fork_posix.cc:71] Other threads are currently calling into gRPC, skipping fork() handlers
E0625 16:30:19.003372   47221 completion_queue.cc:800] Kick failed: UNKNOWN:eventfd_write: Bad file descriptor (9)
I0625 16:30:20.073327   46559 fork_posix.cc:71] Other threads are currently calling into gRPC, skipping fork() handlers
E0625 16:30:20.137308   47259 completion_queue.cc:800] Kick failed: UNKNOWN:eventfd_write: Bad file descriptor (9)
I0625 16:30:21.233259   46559 fork_posix.cc:71] Other threads are currently calling into gRPC, skipping fork() handlers
E0625 16:30:21.288617   47299 completion_queue.cc:800] Kick failed: UNKNOWN:eventfd_write: Bad file descriptor (9)
I0625 16:30:22.364728   46559 fork_posix.cc:71] Other threads are currently calling into gRPC, skipping fork() handlers
E0625 16:30:22.407907   47335 completion_queue.cc:800] Kick failed: UNKNOWN:eventfd_write: Bad file descriptor (9)
I0625 16:30:23.480710   46559 fork_posix.cc:71] Other threads are currently calling into gRPC, skipping fork() handlers
E0625 16:30:23.544084   47374 completion_queue.cc:800] Kick failed: UNKNOWN:eventfd_write: Bad file descriptor (9)
E0625 16:30:23.545978   47378 ev_epoll1_linux.cc:309] epoll_ctl failed: Bad file descriptor (9)
I0625 16:30:24.622266   46559 fork_posix.cc:71] Other threads are currently calling into gRPC, skipping fork() handlers
E0625 16:30:24.684944   47411 completion_queue.cc:800] Kick failed: UNKNOWN:eventfd_write: Bad file descriptor (9)
I0625 16:30:25.944381   46559 fork_posix.cc:71] Other threads are currently calling into gRPC, skipping fork() handlers
E0625 16:30:26.004874   47441 completion_queue.cc:800] Kick failed: UNKNOWN:eventfd_write: Bad file descriptor (9)
I0625 16:30:27.092125   46559 fork_posix.cc:71] Other threads are currently calling into gRPC, skipping fork() handlers
E0625 16:30:27.155877   47470 completion_queue.cc:800] Kick failed: UNKNOWN:eventfd_write: Bad file descriptor (9)
I0625 16:30:28.226296   46559 fork_posix.cc:71] Other threads are currently calling into gRPC, skipping fork() handlers
E0625 16:30:28.290562   47527 completion_queue.cc:800] Kick failed: UNKNOWN:eventfd_write: Bad file descriptor (9)
I0625 16:30:29.363808   46559 fork_posix.cc:71] Other threads are currently calling into gRPC, skipping fork() handlers
E0625 16:30:29.433297   47548 completion_queue.cc:800] Kick failed: UNKNOWN:eventfd_write: Bad file descriptor (9)
I0625 16:30:30.503923   46559 fork_posix.cc:71] Other threads are currently calling into gRPC, skipping fork() handlers
I0625 16:30:31.649586   46559 fork_posix.cc:71] Other threads are currently calling into gRPC, skipping fork() handlers
I0625 16:30:32.784809   46559 fork_posix.cc:71] Other threads are currently calling into gRPC, skipping fork() handlers
E0625 16:30:32.854354   47683 completion_queue.cc:800] Kick failed: UNKNOWN:eventfd_write: Bad file descriptor (9)
E0625 16:30:32.856248   47683 ev_epoll1_linux.cc:309] epoll_ctl failed: Bad file descriptor (9)
E0625 16:30:32.856274   47683 ev_epoll1_linux.cc:309] epoll_ctl failed: Bad file descriptor (9)
I0625 16:30:33.943172   46559 fork_posix.cc:71] Other threads are currently calling into gRPC, skipping fork() handlers
E0625 16:30:34.007435   47704 ev_epoll1_linux.cc:309] epoll_ctl failed: Bad file descriptor (9)
I0625 16:30:35.088313   46559 fork_posix.cc:71] Other threads are currently calling into gRPC, skipping fork() handlers
I0625 16:30:36.757118   46559 fork_posix.cc:71] Other threads are currently calling into gRPC, skipping fork() handlers
I0625 16:30:37.890149   46559 fork_posix.cc:71] Other threads are currently calling into gRPC, skipping fork() handlers
I0625 16:30:39.563086   46559 fork_posix.cc:71] Other threads are currently calling into gRPC, skipping fork() handlers
I0625 16:30:40.704252   46559 fork_posix.cc:71] Other threads are currently calling into gRPC, skipping fork() handlers
I0625 16:30:41.839866   46559 fork_posix.cc:71] Other threads are currently calling into gRPC, skipping fork() handlers
I0625 16:30:42.977211   46559 fork_posix.cc:71] Other threads are currently calling into gRPC, skipping fork() handlers
E0625 16:30:43.040387   47990 completion_queue.cc:800] Kick failed: UNKNOWN:eventfd_write: Bad file descriptor (9)
I0625 16:30:44.116184   46559 fork_posix.cc:71] Other threads are currently calling into gRPC, skipping fork() handlers
E0625 16:30:44.179754   48029 completion_queue.cc:800] Kick failed: UNKNOWN:eventfd_write: Bad file descriptor (9)
E0625 16:30:44.181630   48029 ev_epoll1_linux.cc:309] epoll_ctl failed: Bad file descriptor (9)
E0625 16:30:44.181655   48029 ev_epoll1_linux.cc:309] epoll_ctl failed: Bad file descriptor (9)
I0625 16:30:45.258915   46559 fork_posix.cc:71] Other threads are currently calling into gRPC, skipping fork() handlers
E0625 16:30:45.322443   48062 completion_queue.cc:800] Kick failed: UNKNOWN:eventfd_write: Bad file descriptor (9)
I0625 16:30:46.931790   46559 fork_posix.cc:71] Other threads are currently calling into gRPC, skipping fork() handlers
E0625 16:30:46.995897   48086 completion_queue.cc:800] Kick failed: UNKNOWN:eventfd_write: Bad file descriptor (9)
I0625 16:30:48.067291   46559 fork_posix.cc:71] Other threads are currently calling into gRPC, skipping fork() handlers
E0625 16:30:48.107190   48142 completion_queue.cc:800] Kick failed: UNKNOWN:eventfd_write: Bad file descriptor (9)
I0625 16:30:49.178303   46559 fork_posix.cc:71] Other threads are currently calling into gRPC, skipping fork() handlers
E0625 16:30:49.242261   48182 completion_queue.cc:800] Kick failed: UNKNOWN:eventfd_write: Bad file descriptor (9)
I0625 16:30:50.314947   46559 fork_posix.cc:71] Other threads are currently calling into gRPC, skipping fork() handlers
E0625 16:30:50.369843   48218 completion_queue.cc:800] Kick failed: UNKNOWN:eventfd_write: Bad file descriptor (9)
I0625 16:30:51.999647   46559 fork_posix.cc:71] Other threads are currently calling into gRPC, skipping fork() handlers
E0625 16:30:52.039387   48252 completion_queue.cc:800] Kick failed: UNKNOWN:eventfd_write: Bad file descriptor (9)
I0625 16:30:53.115577   46559 fork_posix.cc:71] Other threads are currently calling into gRPC, skipping fork() handlers
I0625 16:30:54.232652   46559 fork_posix.cc:71] Other threads are currently calling into gRPC, skipping fork() handlers
E0625 16:30:54.274371   48332 ev_epoll1_linux.cc:309] epoll_ctl failed: Bad file descriptor (9)
E0625 16:30:54.274432   48332 ev_epoll1_linux.cc:309] epoll_ctl failed: Bad file descriptor (9)
I0625 16:30:55.352082   46559 fork_posix.cc:71] Other threads are currently calling into gRPC, skipping fork() handlers
E0625 16:30:55.392414   48370 completion_queue.cc:800] Kick failed: UNKNOWN:eventfd_write: Bad file descriptor (9)
I0625 16:30:56.460766   46559 fork_posix.cc:71] Other threads are currently calling into gRPC, skipping fork() handlers
E0625 16:30:56.500752   48407 completion_queue.cc:800] Kick failed: UNKNOWN:eventfd_write: Bad file descriptor (9)
I0625 16:30:57.572975   46559 fork_posix.cc:71] Other threads are currently calling into gRPC, skipping fork() handlers
E0625 16:30:57.613229   48445 completion_queue.cc:800] Kick failed: UNKNOWN:eventfd_write: Bad file descriptor (9)
I0625 16:30:59.218633   46559 fork_posix.cc:71] Other threads are currently calling into gRPC, skipping fork() handlers
E0625 16:30:59.259459   48467 completion_queue.cc:800] Kick failed: UNKNOWN:eventfd_write: Bad file descriptor (9)
I0625 16:31:00.329601   46559 fork_posix.cc:71] Other threads are currently calling into gRPC, skipping fork() handlers
I0625 16:31:01.440183   46559 fork_posix.cc:71] Other threads are currently calling into gRPC, skipping fork() handlers
I0625 16:31:02.576607   46559 fork_posix.cc:71] Other threads are currently calling into gRPC, skipping fork() handlers
I0625 16:31:03.689424   46559 fork_posix.cc:71] Other threads are currently calling into gRPC, skipping fork() handlers
I0625 16:31:04.809965   46559 fork_posix.cc:71] Other threads are currently calling into gRPC, skipping fork() handlers
E0625 16:31:04.851656   48676 ev_epoll1_linux.cc:309] epoll_ctl failed: Bad file descriptor (9)
E0625 16:31:04.851773   48676 completion_queue.cc:800] Kick failed: UNKNOWN:eventfd_write: Bad file descriptor (9)
I0625 16:31:05.922059   46559 fork_posix.cc:71] Other threads are currently calling into gRPC, skipping fork() handlers
I0625 16:31:07.031341   46559 fork_posix.cc:71] Other threads are currently calling into gRPC, skipping fork() handlers
E0625 16:31:07.071059   48750 completion_queue.cc:800] Kick failed: UNKNOWN:eventfd_write: Bad file descriptor (9)
I0625 16:31:08.175839   46559 fork_posix.cc:71] Other threads are currently calling into gRPC, skipping fork() handlers
I0625 16:31:09.286153   46559 fork_posix.cc:71] Other threads are currently calling into gRPC, skipping fork() handlers
E0625 16:31:09.325859   48809 completion_queue.cc:800] Kick failed: UNKNOWN:eventfd_write: Bad file descriptor (9)
I0625 16:31:10.808242   46559 fork_posix.cc:71] Other threads are currently calling into gRPC, skipping fork() handlers
I0625 16:31:11.926356   46559 fork_posix.cc:71] Other threads are currently calling into gRPC, skipping fork() handlers
E0625 16:31:11.965654   48902 completion_queue.cc:800] Kick failed: UNKNOWN:eventfd_write: Bad file descriptor (9)
I0625 16:31:13.048074   46559 fork_posix.cc:71] Other threads are currently calling into gRPC, skipping fork() handlers
I0625 16:31:14.156565   46559 fork_posix.cc:71] Other threads are currently calling into gRPC, skipping fork() handlers
E0625 16:31:14.196217   48981 completion_queue.cc:800] Kick failed: UNKNOWN:eventfd_write: Bad file descriptor (9)
I0625 16:31:15.304978   46559 fork_posix.cc:71] Other threads are currently calling into gRPC, skipping fork() handlers
E0625 16:31:15.347011   49025 ev_epoll1_linux.cc:309] epoll_ctl failed: Bad file descriptor (9)
I0625 16:31:16.417041   46559 fork_posix.cc:71] Other threads are currently calling into gRPC, skipping fork() handlers
I0625 16:31:17.532604   46559 fork_posix.cc:71] Other threads are currently calling into gRPC, skipping fork() handlers
I0625 16:31:19.367742   46559 fork_posix.cc:71] Other threads are currently calling into gRPC, skipping fork() handlers
I0625 16:31:20.485303   46559 fork_posix.cc:71] Other threads are currently calling into gRPC, skipping fork() handlers
I0625 16:31:21.617172   46559 fork_posix.cc:71] Other threads are currently calling into gRPC, skipping fork() handlers
I0625 16:31:22.727354   46559 fork_posix.cc:71] Other threads are currently calling into gRPC, skipping fork() handlers
I0625 16:31:24.090360   46559 fork_posix.cc:71] Other threads are currently calling into gRPC, skipping fork() handlers
E0625 16:31:24.130904   49287 completion_queue.cc:800] Kick failed: UNKNOWN:eventfd_write: Bad file descriptor (9)
I0625 16:31:25.206458   46559 fork_posix.cc:71] Other threads are currently calling into gRPC, skipping fork() handlers
E0625 16:31:25.247613   49323 completion_queue.cc:800] Kick failed: UNKNOWN:eventfd_write: Bad file descriptor (9)
I0625 16:31:26.324204   46559 fork_posix.cc:71] Other threads are currently calling into gRPC, skipping fork() handlers
E0625 16:31:26.364832   49344 completion_queue.cc:800] Kick failed: UNKNOWN:eventfd_write: Bad file descriptor (9)
E0625 16:31:26.367807   49350 ev_epoll1_linux.cc:309] epoll_ctl failed: Bad file descriptor (9)
I0625 16:31:27.441980   46559 fork_posix.cc:71] Other threads are currently calling into gRPC, skipping fork() handlers
E0625 16:31:27.482612   49399 completion_queue.cc:800] Kick failed: UNKNOWN:eventfd_write: Bad file descriptor (9)
I0625 16:31:28.554418   46559 fork_posix.cc:71] Other threads are currently calling into gRPC, skipping fork() handlers
E0625 16:31:28.595174   49438 completion_queue.cc:800] Kick failed: UNKNOWN:eventfd_write: Bad file descriptor (9)
I0625 16:31:29.666016   46559 fork_posix.cc:71] Other threads are currently calling into gRPC, skipping fork() handlers
E0625 16:31:29.705880   49475 completion_queue.cc:800] Kick failed: UNKNOWN:eventfd_write: Bad file descriptor (9)
I0625 16:31:30.781389   46559 fork_posix.cc:71] Other threads are currently calling into gRPC, skipping fork() handlers
E0625 16:31:30.821379   49515 completion_queue.cc:800] Kick failed: UNKNOWN:eventfd_write: Bad file descriptor (9)
I0625 16:31:31.891383   46559 fork_posix.cc:71] Other threads are currently calling into gRPC, skipping fork() handlers
E0625 16:31:31.931013   49551 completion_queue.cc:800] Kick failed: UNKNOWN:eventfd_write: Bad file descriptor (9)
I0625 16:31:33.535905   46559 fork_posix.cc:71] Other threads are currently calling into gRPC, skipping fork() handlers
E0625 16:31:33.575330   49570 completion_queue.cc:800] Kick failed: UNKNOWN:eventfd_write: Bad file descriptor (9)
I0625 16:31:34.645165   46559 fork_posix.cc:71] Other threads are currently calling into gRPC, skipping fork() handlers
I0625 16:31:35.759243   46559 fork_posix.cc:71] Other threads are currently calling into gRPC, skipping fork() handlers
E0625 16:31:35.800875   49666 ev_epoll1_linux.cc:309] epoll_ctl failed: Bad file descriptor (9)
I0625 16:31:36.896208   46559 fork_posix.cc:71] Other threads are currently calling into gRPC, skipping fork() handlers
E0625 16:31:36.936613   49697 ev_epoll1_linux.cc:373] (event_engine) Epoll1Poller:0x55e3772dfaa0 encountered epoll_wait error: Bad file descriptor
I0625 16:32:44.710222   46559 fork_posix.cc:71] Other threads are currently calling into gRPC, skipping fork() handlers
E0625 16:32:44.753858   49818 ev_epoll1_linux.cc:309] epoll_ctl failed: Bad file descriptor (9)
E0625 16:32:44.753922   49818 ev_epoll1_linux.cc:309] epoll_ctl failed: Bad file descriptor (9)
E0625 16:32:44.753973   49818 completion_queue.cc:800] Kick failed: UNKNOWN:eventfd_write: Bad file descriptor (9)
I0625 16:32:45.824326   46559 fork_posix.cc:71] Other threads are currently calling into gRPC, skipping fork() handlers
E0625 16:32:45.863829   49858 completion_queue.cc:800] Kick failed: UNKNOWN:eventfd_write: Bad file descriptor (9)
I0625 16:32:46.937837   46559 fork_posix.cc:71] Other threads are currently calling into gRPC, skipping fork() handlers
E0625 16:32:46.977206   49894 completion_queue.cc:800] Kick failed: UNKNOWN:eventfd_write: Bad file descriptor (9)
I0625 16:32:48.044137   46559 fork_posix.cc:71] Other threads are currently calling into gRPC, skipping fork() handlers
E0625 16:32:48.083292   49932 completion_queue.cc:800] Kick failed: UNKNOWN:eventfd_write: Bad file descriptor (9)
I0625 16:32:49.157036   46559 fork_posix.cc:71] Other threads are currently calling into gRPC, skipping fork() handlers
E0625 16:32:49.196606   49970 completion_queue.cc:800] Kick failed: UNKNOWN:eventfd_write: Bad file descriptor (9)
I0625 16:32:50.269305   46559 fork_posix.cc:71] Other threads are currently calling into gRPC, skipping fork() handlers
E0625 16:32:50.308135   50008 completion_queue.cc:800] Kick failed: UNKNOWN:eventfd_write: Bad file descriptor (9)
I0625 16:32:51.378669   46559 fork_posix.cc:71] Other threads are currently calling into gRPC, skipping fork() handlers
E0625 16:32:51.417927   50046 completion_queue.cc:800] Kick failed: UNKNOWN:eventfd_write: Bad file descriptor (9)
I0625 16:32:53.021394   46559 fork_posix.cc:71] Other threads are currently calling into gRPC, skipping fork() handlers
E0625 16:32:53.061022   50084 completion_queue.cc:800] Kick failed: UNKNOWN:eventfd_write: Bad file descriptor (9)
I0625 16:32:54.380154   46559 fork_posix.cc:71] Other threads are currently calling into gRPC, skipping fork() handlers
I0625 16:32:55.495385   46559 fork_posix.cc:71] Other threads are currently calling into gRPC, skipping fork() handlers
E0625 16:32:55.534304   50160 completion_queue.cc:800] Kick failed: UNKNOWN:eventfd_write: Bad file descriptor (9)
E0625 16:32:55.536185   50160 ev_epoll1_linux.cc:309] epoll_ctl failed: Bad file descriptor (9)
E0625 16:32:55.536211   50160 ev_epoll1_linux.cc:309] epoll_ctl failed: Bad file descriptor (9)
I0625 16:32:56.606326   46559 fork_posix.cc:71] Other threads are currently calling into gRPC, skipping fork() handlers
I0625 16:32:57.959795   46559 fork_posix.cc:71] Other threads are currently calling into gRPC, skipping fork() handlers
I0625 16:32:59.318954   46559 fork_posix.cc:71] Other threads are currently calling into gRPC, skipping fork() handlers
E0625 16:32:59.358291   50266 completion_queue.cc:800] Kick failed: UNKNOWN:eventfd_write: Bad file descriptor (9)
I0625 16:33:00.677374   46559 fork_posix.cc:71] Other threads are currently calling into gRPC, skipping fork() handlers
E0625 16:33:00.716094   50313 completion_queue.cc:800] Kick failed: UNKNOWN:eventfd_write: Bad file descriptor (9)
I0625 16:33:01.786588   46559 fork_posix.cc:71] Other threads are currently calling into gRPC, skipping fork() handlers
I0625 16:33:03.138935   46559 fork_posix.cc:71] Other threads are currently calling into gRPC, skipping fork() handlers
E0625 16:33:03.177788   50388 completion_queue.cc:800] Kick failed: UNKNOWN:eventfd_write: Bad file descriptor (9)
I0625 16:33:04.252145   46559 fork_posix.cc:71] Other threads are currently calling into gRPC, skipping fork() handlers
E0625 16:33:04.291014   50426 completion_queue.cc:800] Kick failed: UNKNOWN:eventfd_write: Bad file descriptor (9)
I0625 16:33:05.360073   46559 fork_posix.cc:71] Other threads are currently calling into gRPC, skipping fork() handlers
E0625 16:33:05.398911   50464 completion_queue.cc:800] Kick failed: UNKNOWN:eventfd_write: Bad file descriptor (9)
I0625 16:33:06.473666   46559 fork_posix.cc:71] Other threads are currently calling into gRPC, skipping fork() handlers
E0625 16:33:06.512878   50485 completion_queue.cc:800] Kick failed: UNKNOWN:eventfd_write: Bad file descriptor (9)
E0625 16:33:06.514791   50485 ev_epoll1_linux.cc:309] epoll_ctl failed: Bad file descriptor (9)
I0625 16:33:08.127696   46559 fork_posix.cc:71] Other threads are currently calling into gRPC, skipping fork() handlers
E0625 16:33:08.166646   50536 completion_queue.cc:800] Kick failed: UNKNOWN:eventfd_write: Bad file descriptor (9)
I0625 16:33:09.242814   46559 fork_posix.cc:71] Other threads are currently calling into gRPC, skipping fork() handlers
I0625 16:33:10.362780   46559 fork_posix.cc:71] Other threads are currently calling into gRPC, skipping fork() handlers
I0625 16:33:11.472507   46559 fork_posix.cc:71] Other threads are currently calling into gRPC, skipping fork() handlers
I0625 16:33:12.580445   46559 fork_posix.cc:71] Other threads are currently calling into gRPC, skipping fork() handlers
I0625 16:33:13.690374   46559 fork_posix.cc:71] Other threads are currently calling into gRPC, skipping fork() handlers
I0625 16:33:14.800804   46559 fork_posix.cc:71] Other threads are currently calling into gRPC, skipping fork() handlers
E0625 16:33:14.840164   50771 completion_queue.cc:800] Kick failed: UNKNOWN:eventfd_write: Bad file descriptor (9)
I0625 16:33:15.910380   46559 fork_posix.cc:71] Other threads are currently calling into gRPC, skipping fork() handlers
E0625 16:33:15.949850   50808 completion_queue.cc:800] Kick failed: UNKNOWN:eventfd_write: Bad file descriptor (9)
I0625 16:33:17.019505   46559 fork_posix.cc:71] Other threads are currently calling into gRPC, skipping fork() handlers
E0625 16:33:17.058654   50846 completion_queue.cc:800] Kick failed: UNKNOWN:eventfd_write: Bad file descriptor (9)
E0625 16:33:17.060529   50849 ev_epoll1_linux.cc:309] epoll_ctl failed: Bad file descriptor (9)
[mutex.cc : 2443] RAW: Check w->waitp->cond == nullptr failed: Mutex::Fer while waiting on Condition
[92mINFO [0m:      Sent reply
[92mINFO [0m:      
[92mINFO [0m:      Received: evaluate message e51246c5-a031-450f-9303-cfa235c84404
I0625 16:35:33.834653   24294 fork_posix.cc:71] Other threads are currently calling into gRPC, skipping fork() handlers
I0625 16:35:33.897724   50991 fork_posix.cc:71] Other threads are currently calling into gRPC, skipping fork() handlers
E0625 16:35:33.941210   51047 completion_queue.cc:800] Kick failed: UNKNOWN:eventfd_write: Bad file descriptor (9)
I0625 16:35:33.941690   24294 fork_posix.cc:71] Other threads are currently calling into gRPC, skipping fork() handlers
E0625 16:35:33.943115   51047 ev_epoll1_linux.cc:309] epoll_ctl failed: Bad file descriptor (9)
[92mINFO [0m:      Sent reply
[92mINFO [0m:      
[92mINFO [0m:      Received: train message a99eaf4b-0d46-45a9-b3fc-017adb19f90e
I0625 16:36:25.512631   24294 fork_posix.cc:71] Other threads are currently calling into gRPC, skipping fork() handlers
I0625 16:36:25.550675   51220 fork_posix.cc:71] Other threads are currently calling into gRPC, skipping fork() handlers
E0625 16:36:25.589089   51275 completion_queue.cc:800] Kick failed: UNKNOWN:eventfd_write: Bad file descriptor (9)
E0625 16:36:25.590913   51275 ev_epoll1_linux.cc:309] epoll_ctl failed: Bad file descriptor (9)
E0625 16:36:25.590937   51275 ev_epoll1_linux.cc:309] epoll_ctl failed: Bad file descriptor (9)
I0625 16:36:25.608872   24294 fork_posix.cc:71] Other threads are currently calling into gRPC, skipping fork() handlers
[92mINFO [0m:      Sent reply
[92mINFO [0m:      
[92mINFO [0m:      Received: evaluate message 978ab17f-8899-4c66-98ce-a5231ff8c66e
I0625 16:41:58.885158   24294 fork_posix.cc:71] Other threads are currently calling into gRPC, skipping fork() handlers
I0625 16:41:58.927943   51724 fork_posix.cc:71] Other threads are currently calling into gRPC, skipping fork() handlers
E0625 16:41:58.972306   51781 ev_epoll1_linux.cc:309] epoll_ctl failed: Bad file descriptor (9)
E0625 16:41:58.972361   51781 ev_epoll1_linux.cc:309] epoll_ctl failed: Bad file descriptor (9)
I0625 16:41:58.990199   24294 fork_posix.cc:71] Other threads are currently calling into gRPC, skipping fork() handlers
[92mINFO [0m:      Sent reply
[92mINFO [0m:      
[92mINFO [0m:      Received: train message b8dbb0f7-e340-4857-8e12-5ea17aa21b7b
I0625 16:42:50.972236   51928 fork_posix.cc:71] Other threads are currently calling into gRPC, skipping fork() handlers
I0625 16:42:51.010995   24294 fork_posix.cc:71] Other threads are currently calling into gRPC, skipping fork() handlers
E0625 16:42:51.011555   51949 completion_queue.cc:800] Kick failed: UNKNOWN:eventfd_write: Bad file descriptor (9)
E0625 16:42:51.014138   51949 ev_epoll1_linux.cc:309] epoll_ctl failed: Bad file descriptor (9)
E0625 16:42:51.014167   51949 ev_epoll1_linux.cc:309] epoll_ctl failed: Bad file descriptor (9)
I0625 16:42:51.052148   24294 fork_posix.cc:71] Other threads are currently calling into gRPC, skipping fork() handlers
[92mINFO [0m:      Sent reply
[92mINFO [0m:      
[92mINFO [0m:      Received: evaluate message 80d36e2b-b594-49d0-aafc-17856fbaafcb
I0625 16:48:11.487085   24294 fork_posix.cc:71] Other threads are currently calling into gRPC, skipping fork() handlers
I0625 16:48:11.530318   53395 fork_posix.cc:71] Other threads are currently calling into gRPC, skipping fork() handlers
E0625 16:48:11.573589   53451 completion_queue.cc:800] Kick failed: UNKNOWN:eventfd_write: Bad file descriptor (9)
I0625 16:48:11.574340   24294 fork_posix.cc:71] Other threads are currently calling into gRPC, skipping fork() handlers
E0625 16:48:11.575522   53451 ev_epoll1_linux.cc:309] epoll_ctl failed: Bad file descriptor (9)
E0625 16:48:11.575546   53451 ev_epoll1_linux.cc:309] epoll_ctl failed: Bad file descriptor (9)
[92mINFO [0m:      Sent reply
[92mINFO [0m:      
[92mINFO [0m:      Received: train message 42a7e2d2-559b-4824-8ce5-4575eb5935ca
I0625 16:49:05.980573   24294 fork_posix.cc:71] Other threads are currently calling into gRPC, skipping fork() handlers
I0625 16:49:06.021172   53593 fork_posix.cc:71] Other threads are currently calling into gRPC, skipping fork() handlers
E0625 16:49:06.063120   53648 ev_epoll1_linux.cc:309] epoll_ctl failed: Bad file descriptor (9)
E0625 16:49:06.063222   53648 completion_queue.cc:800] Kick failed: UNKNOWN:eventfd_write: Bad file descriptor (9)
I0625 16:49:06.080182   24294 fork_posix.cc:71] Other threads are currently calling into gRPC, skipping fork() handlers
I0625 16:49:07.132088   53593 fork_posix.cc:71] Other threads are currently calling into gRPC, skipping fork() handlers
I0625 16:49:08.240983   53593 fork_posix.cc:71] Other threads are currently calling into gRPC, skipping fork() handlers
E0625 16:49:08.281040   53796 completion_queue.cc:800] Kick failed: UNKNOWN:eventfd_write: Bad file descriptor (9)
I0625 16:49:09.352544   53593 fork_posix.cc:71] Other threads are currently calling into gRPC, skipping fork() handlers
I0625 16:49:10.462079   53593 fork_posix.cc:71] Other threads are currently calling into gRPC, skipping fork() handlers
E0625 16:49:10.502619   53871 completion_queue.cc:800] Kick failed: UNKNOWN:eventfd_write: Bad file descriptor (9)
I0625 16:49:11.571397   53593 fork_posix.cc:71] Other threads are currently calling into gRPC, skipping fork() handlers
I0625 16:49:12.690134   53593 fork_posix.cc:71] Other threads are currently calling into gRPC, skipping fork() handlers
E0625 16:49:12.753118   53950 completion_queue.cc:800] Kick failed: UNKNOWN:eventfd_write: Bad file descriptor (9)
I0625 16:49:13.830491   53593 fork_posix.cc:71] Other threads are currently calling into gRPC, skipping fork() handlers
I0625 16:49:14.972738   53593 fork_posix.cc:71] Other threads are currently calling into gRPC, skipping fork() handlers
I0625 16:49:16.785540   53593 fork_posix.cc:71] Other threads are currently calling into gRPC, skipping fork() handlers
E0625 16:49:16.828431   54065 ev_epoll1_linux.cc:309] epoll_ctl failed: Bad file descriptor (9)
E0625 16:49:16.828504   54065 ev_epoll1_linux.cc:309] epoll_ctl failed: Bad file descriptor (9)
I0625 16:49:17.904678   53593 fork_posix.cc:71] Other threads are currently calling into gRPC, skipping fork() handlers
E0625 16:49:17.945336   54102 completion_queue.cc:800] Kick failed: UNKNOWN:eventfd_write: Bad file descriptor (9)
I0625 16:49:19.015080   53593 fork_posix.cc:71] Other threads are currently calling into gRPC, skipping fork() handlers
I0625 16:49:20.151285   53593 fork_posix.cc:71] Other threads are currently calling into gRPC, skipping fork() handlers
E0625 16:49:20.191309   54178 completion_queue.cc:800] Kick failed: UNKNOWN:eventfd_write: Bad file descriptor (9)
I0625 16:49:21.805706   53593 fork_posix.cc:71] Other threads are currently calling into gRPC, skipping fork() handlers
I0625 16:49:22.931796   53593 fork_posix.cc:71] Other threads are currently calling into gRPC, skipping fork() handlers
E0625 16:49:22.972046   54254 completion_queue.cc:800] Kick failed: UNKNOWN:eventfd_write: Bad file descriptor (9)
I0625 16:49:24.462152   53593 fork_posix.cc:71] Other threads are currently calling into gRPC, skipping fork() handlers
I0625 16:49:25.834707   53593 fork_posix.cc:71] Other threads are currently calling into gRPC, skipping fork() handlers
I0625 16:49:27.521509   53593 fork_posix.cc:71] Other threads are currently calling into gRPC, skipping fork() handlers
E0625 16:49:27.561690   54370 completion_queue.cc:800] Kick failed: UNKNOWN:eventfd_write: Bad file descriptor (9)
E0625 16:49:27.563559   54370 ev_epoll1_linux.cc:309] epoll_ctl failed: Bad file descriptor (9)
E0625 16:49:27.563584   54370 ev_epoll1_linux.cc:309] epoll_ctl failed: Bad file descriptor (9)
I0625 16:49:28.645711   53593 fork_posix.cc:71] Other threads are currently calling into gRPC, skipping fork() handlers
I0625 16:49:29.757042   53593 fork_posix.cc:71] Other threads are currently calling into gRPC, skipping fork() handlers
I0625 16:49:30.898220   53593 fork_posix.cc:71] Other threads are currently calling into gRPC, skipping fork() handlers
I0625 16:49:32.327011   53593 fork_posix.cc:71] Other threads are currently calling into gRPC, skipping fork() handlers
I0625 16:49:33.458732   53593 fork_posix.cc:71] Other threads are currently calling into gRPC, skipping fork() handlers
E0625 16:49:33.498482   54559 completion_queue.cc:800] Kick failed: UNKNOWN:eventfd_write: Bad file descriptor (9)
I0625 16:49:34.568398   53593 fork_posix.cc:71] Other threads are currently calling into gRPC, skipping fork() handlers
I0625 16:49:35.701692   53593 fork_posix.cc:71] Other threads are currently calling into gRPC, skipping fork() handlers
E0625 16:49:35.772507   54633 completion_queue.cc:800] Kick failed: UNKNOWN:eventfd_write: Bad file descriptor (9)
I0625 16:49:36.843984   53593 fork_posix.cc:71] Other threads are currently calling into gRPC, skipping fork() handlers
I0625 16:49:37.976529   53593 fork_posix.cc:71] Other threads are currently calling into gRPC, skipping fork() handlers
E0625 16:49:38.040093   54712 completion_queue.cc:800] Kick failed: UNKNOWN:eventfd_write: Bad file descriptor (9)
E0625 16:49:38.041944   54712 ev_epoll1_linux.cc:309] epoll_ctl failed: Bad file descriptor (9)
E0625 16:49:38.041971   54712 ev_epoll1_linux.cc:309] epoll_ctl failed: Bad file descriptor (9)
I0625 16:49:39.113878   53593 fork_posix.cc:71] Other threads are currently calling into gRPC, skipping fork() handlers
I0625 16:49:40.496801   53593 fork_posix.cc:71] Other threads are currently calling into gRPC, skipping fork() handlers
I0625 16:49:42.141620   53593 fork_posix.cc:71] Other threads are currently calling into gRPC, skipping fork() handlers
I0625 16:49:43.286801   53593 fork_posix.cc:71] Other threads are currently calling into gRPC, skipping fork() handlers
I0625 16:49:44.402448   53593 fork_posix.cc:71] Other threads are currently calling into gRPC, skipping fork() handlers
E0625 16:49:44.442992   54904 completion_queue.cc:800] Kick failed: UNKNOWN:eventfd_write: Bad file descriptor (9)
I0625 16:49:45.519439   53593 fork_posix.cc:71] Other threads are currently calling into gRPC, skipping fork() handlers
I0625 16:49:46.640558   53593 fork_posix.cc:71] Other threads are currently calling into gRPC, skipping fork() handlers
I0625 16:49:47.758077   53593 fork_posix.cc:71] Other threads are currently calling into gRPC, skipping fork() handlers
E0625 16:49:47.798469   55017 completion_queue.cc:800] Kick failed: UNKNOWN:eventfd_write: Bad file descriptor (9)
I0625 16:49:48.868549   53593 fork_posix.cc:71] Other threads are currently calling into gRPC, skipping fork() handlers
E0625 16:49:48.908985   55039 completion_queue.cc:800] Kick failed: UNKNOWN:eventfd_write: Bad file descriptor (9)
E0625 16:49:48.910871   55039 ev_epoll1_linux.cc:309] epoll_ctl failed: Bad file descriptor (9)
I0625 16:49:49.982832   53593 fork_posix.cc:71] Other threads are currently calling into gRPC, skipping fork() handlers
E0625 16:49:50.022873   55093 completion_queue.cc:800] Kick failed: UNKNOWN:eventfd_write: Bad file descriptor (9)
I0625 16:49:51.097292   53593 fork_posix.cc:71] Other threads are currently calling into gRPC, skipping fork() handlers
E0625 16:49:51.137788   55132 completion_queue.cc:800] Kick failed: UNKNOWN:eventfd_write: Bad file descriptor (9)
I0625 16:49:52.216394   53593 fork_posix.cc:71] Other threads are currently calling into gRPC, skipping fork() handlers
E0625 16:49:52.256812   55169 completion_queue.cc:800] Kick failed: UNKNOWN:eventfd_write: Bad file descriptor (9)
I0625 16:49:53.644623   53593 fork_posix.cc:71] Other threads are currently calling into gRPC, skipping fork() handlers
E0625 16:49:53.684607   55207 completion_queue.cc:800] Kick failed: UNKNOWN:eventfd_write: Bad file descriptor (9)
I0625 16:49:54.759314   53593 fork_posix.cc:71] Other threads are currently calling into gRPC, skipping fork() handlers
I0625 16:49:55.977650   53593 fork_posix.cc:71] Other threads are currently calling into gRPC, skipping fork() handlers
E0625 16:49:56.039972   55284 completion_queue.cc:800] Kick failed: UNKNOWN:eventfd_write: Bad file descriptor (9)
I0625 16:49:57.115081   53593 fork_posix.cc:71] Other threads are currently calling into gRPC, skipping fork() handlers
E0625 16:49:57.182091   55319 completion_queue.cc:800] Kick failed: UNKNOWN:eventfd_write: Bad file descriptor (9)
I0625 16:49:58.255314   53593 fork_posix.cc:71] Other threads are currently calling into gRPC, skipping fork() handlers
E0625 16:49:58.317751   55344 completion_queue.cc:800] Kick failed: UNKNOWN:eventfd_write: Bad file descriptor (9)
I0625 16:49:59.385293   53593 fork_posix.cc:71] Other threads are currently calling into gRPC, skipping fork() handlers
E0625 16:49:59.444994   55400 completion_queue.cc:800] Kick failed: UNKNOWN:eventfd_write: Bad file descriptor (9)
E0625 16:49:59.446856   55400 ev_epoll1_linux.cc:309] epoll_ctl failed: Bad file descriptor (9)
E0625 16:49:59.446881   55400 ev_epoll1_linux.cc:309] epoll_ctl failed: Bad file descriptor (9)
I0625 16:50:00.762434   53593 fork_posix.cc:71] Other threads are currently calling into gRPC, skipping fork() handlers
E0625 16:50:00.801938   55430 completion_queue.cc:800] Kick failed: UNKNOWN:eventfd_write: Bad file descriptor (9)
I0625 16:50:01.882069   53593 fork_posix.cc:71] Other threads are currently calling into gRPC, skipping fork() handlers
I0625 16:50:03.021546   53593 fork_posix.cc:71] Other threads are currently calling into gRPC, skipping fork() handlers
E0625 16:50:03.083492   55518 completion_queue.cc:800] Kick failed: UNKNOWN:eventfd_write: Bad file descriptor (9)
I0625 16:50:04.153818   53593 fork_posix.cc:71] Other threads are currently calling into gRPC, skipping fork() handlers
E0625 16:50:04.205676   55537 completion_queue.cc:800] Kick failed: UNKNOWN:eventfd_write: Bad file descriptor (9)
I0625 16:50:05.468794   53593 fork_posix.cc:71] Other threads are currently calling into gRPC, skipping fork() handlers
E0625 16:50:05.531491   55593 completion_queue.cc:800] Kick failed: UNKNOWN:eventfd_write: Bad file descriptor (9)
I0625 16:50:06.600265   53593 fork_posix.cc:71] Other threads are currently calling into gRPC, skipping fork() handlers
E0625 16:50:06.668477   55630 completion_queue.cc:800] Kick failed: UNKNOWN:eventfd_write: Bad file descriptor (9)
I0625 16:50:07.744438   53593 fork_posix.cc:71] Other threads are currently calling into gRPC, skipping fork() handlers
I0625 16:50:08.874621   53593 fork_posix.cc:71] Other threads are currently calling into gRPC, skipping fork() handlers
E0625 16:50:08.936904   55706 completion_queue.cc:800] Kick failed: UNKNOWN:eventfd_write: Bad file descriptor (9)
I0625 16:50:10.010972   53593 fork_posix.cc:71] Other threads are currently calling into gRPC, skipping fork() handlers
E0625 16:50:10.076652   55746 ev_epoll1_linux.cc:309] epoll_ctl failed: Bad file descriptor (9)
E0625 16:50:10.076715   55746 ev_epoll1_linux.cc:309] epoll_ctl failed: Bad file descriptor (9)
I0625 16:50:11.172661   53593 fork_posix.cc:71] Other threads are currently calling into gRPC, skipping fork() handlers
I0625 16:50:12.315777   53593 fork_posix.cc:71] Other threads are currently calling into gRPC, skipping fork() handlers
E0625 16:50:12.378296   55806 completion_queue.cc:800] Kick failed: UNKNOWN:eventfd_write: Bad file descriptor (9)
I0625 16:50:13.985873   53593 fork_posix.cc:71] Other threads are currently calling into gRPC, skipping fork() handlers
I0625 16:50:15.110109   53593 fork_posix.cc:71] Other threads are currently calling into gRPC, skipping fork() handlers
E0625 16:50:15.149912   55899 completion_queue.cc:800] Kick failed: UNKNOWN:eventfd_write: Bad file descriptor (9)
I0625 16:50:16.218615   53593 fork_posix.cc:71] Other threads are currently calling into gRPC, skipping fork() handlers
I0625 16:50:17.328094   53593 fork_posix.cc:71] Other threads are currently calling into gRPC, skipping fork() handlers
E0625 16:50:17.367585   55975 completion_queue.cc:800] Kick failed: UNKNOWN:eventfd_write: Bad file descriptor (9)
I0625 16:50:18.436940   53593 fork_posix.cc:71] Other threads are currently calling into gRPC, skipping fork() handlers
I0625 16:50:19.567130   53593 fork_posix.cc:71] Other threads are currently calling into gRPC, skipping fork() handlers
E0625 16:50:19.606706   56034 completion_queue.cc:800] Kick failed: UNKNOWN:eventfd_write: Bad file descriptor (9)
I0625 16:50:20.694644   53593 fork_posix.cc:71] Other threads are currently calling into gRPC, skipping fork() handlers
E0625 16:50:20.735534   56095 ev_epoll1_linux.cc:309] epoll_ctl failed: Bad file descriptor (9)
I0625 16:50:21.809937   53593 fork_posix.cc:71] Other threads are currently calling into gRPC, skipping fork() handlers
E0625 16:50:21.849475   56127 completion_queue.cc:800] Kick failed: UNKNOWN:eventfd_write: Bad file descriptor (9)
I0625 16:50:22.928721   53593 fork_posix.cc:71] Other threads are currently calling into gRPC, skipping fork() handlers
I0625 16:50:24.037455   53593 fork_posix.cc:71] Other threads are currently calling into gRPC, skipping fork() handlers
E0625 16:50:24.098158   56185 completion_queue.cc:800] Kick failed: UNKNOWN:eventfd_write: Bad file descriptor (9)
I0625 16:50:25.168807   53593 fork_posix.cc:71] Other threads are currently calling into gRPC, skipping fork() handlers
I0625 16:50:26.308074   53593 fork_posix.cc:71] Other threads are currently calling into gRPC, skipping fork() handlers
I0625 16:50:27.420242   53593 fork_posix.cc:71] Other threads are currently calling into gRPC, skipping fork() handlers
I0625 16:50:28.527247   53593 fork_posix.cc:71] Other threads are currently calling into gRPC, skipping fork() handlers
I0625 16:50:29.667890   53593 fork_posix.cc:71] Other threads are currently calling into gRPC, skipping fork() handlers
I0625 16:50:30.784322   53593 fork_posix.cc:71] Other threads are currently calling into gRPC, skipping fork() handlers
E0625 16:50:30.826761   56435 ev_epoll1_linux.cc:309] epoll_ctl failed: Bad file descriptor (9)
E0625 16:50:30.826840   56435 ev_epoll1_linux.cc:309] epoll_ctl failed: Bad file descriptor (9)
E0625 16:50:30.826907   56435 completion_queue.cc:800] Kick failed: UNKNOWN:eventfd_write: Bad file descriptor (9)
I0625 16:50:31.897600   53593 fork_posix.cc:71] Other threads are currently calling into gRPC, skipping fork() handlers
I0625 16:50:33.028564   53593 fork_posix.cc:71] Other threads are currently calling into gRPC, skipping fork() handlers
E0625 16:50:33.088595   56511 completion_queue.cc:800] Kick failed: UNKNOWN:eventfd_write: Bad file descriptor (9)
I0625 16:50:34.157009   53593 fork_posix.cc:71] Other threads are currently calling into gRPC, skipping fork() handlers
I0625 16:50:35.267064   53593 fork_posix.cc:71] Other threads are currently calling into gRPC, skipping fork() handlers
E0625 16:50:35.306407   56571 completion_queue.cc:800] Kick failed: UNKNOWN:eventfd_write: Bad file descriptor (9)
I0625 16:50:36.375848   53593 fork_posix.cc:71] Other threads are currently calling into gRPC, skipping fork() handlers
I0625 16:50:37.490718   53593 fork_posix.cc:71] Other threads are currently calling into gRPC, skipping fork() handlers
E0625 16:50:37.530577   56664 completion_queue.cc:800] Kick failed: UNKNOWN:eventfd_write: Bad file descriptor (9)
I0625 16:50:38.601480   53593 fork_posix.cc:71] Other threads are currently calling into gRPC, skipping fork() handlers
I0625 16:50:39.709334   53593 fork_posix.cc:71] Other threads are currently calling into gRPC, skipping fork() handlers
E0625 16:50:39.748623   56742 completion_queue.cc:800] Kick failed: UNKNOWN:eventfd_write: Bad file descriptor (9)
I0625 16:50:41.235109   53593 fork_posix.cc:71] Other threads are currently calling into gRPC, skipping fork() handlers
E0625 16:50:41.276057   56786 ev_epoll1_linux.cc:309] epoll_ctl failed: Bad file descriptor (9)
E0625 16:50:41.276119   56786 ev_epoll1_linux.cc:309] epoll_ctl failed: Bad file descriptor (9)
I0625 16:50:42.348121   53593 fork_posix.cc:71] Other threads are currently calling into gRPC, skipping fork() handlers
E0625 16:50:42.387734   56818 completion_queue.cc:800] Kick failed: UNKNOWN:eventfd_write: Bad file descriptor (9)
I0625 16:50:43.460970   53593 fork_posix.cc:71] Other threads are currently calling into gRPC, skipping fork() handlers
I0625 16:50:44.568161   53593 fork_posix.cc:71] Other threads are currently calling into gRPC, skipping fork() handlers
E0625 16:50:44.607395   56894 completion_queue.cc:800] Kick failed: UNKNOWN:eventfd_write: Bad file descriptor (9)
I0625 16:50:46.217095   53593 fork_posix.cc:71] Other threads are currently calling into gRPC, skipping fork() handlers
E0625 16:50:46.256056   56927 completion_queue.cc:800] Kick failed: UNKNOWN:eventfd_write: Bad file descriptor (9)
I0625 16:50:47.325195   53593 fork_posix.cc:71] Other threads are currently calling into gRPC, skipping fork() handlers
E0625 16:50:47.364826   56970 completion_queue.cc:800] Kick failed: UNKNOWN:eventfd_write: Bad file descriptor (9)
I0625 16:50:48.439857   53593 fork_posix.cc:71] Other threads are currently calling into gRPC, skipping fork() handlers
E0625 16:50:48.479389   57008 completion_queue.cc:800] Kick failed: UNKNOWN:eventfd_write: Bad file descriptor (9)
I0625 16:50:49.547139   53593 fork_posix.cc:71] Other threads are currently calling into gRPC, skipping fork() handlers
E0625 16:50:49.586689   57046 completion_queue.cc:800] Kick failed: UNKNOWN:eventfd_write: Bad file descriptor (9)
I0625 16:50:50.661471   53593 fork_posix.cc:71] Other threads are currently calling into gRPC, skipping fork() handlers
E0625 16:50:50.700179   57084 completion_queue.cc:800] Kick failed: UNKNOWN:eventfd_write: Bad file descriptor (9)
I0625 16:50:51.768706   53593 fork_posix.cc:71] Other threads are currently calling into gRPC, skipping fork() handlers
E0625 16:50:51.807962   57122 completion_queue.cc:800] Kick failed: UNKNOWN:eventfd_write: Bad file descriptor (9)
E0625 16:50:51.809893   57122 ev_epoll1_linux.cc:309] epoll_ctl failed: Bad file descriptor (9)
E0625 16:50:51.809919   57122 ev_epoll1_linux.cc:309] epoll_ctl failed: Bad file descriptor (9)
I0625 16:50:52.880748   53593 fork_posix.cc:71] Other threads are currently calling into gRPC, skipping fork() handlers
E0625 16:50:52.921641   57159 completion_queue.cc:800] Kick failed: UNKNOWN:eventfd_write: Bad file descriptor (9)
I0625 16:50:54.243270   53593 fork_posix.cc:71] Other threads are currently calling into gRPC, skipping fork() handlers
E0625 16:50:54.306062   57198 completion_queue.cc:800] Kick failed: UNKNOWN:eventfd_write: Bad file descriptor (9)
I0625 16:50:55.378334   53593 fork_posix.cc:71] Other threads are currently calling into gRPC, skipping fork() handlers
I0625 16:50:56.562287   53593 fork_posix.cc:71] Other threads are currently calling into gRPC, skipping fork() handlers
I0625 16:50:57.700658   53593 fork_posix.cc:71] Other threads are currently calling into gRPC, skipping fork() handlers
I0625 16:50:58.816952   53593 fork_posix.cc:71] Other threads are currently calling into gRPC, skipping fork() handlers
I0625 16:51:00.472948   53593 fork_posix.cc:71] Other threads are currently calling into gRPC, skipping fork() handlers
E0625 16:51:00.512553   57382 completion_queue.cc:800] Kick failed: UNKNOWN:eventfd_write: Bad file descriptor (9)
I0625 16:51:01.581060   53593 fork_posix.cc:71] Other threads are currently calling into gRPC, skipping fork() handlers
I0625 16:51:02.700251   53593 fork_posix.cc:71] Other threads are currently calling into gRPC, skipping fork() handlers
E0625 16:51:02.742437   57469 ev_epoll1_linux.cc:309] epoll_ctl failed: Bad file descriptor (9)
E0625 16:51:02.742500   57469 ev_epoll1_linux.cc:309] epoll_ctl failed: Bad file descriptor (9)
I0625 16:51:03.816438   53593 fork_posix.cc:71] Other threads are currently calling into gRPC, skipping fork() handlers
I0625 16:51:04.935164   53593 fork_posix.cc:71] Other threads are currently calling into gRPC, skipping fork() handlers
I0625 16:51:06.046164   53593 fork_posix.cc:71] Other threads are currently calling into gRPC, skipping fork() handlers
I0625 16:51:07.178280   53593 fork_posix.cc:71] Other threads are currently calling into gRPC, skipping fork() handlers
I0625 16:51:08.296118   53593 fork_posix.cc:71] Other threads are currently calling into gRPC, skipping fork() handlers
E0625 16:51:08.335339   57655 completion_queue.cc:800] Kick failed: UNKNOWN:eventfd_write: Bad file descriptor (9)
I0625 16:51:09.425174   53593 fork_posix.cc:71] Other threads are currently calling into gRPC, skipping fork() handlers
E0625 16:51:09.463956   57694 completion_queue.cc:800] Kick failed: UNKNOWN:eventfd_write: Bad file descriptor (9)
I0625 16:51:10.533402   53593 fork_posix.cc:71] Other threads are currently calling into gRPC, skipping fork() handlers
E0625 16:51:10.573208   57731 completion_queue.cc:800] Kick failed: UNKNOWN:eventfd_write: Bad file descriptor (9)
I0625 16:51:11.645096   53593 fork_posix.cc:71] Other threads are currently calling into gRPC, skipping fork() handlers
E0625 16:51:11.684269   57768 completion_queue.cc:800] Kick failed: UNKNOWN:eventfd_write: Bad file descriptor (9)
I0625 16:51:12.753912   53593 fork_posix.cc:71] Other threads are currently calling into gRPC, skipping fork() handlers
E0625 16:51:12.793725   57809 completion_queue.cc:800] Kick failed: UNKNOWN:eventfd_write: Bad file descriptor (9)
E0625 16:51:12.795594   57809 ev_epoll1_linux.cc:309] epoll_ctl failed: Bad file descriptor (9)
E0625 16:51:12.795621   57809 ev_epoll1_linux.cc:309] epoll_ctl failed: Bad file descriptor (9)
I0625 16:51:13.863823   53593 fork_posix.cc:71] Other threads are currently calling into gRPC, skipping fork() handlers
E0625 16:51:13.904040   57847 completion_queue.cc:800] Kick failed: UNKNOWN:eventfd_write: Bad file descriptor (9)
I0625 16:51:14.998394   53593 fork_posix.cc:71] Other threads are currently calling into gRPC, skipping fork() handlers
E0625 16:51:15.038243   57885 completion_queue.cc:800] Kick failed: UNKNOWN:eventfd_write: Bad file descriptor (9)
I0625 16:51:16.112648   53593 fork_posix.cc:71] Other threads are currently calling into gRPC, skipping fork() handlers
I0625 16:51:17.474470   53593 fork_posix.cc:71] Other threads are currently calling into gRPC, skipping fork() handlers
E0625 16:51:17.514074   57944 completion_queue.cc:800] Kick failed: UNKNOWN:eventfd_write: Bad file descriptor (9)
I0625 16:51:18.867227   53593 fork_posix.cc:71] Other threads are currently calling into gRPC, skipping fork() handlers
I0625 16:51:19.989451   53593 fork_posix.cc:71] Other threads are currently calling into gRPC, skipping fork() handlers
I0625 16:51:21.108747   53593 fork_posix.cc:71] Other threads are currently calling into gRPC, skipping fork() handlers
I0625 16:51:22.214388   53593 fork_posix.cc:71] Other threads are currently calling into gRPC, skipping fork() handlers
E0625 16:51:22.253855   58120 completion_queue.cc:800] Kick failed: UNKNOWN:eventfd_write: Bad file descriptor (9)
I0625 16:51:23.646232   53593 fork_posix.cc:71] Other threads are currently calling into gRPC, skipping fork() handlers
E0625 16:51:23.685564   58158 completion_queue.cc:800] Kick failed: UNKNOWN:eventfd_write: Bad file descriptor (9)
E0625 16:51:23.687451   58158 ev_epoll1_linux.cc:309] epoll_ctl failed: Bad file descriptor (9)
I0625 16:51:24.777874   53593 fork_posix.cc:71] Other threads are currently calling into gRPC, skipping fork() handlers
I0625 16:51:25.889109   53593 fork_posix.cc:71] Other threads are currently calling into gRPC, skipping fork() handlers
I0625 16:51:27.016343   53593 fork_posix.cc:71] Other threads are currently calling into gRPC, skipping fork() handlers
I0625 16:51:28.128369   53593 fork_posix.cc:71] Other threads are currently calling into gRPC, skipping fork() handlers
I0625 16:51:29.235127   53593 fork_posix.cc:71] Other threads are currently calling into gRPC, skipping fork() handlers
I0625 16:51:30.346737   53593 fork_posix.cc:71] Other threads are currently calling into gRPC, skipping fork() handlers
E0625 16:51:30.386167   58403 completion_queue.cc:800] Kick failed: UNKNOWN:eventfd_write: Bad file descriptor (9)
I0625 16:51:31.473628   53593 fork_posix.cc:71] Other threads are currently calling into gRPC, skipping fork() handlers
E0625 16:51:31.513068   58441 completion_queue.cc:800] Kick failed: UNKNOWN:eventfd_write: Bad file descriptor (9)
I0625 16:51:32.607112   53593 fork_posix.cc:71] Other threads are currently calling into gRPC, skipping fork() handlers
I0625 16:51:33.715316   53593 fork_posix.cc:71] Other threads are currently calling into gRPC, skipping fork() handlers
E0625 16:51:33.754900   58518 completion_queue.cc:800] Kick failed: UNKNOWN:eventfd_write: Bad file descriptor (9)
E0625 16:51:33.756797   58518 ev_epoll1_linux.cc:309] epoll_ctl failed: Bad file descriptor (9)
E0625 16:51:33.756825   58518 ev_epoll1_linux.cc:309] epoll_ctl failed: Bad file descriptor (9)
I0625 16:51:34.853858   53593 fork_posix.cc:71] Other threads are currently calling into gRPC, skipping fork() handlers
E0625 16:51:34.896221   58557 completion_queue.cc:800] Kick failed: UNKNOWN:eventfd_write: Bad file descriptor (9)
I0625 16:51:36.385284   53593 fork_posix.cc:71] Other threads are currently calling into gRPC, skipping fork() handlers
E0625 16:51:36.424421   58595 completion_queue.cc:800] Kick failed: UNKNOWN:eventfd_write: Bad file descriptor (9)
I0625 16:51:37.495595   53593 fork_posix.cc:71] Other threads are currently calling into gRPC, skipping fork() handlers
E0625 16:51:37.535598   58626 completion_queue.cc:800] Kick failed: UNKNOWN:eventfd_write: Bad file descriptor (9)
I0625 16:51:38.603280   53593 fork_posix.cc:71] Other threads are currently calling into gRPC, skipping fork() handlers
I0625 16:51:39.744722   53593 fork_posix.cc:71] Other threads are currently calling into gRPC, skipping fork() handlers
I0625 16:51:40.852620   53593 fork_posix.cc:71] Other threads are currently calling into gRPC, skipping fork() handlers
I0625 16:51:41.962144   53593 fork_posix.cc:71] Other threads are currently calling into gRPC, skipping fork() handlers
I0625 16:51:43.316485   53593 fork_posix.cc:71] Other threads are currently calling into gRPC, skipping fork() handlers
E0625 16:51:43.355371   58826 completion_queue.cc:800] Kick failed: UNKNOWN:eventfd_write: Bad file descriptor (9)
I0625 16:51:44.422407   53593 fork_posix.cc:71] Other threads are currently calling into gRPC, skipping fork() handlers
E0625 16:51:44.463591   58862 ev_epoll1_linux.cc:309] epoll_ctl failed: Bad file descriptor (9)
E0625 16:51:44.463715   58862 completion_queue.cc:800] Kick failed: UNKNOWN:eventfd_write: Bad file descriptor (9)
I0625 16:51:45.533047   53593 fork_posix.cc:71] Other threads are currently calling into gRPC, skipping fork() handlers
I0625 16:51:46.641362   53593 fork_posix.cc:71] Other threads are currently calling into gRPC, skipping fork() handlers
E0625 16:51:46.680775   58939 completion_queue.cc:800] Kick failed: UNKNOWN:eventfd_write: Bad file descriptor (9)
I0625 16:51:47.774583   53593 fork_posix.cc:71] Other threads are currently calling into gRPC, skipping fork() handlers
E0625 16:51:47.814088   58978 completion_queue.cc:800] Kick failed: UNKNOWN:eventfd_write: Bad file descriptor (9)
I0625 16:51:48.882202   53593 fork_posix.cc:71] Other threads are currently calling into gRPC, skipping fork() handlers
E0625 16:51:48.921123   59014 completion_queue.cc:800] Kick failed: UNKNOWN:eventfd_write: Bad file descriptor (9)
I0625 16:51:49.990153   53593 fork_posix.cc:71] Other threads are currently calling into gRPC, skipping fork() handlers
E0625 16:51:50.029680   59052 completion_queue.cc:800] Kick failed: UNKNOWN:eventfd_write: Bad file descriptor (9)
I0625 16:51:51.099151   53593 fork_posix.cc:71] Other threads are currently calling into gRPC, skipping fork() handlers
E0625 16:51:51.138628   59090 completion_queue.cc:800] Kick failed: UNKNOWN:eventfd_write: Bad file descriptor (9)
I0625 16:51:52.206923   53593 fork_posix.cc:71] Other threads are currently calling into gRPC, skipping fork() handlers
E0625 16:51:52.272595   59111 completion_queue.cc:800] Kick failed: UNKNOWN:eventfd_write: Bad file descriptor (9)
I0625 16:51:53.342586   53593 fork_posix.cc:71] Other threads are currently calling into gRPC, skipping fork() handlers
E0625 16:51:53.405180   59166 completion_queue.cc:800] Kick failed: UNKNOWN:eventfd_write: Bad file descriptor (9)
I0625 16:51:54.478035   53593 fork_posix.cc:71] Other threads are currently calling into gRPC, skipping fork() handlers
E0625 16:51:54.517933   59193 completion_queue.cc:800] Kick failed: UNKNOWN:eventfd_write: Bad file descriptor (9)
E0625 16:51:54.520949   59193 ev_epoll1_linux.cc:309] epoll_ctl failed: Bad file descriptor (9)
I0625 16:51:55.588839   53593 fork_posix.cc:71] Other threads are currently calling into gRPC, skipping fork() handlers
E0625 16:51:55.627913   59242 completion_queue.cc:800] Kick failed: UNKNOWN:eventfd_write: Bad file descriptor (9)
I0625 16:51:56.698577   53593 fork_posix.cc:71] Other threads are currently calling into gRPC, skipping fork() handlers
E0625 16:51:56.737636   59280 completion_queue.cc:800] Kick failed: UNKNOWN:eventfd_write: Bad file descriptor (9)
I0625 16:51:57.805183   53593 fork_posix.cc:71] Other threads are currently calling into gRPC, skipping fork() handlers
E0625 16:51:57.844465   59318 completion_queue.cc:800] Kick failed: UNKNOWN:eventfd_write: Bad file descriptor (9)
I0625 16:51:58.920182   53593 fork_posix.cc:71] Other threads are currently calling into gRPC, skipping fork() handlers
E0625 16:51:58.959458   59355 completion_queue.cc:800] Kick failed: UNKNOWN:eventfd_write: Bad file descriptor (9)
I0625 16:52:00.028157   53593 fork_posix.cc:71] Other threads are currently calling into gRPC, skipping fork() handlers
E0625 16:52:00.067255   59393 completion_queue.cc:800] Kick failed: UNKNOWN:eventfd_write: Bad file descriptor (9)
I0625 16:52:01.136197   53593 fork_posix.cc:71] Other threads are currently calling into gRPC, skipping fork() handlers
E0625 16:52:01.176176   59431 completion_queue.cc:800] Kick failed: UNKNOWN:eventfd_write: Bad file descriptor (9)
I0625 16:52:02.266478   53593 fork_posix.cc:71] Other threads are currently calling into gRPC, skipping fork() handlers
E0625 16:52:02.306454   59465 completion_queue.cc:800] Kick failed: UNKNOWN:eventfd_write: Bad file descriptor (9)
I0625 16:52:03.376190   53593 fork_posix.cc:71] Other threads are currently calling into gRPC, skipping fork() handlers
E0625 16:52:03.415191   59510 completion_queue.cc:800] Kick failed: UNKNOWN:eventfd_write: Bad file descriptor (9)
I0625 16:52:04.483436   53593 fork_posix.cc:71] Other threads are currently calling into gRPC, skipping fork() handlers
E0625 16:52:04.522961   59546 completion_queue.cc:800] Kick failed: UNKNOWN:eventfd_write: Bad file descriptor (9)
E0625 16:52:04.524827   59546 ev_epoll1_linux.cc:309] epoll_ctl failed: Bad file descriptor (9)
I0625 16:52:05.597033   53593 fork_posix.cc:71] Other threads are currently calling into gRPC, skipping fork() handlers
E0625 16:52:05.636157   59567 completion_queue.cc:800] Kick failed: UNKNOWN:eventfd_write: Bad file descriptor (9)
I0625 16:52:06.704203   53593 fork_posix.cc:71] Other threads are currently calling into gRPC, skipping fork() handlers
E0625 16:52:06.743147   59622 completion_queue.cc:800] Kick failed: UNKNOWN:eventfd_write: Bad file descriptor (9)
I0625 16:52:07.815696   53593 fork_posix.cc:71] Other threads are currently calling into gRPC, skipping fork() handlers
E0625 16:52:07.855206   59661 completion_queue.cc:800] Kick failed: UNKNOWN:eventfd_write: Bad file descriptor (9)
I0625 16:52:08.926422   53593 fork_posix.cc:71] Other threads are currently calling into gRPC, skipping fork() handlers
E0625 16:52:08.966064   59698 completion_queue.cc:800] Kick failed: UNKNOWN:eventfd_write: Bad file descriptor (9)
I0625 16:52:10.036508   53593 fork_posix.cc:71] Other threads are currently calling into gRPC, skipping fork() handlers
E0625 16:52:10.075934   59736 completion_queue.cc:800] Kick failed: UNKNOWN:eventfd_write: Bad file descriptor (9)
I0625 16:52:11.144997   53593 fork_posix.cc:71] Other threads are currently calling into gRPC, skipping fork() handlers
E0625 16:52:11.184287   59774 completion_queue.cc:800] Kick failed: UNKNOWN:eventfd_write: Bad file descriptor (9)
I0625 16:52:12.253617   53593 fork_posix.cc:71] Other threads are currently calling into gRPC, skipping fork() handlers
E0625 16:52:12.293277   59812 completion_queue.cc:800] Kick failed: UNKNOWN:eventfd_write: Bad file descriptor (9)
I0625 16:52:13.360764   53593 fork_posix.cc:71] Other threads are currently calling into gRPC, skipping fork() handlers
E0625 16:52:13.400256   59853 completion_queue.cc:800] Kick failed: UNKNOWN:eventfd_write: Bad file descriptor (9)
I0625 16:52:14.472187   53593 fork_posix.cc:71] Other threads are currently calling into gRPC, skipping fork() handlers
E0625 16:52:14.511630   59891 completion_queue.cc:800] Kick failed: UNKNOWN:eventfd_write: Bad file descriptor (9)
I0625 16:52:15.633188   53593 fork_posix.cc:71] Other threads are currently calling into gRPC, skipping fork() handlers
E0625 16:52:15.672565   59929 completion_queue.cc:800] Kick failed: UNKNOWN:eventfd_write: Bad file descriptor (9)
E0625 16:52:15.674442   59929 ev_epoll1_linux.cc:309] epoll_ctl failed: Bad file descriptor (9)
I0625 16:52:16.744110   53593 fork_posix.cc:71] Other threads are currently calling into gRPC, skipping fork() handlers
I0625 16:52:17.854672   53593 fork_posix.cc:71] Other threads are currently calling into gRPC, skipping fork() handlers
E0625 16:52:17.894247   60005 completion_queue.cc:800] Kick failed: UNKNOWN:eventfd_write: Bad file descriptor (9)
I0625 16:52:18.963129   53593 fork_posix.cc:71] Other threads are currently calling into gRPC, skipping fork() handlers
I0625 16:52:20.073496   53593 fork_posix.cc:71] Other threads are currently calling into gRPC, skipping fork() handlers
E0625 16:52:20.113023   60080 completion_queue.cc:800] Kick failed: UNKNOWN:eventfd_write: Bad file descriptor (9)
I0625 16:52:21.181222   53593 fork_posix.cc:71] Other threads are currently calling into gRPC, skipping fork() handlers
I0625 16:52:22.290130   53593 fork_posix.cc:71] Other threads are currently calling into gRPC, skipping fork() handlers
E0625 16:52:22.328828   60156 completion_queue.cc:800] Kick failed: UNKNOWN:eventfd_write: Bad file descriptor (9)
I0625 16:52:23.430606   53593 fork_posix.cc:71] Other threads are currently calling into gRPC, skipping fork() handlers
I0625 16:52:25.074582   53593 fork_posix.cc:71] Other threads are currently calling into gRPC, skipping fork() handlers
E0625 16:52:25.113853   60237 completion_queue.cc:800] Kick failed: UNKNOWN:eventfd_write: Bad file descriptor (9)
I0625 16:52:26.188996   53593 fork_posix.cc:71] Other threads are currently calling into gRPC, skipping fork() handlers
E0625 16:52:26.230921   60274 ev_epoll1_linux.cc:309] epoll_ctl failed: Bad file descriptor (9)
E0625 16:52:26.230996   60274 ev_epoll1_linux.cc:309] epoll_ctl failed: Bad file descriptor (9)
E0625 16:52:26.231061   60274 completion_queue.cc:800] Kick failed: UNKNOWN:eventfd_write: Bad file descriptor (9)
I0625 16:52:27.301148   53593 fork_posix.cc:71] Other threads are currently calling into gRPC, skipping fork() handlers
I0625 16:52:28.411458   53593 fork_posix.cc:71] Other threads are currently calling into gRPC, skipping fork() handlers
I0625 16:52:29.520356   53593 fork_posix.cc:71] Other threads are currently calling into gRPC, skipping fork() handlers
I0625 16:52:30.652050   53593 fork_posix.cc:71] Other threads are currently calling into gRPC, skipping fork() handlers
I0625 16:52:31.787793   53593 fork_posix.cc:71] Other threads are currently calling into gRPC, skipping fork() handlers
I0625 16:52:32.953963   53593 fork_posix.cc:71] Other threads are currently calling into gRPC, skipping fork() handlers
E0625 16:52:33.017122   60496 completion_queue.cc:800] Kick failed: UNKNOWN:eventfd_write: Bad file descriptor (9)
I0625 16:52:34.110004   53593 fork_posix.cc:71] Other threads are currently calling into gRPC, skipping fork() handlers
E0625 16:52:34.149536   60543 completion_queue.cc:800] Kick failed: UNKNOWN:eventfd_write: Bad file descriptor (9)
I0625 16:52:35.218904   53593 fork_posix.cc:71] Other threads are currently calling into gRPC, skipping fork() handlers
E0625 16:52:35.277296   60589 completion_queue.cc:800] Kick failed: UNKNOWN:eventfd_write: Bad file descriptor (9)
I0625 16:52:36.348147   53593 fork_posix.cc:71] Other threads are currently calling into gRPC, skipping fork() handlers
E0625 16:52:36.387145   60626 completion_queue.cc:800] Kick failed: UNKNOWN:eventfd_write: Bad file descriptor (9)
E0625 16:52:36.389050   60629 ev_epoll1_linux.cc:309] epoll_ctl failed: Bad file descriptor (9)
E0625 16:52:36.389078   60629 ev_epoll1_linux.cc:309] epoll_ctl failed: Bad file descriptor (9)
[mutex.cc : 2443] RAW: Check w->waitp->cond == nullptr failed: Mutex::Fer while waiting on Condition
[92mINFO [0m:      Sent reply
[92mINFO [0m:      
[92mINFO [0m:      Received: evaluate message 6c174a3c-82e4-4f04-a473-2153d0cd0b8a
I0625 16:54:26.923657   24294 fork_posix.cc:71] Other threads are currently calling into gRPC, skipping fork() handlers
I0625 16:54:26.966648   60784 fork_posix.cc:71] Other threads are currently calling into gRPC, skipping fork() handlers
E0625 16:54:27.009160   60839 completion_queue.cc:800] Kick failed: UNKNOWN:eventfd_write: Bad file descriptor (9)
I0625 16:54:27.009641   24294 fork_posix.cc:71] Other threads are currently calling into gRPC, skipping fork() handlers
E0625 16:54:27.011066   60843 ev_epoll1_linux.cc:309] epoll_ctl failed: Bad file descriptor (9)
[92mINFO [0m:      Sent reply
[92mINFO [0m:      
[92mINFO [0m:      Received: train message 7d157859-ca91-481f-b192-7efd696892d8
I0625 16:55:20.109012   24294 fork_posix.cc:71] Other threads are currently calling into gRPC, skipping fork() handlers
I0625 16:55:20.147317   60982 fork_posix.cc:71] Other threads are currently calling into gRPC, skipping fork() handlers
I0625 16:55:20.186363   24294 fork_posix.cc:71] Other threads are currently calling into gRPC, skipping fork() handlers
E0625 16:55:20.187742   61036 ev_epoll1_linux.cc:309] epoll_ctl failed: Bad file descriptor (9)
E0625 16:55:20.187795   61036 ev_epoll1_linux.cc:309] epoll_ctl failed: Bad file descriptor (9)
E0625 16:55:20.187845   61036 completion_queue.cc:800] Kick failed: UNKNOWN:eventfd_write: Bad file descriptor (9)
[92mINFO [0m:      Sent reply
[92mINFO [0m:      
[92mINFO [0m:      Received: evaluate message 2052f18c-225c-46b6-8d67-05206788283c
I0625 17:01:15.199287   24294 fork_posix.cc:71] Other threads are currently calling into gRPC, skipping fork() handlers
I0625 17:01:15.243438   61567 fork_posix.cc:71] Other threads are currently calling into gRPC, skipping fork() handlers
E0625 17:01:15.286780   61625 completion_queue.cc:800] Kick failed: UNKNOWN:eventfd_write: Bad file descriptor (9)
E0625 17:01:15.288643   61625 ev_epoll1_linux.cc:309] epoll_ctl failed: Bad file descriptor (9)
I0625 17:01:15.305642   24294 fork_posix.cc:71] Other threads are currently calling into gRPC, skipping fork() handlers
[92mINFO [0m:      Sent reply
[92mINFO [0m:      
[92mINFO [0m:      Received: train message fc300bac-da67-412e-a791-9ad590824f46
I0625 17:02:08.740057   24294 fork_posix.cc:71] Other threads are currently calling into gRPC, skipping fork() handlers
I0625 17:02:08.779716   61758 fork_posix.cc:71] Other threads are currently calling into gRPC, skipping fork() handlers
I0625 17:02:08.818683   24294 fork_posix.cc:71] Other threads are currently calling into gRPC, skipping fork() handlers
E0625 17:02:08.818817   61843 completion_queue.cc:800] Kick failed: UNKNOWN:eventfd_write: Bad file descriptor (9)
E0625 17:02:08.820692   61847 ev_epoll1_linux.cc:309] epoll_ctl failed: Bad file descriptor (9)
E0625 17:02:08.820716   61847 ev_epoll1_linux.cc:309] epoll_ctl failed: Bad file descriptor (9)
[92mINFO [0m:      Sent reply
[92mINFO [0m:      
[92mINFO [0m:      Received: evaluate message 6cdf38af-d958-4cb1-85a5-27874d3014dd
I0625 17:07:44.109565   24294 fork_posix.cc:71] Other threads are currently calling into gRPC, skipping fork() handlers
I0625 17:07:44.152711   62342 fork_posix.cc:71] Other threads are currently calling into gRPC, skipping fork() handlers
E0625 17:07:44.195648   62398 completion_queue.cc:800] Kick failed: UNKNOWN:eventfd_write: Bad file descriptor (9)
I0625 17:07:44.196481   24294 fork_posix.cc:71] Other threads are currently calling into gRPC, skipping fork() handlers
E0625 17:07:44.197628   62398 ev_epoll1_linux.cc:309] epoll_ctl failed: Bad file descriptor (9)
[92mINFO [0m:      Sent reply
[92mINFO [0m:      
[92mINFO [0m:      Received: train message 348c1514-76db-4b7c-b75e-f82217578afb
I0625 17:08:45.248262   24294 fork_posix.cc:71] Other threads are currently calling into gRPC, skipping fork() handlers
I0625 17:08:45.287923   62546 fork_posix.cc:71] Other threads are currently calling into gRPC, skipping fork() handlers
E0625 17:08:45.327670   62601 completion_queue.cc:800] Kick failed: UNKNOWN:eventfd_write: Bad file descriptor (9)
E0625 17:08:45.329496   62605 ev_epoll1_linux.cc:309] epoll_ctl failed: Bad file descriptor (9)
I0625 17:08:45.347361   24294 fork_posix.cc:71] Other threads are currently calling into gRPC, skipping fork() handlers
[92mINFO [0m:      Sent reply
[92mINFO [0m:      
[92mINFO [0m:      Received: evaluate message bdd54540-4ceb-4231-bd95-ad6f50faea62
I0625 17:14:00.738598   24294 fork_posix.cc:71] Other threads are currently calling into gRPC, skipping fork() handlers
I0625 17:14:00.800257   63037 fork_posix.cc:71] Other threads are currently calling into gRPC, skipping fork() handlers
E0625 17:14:00.843189   63093 completion_queue.cc:800] Kick failed: UNKNOWN:eventfd_write: Bad file descriptor (9)
E0625 17:14:00.845039   63093 ev_epoll1_linux.cc:309] epoll_ctl failed: Bad file descriptor (9)
I0625 17:14:00.862886   24294 fork_posix.cc:71] Other threads are currently calling into gRPC, skipping fork() handlers
[92mINFO [0m:      Sent reply
[92mINFO [0m:      
[92mINFO [0m:      Received: train message 3d0e71dd-4e5b-447c-9b1f-97480dfe4af1
I0625 17:14:56.982322   24294 fork_posix.cc:71] Other threads are currently calling into gRPC, skipping fork() handlers
I0625 17:14:57.022480   63236 fork_posix.cc:71] Other threads are currently calling into gRPC, skipping fork() handlers
E0625 17:14:57.062262   63293 completion_queue.cc:800] Kick failed: UNKNOWN:eventfd_write: Bad file descriptor (9)
I0625 17:14:57.062297   24294 fork_posix.cc:71] Other threads are currently calling into gRPC, skipping fork() handlers
E0625 17:14:57.064154   63293 ev_epoll1_linux.cc:309] epoll_ctl failed: Bad file descriptor (9)
[92mINFO [0m:      Sent reply
[92mINFO [0m:      
[92mINFO [0m:      Received: evaluate message ba61cc3b-3271-4792-99d0-9cdd30502aa7
I0625 17:20:48.963205   24294 fork_posix.cc:71] Other threads are currently calling into gRPC, skipping fork() handlers
I0625 17:20:49.008763   64740 fork_posix.cc:71] Other threads are currently calling into gRPC, skipping fork() handlers
I0625 17:20:49.052584   24294 fork_posix.cc:71] Other threads are currently calling into gRPC, skipping fork() handlers
E0625 17:20:49.052853   64796 completion_queue.cc:800] Kick failed: UNKNOWN:eventfd_write: Bad file descriptor (9)
E0625 17:20:49.054669   64799 ev_epoll1_linux.cc:309] epoll_ctl failed: Bad file descriptor (9)
E0625 17:20:49.054695   64799 ev_epoll1_linux.cc:309] epoll_ctl failed: Bad file descriptor (9)
[92mINFO [0m:      Sent reply
[92mINFO [0m:      
[92mINFO [0m:      Received: train message 8f1559f7-8bbb-4471-98a0-afbe5ba6e5ea
I0625 17:21:47.379124   24294 fork_posix.cc:71] Other threads are currently calling into gRPC, skipping fork() handlers
I0625 17:21:47.420596   64975 fork_posix.cc:71] Other threads are currently calling into gRPC, skipping fork() handlers
E0625 17:21:47.463987   65030 ev_epoll1_linux.cc:309] epoll_ctl failed: Bad file descriptor (9)
E0625 17:21:47.464086   65030 completion_queue.cc:800] Kick failed: UNKNOWN:eventfd_write: Bad file descriptor (9)
I0625 17:21:47.480883   24294 fork_posix.cc:71] Other threads are currently calling into gRPC, skipping fork() handlers
I0625 17:21:48.539047   64975 fork_posix.cc:71] Other threads are currently calling into gRPC, skipping fork() handlers
I0625 17:21:49.656673   64975 fork_posix.cc:71] Other threads are currently calling into gRPC, skipping fork() handlers
E0625 17:21:49.696911   65178 completion_queue.cc:800] Kick failed: UNKNOWN:eventfd_write: Bad file descriptor (9)
I0625 17:21:50.782972   64975 fork_posix.cc:71] Other threads are currently calling into gRPC, skipping fork() handlers
I0625 17:21:51.901476   64975 fork_posix.cc:71] Other threads are currently calling into gRPC, skipping fork() handlers
E0625 17:21:51.942100   65254 completion_queue.cc:800] Kick failed: UNKNOWN:eventfd_write: Bad file descriptor (9)
I0625 17:21:53.038814   64975 fork_posix.cc:71] Other threads are currently calling into gRPC, skipping fork() handlers
I0625 17:21:54.150767   64975 fork_posix.cc:71] Other threads are currently calling into gRPC, skipping fork() handlers
I0625 17:21:55.263483   64975 fork_posix.cc:71] Other threads are currently calling into gRPC, skipping fork() handlers
I0625 17:21:56.622074   64975 fork_posix.cc:71] Other threads are currently calling into gRPC, skipping fork() handlers
I0625 17:21:57.736205   64975 fork_posix.cc:71] Other threads are currently calling into gRPC, skipping fork() handlers
E0625 17:21:57.778136   65444 ev_epoll1_linux.cc:309] epoll_ctl failed: Bad file descriptor (9)
E0625 17:21:57.778196   65444 ev_epoll1_linux.cc:309] epoll_ctl failed: Bad file descriptor (9)
I0625 17:21:58.883559   64975 fork_posix.cc:71] Other threads are currently calling into gRPC, skipping fork() handlers
E0625 17:21:58.923832   65484 completion_queue.cc:800] Kick failed: UNKNOWN:eventfd_write: Bad file descriptor (9)
I0625 17:21:59.996230   64975 fork_posix.cc:71] Other threads are currently calling into gRPC, skipping fork() handlers
I0625 17:22:01.644618   64975 fork_posix.cc:71] Other threads are currently calling into gRPC, skipping fork() handlers
I0625 17:22:02.754686   64975 fork_posix.cc:71] Other threads are currently calling into gRPC, skipping fork() handlers
E0625 17:22:02.794831     421 completion_queue.cc:800] Kick failed: UNKNOWN:eventfd_write: Bad file descriptor (9)
I0625 17:22:03.864350   64975 fork_posix.cc:71] Other threads are currently calling into gRPC, skipping fork() handlers
I0625 17:22:04.976150   64975 fork_posix.cc:71] Other threads are currently calling into gRPC, skipping fork() handlers
E0625 17:22:05.016892     504 completion_queue.cc:800] Kick failed: UNKNOWN:eventfd_write: Bad file descriptor (9)
I0625 17:22:06.412051   64975 fork_posix.cc:71] Other threads are currently calling into gRPC, skipping fork() handlers
E0625 17:22:06.452434     544 completion_queue.cc:800] Kick failed: UNKNOWN:eventfd_write: Bad file descriptor (9)
I0625 17:22:07.520257   64975 fork_posix.cc:71] Other threads are currently calling into gRPC, skipping fork() handlers
E0625 17:22:07.560691     581 completion_queue.cc:800] Kick failed: UNKNOWN:eventfd_write: Bad file descriptor (9)
I0625 17:22:08.634264   64975 fork_posix.cc:71] Other threads are currently calling into gRPC, skipping fork() handlers
E0625 17:22:08.674699     620 completion_queue.cc:800] Kick failed: UNKNOWN:eventfd_write: Bad file descriptor (9)
E0625 17:22:08.676622     625 ev_epoll1_linux.cc:309] epoll_ctl failed: Bad file descriptor (9)
E0625 17:22:08.676648     625 ev_epoll1_linux.cc:309] epoll_ctl failed: Bad file descriptor (9)
I0625 17:22:09.752370   64975 fork_posix.cc:71] Other threads are currently calling into gRPC, skipping fork() handlers
E0625 17:22:09.811843     655 completion_queue.cc:800] Kick failed: UNKNOWN:eventfd_write: Bad file descriptor (9)
I0625 17:22:10.882374   64975 fork_posix.cc:71] Other threads are currently calling into gRPC, skipping fork() handlers
E0625 17:22:10.947260     696 completion_queue.cc:800] Kick failed: UNKNOWN:eventfd_write: Bad file descriptor (9)
I0625 17:22:12.017016   64975 fork_posix.cc:71] Other threads are currently calling into gRPC, skipping fork() handlers
E0625 17:22:12.081303     735 completion_queue.cc:800] Kick failed: UNKNOWN:eventfd_write: Bad file descriptor (9)
I0625 17:22:13.154497   64975 fork_posix.cc:71] Other threads are currently calling into gRPC, skipping fork() handlers
I0625 17:22:14.270133   64975 fork_posix.cc:71] Other threads are currently calling into gRPC, skipping fork() handlers
E0625 17:22:14.334069     811 completion_queue.cc:800] Kick failed: UNKNOWN:eventfd_write: Bad file descriptor (9)
I0625 17:22:15.409934   64975 fork_posix.cc:71] Other threads are currently calling into gRPC, skipping fork() handlers
I0625 17:22:17.085774   64975 fork_posix.cc:71] Other threads are currently calling into gRPC, skipping fork() handlers
I0625 17:22:18.220110   64975 fork_posix.cc:71] Other threads are currently calling into gRPC, skipping fork() handlers
I0625 17:22:19.352572   64975 fork_posix.cc:71] Other threads are currently calling into gRPC, skipping fork() handlers
E0625 17:22:19.416087     965 ev_epoll1_linux.cc:309] epoll_ctl failed: Bad file descriptor (9)
I0625 17:22:20.510970   64975 fork_posix.cc:71] Other threads are currently calling into gRPC, skipping fork() handlers
E0625 17:22:20.575478    1001 completion_queue.cc:800] Kick failed: UNKNOWN:eventfd_write: Bad file descriptor (9)
I0625 17:22:21.794023   64975 fork_posix.cc:71] Other threads are currently calling into gRPC, skipping fork() handlers
E0625 17:22:21.858021    1039 completion_queue.cc:800] Kick failed: UNKNOWN:eventfd_write: Bad file descriptor (9)
I0625 17:22:22.928778   64975 fork_posix.cc:71] Other threads are currently calling into gRPC, skipping fork() handlers
E0625 17:22:22.969044    1077 completion_queue.cc:800] Kick failed: UNKNOWN:eventfd_write: Bad file descriptor (9)
I0625 17:22:24.037697   64975 fork_posix.cc:71] Other threads are currently calling into gRPC, skipping fork() handlers
E0625 17:22:24.102281    1116 completion_queue.cc:800] Kick failed: UNKNOWN:eventfd_write: Bad file descriptor (9)
I0625 17:22:25.592385   64975 fork_posix.cc:71] Other threads are currently calling into gRPC, skipping fork() handlers
E0625 17:22:25.632600    1150 completion_queue.cc:800] Kick failed: UNKNOWN:eventfd_write: Bad file descriptor (9)
I0625 17:22:26.706705   64975 fork_posix.cc:71] Other threads are currently calling into gRPC, skipping fork() handlers
E0625 17:22:26.747298    1177 completion_queue.cc:800] Kick failed: UNKNOWN:eventfd_write: Bad file descriptor (9)
I0625 17:22:27.816408   64975 fork_posix.cc:71] Other threads are currently calling into gRPC, skipping fork() handlers
I0625 17:22:28.926450   64975 fork_posix.cc:71] Other threads are currently calling into gRPC, skipping fork() handlers
E0625 17:22:28.967128    1272 completion_queue.cc:800] Kick failed: UNKNOWN:eventfd_write: Bad file descriptor (9)
I0625 17:22:30.056350   64975 fork_posix.cc:71] Other threads are currently calling into gRPC, skipping fork() handlers
E0625 17:22:30.098131    1318 ev_epoll1_linux.cc:309] epoll_ctl failed: Bad file descriptor (9)
I0625 17:22:31.170445   64975 fork_posix.cc:71] Other threads are currently calling into gRPC, skipping fork() handlers
E0625 17:22:31.210800    1355 completion_queue.cc:800] Kick failed: UNKNOWN:eventfd_write: Bad file descriptor (9)
I0625 17:22:32.301356   64975 fork_posix.cc:71] Other threads are currently calling into gRPC, skipping fork() handlers
I0625 17:22:33.425305   64975 fork_posix.cc:71] Other threads are currently calling into gRPC, skipping fork() handlers
I0625 17:22:34.534592   64975 fork_posix.cc:71] Other threads are currently calling into gRPC, skipping fork() handlers
I0625 17:22:35.643976   64975 fork_posix.cc:71] Other threads are currently calling into gRPC, skipping fork() handlers
I0625 17:22:36.755325   64975 fork_posix.cc:71] Other threads are currently calling into gRPC, skipping fork() handlers
I0625 17:22:37.867138   64975 fork_posix.cc:71] Other threads are currently calling into gRPC, skipping fork() handlers
I0625 17:22:38.982360   64975 fork_posix.cc:71] Other threads are currently calling into gRPC, skipping fork() handlers
I0625 17:22:40.103703   64975 fork_posix.cc:71] Other threads are currently calling into gRPC, skipping fork() handlers
E0625 17:22:40.146190    1660 ev_epoll1_linux.cc:309] epoll_ctl failed: Bad file descriptor (9)
E0625 17:22:40.146250    1660 ev_epoll1_linux.cc:309] epoll_ctl failed: Bad file descriptor (9)
E0625 17:22:40.146300    1660 completion_queue.cc:800] Kick failed: UNKNOWN:eventfd_write: Bad file descriptor (9)
I0625 17:22:41.222116   64975 fork_posix.cc:71] Other threads are currently calling into gRPC, skipping fork() handlers
I0625 17:22:42.330642   64975 fork_posix.cc:71] Other threads are currently calling into gRPC, skipping fork() handlers
E0625 17:22:42.371042    1737 completion_queue.cc:800] Kick failed: UNKNOWN:eventfd_write: Bad file descriptor (9)
I0625 17:22:43.442022   64975 fork_posix.cc:71] Other threads are currently calling into gRPC, skipping fork() handlers
E0625 17:22:43.482785    1757 completion_queue.cc:800] Kick failed: UNKNOWN:eventfd_write: Bad file descriptor (9)
I0625 17:22:44.829831   64975 fork_posix.cc:71] Other threads are currently calling into gRPC, skipping fork() handlers
E0625 17:22:44.870350    1814 completion_queue.cc:800] Kick failed: UNKNOWN:eventfd_write: Bad file descriptor (9)
I0625 17:22:45.946929   64975 fork_posix.cc:71] Other threads are currently calling into gRPC, skipping fork() handlers
I0625 17:22:47.059407   64975 fork_posix.cc:71] Other threads are currently calling into gRPC, skipping fork() handlers
I0625 17:22:48.891572   64975 fork_posix.cc:71] Other threads are currently calling into gRPC, skipping fork() handlers
I0625 17:22:50.007176   64975 fork_posix.cc:71] Other threads are currently calling into gRPC, skipping fork() handlers
E0625 17:22:50.047755    1948 completion_queue.cc:800] Kick failed: UNKNOWN:eventfd_write: Bad file descriptor (9)
I0625 17:22:51.120129   64975 fork_posix.cc:71] Other threads are currently calling into gRPC, skipping fork() handlers
E0625 17:22:51.160411    2005 completion_queue.cc:800] Kick failed: UNKNOWN:eventfd_write: Bad file descriptor (9)
E0625 17:22:51.162280    2005 ev_epoll1_linux.cc:309] epoll_ctl failed: Bad file descriptor (9)
I0625 17:22:52.239244   64975 fork_posix.cc:71] Other threads are currently calling into gRPC, skipping fork() handlers
E0625 17:22:52.279361    2041 completion_queue.cc:800] Kick failed: UNKNOWN:eventfd_write: Bad file descriptor (9)
I0625 17:22:53.347925   64975 fork_posix.cc:71] Other threads are currently calling into gRPC, skipping fork() handlers
E0625 17:22:53.388031    2078 completion_queue.cc:800] Kick failed: UNKNOWN:eventfd_write: Bad file descriptor (9)
I0625 17:22:54.702450   64975 fork_posix.cc:71] Other threads are currently calling into gRPC, skipping fork() handlers
E0625 17:22:54.742838    2116 completion_queue.cc:800] Kick failed: UNKNOWN:eventfd_write: Bad file descriptor (9)
I0625 17:22:56.062954   64975 fork_posix.cc:71] Other threads are currently calling into gRPC, skipping fork() handlers
I0625 17:22:57.178371   64975 fork_posix.cc:71] Other threads are currently calling into gRPC, skipping fork() handlers
E0625 17:22:57.219074    2192 completion_queue.cc:800] Kick failed: UNKNOWN:eventfd_write: Bad file descriptor (9)
I0625 17:22:58.834905   64975 fork_posix.cc:71] Other threads are currently calling into gRPC, skipping fork() handlers
I0625 17:22:59.947483   64975 fork_posix.cc:71] Other threads are currently calling into gRPC, skipping fork() handlers
E0625 17:22:59.987818    2269 completion_queue.cc:800] Kick failed: UNKNOWN:eventfd_write: Bad file descriptor (9)
I0625 17:23:01.057609   64975 fork_posix.cc:71] Other threads are currently calling into gRPC, skipping fork() handlers
I0625 17:23:02.176061   64975 fork_posix.cc:71] Other threads are currently calling into gRPC, skipping fork() handlers
E0625 17:23:02.216644    2328 completion_queue.cc:800] Kick failed: UNKNOWN:eventfd_write: Bad file descriptor (9)
E0625 17:23:02.219452    2328 ev_epoll1_linux.cc:309] epoll_ctl failed: Bad file descriptor (9)
E0625 17:23:02.219486    2328 ev_epoll1_linux.cc:309] epoll_ctl failed: Bad file descriptor (9)
I0625 17:23:03.295647   64975 fork_posix.cc:71] Other threads are currently calling into gRPC, skipping fork() handlers
I0625 17:23:04.407874   64975 fork_posix.cc:71] Other threads are currently calling into gRPC, skipping fork() handlers
E0625 17:23:04.448459    2421 completion_queue.cc:800] Kick failed: UNKNOWN:eventfd_write: Bad file descriptor (9)
I0625 17:23:05.537360   64975 fork_posix.cc:71] Other threads are currently calling into gRPC, skipping fork() handlers
I0625 17:23:06.893045   64975 fork_posix.cc:71] Other threads are currently calling into gRPC, skipping fork() handlers
I0625 17:23:08.015663   64975 fork_posix.cc:71] Other threads are currently calling into gRPC, skipping fork() handlers
E0625 17:23:08.055553    2535 completion_queue.cc:800] Kick failed: UNKNOWN:eventfd_write: Bad file descriptor (9)
I0625 17:23:09.542447   64975 fork_posix.cc:71] Other threads are currently calling into gRPC, skipping fork() handlers
I0625 17:23:10.654325   64975 fork_posix.cc:71] Other threads are currently calling into gRPC, skipping fork() handlers
E0625 17:23:10.693984    2612 completion_queue.cc:800] Kick failed: UNKNOWN:eventfd_write: Bad file descriptor (9)
I0625 17:23:11.772872   64975 fork_posix.cc:71] Other threads are currently calling into gRPC, skipping fork() handlers
I0625 17:23:12.894718   64975 fork_posix.cc:71] Other threads are currently calling into gRPC, skipping fork() handlers
E0625 17:23:12.935008    2691 completion_queue.cc:800] Kick failed: UNKNOWN:eventfd_write: Bad file descriptor (9)
E0625 17:23:12.936872    2691 ev_epoll1_linux.cc:309] epoll_ctl failed: Bad file descriptor (9)
E0625 17:23:12.936903    2691 ev_epoll1_linux.cc:309] epoll_ctl failed: Bad file descriptor (9)
I0625 17:23:14.015024   64975 fork_posix.cc:71] Other threads are currently calling into gRPC, skipping fork() handlers
I0625 17:23:15.126609   64975 fork_posix.cc:71] Other threads are currently calling into gRPC, skipping fork() handlers
E0625 17:23:15.179301    2767 completion_queue.cc:800] Kick failed: UNKNOWN:eventfd_write: Bad file descriptor (9)
I0625 17:23:16.251139   64975 fork_posix.cc:71] Other threads are currently calling into gRPC, skipping fork() handlers
I0625 17:23:17.398301   64975 fork_posix.cc:71] Other threads are currently calling into gRPC, skipping fork() handlers
I0625 17:23:18.510714   64975 fork_posix.cc:71] Other threads are currently calling into gRPC, skipping fork() handlers
I0625 17:23:19.651438   64975 fork_posix.cc:71] Other threads are currently calling into gRPC, skipping fork() handlers
I0625 17:23:20.768441   64975 fork_posix.cc:71] Other threads are currently calling into gRPC, skipping fork() handlers
I0625 17:23:21.877104   64975 fork_posix.cc:71] Other threads are currently calling into gRPC, skipping fork() handlers
E0625 17:23:21.917722    2983 completion_queue.cc:800] Kick failed: UNKNOWN:eventfd_write: Bad file descriptor (9)
I0625 17:23:22.991234   64975 fork_posix.cc:71] Other threads are currently calling into gRPC, skipping fork() handlers
E0625 17:23:23.031670    3016 completion_queue.cc:800] Kick failed: UNKNOWN:eventfd_write: Bad file descriptor (9)
E0625 17:23:23.033571    3016 ev_epoll1_linux.cc:309] epoll_ctl failed: Bad file descriptor (9)
E0625 17:23:23.033601    3016 ev_epoll1_linux.cc:309] epoll_ctl failed: Bad file descriptor (9)
I0625 17:23:24.115105   64975 fork_posix.cc:71] Other threads are currently calling into gRPC, skipping fork() handlers
E0625 17:23:24.155231    3071 completion_queue.cc:800] Kick failed: UNKNOWN:eventfd_write: Bad file descriptor (9)
I0625 17:23:25.228232   64975 fork_posix.cc:71] Other threads are currently calling into gRPC, skipping fork() handlers
E0625 17:23:25.268884    3101 completion_queue.cc:800] Kick failed: UNKNOWN:eventfd_write: Bad file descriptor (9)
I0625 17:23:26.340143   64975 fork_posix.cc:71] Other threads are currently calling into gRPC, skipping fork() handlers
E0625 17:23:26.380674    3147 completion_queue.cc:800] Kick failed: UNKNOWN:eventfd_write: Bad file descriptor (9)
I0625 17:23:27.453697   64975 fork_posix.cc:71] Other threads are currently calling into gRPC, skipping fork() handlers
E0625 17:23:27.493892    3186 completion_queue.cc:800] Kick failed: UNKNOWN:eventfd_write: Bad file descriptor (9)
I0625 17:23:28.568176   64975 fork_posix.cc:71] Other threads are currently calling into gRPC, skipping fork() handlers
E0625 17:23:28.608710    3223 completion_queue.cc:800] Kick failed: UNKNOWN:eventfd_write: Bad file descriptor (9)
I0625 17:23:29.681451   64975 fork_posix.cc:71] Other threads are currently calling into gRPC, skipping fork() handlers
E0625 17:23:29.721538    3244 completion_queue.cc:800] Kick failed: UNKNOWN:eventfd_write: Bad file descriptor (9)
I0625 17:23:31.241632   64975 fork_posix.cc:71] Other threads are currently calling into gRPC, skipping fork() handlers
E0625 17:23:31.282002    3294 completion_queue.cc:800] Kick failed: UNKNOWN:eventfd_write: Bad file descriptor (9)
I0625 17:23:32.365704   64975 fork_posix.cc:71] Other threads are currently calling into gRPC, skipping fork() handlers
I0625 17:23:33.502017   64975 fork_posix.cc:71] Other threads are currently calling into gRPC, skipping fork() handlers
E0625 17:23:33.542328    3377 completion_queue.cc:800] Kick failed: UNKNOWN:eventfd_write: Bad file descriptor (9)
E0625 17:23:33.544195    3377 ev_epoll1_linux.cc:309] epoll_ctl failed: Bad file descriptor (9)
E0625 17:23:33.544221    3377 ev_epoll1_linux.cc:309] epoll_ctl failed: Bad file descriptor (9)
I0625 17:23:34.648424   64975 fork_posix.cc:71] Other threads are currently calling into gRPC, skipping fork() handlers
E0625 17:23:34.706772    3414 completion_queue.cc:800] Kick failed: UNKNOWN:eventfd_write: Bad file descriptor (9)
I0625 17:23:35.778835   64975 fork_posix.cc:71] Other threads are currently calling into gRPC, skipping fork() handlers
E0625 17:23:35.819701    3452 completion_queue.cc:800] Kick failed: UNKNOWN:eventfd_write: Bad file descriptor (9)
I0625 17:23:36.891551   64975 fork_posix.cc:71] Other threads are currently calling into gRPC, skipping fork() handlers
E0625 17:23:36.932568    3484 completion_queue.cc:800] Kick failed: UNKNOWN:eventfd_write: Bad file descriptor (9)
I0625 17:23:38.008599   64975 fork_posix.cc:71] Other threads are currently calling into gRPC, skipping fork() handlers
E0625 17:23:38.049290    3528 completion_queue.cc:800] Kick failed: UNKNOWN:eventfd_write: Bad file descriptor (9)
I0625 17:23:39.127146   64975 fork_posix.cc:71] Other threads are currently calling into gRPC, skipping fork() handlers
E0625 17:23:39.168003    3566 completion_queue.cc:800] Kick failed: UNKNOWN:eventfd_write: Bad file descriptor (9)
I0625 17:23:40.779720   64975 fork_posix.cc:71] Other threads are currently calling into gRPC, skipping fork() handlers
E0625 17:23:40.820587    3591 completion_queue.cc:800] Kick failed: UNKNOWN:eventfd_write: Bad file descriptor (9)
I0625 17:23:41.904750   64975 fork_posix.cc:71] Other threads are currently calling into gRPC, skipping fork() handlers
E0625 17:23:41.945029    3646 completion_queue.cc:800] Kick failed: UNKNOWN:eventfd_write: Bad file descriptor (9)
I0625 17:23:43.039445   64975 fork_posix.cc:71] Other threads are currently calling into gRPC, skipping fork() handlers
I0625 17:23:44.183273   64975 fork_posix.cc:71] Other threads are currently calling into gRPC, skipping fork() handlers
E0625 17:23:44.223917    3722 completion_queue.cc:800] Kick failed: UNKNOWN:eventfd_write: Bad file descriptor (9)
E0625 17:23:44.225904    3725 ev_epoll1_linux.cc:309] epoll_ctl failed: Bad file descriptor (9)
[mutex.cc : 2443] RAW: Check w->waitp->cond == nullptr failed: Mutex::Fer while waiting on Condition
I0625 17:24:51.128618   64975 fork_posix.cc:71] Other threads are currently calling into gRPC, skipping fork() handlers
E0625 17:24:51.187557    3826 completion_queue.cc:800] Kick failed: UNKNOWN:eventfd_write: Bad file descriptor (9)
E0625 17:24:51.189522    3826 ev_epoll1_linux.cc:309] epoll_ctl failed: Bad file descriptor (9)
E0625 17:24:51.189553    3826 ev_epoll1_linux.cc:309] epoll_ctl failed: Bad file descriptor (9)
I0625 17:24:52.262258   64975 fork_posix.cc:71] Other threads are currently calling into gRPC, skipping fork() handlers
I0625 17:24:53.368804   64975 fork_posix.cc:71] Other threads are currently calling into gRPC, skipping fork() handlers
E0625 17:24:53.421187    3901 completion_queue.cc:800] Kick failed: UNKNOWN:eventfd_write: Bad file descriptor (9)
I0625 17:24:54.490847   64975 fork_posix.cc:71] Other threads are currently calling into gRPC, skipping fork() handlers
I0625 17:24:55.635205   64975 fork_posix.cc:71] Other threads are currently calling into gRPC, skipping fork() handlers
E0625 17:24:55.695764    3977 completion_queue.cc:800] Kick failed: UNKNOWN:eventfd_write: Bad file descriptor (9)
I0625 17:24:56.766679   64975 fork_posix.cc:71] Other threads are currently calling into gRPC, skipping fork() handlers
I0625 17:24:58.148567   64975 fork_posix.cc:71] Other threads are currently calling into gRPC, skipping fork() handlers
I0625 17:24:59.269518   64975 fork_posix.cc:71] Other threads are currently calling into gRPC, skipping fork() handlers
E0625 17:24:59.331094    4093 completion_queue.cc:800] Kick failed: UNKNOWN:eventfd_write: Bad file descriptor (9)
I0625 17:25:00.399330   64975 fork_posix.cc:71] Other threads are currently calling into gRPC, skipping fork() handlers
I0625 17:25:01.787091   64975 fork_posix.cc:71] Other threads are currently calling into gRPC, skipping fork() handlers
E0625 17:25:01.850158    4171 ev_epoll1_linux.cc:309] epoll_ctl failed: Bad file descriptor (9)
E0625 17:25:01.850223    4171 ev_epoll1_linux.cc:309] epoll_ctl failed: Bad file descriptor (9)
I0625 17:25:02.921857   64975 fork_posix.cc:71] Other threads are currently calling into gRPC, skipping fork() handlers
E0625 17:25:02.988115    4209 completion_queue.cc:800] Kick failed: UNKNOWN:eventfd_write: Bad file descriptor (9)
I0625 17:25:04.060800   64975 fork_posix.cc:71] Other threads are currently calling into gRPC, skipping fork() handlers
I0625 17:25:05.200308   64975 fork_posix.cc:71] Other threads are currently calling into gRPC, skipping fork() handlers
I0625 17:25:06.338153   64975 fork_posix.cc:71] Other threads are currently calling into gRPC, skipping fork() handlers
E0625 17:25:06.397496    4324 completion_queue.cc:800] Kick failed: UNKNOWN:eventfd_write: Bad file descriptor (9)
I0625 17:25:07.466704   64975 fork_posix.cc:71] Other threads are currently calling into gRPC, skipping fork() handlers
I0625 17:25:08.598138   64975 fork_posix.cc:71] Other threads are currently calling into gRPC, skipping fork() handlers
E0625 17:25:08.636825    4402 completion_queue.cc:800] Kick failed: UNKNOWN:eventfd_write: Bad file descriptor (9)
I0625 17:25:09.707794   64975 fork_posix.cc:71] Other threads are currently calling into gRPC, skipping fork() handlers
E0625 17:25:09.769615    4442 completion_queue.cc:800] Kick failed: UNKNOWN:eventfd_write: Bad file descriptor (9)
I0625 17:25:10.839442   64975 fork_posix.cc:71] Other threads are currently calling into gRPC, skipping fork() handlers
E0625 17:25:10.908302    4481 completion_queue.cc:800] Kick failed: UNKNOWN:eventfd_write: Bad file descriptor (9)
I0625 17:25:11.980283   64975 fork_posix.cc:71] Other threads are currently calling into gRPC, skipping fork() handlers
E0625 17:25:12.041575    4518 completion_queue.cc:800] Kick failed: UNKNOWN:eventfd_write: Bad file descriptor (9)
E0625 17:25:12.043471    4518 ev_epoll1_linux.cc:309] epoll_ctl failed: Bad file descriptor (9)
E0625 17:25:12.043497    4518 ev_epoll1_linux.cc:309] epoll_ctl failed: Bad file descriptor (9)
I0625 17:25:13.119139   64975 fork_posix.cc:71] Other threads are currently calling into gRPC, skipping fork() handlers
I0625 17:25:14.256689   64975 fork_posix.cc:71] Other threads are currently calling into gRPC, skipping fork() handlers
E0625 17:25:14.306297    4597 completion_queue.cc:800] Kick failed: UNKNOWN:eventfd_write: Bad file descriptor (9)
I0625 17:25:15.380551   64975 fork_posix.cc:71] Other threads are currently calling into gRPC, skipping fork() handlers
I0625 17:25:16.519093   64975 fork_posix.cc:71] Other threads are currently calling into gRPC, skipping fork() handlers
E0625 17:25:16.580892    4673 completion_queue.cc:800] Kick failed: UNKNOWN:eventfd_write: Bad file descriptor (9)
I0625 17:25:18.069591   64975 fork_posix.cc:71] Other threads are currently calling into gRPC, skipping fork() handlers
E0625 17:25:18.131393    4713 completion_queue.cc:800] Kick failed: UNKNOWN:eventfd_write: Bad file descriptor (9)
I0625 17:25:19.203182   64975 fork_posix.cc:71] Other threads are currently calling into gRPC, skipping fork() handlers
I0625 17:25:20.870501   64975 fork_posix.cc:71] Other threads are currently calling into gRPC, skipping fork() handlers
I0625 17:25:22.013580   64975 fork_posix.cc:71] Other threads are currently calling into gRPC, skipping fork() handlers
E0625 17:25:22.065641    4826 ev_epoll1_linux.cc:309] epoll_ctl failed: Bad file descriptor (9)
E0625 17:25:22.065701    4826 ev_epoll1_linux.cc:309] epoll_ctl failed: Bad file descriptor (9)
E0625 17:25:22.065753    4826 completion_queue.cc:800] Kick failed: UNKNOWN:eventfd_write: Bad file descriptor (9)
I0625 17:25:23.140043   64975 fork_posix.cc:71] Other threads are currently calling into gRPC, skipping fork() handlers
I0625 17:25:24.572930   64975 fork_posix.cc:71] Other threads are currently calling into gRPC, skipping fork() handlers
I0625 17:25:25.714408   64975 fork_posix.cc:71] Other threads are currently calling into gRPC, skipping fork() handlers
E0625 17:25:25.753122    4941 completion_queue.cc:800] Kick failed: UNKNOWN:eventfd_write: Bad file descriptor (9)
I0625 17:25:26.823300   64975 fork_posix.cc:71] Other threads are currently calling into gRPC, skipping fork() handlers
E0625 17:25:26.864771    5006 completion_queue.cc:800] Kick failed: UNKNOWN:eventfd_write: Bad file descriptor (9)
I0625 17:25:28.250935   64975 fork_posix.cc:71] Other threads are currently calling into gRPC, skipping fork() handlers
E0625 17:25:28.298183    5043 completion_queue.cc:800] Kick failed: UNKNOWN:eventfd_write: Bad file descriptor (9)
I0625 17:25:29.371283   64975 fork_posix.cc:71] Other threads are currently calling into gRPC, skipping fork() handlers
E0625 17:25:29.409699    5084 completion_queue.cc:800] Kick failed: UNKNOWN:eventfd_write: Bad file descriptor (9)
I0625 17:25:30.478788   64975 fork_posix.cc:71] Other threads are currently calling into gRPC, skipping fork() handlers
E0625 17:25:30.517212    5122 completion_queue.cc:800] Kick failed: UNKNOWN:eventfd_write: Bad file descriptor (9)
I0625 17:25:31.833723   64975 fork_posix.cc:71] Other threads are currently calling into gRPC, skipping fork() handlers
E0625 17:25:31.872381    5160 completion_queue.cc:800] Kick failed: UNKNOWN:eventfd_write: Bad file descriptor (9)
I0625 17:25:33.192305   64975 fork_posix.cc:71] Other threads are currently calling into gRPC, skipping fork() handlers
E0625 17:25:33.232954    5199 ev_epoll1_linux.cc:309] epoll_ctl failed: Bad file descriptor (9)
I0625 17:25:34.306090   64975 fork_posix.cc:71] Other threads are currently calling into gRPC, skipping fork() handlers
E0625 17:25:34.345176    5237 completion_queue.cc:800] Kick failed: UNKNOWN:eventfd_write: Bad file descriptor (9)
I0625 17:25:35.413453   64975 fork_posix.cc:71] Other threads are currently calling into gRPC, skipping fork() handlers
I0625 17:25:36.526804   64975 fork_posix.cc:71] Other threads are currently calling into gRPC, skipping fork() handlers
E0625 17:25:36.565466    5313 completion_queue.cc:800] Kick failed: UNKNOWN:eventfd_write: Bad file descriptor (9)
I0625 17:25:37.633276   64975 fork_posix.cc:71] Other threads are currently calling into gRPC, skipping fork() handlers
I0625 17:25:38.738594   64975 fork_posix.cc:71] Other threads are currently calling into gRPC, skipping fork() handlers
E0625 17:25:38.797670    5390 completion_queue.cc:800] Kick failed: UNKNOWN:eventfd_write: Bad file descriptor (9)
I0625 17:25:39.866518   64975 fork_posix.cc:71] Other threads are currently calling into gRPC, skipping fork() handlers
I0625 17:25:40.971561   64975 fork_posix.cc:71] Other threads are currently calling into gRPC, skipping fork() handlers
E0625 17:25:41.010366    5467 completion_queue.cc:800] Kick failed: UNKNOWN:eventfd_write: Bad file descriptor (9)
I0625 17:25:42.079302   64975 fork_posix.cc:71] Other threads are currently calling into gRPC, skipping fork() handlers
I0625 17:25:43.184698   64975 fork_posix.cc:71] Other threads are currently calling into gRPC, skipping fork() handlers
E0625 17:25:43.223759    5526 completion_queue.cc:800] Kick failed: UNKNOWN:eventfd_write: Bad file descriptor (9)
I0625 17:25:44.508696   64975 fork_posix.cc:71] Other threads are currently calling into gRPC, skipping fork() handlers
E0625 17:25:44.549187    5581 ev_epoll1_linux.cc:309] epoll_ctl failed: Bad file descriptor (9)
E0625 17:25:44.549247    5581 ev_epoll1_linux.cc:309] epoll_ctl failed: Bad file descriptor (9)
I0625 17:25:45.868227   64975 fork_posix.cc:71] Other threads are currently calling into gRPC, skipping fork() handlers
I0625 17:25:46.975561   64975 fork_posix.cc:71] Other threads are currently calling into gRPC, skipping fork() handlers
E0625 17:25:47.014447    5658 completion_queue.cc:800] Kick failed: UNKNOWN:eventfd_write: Bad file descriptor (9)
I0625 17:25:48.085896   64975 fork_posix.cc:71] Other threads are currently calling into gRPC, skipping fork() handlers
I0625 17:25:49.192298   64975 fork_posix.cc:71] Other threads are currently calling into gRPC, skipping fork() handlers
E0625 17:25:49.230904    5735 completion_queue.cc:800] Kick failed: UNKNOWN:eventfd_write: Bad file descriptor (9)
I0625 17:25:50.303504   64975 fork_posix.cc:71] Other threads are currently calling into gRPC, skipping fork() handlers
I0625 17:25:51.410938   64975 fork_posix.cc:71] Other threads are currently calling into gRPC, skipping fork() handlers
E0625 17:25:51.449886    5811 completion_queue.cc:800] Kick failed: UNKNOWN:eventfd_write: Bad file descriptor (9)
I0625 17:25:52.522987   64975 fork_posix.cc:71] Other threads are currently calling into gRPC, skipping fork() handlers
I0625 17:25:54.165705   64975 fork_posix.cc:71] Other threads are currently calling into gRPC, skipping fork() handlers
I0625 17:25:55.282205   64975 fork_posix.cc:71] Other threads are currently calling into gRPC, skipping fork() handlers
E0625 17:25:55.321136    5929 completion_queue.cc:800] Kick failed: UNKNOWN:eventfd_write: Bad file descriptor (9)
E0625 17:25:55.323031    5932 ev_epoll1_linux.cc:309] epoll_ctl failed: Bad file descriptor (9)
[mutex.cc : 2443] RAW: Check w->waitp->cond == nullptr failed: Mutex::Fer while waiting on Condition
[92mINFO [0m:      Sent reply
[92mINFO [0m:      
[92mINFO [0m:      Received: evaluate message efab11a7-5484-43f3-889c-c968fc37d7f2
I0625 17:27:25.730529   24294 fork_posix.cc:71] Other threads are currently calling into gRPC, skipping fork() handlers
I0625 17:27:25.792469    6083 fork_posix.cc:71] Other threads are currently calling into gRPC, skipping fork() handlers
E0625 17:27:25.834671    6141 completion_queue.cc:800] Kick failed: UNKNOWN:eventfd_write: Bad file descriptor (9)
I0625 17:27:25.835176   24294 fork_posix.cc:71] Other threads are currently calling into gRPC, skipping fork() handlers
E0625 17:27:25.836530    6141 ev_epoll1_linux.cc:309] epoll_ctl failed: Bad file descriptor (9)
[92mINFO [0m:      Sent reply
[92mINFO [0m:      
[92mINFO [0m:      Received: train message bf908164-32fd-4172-b53e-c57e6630155c
I0625 17:28:23.829614   24294 fork_posix.cc:71] Other threads are currently calling into gRPC, skipping fork() handlers
I0625 17:28:23.865750    6287 fork_posix.cc:71] Other threads are currently calling into gRPC, skipping fork() handlers
I0625 17:28:23.902025   24294 fork_posix.cc:71] Other threads are currently calling into gRPC, skipping fork() handlers
E0625 17:28:23.903373    6343 ev_epoll1_linux.cc:309] epoll_ctl failed: Bad file descriptor (9)
E0625 17:28:23.903472    6343 completion_queue.cc:800] Kick failed: UNKNOWN:eventfd_write: Bad file descriptor (9)
I0625 17:28:25.160055    6287 fork_posix.cc:71] Other threads are currently calling into gRPC, skipping fork() handlers
I0625 17:28:26.261300    6287 fork_posix.cc:71] Other threads are currently calling into gRPC, skipping fork() handlers
E0625 17:28:26.298011    6490 completion_queue.cc:800] Kick failed: UNKNOWN:eventfd_write: Bad file descriptor (9)
I0625 17:28:27.683985    6287 fork_posix.cc:71] Other threads are currently calling into gRPC, skipping fork() handlers
E0625 17:28:27.720245    6523 completion_queue.cc:800] Kick failed: UNKNOWN:eventfd_write: Bad file descriptor (9)
I0625 17:28:28.797667    6287 fork_posix.cc:71] Other threads are currently calling into gRPC, skipping fork() handlers
I0625 17:28:29.902094    6287 fork_posix.cc:71] Other threads are currently calling into gRPC, skipping fork() handlers
I0625 17:28:31.006847    6287 fork_posix.cc:71] Other threads are currently calling into gRPC, skipping fork() handlers
I0625 17:28:32.113953    6287 fork_posix.cc:71] Other threads are currently calling into gRPC, skipping fork() handlers
I0625 17:28:33.214462    6287 fork_posix.cc:71] Other threads are currently calling into gRPC, skipping fork() handlers
I0625 17:28:34.315557    6287 fork_posix.cc:71] Other threads are currently calling into gRPC, skipping fork() handlers
E0625 17:28:34.353914    6761 ev_epoll1_linux.cc:309] epoll_ctl failed: Bad file descriptor (9)
E0625 17:28:34.354026    6761 completion_queue.cc:800] Kick failed: UNKNOWN:eventfd_write: Bad file descriptor (9)
I0625 17:28:35.565027    6287 fork_posix.cc:71] Other threads are currently calling into gRPC, skipping fork() handlers
E0625 17:28:35.601718    6799 completion_queue.cc:800] Kick failed: UNKNOWN:eventfd_write: Bad file descriptor (9)
I0625 17:28:36.672179    6287 fork_posix.cc:71] Other threads are currently calling into gRPC, skipping fork() handlers
E0625 17:28:36.713186    6836 completion_queue.cc:800] Kick failed: UNKNOWN:eventfd_write: Bad file descriptor (9)
I0625 17:28:37.777994    6287 fork_posix.cc:71] Other threads are currently calling into gRPC, skipping fork() handlers
E0625 17:28:37.814741    6874 completion_queue.cc:800] Kick failed: UNKNOWN:eventfd_write: Bad file descriptor (9)
I0625 17:28:38.880138    6287 fork_posix.cc:71] Other threads are currently calling into gRPC, skipping fork() handlers
E0625 17:28:38.916609    6912 completion_queue.cc:800] Kick failed: UNKNOWN:eventfd_write: Bad file descriptor (9)
I0625 17:28:39.982030    6287 fork_posix.cc:71] Other threads are currently calling into gRPC, skipping fork() handlers
E0625 17:28:40.018821    6953 completion_queue.cc:800] Kick failed: UNKNOWN:eventfd_write: Bad file descriptor (9)
I0625 17:28:41.089264    6287 fork_posix.cc:71] Other threads are currently calling into gRPC, skipping fork() handlers
E0625 17:28:41.125787    6991 completion_queue.cc:800] Kick failed: UNKNOWN:eventfd_write: Bad file descriptor (9)
I0625 17:28:42.191054    6287 fork_posix.cc:71] Other threads are currently calling into gRPC, skipping fork() handlers
E0625 17:28:42.227557    7030 completion_queue.cc:800] Kick failed: UNKNOWN:eventfd_write: Bad file descriptor (9)
I0625 17:28:43.437621    6287 fork_posix.cc:71] Other threads are currently calling into gRPC, skipping fork() handlers
E0625 17:28:43.474367    7068 completion_queue.cc:800] Kick failed: UNKNOWN:eventfd_write: Bad file descriptor (9)
I0625 17:28:44.549061    6287 fork_posix.cc:71] Other threads are currently calling into gRPC, skipping fork() handlers
E0625 17:28:44.585351    7102 completion_queue.cc:800] Kick failed: UNKNOWN:eventfd_write: Bad file descriptor (9)
E0625 17:28:44.587239    7102 ev_epoll1_linux.cc:309] epoll_ctl failed: Bad file descriptor (9)
I0625 17:28:45.655289    6287 fork_posix.cc:71] Other threads are currently calling into gRPC, skipping fork() handlers
E0625 17:28:45.691974    7144 completion_queue.cc:800] Kick failed: UNKNOWN:eventfd_write: Bad file descriptor (9)
I0625 17:28:47.085561    6287 fork_posix.cc:71] Other threads are currently calling into gRPC, skipping fork() handlers
E0625 17:28:47.121577    7184 completion_queue.cc:800] Kick failed: UNKNOWN:eventfd_write: Bad file descriptor (9)
I0625 17:28:48.191830    6287 fork_posix.cc:71] Other threads are currently calling into gRPC, skipping fork() handlers
E0625 17:28:48.228101    7222 completion_queue.cc:800] Kick failed: UNKNOWN:eventfd_write: Bad file descriptor (9)
I0625 17:28:49.706646    6287 fork_posix.cc:71] Other threads are currently calling into gRPC, skipping fork() handlers
E0625 17:28:49.743240    7262 completion_queue.cc:800] Kick failed: UNKNOWN:eventfd_write: Bad file descriptor (9)
I0625 17:28:50.808659    6287 fork_posix.cc:71] Other threads are currently calling into gRPC, skipping fork() handlers
E0625 17:28:50.845187    7299 completion_queue.cc:800] Kick failed: UNKNOWN:eventfd_write: Bad file descriptor (9)
I0625 17:28:51.910174    6287 fork_posix.cc:71] Other threads are currently calling into gRPC, skipping fork() handlers
E0625 17:28:51.947124    7337 completion_queue.cc:800] Kick failed: UNKNOWN:eventfd_write: Bad file descriptor (9)
I0625 17:28:53.011948    6287 fork_posix.cc:71] Other threads are currently calling into gRPC, skipping fork() handlers
E0625 17:28:53.048341    7375 completion_queue.cc:800] Kick failed: UNKNOWN:eventfd_write: Bad file descriptor (9)
I0625 17:28:54.112698    6287 fork_posix.cc:71] Other threads are currently calling into gRPC, skipping fork() handlers
E0625 17:28:54.149021    7412 completion_queue.cc:800] Kick failed: UNKNOWN:eventfd_write: Bad file descriptor (9)
I0625 17:28:55.213701    6287 fork_posix.cc:71] Other threads are currently calling into gRPC, skipping fork() handlers
E0625 17:28:55.250736    7450 completion_queue.cc:800] Kick failed: UNKNOWN:eventfd_write: Bad file descriptor (9)
E0625 17:28:55.252635    7450 ev_epoll1_linux.cc:309] epoll_ctl failed: Bad file descriptor (9)
I0625 17:28:56.324471    6287 fork_posix.cc:71] Other threads are currently calling into gRPC, skipping fork() handlers
E0625 17:28:56.360876    7489 completion_queue.cc:800] Kick failed: UNKNOWN:eventfd_write: Bad file descriptor (9)
I0625 17:28:57.588276    6287 fork_posix.cc:71] Other threads are currently calling into gRPC, skipping fork() handlers
E0625 17:28:57.624281    7510 completion_queue.cc:800] Kick failed: UNKNOWN:eventfd_write: Bad file descriptor (9)
I0625 17:28:58.688950    6287 fork_posix.cc:71] Other threads are currently calling into gRPC, skipping fork() handlers
E0625 17:28:58.725622    7565 completion_queue.cc:800] Kick failed: UNKNOWN:eventfd_write: Bad file descriptor (9)
I0625 17:28:59.789705    6287 fork_posix.cc:71] Other threads are currently calling into gRPC, skipping fork() handlers
E0625 17:28:59.826003    7603 completion_queue.cc:800] Kick failed: UNKNOWN:eventfd_write: Bad file descriptor (9)
I0625 17:29:00.890072    6287 fork_posix.cc:71] Other threads are currently calling into gRPC, skipping fork() handlers
E0625 17:29:00.926461    7641 completion_queue.cc:800] Kick failed: UNKNOWN:eventfd_write: Bad file descriptor (9)
I0625 17:29:02.002543    6287 fork_posix.cc:71] Other threads are currently calling into gRPC, skipping fork() handlers
E0625 17:29:02.038934    7750 completion_queue.cc:800] Kick failed: UNKNOWN:eventfd_write: Bad file descriptor (9)
I0625 17:29:03.251227    6287 fork_posix.cc:71] Other threads are currently calling into gRPC, skipping fork() handlers
E0625 17:29:03.288157    7788 completion_queue.cc:800] Kick failed: UNKNOWN:eventfd_write: Bad file descriptor (9)
I0625 17:29:04.355497    6287 fork_posix.cc:71] Other threads are currently calling into gRPC, skipping fork() handlers
E0625 17:29:04.392006    7826 completion_queue.cc:800] Kick failed: UNKNOWN:eventfd_write: Bad file descriptor (9)
I0625 17:29:05.463377    6287 fork_posix.cc:71] Other threads are currently calling into gRPC, skipping fork() handlers
E0625 17:29:05.500306    7846 completion_queue.cc:800] Kick failed: UNKNOWN:eventfd_write: Bad file descriptor (9)
E0625 17:29:05.502204    7846 ev_epoll1_linux.cc:309] epoll_ctl failed: Bad file descriptor (9)
E0625 17:29:05.502230    7846 ev_epoll1_linux.cc:309] epoll_ctl failed: Bad file descriptor (9)
I0625 17:29:06.831568    6287 fork_posix.cc:71] Other threads are currently calling into gRPC, skipping fork() handlers
E0625 17:29:06.879108    7902 completion_queue.cc:800] Kick failed: UNKNOWN:eventfd_write: Bad file descriptor (9)
I0625 17:29:07.944183    6287 fork_posix.cc:71] Other threads are currently calling into gRPC, skipping fork() handlers
I0625 17:29:09.046388    6287 fork_posix.cc:71] Other threads are currently calling into gRPC, skipping fork() handlers
I0625 17:29:10.147805    6287 fork_posix.cc:71] Other threads are currently calling into gRPC, skipping fork() handlers
I0625 17:29:11.664535    6287 fork_posix.cc:71] Other threads are currently calling into gRPC, skipping fork() handlers
I0625 17:29:12.779167    6287 fork_posix.cc:71] Other threads are currently calling into gRPC, skipping fork() handlers
I0625 17:29:13.881259    6287 fork_posix.cc:71] Other threads are currently calling into gRPC, skipping fork() handlers
I0625 17:29:14.984429    6287 fork_posix.cc:71] Other threads are currently calling into gRPC, skipping fork() handlers
I0625 17:29:16.667190    6287 fork_posix.cc:71] Other threads are currently calling into gRPC, skipping fork() handlers
E0625 17:29:16.705338    8208 ev_epoll1_linux.cc:309] epoll_ctl failed: Bad file descriptor (9)
E0625 17:29:16.705402    8208 ev_epoll1_linux.cc:309] epoll_ctl failed: Bad file descriptor (9)
I0625 17:29:17.778561    6287 fork_posix.cc:71] Other threads are currently calling into gRPC, skipping fork() handlers
I0625 17:29:19.416270    6287 fork_posix.cc:71] Other threads are currently calling into gRPC, skipping fork() handlers
I0625 17:29:20.524017    6287 fork_posix.cc:71] Other threads are currently calling into gRPC, skipping fork() handlers
E0625 17:29:20.560273    8324 completion_queue.cc:800] Kick failed: UNKNOWN:eventfd_write: Bad file descriptor (9)
I0625 17:29:21.625702    6287 fork_posix.cc:71] Other threads are currently calling into gRPC, skipping fork() handlers
I0625 17:29:22.737748    6287 fork_posix.cc:71] Other threads are currently calling into gRPC, skipping fork() handlers
E0625 17:29:22.774215    8399 completion_queue.cc:800] Kick failed: UNKNOWN:eventfd_write: Bad file descriptor (9)
I0625 17:29:23.838841    6287 fork_posix.cc:71] Other threads are currently calling into gRPC, skipping fork() handlers
I0625 17:29:24.943160    6287 fork_posix.cc:71] Other threads are currently calling into gRPC, skipping fork() handlers
E0625 17:29:24.978957    8475 completion_queue.cc:800] Kick failed: UNKNOWN:eventfd_write: Bad file descriptor (9)
I0625 17:29:26.043165    6287 fork_posix.cc:71] Other threads are currently calling into gRPC, skipping fork() handlers
I0625 17:29:27.147766    6287 fork_posix.cc:71] Other threads are currently calling into gRPC, skipping fork() handlers
E0625 17:29:27.184401    8535 completion_queue.cc:800] Kick failed: UNKNOWN:eventfd_write: Bad file descriptor (9)
E0625 17:29:27.186360    8535 ev_epoll1_linux.cc:309] epoll_ctl failed: Bad file descriptor (9)
E0625 17:29:27.186387    8535 ev_epoll1_linux.cc:309] epoll_ctl failed: Bad file descriptor (9)
I0625 17:29:28.257962    6287 fork_posix.cc:71] Other threads are currently calling into gRPC, skipping fork() handlers
I0625 17:29:29.380411    6287 fork_posix.cc:71] Other threads are currently calling into gRPC, skipping fork() handlers
E0625 17:29:29.417087    8628 completion_queue.cc:800] Kick failed: UNKNOWN:eventfd_write: Bad file descriptor (9)
I0625 17:29:30.521207    6287 fork_posix.cc:71] Other threads are currently calling into gRPC, skipping fork() handlers
I0625 17:29:31.625276    6287 fork_posix.cc:71] Other threads are currently calling into gRPC, skipping fork() handlers
E0625 17:29:31.679542    8696 completion_queue.cc:800] Kick failed: UNKNOWN:eventfd_write: Bad file descriptor (9)
I0625 17:29:32.748481    6287 fork_posix.cc:71] Other threads are currently calling into gRPC, skipping fork() handlers
I0625 17:29:33.889081    6287 fork_posix.cc:71] Other threads are currently calling into gRPC, skipping fork() handlers
I0625 17:29:35.015708    6287 fork_posix.cc:71] Other threads are currently calling into gRPC, skipping fork() handlers
I0625 17:29:36.143939    6287 fork_posix.cc:71] Other threads are currently calling into gRPC, skipping fork() handlers
I0625 17:29:37.315578    6287 fork_posix.cc:71] Other threads are currently calling into gRPC, skipping fork() handlers
E0625 17:29:37.357016    8895 ev_epoll1_linux.cc:309] epoll_ctl failed: Bad file descriptor (9)
E0625 17:29:37.357125    8895 completion_queue.cc:800] Kick failed: UNKNOWN:eventfd_write: Bad file descriptor (9)
I0625 17:29:38.841341    6287 fork_posix.cc:71] Other threads are currently calling into gRPC, skipping fork() handlers
I0625 17:29:39.972718    6287 fork_posix.cc:71] Other threads are currently calling into gRPC, skipping fork() handlers
I0625 17:29:41.100982    6287 fork_posix.cc:71] Other threads are currently calling into gRPC, skipping fork() handlers
I0625 17:29:42.234108    6287 fork_posix.cc:71] Other threads are currently calling into gRPC, skipping fork() handlers
E0625 17:29:42.290203    9033 completion_queue.cc:800] Kick failed: UNKNOWN:eventfd_write: Bad file descriptor (9)
I0625 17:29:43.356628    6287 fork_posix.cc:71] Other threads are currently calling into gRPC, skipping fork() handlers
E0625 17:29:43.414922    9088 completion_queue.cc:800] Kick failed: UNKNOWN:eventfd_write: Bad file descriptor (9)
I0625 17:29:44.493742    6287 fork_posix.cc:71] Other threads are currently calling into gRPC, skipping fork() handlers
E0625 17:29:44.549474    9126 completion_queue.cc:800] Kick failed: UNKNOWN:eventfd_write: Bad file descriptor (9)
I0625 17:29:45.935317    6287 fork_posix.cc:71] Other threads are currently calling into gRPC, skipping fork() handlers
E0625 17:29:45.972117    9156 completion_queue.cc:800] Kick failed: UNKNOWN:eventfd_write: Bad file descriptor (9)
I0625 17:29:47.586313    6287 fork_posix.cc:71] Other threads are currently calling into gRPC, skipping fork() handlers
E0625 17:29:47.639750    9184 completion_queue.cc:800] Kick failed: UNKNOWN:eventfd_write: Bad file descriptor (9)
E0625 17:29:47.642870    9184 ev_epoll1_linux.cc:309] epoll_ctl failed: Bad file descriptor (9)
E0625 17:29:47.642903    9184 ev_epoll1_linux.cc:309] epoll_ctl failed: Bad file descriptor (9)
I0625 17:29:48.709547    6287 fork_posix.cc:71] Other threads are currently calling into gRPC, skipping fork() handlers
E0625 17:29:48.746667    9240 completion_queue.cc:800] Kick failed: UNKNOWN:eventfd_write: Bad file descriptor (9)
I0625 17:29:49.813543    6287 fork_posix.cc:71] Other threads are currently calling into gRPC, skipping fork() handlers
E0625 17:29:49.850050    9278 completion_queue.cc:800] Kick failed: UNKNOWN:eventfd_write: Bad file descriptor (9)
I0625 17:29:50.916093    6287 fork_posix.cc:71] Other threads are currently calling into gRPC, skipping fork() handlers
E0625 17:29:50.952220    9316 completion_queue.cc:800] Kick failed: UNKNOWN:eventfd_write: Bad file descriptor (9)
I0625 17:29:52.018131    6287 fork_posix.cc:71] Other threads are currently calling into gRPC, skipping fork() handlers
E0625 17:29:52.054728    9354 completion_queue.cc:800] Kick failed: UNKNOWN:eventfd_write: Bad file descriptor (9)
I0625 17:29:53.128931    6287 fork_posix.cc:71] Other threads are currently calling into gRPC, skipping fork() handlers
E0625 17:29:53.165640    9392 completion_queue.cc:800] Kick failed: UNKNOWN:eventfd_write: Bad file descriptor (9)
I0625 17:29:54.233128    6287 fork_posix.cc:71] Other threads are currently calling into gRPC, skipping fork() handlers
E0625 17:29:54.269609    9412 completion_queue.cc:800] Kick failed: UNKNOWN:eventfd_write: Bad file descriptor (9)
I0625 17:29:55.371831    6287 fork_posix.cc:71] Other threads are currently calling into gRPC, skipping fork() handlers
E0625 17:29:55.408687    9467 completion_queue.cc:800] Kick failed: UNKNOWN:eventfd_write: Bad file descriptor (9)
I0625 17:29:56.475391    6287 fork_posix.cc:71] Other threads are currently calling into gRPC, skipping fork() handlers
E0625 17:29:56.533668    9505 completion_queue.cc:800] Kick failed: UNKNOWN:eventfd_write: Bad file descriptor (9)
I0625 17:29:57.601088    6287 fork_posix.cc:71] Other threads are currently calling into gRPC, skipping fork() handlers
E0625 17:29:57.652863    9546 completion_queue.cc:800] Kick failed: UNKNOWN:eventfd_write: Bad file descriptor (9)
E0625 17:29:57.654822    9546 ev_epoll1_linux.cc:309] epoll_ctl failed: Bad file descriptor (9)
E0625 17:29:57.654849    9546 ev_epoll1_linux.cc:309] epoll_ctl failed: Bad file descriptor (9)
I0625 17:29:58.728049    6287 fork_posix.cc:71] Other threads are currently calling into gRPC, skipping fork() handlers
E0625 17:29:58.784435    9586 completion_queue.cc:800] Kick failed: UNKNOWN:eventfd_write: Bad file descriptor (9)
I0625 17:30:00.095408    6287 fork_posix.cc:71] Other threads are currently calling into gRPC, skipping fork() handlers
E0625 17:30:00.153482    9623 completion_queue.cc:800] Kick failed: UNKNOWN:eventfd_write: Bad file descriptor (9)
I0625 17:30:01.226314    6287 fork_posix.cc:71] Other threads are currently calling into gRPC, skipping fork() handlers
I0625 17:30:02.387345    6287 fork_posix.cc:71] Other threads are currently calling into gRPC, skipping fork() handlers
E0625 17:30:02.449568    9704 completion_queue.cc:800] Kick failed: UNKNOWN:eventfd_write: Bad file descriptor (9)
I0625 17:30:03.517618    6287 fork_posix.cc:71] Other threads are currently calling into gRPC, skipping fork() handlers
I0625 17:30:04.645664    6287 fork_posix.cc:71] Other threads are currently calling into gRPC, skipping fork() handlers
E0625 17:30:04.703715    9807 completion_queue.cc:800] Kick failed: UNKNOWN:eventfd_write: Bad file descriptor (9)
I0625 17:30:05.793317    6287 fork_posix.cc:71] Other threads are currently calling into gRPC, skipping fork() handlers
I0625 17:30:07.170199    6287 fork_posix.cc:71] Other threads are currently calling into gRPC, skipping fork() handlers
I0625 17:30:08.303610    6287 fork_posix.cc:71] Other threads are currently calling into gRPC, skipping fork() handlers
E0625 17:30:08.340899    9927 completion_queue.cc:800] Kick failed: UNKNOWN:eventfd_write: Bad file descriptor (9)
E0625 17:30:08.342781    9927 ev_epoll1_linux.cc:309] epoll_ctl failed: Bad file descriptor (9)
E0625 17:30:08.342810    9927 ev_epoll1_linux.cc:309] epoll_ctl failed: Bad file descriptor (9)
I0625 17:30:09.417995    6287 fork_posix.cc:71] Other threads are currently calling into gRPC, skipping fork() handlers
E0625 17:30:09.479648    9966 ev_epoll1_linux.cc:309] epoll_ctl failed: Bad file descriptor (9)
E0625 17:30:09.479725    9966 ev_epoll1_linux.cc:309] epoll_ctl failed: Bad file descriptor (9)
I0625 17:30:10.573101    6287 fork_posix.cc:71] Other threads are currently calling into gRPC, skipping fork() handlers
I0625 17:30:11.685148    6287 fork_posix.cc:71] Other threads are currently calling into gRPC, skipping fork() handlers
I0625 17:30:12.787247    6287 fork_posix.cc:71] Other threads are currently calling into gRPC, skipping fork() handlers
I0625 17:30:13.898450    6287 fork_posix.cc:71] Other threads are currently calling into gRPC, skipping fork() handlers
I0625 17:30:15.269571    6287 fork_posix.cc:71] Other threads are currently calling into gRPC, skipping fork() handlers
I0625 17:30:16.379815    6287 fork_posix.cc:71] Other threads are currently calling into gRPC, skipping fork() handlers
E0625 17:30:16.416300   10180 completion_queue.cc:800] Kick failed: UNKNOWN:eventfd_write: Bad file descriptor (9)
I0625 17:30:17.725344    6287 fork_posix.cc:71] Other threads are currently calling into gRPC, skipping fork() handlers
I0625 17:30:18.845528    6287 fork_posix.cc:71] Other threads are currently calling into gRPC, skipping fork() handlers
E0625 17:30:18.883719   10273 ev_epoll1_linux.cc:309] epoll_ctl failed: Bad file descriptor (9)
E0625 17:30:18.883783   10273 ev_epoll1_linux.cc:309] epoll_ctl failed: Bad file descriptor (9)
E0625 17:30:18.883836   10273 completion_queue.cc:800] Kick failed: UNKNOWN:eventfd_write: Bad file descriptor (9)
I0625 17:30:20.495758    6287 fork_posix.cc:71] Other threads are currently calling into gRPC, skipping fork() handlers
I0625 17:30:21.597413    6287 fork_posix.cc:71] Other threads are currently calling into gRPC, skipping fork() handlers
E0625 17:30:21.634141   10349 completion_queue.cc:800] Kick failed: UNKNOWN:eventfd_write: Bad file descriptor (9)
I0625 17:30:22.719291    6287 fork_posix.cc:71] Other threads are currently calling into gRPC, skipping fork() handlers
I0625 17:30:23.976163    6287 fork_posix.cc:71] Other threads are currently calling into gRPC, skipping fork() handlers
E0625 17:30:24.011743   10425 completion_queue.cc:800] Kick failed: UNKNOWN:eventfd_write: Bad file descriptor (9)
I0625 17:30:25.080587    6287 fork_posix.cc:71] Other threads are currently calling into gRPC, skipping fork() handlers
I0625 17:30:26.181679    6287 fork_posix.cc:71] Other threads are currently calling into gRPC, skipping fork() handlers
I0625 17:30:27.526995    6287 fork_posix.cc:71] Other threads are currently calling into gRPC, skipping fork() handlers
I0625 17:30:28.629131    6287 fork_posix.cc:71] Other threads are currently calling into gRPC, skipping fork() handlers
E0625 17:30:28.664883   10560 completion_queue.cc:800] Kick failed: UNKNOWN:eventfd_write: Bad file descriptor (9)
I0625 17:30:30.264294    6287 fork_posix.cc:71] Other threads are currently calling into gRPC, skipping fork() handlers
E0625 17:30:30.301851   10626 ev_epoll1_linux.cc:309] epoll_ctl failed: Bad file descriptor (9)
E0625 17:30:30.301911   10626 ev_epoll1_linux.cc:309] epoll_ctl failed: Bad file descriptor (9)
I0625 17:30:31.562301    6287 fork_posix.cc:71] Other threads are currently calling into gRPC, skipping fork() handlers
E0625 17:30:31.598086   10658 completion_queue.cc:800] Kick failed: UNKNOWN:eventfd_write: Bad file descriptor (9)
I0625 17:30:32.663082    6287 fork_posix.cc:71] Other threads are currently calling into gRPC, skipping fork() handlers
E0625 17:30:32.698624   10696 completion_queue.cc:800] Kick failed: UNKNOWN:eventfd_write: Bad file descriptor (9)
I0625 17:30:33.798466    6287 fork_posix.cc:71] Other threads are currently calling into gRPC, skipping fork() handlers
E0625 17:30:33.834346   10734 completion_queue.cc:800] Kick failed: UNKNOWN:eventfd_write: Bad file descriptor (9)
I0625 17:30:34.900160    6287 fork_posix.cc:71] Other threads are currently calling into gRPC, skipping fork() handlers
E0625 17:30:34.936195   10772 completion_queue.cc:800] Kick failed: UNKNOWN:eventfd_write: Bad file descriptor (9)
I0625 17:30:36.001485    6287 fork_posix.cc:71] Other threads are currently calling into gRPC, skipping fork() handlers
E0625 17:30:36.037127   10810 completion_queue.cc:800] Kick failed: UNKNOWN:eventfd_write: Bad file descriptor (9)
I0625 17:30:37.100214    6287 fork_posix.cc:71] Other threads are currently calling into gRPC, skipping fork() handlers
E0625 17:30:37.136329   10848 completion_queue.cc:800] Kick failed: UNKNOWN:eventfd_write: Bad file descriptor (9)
I0625 17:30:38.200969    6287 fork_posix.cc:71] Other threads are currently calling into gRPC, skipping fork() handlers
E0625 17:30:38.236912   10886 completion_queue.cc:800] Kick failed: UNKNOWN:eventfd_write: Bad file descriptor (9)
I0625 17:30:39.300147    6287 fork_posix.cc:71] Other threads are currently calling into gRPC, skipping fork() handlers
E0625 17:30:39.336241   10924 completion_queue.cc:800] Kick failed: UNKNOWN:eventfd_write: Bad file descriptor (9)
I0625 17:30:40.400504    6287 fork_posix.cc:71] Other threads are currently calling into gRPC, skipping fork() handlers
I0625 17:30:41.799030    6287 fork_posix.cc:71] Other threads are currently calling into gRPC, skipping fork() handlers
E0625 17:30:41.837180   11014 ev_epoll1_linux.cc:309] epoll_ctl failed: Bad file descriptor (9)
I0625 17:30:42.911236    6287 fork_posix.cc:71] Other threads are currently calling into gRPC, skipping fork() handlers
E0625 17:30:42.946871   11056 completion_queue.cc:800] Kick failed: UNKNOWN:eventfd_write: Bad file descriptor (9)
I0625 17:30:44.014348    6287 fork_posix.cc:71] Other threads are currently calling into gRPC, skipping fork() handlers
I0625 17:30:45.116270    6287 fork_posix.cc:71] Other threads are currently calling into gRPC, skipping fork() handlers
E0625 17:30:45.151986   11132 completion_queue.cc:800] Kick failed: UNKNOWN:eventfd_write: Bad file descriptor (9)
I0625 17:30:46.644627    6287 fork_posix.cc:71] Other threads are currently calling into gRPC, skipping fork() handlers
I0625 17:30:47.750370    6287 fork_posix.cc:71] Other threads are currently calling into gRPC, skipping fork() handlers
E0625 17:30:47.786215   11233 completion_queue.cc:800] Kick failed: UNKNOWN:eventfd_write: Bad file descriptor (9)
I0625 17:30:48.852631    6287 fork_posix.cc:71] Other threads are currently calling into gRPC, skipping fork() handlers
I0625 17:30:49.951534    6287 fork_posix.cc:71] Other threads are currently calling into gRPC, skipping fork() handlers
E0625 17:30:49.987245   11314 completion_queue.cc:800] Kick failed: UNKNOWN:eventfd_write: Bad file descriptor (9)
I0625 17:30:51.051962    6287 fork_posix.cc:71] Other threads are currently calling into gRPC, skipping fork() handlers
I0625 17:30:52.151832    6287 fork_posix.cc:71] Other threads are currently calling into gRPC, skipping fork() handlers
E0625 17:30:52.187725   11390 completion_queue.cc:800] Kick failed: UNKNOWN:eventfd_write: Bad file descriptor (9)
E0625 17:30:52.189618   11390 ev_epoll1_linux.cc:309] epoll_ctl failed: Bad file descriptor (9)
E0625 17:30:52.189645   11390 ev_epoll1_linux.cc:309] epoll_ctl failed: Bad file descriptor (9)
I0625 17:30:53.573454    6287 fork_posix.cc:71] Other threads are currently calling into gRPC, skipping fork() handlers
E0625 17:30:53.609515   11422 completion_queue.cc:800] Kick failed: UNKNOWN:eventfd_write: Bad file descriptor (9)
I0625 17:30:54.674122    6287 fork_posix.cc:71] Other threads are currently calling into gRPC, skipping fork() handlers
I0625 17:30:55.773339    6287 fork_posix.cc:71] Other threads are currently calling into gRPC, skipping fork() handlers
I0625 17:30:56.873660    6287 fork_posix.cc:71] Other threads are currently calling into gRPC, skipping fork() handlers
I0625 17:30:57.973984    6287 fork_posix.cc:71] Other threads are currently calling into gRPC, skipping fork() handlers
I0625 17:30:59.072317    6287 fork_posix.cc:71] Other threads are currently calling into gRPC, skipping fork() handlers
E0625 17:30:59.108151   11617 completion_queue.cc:800] Kick failed: UNKNOWN:eventfd_write: Bad file descriptor (9)
I0625 17:31:00.418143    6287 fork_posix.cc:71] Other threads are currently calling into gRPC, skipping fork() handlers
I0625 17:31:01.771833    6287 fork_posix.cc:71] Other threads are currently calling into gRPC, skipping fork() handlers
I0625 17:31:02.873435    6287 fork_posix.cc:71] Other threads are currently calling into gRPC, skipping fork() handlers
E0625 17:31:02.909037   11731 completion_queue.cc:800] Kick failed: UNKNOWN:eventfd_write: Bad file descriptor (9)
E0625 17:31:02.910951   11731 ev_epoll1_linux.cc:309] epoll_ctl failed: Bad file descriptor (9)
E0625 17:31:02.910976   11731 ev_epoll1_linux.cc:309] epoll_ctl failed: Bad file descriptor (9)
I0625 17:31:03.993996    6287 fork_posix.cc:71] Other threads are currently calling into gRPC, skipping fork() handlers
I0625 17:31:05.094137    6287 fork_posix.cc:71] Other threads are currently calling into gRPC, skipping fork() handlers
E0625 17:31:05.129722   11807 completion_queue.cc:800] Kick failed: UNKNOWN:eventfd_write: Bad file descriptor (9)
I0625 17:31:06.607376    6287 fork_posix.cc:71] Other threads are currently calling into gRPC, skipping fork() handlers
I0625 17:31:07.724082    6287 fork_posix.cc:71] Other threads are currently calling into gRPC, skipping fork() handlers
E0625 17:31:07.759788   11883 completion_queue.cc:800] Kick failed: UNKNOWN:eventfd_write: Bad file descriptor (9)
I0625 17:31:08.826533    6287 fork_posix.cc:71] Other threads are currently calling into gRPC, skipping fork() handlers
I0625 17:31:09.941959    6287 fork_posix.cc:71] Other threads are currently calling into gRPC, skipping fork() handlers
E0625 17:31:09.977883   11959 completion_queue.cc:800] Kick failed: UNKNOWN:eventfd_write: Bad file descriptor (9)
I0625 17:31:11.043629    6287 fork_posix.cc:71] Other threads are currently calling into gRPC, skipping fork() handlers
I0625 17:31:12.145241    6287 fork_posix.cc:71] Other threads are currently calling into gRPC, skipping fork() handlers
E0625 17:31:12.181044   12035 completion_queue.cc:800] Kick failed: UNKNOWN:eventfd_write: Bad file descriptor (9)
I0625 17:31:13.251320    6287 fork_posix.cc:71] Other threads are currently calling into gRPC, skipping fork() handlers
E0625 17:31:13.288509   12076 ev_epoll1_linux.cc:309] epoll_ctl failed: Bad file descriptor (9)
E0625 17:31:13.288572   12076 ev_epoll1_linux.cc:309] epoll_ctl failed: Bad file descriptor (9)
E0625 17:31:13.288635   12076 completion_queue.cc:800] Kick failed: UNKNOWN:eventfd_write: Bad file descriptor (9)
I0625 17:31:14.354850    6287 fork_posix.cc:71] Other threads are currently calling into gRPC, skipping fork() handlers
E0625 17:31:14.390649   12114 completion_queue.cc:800] Kick failed: UNKNOWN:eventfd_write: Bad file descriptor (9)
I0625 17:31:15.454355    6287 fork_posix.cc:71] Other threads are currently calling into gRPC, skipping fork() handlers
I0625 17:31:16.564081    6287 fork_posix.cc:71] Other threads are currently calling into gRPC, skipping fork() handlers
E0625 17:31:16.599605   12190 completion_queue.cc:800] Kick failed: UNKNOWN:eventfd_write: Bad file descriptor (9)
I0625 17:31:17.664527    6287 fork_posix.cc:71] Other threads are currently calling into gRPC, skipping fork() handlers
I0625 17:31:18.764207    6287 fork_posix.cc:71] Other threads are currently calling into gRPC, skipping fork() handlers
I0625 17:31:19.901873    6287 fork_posix.cc:71] Other threads are currently calling into gRPC, skipping fork() handlers
I0625 17:31:21.020069    6287 fork_posix.cc:71] Other threads are currently calling into gRPC, skipping fork() handlers
I0625 17:31:22.121159    6287 fork_posix.cc:71] Other threads are currently calling into gRPC, skipping fork() handlers
E0625 17:31:22.156486   12380 completion_queue.cc:800] Kick failed: UNKNOWN:eventfd_write: Bad file descriptor (9)
I0625 17:31:23.248186    6287 fork_posix.cc:71] Other threads are currently calling into gRPC, skipping fork() handlers
E0625 17:31:23.284116   12418 completion_queue.cc:800] Kick failed: UNKNOWN:eventfd_write: Bad file descriptor (9)
I0625 17:31:24.613009    6287 fork_posix.cc:71] Other threads are currently calling into gRPC, skipping fork() handlers
E0625 17:31:24.649135   12456 completion_queue.cc:800] Kick failed: UNKNOWN:eventfd_write: Bad file descriptor (9)
E0625 17:31:24.651055   12456 ev_epoll1_linux.cc:309] epoll_ctl failed: Bad file descriptor (9)
E0625 17:31:24.651085   12456 ev_epoll1_linux.cc:309] epoll_ctl failed: Bad file descriptor (9)
I0625 17:31:25.718483    6287 fork_posix.cc:71] Other threads are currently calling into gRPC, skipping fork() handlers
I0625 17:31:26.820874    6287 fork_posix.cc:71] Other threads are currently calling into gRPC, skipping fork() handlers
I0625 17:31:28.485334    6287 fork_posix.cc:71] Other threads are currently calling into gRPC, skipping fork() handlers
I0625 17:31:29.598695    6287 fork_posix.cc:71] Other threads are currently calling into gRPC, skipping fork() handlers
E0625 17:31:29.655146   12608 completion_queue.cc:800] Kick failed: UNKNOWN:eventfd_write: Bad file descriptor (9)
I0625 17:31:31.135230    6287 fork_posix.cc:71] Other threads are currently calling into gRPC, skipping fork() handlers
I0625 17:31:32.237935    6287 fork_posix.cc:71] Other threads are currently calling into gRPC, skipping fork() handlers
E0625 17:31:32.273588   12684 completion_queue.cc:800] Kick failed: UNKNOWN:eventfd_write: Bad file descriptor (9)
I0625 17:31:33.338405    6287 fork_posix.cc:71] Other threads are currently calling into gRPC, skipping fork() handlers
E0625 17:31:33.375311   12722 completion_queue.cc:800] Kick failed: UNKNOWN:eventfd_write: Bad file descriptor (9)
I0625 17:31:34.440306    6287 fork_posix.cc:71] Other threads are currently calling into gRPC, skipping fork() handlers
E0625 17:31:34.476092   12760 completion_queue.cc:800] Kick failed: UNKNOWN:eventfd_write: Bad file descriptor (9)
I0625 17:31:35.540719    6287 fork_posix.cc:71] Other threads are currently calling into gRPC, skipping fork() handlers
E0625 17:31:35.576515   12798 completion_queue.cc:800] Kick failed: UNKNOWN:eventfd_write: Bad file descriptor (9)
E0625 17:31:35.578370   12798 ev_epoll1_linux.cc:309] epoll_ctl failed: Bad file descriptor (9)
I0625 17:31:36.681462    6287 fork_posix.cc:71] Other threads are currently calling into gRPC, skipping fork() handlers
E0625 17:31:36.717423   12836 completion_queue.cc:800] Kick failed: UNKNOWN:eventfd_write: Bad file descriptor (9)
I0625 17:31:37.819654    6287 fork_posix.cc:71] Other threads are currently calling into gRPC, skipping fork() handlers
I0625 17:31:38.923302    6287 fork_posix.cc:71] Other threads are currently calling into gRPC, skipping fork() handlers
E0625 17:31:38.959534   12912 completion_queue.cc:800] Kick failed: UNKNOWN:eventfd_write: Bad file descriptor (9)
I0625 17:31:40.056408    6287 fork_posix.cc:71] Other threads are currently calling into gRPC, skipping fork() handlers
I0625 17:31:41.172968    6287 fork_posix.cc:71] Other threads are currently calling into gRPC, skipping fork() handlers
E0625 17:31:41.209346   12990 completion_queue.cc:800] Kick failed: UNKNOWN:eventfd_write: Bad file descriptor (9)
I0625 17:31:42.281942    6287 fork_posix.cc:71] Other threads are currently calling into gRPC, skipping fork() handlers
I0625 17:31:43.396140    6287 fork_posix.cc:71] Other threads are currently calling into gRPC, skipping fork() handlers
E0625 17:31:43.431873   13066 completion_queue.cc:800] Kick failed: UNKNOWN:eventfd_write: Bad file descriptor (9)
I0625 17:31:44.496286    6287 fork_posix.cc:71] Other threads are currently calling into gRPC, skipping fork() handlers
I0625 17:31:46.151191    6287 fork_posix.cc:71] Other threads are currently calling into gRPC, skipping fork() handlers
E0625 17:31:46.188434   13144 ev_epoll1_linux.cc:309] epoll_ctl failed: Bad file descriptor (9)
E0625 17:31:46.188500   13144 ev_epoll1_linux.cc:309] epoll_ctl failed: Bad file descriptor (9)
I0625 17:31:47.255875    6287 fork_posix.cc:71] Other threads are currently calling into gRPC, skipping fork() handlers
I0625 17:31:48.357991    6287 fork_posix.cc:71] Other threads are currently calling into gRPC, skipping fork() handlers
I0625 17:31:49.461260    6287 fork_posix.cc:71] Other threads are currently calling into gRPC, skipping fork() handlers
E0625 17:31:49.496741   13256 completion_queue.cc:800] Kick failed: UNKNOWN:eventfd_write: Bad file descriptor (9)
I0625 17:31:50.619056    6287 fork_posix.cc:71] Other threads are currently calling into gRPC, skipping fork() handlers
I0625 17:31:51.717585    6287 fork_posix.cc:71] Other threads are currently calling into gRPC, skipping fork() handlers
I0625 17:31:53.352142    6287 fork_posix.cc:71] Other threads are currently calling into gRPC, skipping fork() handlers
I0625 17:31:54.453133    6287 fork_posix.cc:71] Other threads are currently calling into gRPC, skipping fork() handlers
E0625 17:31:54.488924   13408 completion_queue.cc:800] Kick failed: UNKNOWN:eventfd_write: Bad file descriptor (9)
I0625 17:31:55.552162    6287 fork_posix.cc:71] Other threads are currently calling into gRPC, skipping fork() handlers
I0625 17:31:56.654290    6287 fork_posix.cc:71] Other threads are currently calling into gRPC, skipping fork() handlers
E0625 17:31:56.689962   13483 completion_queue.cc:800] Kick failed: UNKNOWN:eventfd_write: Bad file descriptor (9)
E0625 17:31:56.691844   13483 ev_epoll1_linux.cc:309] epoll_ctl failed: Bad file descriptor (9)
I0625 17:31:58.292528    6287 fork_posix.cc:71] Other threads are currently calling into gRPC, skipping fork() handlers
E0625 17:31:58.328428   13524 completion_queue.cc:800] Kick failed: UNKNOWN:eventfd_write: Bad file descriptor (9)
I0625 17:31:59.407454    6287 fork_posix.cc:71] Other threads are currently calling into gRPC, skipping fork() handlers
I0625 17:32:00.509896    6287 fork_posix.cc:71] Other threads are currently calling into gRPC, skipping fork() handlers
I0625 17:32:01.609766    6287 fork_posix.cc:71] Other threads are currently calling into gRPC, skipping fork() handlers
E0625 17:32:01.646292   13635 completion_queue.cc:800] Kick failed: UNKNOWN:eventfd_write: Bad file descriptor (9)
I0625 17:32:02.721410    6287 fork_posix.cc:71] Other threads are currently calling into gRPC, skipping fork() handlers
E0625 17:32:02.757361   13673 completion_queue.cc:800] Kick failed: UNKNOWN:eventfd_write: Bad file descriptor (9)
I0625 17:32:03.826458    6287 fork_posix.cc:71] Other threads are currently calling into gRPC, skipping fork() handlers
E0625 17:32:03.863256   13711 completion_queue.cc:800] Kick failed: UNKNOWN:eventfd_write: Bad file descriptor (9)
I0625 17:32:04.926626    6287 fork_posix.cc:71] Other threads are currently calling into gRPC, skipping fork() handlers
E0625 17:32:04.962176   13749 completion_queue.cc:800] Kick failed: UNKNOWN:eventfd_write: Bad file descriptor (9)
I0625 17:32:06.027292    6287 fork_posix.cc:71] Other threads are currently calling into gRPC, skipping fork() handlers
E0625 17:32:06.063264   13787 completion_queue.cc:800] Kick failed: UNKNOWN:eventfd_write: Bad file descriptor (9)
I0625 17:32:07.125754    6287 fork_posix.cc:71] Other threads are currently calling into gRPC, skipping fork() handlers
E0625 17:32:07.161282   13825 completion_queue.cc:800] Kick failed: UNKNOWN:eventfd_write: Bad file descriptor (9)
E0625 17:32:07.163194   13825 ev_epoll1_linux.cc:309] epoll_ctl failed: Bad file descriptor (9)
I0625 17:32:08.227935    6287 fork_posix.cc:71] Other threads are currently calling into gRPC, skipping fork() handlers
I0625 17:32:09.327772    6287 fork_posix.cc:71] Other threads are currently calling into gRPC, skipping fork() handlers
E0625 17:32:09.363429   13901 completion_queue.cc:800] Kick failed: UNKNOWN:eventfd_write: Bad file descriptor (9)
I0625 17:32:10.441977    6287 fork_posix.cc:71] Other threads are currently calling into gRPC, skipping fork() handlers
I0625 17:32:11.543602    6287 fork_posix.cc:71] Other threads are currently calling into gRPC, skipping fork() handlers
E0625 17:32:11.589442   13976 completion_queue.cc:800] Kick failed: UNKNOWN:eventfd_write: Bad file descriptor (9)
I0625 17:32:12.654553    6287 fork_posix.cc:71] Other threads are currently calling into gRPC, skipping fork() handlers
I0625 17:32:14.019336    6287 fork_posix.cc:71] Other threads are currently calling into gRPC, skipping fork() handlers
E0625 17:32:14.075470   14055 completion_queue.cc:800] Kick failed: UNKNOWN:eventfd_write: Bad file descriptor (9)
I0625 17:32:15.145510    6287 fork_posix.cc:71] Other threads are currently calling into gRPC, skipping fork() handlers
E0625 17:32:15.201772   14093 completion_queue.cc:800] Kick failed: UNKNOWN:eventfd_write: Bad file descriptor (9)
I0625 17:32:16.266145    6287 fork_posix.cc:71] Other threads are currently calling into gRPC, skipping fork() handlers
E0625 17:32:16.322801   14131 completion_queue.cc:800] Kick failed: UNKNOWN:eventfd_write: Bad file descriptor (9)
I0625 17:32:17.387852    6287 fork_posix.cc:71] Other threads are currently calling into gRPC, skipping fork() handlers
E0625 17:32:17.442815   14169 completion_queue.cc:800] Kick failed: UNKNOWN:eventfd_write: Bad file descriptor (9)
E0625 17:32:17.444694   14172 ev_epoll1_linux.cc:309] epoll_ctl failed: Bad file descriptor (9)
[mutex.cc : 2443] RAW: Check w->waitp->cond == nullptr failed: Mutex::Fer while waiting on Condition
[92mINFO [0m:      Sent reply
[92mINFO [0m:      
[92mINFO [0m:      Received: evaluate message c35a0d28-716d-4181-8fe0-de1a442a5b50
I0625 17:34:11.479713   24294 fork_posix.cc:71] Other threads are currently calling into gRPC, skipping fork() handlers
I0625 17:34:11.520649   14336 fork_posix.cc:71] Other threads are currently calling into gRPC, skipping fork() handlers
I0625 17:34:11.560150   24294 fork_posix.cc:71] Other threads are currently calling into gRPC, skipping fork() handlers
E0625 17:34:11.560286   14391 completion_queue.cc:800] Kick failed: UNKNOWN:eventfd_write: Bad file descriptor (9)
E0625 17:34:11.562137   14396 ev_epoll1_linux.cc:309] epoll_ctl failed: Bad file descriptor (9)
[92mINFO [0m:      Sent reply
[92mINFO [0m:      
[92mINFO [0m:      Received: train message f3eee70d-2fc6-47c8-8f13-c52037d5075f
I0625 17:35:07.105253   24294 fork_posix.cc:71] Other threads are currently calling into gRPC, skipping fork() handlers
I0625 17:35:07.160625   14537 fork_posix.cc:71] Other threads are currently calling into gRPC, skipping fork() handlers
I0625 17:35:07.196061   24294 fork_posix.cc:71] Other threads are currently calling into gRPC, skipping fork() handlers
E0625 17:35:07.198034   14595 ev_epoll1_linux.cc:309] epoll_ctl failed: Bad file descriptor (9)
E0625 17:35:07.198131   14595 completion_queue.cc:800] Kick failed: UNKNOWN:eventfd_write: Bad file descriptor (9)
[92mINFO [0m:      Sent reply
[92mINFO [0m:      
[92mINFO [0m:      Received: evaluate message 632e3ce3-1ea9-453a-a427-068c4157db68
I0625 17:40:43.677327   24294 fork_posix.cc:71] Other threads are currently calling into gRPC, skipping fork() handlers
I0625 17:40:43.739815   15061 fork_posix.cc:71] Other threads are currently calling into gRPC, skipping fork() handlers
I0625 17:40:43.782136   24294 fork_posix.cc:71] Other threads are currently calling into gRPC, skipping fork() handlers
E0625 17:40:43.782245   15118 completion_queue.cc:800] Kick failed: UNKNOWN:eventfd_write: Bad file descriptor (9)
E0625 17:40:43.784110   15118 ev_epoll1_linux.cc:309] epoll_ctl failed: Bad file descriptor (9)
E0625 17:40:43.784133   15118 ev_epoll1_linux.cc:309] epoll_ctl failed: Bad file descriptor (9)
[92mINFO [0m:      Sent reply
[92mINFO [0m:      
[92mINFO [0m:      Received: train message c85a14ff-e6fe-4ca5-b1e1-a321081afc3f
I0625 17:41:45.879984   24294 fork_posix.cc:71] Other threads are currently calling into gRPC, skipping fork() handlers
I0625 17:41:45.916938   15260 fork_posix.cc:71] Other threads are currently calling into gRPC, skipping fork() handlers
I0625 17:41:45.952768   24294 fork_posix.cc:71] Other threads are currently calling into gRPC, skipping fork() handlers
E0625 17:41:45.954949   15315 ev_epoll1_linux.cc:309] epoll_ctl failed: Bad file descriptor (9)
E0625 17:41:45.955006   15315 ev_epoll1_linux.cc:309] epoll_ctl failed: Bad file descriptor (9)
E0625 17:41:45.955054   15315 completion_queue.cc:800] Kick failed: UNKNOWN:eventfd_write: Bad file descriptor (9)
[92mINFO [0m:      Sent reply
[92mINFO [0m:      
[92mINFO [0m:      Received: evaluate message 053da37f-bb47-4d3c-ba71-ab1449211ec5
I0625 17:47:34.249807   24294 fork_posix.cc:71] Other threads are currently calling into gRPC, skipping fork() handlers
I0625 17:47:34.292728   16920 fork_posix.cc:71] Other threads are currently calling into gRPC, skipping fork() handlers
E0625 17:47:34.335811   16996 completion_queue.cc:800] Kick failed: UNKNOWN:eventfd_write: Bad file descriptor (9)
I0625 17:47:34.336532   24294 fork_posix.cc:71] Other threads are currently calling into gRPC, skipping fork() handlers
E0625 17:47:34.337691   16996 ev_epoll1_linux.cc:309] epoll_ctl failed: Bad file descriptor (9)
[92mINFO [0m:      Sent reply
[92mINFO [0m:      
[92mINFO [0m:      Received: train message fe650284-2eef-4d5d-a145-e4e57046e0a8
I0625 17:48:35.488005   24294 fork_posix.cc:71] Other threads are currently calling into gRPC, skipping fork() handlers
I0625 17:48:35.527747   17146 fork_posix.cc:71] Other threads are currently calling into gRPC, skipping fork() handlers
I0625 17:48:35.567031   24294 fork_posix.cc:71] Other threads are currently calling into gRPC, skipping fork() handlers
E0625 17:48:35.569123   17202 ev_epoll1_linux.cc:309] epoll_ctl failed: Bad file descriptor (9)
E0625 17:48:35.569226   17202 completion_queue.cc:800] Kick failed: UNKNOWN:eventfd_write: Bad file descriptor (9)
[92mINFO [0m:      Sent reply
[92mINFO [0m:      
[92mINFO [0m:      Received: evaluate message 4a6dba71-7091-4c3c-9188-244f9dfd39c7
I0625 17:54:24.632024   24294 fork_posix.cc:71] Other threads are currently calling into gRPC, skipping fork() handlers
I0625 17:54:24.675815   17664 fork_posix.cc:71] Other threads are currently calling into gRPC, skipping fork() handlers
I0625 17:54:24.718689   24294 fork_posix.cc:71] Other threads are currently calling into gRPC, skipping fork() handlers
E0625 17:54:24.718801   17720 completion_queue.cc:800] Kick failed: UNKNOWN:eventfd_write: Bad file descriptor (9)
E0625 17:54:24.720607   17720 ev_epoll1_linux.cc:309] epoll_ctl failed: Bad file descriptor (9)
E0625 17:54:24.720629   17720 ev_epoll1_linux.cc:309] epoll_ctl failed: Bad file descriptor (9)
I0625 17:54:26.488209   17664 fork_posix.cc:71] Other threads are currently calling into gRPC, skipping fork() handlers
E0625 17:54:26.532004   17826 completion_queue.cc:800] Kick failed: UNKNOWN:eventfd_write: Bad file descriptor (9)
I0625 17:54:28.142053   17664 fork_posix.cc:71] Other threads are currently calling into gRPC, skipping fork() handlers
E0625 17:54:28.186159   17874 completion_queue.cc:800] Kick failed: UNKNOWN:eventfd_write: Bad file descriptor (9)
I0625 17:54:29.581664   17664 fork_posix.cc:71] Other threads are currently calling into gRPC, skipping fork() handlers
I0625 17:54:30.699487   17664 fork_posix.cc:71] Other threads are currently calling into gRPC, skipping fork() handlers
E0625 17:54:30.743027   17949 completion_queue.cc:800] Kick failed: UNKNOWN:eventfd_write: Bad file descriptor (9)
I0625 17:54:31.816185   17664 fork_posix.cc:71] Other threads are currently calling into gRPC, skipping fork() handlers
E0625 17:54:31.859226   17989 completion_queue.cc:800] Kick failed: UNKNOWN:eventfd_write: Bad file descriptor (9)
I0625 17:54:32.932665   17664 fork_posix.cc:71] Other threads are currently calling into gRPC, skipping fork() handlers
E0625 17:54:32.976424   18025 completion_queue.cc:800] Kick failed: UNKNOWN:eventfd_write: Bad file descriptor (9)
I0625 17:54:34.049048   17664 fork_posix.cc:71] Other threads are currently calling into gRPC, skipping fork() handlers
E0625 17:54:34.096690   18064 completion_queue.cc:800] Kick failed: UNKNOWN:eventfd_write: Bad file descriptor (9)
I0625 17:54:35.184778   17664 fork_posix.cc:71] Other threads are currently calling into gRPC, skipping fork() handlers
E0625 17:54:35.253021   18101 completion_queue.cc:800] Kick failed: UNKNOWN:eventfd_write: Bad file descriptor (9)
E0625 17:54:35.254959   18101 ev_epoll1_linux.cc:309] epoll_ctl failed: Bad file descriptor (9)
E0625 17:54:35.254983   18101 ev_epoll1_linux.cc:309] epoll_ctl failed: Bad file descriptor (9)
I0625 17:54:36.329736   17664 fork_posix.cc:71] Other threads are currently calling into gRPC, skipping fork() handlers
E0625 17:54:36.399107   18139 completion_queue.cc:800] Kick failed: UNKNOWN:eventfd_write: Bad file descriptor (9)
I0625 17:54:37.472675   17664 fork_posix.cc:71] Other threads are currently calling into gRPC, skipping fork() handlers
E0625 17:54:37.516362   18177 completion_queue.cc:800] Kick failed: UNKNOWN:eventfd_write: Bad file descriptor (9)
I0625 17:54:38.834451   17664 fork_posix.cc:71] Other threads are currently calling into gRPC, skipping fork() handlers
E0625 17:54:38.877682   18216 completion_queue.cc:800] Kick failed: UNKNOWN:eventfd_write: Bad file descriptor (9)
I0625 17:54:39.953447   17664 fork_posix.cc:71] Other threads are currently calling into gRPC, skipping fork() handlers
I0625 17:54:41.070633   17664 fork_posix.cc:71] Other threads are currently calling into gRPC, skipping fork() handlers
I0625 17:54:42.204392   17664 fork_posix.cc:71] Other threads are currently calling into gRPC, skipping fork() handlers
I0625 17:54:43.324257   17664 fork_posix.cc:71] Other threads are currently calling into gRPC, skipping fork() handlers
I0625 17:54:44.441336   17664 fork_posix.cc:71] Other threads are currently calling into gRPC, skipping fork() handlers
E0625 17:54:44.485338   18420 completion_queue.cc:800] Kick failed: UNKNOWN:eventfd_write: Bad file descriptor (9)
I0625 17:54:45.561613   17664 fork_posix.cc:71] Other threads are currently calling into gRPC, skipping fork() handlers
E0625 17:54:45.605405   18772 completion_queue.cc:800] Kick failed: UNKNOWN:eventfd_write: Bad file descriptor (9)
E0625 17:54:45.607275   18772 ev_epoll1_linux.cc:309] epoll_ctl failed: Bad file descriptor (9)
I0625 17:54:46.698969   17664 fork_posix.cc:71] Other threads are currently calling into gRPC, skipping fork() handlers
E0625 17:54:46.742570   18808 completion_queue.cc:800] Kick failed: UNKNOWN:eventfd_write: Bad file descriptor (9)
I0625 17:54:47.821014   17664 fork_posix.cc:71] Other threads are currently calling into gRPC, skipping fork() handlers
I0625 17:54:48.937576   17664 fork_posix.cc:71] Other threads are currently calling into gRPC, skipping fork() handlers
E0625 17:54:49.005074   18885 completion_queue.cc:800] Kick failed: UNKNOWN:eventfd_write: Bad file descriptor (9)
I0625 17:54:50.081780   17664 fork_posix.cc:71] Other threads are currently calling into gRPC, skipping fork() handlers
I0625 17:54:51.614680   17664 fork_posix.cc:71] Other threads are currently calling into gRPC, skipping fork() handlers
E0625 17:54:51.657950   18956 completion_queue.cc:800] Kick failed: UNKNOWN:eventfd_write: Bad file descriptor (9)
I0625 17:54:52.744166   17664 fork_posix.cc:71] Other threads are currently calling into gRPC, skipping fork() handlers
E0625 17:54:52.787683   19001 completion_queue.cc:800] Kick failed: UNKNOWN:eventfd_write: Bad file descriptor (9)
I0625 17:54:53.861261   17664 fork_posix.cc:71] Other threads are currently calling into gRPC, skipping fork() handlers
E0625 17:54:53.904361   19040 completion_queue.cc:800] Kick failed: UNKNOWN:eventfd_write: Bad file descriptor (9)
I0625 17:54:54.979522   17664 fork_posix.cc:71] Other threads are currently calling into gRPC, skipping fork() handlers
E0625 17:54:55.024193   19060 completion_queue.cc:800] Kick failed: UNKNOWN:eventfd_write: Bad file descriptor (9)
I0625 17:54:56.098409   17664 fork_posix.cc:71] Other threads are currently calling into gRPC, skipping fork() handlers
E0625 17:54:56.168438   19116 completion_queue.cc:800] Kick failed: UNKNOWN:eventfd_write: Bad file descriptor (9)
E0625 17:54:56.170298   19121 ev_epoll1_linux.cc:309] epoll_ctl failed: Bad file descriptor (9)
E0625 17:54:56.170324   19121 ev_epoll1_linux.cc:309] epoll_ctl failed: Bad file descriptor (9)
I0625 17:54:57.245892   17664 fork_posix.cc:71] Other threads are currently calling into gRPC, skipping fork() handlers
E0625 17:54:57.305833   19136 completion_queue.cc:800] Kick failed: UNKNOWN:eventfd_write: Bad file descriptor (9)
I0625 17:54:58.383181   17664 fork_posix.cc:71] Other threads are currently calling into gRPC, skipping fork() handlers
E0625 17:54:58.452583   19218 completion_queue.cc:800] Kick failed: UNKNOWN:eventfd_write: Bad file descriptor (9)
I0625 17:54:59.525718   17664 fork_posix.cc:71] Other threads are currently calling into gRPC, skipping fork() handlers
E0625 17:54:59.595560   19237 completion_queue.cc:800] Kick failed: UNKNOWN:eventfd_write: Bad file descriptor (9)
[92mINFO [0m:      Sent reply
[92mINFO [0m:      
[92mINFO [0m:      Received: train message 234ea0b8-4f92-40c5-9b66-15a49ee2c82e
I0625 17:55:26.529106   24294 fork_posix.cc:71] Other threads are currently calling into gRPC, skipping fork() handlers
I0625 17:55:26.568781   19296 fork_posix.cc:71] Other threads are currently calling into gRPC, skipping fork() handlers
I0625 17:55:26.608634   24294 fork_posix.cc:71] Other threads are currently calling into gRPC, skipping fork() handlers
E0625 17:55:26.610054   19356 ev_epoll1_linux.cc:309] epoll_ctl failed: Bad file descriptor (9)
E0625 17:55:26.610155   19356 completion_queue.cc:800] Kick failed: UNKNOWN:eventfd_write: Bad file descriptor (9)
[92mINFO [0m:      Sent reply
[92mINFO [0m:      
[92mINFO [0m:      Received: evaluate message 1326c502-aa87-4d8f-871d-2a2cd6c5a9bc
I0625 18:00:53.284489   24294 fork_posix.cc:71] Other threads are currently calling into gRPC, skipping fork() handlers
I0625 18:00:53.328492   19823 fork_posix.cc:71] Other threads are currently calling into gRPC, skipping fork() handlers
E0625 18:00:53.373699   19878 ev_epoll1_linux.cc:309] epoll_ctl failed: Bad file descriptor (9)
E0625 18:00:53.373800   19878 completion_queue.cc:800] Kick failed: UNKNOWN:eventfd_write: Bad file descriptor (9)
I0625 18:00:53.390900   24294 fork_posix.cc:71] Other threads are currently calling into gRPC, skipping fork() handlers
[92mINFO [0m:      Sent reply
[92mINFO [0m:      
[92mINFO [0m:      Received: train message 3fee57e8-e29b-4d4f-b368-680f07b5059a
I0625 18:01:45.569594   24294 fork_posix.cc:71] Other threads are currently calling into gRPC, skipping fork() handlers
I0625 18:01:45.609739   20077 fork_posix.cc:71] Other threads are currently calling into gRPC, skipping fork() handlers
I0625 18:01:45.649111   24294 fork_posix.cc:71] Other threads are currently calling into gRPC, skipping fork() handlers
E0625 18:01:45.651025   20133 ev_epoll1_linux.cc:309] epoll_ctl failed: Bad file descriptor (9)
E0625 18:01:45.651079   20133 ev_epoll1_linux.cc:309] epoll_ctl failed: Bad file descriptor (9)
E0625 18:01:45.651126   20133 completion_queue.cc:800] Kick failed: UNKNOWN:eventfd_write: Bad file descriptor (9)
[92mINFO [0m:      Sent reply
[92mINFO [0m:      
[92mINFO [0m:      Received: evaluate message 5e59b0cf-f75f-4569-b2e7-e36216d2afb6
I0625 18:07:09.560844   24294 fork_posix.cc:71] Other threads are currently calling into gRPC, skipping fork() handlers
I0625 18:07:09.625209   20533 fork_posix.cc:71] Other threads are currently calling into gRPC, skipping fork() handlers
E0625 18:07:09.669852   20589 completion_queue.cc:800] Kick failed: UNKNOWN:eventfd_write: Bad file descriptor (9)
I0625 18:07:09.670328   24294 fork_posix.cc:71] Other threads are currently calling into gRPC, skipping fork() handlers
E0625 18:07:09.671815   20589 ev_epoll1_linux.cc:309] epoll_ctl failed: Bad file descriptor (9)
[92mINFO [0m:      Sent reply
[92mINFO [0m:      
[92mINFO [0m:      Received: train message e3dd33c6-9d11-4f31-bfe0-df300abdf3f3
I0625 18:08:05.684997   24294 fork_posix.cc:71] Other threads are currently calling into gRPC, skipping fork() handlers
I0625 18:08:05.725069   20772 fork_posix.cc:71] Other threads are currently calling into gRPC, skipping fork() handlers
I0625 18:08:05.764601   24294 fork_posix.cc:71] Other threads are currently calling into gRPC, skipping fork() handlers
E0625 18:08:05.764632   20829 completion_queue.cc:800] Kick failed: UNKNOWN:eventfd_write: Bad file descriptor (9)
[92mINFO [0m:      Sent reply
[92mINFO [0m:      
[92mINFO [0m:      Received: evaluate message 45adde7c-dc46-4e88-b46c-18f6f7c3ab6f
I0625 18:13:28.172419   24294 fork_posix.cc:71] Other threads are currently calling into gRPC, skipping fork() handlers
I0625 18:13:28.216026   21273 fork_posix.cc:71] Other threads are currently calling into gRPC, skipping fork() handlers
E0625 18:13:28.260614   21332 ev_epoll1_linux.cc:309] epoll_ctl failed: Bad file descriptor (9)
E0625 18:13:28.260717   21332 completion_queue.cc:800] Kick failed: UNKNOWN:eventfd_write: Bad file descriptor (9)
I0625 18:13:28.277728   24294 fork_posix.cc:71] Other threads are currently calling into gRPC, skipping fork() handlers
[92mINFO [0m:      Sent reply
[92mINFO [0m:      
[92mINFO [0m:      Received: train message cc7e524d-19b5-4ece-b9f5-e1513ec7843f
I0625 18:14:21.005235   24294 fork_posix.cc:71] Other threads are currently calling into gRPC, skipping fork() handlers
I0625 18:14:21.045426   21465 fork_posix.cc:71] Other threads are currently calling into gRPC, skipping fork() handlers
I0625 18:14:21.084340   24294 fork_posix.cc:71] Other threads are currently calling into gRPC, skipping fork() handlers
E0625 18:14:21.086333   21524 ev_epoll1_linux.cc:309] epoll_ctl failed: Bad file descriptor (9)
E0625 18:14:21.086442   21524 completion_queue.cc:800] Kick failed: UNKNOWN:eventfd_write: Bad file descriptor (9)
[92mINFO [0m:      Sent reply
[92mINFO [0m:      
[92mINFO [0m:      Received: evaluate message e9f0eeae-6cc4-48e6-b3fc-b8cf3b86bc03
I0625 18:20:10.397658   24294 fork_posix.cc:71] Other threads are currently calling into gRPC, skipping fork() handlers
I0625 18:20:10.442215   23011 fork_posix.cc:71] Other threads are currently calling into gRPC, skipping fork() handlers
E0625 18:20:10.486600   23066 completion_queue.cc:800] Kick failed: UNKNOWN:eventfd_write: Bad file descriptor (9)
I0625 18:20:10.487100   24294 fork_posix.cc:71] Other threads are currently calling into gRPC, skipping fork() handlers
E0625 18:20:10.488409   23070 ev_epoll1_linux.cc:309] epoll_ctl failed: Bad file descriptor (9)
[92mINFO [0m:      Sent reply
[92mINFO [0m:      
[92mINFO [0m:      Received: train message 36874084-d4f0-4275-b82c-92863a2e72aa
I0625 18:21:04.175357   24294 fork_posix.cc:71] Other threads are currently calling into gRPC, skipping fork() handlers
I0625 18:21:04.234082   23208 fork_posix.cc:71] Other threads are currently calling into gRPC, skipping fork() handlers
I0625 18:21:04.273353   24294 fork_posix.cc:71] Other threads are currently calling into gRPC, skipping fork() handlers
E0625 18:21:04.275342   23267 ev_epoll1_linux.cc:309] epoll_ctl failed: Bad file descriptor (9)
E0625 18:21:04.275446   23267 completion_queue.cc:800] Kick failed: UNKNOWN:eventfd_write: Bad file descriptor (9)
[92mINFO [0m:      Sent reply
[92mINFO [0m:      
[92mINFO [0m:      Received: evaluate message 97ad9de9-b5be-41c6-a268-1b7d01f9d3ef
I0625 18:26:29.969129   24294 fork_posix.cc:71] Other threads are currently calling into gRPC, skipping fork() handlers
I0625 18:26:30.031280   23707 fork_posix.cc:71] Other threads are currently calling into gRPC, skipping fork() handlers
E0625 18:26:30.073950   23763 completion_queue.cc:800] Kick failed: UNKNOWN:eventfd_write: Bad file descriptor (9)
I0625 18:26:30.074691   24294 fork_posix.cc:71] Other threads are currently calling into gRPC, skipping fork() handlers
E0625 18:26:30.075773   23763 ev_epoll1_linux.cc:309] epoll_ctl failed: Bad file descriptor (9)
[92mINFO [0m:      Sent reply
[92mINFO [0m:      
[92mINFO [0m:      Received: train message 5d9c3886-d9f2-4bff-a5a5-d4bab6031eea
I0625 18:27:27.249572   24294 fork_posix.cc:71] Other threads are currently calling into gRPC, skipping fork() handlers
I0625 18:27:27.289754   23905 fork_posix.cc:71] Other threads are currently calling into gRPC, skipping fork() handlers
I0625 18:27:27.328946   24294 fork_posix.cc:71] Other threads are currently calling into gRPC, skipping fork() handlers
E0625 18:27:27.330876   23964 ev_epoll1_linux.cc:309] epoll_ctl failed: Bad file descriptor (9)
E0625 18:27:27.330979   23964 completion_queue.cc:800] Kick failed: UNKNOWN:eventfd_write: Bad file descriptor (9)
[92mINFO [0m:      Sent reply
[92mINFO [0m:      
[92mINFO [0m:      Received: evaluate message 15df67e2-9d87-44f9-a3d4-03728e954989
I0625 18:33:00.739806   24294 fork_posix.cc:71] Other threads are currently calling into gRPC, skipping fork() handlers
I0625 18:33:00.784352   24566 fork_posix.cc:71] Other threads are currently calling into gRPC, skipping fork() handlers
E0625 18:33:00.828853   24624 completion_queue.cc:800] Kick failed: UNKNOWN:eventfd_write: Bad file descriptor (9)
I0625 18:33:00.829643   24294 fork_posix.cc:71] Other threads are currently calling into gRPC, skipping fork() handlers
E0625 18:33:00.830740   24627 ev_epoll1_linux.cc:309] epoll_ctl failed: Bad file descriptor (9)
[92mINFO [0m:      Sent reply
[92mINFO [0m:      
[92mINFO [0m:      Received: train message 2612ff86-8259-4321-b1ee-a6e1384f5cea
I0625 18:33:53.946297   24294 fork_posix.cc:71] Other threads are currently calling into gRPC, skipping fork() handlers
I0625 18:33:53.986411   24762 fork_posix.cc:71] Other threads are currently calling into gRPC, skipping fork() handlers
E0625 18:33:54.027602   24819 ev_epoll1_linux.cc:309] epoll_ctl failed: Bad file descriptor (9)
E0625 18:33:54.027706   24819 completion_queue.cc:800] Kick failed: UNKNOWN:eventfd_write: Bad file descriptor (9)
I0625 18:33:54.044574   24294 fork_posix.cc:71] Other threads are currently calling into gRPC, skipping fork() handlers
[92mINFO [0m:      Sent reply
[92mINFO [0m:      
[92mINFO [0m:      Received: evaluate message 4ff7c32a-ed6e-4cfd-8af3-d2d9a08b5a33
I0625 18:39:48.082496   24294 fork_posix.cc:71] Other threads are currently calling into gRPC, skipping fork() handlers
I0625 18:39:48.127362   25285 fork_posix.cc:71] Other threads are currently calling into gRPC, skipping fork() handlers
E0625 18:39:48.170451   25342 completion_queue.cc:800] Kick failed: UNKNOWN:eventfd_write: Bad file descriptor (9)
I0625 18:39:48.171163   24294 fork_posix.cc:71] Other threads are currently calling into gRPC, skipping fork() handlers
E0625 18:39:48.172439   25342 ev_epoll1_linux.cc:309] epoll_ctl failed: Bad file descriptor (9)
E0625 18:39:48.172464   25342 ev_epoll1_linux.cc:309] epoll_ctl failed: Bad file descriptor (9)
[92mINFO [0m:      Sent reply
[92mINFO [0m:      
[92mINFO [0m:      Received: train message e794aaa3-efb0-4367-85c9-ab6282380c04
I0625 18:40:41.676606   24294 fork_posix.cc:71] Other threads are currently calling into gRPC, skipping fork() handlers
I0625 18:40:41.735668   25488 fork_posix.cc:71] Other threads are currently calling into gRPC, skipping fork() handlers
E0625 18:40:41.774850   25544 completion_queue.cc:800] Kick failed: UNKNOWN:eventfd_write: Bad file descriptor (9)
E0625 18:40:41.776672   25544 ev_epoll1_linux.cc:309] epoll_ctl failed: Bad file descriptor (9)
E0625 18:40:41.776696   25544 ev_epoll1_linux.cc:309] epoll_ctl failed: Bad file descriptor (9)
I0625 18:40:41.793790   24294 fork_posix.cc:71] Other threads are currently calling into gRPC, skipping fork() handlers
[92mINFO [0m:      Sent reply
[92mINFO [0m:      
[92mINFO [0m:      Received: evaluate message 7efa282f-3861-42d2-ac82-cfc44a3d0646
I0625 18:45:55.702711   24294 fork_posix.cc:71] Other threads are currently calling into gRPC, skipping fork() handlers
I0625 18:45:55.747969   26948 fork_posix.cc:71] Other threads are currently calling into gRPC, skipping fork() handlers
E0625 18:45:55.793657   27005 ev_epoll1_linux.cc:309] epoll_ctl failed: Bad file descriptor (9)
I0625 18:45:55.810742   24294 fork_posix.cc:71] Other threads are currently calling into gRPC, skipping fork() handlers
[92mINFO [0m:      Sent reply
[92mINFO [0m:      
[92mINFO [0m:      Received: train message 48343d49-4bcc-48d4-b5c4-eee21e150564
I0625 18:46:57.444302   24294 fork_posix.cc:71] Other threads are currently calling into gRPC, skipping fork() handlers
I0625 18:46:57.484651   27153 fork_posix.cc:71] Other threads are currently calling into gRPC, skipping fork() handlers
I0625 18:46:57.523982   24294 fork_posix.cc:71] Other threads are currently calling into gRPC, skipping fork() handlers
E0625 18:46:57.526077   27213 ev_epoll1_linux.cc:309] epoll_ctl failed: Bad file descriptor (9)
E0625 18:46:57.526131   27213 ev_epoll1_linux.cc:309] epoll_ctl failed: Bad file descriptor (9)
E0625 18:46:57.526191   27213 completion_queue.cc:800] Kick failed: UNKNOWN:eventfd_write: Bad file descriptor (9)
[92mINFO [0m:      Sent reply
[92mINFO [0m:      
[92mINFO [0m:      Received: evaluate message 638d9122-1703-46d8-b93f-939dc1129f5e
I0625 18:52:26.647504   24294 fork_posix.cc:71] Other threads are currently calling into gRPC, skipping fork() handlers
I0625 18:52:26.710575   27657 fork_posix.cc:71] Other threads are currently calling into gRPC, skipping fork() handlers
I0625 18:52:26.752767   24294 fork_posix.cc:71] Other threads are currently calling into gRPC, skipping fork() handlers
E0625 18:52:26.753007   27712 completion_queue.cc:800] Kick failed: UNKNOWN:eventfd_write: Bad file descriptor (9)
E0625 18:52:26.754862   27712 ev_epoll1_linux.cc:309] epoll_ctl failed: Bad file descriptor (9)
[92mINFO [0m:      Sent reply
[92mINFO [0m:      
[92mINFO [0m:      Received: train message 1e0d87c5-ea38-44c0-a6a8-811993a30354
I0625 18:53:30.769037   24294 fork_posix.cc:71] Other threads are currently calling into gRPC, skipping fork() handlers
I0625 18:53:30.827698   27904 fork_posix.cc:71] Other threads are currently calling into gRPC, skipping fork() handlers
I0625 18:53:30.867075   24294 fork_posix.cc:71] Other threads are currently calling into gRPC, skipping fork() handlers
E0625 18:53:30.869168   27960 ev_epoll1_linux.cc:309] epoll_ctl failed: Bad file descriptor (9)
E0625 18:53:30.869269   27960 completion_queue.cc:800] Kick failed: UNKNOWN:eventfd_write: Bad file descriptor (9)
[92mINFO [0m:      Sent reply
[92mINFO [0m:      
[92mINFO [0m:      Received: evaluate message d6cca1f0-97fb-4dee-ba3d-8efccc975f66
I0625 18:59:22.755215   24294 fork_posix.cc:71] Other threads are currently calling into gRPC, skipping fork() handlers
I0625 18:59:22.799067   28433 fork_posix.cc:71] Other threads are currently calling into gRPC, skipping fork() handlers
E0625 18:59:22.842034   28489 completion_queue.cc:800] Kick failed: UNKNOWN:eventfd_write: Bad file descriptor (9)
I0625 18:59:22.842496   24294 fork_posix.cc:71] Other threads are currently calling into gRPC, skipping fork() handlers
E0625 18:59:22.843900   28489 ev_epoll1_linux.cc:309] epoll_ctl failed: Bad file descriptor (9)
E0625 18:59:22.843922   28489 ev_epoll1_linux.cc:309] epoll_ctl failed: Bad file descriptor (9)
[92mINFO [0m:      Sent reply
[92mINFO [0m:      
[92mINFO [0m:      Received: train message 73411dd7-42fb-4303-8d72-9351d1010697
I0625 19:00:16.204734   24294 fork_posix.cc:71] Other threads are currently calling into gRPC, skipping fork() handlers
I0625 19:00:16.244285   28649 fork_posix.cc:71] Other threads are currently calling into gRPC, skipping fork() handlers
I0625 19:00:16.284222   24294 fork_posix.cc:71] Other threads are currently calling into gRPC, skipping fork() handlers
E0625 19:00:16.285482   28708 ev_epoll1_linux.cc:309] epoll_ctl failed: Bad file descriptor (9)
E0625 19:00:16.285537   28708 ev_epoll1_linux.cc:309] epoll_ctl failed: Bad file descriptor (9)
E0625 19:00:16.285590   28708 completion_queue.cc:800] Kick failed: UNKNOWN:eventfd_write: Bad file descriptor (9)
[92mINFO [0m:      Sent reply
[92mINFO [0m:      
[92mINFO [0m:      Received: evaluate message bb167ed2-7ba0-43f7-8eb8-83a189daa02e
I0625 19:05:43.922517   24294 fork_posix.cc:71] Other threads are currently calling into gRPC, skipping fork() handlers
I0625 19:05:43.967434   29173 fork_posix.cc:71] Other threads are currently calling into gRPC, skipping fork() handlers
E0625 19:05:44.011318   29227 completion_queue.cc:800] Kick failed: UNKNOWN:eventfd_write: Bad file descriptor (9)
I0625 19:05:44.012091   24294 fork_posix.cc:71] Other threads are currently calling into gRPC, skipping fork() handlers
E0625 19:05:44.013170   29227 ev_epoll1_linux.cc:309] epoll_ctl failed: Bad file descriptor (9)
E0625 19:05:44.013193   29227 ev_epoll1_linux.cc:309] epoll_ctl failed: Bad file descriptor (9)
I0625 19:05:45.172951   29173 fork_posix.cc:71] Other threads are currently calling into gRPC, skipping fork() handlers
I0625 19:05:46.831222   29173 fork_posix.cc:71] Other threads are currently calling into gRPC, skipping fork() handlers
I0625 19:05:48.489706   29173 fork_posix.cc:71] Other threads are currently calling into gRPC, skipping fork() handlers
I0625 19:05:49.619690   29173 fork_posix.cc:71] Other threads are currently calling into gRPC, skipping fork() handlers
E0625 19:05:49.664568   29453 completion_queue.cc:800] Kick failed: UNKNOWN:eventfd_write: Bad file descriptor (9)
I0625 19:05:50.751895   29173 fork_posix.cc:71] Other threads are currently calling into gRPC, skipping fork() handlers
I0625 19:05:51.871518   29173 fork_posix.cc:71] Other threads are currently calling into gRPC, skipping fork() handlers
E0625 19:05:51.915670   29529 completion_queue.cc:800] Kick failed: UNKNOWN:eventfd_write: Bad file descriptor (9)
I0625 19:05:52.990562   29173 fork_posix.cc:71] Other threads are currently calling into gRPC, skipping fork() handlers
I0625 19:05:54.110773   29173 fork_posix.cc:71] Other threads are currently calling into gRPC, skipping fork() handlers
E0625 19:05:54.154659   29606 completion_queue.cc:800] Kick failed: UNKNOWN:eventfd_write: Bad file descriptor (9)
E0625 19:05:54.156602   29606 ev_epoll1_linux.cc:309] epoll_ctl failed: Bad file descriptor (9)
E0625 19:05:54.156632   29606 ev_epoll1_linux.cc:309] epoll_ctl failed: Bad file descriptor (9)
I0625 19:05:55.232688   29173 fork_posix.cc:71] Other threads are currently calling into gRPC, skipping fork() handlers
I0625 19:05:56.366205   29173 fork_posix.cc:71] Other threads are currently calling into gRPC, skipping fork() handlers
I0625 19:05:57.490129   29173 fork_posix.cc:71] Other threads are currently calling into gRPC, skipping fork() handlers
I0625 19:05:58.610110   29173 fork_posix.cc:71] Other threads are currently calling into gRPC, skipping fork() handlers
I0625 19:05:59.730069   29173 fork_posix.cc:71] Other threads are currently calling into gRPC, skipping fork() handlers
I0625 19:06:00.848733   29173 fork_posix.cc:71] Other threads are currently calling into gRPC, skipping fork() handlers
I0625 19:06:01.969063   29173 fork_posix.cc:71] Other threads are currently calling into gRPC, skipping fork() handlers
I0625 19:06:03.085651   29173 fork_posix.cc:71] Other threads are currently calling into gRPC, skipping fork() handlers
E0625 19:06:03.131349   29909 completion_queue.cc:800] Kick failed: UNKNOWN:eventfd_write: Bad file descriptor (9)
I0625 19:06:04.208840   29173 fork_posix.cc:71] Other threads are currently calling into gRPC, skipping fork() handlers
E0625 19:06:04.252669   29947 completion_queue.cc:800] Kick failed: UNKNOWN:eventfd_write: Bad file descriptor (9)
E0625 19:06:04.254548   29953 ev_epoll1_linux.cc:309] epoll_ctl failed: Bad file descriptor (9)
I0625 19:06:05.329716   29173 fork_posix.cc:71] Other threads are currently calling into gRPC, skipping fork() handlers
E0625 19:06:05.372939   29985 completion_queue.cc:800] Kick failed: UNKNOWN:eventfd_write: Bad file descriptor (9)
I0625 19:06:06.448789   29173 fork_posix.cc:71] Other threads are currently calling into gRPC, skipping fork() handlers
E0625 19:06:06.492872   30023 completion_queue.cc:800] Kick failed: UNKNOWN:eventfd_write: Bad file descriptor (9)
I0625 19:06:07.569872   29173 fork_posix.cc:71] Other threads are currently calling into gRPC, skipping fork() handlers
E0625 19:06:07.613945   30060 completion_queue.cc:800] Kick failed: UNKNOWN:eventfd_write: Bad file descriptor (9)
I0625 19:06:09.226070   29173 fork_posix.cc:71] Other threads are currently calling into gRPC, skipping fork() handlers
E0625 19:06:09.270073   30094 completion_queue.cc:800] Kick failed: UNKNOWN:eventfd_write: Bad file descriptor (9)
I0625 19:06:10.347235   29173 fork_posix.cc:71] Other threads are currently calling into gRPC, skipping fork() handlers
I0625 19:06:11.464543   29173 fork_posix.cc:71] Other threads are currently calling into gRPC, skipping fork() handlers
I0625 19:06:12.608555   29173 fork_posix.cc:71] Other threads are currently calling into gRPC, skipping fork() handlers
E0625 19:06:12.652866   30215 completion_queue.cc:800] Kick failed: UNKNOWN:eventfd_write: Bad file descriptor (9)
I0625 19:06:13.727562   29173 fork_posix.cc:71] Other threads are currently calling into gRPC, skipping fork() handlers
E0625 19:06:13.771377   30253 completion_queue.cc:800] Kick failed: UNKNOWN:eventfd_write: Bad file descriptor (9)
I0625 19:06:14.844280   29173 fork_posix.cc:71] Other threads are currently calling into gRPC, skipping fork() handlers
E0625 19:06:14.888225   30275 completion_queue.cc:800] Kick failed: UNKNOWN:eventfd_write: Bad file descriptor (9)
E0625 19:06:14.890120   30275 ev_epoll1_linux.cc:309] epoll_ctl failed: Bad file descriptor (9)
E0625 19:06:14.890147   30275 ev_epoll1_linux.cc:309] epoll_ctl failed: Bad file descriptor (9)
I0625 19:06:15.965237   29173 fork_posix.cc:71] Other threads are currently calling into gRPC, skipping fork() handlers
E0625 19:06:16.008970   30329 completion_queue.cc:800] Kick failed: UNKNOWN:eventfd_write: Bad file descriptor (9)
I0625 19:06:17.326919   29173 fork_posix.cc:71] Other threads are currently calling into gRPC, skipping fork() handlers
E0625 19:06:17.370900   30350 completion_queue.cc:800] Kick failed: UNKNOWN:eventfd_write: Bad file descriptor (9)
I0625 19:06:18.456125   29173 fork_posix.cc:71] Other threads are currently calling into gRPC, skipping fork() handlers
[92mINFO [0m:      Sent reply
[92mINFO [0m:      
[92mINFO [0m:      Received: train message af2d6185-929b-4792-8f9b-9a6eae3ba1d4
I0625 19:06:41.519971   24294 fork_posix.cc:71] Other threads are currently calling into gRPC, skipping fork() handlers
I0625 19:06:41.578814   30449 fork_posix.cc:71] Other threads are currently calling into gRPC, skipping fork() handlers
I0625 19:06:41.617553   24294 fork_posix.cc:71] Other threads are currently calling into gRPC, skipping fork() handlers
E0625 19:06:41.618089   30506 completion_queue.cc:800] Kick failed: UNKNOWN:eventfd_write: Bad file descriptor (9)
[92mINFO [0m:      Sent reply
[92mINFO [0m:      
[92mINFO [0m:      Received: evaluate message f702a81b-15b3-494c-b062-accc0cb8c7f8
I0625 19:12:27.031400   24294 fork_posix.cc:71] Other threads are currently calling into gRPC, skipping fork() handlers
I0625 19:12:27.095811   30965 fork_posix.cc:71] Other threads are currently calling into gRPC, skipping fork() handlers
E0625 19:12:27.140143   31021 completion_queue.cc:800] Kick failed: UNKNOWN:eventfd_write: Bad file descriptor (9)
I0625 19:12:27.140692   24294 fork_posix.cc:71] Other threads are currently calling into gRPC, skipping fork() handlers
E0625 19:12:27.141984   31021 ev_epoll1_linux.cc:309] epoll_ctl failed: Bad file descriptor (9)
[92mINFO [0m:      Sent reply
[92mINFO [0m:      
[92mINFO [0m:      Received: train message 26e596c8-e3ad-49db-997f-f3ec3836177c
I0625 19:13:22.030230   24294 fork_posix.cc:71] Other threads are currently calling into gRPC, skipping fork() handlers
I0625 19:13:22.089182   31167 fork_posix.cc:71] Other threads are currently calling into gRPC, skipping fork() handlers
I0625 19:13:22.129267   24294 fork_posix.cc:71] Other threads are currently calling into gRPC, skipping fork() handlers
E0625 19:13:22.130705   31222 ev_epoll1_linux.cc:309] epoll_ctl failed: Bad file descriptor (9)
E0625 19:13:22.130810   31222 completion_queue.cc:800] Kick failed: UNKNOWN:eventfd_write: Bad file descriptor (9)
I0625 19:13:23.515356   31167 fork_posix.cc:71] Other threads are currently calling into gRPC, skipping fork() handlers
E0625 19:13:23.555483   31322 completion_queue.cc:800] Kick failed: UNKNOWN:eventfd_write: Bad file descriptor (9)
I0625 19:13:24.626635   31167 fork_posix.cc:71] Other threads are currently calling into gRPC, skipping fork() handlers
E0625 19:13:24.666618   31371 completion_queue.cc:800] Kick failed: UNKNOWN:eventfd_write: Bad file descriptor (9)
I0625 19:13:25.751760   31167 fork_posix.cc:71] Other threads are currently calling into gRPC, skipping fork() handlers
E0625 19:13:25.790989   31409 completion_queue.cc:800] Kick failed: UNKNOWN:eventfd_write: Bad file descriptor (9)
I0625 19:13:26.914498   31167 fork_posix.cc:71] Other threads are currently calling into gRPC, skipping fork() handlers
E0625 19:13:26.954036   31447 completion_queue.cc:800] Kick failed: UNKNOWN:eventfd_write: Bad file descriptor (9)
I0625 19:13:28.218618   31167 fork_posix.cc:71] Other threads are currently calling into gRPC, skipping fork() handlers
I0625 19:13:29.583857   31167 fork_posix.cc:71] Other threads are currently calling into gRPC, skipping fork() handlers
E0625 19:13:29.623065   31519 completion_queue.cc:800] Kick failed: UNKNOWN:eventfd_write: Bad file descriptor (9)
I0625 19:13:30.693203   31167 fork_posix.cc:71] Other threads are currently calling into gRPC, skipping fork() handlers
E0625 19:13:30.733233   31562 completion_queue.cc:800] Kick failed: UNKNOWN:eventfd_write: Bad file descriptor (9)
I0625 19:13:31.811300   31167 fork_posix.cc:71] Other threads are currently calling into gRPC, skipping fork() handlers
E0625 19:13:31.850969   31600 completion_queue.cc:800] Kick failed: UNKNOWN:eventfd_write: Bad file descriptor (9)
I0625 19:13:33.195233   31167 fork_posix.cc:71] Other threads are currently calling into gRPC, skipping fork() handlers
E0625 19:13:33.234035   31638 completion_queue.cc:800] Kick failed: UNKNOWN:eventfd_write: Bad file descriptor (9)
E0625 19:13:33.235957   31638 ev_epoll1_linux.cc:309] epoll_ctl failed: Bad file descriptor (9)
E0625 19:13:33.235986   31638 ev_epoll1_linux.cc:309] epoll_ctl failed: Bad file descriptor (9)
I0625 19:13:34.863830   31167 fork_posix.cc:71] Other threads are currently calling into gRPC, skipping fork() handlers
I0625 19:13:35.970929   31167 fork_posix.cc:71] Other threads are currently calling into gRPC, skipping fork() handlers
E0625 19:13:36.010599   31714 completion_queue.cc:800] Kick failed: UNKNOWN:eventfd_write: Bad file descriptor (9)
I0625 19:13:37.079552   31167 fork_posix.cc:71] Other threads are currently calling into gRPC, skipping fork() handlers
I0625 19:13:38.207872   31167 fork_posix.cc:71] Other threads are currently calling into gRPC, skipping fork() handlers
E0625 19:13:38.246900   31790 completion_queue.cc:800] Kick failed: UNKNOWN:eventfd_write: Bad file descriptor (9)
I0625 19:13:39.367137   31167 fork_posix.cc:71] Other threads are currently calling into gRPC, skipping fork() handlers
E0625 19:13:39.406563   31830 completion_queue.cc:800] Kick failed: UNKNOWN:eventfd_write: Bad file descriptor (9)
I0625 19:13:40.473565   31167 fork_posix.cc:71] Other threads are currently calling into gRPC, skipping fork() handlers
E0625 19:13:40.513160   31868 completion_queue.cc:800] Kick failed: UNKNOWN:eventfd_write: Bad file descriptor (9)
I0625 19:13:41.755837   31167 fork_posix.cc:71] Other threads are currently calling into gRPC, skipping fork() handlers
I0625 19:13:43.180622   31167 fork_posix.cc:71] Other threads are currently calling into gRPC, skipping fork() handlers
I0625 19:13:44.315111   31167 fork_posix.cc:71] Other threads are currently calling into gRPC, skipping fork() handlers
E0625 19:13:44.354569   31982 completion_queue.cc:800] Kick failed: UNKNOWN:eventfd_write: Bad file descriptor (9)
E0625 19:13:44.356419   31982 ev_epoll1_linux.cc:309] epoll_ctl failed: Bad file descriptor (9)
E0625 19:13:44.356444   31982 ev_epoll1_linux.cc:309] epoll_ctl failed: Bad file descriptor (9)
I0625 19:13:45.425009   31167 fork_posix.cc:71] Other threads are currently calling into gRPC, skipping fork() handlers
I0625 19:13:46.531630   31167 fork_posix.cc:71] Other threads are currently calling into gRPC, skipping fork() handlers
E0625 19:13:46.570693   32057 completion_queue.cc:800] Kick failed: UNKNOWN:eventfd_write: Bad file descriptor (9)
I0625 19:13:47.643231   31167 fork_posix.cc:71] Other threads are currently calling into gRPC, skipping fork() handlers
I0625 19:13:48.751226   31167 fork_posix.cc:71] Other threads are currently calling into gRPC, skipping fork() handlers
E0625 19:13:48.791243   32133 completion_queue.cc:800] Kick failed: UNKNOWN:eventfd_write: Bad file descriptor (9)
I0625 19:13:50.274439   31167 fork_posix.cc:71] Other threads are currently calling into gRPC, skipping fork() handlers
I0625 19:13:51.382203   31167 fork_posix.cc:71] Other threads are currently calling into gRPC, skipping fork() handlers
E0625 19:13:51.421546   32210 completion_queue.cc:800] Kick failed: UNKNOWN:eventfd_write: Bad file descriptor (9)
I0625 19:13:52.902118   31167 fork_posix.cc:71] Other threads are currently calling into gRPC, skipping fork() handlers
I0625 19:13:54.041321   31167 fork_posix.cc:71] Other threads are currently calling into gRPC, skipping fork() handlers
I0625 19:13:55.149973   31167 fork_posix.cc:71] Other threads are currently calling into gRPC, skipping fork() handlers
E0625 19:13:55.190512   32328 ev_epoll1_linux.cc:309] epoll_ctl failed: Bad file descriptor (9)
E0625 19:13:55.190578   32328 ev_epoll1_linux.cc:309] epoll_ctl failed: Bad file descriptor (9)
I0625 19:13:56.260723   31167 fork_posix.cc:71] Other threads are currently calling into gRPC, skipping fork() handlers
I0625 19:13:57.368095   31167 fork_posix.cc:71] Other threads are currently calling into gRPC, skipping fork() handlers
I0625 19:13:58.482037   31167 fork_posix.cc:71] Other threads are currently calling into gRPC, skipping fork() handlers
I0625 19:14:00.126986   31167 fork_posix.cc:71] Other threads are currently calling into gRPC, skipping fork() handlers
I0625 19:14:01.244142   31167 fork_posix.cc:71] Other threads are currently calling into gRPC, skipping fork() handlers
E0625 19:14:01.283560   32516 completion_queue.cc:800] Kick failed: UNKNOWN:eventfd_write: Bad file descriptor (9)
I0625 19:14:02.351279   31167 fork_posix.cc:71] Other threads are currently calling into gRPC, skipping fork() handlers
I0625 19:14:03.461206   31167 fork_posix.cc:71] Other threads are currently calling into gRPC, skipping fork() handlers
E0625 19:14:03.500588   32592 completion_queue.cc:800] Kick failed: UNKNOWN:eventfd_write: Bad file descriptor (9)
I0625 19:14:04.570006   31167 fork_posix.cc:71] Other threads are currently calling into gRPC, skipping fork() handlers
I0625 19:14:06.038285   31167 fork_posix.cc:71] Other threads are currently calling into gRPC, skipping fork() handlers
E0625 19:14:06.077805   32668 completion_queue.cc:800] Kick failed: UNKNOWN:eventfd_write: Bad file descriptor (9)
E0625 19:14:06.079763   32668 ev_epoll1_linux.cc:309] epoll_ctl failed: Bad file descriptor (9)
I0625 19:14:07.156455   31167 fork_posix.cc:71] Other threads are currently calling into gRPC, skipping fork() handlers
I0625 19:14:08.264983   31167 fork_posix.cc:71] Other threads are currently calling into gRPC, skipping fork() handlers
I0625 19:14:09.376344   31167 fork_posix.cc:71] Other threads are currently calling into gRPC, skipping fork() handlers
I0625 19:14:10.483917   31167 fork_posix.cc:71] Other threads are currently calling into gRPC, skipping fork() handlers
I0625 19:14:11.596215   31167 fork_posix.cc:71] Other threads are currently calling into gRPC, skipping fork() handlers
I0625 19:14:12.704468   31167 fork_posix.cc:71] Other threads are currently calling into gRPC, skipping fork() handlers
E0625 19:14:12.743736   32899 completion_queue.cc:800] Kick failed: UNKNOWN:eventfd_write: Bad file descriptor (9)
I0625 19:14:13.815743   31167 fork_posix.cc:71] Other threads are currently calling into gRPC, skipping fork() handlers
E0625 19:14:13.854775   32938 completion_queue.cc:800] Kick failed: UNKNOWN:eventfd_write: Bad file descriptor (9)
I0625 19:14:15.458859   31167 fork_posix.cc:71] Other threads are currently calling into gRPC, skipping fork() handlers
E0625 19:14:15.498583   32978 completion_queue.cc:800] Kick failed: UNKNOWN:eventfd_write: Bad file descriptor (9)
I0625 19:14:16.581349   31167 fork_posix.cc:71] Other threads are currently calling into gRPC, skipping fork() handlers
E0625 19:14:16.623046   33014 ev_epoll1_linux.cc:309] epoll_ctl failed: Bad file descriptor (9)
E0625 19:14:16.623109   33014 ev_epoll1_linux.cc:309] epoll_ctl failed: Bad file descriptor (9)
E0625 19:14:16.623175   33014 completion_queue.cc:800] Kick failed: UNKNOWN:eventfd_write: Bad file descriptor (9)
I0625 19:14:17.697429   31167 fork_posix.cc:71] Other threads are currently calling into gRPC, skipping fork() handlers
I0625 19:14:18.805136   31167 fork_posix.cc:71] Other threads are currently calling into gRPC, skipping fork() handlers
I0625 19:14:19.915475   31167 fork_posix.cc:71] Other threads are currently calling into gRPC, skipping fork() handlers
I0625 19:14:21.032219   31167 fork_posix.cc:71] Other threads are currently calling into gRPC, skipping fork() handlers
I0625 19:14:22.160138   31167 fork_posix.cc:71] Other threads are currently calling into gRPC, skipping fork() handlers
I0625 19:14:23.271764   31167 fork_posix.cc:71] Other threads are currently calling into gRPC, skipping fork() handlers
I0625 19:14:24.793060   31167 fork_posix.cc:71] Other threads are currently calling into gRPC, skipping fork() handlers
I0625 19:14:25.902410   31167 fork_posix.cc:71] Other threads are currently calling into gRPC, skipping fork() handlers
E0625 19:14:25.941998   33318 completion_queue.cc:800] Kick failed: UNKNOWN:eventfd_write: Bad file descriptor (9)
I0625 19:14:27.013864   31167 fork_posix.cc:71] Other threads are currently calling into gRPC, skipping fork() handlers
E0625 19:14:27.074443   33358 completion_queue.cc:800] Kick failed: UNKNOWN:eventfd_write: Bad file descriptor (9)
E0625 19:14:27.076340   33362 ev_epoll1_linux.cc:309] epoll_ctl failed: Bad file descriptor (9)
E0625 19:14:27.076371   33362 ev_epoll1_linux.cc:309] epoll_ctl failed: Bad file descriptor (9)
I0625 19:14:28.152357   31167 fork_posix.cc:71] Other threads are currently calling into gRPC, skipping fork() handlers
E0625 19:14:28.191603   33394 completion_queue.cc:800] Kick failed: UNKNOWN:eventfd_write: Bad file descriptor (9)
I0625 19:14:29.260556   31167 fork_posix.cc:71] Other threads are currently calling into gRPC, skipping fork() handlers
E0625 19:14:29.302188   33439 completion_queue.cc:800] Kick failed: UNKNOWN:eventfd_write: Bad file descriptor (9)
I0625 19:14:30.622880   31167 fork_posix.cc:71] Other threads are currently calling into gRPC, skipping fork() handlers
E0625 19:14:30.662296   33477 completion_queue.cc:800] Kick failed: UNKNOWN:eventfd_write: Bad file descriptor (9)
I0625 19:14:31.731948   31167 fork_posix.cc:71] Other threads are currently calling into gRPC, skipping fork() handlers
I0625 19:14:33.028345   31167 fork_posix.cc:71] Other threads are currently calling into gRPC, skipping fork() handlers
I0625 19:14:34.148075   31167 fork_posix.cc:71] Other threads are currently calling into gRPC, skipping fork() handlers
I0625 19:14:35.257226   31167 fork_posix.cc:71] Other threads are currently calling into gRPC, skipping fork() handlers
I0625 19:14:36.613897   31167 fork_posix.cc:71] Other threads are currently calling into gRPC, skipping fork() handlers
I0625 19:14:37.729869   31167 fork_posix.cc:71] Other threads are currently calling into gRPC, skipping fork() handlers
E0625 19:14:37.769514   33686 completion_queue.cc:800] Kick failed: UNKNOWN:eventfd_write: Bad file descriptor (9)
E0625 19:14:37.771455   33689 ev_epoll1_linux.cc:309] epoll_ctl failed: Bad file descriptor (9)
[mutex.cc : 2443] RAW: Check w->waitp->cond == nullptr failed: Mutex::Fer while waiting on Condition
I0625 19:15:57.162240   31167 fork_posix.cc:71] Other threads are currently calling into gRPC, skipping fork() handlers
E0625 19:15:57.202635   34796 completion_queue.cc:800] Kick failed: UNKNOWN:eventfd_write: Bad file descriptor (9)
E0625 19:15:57.204637   34798 ev_epoll1_linux.cc:309] epoll_ctl failed: Bad file descriptor (9)
E0625 19:15:57.204666   34798 ev_epoll1_linux.cc:309] epoll_ctl failed: Bad file descriptor (9)
I0625 19:15:58.273727   31167 fork_posix.cc:71] Other threads are currently calling into gRPC, skipping fork() handlers
I0625 19:15:59.636173   31167 fork_posix.cc:71] Other threads are currently calling into gRPC, skipping fork() handlers
E0625 19:15:59.695783   34865 completion_queue.cc:800] Kick failed: UNKNOWN:eventfd_write: Bad file descriptor (9)
I0625 19:16:00.783525   31167 fork_posix.cc:71] Other threads are currently calling into gRPC, skipping fork() handlers
E0625 19:16:00.849089   34893 completion_queue.cc:800] Kick failed: UNKNOWN:eventfd_write: Bad file descriptor (9)
I0625 19:16:02.458880   31167 fork_posix.cc:71] Other threads are currently calling into gRPC, skipping fork() handlers
E0625 19:16:02.498581   34940 completion_queue.cc:800] Kick failed: UNKNOWN:eventfd_write: Bad file descriptor (9)
I0625 19:16:04.137714   31167 fork_posix.cc:71] Other threads are currently calling into gRPC, skipping fork() handlers
I0625 19:16:05.247110   31167 fork_posix.cc:71] Other threads are currently calling into gRPC, skipping fork() handlers
E0625 19:16:05.285582   35024 completion_queue.cc:800] Kick failed: UNKNOWN:eventfd_write: Bad file descriptor (9)
I0625 19:16:06.360239   31167 fork_posix.cc:71] Other threads are currently calling into gRPC, skipping fork() handlers
I0625 19:16:07.715185   31167 fork_posix.cc:71] Other threads are currently calling into gRPC, skipping fork() handlers
E0625 19:16:07.775453   35101 ev_epoll1_linux.cc:309] epoll_ctl failed: Bad file descriptor (9)
E0625 19:16:07.775519   35101 ev_epoll1_linux.cc:309] epoll_ctl failed: Bad file descriptor (9)
I0625 19:16:08.856313   31167 fork_posix.cc:71] Other threads are currently calling into gRPC, skipping fork() handlers
E0625 19:16:08.895607   35138 completion_queue.cc:800] Kick failed: UNKNOWN:eventfd_write: Bad file descriptor (9)
I0625 19:16:10.283438   31167 fork_posix.cc:71] Other threads are currently calling into gRPC, skipping fork() handlers
E0625 19:16:10.322269   35176 completion_queue.cc:800] Kick failed: UNKNOWN:eventfd_write: Bad file descriptor (9)
I0625 19:16:11.636534   31167 fork_posix.cc:71] Other threads are currently calling into gRPC, skipping fork() handlers
I0625 19:16:12.746567   31167 fork_posix.cc:71] Other threads are currently calling into gRPC, skipping fork() handlers
E0625 19:16:12.785295   35255 completion_queue.cc:800] Kick failed: UNKNOWN:eventfd_write: Bad file descriptor (9)
I0625 19:16:13.859314   31167 fork_posix.cc:71] Other threads are currently calling into gRPC, skipping fork() handlers
I0625 19:16:14.977424   31167 fork_posix.cc:71] Other threads are currently calling into gRPC, skipping fork() handlers
E0625 19:16:15.016665   35331 completion_queue.cc:800] Kick failed: UNKNOWN:eventfd_write: Bad file descriptor (9)
I0625 19:16:16.084799   31167 fork_posix.cc:71] Other threads are currently calling into gRPC, skipping fork() handlers
I0625 19:16:17.220354   31167 fork_posix.cc:71] Other threads are currently calling into gRPC, skipping fork() handlers
E0625 19:16:17.258975   35407 completion_queue.cc:800] Kick failed: UNKNOWN:eventfd_write: Bad file descriptor (9)
I0625 19:16:18.336487   31167 fork_posix.cc:71] Other threads are currently calling into gRPC, skipping fork() handlers
E0625 19:16:18.377259   35450 ev_epoll1_linux.cc:309] epoll_ctl failed: Bad file descriptor (9)
E0625 19:16:18.377321   35450 ev_epoll1_linux.cc:309] epoll_ctl failed: Bad file descriptor (9)
I0625 19:16:19.447637   31167 fork_posix.cc:71] Other threads are currently calling into gRPC, skipping fork() handlers
E0625 19:16:19.486866   35504 completion_queue.cc:800] Kick failed: UNKNOWN:eventfd_write: Bad file descriptor (9)
I0625 19:16:20.556695   31167 fork_posix.cc:71] Other threads are currently calling into gRPC, skipping fork() handlers
I0625 19:16:21.664326   31167 fork_posix.cc:71] Other threads are currently calling into gRPC, skipping fork() handlers
E0625 19:16:21.703079   35580 completion_queue.cc:800] Kick failed: UNKNOWN:eventfd_write: Bad file descriptor (9)
I0625 19:16:22.786019   31167 fork_posix.cc:71] Other threads are currently calling into gRPC, skipping fork() handlers
I0625 19:16:24.310349   31167 fork_posix.cc:71] Other threads are currently calling into gRPC, skipping fork() handlers
E0625 19:16:24.348467   35656 completion_queue.cc:800] Kick failed: UNKNOWN:eventfd_write: Bad file descriptor (9)
I0625 19:16:25.417623   31167 fork_posix.cc:71] Other threads are currently calling into gRPC, skipping fork() handlers
E0625 19:16:25.456292   35694 completion_queue.cc:800] Kick failed: UNKNOWN:eventfd_write: Bad file descriptor (9)
I0625 19:16:26.538015   31167 fork_posix.cc:71] Other threads are currently calling into gRPC, skipping fork() handlers
E0625 19:16:26.576715   35733 completion_queue.cc:800] Kick failed: UNKNOWN:eventfd_write: Bad file descriptor (9)
I0625 19:16:27.652117   31167 fork_posix.cc:71] Other threads are currently calling into gRPC, skipping fork() handlers
E0625 19:16:27.691404   35753 completion_queue.cc:800] Kick failed: UNKNOWN:eventfd_write: Bad file descriptor (9)
I0625 19:16:28.760239   31167 fork_posix.cc:71] Other threads are currently calling into gRPC, skipping fork() handlers
E0625 19:16:28.799773   35825 completion_queue.cc:800] Kick failed: UNKNOWN:eventfd_write: Bad file descriptor (9)
E0625 19:16:28.801674   35831 ev_epoll1_linux.cc:309] epoll_ctl failed: Bad file descriptor (9)
I0625 19:16:29.873318   31167 fork_posix.cc:71] Other threads are currently calling into gRPC, skipping fork() handlers
E0625 19:16:29.933409   35868 completion_queue.cc:800] Kick failed: UNKNOWN:eventfd_write: Bad file descriptor (9)
I0625 19:16:31.002085   31167 fork_posix.cc:71] Other threads are currently calling into gRPC, skipping fork() handlers
E0625 19:16:31.062547   35907 completion_queue.cc:800] Kick failed: UNKNOWN:eventfd_write: Bad file descriptor (9)
I0625 19:16:32.132492   31167 fork_posix.cc:71] Other threads are currently calling into gRPC, skipping fork() handlers
E0625 19:16:32.192029   35944 completion_queue.cc:800] Kick failed: UNKNOWN:eventfd_write: Bad file descriptor (9)
I0625 19:16:33.796572   31167 fork_posix.cc:71] Other threads are currently calling into gRPC, skipping fork() handlers
E0625 19:16:33.855651   35983 completion_queue.cc:800] Kick failed: UNKNOWN:eventfd_write: Bad file descriptor (9)
I0625 19:16:34.951327   31167 fork_posix.cc:71] Other threads are currently calling into gRPC, skipping fork() handlers
I0625 19:16:36.057968   31167 fork_posix.cc:71] Other threads are currently calling into gRPC, skipping fork() handlers
E0625 19:16:36.097056   36061 ev_epoll1_linux.cc:373] (event_engine) Epoll1Poller:0x55e3772dfaa0 encountered epoll_wait error: Bad file descriptor
[92mINFO [0m:      Sent reply
[92mINFO [0m:      
[92mINFO [0m:      Received: evaluate message 59afea97-a848-4346-8c7f-5acf75da87b7
I0625 19:18:36.873764   24294 fork_posix.cc:71] Other threads are currently calling into gRPC, skipping fork() handlers
I0625 19:18:36.915570   36199 fork_posix.cc:71] Other threads are currently calling into gRPC, skipping fork() handlers
I0625 19:18:36.956238   24294 fork_posix.cc:71] Other threads are currently calling into gRPC, skipping fork() handlers
E0625 19:18:36.956487   36255 completion_queue.cc:800] Kick failed: UNKNOWN:eventfd_write: Bad file descriptor (9)
E0625 19:18:36.958270   36255 ev_epoll1_linux.cc:309] epoll_ctl failed: Bad file descriptor (9)
E0625 19:18:36.958295   36255 ev_epoll1_linux.cc:309] epoll_ctl failed: Bad file descriptor (9)
[92mINFO [0m:      Sent reply
[92mINFO [0m:      
[92mINFO [0m:      Received: train message 22d14807-3a3f-4292-9fe8-dec98177fdd4
I0625 19:19:34.930177   24294 fork_posix.cc:71] Other threads are currently calling into gRPC, skipping fork() handlers
I0625 19:19:34.967895   36394 fork_posix.cc:71] Other threads are currently calling into gRPC, skipping fork() handlers
E0625 19:19:35.005088   36448 completion_queue.cc:800] Kick failed: UNKNOWN:eventfd_write: Bad file descriptor (9)
I0625 19:19:35.005496   24294 fork_posix.cc:71] Other threads are currently calling into gRPC, skipping fork() handlers
E0625 19:19:35.006949   36453 ev_epoll1_linux.cc:309] epoll_ctl failed: Bad file descriptor (9)
E0625 19:19:35.006972   36453 ev_epoll1_linux.cc:309] epoll_ctl failed: Bad file descriptor (9)
[92mINFO [0m:      Sent reply
[92mINFO [0m:      
[92mINFO [0m:      Received: evaluate message 4834087e-f81b-4fd2-a982-26da955e3f66
I0625 19:25:02.974174   24294 fork_posix.cc:71] Other threads are currently calling into gRPC, skipping fork() handlers
I0625 19:25:03.037539   36896 fork_posix.cc:71] Other threads are currently calling into gRPC, skipping fork() handlers
E0625 19:25:03.080556   36952 completion_queue.cc:800] Kick failed: UNKNOWN:eventfd_write: Bad file descriptor (9)
E0625 19:25:03.082410   36955 ev_epoll1_linux.cc:309] epoll_ctl failed: Bad file descriptor (9)
I0625 19:25:03.099282   24294 fork_posix.cc:71] Other threads are currently calling into gRPC, skipping fork() handlers
[92mINFO [0m:      Sent reply
[92mINFO [0m:      
[92mINFO [0m:      Received: train message a70d2e56-3f9c-45fe-b069-e9dcf20e3296
I0625 19:26:08.176354   24294 fork_posix.cc:71] Other threads are currently calling into gRPC, skipping fork() handlers
I0625 19:26:08.215477   37097 fork_posix.cc:71] Other threads are currently calling into gRPC, skipping fork() handlers
I0625 19:26:08.255400   24294 fork_posix.cc:71] Other threads are currently calling into gRPC, skipping fork() handlers
E0625 19:26:08.256750   37153 ev_epoll1_linux.cc:309] epoll_ctl failed: Bad file descriptor (9)
E0625 19:26:08.256805   37153 ev_epoll1_linux.cc:309] epoll_ctl failed: Bad file descriptor (9)
E0625 19:26:08.256851   37153 completion_queue.cc:800] Kick failed: UNKNOWN:eventfd_write: Bad file descriptor (9)
[92mINFO [0m:      Sent reply
[92mINFO [0m:      
[92mINFO [0m:      Received: evaluate message fd20dcd3-b968-4f82-a5ee-486f2f903c84
I0625 19:31:23.747866   24294 fork_posix.cc:71] Other threads are currently calling into gRPC, skipping fork() handlers
I0625 19:31:23.790931   37695 fork_posix.cc:71] Other threads are currently calling into gRPC, skipping fork() handlers
I0625 19:31:23.833792   24294 fork_posix.cc:71] Other threads are currently calling into gRPC, skipping fork() handlers
E0625 19:31:23.834839   37751 ev_epoll1_linux.cc:309] epoll_ctl failed: Bad file descriptor (9)
[92mINFO [0m:      Sent reply
[92mINFO [0m:      
[92mINFO [0m:      Received: train message 0ad6a804-c272-49e5-8935-5ea408f1198c
I0625 19:32:19.246565   24294 fork_posix.cc:71] Other threads are currently calling into gRPC, skipping fork() handlers
I0625 19:32:19.286318   37888 fork_posix.cc:71] Other threads are currently calling into gRPC, skipping fork() handlers
I0625 19:32:19.325518   24294 fork_posix.cc:71] Other threads are currently calling into gRPC, skipping fork() handlers
I0625 19:32:20.395618   37888 fork_posix.cc:71] Other threads are currently calling into gRPC, skipping fork() handlers
I0625 19:32:21.512258   37888 fork_posix.cc:71] Other threads are currently calling into gRPC, skipping fork() handlers
E0625 19:32:21.551201   38091 completion_queue.cc:800] Kick failed: UNKNOWN:eventfd_write: Bad file descriptor (9)
I0625 19:32:22.620410   37888 fork_posix.cc:71] Other threads are currently calling into gRPC, skipping fork() handlers
I0625 19:32:23.728869   37888 fork_posix.cc:71] Other threads are currently calling into gRPC, skipping fork() handlers
E0625 19:32:23.769630   38168 completion_queue.cc:800] Kick failed: UNKNOWN:eventfd_write: Bad file descriptor (9)
I0625 19:32:24.839209   37888 fork_posix.cc:71] Other threads are currently calling into gRPC, skipping fork() handlers
I0625 19:32:25.954472   37888 fork_posix.cc:71] Other threads are currently calling into gRPC, skipping fork() handlers
E0625 19:32:25.994120   38247 completion_queue.cc:800] Kick failed: UNKNOWN:eventfd_write: Bad file descriptor (9)
I0625 19:32:27.062576   37888 fork_posix.cc:71] Other threads are currently calling into gRPC, skipping fork() handlers
I0625 19:32:28.175402   37888 fork_posix.cc:71] Other threads are currently calling into gRPC, skipping fork() handlers
E0625 19:32:28.215134   38326 completion_queue.cc:800] Kick failed: UNKNOWN:eventfd_write: Bad file descriptor (9)
I0625 19:32:29.293289   37888 fork_posix.cc:71] Other threads are currently calling into gRPC, skipping fork() handlers
E0625 19:32:29.334866   38365 ev_epoll1_linux.cc:309] epoll_ctl failed: Bad file descriptor (9)
E0625 19:32:29.334929   38365 ev_epoll1_linux.cc:309] epoll_ctl failed: Bad file descriptor (9)
E0625 19:32:29.334982   38365 completion_queue.cc:800] Kick failed: UNKNOWN:eventfd_write: Bad file descriptor (9)
I0625 19:32:30.414117   37888 fork_posix.cc:71] Other threads are currently calling into gRPC, skipping fork() handlers
E0625 19:32:30.466347   38408 completion_queue.cc:800] Kick failed: UNKNOWN:eventfd_write: Bad file descriptor (9)
I0625 19:32:31.540783   37888 fork_posix.cc:71] Other threads are currently calling into gRPC, skipping fork() handlers
I0625 19:32:32.664766   37888 fork_posix.cc:71] Other threads are currently calling into gRPC, skipping fork() handlers
E0625 19:32:32.717058   38485 completion_queue.cc:800] Kick failed: UNKNOWN:eventfd_write: Bad file descriptor (9)
I0625 19:32:33.792756   37888 fork_posix.cc:71] Other threads are currently calling into gRPC, skipping fork() handlers
I0625 19:32:34.901509   37888 fork_posix.cc:71] Other threads are currently calling into gRPC, skipping fork() handlers
E0625 19:32:34.941082   38561 completion_queue.cc:800] Kick failed: UNKNOWN:eventfd_write: Bad file descriptor (9)
I0625 19:32:36.330720   37888 fork_posix.cc:71] Other threads are currently calling into gRPC, skipping fork() handlers
I0625 19:32:37.444131   37888 fork_posix.cc:71] Other threads are currently calling into gRPC, skipping fork() handlers
E0625 19:32:37.484332   38637 completion_queue.cc:800] Kick failed: UNKNOWN:eventfd_write: Bad file descriptor (9)
I0625 19:32:39.089845   37888 fork_posix.cc:71] Other threads are currently calling into gRPC, skipping fork() handlers
E0625 19:32:39.129727   38676 completion_queue.cc:800] Kick failed: UNKNOWN:eventfd_write: Bad file descriptor (9)
I0625 19:32:40.614588   37888 fork_posix.cc:71] Other threads are currently calling into gRPC, skipping fork() handlers
E0625 19:32:40.656460   38716 ev_epoll1_linux.cc:309] epoll_ctl failed: Bad file descriptor (9)
I0625 19:32:42.268695   37888 fork_posix.cc:71] Other threads are currently calling into gRPC, skipping fork() handlers
E0625 19:32:42.308729   38748 completion_queue.cc:800] Kick failed: UNKNOWN:eventfd_write: Bad file descriptor (9)
I0625 19:32:43.390205   37888 fork_posix.cc:71] Other threads are currently calling into gRPC, skipping fork() handlers
I0625 19:32:44.505570   37888 fork_posix.cc:71] Other threads are currently calling into gRPC, skipping fork() handlers
I0625 19:32:45.630837   37888 fork_posix.cc:71] Other threads are currently calling into gRPC, skipping fork() handlers
I0625 19:32:46.752089   37888 fork_posix.cc:71] Other threads are currently calling into gRPC, skipping fork() handlers
I0625 19:32:47.870182   37888 fork_posix.cc:71] Other threads are currently calling into gRPC, skipping fork() handlers
I0625 19:32:49.179014   37888 fork_posix.cc:71] Other threads are currently calling into gRPC, skipping fork() handlers
I0625 19:32:50.288600   37888 fork_posix.cc:71] Other threads are currently calling into gRPC, skipping fork() handlers
I0625 19:32:51.586399   37888 fork_posix.cc:71] Other threads are currently calling into gRPC, skipping fork() handlers
E0625 19:32:51.626164   39048 completion_queue.cc:800] Kick failed: UNKNOWN:eventfd_write: Bad file descriptor (9)
E0625 19:32:51.628068   39048 ev_epoll1_linux.cc:309] epoll_ctl failed: Bad file descriptor (9)
E0625 19:32:51.628092   39048 ev_epoll1_linux.cc:309] epoll_ctl failed: Bad file descriptor (9)
I0625 19:32:52.706072   37888 fork_posix.cc:71] Other threads are currently calling into gRPC, skipping fork() handlers
I0625 19:32:53.847188   37888 fork_posix.cc:71] Other threads are currently calling into gRPC, skipping fork() handlers
I0625 19:32:55.521766   37888 fork_posix.cc:71] Other threads are currently calling into gRPC, skipping fork() handlers
E0625 19:32:55.561939   39173 completion_queue.cc:800] Kick failed: UNKNOWN:eventfd_write: Bad file descriptor (9)
I0625 19:32:56.631516   37888 fork_posix.cc:71] Other threads are currently calling into gRPC, skipping fork() handlers
E0625 19:32:56.671618   39210 completion_queue.cc:800] Kick failed: UNKNOWN:eventfd_write: Bad file descriptor (9)
I0625 19:32:57.745686   37888 fork_posix.cc:71] Other threads are currently calling into gRPC, skipping fork() handlers
I0625 19:32:58.852544   37888 fork_posix.cc:71] Other threads are currently calling into gRPC, skipping fork() handlers
E0625 19:32:58.892319   39286 completion_queue.cc:800] Kick failed: UNKNOWN:eventfd_write: Bad file descriptor (9)
I0625 19:33:00.281944   37888 fork_posix.cc:71] Other threads are currently calling into gRPC, skipping fork() handlers
E0625 19:33:00.321732   39326 completion_queue.cc:800] Kick failed: UNKNOWN:eventfd_write: Bad file descriptor (9)
I0625 19:33:01.396028   37888 fork_posix.cc:71] Other threads are currently calling into gRPC, skipping fork() handlers
I0625 19:33:02.917861   37888 fork_posix.cc:71] Other threads are currently calling into gRPC, skipping fork() handlers
E0625 19:33:02.958045   39394 completion_queue.cc:800] Kick failed: UNKNOWN:eventfd_write: Bad file descriptor (9)
E0625 19:33:02.959955   39394 ev_epoll1_linux.cc:309] epoll_ctl failed: Bad file descriptor (9)
I0625 19:33:04.034143   37888 fork_posix.cc:71] Other threads are currently calling into gRPC, skipping fork() handlers
E0625 19:33:04.074104   39438 completion_queue.cc:800] Kick failed: UNKNOWN:eventfd_write: Bad file descriptor (9)
I0625 19:33:05.142475   37888 fork_posix.cc:71] Other threads are currently calling into gRPC, skipping fork() handlers
E0625 19:33:05.182542   39459 completion_queue.cc:800] Kick failed: UNKNOWN:eventfd_write: Bad file descriptor (9)
I0625 19:33:06.494662   37888 fork_posix.cc:71] Other threads are currently calling into gRPC, skipping fork() handlers
E0625 19:33:06.534448   39514 completion_queue.cc:800] Kick failed: UNKNOWN:eventfd_write: Bad file descriptor (9)
I0625 19:33:07.603974   37888 fork_posix.cc:71] Other threads are currently calling into gRPC, skipping fork() handlers
I0625 19:33:08.766495   37888 fork_posix.cc:71] Other threads are currently calling into gRPC, skipping fork() handlers
E0625 19:33:08.806696   39590 completion_queue.cc:800] Kick failed: UNKNOWN:eventfd_write: Bad file descriptor (9)
I0625 19:33:09.879301   37888 fork_posix.cc:71] Other threads are currently calling into gRPC, skipping fork() handlers
I0625 19:33:11.007048   37888 fork_posix.cc:71] Other threads are currently calling into gRPC, skipping fork() handlers
E0625 19:33:11.046875   39666 completion_queue.cc:800] Kick failed: UNKNOWN:eventfd_write: Bad file descriptor (9)
I0625 19:33:12.119341   37888 fork_posix.cc:71] Other threads are currently calling into gRPC, skipping fork() handlers
I0625 19:33:13.228228   37888 fork_posix.cc:71] Other threads are currently calling into gRPC, skipping fork() handlers
E0625 19:33:13.267171   39745 completion_queue.cc:800] Kick failed: UNKNOWN:eventfd_write: Bad file descriptor (9)
E0625 19:33:13.269047   39745 ev_epoll1_linux.cc:309] epoll_ctl failed: Bad file descriptor (9)
E0625 19:33:13.269072   39745 ev_epoll1_linux.cc:309] epoll_ctl failed: Bad file descriptor (9)
I0625 19:33:14.366075   37888 fork_posix.cc:71] Other threads are currently calling into gRPC, skipping fork() handlers
I0625 19:33:15.471859   37888 fork_posix.cc:71] Other threads are currently calling into gRPC, skipping fork() handlers
E0625 19:33:15.510623   39820 completion_queue.cc:800] Kick failed: UNKNOWN:eventfd_write: Bad file descriptor (9)
I0625 19:33:17.115455   37888 fork_posix.cc:71] Other threads are currently calling into gRPC, skipping fork() handlers
E0625 19:33:17.154219   39841 completion_queue.cc:800] Kick failed: UNKNOWN:eventfd_write: Bad file descriptor (9)
I0625 19:33:18.642462   37888 fork_posix.cc:71] Other threads are currently calling into gRPC, skipping fork() handlers
E0625 19:33:18.701849   39899 completion_queue.cc:800] Kick failed: UNKNOWN:eventfd_write: Bad file descriptor (9)
I0625 19:33:19.792744   37888 fork_posix.cc:71] Other threads are currently calling into gRPC, skipping fork() handlers
I0625 19:33:20.899419   37888 fork_posix.cc:71] Other threads are currently calling into gRPC, skipping fork() handlers
I0625 19:33:22.017357   37888 fork_posix.cc:71] Other threads are currently calling into gRPC, skipping fork() handlers
I0625 19:33:23.123217   37888 fork_posix.cc:71] Other threads are currently calling into gRPC, skipping fork() handlers
I0625 19:33:24.263519   37888 fork_posix.cc:71] Other threads are currently calling into gRPC, skipping fork() handlers
E0625 19:33:24.303774   40087 ev_epoll1_linux.cc:309] epoll_ctl failed: Bad file descriptor (9)
E0625 19:33:24.303894   40087 completion_queue.cc:800] Kick failed: UNKNOWN:eventfd_write: Bad file descriptor (9)
I0625 19:33:25.376311   37888 fork_posix.cc:71] Other threads are currently calling into gRPC, skipping fork() handlers
I0625 19:33:26.482167   37888 fork_posix.cc:71] Other threads are currently calling into gRPC, skipping fork() handlers
E0625 19:33:26.520930   40162 completion_queue.cc:800] Kick failed: UNKNOWN:eventfd_write: Bad file descriptor (9)
I0625 19:33:27.599407   37888 fork_posix.cc:71] Other threads are currently calling into gRPC, skipping fork() handlers
E0625 19:33:27.638236   40202 completion_queue.cc:800] Kick failed: UNKNOWN:eventfd_write: Bad file descriptor (9)
I0625 19:33:28.706653   37888 fork_posix.cc:71] Other threads are currently calling into gRPC, skipping fork() handlers
E0625 19:33:28.745133   40222 completion_queue.cc:800] Kick failed: UNKNOWN:eventfd_write: Bad file descriptor (9)
I0625 19:33:29.814622   37888 fork_posix.cc:71] Other threads are currently calling into gRPC, skipping fork() handlers
E0625 19:33:29.853477   40278 completion_queue.cc:800] Kick failed: UNKNOWN:eventfd_write: Bad file descriptor (9)
I0625 19:33:30.956611   37888 fork_posix.cc:71] Other threads are currently calling into gRPC, skipping fork() handlers
E0625 19:33:30.995071   40316 completion_queue.cc:800] Kick failed: UNKNOWN:eventfd_write: Bad file descriptor (9)
I0625 19:33:32.061094   37888 fork_posix.cc:71] Other threads are currently calling into gRPC, skipping fork() handlers
E0625 19:33:32.099665   40393 completion_queue.cc:800] Kick failed: UNKNOWN:eventfd_write: Bad file descriptor (9)
I0625 19:33:33.412548   37888 fork_posix.cc:71] Other threads are currently calling into gRPC, skipping fork() handlers
E0625 19:33:33.451386   40431 completion_queue.cc:800] Kick failed: UNKNOWN:eventfd_write: Bad file descriptor (9)
I0625 19:33:34.521425   37888 fork_posix.cc:71] Other threads are currently calling into gRPC, skipping fork() handlers
E0625 19:33:34.561577   40468 ev_epoll1_linux.cc:309] epoll_ctl failed: Bad file descriptor (9)
E0625 19:33:34.561688   40468 completion_queue.cc:800] Kick failed: UNKNOWN:eventfd_write: Bad file descriptor (9)
I0625 19:33:35.634151   37888 fork_posix.cc:71] Other threads are currently calling into gRPC, skipping fork() handlers
I0625 19:33:36.765091   37888 fork_posix.cc:71] Other threads are currently calling into gRPC, skipping fork() handlers
I0625 19:33:37.873940   37888 fork_posix.cc:71] Other threads are currently calling into gRPC, skipping fork() handlers
I0625 19:33:38.981403   37888 fork_posix.cc:71] Other threads are currently calling into gRPC, skipping fork() handlers
I0625 19:33:40.092260   37888 fork_posix.cc:71] Other threads are currently calling into gRPC, skipping fork() handlers
I0625 19:33:41.220429   37888 fork_posix.cc:71] Other threads are currently calling into gRPC, skipping fork() handlers
I0625 19:33:42.362097   37888 fork_posix.cc:71] Other threads are currently calling into gRPC, skipping fork() handlers
E0625 19:33:42.400736   40736 completion_queue.cc:800] Kick failed: UNKNOWN:eventfd_write: Bad file descriptor (9)
I0625 19:33:43.884481   37888 fork_posix.cc:71] Other threads are currently calling into gRPC, skipping fork() handlers
E0625 19:33:43.945446   40774 completion_queue.cc:800] Kick failed: UNKNOWN:eventfd_write: Bad file descriptor (9)
I0625 19:33:45.436360   37888 fork_posix.cc:71] Other threads are currently calling into gRPC, skipping fork() handlers
E0625 19:33:45.476968   40795 ev_epoll1_linux.cc:309] epoll_ctl failed: Bad file descriptor (9)
E0625 19:33:45.477033   40795 ev_epoll1_linux.cc:309] epoll_ctl failed: Bad file descriptor (9)
I0625 19:33:47.085087   37888 fork_posix.cc:71] Other threads are currently calling into gRPC, skipping fork() handlers
I0625 19:33:48.727362   37888 fork_posix.cc:71] Other threads are currently calling into gRPC, skipping fork() handlers
I0625 19:33:49.840085   37888 fork_posix.cc:71] Other threads are currently calling into gRPC, skipping fork() handlers
I0625 19:33:50.953576   37888 fork_posix.cc:71] Other threads are currently calling into gRPC, skipping fork() handlers
I0625 19:33:52.060643   37888 fork_posix.cc:71] Other threads are currently calling into gRPC, skipping fork() handlers
I0625 19:33:53.167544   37888 fork_posix.cc:71] Other threads are currently calling into gRPC, skipping fork() handlers
I0625 19:33:54.297014   37888 fork_posix.cc:71] Other threads are currently calling into gRPC, skipping fork() handlers
E0625 19:33:54.335604   41079 completion_queue.cc:800] Kick failed: UNKNOWN:eventfd_write: Bad file descriptor (9)
I0625 19:33:55.408010   37888 fork_posix.cc:71] Other threads are currently calling into gRPC, skipping fork() handlers
E0625 19:33:55.445778   41116 completion_queue.cc:800] Kick failed: UNKNOWN:eventfd_write: Bad file descriptor (9)
I0625 19:33:56.513542   37888 fork_posix.cc:71] Other threads are currently calling into gRPC, skipping fork() handlers
E0625 19:33:56.551842   41155 completion_queue.cc:800] Kick failed: UNKNOWN:eventfd_write: Bad file descriptor (9)
E0625 19:33:56.553713   41155 ev_epoll1_linux.cc:309] epoll_ctl failed: Bad file descriptor (9)
I0625 19:33:57.625863   37888 fork_posix.cc:71] Other threads are currently calling into gRPC, skipping fork() handlers
E0625 19:33:57.664216   41194 completion_queue.cc:800] Kick failed: UNKNOWN:eventfd_write: Bad file descriptor (9)
I0625 19:33:58.731096   37888 fork_posix.cc:71] Other threads are currently calling into gRPC, skipping fork() handlers
E0625 19:33:58.769166   41232 completion_queue.cc:800] Kick failed: UNKNOWN:eventfd_write: Bad file descriptor (9)
I0625 19:33:59.836294   37888 fork_posix.cc:71] Other threads are currently calling into gRPC, skipping fork() handlers
E0625 19:33:59.880364   41270 completion_queue.cc:800] Kick failed: UNKNOWN:eventfd_write: Bad file descriptor (9)
I0625 19:34:00.948833   37888 fork_posix.cc:71] Other threads are currently calling into gRPC, skipping fork() handlers
E0625 19:34:00.987287   41308 completion_queue.cc:800] Kick failed: UNKNOWN:eventfd_write: Bad file descriptor (9)
I0625 19:34:02.054151   37888 fork_posix.cc:71] Other threads are currently calling into gRPC, skipping fork() handlers
E0625 19:34:02.092502   41346 completion_queue.cc:800] Kick failed: UNKNOWN:eventfd_write: Bad file descriptor (9)
I0625 19:34:03.164177   37888 fork_posix.cc:71] Other threads are currently calling into gRPC, skipping fork() handlers
E0625 19:34:03.202682   41384 completion_queue.cc:800] Kick failed: UNKNOWN:eventfd_write: Bad file descriptor (9)
I0625 19:34:04.287017   37888 fork_posix.cc:71] Other threads are currently calling into gRPC, skipping fork() handlers
E0625 19:34:04.325243   41422 completion_queue.cc:800] Kick failed: UNKNOWN:eventfd_write: Bad file descriptor (9)
I0625 19:34:05.401130   37888 fork_posix.cc:71] Other threads are currently calling into gRPC, skipping fork() handlers
E0625 19:34:05.439478   41459 completion_queue.cc:800] Kick failed: UNKNOWN:eventfd_write: Bad file descriptor (9)
I0625 19:34:06.525190   37888 fork_posix.cc:71] Other threads are currently calling into gRPC, skipping fork() handlers
E0625 19:34:06.563534   41497 completion_queue.cc:800] Kick failed: UNKNOWN:eventfd_write: Bad file descriptor (9)
E0625 19:34:06.565421   41497 ev_epoll1_linux.cc:309] epoll_ctl failed: Bad file descriptor (9)
I0625 19:34:07.884947   37888 fork_posix.cc:71] Other threads are currently calling into gRPC, skipping fork() handlers
E0625 19:34:07.923296   41530 completion_queue.cc:800] Kick failed: UNKNOWN:eventfd_write: Bad file descriptor (9)
I0625 19:34:09.014042   37888 fork_posix.cc:71] Other threads are currently calling into gRPC, skipping fork() handlers
I0625 19:34:10.122695   37888 fork_posix.cc:71] Other threads are currently calling into gRPC, skipping fork() handlers
I0625 19:34:11.230706   37888 fork_posix.cc:71] Other threads are currently calling into gRPC, skipping fork() handlers
I0625 19:34:12.342387   37888 fork_posix.cc:71] Other threads are currently calling into gRPC, skipping fork() handlers
I0625 19:34:13.448622   37888 fork_posix.cc:71] Other threads are currently calling into gRPC, skipping fork() handlers
I0625 19:34:14.554295   37888 fork_posix.cc:71] Other threads are currently calling into gRPC, skipping fork() handlers
I0625 19:34:15.661151   37888 fork_posix.cc:71] Other threads are currently calling into gRPC, skipping fork() handlers
E0625 19:34:15.699778   41804 completion_queue.cc:800] Kick failed: UNKNOWN:eventfd_write: Bad file descriptor (9)
I0625 19:34:16.767127   37888 fork_posix.cc:71] Other threads are currently calling into gRPC, skipping fork() handlers
E0625 19:34:16.805321   41842 completion_queue.cc:800] Kick failed: UNKNOWN:eventfd_write: Bad file descriptor (9)
E0625 19:34:16.807241   41842 ev_epoll1_linux.cc:309] epoll_ctl failed: Bad file descriptor (9)
I0625 19:34:17.882479   37888 fork_posix.cc:71] Other threads are currently calling into gRPC, skipping fork() handlers
E0625 19:34:17.920933   41875 completion_queue.cc:800] Kick failed: UNKNOWN:eventfd_write: Bad file descriptor (9)
I0625 19:34:18.988189   37888 fork_posix.cc:71] Other threads are currently calling into gRPC, skipping fork() handlers
E0625 19:34:19.026603   41918 completion_queue.cc:800] Kick failed: UNKNOWN:eventfd_write: Bad file descriptor (9)
I0625 19:34:20.100123   37888 fork_posix.cc:71] Other threads are currently calling into gRPC, skipping fork() handlers
E0625 19:34:20.138831   41956 completion_queue.cc:800] Kick failed: UNKNOWN:eventfd_write: Bad file descriptor (9)
I0625 19:34:21.206353   37888 fork_posix.cc:71] Other threads are currently calling into gRPC, skipping fork() handlers
E0625 19:34:21.244873   41994 completion_queue.cc:800] Kick failed: UNKNOWN:eventfd_write: Bad file descriptor (9)
I0625 19:34:22.323090   37888 fork_posix.cc:71] Other threads are currently calling into gRPC, skipping fork() handlers
E0625 19:34:22.361705   42032 completion_queue.cc:800] Kick failed: UNKNOWN:eventfd_write: Bad file descriptor (9)
I0625 19:34:23.675146   37888 fork_posix.cc:71] Other threads are currently calling into gRPC, skipping fork() handlers
I0625 19:34:24.782616   37888 fork_posix.cc:71] Other threads are currently calling into gRPC, skipping fork() handlers
E0625 19:34:24.820360   42108 completion_queue.cc:800] Kick failed: UNKNOWN:eventfd_write: Bad file descriptor (9)
I0625 19:34:25.926320   37888 fork_posix.cc:71] Other threads are currently calling into gRPC, skipping fork() handlers
I0625 19:34:27.046214   37888 fork_posix.cc:71] Other threads are currently calling into gRPC, skipping fork() handlers
E0625 19:34:27.085165   42184 completion_queue.cc:800] Kick failed: UNKNOWN:eventfd_write: Bad file descriptor (9)
E0625 19:34:27.087112   42184 ev_epoll1_linux.cc:309] epoll_ctl failed: Bad file descriptor (9)
I0625 19:34:28.156232   37888 fork_posix.cc:71] Other threads are currently calling into gRPC, skipping fork() handlers
I0625 19:34:29.318643   37888 fork_posix.cc:71] Other threads are currently calling into gRPC, skipping fork() handlers
I0625 19:34:30.422976   37888 fork_posix.cc:71] Other threads are currently calling into gRPC, skipping fork() handlers
E0625 19:34:30.461679   42303 completion_queue.cc:800] Kick failed: UNKNOWN:eventfd_write: Bad file descriptor (9)
I0625 19:34:31.566091   37888 fork_posix.cc:71] Other threads are currently calling into gRPC, skipping fork() handlers
I0625 19:34:32.993787   37888 fork_posix.cc:71] Other threads are currently calling into gRPC, skipping fork() handlers
I0625 19:34:34.134236   37888 fork_posix.cc:71] Other threads are currently calling into gRPC, skipping fork() handlers
I0625 19:34:35.260835   37888 fork_posix.cc:71] Other threads are currently calling into gRPC, skipping fork() handlers
I0625 19:34:36.389380   37888 fork_posix.cc:71] Other threads are currently calling into gRPC, skipping fork() handlers
I0625 19:34:37.518517   37888 fork_posix.cc:71] Other threads are currently calling into gRPC, skipping fork() handlers
E0625 19:34:37.558346   42537 ev_epoll1_linux.cc:309] epoll_ctl failed: Bad file descriptor (9)
I0625 19:34:38.635374   37888 fork_posix.cc:71] Other threads are currently calling into gRPC, skipping fork() handlers
E0625 19:34:38.694003   42569 completion_queue.cc:800] Kick failed: UNKNOWN:eventfd_write: Bad file descriptor (9)
I0625 19:34:40.175077   37888 fork_posix.cc:71] Other threads are currently calling into gRPC, skipping fork() handlers
E0625 19:34:40.236362   42600 completion_queue.cc:800] Kick failed: UNKNOWN:eventfd_write: Bad file descriptor (9)
I0625 19:34:41.306465   37888 fork_posix.cc:71] Other threads are currently calling into gRPC, skipping fork() handlers
E0625 19:34:41.374156   42647 completion_queue.cc:800] Kick failed: UNKNOWN:eventfd_write: Bad file descriptor (9)
I0625 19:34:42.443144   37888 fork_posix.cc:71] Other threads are currently calling into gRPC, skipping fork() handlers
I0625 19:34:43.560195   37888 fork_posix.cc:71] Other threads are currently calling into gRPC, skipping fork() handlers
E0625 19:34:43.621197   42723 completion_queue.cc:800] Kick failed: UNKNOWN:eventfd_write: Bad file descriptor (9)
I0625 19:34:44.938418   37888 fork_posix.cc:71] Other threads are currently calling into gRPC, skipping fork() handlers
E0625 19:34:44.998607   42752 completion_queue.cc:800] Kick failed: UNKNOWN:eventfd_write: Bad file descriptor (9)
I0625 19:34:46.318709   37888 fork_posix.cc:71] Other threads are currently calling into gRPC, skipping fork() handlers
I0625 19:34:47.433501   37888 fork_posix.cc:71] Other threads are currently calling into gRPC, skipping fork() handlers
E0625 19:34:47.494602   42837 completion_queue.cc:800] Kick failed: UNKNOWN:eventfd_write: Bad file descriptor (9)
I0625 19:34:48.564006   37888 fork_posix.cc:71] Other threads are currently calling into gRPC, skipping fork() handlers
E0625 19:34:48.627499   42876 ev_epoll1_linux.cc:309] epoll_ctl failed: Bad file descriptor (9)
I0625 19:34:49.738603   37888 fork_posix.cc:71] Other threads are currently calling into gRPC, skipping fork() handlers
I0625 19:34:50.849231   37888 fork_posix.cc:71] Other threads are currently calling into gRPC, skipping fork() handlers
E0625 19:34:50.910533   42934 completion_queue.cc:800] Kick failed: UNKNOWN:eventfd_write: Bad file descriptor (9)
I0625 19:34:51.979991   37888 fork_posix.cc:71] Other threads are currently calling into gRPC, skipping fork() handlers
I0625 19:34:53.111054   37888 fork_posix.cc:71] Other threads are currently calling into gRPC, skipping fork() handlers
E0625 19:34:53.171735   43027 completion_queue.cc:800] Kick failed: UNKNOWN:eventfd_write: Bad file descriptor (9)
I0625 19:34:54.241083   37888 fork_posix.cc:71] Other threads are currently calling into gRPC, skipping fork() handlers
I0625 19:34:55.376719   37888 fork_posix.cc:71] Other threads are currently calling into gRPC, skipping fork() handlers
E0625 19:34:55.443023   43103 completion_queue.cc:800] Kick failed: UNKNOWN:eventfd_write: Bad file descriptor (9)
I0625 19:34:56.512144   37888 fork_posix.cc:71] Other threads are currently calling into gRPC, skipping fork() handlers
I0625 19:34:57.642808   37888 fork_posix.cc:71] Other threads are currently calling into gRPC, skipping fork() handlers
E0625 19:34:57.704326   43178 completion_queue.cc:800] Kick failed: UNKNOWN:eventfd_write: Bad file descriptor (9)
I0625 19:34:58.771049   37888 fork_posix.cc:71] Other threads are currently calling into gRPC, skipping fork() handlers
E0625 19:34:58.821505   43218 ev_epoll1_linux.cc:309] epoll_ctl failed: Bad file descriptor (9)
E0625 19:34:58.821574   43218 ev_epoll1_linux.cc:309] epoll_ctl failed: Bad file descriptor (9)
I0625 19:34:59.905208   37888 fork_posix.cc:71] Other threads are currently calling into gRPC, skipping fork() handlers
E0625 19:34:59.943331   43254 completion_queue.cc:800] Kick failed: UNKNOWN:eventfd_write: Bad file descriptor (9)
I0625 19:35:01.012069   37888 fork_posix.cc:71] Other threads are currently calling into gRPC, skipping fork() handlers
I0625 19:35:02.438973   37888 fork_posix.cc:71] Other threads are currently calling into gRPC, skipping fork() handlers
I0625 19:35:04.086256   37888 fork_posix.cc:71] Other threads are currently calling into gRPC, skipping fork() handlers
I0625 19:35:05.204039   37888 fork_posix.cc:71] Other threads are currently calling into gRPC, skipping fork() handlers
I0625 19:35:06.722930   37888 fork_posix.cc:71] Other threads are currently calling into gRPC, skipping fork() handlers
I0625 19:35:07.829625   37888 fork_posix.cc:71] Other threads are currently calling into gRPC, skipping fork() handlers
I0625 19:35:08.942300   37888 fork_posix.cc:71] Other threads are currently calling into gRPC, skipping fork() handlers
E0625 19:35:08.982250   43523 ev_epoll1_linux.cc:309] epoll_ctl failed: Bad file descriptor (9)
E0625 19:35:08.982313   43523 ev_epoll1_linux.cc:309] epoll_ctl failed: Bad file descriptor (9)
E0625 19:35:08.982370   43523 completion_queue.cc:800] Kick failed: UNKNOWN:eventfd_write: Bad file descriptor (9)
I0625 19:35:10.089053   37888 fork_posix.cc:71] Other threads are currently calling into gRPC, skipping fork() handlers
I0625 19:35:11.198374   37888 fork_posix.cc:71] Other threads are currently calling into gRPC, skipping fork() handlers
E0625 19:35:11.236165   43597 completion_queue.cc:800] Kick failed: UNKNOWN:eventfd_write: Bad file descriptor (9)
I0625 19:35:12.304738   37888 fork_posix.cc:71] Other threads are currently calling into gRPC, skipping fork() handlers
E0625 19:35:12.343163   43634 completion_queue.cc:800] Kick failed: UNKNOWN:eventfd_write: Bad file descriptor (9)
I0625 19:35:13.423863   37888 fork_posix.cc:71] Other threads are currently calling into gRPC, skipping fork() handlers
E0625 19:35:13.462056   43677 completion_queue.cc:800] Kick failed: UNKNOWN:eventfd_write: Bad file descriptor (9)
I0625 19:35:14.773638   37888 fork_posix.cc:71] Other threads are currently calling into gRPC, skipping fork() handlers
E0625 19:35:14.811842   43713 completion_queue.cc:800] Kick failed: UNKNOWN:eventfd_write: Bad file descriptor (9)
I0625 19:35:15.882227   37888 fork_posix.cc:71] Other threads are currently calling into gRPC, skipping fork() handlers
I0625 19:35:16.988009   37888 fork_posix.cc:71] Other threads are currently calling into gRPC, skipping fork() handlers
I0625 19:35:18.097175   37888 fork_posix.cc:71] Other threads are currently calling into gRPC, skipping fork() handlers
I0625 19:35:19.203008   37888 fork_posix.cc:71] Other threads are currently calling into gRPC, skipping fork() handlers
E0625 19:35:19.243304   43865 ev_epoll1_linux.cc:309] epoll_ctl failed: Bad file descriptor (9)
E0625 19:35:19.243366   43865 ev_epoll1_linux.cc:309] epoll_ctl failed: Bad file descriptor (9)
E0625 19:35:19.243425   43865 completion_queue.cc:800] Kick failed: UNKNOWN:eventfd_write: Bad file descriptor (9)
I0625 19:35:20.314129   37888 fork_posix.cc:71] Other threads are currently calling into gRPC, skipping fork() handlers
I0625 19:35:21.419283   37888 fork_posix.cc:71] Other threads are currently calling into gRPC, skipping fork() handlers
I0625 19:35:22.525124   37888 fork_posix.cc:71] Other threads are currently calling into gRPC, skipping fork() handlers
I0625 19:35:23.630815   37888 fork_posix.cc:71] Other threads are currently calling into gRPC, skipping fork() handlers
I0625 19:35:25.057007   37888 fork_posix.cc:71] Other threads are currently calling into gRPC, skipping fork() handlers
I0625 19:35:26.162557   37888 fork_posix.cc:71] Other threads are currently calling into gRPC, skipping fork() handlers
I0625 19:35:27.585798   37888 fork_posix.cc:71] Other threads are currently calling into gRPC, skipping fork() handlers
I0625 19:35:28.697904   37888 fork_posix.cc:71] Other threads are currently calling into gRPC, skipping fork() handlers
E0625 19:35:28.736179   44170 completion_queue.cc:800] Kick failed: UNKNOWN:eventfd_write: Bad file descriptor (9)
I0625 19:35:29.829075   37888 fork_posix.cc:71] Other threads are currently calling into gRPC, skipping fork() handlers
E0625 19:35:29.869044   44208 ev_epoll1_linux.cc:309] epoll_ctl failed: Bad file descriptor (9)
E0625 19:35:29.869105   44208 ev_epoll1_linux.cc:309] epoll_ctl failed: Bad file descriptor (9)
I0625 19:35:30.941295   37888 fork_posix.cc:71] Other threads are currently calling into gRPC, skipping fork() handlers
E0625 19:35:30.979799   44246 completion_queue.cc:800] Kick failed: UNKNOWN:eventfd_write: Bad file descriptor (9)
I0625 19:35:32.050098   37888 fork_posix.cc:71] Other threads are currently calling into gRPC, skipping fork() handlers
I0625 19:35:33.168238   37888 fork_posix.cc:71] Other threads are currently calling into gRPC, skipping fork() handlers
E0625 19:35:33.206589   44322 completion_queue.cc:800] Kick failed: UNKNOWN:eventfd_write: Bad file descriptor (9)
I0625 19:35:34.690620   37888 fork_posix.cc:71] Other threads are currently calling into gRPC, skipping fork() handlers
I0625 19:35:35.796236   37888 fork_posix.cc:71] Other threads are currently calling into gRPC, skipping fork() handlers
E0625 19:35:35.834611   44398 completion_queue.cc:800] Kick failed: UNKNOWN:eventfd_write: Bad file descriptor (9)
I0625 19:35:36.917125   37888 fork_posix.cc:71] Other threads are currently calling into gRPC, skipping fork() handlers
I0625 19:35:38.024758   37888 fork_posix.cc:71] Other threads are currently calling into gRPC, skipping fork() handlers
E0625 19:35:38.063072   44474 completion_queue.cc:800] Kick failed: UNKNOWN:eventfd_write: Bad file descriptor (9)
I0625 19:35:39.670203   37888 fork_posix.cc:71] Other threads are currently calling into gRPC, skipping fork() handlers
I0625 19:35:40.775249   37888 fork_posix.cc:71] Other threads are currently calling into gRPC, skipping fork() handlers
E0625 19:35:40.813357   44552 completion_queue.cc:800] Kick failed: UNKNOWN:eventfd_write: Bad file descriptor (9)
E0625 19:35:40.815222   44552 ev_epoll1_linux.cc:309] epoll_ctl failed: Bad file descriptor (9)
I0625 19:35:41.885273   37888 fork_posix.cc:71] Other threads are currently calling into gRPC, skipping fork() handlers
I0625 19:35:42.993817   37888 fork_posix.cc:71] Other threads are currently calling into gRPC, skipping fork() handlers
E0625 19:35:43.032247   44628 completion_queue.cc:800] Kick failed: UNKNOWN:eventfd_write: Bad file descriptor (9)
I0625 19:35:44.114165   37888 fork_posix.cc:71] Other threads are currently calling into gRPC, skipping fork() handlers
I0625 19:35:45.219220   37888 fork_posix.cc:71] Other threads are currently calling into gRPC, skipping fork() handlers
E0625 19:35:45.257404   44704 completion_queue.cc:800] Kick failed: UNKNOWN:eventfd_write: Bad file descriptor (9)
I0625 19:35:46.324948   37888 fork_posix.cc:71] Other threads are currently calling into gRPC, skipping fork() handlers
I0625 19:35:47.434058   37888 fork_posix.cc:71] Other threads are currently calling into gRPC, skipping fork() handlers
E0625 19:35:47.472173   44780 completion_queue.cc:800] Kick failed: UNKNOWN:eventfd_write: Bad file descriptor (9)
I0625 19:35:48.650603   37888 fork_posix.cc:71] Other threads are currently calling into gRPC, skipping fork() handlers
E0625 19:35:48.689501   44818 completion_queue.cc:800] Kick failed: UNKNOWN:eventfd_write: Bad file descriptor (9)
I0625 19:35:49.757455   37888 fork_posix.cc:71] Other threads are currently calling into gRPC, skipping fork() handlers
I0625 19:35:50.863884   37888 fork_posix.cc:71] Other threads are currently calling into gRPC, skipping fork() handlers
E0625 19:35:50.904187   44901 ev_epoll1_linux.cc:309] epoll_ctl failed: Bad file descriptor (9)
E0625 19:35:50.904255   44901 ev_epoll1_linux.cc:309] epoll_ctl failed: Bad file descriptor (9)
I0625 19:35:51.972137   37888 fork_posix.cc:71] Other threads are currently calling into gRPC, skipping fork() handlers
I0625 19:35:53.082559   37888 fork_posix.cc:71] Other threads are currently calling into gRPC, skipping fork() handlers
I0625 19:35:54.216834   37888 fork_posix.cc:71] Other threads are currently calling into gRPC, skipping fork() handlers
I0625 19:35:55.323820   37888 fork_posix.cc:71] Other threads are currently calling into gRPC, skipping fork() handlers
I0625 19:35:56.441636   37888 fork_posix.cc:71] Other threads are currently calling into gRPC, skipping fork() handlers
E0625 19:35:56.479933   45084 completion_queue.cc:800] Kick failed: UNKNOWN:eventfd_write: Bad file descriptor (9)
I0625 19:35:57.550965   37888 fork_posix.cc:71] Other threads are currently calling into gRPC, skipping fork() handlers
E0625 19:35:57.589321   45122 completion_queue.cc:800] Kick failed: UNKNOWN:eventfd_write: Bad file descriptor (9)
I0625 19:35:58.657471   37888 fork_posix.cc:71] Other threads are currently calling into gRPC, skipping fork() handlers
E0625 19:35:58.696442   45160 completion_queue.cc:800] Kick failed: UNKNOWN:eventfd_write: Bad file descriptor (9)
I0625 19:35:59.768049   37888 fork_posix.cc:71] Other threads are currently calling into gRPC, skipping fork() handlers
E0625 19:35:59.806664   45198 completion_queue.cc:800] Kick failed: UNKNOWN:eventfd_write: Bad file descriptor (9)
I0625 19:36:00.875121   37888 fork_posix.cc:71] Other threads are currently calling into gRPC, skipping fork() handlers
E0625 19:36:00.913496   45236 completion_queue.cc:800] Kick failed: UNKNOWN:eventfd_write: Bad file descriptor (9)
E0625 19:36:00.915422   45236 ev_epoll1_linux.cc:309] epoll_ctl failed: Bad file descriptor (9)
I0625 19:36:01.990025   37888 fork_posix.cc:71] Other threads are currently calling into gRPC, skipping fork() handlers
E0625 19:36:02.028263   45274 completion_queue.cc:800] Kick failed: UNKNOWN:eventfd_write: Bad file descriptor (9)
I0625 19:36:03.097157   37888 fork_posix.cc:71] Other threads are currently calling into gRPC, skipping fork() handlers
E0625 19:36:03.136061   45312 completion_queue.cc:800] Kick failed: UNKNOWN:eventfd_write: Bad file descriptor (9)
I0625 19:36:04.210589   37888 fork_posix.cc:71] Other threads are currently calling into gRPC, skipping fork() handlers
E0625 19:36:04.248698   45333 completion_queue.cc:800] Kick failed: UNKNOWN:eventfd_write: Bad file descriptor (9)
I0625 19:36:05.349406   37888 fork_posix.cc:71] Other threads are currently calling into gRPC, skipping fork() handlers
E0625 19:36:05.387800   45388 completion_queue.cc:800] Kick failed: UNKNOWN:eventfd_write: Bad file descriptor (9)
I0625 19:36:06.455284   37888 fork_posix.cc:71] Other threads are currently calling into gRPC, skipping fork() handlers
E0625 19:36:06.493546   45427 completion_queue.cc:800] Kick failed: UNKNOWN:eventfd_write: Bad file descriptor (9)
I0625 19:36:07.567797   37888 fork_posix.cc:71] Other threads are currently calling into gRPC, skipping fork() handlers
E0625 19:36:07.605989   45465 completion_queue.cc:800] Kick failed: UNKNOWN:eventfd_write: Bad file descriptor (9)
I0625 19:36:08.673952   37888 fork_posix.cc:71] Other threads are currently calling into gRPC, skipping fork() handlers
E0625 19:36:08.712342   45502 completion_queue.cc:800] Kick failed: UNKNOWN:eventfd_write: Bad file descriptor (9)
I0625 19:36:09.785496   37888 fork_posix.cc:71] Other threads are currently calling into gRPC, skipping fork() handlers
E0625 19:36:09.844957   45534 completion_queue.cc:800] Kick failed: UNKNOWN:eventfd_write: Bad file descriptor (9)
I0625 19:36:10.926867   37888 fork_posix.cc:71] Other threads are currently calling into gRPC, skipping fork() handlers
E0625 19:36:10.989474   45579 ev_epoll1_linux.cc:309] epoll_ctl failed: Bad file descriptor (9)
E0625 19:36:10.989542   45579 ev_epoll1_linux.cc:309] epoll_ctl failed: Bad file descriptor (9)
I0625 19:36:12.308050   37888 fork_posix.cc:71] Other threads are currently calling into gRPC, skipping fork() handlers
E0625 19:36:12.369355   45619 completion_queue.cc:800] Kick failed: UNKNOWN:eventfd_write: Bad file descriptor (9)
I0625 19:36:13.443677   37888 fork_posix.cc:71] Other threads are currently calling into gRPC, skipping fork() handlers
E0625 19:36:13.492863   45657 completion_queue.cc:800] Kick failed: UNKNOWN:eventfd_write: Bad file descriptor (9)
I0625 19:36:14.565465   37888 fork_posix.cc:71] Other threads are currently calling into gRPC, skipping fork() handlers
E0625 19:36:14.623953   45697 completion_queue.cc:800] Kick failed: UNKNOWN:eventfd_write: Bad file descriptor (9)
I0625 19:36:15.690748   37888 fork_posix.cc:71] Other threads are currently calling into gRPC, skipping fork() handlers
E0625 19:36:15.751678   45733 completion_queue.cc:800] Kick failed: UNKNOWN:eventfd_write: Bad file descriptor (9)
I0625 19:36:16.824467   37888 fork_posix.cc:71] Other threads are currently calling into gRPC, skipping fork() handlers
E0625 19:36:16.862466   45752 completion_queue.cc:800] Kick failed: UNKNOWN:eventfd_write: Bad file descriptor (9)
I0625 19:36:18.173429   37888 fork_posix.cc:71] Other threads are currently calling into gRPC, skipping fork() handlers
E0625 19:36:18.211720   45809 completion_queue.cc:800] Kick failed: UNKNOWN:eventfd_write: Bad file descriptor (9)
I0625 19:36:19.280676   37888 fork_posix.cc:71] Other threads are currently calling into gRPC, skipping fork() handlers
I0625 19:36:20.384876   37888 fork_posix.cc:71] Other threads are currently calling into gRPC, skipping fork() handlers
I0625 19:36:21.488399   37888 fork_posix.cc:71] Other threads are currently calling into gRPC, skipping fork() handlers
E0625 19:36:21.529180   45926 ev_epoll1_linux.cc:309] epoll_ctl failed: Bad file descriptor (9)
E0625 19:36:21.529244   45926 ev_epoll1_linux.cc:309] epoll_ctl failed: Bad file descriptor (9)
E0625 19:36:21.529308   45926 completion_queue.cc:800] Kick failed: UNKNOWN:eventfd_write: Bad file descriptor (9)
I0625 19:36:22.600295   37888 fork_posix.cc:71] Other threads are currently calling into gRPC, skipping fork() handlers
I0625 19:36:23.705200   37888 fork_posix.cc:71] Other threads are currently calling into gRPC, skipping fork() handlers
I0625 19:36:24.809560   37888 fork_posix.cc:71] Other threads are currently calling into gRPC, skipping fork() handlers
I0625 19:36:25.918692   37888 fork_posix.cc:71] Other threads are currently calling into gRPC, skipping fork() handlers
I0625 19:36:27.024667   37888 fork_posix.cc:71] Other threads are currently calling into gRPC, skipping fork() handlers
I0625 19:36:28.128504   37888 fork_posix.cc:71] Other threads are currently calling into gRPC, skipping fork() handlers
I0625 19:36:29.238304   37888 fork_posix.cc:71] Other threads are currently calling into gRPC, skipping fork() handlers
I0625 19:36:30.348155   37888 fork_posix.cc:71] Other threads are currently calling into gRPC, skipping fork() handlers
E0625 19:36:30.385998   46233 completion_queue.cc:800] Kick failed: UNKNOWN:eventfd_write: Bad file descriptor (9)
I0625 19:36:31.458092   37888 fork_posix.cc:71] Other threads are currently calling into gRPC, skipping fork() handlers
E0625 19:36:31.496173   46271 completion_queue.cc:800] Kick failed: UNKNOWN:eventfd_write: Bad file descriptor (9)
I0625 19:36:32.562827   37888 fork_posix.cc:71] Other threads are currently calling into gRPC, skipping fork() handlers
E0625 19:36:32.601085   46309 completion_queue.cc:800] Kick failed: UNKNOWN:eventfd_write: Bad file descriptor (9)
E0625 19:36:32.602994   46309 ev_epoll1_linux.cc:309] epoll_ctl failed: Bad file descriptor (9)
I0625 19:36:33.921850   37888 fork_posix.cc:71] Other threads are currently calling into gRPC, skipping fork() handlers
E0625 19:36:33.960268   46348 completion_queue.cc:800] Kick failed: UNKNOWN:eventfd_write: Bad file descriptor (9)
I0625 19:36:35.028605   37888 fork_posix.cc:71] Other threads are currently calling into gRPC, skipping fork() handlers
E0625 19:36:35.067977   46385 completion_queue.cc:800] Kick failed: UNKNOWN:eventfd_write: Bad file descriptor (9)
I0625 19:36:36.382095   37888 fork_posix.cc:71] Other threads are currently calling into gRPC, skipping fork() handlers
E0625 19:36:36.419852   46423 completion_queue.cc:800] Kick failed: UNKNOWN:eventfd_write: Bad file descriptor (9)
I0625 19:36:37.495801   37888 fork_posix.cc:71] Other threads are currently calling into gRPC, skipping fork() handlers
E0625 19:36:37.533880   46461 completion_queue.cc:800] Kick failed: UNKNOWN:eventfd_write: Bad file descriptor (9)
I0625 19:36:39.137801   37888 fork_posix.cc:71] Other threads are currently calling into gRPC, skipping fork() handlers
E0625 19:36:39.179231   46501 completion_queue.cc:800] Kick failed: UNKNOWN:eventfd_write: Bad file descriptor (9)
I0625 19:36:40.247973   37888 fork_posix.cc:71] Other threads are currently calling into gRPC, skipping fork() handlers
I0625 19:36:41.355192   37888 fork_posix.cc:71] Other threads are currently calling into gRPC, skipping fork() handlers
I0625 19:36:42.461352   37888 fork_posix.cc:71] Other threads are currently calling into gRPC, skipping fork() handlers
I0625 19:36:43.566221   37888 fork_posix.cc:71] Other threads are currently calling into gRPC, skipping fork() handlers
E0625 19:36:43.604744   46652 completion_queue.cc:800] Kick failed: UNKNOWN:eventfd_write: Bad file descriptor (9)
E0625 19:36:43.606589   46652 ev_epoll1_linux.cc:309] epoll_ctl failed: Bad file descriptor (9)
E0625 19:36:43.606616   46652 ev_epoll1_linux.cc:309] epoll_ctl failed: Bad file descriptor (9)
I0625 19:36:44.677007   37888 fork_posix.cc:71] Other threads are currently calling into gRPC, skipping fork() handlers
E0625 19:36:44.715510   46690 completion_queue.cc:800] Kick failed: UNKNOWN:eventfd_write: Bad file descriptor (9)
I0625 19:36:46.319160   37888 fork_posix.cc:71] Other threads are currently calling into gRPC, skipping fork() handlers
E0625 19:36:46.357314   46729 completion_queue.cc:800] Kick failed: UNKNOWN:eventfd_write: Bad file descriptor (9)
I0625 19:36:47.423165   37888 fork_posix.cc:71] Other threads are currently calling into gRPC, skipping fork() handlers
E0625 19:36:47.461278   46766 completion_queue.cc:800] Kick failed: UNKNOWN:eventfd_write: Bad file descriptor (9)
I0625 19:36:48.530598   37888 fork_posix.cc:71] Other threads are currently calling into gRPC, skipping fork() handlers
I0625 19:36:49.635018   37888 fork_posix.cc:71] Other threads are currently calling into gRPC, skipping fork() handlers
E0625 19:36:49.672839   46842 completion_queue.cc:800] Kick failed: UNKNOWN:eventfd_write: Bad file descriptor (9)
I0625 19:36:50.756001   37888 fork_posix.cc:71] Other threads are currently calling into gRPC, skipping fork() handlers
I0625 19:36:51.862314   37888 fork_posix.cc:71] Other threads are currently calling into gRPC, skipping fork() handlers
E0625 19:36:51.900521   46918 completion_queue.cc:800] Kick failed: UNKNOWN:eventfd_write: Bad file descriptor (9)
I0625 19:36:52.983353   37888 fork_posix.cc:71] Other threads are currently calling into gRPC, skipping fork() handlers
I0625 19:36:54.093805   37888 fork_posix.cc:71] Other threads are currently calling into gRPC, skipping fork() handlers
E0625 19:36:54.131729   46994 completion_queue.cc:800] Kick failed: UNKNOWN:eventfd_write: Bad file descriptor (9)
E0625 19:36:54.133584   46994 ev_epoll1_linux.cc:309] epoll_ctl failed: Bad file descriptor (9)
E0625 19:36:54.133610   46994 ev_epoll1_linux.cc:309] epoll_ctl failed: Bad file descriptor (9)
I0625 19:36:55.203653   37888 fork_posix.cc:71] Other threads are currently calling into gRPC, skipping fork() handlers
I0625 19:36:56.311711   37888 fork_posix.cc:71] Other threads are currently calling into gRPC, skipping fork() handlers
E0625 19:36:56.372342   47071 completion_queue.cc:800] Kick failed: UNKNOWN:eventfd_write: Bad file descriptor (9)
I0625 19:36:57.854128   37888 fork_posix.cc:71] Other threads are currently calling into gRPC, skipping fork() handlers
I0625 19:36:58.984248   37888 fork_posix.cc:71] Other threads are currently calling into gRPC, skipping fork() handlers
[92mINFO [0m:      Sent reply
[92mINFO [0m:      
[92mINFO [0m:      Received: evaluate message b16d59c6-0c80-4f19-9a1c-523324c693a2
I0625 19:37:56.751962   24294 fork_posix.cc:71] Other threads are currently calling into gRPC, skipping fork() handlers
I0625 19:37:56.796636   47222 fork_posix.cc:71] Other threads are currently calling into gRPC, skipping fork() handlers
E0625 19:37:56.842560   47278 ev_epoll1_linux.cc:309] epoll_ctl failed: Bad file descriptor (9)
E0625 19:37:56.842656   47278 completion_queue.cc:800] Kick failed: UNKNOWN:eventfd_write: Bad file descriptor (9)
I0625 19:37:56.860320   24294 fork_posix.cc:71] Other threads are currently calling into gRPC, skipping fork() handlers
[92mINFO [0m:      Sent reply
[92mINFO [0m:      
[92mINFO [0m:      Received: train message 8ab65d1f-a706-41f1-aac1-bec4cfaf2520
I0625 19:38:49.377277   24294 fork_posix.cc:71] Other threads are currently calling into gRPC, skipping fork() handlers
I0625 19:38:49.436253   47418 fork_posix.cc:71] Other threads are currently calling into gRPC, skipping fork() handlers
I0625 19:38:49.475449   24294 fork_posix.cc:71] Other threads are currently calling into gRPC, skipping fork() handlers
E0625 19:38:49.477436   47477 ev_epoll1_linux.cc:309] epoll_ctl failed: Bad file descriptor (9)
E0625 19:38:49.477491   47477 ev_epoll1_linux.cc:309] epoll_ctl failed: Bad file descriptor (9)
E0625 19:38:49.477545   47477 completion_queue.cc:800] Kick failed: UNKNOWN:eventfd_write: Bad file descriptor (9)
[92mINFO [0m:      Sent reply
[92mINFO [0m:      
[92mINFO [0m:      Received: evaluate message a9cc5e72-6182-4051-83e7-9a6a8559b62b
I0625 19:44:14.340443   24294 fork_posix.cc:71] Other threads are currently calling into gRPC, skipping fork() handlers
I0625 19:44:14.402606   47915 fork_posix.cc:71] Other threads are currently calling into gRPC, skipping fork() handlers
E0625 19:44:14.445551   47971 completion_queue.cc:800] Kick failed: UNKNOWN:eventfd_write: Bad file descriptor (9)
E0625 19:44:14.447435   47974 ev_epoll1_linux.cc:309] epoll_ctl failed: Bad file descriptor (9)
E0625 19:44:14.447461   47974 ev_epoll1_linux.cc:309] epoll_ctl failed: Bad file descriptor (9)
I0625 19:44:14.465005   24294 fork_posix.cc:71] Other threads are currently calling into gRPC, skipping fork() handlers
[92mINFO [0m:      Sent reply
[92mINFO [0m:      
[92mINFO [0m:      Received: train message 21cb3c60-6e62-42b0-b3e6-1fce625fc5fc
I0625 19:45:13.054343   24294 fork_posix.cc:71] Other threads are currently calling into gRPC, skipping fork() handlers
I0625 19:45:13.094503   48927 fork_posix.cc:71] Other threads are currently calling into gRPC, skipping fork() handlers
I0625 19:45:13.134307   24294 fork_posix.cc:71] Other threads are currently calling into gRPC, skipping fork() handlers
E0625 19:45:13.136264   48985 ev_epoll1_linux.cc:309] epoll_ctl failed: Bad file descriptor (9)
E0625 19:45:13.136318   48985 ev_epoll1_linux.cc:309] epoll_ctl failed: Bad file descriptor (9)
E0625 19:45:13.136369   48985 completion_queue.cc:800] Kick failed: UNKNOWN:eventfd_write: Bad file descriptor (9)
[92mINFO [0m:      Sent reply
[92mINFO [0m:      
[92mINFO [0m:      Received: evaluate message f9b6ece7-f17a-4676-bde5-eca7539428aa
I0625 19:51:16.669563   24294 fork_posix.cc:71] Other threads are currently calling into gRPC, skipping fork() handlers
I0625 19:51:16.714835   49671 fork_posix.cc:71] Other threads are currently calling into gRPC, skipping fork() handlers
I0625 19:51:16.759582   24294 fork_posix.cc:71] Other threads are currently calling into gRPC, skipping fork() handlers
E0625 19:51:16.759699   49726 completion_queue.cc:800] Kick failed: UNKNOWN:eventfd_write: Bad file descriptor (9)
E0625 19:51:16.761540   49730 ev_epoll1_linux.cc:309] epoll_ctl failed: Bad file descriptor (9)
[92mINFO [0m:      Sent reply
[92mINFO [0m:      
[92mINFO [0m:      Received: train message 289a5f7a-2775-4cf0-9ce6-afa06da4f8fd
I0625 19:52:13.915494   24294 fork_posix.cc:71] Other threads are currently calling into gRPC, skipping fork() handlers
I0625 19:52:13.955362   49866 fork_posix.cc:71] Other threads are currently calling into gRPC, skipping fork() handlers
I0625 19:52:13.994898   24294 fork_posix.cc:71] Other threads are currently calling into gRPC, skipping fork() handlers
E0625 19:52:13.996180   49922 ev_epoll1_linux.cc:309] epoll_ctl failed: Bad file descriptor (9)
E0625 19:52:13.996277   49922 completion_queue.cc:800] Kick failed: UNKNOWN:eventfd_write: Bad file descriptor (9)
[92mINFO [0m:      Sent reply
[92mINFO [0m:      
[92mINFO [0m:      Received: evaluate message 5891ddc5-f689-4d8e-ad87-b931ee7b73f6
I0625 19:58:25.500968   24294 fork_posix.cc:71] Other threads are currently calling into gRPC, skipping fork() handlers
I0625 19:58:25.546610   50412 fork_posix.cc:71] Other threads are currently calling into gRPC, skipping fork() handlers
I0625 19:58:25.591067   24294 fork_posix.cc:71] Other threads are currently calling into gRPC, skipping fork() handlers
E0625 19:58:25.591154   50468 completion_queue.cc:800] Kick failed: UNKNOWN:eventfd_write: Bad file descriptor (9)
E0625 19:58:25.592992   50468 ev_epoll1_linux.cc:309] epoll_ctl failed: Bad file descriptor (9)
[92mINFO [0m:      Sent reply
[92mINFO [0m:      
[92mINFO [0m:      Received: train message 367bb4c7-4e63-4641-8c90-ef4ff6215c89
I0625 19:59:23.958199   24294 fork_posix.cc:71] Other threads are currently calling into gRPC, skipping fork() handlers
I0625 19:59:23.998609   50613 fork_posix.cc:71] Other threads are currently calling into gRPC, skipping fork() handlers
I0625 19:59:24.038122   24294 fork_posix.cc:71] Other threads are currently calling into gRPC, skipping fork() handlers
E0625 19:59:24.040447   50669 ev_epoll1_linux.cc:309] epoll_ctl failed: Bad file descriptor (9)
E0625 19:59:24.040504   50669 ev_epoll1_linux.cc:309] epoll_ctl failed: Bad file descriptor (9)
E0625 19:59:24.040552   50669 completion_queue.cc:800] Kick failed: UNKNOWN:eventfd_write: Bad file descriptor (9)
[92mINFO [0m:      Sent reply
[92mINFO [0m:      
[92mINFO [0m:      Received: evaluate message 9a279cd4-fe21-4ced-9ca4-1442190cdee7
I0625 20:04:46.140602   24294 fork_posix.cc:71] Other threads are currently calling into gRPC, skipping fork() handlers
I0625 20:04:46.204263   51154 fork_posix.cc:71] Other threads are currently calling into gRPC, skipping fork() handlers
E0625 20:04:46.248395   51210 completion_queue.cc:800] Kick failed: UNKNOWN:eventfd_write: Bad file descriptor (9)
E0625 20:04:46.250261   51210 ev_epoll1_linux.cc:309] epoll_ctl failed: Bad file descriptor (9)
I0625 20:04:46.268164   24294 fork_posix.cc:71] Other threads are currently calling into gRPC, skipping fork() handlers
[92mINFO [0m:      Sent reply
[92mINFO [0m:      
[92mINFO [0m:      Received: train message 7053b64f-57b2-4ef5-8150-e829c0d583c4
I0625 20:05:41.925248   24294 fork_posix.cc:71] Other threads are currently calling into gRPC, skipping fork() handlers
I0625 20:05:41.965428   51350 fork_posix.cc:71] Other threads are currently calling into gRPC, skipping fork() handlers
I0625 20:05:42.005147   24294 fork_posix.cc:71] Other threads are currently calling into gRPC, skipping fork() handlers
E0625 20:05:42.007082   51405 ev_epoll1_linux.cc:309] epoll_ctl failed: Bad file descriptor (9)
E0625 20:05:42.007183   51405 completion_queue.cc:800] Kick failed: UNKNOWN:eventfd_write: Bad file descriptor (9)
I0625 20:05:43.074110   51350 fork_posix.cc:71] Other threads are currently calling into gRPC, skipping fork() handlers
I0625 20:05:44.183051   51350 fork_posix.cc:71] Other threads are currently calling into gRPC, skipping fork() handlers
E0625 20:05:44.223361   51551 completion_queue.cc:800] Kick failed: UNKNOWN:eventfd_write: Bad file descriptor (9)
I0625 20:05:45.294271   51350 fork_posix.cc:71] Other threads are currently calling into gRPC, skipping fork() handlers
I0625 20:05:46.648674   51350 fork_posix.cc:71] Other threads are currently calling into gRPC, skipping fork() handlers
I0625 20:05:47.760040   51350 fork_posix.cc:71] Other threads are currently calling into gRPC, skipping fork() handlers
E0625 20:05:47.801123   51667 completion_queue.cc:800] Kick failed: UNKNOWN:eventfd_write: Bad file descriptor (9)
I0625 20:05:48.874701   51350 fork_posix.cc:71] Other threads are currently calling into gRPC, skipping fork() handlers
I0625 20:05:49.992372   51350 fork_posix.cc:71] Other threads are currently calling into gRPC, skipping fork() handlers
E0625 20:05:50.032056   51743 completion_queue.cc:800] Kick failed: UNKNOWN:eventfd_write: Bad file descriptor (9)
I0625 20:05:51.106874   51350 fork_posix.cc:71] Other threads are currently calling into gRPC, skipping fork() handlers
I0625 20:05:52.219617   51350 fork_posix.cc:71] Other threads are currently calling into gRPC, skipping fork() handlers
E0625 20:05:52.259663   51819 completion_queue.cc:800] Kick failed: UNKNOWN:eventfd_write: Bad file descriptor (9)
E0625 20:05:52.261527   51819 ev_epoll1_linux.cc:309] epoll_ctl failed: Bad file descriptor (9)
E0625 20:05:52.261554   51819 ev_epoll1_linux.cc:309] epoll_ctl failed: Bad file descriptor (9)
I0625 20:05:53.333662   51350 fork_posix.cc:71] Other threads are currently calling into gRPC, skipping fork() handlers
I0625 20:05:54.449795   51350 fork_posix.cc:71] Other threads are currently calling into gRPC, skipping fork() handlers
E0625 20:05:54.489871   51895 completion_queue.cc:800] Kick failed: UNKNOWN:eventfd_write: Bad file descriptor (9)
I0625 20:05:55.577631   51350 fork_posix.cc:71] Other threads are currently calling into gRPC, skipping fork() handlers
I0625 20:05:56.690754   51350 fork_posix.cc:71] Other threads are currently calling into gRPC, skipping fork() handlers
E0625 20:05:56.730741   51970 completion_queue.cc:800] Kick failed: UNKNOWN:eventfd_write: Bad file descriptor (9)
I0625 20:05:58.119786   51350 fork_posix.cc:71] Other threads are currently calling into gRPC, skipping fork() handlers
E0625 20:05:58.159336   52002 completion_queue.cc:800] Kick failed: UNKNOWN:eventfd_write: Bad file descriptor (9)
I0625 20:05:59.236097   51350 fork_posix.cc:71] Other threads are currently calling into gRPC, skipping fork() handlers
E0625 20:05:59.276409   52045 completion_queue.cc:800] Kick failed: UNKNOWN:eventfd_write: Bad file descriptor (9)
I0625 20:06:00.348689   51350 fork_posix.cc:71] Other threads are currently calling into gRPC, skipping fork() handlers
E0625 20:06:00.389171   52084 completion_queue.cc:800] Kick failed: UNKNOWN:eventfd_write: Bad file descriptor (9)
I0625 20:06:01.458116   51350 fork_posix.cc:71] Other threads are currently calling into gRPC, skipping fork() handlers
E0625 20:06:01.498156   52122 completion_queue.cc:800] Kick failed: UNKNOWN:eventfd_write: Bad file descriptor (9)
I0625 20:06:02.566880   51350 fork_posix.cc:71] Other threads are currently calling into gRPC, skipping fork() handlers
E0625 20:06:02.607624   52160 completion_queue.cc:800] Kick failed: UNKNOWN:eventfd_write: Bad file descriptor (9)
E0625 20:06:02.609542   52160 ev_epoll1_linux.cc:309] epoll_ctl failed: Bad file descriptor (9)
I0625 20:06:03.687416   51350 fork_posix.cc:71] Other threads are currently calling into gRPC, skipping fork() handlers
E0625 20:06:03.751007   52198 completion_queue.cc:800] Kick failed: UNKNOWN:eventfd_write: Bad file descriptor (9)
I0625 20:06:04.827495   51350 fork_posix.cc:71] Other threads are currently calling into gRPC, skipping fork() handlers
I0625 20:06:06.544064   51350 fork_posix.cc:71] Other threads are currently calling into gRPC, skipping fork() handlers
E0625 20:06:06.584265   52275 completion_queue.cc:800] Kick failed: UNKNOWN:eventfd_write: Bad file descriptor (9)
I0625 20:06:07.653524   51350 fork_posix.cc:71] Other threads are currently calling into gRPC, skipping fork() handlers
I0625 20:06:08.761903   51350 fork_posix.cc:71] Other threads are currently calling into gRPC, skipping fork() handlers
I0625 20:06:09.904715   51350 fork_posix.cc:71] Other threads are currently calling into gRPC, skipping fork() handlers
I0625 20:06:11.012322   51350 fork_posix.cc:71] Other threads are currently calling into gRPC, skipping fork() handlers
I0625 20:06:12.658285   51350 fork_posix.cc:71] Other threads are currently calling into gRPC, skipping fork() handlers
E0625 20:06:12.698389   52462 completion_queue.cc:800] Kick failed: UNKNOWN:eventfd_write: Bad file descriptor (9)
E0625 20:06:12.700316   52462 ev_epoll1_linux.cc:309] epoll_ctl failed: Bad file descriptor (9)
E0625 20:06:12.700343   52462 ev_epoll1_linux.cc:309] epoll_ctl failed: Bad file descriptor (9)
I0625 20:06:13.771581   51350 fork_posix.cc:71] Other threads are currently calling into gRPC, skipping fork() handlers
I0625 20:06:15.416033   51350 fork_posix.cc:71] Other threads are currently calling into gRPC, skipping fork() handlers
E0625 20:06:15.456035   52537 completion_queue.cc:800] Kick failed: UNKNOWN:eventfd_write: Bad file descriptor (9)
I0625 20:06:16.769990   51350 fork_posix.cc:71] Other threads are currently calling into gRPC, skipping fork() handlers
I0625 20:06:18.417121   51350 fork_posix.cc:71] Other threads are currently calling into gRPC, skipping fork() handlers
E0625 20:06:18.457253   52603 completion_queue.cc:800] Kick failed: UNKNOWN:eventfd_write: Bad file descriptor (9)
I0625 20:06:20.061851   51350 fork_posix.cc:71] Other threads are currently calling into gRPC, skipping fork() handlers
I0625 20:06:21.180081   51350 fork_posix.cc:71] Other threads are currently calling into gRPC, skipping fork() handlers
I0625 20:06:22.291379   51350 fork_posix.cc:71] Other threads are currently calling into gRPC, skipping fork() handlers
I0625 20:06:23.428751   51350 fork_posix.cc:71] Other threads are currently calling into gRPC, skipping fork() handlers
E0625 20:06:23.470444   52772 ev_epoll1_linux.cc:309] epoll_ctl failed: Bad file descriptor (9)
E0625 20:06:23.470553   52772 completion_queue.cc:800] Kick failed: UNKNOWN:eventfd_write: Bad file descriptor (9)
I0625 20:06:24.540513   51350 fork_posix.cc:71] Other threads are currently calling into gRPC, skipping fork() handlers
I0625 20:06:25.648646   51350 fork_posix.cc:71] Other threads are currently calling into gRPC, skipping fork() handlers
E0625 20:06:25.688526   52848 completion_queue.cc:800] Kick failed: UNKNOWN:eventfd_write: Bad file descriptor (9)
I0625 20:06:26.758208   51350 fork_posix.cc:71] Other threads are currently calling into gRPC, skipping fork() handlers
E0625 20:06:26.799656   52880 completion_queue.cc:800] Kick failed: UNKNOWN:eventfd_write: Bad file descriptor (9)
I0625 20:06:27.868014   51350 fork_posix.cc:71] Other threads are currently calling into gRPC, skipping fork() handlers
E0625 20:06:27.932075   52906 completion_queue.cc:800] Kick failed: UNKNOWN:eventfd_write: Bad file descriptor (9)
I0625 20:06:29.006097   51350 fork_posix.cc:71] Other threads are currently calling into gRPC, skipping fork() handlers
E0625 20:06:29.045893   52962 completion_queue.cc:800] Kick failed: UNKNOWN:eventfd_write: Bad file descriptor (9)
I0625 20:06:30.531047   51350 fork_posix.cc:71] Other threads are currently calling into gRPC, skipping fork() handlers
E0625 20:06:30.570946   53007 completion_queue.cc:800] Kick failed: UNKNOWN:eventfd_write: Bad file descriptor (9)
I0625 20:06:31.645662   51350 fork_posix.cc:71] Other threads are currently calling into gRPC, skipping fork() handlers
E0625 20:06:31.705281   53038 completion_queue.cc:800] Kick failed: UNKNOWN:eventfd_write: Bad file descriptor (9)
I0625 20:06:32.775723   51350 fork_posix.cc:71] Other threads are currently calling into gRPC, skipping fork() handlers
I0625 20:06:33.884219   51350 fork_posix.cc:71] Other threads are currently calling into gRPC, skipping fork() handlers
E0625 20:06:33.924256   53102 completion_queue.cc:800] Kick failed: UNKNOWN:eventfd_write: Bad file descriptor (9)
E0625 20:06:33.926147   53102 ev_epoll1_linux.cc:309] epoll_ctl failed: Bad file descriptor (9)
I0625 20:06:34.997376   51350 fork_posix.cc:71] Other threads are currently calling into gRPC, skipping fork() handlers
I0625 20:06:36.112868   51350 fork_posix.cc:71] Other threads are currently calling into gRPC, skipping fork() handlers
E0625 20:06:36.152771   53195 completion_queue.cc:800] Kick failed: UNKNOWN:eventfd_write: Bad file descriptor (9)
I0625 20:06:37.757128   51350 fork_posix.cc:71] Other threads are currently calling into gRPC, skipping fork() handlers
I0625 20:06:38.872236   51350 fork_posix.cc:71] Other threads are currently calling into gRPC, skipping fork() handlers
E0625 20:06:38.912446   53273 completion_queue.cc:800] Kick failed: UNKNOWN:eventfd_write: Bad file descriptor (9)
I0625 20:06:39.995176   51350 fork_posix.cc:71] Other threads are currently calling into gRPC, skipping fork() handlers
I0625 20:06:41.132045   51350 fork_posix.cc:71] Other threads are currently calling into gRPC, skipping fork() handlers
E0625 20:06:41.171898   53351 completion_queue.cc:800] Kick failed: UNKNOWN:eventfd_write: Bad file descriptor (9)
I0625 20:06:42.240028   51350 fork_posix.cc:71] Other threads are currently calling into gRPC, skipping fork() handlers
I0625 20:06:43.597659   51350 fork_posix.cc:71] Other threads are currently calling into gRPC, skipping fork() handlers
I0625 20:06:44.712847   51350 fork_posix.cc:71] Other threads are currently calling into gRPC, skipping fork() handlers
E0625 20:06:44.753184   53465 completion_queue.cc:800] Kick failed: UNKNOWN:eventfd_write: Bad file descriptor (9)
E0625 20:06:44.756208   53468 ev_epoll1_linux.cc:309] epoll_ctl failed: Bad file descriptor (9)
[mutex.cc : 2443] RAW: Check w->waitp->cond == nullptr failed: Mutex::Fer while waiting on Condition
I0625 20:07:51.401954   51350 fork_posix.cc:71] Other threads are currently calling into gRPC, skipping fork() handlers
E0625 20:07:51.444675   53572 ev_epoll1_linux.cc:309] epoll_ctl failed: Bad file descriptor (9)
E0625 20:07:51.444738   53572 ev_epoll1_linux.cc:309] epoll_ctl failed: Bad file descriptor (9)
I0625 20:07:52.773793   51350 fork_posix.cc:71] Other threads are currently calling into gRPC, skipping fork() handlers
I0625 20:07:54.147973   51350 fork_posix.cc:71] Other threads are currently calling into gRPC, skipping fork() handlers
E0625 20:07:54.187691   53649 completion_queue.cc:800] Kick failed: UNKNOWN:eventfd_write: Bad file descriptor (9)
I0625 20:07:55.276087   51350 fork_posix.cc:71] Other threads are currently calling into gRPC, skipping fork() handlers
I0625 20:07:56.410332   51350 fork_posix.cc:71] Other threads are currently calling into gRPC, skipping fork() handlers
E0625 20:07:56.449366   53763 completion_queue.cc:800] Kick failed: UNKNOWN:eventfd_write: Bad file descriptor (9)
I0625 20:07:57.788330   51350 fork_posix.cc:71] Other threads are currently calling into gRPC, skipping fork() handlers
E0625 20:07:57.842369   53802 completion_queue.cc:800] Kick failed: UNKNOWN:eventfd_write: Bad file descriptor (9)
I0625 20:07:59.446484   51350 fork_posix.cc:71] Other threads are currently calling into gRPC, skipping fork() handlers
I0625 20:08:00.554100   51350 fork_posix.cc:71] Other threads are currently calling into gRPC, skipping fork() handlers
E0625 20:08:00.596236   53877 completion_queue.cc:800] Kick failed: UNKNOWN:eventfd_write: Bad file descriptor (9)
I0625 20:08:01.668663   51350 fork_posix.cc:71] Other threads are currently calling into gRPC, skipping fork() handlers
E0625 20:08:01.708389   53898 completion_queue.cc:800] Kick failed: UNKNOWN:eventfd_write: Bad file descriptor (9)
E0625 20:08:01.710416   53898 ev_epoll1_linux.cc:309] epoll_ctl failed: Bad file descriptor (9)
I0625 20:08:02.779108   51350 fork_posix.cc:71] Other threads are currently calling into gRPC, skipping fork() handlers
E0625 20:08:02.818341   53953 completion_queue.cc:800] Kick failed: UNKNOWN:eventfd_write: Bad file descriptor (9)
I0625 20:08:03.889869   51350 fork_posix.cc:71] Other threads are currently calling into gRPC, skipping fork() handlers
E0625 20:08:03.929075   53990 completion_queue.cc:800] Kick failed: UNKNOWN:eventfd_write: Bad file descriptor (9)
I0625 20:08:04.996870   51350 fork_posix.cc:71] Other threads are currently calling into gRPC, skipping fork() handlers
E0625 20:08:05.036265   54028 completion_queue.cc:800] Kick failed: UNKNOWN:eventfd_write: Bad file descriptor (9)
I0625 20:08:06.107727   51350 fork_posix.cc:71] Other threads are currently calling into gRPC, skipping fork() handlers
E0625 20:08:06.168187   54067 completion_queue.cc:800] Kick failed: UNKNOWN:eventfd_write: Bad file descriptor (9)
I0625 20:08:07.236289   51350 fork_posix.cc:71] Other threads are currently calling into gRPC, skipping fork() handlers
E0625 20:08:07.278662   54104 completion_queue.cc:800] Kick failed: UNKNOWN:eventfd_write: Bad file descriptor (9)
I0625 20:08:08.886757   51350 fork_posix.cc:71] Other threads are currently calling into gRPC, skipping fork() handlers
E0625 20:08:08.926291   54142 completion_queue.cc:800] Kick failed: UNKNOWN:eventfd_write: Bad file descriptor (9)
I0625 20:08:10.006749   51350 fork_posix.cc:71] Other threads are currently calling into gRPC, skipping fork() handlers
I0625 20:08:11.114515   51350 fork_posix.cc:71] Other threads are currently calling into gRPC, skipping fork() handlers
I0625 20:08:12.225879   51350 fork_posix.cc:71] Other threads are currently calling into gRPC, skipping fork() handlers
E0625 20:08:12.266910   54259 ev_epoll1_linux.cc:309] epoll_ctl failed: Bad file descriptor (9)
E0625 20:08:12.266973   54259 ev_epoll1_linux.cc:309] epoll_ctl failed: Bad file descriptor (9)
E0625 20:08:12.267020   54259 completion_queue.cc:800] Kick failed: UNKNOWN:eventfd_write: Bad file descriptor (9)
I0625 20:08:13.337766   51350 fork_posix.cc:71] Other threads are currently calling into gRPC, skipping fork() handlers
I0625 20:08:14.690428   51350 fork_posix.cc:71] Other threads are currently calling into gRPC, skipping fork() handlers
I0625 20:08:15.824720   51350 fork_posix.cc:71] Other threads are currently calling into gRPC, skipping fork() handlers
I0625 20:08:17.345038   51350 fork_posix.cc:71] Other threads are currently calling into gRPC, skipping fork() handlers
I0625 20:08:18.451548   51350 fork_posix.cc:71] Other threads are currently calling into gRPC, skipping fork() handlers
I0625 20:08:19.591132   51350 fork_posix.cc:71] Other threads are currently calling into gRPC, skipping fork() handlers
I0625 20:08:20.702738   51350 fork_posix.cc:71] Other threads are currently calling into gRPC, skipping fork() handlers
I0625 20:08:21.823912   51350 fork_posix.cc:71] Other threads are currently calling into gRPC, skipping fork() handlers
I0625 20:08:22.931651   51350 fork_posix.cc:71] Other threads are currently calling into gRPC, skipping fork() handlers
E0625 20:08:22.972387   54602 completion_queue.cc:800] Kick failed: UNKNOWN:eventfd_write: Bad file descriptor (9)
E0625 20:08:22.974322   54602 ev_epoll1_linux.cc:309] epoll_ctl failed: Bad file descriptor (9)
E0625 20:08:22.974350   54602 ev_epoll1_linux.cc:309] epoll_ctl failed: Bad file descriptor (9)
I0625 20:08:24.049242   51350 fork_posix.cc:71] Other threads are currently calling into gRPC, skipping fork() handlers
E0625 20:08:24.088444   54642 completion_queue.cc:800] Kick failed: UNKNOWN:eventfd_write: Bad file descriptor (9)
I0625 20:08:25.696288   51350 fork_posix.cc:71] Other threads are currently calling into gRPC, skipping fork() handlers
E0625 20:08:25.735925   54679 completion_queue.cc:800] Kick failed: UNKNOWN:eventfd_write: Bad file descriptor (9)
I0625 20:08:27.358445   51350 fork_posix.cc:71] Other threads are currently calling into gRPC, skipping fork() handlers
E0625 20:08:27.397094   54718 completion_queue.cc:800] Kick failed: UNKNOWN:eventfd_write: Bad file descriptor (9)
I0625 20:08:28.466734   51350 fork_posix.cc:71] Other threads are currently calling into gRPC, skipping fork() handlers
E0625 20:08:28.506146   54755 completion_queue.cc:800] Kick failed: UNKNOWN:eventfd_write: Bad file descriptor (9)
I0625 20:08:29.578771   51350 fork_posix.cc:71] Other threads are currently calling into gRPC, skipping fork() handlers
I0625 20:08:30.706472   51350 fork_posix.cc:71] Other threads are currently calling into gRPC, skipping fork() handlers
E0625 20:08:30.745869   54836 completion_queue.cc:800] Kick failed: UNKNOWN:eventfd_write: Bad file descriptor (9)
I0625 20:08:31.833670   51350 fork_posix.cc:71] Other threads are currently calling into gRPC, skipping fork() handlers
I0625 20:08:33.185615   51350 fork_posix.cc:71] Other threads are currently calling into gRPC, skipping fork() handlers
E0625 20:08:33.228379   54904 ev_epoll1_linux.cc:309] epoll_ctl failed: Bad file descriptor (9)
E0625 20:08:33.228456   54904 ev_epoll1_linux.cc:309] epoll_ctl failed: Bad file descriptor (9)
I0625 20:08:34.297622   51350 fork_posix.cc:71] Other threads are currently calling into gRPC, skipping fork() handlers
E0625 20:08:34.336853   54950 completion_queue.cc:800] Kick failed: UNKNOWN:eventfd_write: Bad file descriptor (9)
I0625 20:08:35.649914   51350 fork_posix.cc:71] Other threads are currently calling into gRPC, skipping fork() handlers
E0625 20:08:35.688968   54989 completion_queue.cc:800] Kick failed: UNKNOWN:eventfd_write: Bad file descriptor (9)
I0625 20:08:36.756175   51350 fork_posix.cc:71] Other threads are currently calling into gRPC, skipping fork() handlers
E0625 20:08:36.795805   55026 completion_queue.cc:800] Kick failed: UNKNOWN:eventfd_write: Bad file descriptor (9)
I0625 20:08:38.110351   51350 fork_posix.cc:71] Other threads are currently calling into gRPC, skipping fork() handlers
I0625 20:08:39.223344   51350 fork_posix.cc:71] Other threads are currently calling into gRPC, skipping fork() handlers
I0625 20:08:40.350744   51350 fork_posix.cc:71] Other threads are currently calling into gRPC, skipping fork() handlers
I0625 20:08:41.458176   51350 fork_posix.cc:71] Other threads are currently calling into gRPC, skipping fork() handlers
I0625 20:08:42.575864   51350 fork_posix.cc:71] Other threads are currently calling into gRPC, skipping fork() handlers
I0625 20:08:43.684210   51350 fork_posix.cc:71] Other threads are currently calling into gRPC, skipping fork() handlers
E0625 20:08:43.725202   55255 ev_epoll1_linux.cc:309] epoll_ctl failed: Bad file descriptor (9)
E0625 20:08:43.725271   55255 ev_epoll1_linux.cc:309] epoll_ctl failed: Bad file descriptor (9)
E0625 20:08:43.725327   55255 completion_queue.cc:800] Kick failed: UNKNOWN:eventfd_write: Bad file descriptor (9)
I0625 20:08:44.795436   51350 fork_posix.cc:71] Other threads are currently calling into gRPC, skipping fork() handlers
I0625 20:08:45.901814   51350 fork_posix.cc:71] Other threads are currently calling into gRPC, skipping fork() handlers
E0625 20:08:45.940841   55333 completion_queue.cc:800] Kick failed: UNKNOWN:eventfd_write: Bad file descriptor (9)
I0625 20:08:47.014647   51350 fork_posix.cc:71] Other threads are currently calling into gRPC, skipping fork() handlers
E0625 20:08:47.053411   55371 completion_queue.cc:800] Kick failed: UNKNOWN:eventfd_write: Bad file descriptor (9)
I0625 20:08:48.122163   51350 fork_posix.cc:71] Other threads are currently calling into gRPC, skipping fork() handlers
E0625 20:08:48.161585   55392 completion_queue.cc:800] Kick failed: UNKNOWN:eventfd_write: Bad file descriptor (9)
I0625 20:08:49.234120   51350 fork_posix.cc:71] Other threads are currently calling into gRPC, skipping fork() handlers
E0625 20:08:49.273140   55447 completion_queue.cc:800] Kick failed: UNKNOWN:eventfd_write: Bad file descriptor (9)
I0625 20:08:50.341923   51350 fork_posix.cc:71] Other threads are currently calling into gRPC, skipping fork() handlers
E0625 20:08:50.381223   55485 completion_queue.cc:800] Kick failed: UNKNOWN:eventfd_write: Bad file descriptor (9)
I0625 20:08:51.453624   51350 fork_posix.cc:71] Other threads are currently calling into gRPC, skipping fork() handlers
E0625 20:08:51.493779   55523 completion_queue.cc:800] Kick failed: UNKNOWN:eventfd_write: Bad file descriptor (9)
I0625 20:08:52.573705   51350 fork_posix.cc:71] Other threads are currently calling into gRPC, skipping fork() handlers
E0625 20:08:52.612727   55561 completion_queue.cc:800] Kick failed: UNKNOWN:eventfd_write: Bad file descriptor (9)
I0625 20:08:53.690163   51350 fork_posix.cc:71] Other threads are currently calling into gRPC, skipping fork() handlers
E0625 20:08:53.729299   55598 completion_queue.cc:800] Kick failed: UNKNOWN:eventfd_write: Bad file descriptor (9)
E0625 20:08:53.731212   55601 ev_epoll1_linux.cc:309] epoll_ctl failed: Bad file descriptor (9)
[mutex.cc : 2443] RAW: Check w->waitp->cond == nullptr failed: Mutex::Fer while waiting on Condition
I0625 20:10:04.941496   51350 fork_posix.cc:71] Other threads are currently calling into gRPC, skipping fork() handlers
E0625 20:10:04.982413   55712 ev_epoll1_linux.cc:309] epoll_ctl failed: Bad file descriptor (9)
I0625 20:10:06.055054   51350 fork_posix.cc:71] Other threads are currently calling into gRPC, skipping fork() handlers
E0625 20:10:06.094688   55744 completion_queue.cc:800] Kick failed: UNKNOWN:eventfd_write: Bad file descriptor (9)
I0625 20:10:07.165840   51350 fork_posix.cc:71] Other threads are currently calling into gRPC, skipping fork() handlers
I0625 20:10:08.272139   51350 fork_posix.cc:71] Other threads are currently calling into gRPC, skipping fork() handlers
E0625 20:10:08.310765   55820 completion_queue.cc:800] Kick failed: UNKNOWN:eventfd_write: Bad file descriptor (9)
I0625 20:10:09.378371   51350 fork_posix.cc:71] Other threads are currently calling into gRPC, skipping fork() handlers
I0625 20:10:10.488470   51350 fork_posix.cc:71] Other threads are currently calling into gRPC, skipping fork() handlers
E0625 20:10:10.527473   55895 completion_queue.cc:800] Kick failed: UNKNOWN:eventfd_write: Bad file descriptor (9)
I0625 20:10:11.595788   51350 fork_posix.cc:71] Other threads are currently calling into gRPC, skipping fork() handlers
I0625 20:10:12.715838   51350 fork_posix.cc:71] Other threads are currently calling into gRPC, skipping fork() handlers
E0625 20:10:12.755171   55974 completion_queue.cc:800] Kick failed: UNKNOWN:eventfd_write: Bad file descriptor (9)
I0625 20:10:13.827111   51350 fork_posix.cc:71] Other threads are currently calling into gRPC, skipping fork() handlers
I0625 20:10:14.936396   51350 fork_posix.cc:71] Other threads are currently calling into gRPC, skipping fork() handlers
E0625 20:10:14.996029   56050 completion_queue.cc:800] Kick failed: UNKNOWN:eventfd_write: Bad file descriptor (9)
E0625 20:10:14.997897   56050 ev_epoll1_linux.cc:309] epoll_ctl failed: Bad file descriptor (9)
I0625 20:10:16.068732   51350 fork_posix.cc:71] Other threads are currently calling into gRPC, skipping fork() handlers
I0625 20:10:17.205995   51350 fork_posix.cc:71] Other threads are currently calling into gRPC, skipping fork() handlers
E0625 20:10:17.244935   56126 completion_queue.cc:800] Kick failed: UNKNOWN:eventfd_write: Bad file descriptor (9)
[92mINFO [0m:      Sent reply
[92mINFO [0m:      
[92mINFO [0m:      Received: evaluate message 8829698b-8476-49e7-80dc-544a7e461340
I0625 20:11:40.671639   24294 fork_posix.cc:71] Other threads are currently calling into gRPC, skipping fork() handlers
I0625 20:11:40.715562   56222 fork_posix.cc:71] Other threads are currently calling into gRPC, skipping fork() handlers
E0625 20:11:40.759035   56278 completion_queue.cc:800] Kick failed: UNKNOWN:eventfd_write: Bad file descriptor (9)
I0625 20:11:40.759811   24294 fork_posix.cc:71] Other threads are currently calling into gRPC, skipping fork() handlers
E0625 20:11:40.760913   56278 ev_epoll1_linux.cc:309] epoll_ctl failed: Bad file descriptor (9)
E0625 20:11:40.760936   56278 ev_epoll1_linux.cc:309] epoll_ctl failed: Bad file descriptor (9)
[92mINFO [0m:      Sent reply
[92mINFO [0m:      
[92mINFO [0m:      Received: train message 9537e118-33c2-4ebe-8efe-2c85ef2d7c9a
I0625 20:12:38.272356   24294 fork_posix.cc:71] Other threads are currently calling into gRPC, skipping fork() handlers
I0625 20:12:38.331441   56428 fork_posix.cc:71] Other threads are currently calling into gRPC, skipping fork() handlers
I0625 20:12:38.370397   24294 fork_posix.cc:71] Other threads are currently calling into gRPC, skipping fork() handlers
E0625 20:12:38.372499   56484 ev_epoll1_linux.cc:309] epoll_ctl failed: Bad file descriptor (9)
E0625 20:12:38.372565   56484 ev_epoll1_linux.cc:309] epoll_ctl failed: Bad file descriptor (9)
E0625 20:12:38.372625   56484 completion_queue.cc:800] Kick failed: UNKNOWN:eventfd_write: Bad file descriptor (9)
[92mINFO [0m:      Sent reply
[92mINFO [0m:      
[92mINFO [0m:      Received: evaluate message e9a5e89b-3932-4bd6-93f6-940f83c695e6
I0625 20:18:04.844969   24294 fork_posix.cc:71] Other threads are currently calling into gRPC, skipping fork() handlers
I0625 20:18:04.907987   57901 fork_posix.cc:71] Other threads are currently calling into gRPC, skipping fork() handlers
E0625 20:18:04.951175   57957 completion_queue.cc:800] Kick failed: UNKNOWN:eventfd_write: Bad file descriptor (9)
I0625 20:18:04.951737   24294 fork_posix.cc:71] Other threads are currently calling into gRPC, skipping fork() handlers
E0625 20:18:04.953029   57957 ev_epoll1_linux.cc:309] epoll_ctl failed: Bad file descriptor (9)
E0625 20:18:04.953052   57957 ev_epoll1_linux.cc:309] epoll_ctl failed: Bad file descriptor (9)
[92mINFO [0m:      Sent reply
[92mINFO [0m:      
[92mINFO [0m:      Received: train message b9ed85b6-ddad-456e-bc6c-90304b6dbf2c
I0625 20:19:10.785887   24294 fork_posix.cc:71] Other threads are currently calling into gRPC, skipping fork() handlers
I0625 20:19:10.844744   58114 fork_posix.cc:71] Other threads are currently calling into gRPC, skipping fork() handlers
E0625 20:19:10.883925   58171 completion_queue.cc:800] Kick failed: UNKNOWN:eventfd_write: Bad file descriptor (9)
I0625 20:19:10.884385   24294 fork_posix.cc:71] Other threads are currently calling into gRPC, skipping fork() handlers
E0625 20:19:10.885750   58171 ev_epoll1_linux.cc:309] epoll_ctl failed: Bad file descriptor (9)
[92mINFO [0m:      Sent reply
[92mINFO [0m:      
[92mINFO [0m:      Received: evaluate message 0741e58f-99fa-4d79-84ad-fba21e27d692
I0625 20:24:44.230654   24294 fork_posix.cc:71] Other threads are currently calling into gRPC, skipping fork() handlers
I0625 20:24:44.294665   58641 fork_posix.cc:71] Other threads are currently calling into gRPC, skipping fork() handlers
E0625 20:24:44.338550   58697 completion_queue.cc:800] Kick failed: UNKNOWN:eventfd_write: Bad file descriptor (9)
I0625 20:24:44.339340   24294 fork_posix.cc:71] Other threads are currently calling into gRPC, skipping fork() handlers
E0625 20:24:44.340422   58701 ev_epoll1_linux.cc:309] epoll_ctl failed: Bad file descriptor (9)
E0625 20:24:44.340446   58701 ev_epoll1_linux.cc:309] epoll_ctl failed: Bad file descriptor (9)
I0625 20:24:45.414001   58641 fork_posix.cc:71] Other threads are currently calling into gRPC, skipping fork() handlers
I0625 20:24:47.069011   58641 fork_posix.cc:71] Other threads are currently calling into gRPC, skipping fork() handlers
I0625 20:24:48.214487   58641 fork_posix.cc:71] Other threads are currently calling into gRPC, skipping fork() handlers
I0625 20:24:49.353206   58641 fork_posix.cc:71] Other threads are currently calling into gRPC, skipping fork() handlers
I0625 20:24:50.472075   58641 fork_posix.cc:71] Other threads are currently calling into gRPC, skipping fork() handlers
I0625 20:24:51.782482   58641 fork_posix.cc:71] Other threads are currently calling into gRPC, skipping fork() handlers
I0625 20:24:52.911662   58641 fork_posix.cc:71] Other threads are currently calling into gRPC, skipping fork() handlers
E0625 20:24:52.956575   59035 completion_queue.cc:800] Kick failed: UNKNOWN:eventfd_write: Bad file descriptor (9)
I0625 20:24:54.445632   58641 fork_posix.cc:71] Other threads are currently calling into gRPC, skipping fork() handlers
E0625 20:24:54.492389   59074 ev_epoll1_linux.cc:309] epoll_ctl failed: Bad file descriptor (9)
E0625 20:24:54.492450   59074 ev_epoll1_linux.cc:309] epoll_ctl failed: Bad file descriptor (9)
I0625 20:24:55.579374   58641 fork_posix.cc:71] Other threads are currently calling into gRPC, skipping fork() handlers
E0625 20:24:55.624500   59112 completion_queue.cc:800] Kick failed: UNKNOWN:eventfd_write: Bad file descriptor (9)
I0625 20:24:57.233440   58641 fork_posix.cc:71] Other threads are currently calling into gRPC, skipping fork() handlers
E0625 20:24:57.278894   59150 completion_queue.cc:800] Kick failed: UNKNOWN:eventfd_write: Bad file descriptor (9)
I0625 20:24:58.599005   58641 fork_posix.cc:71] Other threads are currently calling into gRPC, skipping fork() handlers
E0625 20:24:58.644450   59188 completion_queue.cc:800] Kick failed: UNKNOWN:eventfd_write: Bad file descriptor (9)
I0625 20:24:59.718785   58641 fork_posix.cc:71] Other threads are currently calling into gRPC, skipping fork() handlers
I0625 20:25:00.836102   58641 fork_posix.cc:71] Other threads are currently calling into gRPC, skipping fork() handlers
I0625 20:25:02.200669   58641 fork_posix.cc:71] Other threads are currently calling into gRPC, skipping fork() handlers
I0625 20:25:03.320041   58641 fork_posix.cc:71] Other threads are currently calling into gRPC, skipping fork() handlers
I0625 20:25:04.440158   58641 fork_posix.cc:71] Other threads are currently calling into gRPC, skipping fork() handlers
I0625 20:25:05.560223   58641 fork_posix.cc:71] Other threads are currently calling into gRPC, skipping fork() handlers
E0625 20:25:05.606766   59416 ev_epoll1_linux.cc:309] epoll_ctl failed: Bad file descriptor (9)
E0625 20:25:05.606827   59416 ev_epoll1_linux.cc:309] epoll_ctl failed: Bad file descriptor (9)
E0625 20:25:05.606876   59416 completion_queue.cc:800] Kick failed: UNKNOWN:eventfd_write: Bad file descriptor (9)
I0625 20:25:06.716427   58641 fork_posix.cc:71] Other threads are currently calling into gRPC, skipping fork() handlers
E0625 20:25:06.762041   59453 completion_queue.cc:800] Kick failed: UNKNOWN:eventfd_write: Bad file descriptor (9)
I0625 20:25:07.835796   58641 fork_posix.cc:71] Other threads are currently calling into gRPC, skipping fork() handlers
I0625 20:25:08.973275   58641 fork_posix.cc:71] Other threads are currently calling into gRPC, skipping fork() handlers
I0625 20:25:10.117330   58641 fork_posix.cc:71] Other threads are currently calling into gRPC, skipping fork() handlers
I0625 20:25:11.239539   58641 fork_posix.cc:71] Other threads are currently calling into gRPC, skipping fork() handlers
I0625 20:25:12.388623   58641 fork_posix.cc:71] Other threads are currently calling into gRPC, skipping fork() handlers
I0625 20:25:13.954573   58641 fork_posix.cc:71] Other threads are currently calling into gRPC, skipping fork() handlers
I0625 20:25:15.655057   58641 fork_posix.cc:71] Other threads are currently calling into gRPC, skipping fork() handlers
E0625 20:25:15.727388   59745 completion_queue.cc:800] Kick failed: UNKNOWN:eventfd_write: Bad file descriptor (9)
E0625 20:25:15.729286   59745 ev_epoll1_linux.cc:309] epoll_ctl failed: Bad file descriptor (9)
E0625 20:25:15.729310   59745 ev_epoll1_linux.cc:309] epoll_ctl failed: Bad file descriptor (9)
I0625 20:25:16.818945   58641 fork_posix.cc:71] Other threads are currently calling into gRPC, skipping fork() handlers
E0625 20:25:16.864126   59800 completion_queue.cc:800] Kick failed: UNKNOWN:eventfd_write: Bad file descriptor (9)
I0625 20:25:17.939716   58641 fork_posix.cc:71] Other threads are currently calling into gRPC, skipping fork() handlers
I0625 20:25:19.094254   58641 fork_posix.cc:71] Other threads are currently calling into gRPC, skipping fork() handlers
[92mINFO [0m:      Sent reply
[92mINFO [0m:      
[92mINFO [0m:      Received: train message 743f4d8d-d61d-47d4-bd8a-a095f29fb0da
I0625 20:25:43.232730   24294 fork_posix.cc:71] Other threads are currently calling into gRPC, skipping fork() handlers
I0625 20:25:43.291941   59914 fork_posix.cc:71] Other threads are currently calling into gRPC, skipping fork() handlers
I0625 20:25:43.330709   24294 fork_posix.cc:71] Other threads are currently calling into gRPC, skipping fork() handlers
E0625 20:25:43.332872   59969 ev_epoll1_linux.cc:309] epoll_ctl failed: Bad file descriptor (9)
E0625 20:25:43.332928   59969 ev_epoll1_linux.cc:309] epoll_ctl failed: Bad file descriptor (9)
E0625 20:25:43.332978   59969 completion_queue.cc:800] Kick failed: UNKNOWN:eventfd_write: Bad file descriptor (9)
[92mINFO [0m:      Sent reply
[92mINFO [0m:      
[92mINFO [0m:      Received: evaluate message c5285ff2-125b-4c7b-9a76-825a32280f57
I0625 20:31:52.578963   24294 fork_posix.cc:71] Other threads are currently calling into gRPC, skipping fork() handlers
I0625 20:31:52.623828   60556 fork_posix.cc:71] Other threads are currently calling into gRPC, skipping fork() handlers
E0625 20:31:52.668310   60612 completion_queue.cc:800] Kick failed: UNKNOWN:eventfd_write: Bad file descriptor (9)
I0625 20:31:52.669076   24294 fork_posix.cc:71] Other threads are currently calling into gRPC, skipping fork() handlers
E0625 20:31:52.670246   60612 ev_epoll1_linux.cc:309] epoll_ctl failed: Bad file descriptor (9)
E0625 20:31:52.670269   60612 ev_epoll1_linux.cc:309] epoll_ctl failed: Bad file descriptor (9)
I0625 20:31:53.740716   60556 fork_posix.cc:71] Other threads are currently calling into gRPC, skipping fork() handlers
I0625 20:31:54.862801   60556 fork_posix.cc:71] Other threads are currently calling into gRPC, skipping fork() handlers
I0625 20:31:56.396541   60556 fork_posix.cc:71] Other threads are currently calling into gRPC, skipping fork() handlers
I0625 20:31:57.521916   60556 fork_posix.cc:71] Other threads are currently calling into gRPC, skipping fork() handlers
E0625 20:31:57.567513   60829 completion_queue.cc:800] Kick failed: UNKNOWN:eventfd_write: Bad file descriptor (9)
I0625 20:31:59.055212   60556 fork_posix.cc:71] Other threads are currently calling into gRPC, skipping fork() handlers
I0625 20:32:00.186131   60556 fork_posix.cc:71] Other threads are currently calling into gRPC, skipping fork() handlers
I0625 20:32:01.305507   60556 fork_posix.cc:71] Other threads are currently calling into gRPC, skipping fork() handlers
I0625 20:32:02.460355   60556 fork_posix.cc:71] Other threads are currently calling into gRPC, skipping fork() handlers
I0625 20:32:03.609744   60556 fork_posix.cc:71] Other threads are currently calling into gRPC, skipping fork() handlers
E0625 20:32:03.691364   61025 ev_epoll1_linux.cc:309] epoll_ctl failed: Bad file descriptor (9)
E0625 20:32:03.691481   61025 completion_queue.cc:800] Kick failed: UNKNOWN:eventfd_write: Bad file descriptor (9)
I0625 20:32:04.969813   60556 fork_posix.cc:71] Other threads are currently calling into gRPC, skipping fork() handlers
E0625 20:32:05.021507   61065 completion_queue.cc:800] Kick failed: UNKNOWN:eventfd_write: Bad file descriptor (9)
I0625 20:32:06.345147   60556 fork_posix.cc:71] Other threads are currently calling into gRPC, skipping fork() handlers
E0625 20:32:06.414829   61092 completion_queue.cc:800] Kick failed: UNKNOWN:eventfd_write: Bad file descriptor (9)
I0625 20:32:07.491031   60556 fork_posix.cc:71] Other threads are currently calling into gRPC, skipping fork() handlers
I0625 20:32:08.643052   60556 fork_posix.cc:71] Other threads are currently calling into gRPC, skipping fork() handlers
I0625 20:32:09.766466   60556 fork_posix.cc:71] Other threads are currently calling into gRPC, skipping fork() handlers
E0625 20:32:09.839105   61215 completion_queue.cc:800] Kick failed: UNKNOWN:eventfd_write: Bad file descriptor (9)
I0625 20:32:10.918656   60556 fork_posix.cc:71] Other threads are currently calling into gRPC, skipping fork() handlers
E0625 20:32:10.996040   61253 completion_queue.cc:800] Kick failed: UNKNOWN:eventfd_write: Bad file descriptor (9)
I0625 20:32:12.085911   60556 fork_posix.cc:71] Other threads are currently calling into gRPC, skipping fork() handlers
E0625 20:32:12.157855   61274 completion_queue.cc:800] Kick failed: UNKNOWN:eventfd_write: Bad file descriptor (9)
I0625 20:32:13.426429   60556 fork_posix.cc:71] Other threads are currently calling into gRPC, skipping fork() handlers
E0625 20:32:13.498734   61334 completion_queue.cc:800] Kick failed: UNKNOWN:eventfd_write: Bad file descriptor (9)
I0625 20:32:14.577284   60556 fork_posix.cc:71] Other threads are currently calling into gRPC, skipping fork() handlers
E0625 20:32:14.640187   61370 completion_queue.cc:800] Kick failed: UNKNOWN:eventfd_write: Bad file descriptor (9)
E0625 20:32:14.642080   61370 ev_epoll1_linux.cc:309] epoll_ctl failed: Bad file descriptor (9)
E0625 20:32:14.642106   61370 ev_epoll1_linux.cc:309] epoll_ctl failed: Bad file descriptor (9)
I0625 20:32:15.735264   60556 fork_posix.cc:71] Other threads are currently calling into gRPC, skipping fork() handlers
E0625 20:32:15.807029   61390 completion_queue.cc:800] Kick failed: UNKNOWN:eventfd_write: Bad file descriptor (9)
I0625 20:32:16.884787   60556 fork_posix.cc:71] Other threads are currently calling into gRPC, skipping fork() handlers
E0625 20:32:16.962993   61441 completion_queue.cc:800] Kick failed: UNKNOWN:eventfd_write: Bad file descriptor (9)
I0625 20:32:18.039216   60556 fork_posix.cc:71] Other threads are currently calling into gRPC, skipping fork() handlers
E0625 20:32:18.091397   61490 completion_queue.cc:800] Kick failed: UNKNOWN:eventfd_write: Bad file descriptor (9)
I0625 20:32:19.202218   60556 fork_posix.cc:71] Other threads are currently calling into gRPC, skipping fork() handlers
E0625 20:32:19.274410   61528 completion_queue.cc:800] Kick failed: UNKNOWN:eventfd_write: Bad file descriptor (9)
I0625 20:32:20.354868   60556 fork_posix.cc:71] Other threads are currently calling into gRPC, skipping fork() handlers
E0625 20:32:20.414527   61574 completion_queue.cc:800] Kick failed: UNKNOWN:eventfd_write: Bad file descriptor (9)
I0625 20:32:21.494291   60556 fork_posix.cc:71] Other threads are currently calling into gRPC, skipping fork() handlers
E0625 20:32:21.539303   61611 completion_queue.cc:800] Kick failed: UNKNOWN:eventfd_write: Bad file descriptor (9)
I0625 20:32:22.633844   60556 fork_posix.cc:71] Other threads are currently calling into gRPC, skipping fork() handlers
E0625 20:32:22.679031   61643 completion_queue.cc:800] Kick failed: UNKNOWN:eventfd_write: Bad file descriptor (9)
I0625 20:32:23.752519   60556 fork_posix.cc:71] Other threads are currently calling into gRPC, skipping fork() handlers
E0625 20:32:23.797075   61671 completion_queue.cc:800] Kick failed: UNKNOWN:eventfd_write: Bad file descriptor (9)
I0625 20:32:24.871288   60556 fork_posix.cc:71] Other threads are currently calling into gRPC, skipping fork() handlers
E0625 20:32:24.919583   61728 ev_epoll1_linux.cc:309] epoll_ctl failed: Bad file descriptor (9)
E0625 20:32:24.919641   61728 ev_epoll1_linux.cc:309] epoll_ctl failed: Bad file descriptor (9)
I0625 20:32:26.012240   60556 fork_posix.cc:71] Other threads are currently calling into gRPC, skipping fork() handlers
E0625 20:32:26.056784   61797 completion_queue.cc:800] Kick failed: UNKNOWN:eventfd_write: Bad file descriptor (9)
[92mINFO [0m:      Sent reply
[92mINFO [0m:      
[92mINFO [0m:      Received: train message 4a1ce862-47a6-4240-a73e-641e8bdf8eef
I0625 20:32:49.456157   24294 fork_posix.cc:71] Other threads are currently calling into gRPC, skipping fork() handlers
I0625 20:32:49.515392   61844 fork_posix.cc:71] Other threads are currently calling into gRPC, skipping fork() handlers
I0625 20:32:49.554241   24294 fork_posix.cc:71] Other threads are currently calling into gRPC, skipping fork() handlers
E0625 20:32:49.554566   61900 completion_queue.cc:800] Kick failed: UNKNOWN:eventfd_write: Bad file descriptor (9)
E0625 20:32:49.556396   61900 ev_epoll1_linux.cc:309] epoll_ctl failed: Bad file descriptor (9)
E0625 20:32:49.556420   61900 ev_epoll1_linux.cc:309] epoll_ctl failed: Bad file descriptor (9)
[92mINFO [0m:      Sent reply
[92mINFO [0m:      
[92mINFO [0m:      Received: evaluate message 03dc21f4-3c3e-4ced-adfc-b9ff4537f51f
I0625 20:38:59.089969   24294 fork_posix.cc:71] Other threads are currently calling into gRPC, skipping fork() handlers
I0625 20:38:59.135194   62418 fork_posix.cc:71] Other threads are currently calling into gRPC, skipping fork() handlers
I0625 20:38:59.178889   24294 fork_posix.cc:71] Other threads are currently calling into gRPC, skipping fork() handlers
E0625 20:38:59.180816   62474 ev_epoll1_linux.cc:309] epoll_ctl failed: Bad file descriptor (9)
[92mINFO [0m:      Sent reply
[92mINFO [0m:      
[92mINFO [0m:      Received: train message 7844be82-e05e-415e-810b-0a3114b27bf1
I0625 20:39:57.949832   24294 fork_posix.cc:71] Other threads are currently calling into gRPC, skipping fork() handlers
I0625 20:39:57.989157   62616 fork_posix.cc:71] Other threads are currently calling into gRPC, skipping fork() handlers
E0625 20:39:58.030571   62670 ev_epoll1_linux.cc:309] epoll_ctl failed: Bad file descriptor (9)
E0625 20:39:58.030665   62670 completion_queue.cc:800] Kick failed: UNKNOWN:eventfd_write: Bad file descriptor (9)
I0625 20:39:58.048311   24294 fork_posix.cc:71] Other threads are currently calling into gRPC, skipping fork() handlers
[92mINFO [0m:      Sent reply
[92mINFO [0m:      
[92mINFO [0m:      Received: evaluate message 74dd27fd-9f83-42ea-8394-a3aa2fd9cf0e
I0625 20:46:19.282907   24294 fork_posix.cc:71] Other threads are currently calling into gRPC, skipping fork() handlers
I0625 20:46:19.345356   64143 fork_posix.cc:71] Other threads are currently calling into gRPC, skipping fork() handlers
E0625 20:46:19.388017   64198 completion_queue.cc:800] Kick failed: UNKNOWN:eventfd_write: Bad file descriptor (9)
E0625 20:46:19.389790   64198 ev_epoll1_linux.cc:309] epoll_ctl failed: Bad file descriptor (9)
I0625 20:46:19.407753   24294 fork_posix.cc:71] Other threads are currently calling into gRPC, skipping fork() handlers
[92mINFO [0m:      Sent reply
[92mINFO [0m:      
[92mINFO [0m:      Received: train message 3e6cf588-86c5-489f-a50e-f1831e527482
I0625 20:47:16.145618   24294 fork_posix.cc:71] Other threads are currently calling into gRPC, skipping fork() handlers
I0625 20:47:16.185267   64345 fork_posix.cc:71] Other threads are currently calling into gRPC, skipping fork() handlers
I0625 20:47:16.225605   24294 fork_posix.cc:71] Other threads are currently calling into gRPC, skipping fork() handlers
E0625 20:47:16.227056   64404 ev_epoll1_linux.cc:309] epoll_ctl failed: Bad file descriptor (9)
E0625 20:47:16.227174   64404 completion_queue.cc:800] Kick failed: UNKNOWN:eventfd_write: Bad file descriptor (9)
[92mINFO [0m:      Sent reply
[92mINFO [0m:      
[92mINFO [0m:      Received: evaluate message a6c6f1b2-62e0-4634-883b-4190d124f2cf
I0625 20:52:54.886472   64864 fork_posix.cc:71] Other threads are currently calling into gRPC, skipping fork() handlers
E0625 20:52:54.930915   64885 completion_queue.cc:800] Kick failed: UNKNOWN:eventfd_write: Bad file descriptor (9)
I0625 20:52:54.930494   24294 fork_posix.cc:71] Other threads are currently calling into gRPC, skipping fork() handlers
E0625 20:52:54.932810   64888 ev_epoll1_linux.cc:309] epoll_ctl failed: Bad file descriptor (9)
E0625 20:52:54.932834   64888 ev_epoll1_linux.cc:309] epoll_ctl failed: Bad file descriptor (9)
I0625 20:52:54.976888   24294 fork_posix.cc:71] Other threads are currently calling into gRPC, skipping fork() handlers
[92mINFO [0m:      Sent reply
[92mINFO [0m:      
[92mINFO [0m:      Received: train message ddd5f578-9774-4eaa-8d68-be2fb6eed4e2
I0625 20:53:52.090545   24294 fork_posix.cc:71] Other threads are currently calling into gRPC, skipping fork() handlers
I0625 20:53:52.130658   24294 fork_posix.cc:71] Other threads are currently calling into gRPC, skipping fork() handlers
I0625 20:53:52.170107   65098 fork_posix.cc:71] Other threads are currently calling into gRPC, skipping fork() handlers
E0625 20:53:52.209631   65190 completion_queue.cc:800] Kick failed: UNKNOWN:eventfd_write: Bad file descriptor (9)
[92mINFO [0m:      Sent reply
[92mINFO [0m:      
[92mINFO [0m:      Received: evaluate message b333c0cb-402e-400a-936e-4d52f7b9624e
I0625 20:59:49.037573   24294 fork_posix.cc:71] Other threads are currently calling into gRPC, skipping fork() handlers
I0625 20:59:49.082702     459 fork_posix.cc:71] Other threads are currently calling into gRPC, skipping fork() handlers
I0625 20:59:49.127612   24294 fork_posix.cc:71] Other threads are currently calling into gRPC, skipping fork() handlers
E0625 20:59:49.129568     518 ev_epoll1_linux.cc:309] epoll_ctl failed: Bad file descriptor (9)
E0625 20:59:49.129669     518 completion_queue.cc:800] Kick failed: UNKNOWN:eventfd_write: Bad file descriptor (9)
[92mINFO [0m:      Sent reply
[92mINFO [0m:      
[92mINFO [0m:      Received: train message 23741e23-6069-42b6-8bb6-6978e3485f8e
I0625 21:00:44.433182   24294 fork_posix.cc:71] Other threads are currently calling into gRPC, skipping fork() handlers
I0625 21:00:44.474299     684 fork_posix.cc:71] Other threads are currently calling into gRPC, skipping fork() handlers
I0625 21:00:44.513778   24294 fork_posix.cc:71] Other threads are currently calling into gRPC, skipping fork() handlers
E0625 21:00:44.515729     743 ev_epoll1_linux.cc:309] epoll_ctl failed: Bad file descriptor (9)
E0625 21:00:44.515782     743 ev_epoll1_linux.cc:309] epoll_ctl failed: Bad file descriptor (9)
E0625 21:00:44.515843     743 completion_queue.cc:800] Kick failed: UNKNOWN:eventfd_write: Bad file descriptor (9)
[92mINFO [0m:      Sent reply
[92mINFO [0m:      
[92mINFO [0m:      Received: evaluate message af2c51a9-e069-4fa7-85a8-5f97030e01de
I0625 21:06:34.245909   24294 fork_posix.cc:71] Other threads are currently calling into gRPC, skipping fork() handlers
I0625 21:06:34.289061    1228 fork_posix.cc:71] Other threads are currently calling into gRPC, skipping fork() handlers
E0625 21:06:34.331965    1284 completion_queue.cc:800] Kick failed: UNKNOWN:eventfd_write: Bad file descriptor (9)
I0625 21:06:34.332759   24294 fork_posix.cc:71] Other threads are currently calling into gRPC, skipping fork() handlers
E0625 21:06:34.333803    1284 ev_epoll1_linux.cc:309] epoll_ctl failed: Bad file descriptor (9)
[92mINFO [0m:      Sent reply
[92mINFO [0m:      
[92mINFO [0m:      Received: train message 70e2c218-d43b-4cda-8379-fab80903aea3
I0625 21:07:32.501346   24294 fork_posix.cc:71] Other threads are currently calling into gRPC, skipping fork() handlers
I0625 21:07:32.541612    1431 fork_posix.cc:71] Other threads are currently calling into gRPC, skipping fork() handlers
E0625 21:07:32.583323    1487 ev_epoll1_linux.cc:309] epoll_ctl failed: Bad file descriptor (9)
E0625 21:07:32.583428    1487 completion_queue.cc:800] Kick failed: UNKNOWN:eventfd_write: Bad file descriptor (9)
I0625 21:07:32.600236   24294 fork_posix.cc:71] Other threads are currently calling into gRPC, skipping fork() handlers
[92mINFO [0m:      Sent reply
[92mINFO [0m:      
[92mINFO [0m:      Received: evaluate message cc48bc10-b18f-4b01-87a6-54face995848
I0625 21:13:32.066133   24294 fork_posix.cc:71] Other threads are currently calling into gRPC, skipping fork() handlers
I0625 21:13:32.111046    1962 fork_posix.cc:71] Other threads are currently calling into gRPC, skipping fork() handlers
E0625 21:13:32.155505    2017 completion_queue.cc:800] Kick failed: UNKNOWN:eventfd_write: Bad file descriptor (9)
I0625 21:13:32.156271   24294 fork_posix.cc:71] Other threads are currently calling into gRPC, skipping fork() handlers
E0625 21:13:32.157357    2021 ev_epoll1_linux.cc:309] epoll_ctl failed: Bad file descriptor (9)
E0625 21:13:32.157381    2021 ev_epoll1_linux.cc:309] epoll_ctl failed: Bad file descriptor (9)
[92mINFO [0m:      Sent reply
[92mINFO [0m:      
[92mINFO [0m:      Received: train message 03ec5397-38dd-49ac-84ab-a1d734b1ec90
I0625 21:14:32.056059   24294 fork_posix.cc:71] Other threads are currently calling into gRPC, skipping fork() handlers
I0625 21:14:32.095900    2164 fork_posix.cc:71] Other threads are currently calling into gRPC, skipping fork() handlers
I0625 21:14:32.135506   24294 fork_posix.cc:71] Other threads are currently calling into gRPC, skipping fork() handlers
E0625 21:14:32.137496    2223 ev_epoll1_linux.cc:309] epoll_ctl failed: Bad file descriptor (9)
E0625 21:14:32.137553    2223 ev_epoll1_linux.cc:309] epoll_ctl failed: Bad file descriptor (9)
E0625 21:14:32.137611    2223 completion_queue.cc:800] Kick failed: UNKNOWN:eventfd_write: Bad file descriptor (9)
[92mINFO [0m:      Sent reply
[92mINFO [0m:      
[92mINFO [0m:      Received: evaluate message 367e97b3-711e-430a-89cb-68118e30048f
I0625 21:20:03.326306   24294 fork_posix.cc:71] Other threads are currently calling into gRPC, skipping fork() handlers
I0625 21:20:03.390556    3644 fork_posix.cc:71] Other threads are currently calling into gRPC, skipping fork() handlers
I0625 21:20:03.434634   24294 fork_posix.cc:71] Other threads are currently calling into gRPC, skipping fork() handlers
E0625 21:20:03.434910    3698 completion_queue.cc:800] Kick failed: UNKNOWN:eventfd_write: Bad file descriptor (9)
E0625 21:20:03.436725    3698 ev_epoll1_linux.cc:309] epoll_ctl failed: Bad file descriptor (9)
[92mINFO [0m:      Sent reply
[92mINFO [0m:      
[92mINFO [0m:      Received: train message 1d9b6768-553c-4863-a575-938d13ad91e1
I0625 21:21:04.955064   24294 fork_posix.cc:71] Other threads are currently calling into gRPC, skipping fork() handlers
I0625 21:21:04.994829    3848 fork_posix.cc:71] Other threads are currently calling into gRPC, skipping fork() handlers
E0625 21:21:05.036287    3904 ev_epoll1_linux.cc:309] epoll_ctl failed: Bad file descriptor (9)
E0625 21:21:05.036392    3904 completion_queue.cc:800] Kick failed: UNKNOWN:eventfd_write: Bad file descriptor (9)
I0625 21:21:05.053843   24294 fork_posix.cc:71] Other threads are currently calling into gRPC, skipping fork() handlers
[92mINFO [0m:      Sent reply
[92mINFO [0m:      
[92mINFO [0m:      Received: evaluate message e84bfd56-2fb8-4a32-8660-1dfb1adb8b92
I0625 21:26:46.946198   24294 fork_posix.cc:71] Other threads are currently calling into gRPC, skipping fork() handlers
I0625 21:26:46.989797    4364 fork_posix.cc:71] Other threads are currently calling into gRPC, skipping fork() handlers
E0625 21:26:47.032552    4422 completion_queue.cc:800] Kick failed: UNKNOWN:eventfd_write: Bad file descriptor (9)
I0625 21:26:47.033065   24294 fork_posix.cc:71] Other threads are currently calling into gRPC, skipping fork() handlers
E0625 21:26:47.034373    4422 ev_epoll1_linux.cc:309] epoll_ctl failed: Bad file descriptor (9)
E0625 21:26:47.034395    4422 ev_epoll1_linux.cc:309] epoll_ctl failed: Bad file descriptor (9)
[92mINFO [0m:      Sent reply
[92mINFO [0m:      
[92mINFO [0m:      Received: train message e2240bd8-cdfb-4a9e-b0df-6ec6f31f8118
I0625 21:27:44.856621   24294 fork_posix.cc:71] Other threads are currently calling into gRPC, skipping fork() handlers
I0625 21:27:44.896748    4570 fork_posix.cc:71] Other threads are currently calling into gRPC, skipping fork() handlers
E0625 21:27:44.936727    4626 completion_queue.cc:800] Kick failed: UNKNOWN:eventfd_write: Bad file descriptor (9)
I0625 21:27:44.936726   24294 fork_posix.cc:71] Other threads are currently calling into gRPC, skipping fork() handlers
[92mINFO [0m:      Sent reply
[92mINFO [0m:      
[92mINFO [0m:      Received: evaluate message da28c20f-a296-425d-bd59-004bf692dd01
I0625 21:33:39.909527   24294 fork_posix.cc:71] Other threads are currently calling into gRPC, skipping fork() handlers
I0625 21:33:39.953227    5231 fork_posix.cc:71] Other threads are currently calling into gRPC, skipping fork() handlers
E0625 21:33:39.995933    5287 completion_queue.cc:800] Kick failed: UNKNOWN:eventfd_write: Bad file descriptor (9)
I0625 21:33:39.996417   24294 fork_posix.cc:71] Other threads are currently calling into gRPC, skipping fork() handlers
E0625 21:33:39.997790    5287 ev_epoll1_linux.cc:309] epoll_ctl failed: Bad file descriptor (9)
[92mINFO [0m:      Sent reply
[92mINFO [0m:      
[92mINFO [0m:      Received: train message f54d0571-ddfd-4ffb-a21f-79c421bbfbe0
I0625 21:34:38.665781   24294 fork_posix.cc:71] Other threads are currently calling into gRPC, skipping fork() handlers
I0625 21:34:38.705678    5471 fork_posix.cc:71] Other threads are currently calling into gRPC, skipping fork() handlers
I0625 21:34:38.746149   24294 fork_posix.cc:71] Other threads are currently calling into gRPC, skipping fork() handlers
E0625 21:34:38.747607    5528 ev_epoll1_linux.cc:309] epoll_ctl failed: Bad file descriptor (9)
E0625 21:34:38.747665    5528 ev_epoll1_linux.cc:309] epoll_ctl failed: Bad file descriptor (9)
E0625 21:34:38.747722    5528 completion_queue.cc:800] Kick failed: UNKNOWN:eventfd_write: Bad file descriptor (9)
[92mINFO [0m:      Sent reply
[92mINFO [0m:      
[92mINFO [0m:      Received: evaluate message da3d53e6-a05b-4511-9014-23394c2139b0
I0625 21:40:35.040565   24294 fork_posix.cc:71] Other threads are currently calling into gRPC, skipping fork() handlers
I0625 21:40:35.103089    6012 fork_posix.cc:71] Other threads are currently calling into gRPC, skipping fork() handlers
E0625 21:40:35.146189    6071 completion_queue.cc:800] Kick failed: UNKNOWN:eventfd_write: Bad file descriptor (9)
I0625 21:40:35.146940   24294 fork_posix.cc:71] Other threads are currently calling into gRPC, skipping fork() handlers
E0625 21:40:35.148072    6071 ev_epoll1_linux.cc:309] epoll_ctl failed: Bad file descriptor (9)
I0625 21:40:36.243369    6012 fork_posix.cc:71] Other threads are currently calling into gRPC, skipping fork() handlers
I0625 21:40:37.372558    6012 fork_posix.cc:71] Other threads are currently calling into gRPC, skipping fork() handlers
E0625 21:40:37.416720    6220 completion_queue.cc:800] Kick failed: UNKNOWN:eventfd_write: Bad file descriptor (9)
I0625 21:40:38.508316    6012 fork_posix.cc:71] Other threads are currently calling into gRPC, skipping fork() handlers
I0625 21:40:39.626666    6012 fork_posix.cc:71] Other threads are currently calling into gRPC, skipping fork() handlers
I0625 21:40:40.744622    6012 fork_posix.cc:71] Other threads are currently calling into gRPC, skipping fork() handlers
I0625 21:40:41.914791    6012 fork_posix.cc:71] Other threads are currently calling into gRPC, skipping fork() handlers
I0625 21:40:43.035726    6012 fork_posix.cc:71] Other threads are currently calling into gRPC, skipping fork() handlers
E0625 21:40:43.079753    6411 completion_queue.cc:800] Kick failed: UNKNOWN:eventfd_write: Bad file descriptor (9)
I0625 21:40:44.154236    6012 fork_posix.cc:71] Other threads are currently calling into gRPC, skipping fork() handlers
E0625 21:40:44.197651    6449 completion_queue.cc:800] Kick failed: UNKNOWN:eventfd_write: Bad file descriptor (9)
I0625 21:40:45.274251    6012 fork_posix.cc:71] Other threads are currently calling into gRPC, skipping fork() handlers
E0625 21:40:45.318083    6487 completion_queue.cc:800] Kick failed: UNKNOWN:eventfd_write: Bad file descriptor (9)
E0625 21:40:45.319952    6493 ev_epoll1_linux.cc:309] epoll_ctl failed: Bad file descriptor (9)
I0625 21:40:46.397302    6012 fork_posix.cc:71] Other threads are currently calling into gRPC, skipping fork() handlers
E0625 21:40:46.441263    6525 completion_queue.cc:800] Kick failed: UNKNOWN:eventfd_write: Bad file descriptor (9)
I0625 21:40:47.514700    6012 fork_posix.cc:71] Other threads are currently calling into gRPC, skipping fork() handlers
E0625 21:40:47.558271    6563 completion_queue.cc:800] Kick failed: UNKNOWN:eventfd_write: Bad file descriptor (9)
I0625 21:40:48.633621    6012 fork_posix.cc:71] Other threads are currently calling into gRPC, skipping fork() handlers
E0625 21:40:48.677693    6601 completion_queue.cc:800] Kick failed: UNKNOWN:eventfd_write: Bad file descriptor (9)
I0625 21:40:49.753304    6012 fork_posix.cc:71] Other threads are currently calling into gRPC, skipping fork() handlers
E0625 21:40:49.797288    6640 completion_queue.cc:800] Kick failed: UNKNOWN:eventfd_write: Bad file descriptor (9)
I0625 21:40:50.871492    6012 fork_posix.cc:71] Other threads are currently calling into gRPC, skipping fork() handlers
E0625 21:40:50.942520    6676 completion_queue.cc:800] Kick failed: UNKNOWN:eventfd_write: Bad file descriptor (9)
I0625 21:40:52.428800    6012 fork_posix.cc:71] Other threads are currently calling into gRPC, skipping fork() handlers
E0625 21:40:52.493192    6704 completion_queue.cc:800] Kick failed: UNKNOWN:eventfd_write: Bad file descriptor (9)
I0625 21:40:53.579409    6012 fork_posix.cc:71] Other threads are currently calling into gRPC, skipping fork() handlers
E0625 21:40:53.649233    6753 completion_queue.cc:800] Kick failed: UNKNOWN:eventfd_write: Bad file descriptor (9)
I0625 21:40:54.724523    6012 fork_posix.cc:71] Other threads are currently calling into gRPC, skipping fork() handlers
E0625 21:40:54.796198    6791 completion_queue.cc:800] Kick failed: UNKNOWN:eventfd_write: Bad file descriptor (9)
I0625 21:40:56.060263    6012 fork_posix.cc:71] Other threads are currently calling into gRPC, skipping fork() handlers
E0625 21:40:56.127309    6820 ev_epoll1_linux.cc:309] epoll_ctl failed: Bad file descriptor (9)
I0625 21:40:57.203926    6012 fork_posix.cc:71] Other threads are currently calling into gRPC, skipping fork() handlers
E0625 21:40:57.271802    6849 completion_queue.cc:800] Kick failed: UNKNOWN:eventfd_write: Bad file descriptor (9)
I0625 21:40:58.350146    6012 fork_posix.cc:71] Other threads are currently calling into gRPC, skipping fork() handlers
E0625 21:40:58.399183    6904 completion_queue.cc:800] Kick failed: UNKNOWN:eventfd_write: Bad file descriptor (9)
I0625 21:40:59.472889    6012 fork_posix.cc:71] Other threads are currently calling into gRPC, skipping fork() handlers
E0625 21:40:59.517150    6943 completion_queue.cc:800] Kick failed: UNKNOWN:eventfd_write: Bad file descriptor (9)
I0625 21:41:00.592628    6012 fork_posix.cc:71] Other threads are currently calling into gRPC, skipping fork() handlers
I0625 21:41:01.726898    6012 fork_posix.cc:71] Other threads are currently calling into gRPC, skipping fork() handlers
I0625 21:41:02.861588    6012 fork_posix.cc:71] Other threads are currently calling into gRPC, skipping fork() handlers
I0625 21:41:03.979767    6012 fork_posix.cc:71] Other threads are currently calling into gRPC, skipping fork() handlers
I0625 21:41:05.104541    6012 fork_posix.cc:71] Other threads are currently calling into gRPC, skipping fork() handlers
I0625 21:41:06.256986    6012 fork_posix.cc:71] Other threads are currently calling into gRPC, skipping fork() handlers
E0625 21:41:06.300362    7171 completion_queue.cc:800] Kick failed: UNKNOWN:eventfd_write: Bad file descriptor (9)
E0625 21:41:06.302327    7171 ev_epoll1_linux.cc:309] epoll_ctl failed: Bad file descriptor (9)
E0625 21:41:06.302356    7171 ev_epoll1_linux.cc:309] epoll_ctl failed: Bad file descriptor (9)
I0625 21:41:07.388856    6012 fork_posix.cc:71] Other threads are currently calling into gRPC, skipping fork() handlers
E0625 21:41:07.432433    7211 completion_queue.cc:800] Kick failed: UNKNOWN:eventfd_write: Bad file descriptor (9)
I0625 21:41:08.508629    6012 fork_posix.cc:71] Other threads are currently calling into gRPC, skipping fork() handlers
E0625 21:41:08.552080    7250 completion_queue.cc:800] Kick failed: UNKNOWN:eventfd_write: Bad file descriptor (9)
I0625 21:41:09.625119    6012 fork_posix.cc:71] Other threads are currently calling into gRPC, skipping fork() handlers
E0625 21:41:09.668020    7287 completion_queue.cc:800] Kick failed: UNKNOWN:eventfd_write: Bad file descriptor (9)
I0625 21:41:10.740860    6012 fork_posix.cc:71] Other threads are currently calling into gRPC, skipping fork() handlers
E0625 21:41:10.784002    7325 completion_queue.cc:800] Kick failed: UNKNOWN:eventfd_write: Bad file descriptor (9)
I0625 21:41:11.856295    6012 fork_posix.cc:71] Other threads are currently calling into gRPC, skipping fork() handlers
E0625 21:41:11.982464    7364 completion_queue.cc:800] Kick failed: UNKNOWN:eventfd_write: Bad file descriptor (9)
[92mINFO [0m:      Sent reply
[92mINFO [0m:      
[92mINFO [0m:      Received: train message 9f384525-2e2a-48a9-b473-90a23e0835d1
I0625 21:41:37.063375   24294 fork_posix.cc:71] Other threads are currently calling into gRPC, skipping fork() handlers
I0625 21:41:37.121833    7404 fork_posix.cc:71] Other threads are currently calling into gRPC, skipping fork() handlers
I0625 21:41:37.161939   24294 fork_posix.cc:71] Other threads are currently calling into gRPC, skipping fork() handlers
E0625 21:41:37.163271    7460 ev_epoll1_linux.cc:309] epoll_ctl failed: Bad file descriptor (9)
E0625 21:41:37.163324    7460 ev_epoll1_linux.cc:309] epoll_ctl failed: Bad file descriptor (9)
E0625 21:41:37.163371    7460 completion_queue.cc:800] Kick failed: UNKNOWN:eventfd_write: Bad file descriptor (9)
[92mINFO [0m:      Sent reply
[92mINFO [0m:      
[92mINFO [0m:      Received: evaluate message 14ad1a47-4652-40ae-b2cb-4015b8cf11de
I0625 21:47:39.610912    8923 fork_posix.cc:71] Other threads are currently calling into gRPC, skipping fork() handlers
I0625 21:47:39.654910   24294 fork_posix.cc:71] Other threads are currently calling into gRPC, skipping fork() handlers
E0625 21:47:39.657126    8945 ev_epoll1_linux.cc:309] epoll_ctl failed: Bad file descriptor (9)
I0625 21:47:39.701704   24294 fork_posix.cc:71] Other threads are currently calling into gRPC, skipping fork() handlers
[92mINFO [0m:      Sent reply
[92mINFO [0m:      
[92mINFO [0m:      Received: train message 5541427f-e64e-4d43-82b6-3ca332520a9e
I0625 21:48:38.897908   24294 fork_posix.cc:71] Other threads are currently calling into gRPC, skipping fork() handlers
I0625 21:48:38.937928    9126 fork_posix.cc:71] Other threads are currently calling into gRPC, skipping fork() handlers
I0625 21:48:38.977779   24294 fork_posix.cc:71] Other threads are currently calling into gRPC, skipping fork() handlers
E0625 21:48:38.979740    9185 ev_epoll1_linux.cc:309] epoll_ctl failed: Bad file descriptor (9)
E0625 21:48:38.979844    9185 completion_queue.cc:800] Kick failed: UNKNOWN:eventfd_write: Bad file descriptor (9)
[92mINFO [0m:      Sent reply
[92mINFO [0m:      
[92mINFO [0m:      Received: evaluate message fb4d623f-491e-4689-8047-a0d878f05e51
I0625 21:54:04.332933   24294 fork_posix.cc:71] Other threads are currently calling into gRPC, skipping fork() handlers
I0625 21:54:04.379151    9624 fork_posix.cc:71] Other threads are currently calling into gRPC, skipping fork() handlers
E0625 21:54:04.422951    9680 completion_queue.cc:800] Kick failed: UNKNOWN:eventfd_write: Bad file descriptor (9)
I0625 21:54:04.422941   24294 fork_posix.cc:71] Other threads are currently calling into gRPC, skipping fork() handlers
E0625 21:54:04.424806    9683 ev_epoll1_linux.cc:309] epoll_ctl failed: Bad file descriptor (9)
E0625 21:54:04.424836    9683 ev_epoll1_linux.cc:309] epoll_ctl failed: Bad file descriptor (9)
[92mINFO [0m:      Sent reply
[92mINFO [0m:      
[92mINFO [0m:      Received: train message f5717a81-effe-40a1-a34a-864bf88490bd
I0625 21:54:59.683798   24294 fork_posix.cc:71] Other threads are currently calling into gRPC, skipping fork() handlers
I0625 21:54:59.723656    9835 fork_posix.cc:71] Other threads are currently calling into gRPC, skipping fork() handlers
I0625 21:54:59.764173   24294 fork_posix.cc:71] Other threads are currently calling into gRPC, skipping fork() handlers
E0625 21:54:59.765453    9893 ev_epoll1_linux.cc:309] epoll_ctl failed: Bad file descriptor (9)
E0625 21:54:59.765506    9893 ev_epoll1_linux.cc:309] epoll_ctl failed: Bad file descriptor (9)
E0625 21:54:59.765556    9893 completion_queue.cc:800] Kick failed: UNKNOWN:eventfd_write: Bad file descriptor (9)
[92mINFO [0m:      Sent reply
[92mINFO [0m:      
[92mINFO [0m:      Received: evaluate message 3a1a9783-35b5-47b4-8e88-1e977968030c
I0625 22:00:45.191998   24294 fork_posix.cc:71] Other threads are currently calling into gRPC, skipping fork() handlers
I0625 22:00:45.236901   10383 fork_posix.cc:71] Other threads are currently calling into gRPC, skipping fork() handlers
I0625 22:00:45.282147   24294 fork_posix.cc:71] Other threads are currently calling into gRPC, skipping fork() handlers
E0625 22:00:45.283286   10438 ev_epoll1_linux.cc:309] epoll_ctl failed: Bad file descriptor (9)
E0625 22:00:45.283341   10438 ev_epoll1_linux.cc:309] epoll_ctl failed: Bad file descriptor (9)
[92mINFO [0m:      Sent reply
[92mINFO [0m:      
[92mINFO [0m:      Received: train message 80c3264f-019a-4fb6-a249-b94cb519a980
I0625 22:01:38.622884   24294 fork_posix.cc:71] Other threads are currently calling into gRPC, skipping fork() handlers
I0625 22:01:38.681687   10598 fork_posix.cc:71] Other threads are currently calling into gRPC, skipping fork() handlers
E0625 22:01:38.720930   10654 completion_queue.cc:800] Kick failed: UNKNOWN:eventfd_write: Bad file descriptor (9)
E0625 22:01:38.722730   10654 ev_epoll1_linux.cc:309] epoll_ctl failed: Bad file descriptor (9)
I0625 22:01:38.740346   24294 fork_posix.cc:71] Other threads are currently calling into gRPC, skipping fork() handlers
[92mINFO [0m:      Sent reply
[92mINFO [0m:      
[92mINFO [0m:      Received: evaluate message 35c39cc3-b5c9-4abc-a3f5-f4f6345d69e8
I0625 22:06:54.539887   24294 fork_posix.cc:71] Other threads are currently calling into gRPC, skipping fork() handlers
I0625 22:06:54.585191   11105 fork_posix.cc:71] Other threads are currently calling into gRPC, skipping fork() handlers
E0625 22:06:54.630239   11165 completion_queue.cc:800] Kick failed: UNKNOWN:eventfd_write: Bad file descriptor (9)
I0625 22:06:54.630810   24294 fork_posix.cc:71] Other threads are currently calling into gRPC, skipping fork() handlers
E0625 22:06:54.632071   11165 ev_epoll1_linux.cc:309] epoll_ctl failed: Bad file descriptor (9)
[92mINFO [0m:      Sent reply
[92mINFO [0m:      
[92mINFO [0m:      Received: train message 9e21de2d-6ca5-4b07-9dae-ac68613b4f75
I0625 22:07:44.864971   24294 fork_posix.cc:71] Other threads are currently calling into gRPC, skipping fork() handlers
I0625 22:07:44.905581   11331 fork_posix.cc:71] Other threads are currently calling into gRPC, skipping fork() handlers
I0625 22:07:44.945041   24294 fork_posix.cc:71] Other threads are currently calling into gRPC, skipping fork() handlers
E0625 22:07:44.947193   11386 ev_epoll1_linux.cc:309] epoll_ctl failed: Bad file descriptor (9)
E0625 22:07:44.947289   11386 completion_queue.cc:800] Kick failed: UNKNOWN:eventfd_write: Bad file descriptor (9)
I0625 22:07:46.554348   11331 fork_posix.cc:71] Other threads are currently calling into gRPC, skipping fork() handlers
I0625 22:07:47.665186   11331 fork_posix.cc:71] Other threads are currently calling into gRPC, skipping fork() handlers
E0625 22:07:47.705230   11534 completion_queue.cc:800] Kick failed: UNKNOWN:eventfd_write: Bad file descriptor (9)
I0625 22:07:49.472858   11331 fork_posix.cc:71] Other threads are currently calling into gRPC, skipping fork() handlers
E0625 22:07:49.512835   11573 completion_queue.cc:800] Kick failed: UNKNOWN:eventfd_write: Bad file descriptor (9)
I0625 22:07:50.590740   11331 fork_posix.cc:71] Other threads are currently calling into gRPC, skipping fork() handlers
I0625 22:07:51.705339   11331 fork_posix.cc:71] Other threads are currently calling into gRPC, skipping fork() handlers
I0625 22:07:52.818380   11331 fork_posix.cc:71] Other threads are currently calling into gRPC, skipping fork() handlers
I0625 22:07:53.953004   11331 fork_posix.cc:71] Other threads are currently calling into gRPC, skipping fork() handlers
I0625 22:07:55.064330   11331 fork_posix.cc:71] Other threads are currently calling into gRPC, skipping fork() handlers
E0625 22:07:55.106203   11762 ev_epoll1_linux.cc:309] epoll_ctl failed: Bad file descriptor (9)
E0625 22:07:55.106266   11762 ev_epoll1_linux.cc:309] epoll_ctl failed: Bad file descriptor (9)
E0625 22:07:55.106323   11762 completion_queue.cc:800] Kick failed: UNKNOWN:eventfd_write: Bad file descriptor (9)
I0625 22:07:56.183307   11331 fork_posix.cc:71] Other threads are currently calling into gRPC, skipping fork() handlers
E0625 22:07:56.223643   11802 completion_queue.cc:800] Kick failed: UNKNOWN:eventfd_write: Bad file descriptor (9)
I0625 22:07:57.568307   11331 fork_posix.cc:71] Other threads are currently calling into gRPC, skipping fork() handlers
E0625 22:07:57.608883   11838 completion_queue.cc:800] Kick failed: UNKNOWN:eventfd_write: Bad file descriptor (9)
I0625 22:07:58.681834   11331 fork_posix.cc:71] Other threads are currently calling into gRPC, skipping fork() handlers
I0625 22:07:59.791073   11331 fork_posix.cc:71] Other threads are currently calling into gRPC, skipping fork() handlers
I0625 22:08:01.317278   11331 fork_posix.cc:71] Other threads are currently calling into gRPC, skipping fork() handlers
I0625 22:08:02.461213   11331 fork_posix.cc:71] Other threads are currently calling into gRPC, skipping fork() handlers
I0625 22:08:03.582547   11331 fork_posix.cc:71] Other threads are currently calling into gRPC, skipping fork() handlers
I0625 22:08:04.731069   11331 fork_posix.cc:71] Other threads are currently calling into gRPC, skipping fork() handlers
I0625 22:08:05.863828   11331 fork_posix.cc:71] Other threads are currently calling into gRPC, skipping fork() handlers
E0625 22:08:05.904335   12104 completion_queue.cc:800] Kick failed: UNKNOWN:eventfd_write: Bad file descriptor (9)
E0625 22:08:05.906286   12107 ev_epoll1_linux.cc:309] epoll_ctl failed: Bad file descriptor (9)
[mutex.cc : 2443] RAW: Check w->waitp->cond == nullptr failed: Mutex::Fer while waiting on Condition
I0625 22:09:15.241305   11331 fork_posix.cc:71] Other threads are currently calling into gRPC, skipping fork() handlers
E0625 22:09:15.281880   12251 completion_queue.cc:800] Kick failed: UNKNOWN:eventfd_write: Bad file descriptor (9)
E0625 22:09:15.283810   12251 ev_epoll1_linux.cc:309] epoll_ctl failed: Bad file descriptor (9)
I0625 22:09:16.358211   11331 fork_posix.cc:71] Other threads are currently calling into gRPC, skipping fork() handlers
I0625 22:09:17.466997   11331 fork_posix.cc:71] Other threads are currently calling into gRPC, skipping fork() handlers
E0625 22:09:17.506463   12327 completion_queue.cc:800] Kick failed: UNKNOWN:eventfd_write: Bad file descriptor (9)
I0625 22:09:18.988870   11331 fork_posix.cc:71] Other threads are currently calling into gRPC, skipping fork() handlers
I0625 22:09:20.099236   11331 fork_posix.cc:71] Other threads are currently calling into gRPC, skipping fork() handlers
E0625 22:09:20.139124   12403 completion_queue.cc:800] Kick failed: UNKNOWN:eventfd_write: Bad file descriptor (9)
I0625 22:09:21.214248   11331 fork_posix.cc:71] Other threads are currently calling into gRPC, skipping fork() handlers
I0625 22:09:22.321456   11331 fork_posix.cc:71] Other threads are currently calling into gRPC, skipping fork() handlers
E0625 22:09:22.371639   12479 completion_queue.cc:800] Kick failed: UNKNOWN:eventfd_write: Bad file descriptor (9)
I0625 22:09:23.440383   11331 fork_posix.cc:71] Other threads are currently calling into gRPC, skipping fork() handlers
I0625 22:09:25.090983   11331 fork_posix.cc:71] Other threads are currently calling into gRPC, skipping fork() handlers
I0625 22:09:26.199820   11331 fork_posix.cc:71] Other threads are currently calling into gRPC, skipping fork() handlers
E0625 22:09:26.261617   12593 ev_epoll1_linux.cc:309] epoll_ctl failed: Bad file descriptor (9)
E0625 22:09:26.261677   12593 ev_epoll1_linux.cc:309] epoll_ctl failed: Bad file descriptor (9)
E0625 22:09:26.261729   12593 completion_queue.cc:800] Kick failed: UNKNOWN:eventfd_write: Bad file descriptor (9)
I0625 22:09:27.343891   11331 fork_posix.cc:71] Other threads are currently calling into gRPC, skipping fork() handlers
I0625 22:09:28.457960   11331 fork_posix.cc:71] Other threads are currently calling into gRPC, skipping fork() handlers
I0625 22:09:29.586447   11331 fork_posix.cc:71] Other threads are currently calling into gRPC, skipping fork() handlers
I0625 22:09:30.695127   11331 fork_posix.cc:71] Other threads are currently calling into gRPC, skipping fork() handlers
E0625 22:09:30.734803   12745 completion_queue.cc:800] Kick failed: UNKNOWN:eventfd_write: Bad file descriptor (9)
I0625 22:09:31.803924   11331 fork_posix.cc:71] Other threads are currently calling into gRPC, skipping fork() handlers
E0625 22:09:31.843586   12783 completion_queue.cc:800] Kick failed: UNKNOWN:eventfd_write: Bad file descriptor (9)
I0625 22:09:33.450268   11331 fork_posix.cc:71] Other threads are currently calling into gRPC, skipping fork() handlers
I0625 22:09:34.559780   11331 fork_posix.cc:71] Other threads are currently calling into gRPC, skipping fork() handlers
E0625 22:09:34.599601   12860 completion_queue.cc:800] Kick failed: UNKNOWN:eventfd_write: Bad file descriptor (9)
I0625 22:09:35.992609   11331 fork_posix.cc:71] Other threads are currently calling into gRPC, skipping fork() handlers
E0625 22:09:36.032179   12898 completion_queue.cc:800] Kick failed: UNKNOWN:eventfd_write: Bad file descriptor (9)
I0625 22:09:37.105850   11331 fork_posix.cc:71] Other threads are currently calling into gRPC, skipping fork() handlers
E0625 22:09:37.147134   12936 ev_epoll1_linux.cc:309] epoll_ctl failed: Bad file descriptor (9)
E0625 22:09:37.147241   12936 completion_queue.cc:800] Kick failed: UNKNOWN:eventfd_write: Bad file descriptor (9)
I0625 22:09:38.640714   11331 fork_posix.cc:71] Other threads are currently calling into gRPC, skipping fork() handlers
I0625 22:09:40.169298   11331 fork_posix.cc:71] Other threads are currently calling into gRPC, skipping fork() handlers
E0625 22:09:40.208382   13014 completion_queue.cc:800] Kick failed: UNKNOWN:eventfd_write: Bad file descriptor (9)
I0625 22:09:41.277034   11331 fork_posix.cc:71] Other threads are currently calling into gRPC, skipping fork() handlers
E0625 22:09:41.316454   13035 completion_queue.cc:800] Kick failed: UNKNOWN:eventfd_write: Bad file descriptor (9)
I0625 22:09:42.809767   11331 fork_posix.cc:71] Other threads are currently calling into gRPC, skipping fork() handlers
I0625 22:09:43.923035   11331 fork_posix.cc:71] Other threads are currently calling into gRPC, skipping fork() handlers
E0625 22:09:43.962322   13128 completion_queue.cc:800] Kick failed: UNKNOWN:eventfd_write: Bad file descriptor (9)
I0625 22:09:45.276402   11331 fork_posix.cc:71] Other threads are currently calling into gRPC, skipping fork() handlers
E0625 22:09:45.315582   13166 completion_queue.cc:800] Kick failed: UNKNOWN:eventfd_write: Bad file descriptor (9)
I0625 22:09:46.391297   11331 fork_posix.cc:71] Other threads are currently calling into gRPC, skipping fork() handlers
I0625 22:09:47.535360   11331 fork_posix.cc:71] Other threads are currently calling into gRPC, skipping fork() handlers
E0625 22:09:47.578422   13243 ev_epoll1_linux.cc:309] epoll_ctl failed: Bad file descriptor (9)
I0625 22:09:48.651111   11331 fork_posix.cc:71] Other threads are currently calling into gRPC, skipping fork() handlers
E0625 22:09:48.690650   13263 completion_queue.cc:800] Kick failed: UNKNOWN:eventfd_write: Bad file descriptor (9)
I0625 22:09:49.760790   11331 fork_posix.cc:71] Other threads are currently calling into gRPC, skipping fork() handlers
E0625 22:09:49.800095   13318 completion_queue.cc:800] Kick failed: UNKNOWN:eventfd_write: Bad file descriptor (9)
I0625 22:09:50.869555   11331 fork_posix.cc:71] Other threads are currently calling into gRPC, skipping fork() handlers
E0625 22:09:50.909270   13356 completion_queue.cc:800] Kick failed: UNKNOWN:eventfd_write: Bad file descriptor (9)
I0625 22:09:51.978095   11331 fork_posix.cc:71] Other threads are currently calling into gRPC, skipping fork() handlers
E0625 22:09:52.016810   13394 completion_queue.cc:800] Kick failed: UNKNOWN:eventfd_write: Bad file descriptor (9)
I0625 22:09:53.137007   11331 fork_posix.cc:71] Other threads are currently calling into gRPC, skipping fork() handlers
E0625 22:09:53.176404   13415 completion_queue.cc:800] Kick failed: UNKNOWN:eventfd_write: Bad file descriptor (9)
I0625 22:09:54.248801   11331 fork_posix.cc:71] Other threads are currently calling into gRPC, skipping fork() handlers
E0625 22:09:54.287666   13470 completion_queue.cc:800] Kick failed: UNKNOWN:eventfd_write: Bad file descriptor (9)
I0625 22:09:55.357099   11331 fork_posix.cc:71] Other threads are currently calling into gRPC, skipping fork() handlers
E0625 22:09:55.396534   13507 completion_queue.cc:800] Kick failed: UNKNOWN:eventfd_write: Bad file descriptor (9)
I0625 22:09:56.467874   11331 fork_posix.cc:71] Other threads are currently calling into gRPC, skipping fork() handlers
I0625 22:09:57.580249   11331 fork_posix.cc:71] Other threads are currently calling into gRPC, skipping fork() handlers
E0625 22:09:57.642736   13583 completion_queue.cc:800] Kick failed: UNKNOWN:eventfd_write: Bad file descriptor (9)
E0625 22:09:57.644649   13583 ev_epoll1_linux.cc:309] epoll_ctl failed: Bad file descriptor (9)
I0625 22:09:58.715996   11331 fork_posix.cc:71] Other threads are currently calling into gRPC, skipping fork() handlers
I0625 22:10:00.072259   11331 fork_posix.cc:71] Other threads are currently calling into gRPC, skipping fork() handlers
I0625 22:10:01.185436   11331 fork_posix.cc:71] Other threads are currently calling into gRPC, skipping fork() handlers
E0625 22:10:01.224886   13697 completion_queue.cc:800] Kick failed: UNKNOWN:eventfd_write: Bad file descriptor (9)
I0625 22:10:02.295227   11331 fork_posix.cc:71] Other threads are currently calling into gRPC, skipping fork() handlers
I0625 22:10:03.406470   11331 fork_posix.cc:71] Other threads are currently calling into gRPC, skipping fork() handlers
E0625 22:10:03.445731   13760 completion_queue.cc:800] Kick failed: UNKNOWN:eventfd_write: Bad file descriptor (9)
I0625 22:10:04.514532   11331 fork_posix.cc:71] Other threads are currently calling into gRPC, skipping fork() handlers
I0625 22:10:05.625249   11331 fork_posix.cc:71] Other threads are currently calling into gRPC, skipping fork() handlers
E0625 22:10:05.664854   13853 completion_queue.cc:800] Kick failed: UNKNOWN:eventfd_write: Bad file descriptor (9)
I0625 22:10:06.767044   11331 fork_posix.cc:71] Other threads are currently calling into gRPC, skipping fork() handlers
I0625 22:10:07.898396   11331 fork_posix.cc:71] Other threads are currently calling into gRPC, skipping fork() handlers
E0625 22:10:07.937832   13928 completion_queue.cc:800] Kick failed: UNKNOWN:eventfd_write: Bad file descriptor (9)
E0625 22:10:07.939706   13931 ev_epoll1_linux.cc:309] epoll_ctl failed: Bad file descriptor (9)
E0625 22:10:07.939733   13931 ev_epoll1_linux.cc:309] epoll_ctl failed: Bad file descriptor (9)
[mutex.cc : 2443] RAW: Check w->waitp->cond == nullptr failed: Mutex::Fer while waiting on Condition
I0625 22:11:13.179715   11331 fork_posix.cc:71] Other threads are currently calling into gRPC, skipping fork() handlers
E0625 22:11:13.224907   14034 ev_epoll1_linux.cc:309] epoll_ctl failed: Bad file descriptor (9)
E0625 22:11:13.224966   14034 ev_epoll1_linux.cc:309] epoll_ctl failed: Bad file descriptor (9)
E0625 22:11:13.225016   14034 completion_queue.cc:800] Kick failed: UNKNOWN:eventfd_write: Bad file descriptor (9)
I0625 22:11:14.302552   11331 fork_posix.cc:71] Other threads are currently calling into gRPC, skipping fork() handlers
E0625 22:11:14.342107   14072 completion_queue.cc:800] Kick failed: UNKNOWN:eventfd_write: Bad file descriptor (9)
I0625 22:11:15.410734   11331 fork_posix.cc:71] Other threads are currently calling into gRPC, skipping fork() handlers
I0625 22:11:16.787409   11331 fork_posix.cc:71] Other threads are currently calling into gRPC, skipping fork() handlers
I0625 22:11:17.902107   11331 fork_posix.cc:71] Other threads are currently calling into gRPC, skipping fork() handlers
E0625 22:11:17.942167   14186 completion_queue.cc:800] Kick failed: UNKNOWN:eventfd_write: Bad file descriptor (9)
I0625 22:11:19.010845   11331 fork_posix.cc:71] Other threads are currently calling into gRPC, skipping fork() handlers
I0625 22:11:20.119569   11331 fork_posix.cc:71] Other threads are currently calling into gRPC, skipping fork() handlers
E0625 22:11:20.159410   14262 completion_queue.cc:800] Kick failed: UNKNOWN:eventfd_write: Bad file descriptor (9)
I0625 22:11:21.229978   11331 fork_posix.cc:71] Other threads are currently calling into gRPC, skipping fork() handlers
I0625 22:11:22.879827   11331 fork_posix.cc:71] Other threads are currently calling into gRPC, skipping fork() handlers
I0625 22:11:23.998968   11331 fork_posix.cc:71] Other threads are currently calling into gRPC, skipping fork() handlers
E0625 22:11:24.038511   14376 completion_queue.cc:800] Kick failed: UNKNOWN:eventfd_write: Bad file descriptor (9)
E0625 22:11:24.040472   14376 ev_epoll1_linux.cc:309] epoll_ctl failed: Bad file descriptor (9)
I0625 22:11:25.113445   11331 fork_posix.cc:71] Other threads are currently calling into gRPC, skipping fork() handlers
I0625 22:11:26.223139   11331 fork_posix.cc:71] Other threads are currently calling into gRPC, skipping fork() handlers
E0625 22:11:26.262573   14452 completion_queue.cc:800] Kick failed: UNKNOWN:eventfd_write: Bad file descriptor (9)
I0625 22:11:27.871241   11331 fork_posix.cc:71] Other threads are currently calling into gRPC, skipping fork() handlers
I0625 22:11:28.980238   11331 fork_posix.cc:71] Other threads are currently calling into gRPC, skipping fork() handlers
E0625 22:11:29.033286   14531 completion_queue.cc:800] Kick failed: UNKNOWN:eventfd_write: Bad file descriptor (9)
I0625 22:11:30.103642   11331 fork_posix.cc:71] Other threads are currently calling into gRPC, skipping fork() handlers
I0625 22:11:31.461625   11331 fork_posix.cc:71] Other threads are currently calling into gRPC, skipping fork() handlers
E0625 22:11:31.501031   14605 completion_queue.cc:800] Kick failed: UNKNOWN:eventfd_write: Bad file descriptor (9)
I0625 22:11:32.991107   11331 fork_posix.cc:71] Other threads are currently calling into gRPC, skipping fork() handlers
E0625 22:11:33.030492   14640 completion_queue.cc:800] Kick failed: UNKNOWN:eventfd_write: Bad file descriptor (9)
I0625 22:11:34.115483   11331 fork_posix.cc:71] Other threads are currently calling into gRPC, skipping fork() handlers
E0625 22:11:34.156405   14692 ev_epoll1_linux.cc:309] epoll_ctl failed: Bad file descriptor (9)
E0625 22:11:34.156469   14692 ev_epoll1_linux.cc:309] epoll_ctl failed: Bad file descriptor (9)
E0625 22:11:34.156520   14692 completion_queue.cc:800] Kick failed: UNKNOWN:eventfd_write: Bad file descriptor (9)
I0625 22:11:35.226155   11331 fork_posix.cc:71] Other threads are currently calling into gRPC, skipping fork() handlers
I0625 22:11:36.336402   11331 fork_posix.cc:71] Other threads are currently calling into gRPC, skipping fork() handlers
I0625 22:11:37.456438   11331 fork_posix.cc:71] Other threads are currently calling into gRPC, skipping fork() handlers
I0625 22:11:38.596944   11331 fork_posix.cc:71] Other threads are currently calling into gRPC, skipping fork() handlers
I0625 22:11:39.705210   11331 fork_posix.cc:71] Other threads are currently calling into gRPC, skipping fork() handlers
I0625 22:11:41.351182   11331 fork_posix.cc:71] Other threads are currently calling into gRPC, skipping fork() handlers
I0625 22:11:42.493447   11331 fork_posix.cc:71] Other threads are currently calling into gRPC, skipping fork() handlers
E0625 22:11:42.555231   14955 completion_queue.cc:800] Kick failed: UNKNOWN:eventfd_write: Bad file descriptor (9)
I0625 22:11:43.625831   11331 fork_posix.cc:71] Other threads are currently calling into gRPC, skipping fork() handlers
I0625 22:11:44.760232   11331 fork_posix.cc:71] Other threads are currently calling into gRPC, skipping fork() handlers
E0625 22:11:44.823313   15019 completion_queue.cc:800] Kick failed: UNKNOWN:eventfd_write: Bad file descriptor (9)
E0625 22:11:44.825181   15019 ev_epoll1_linux.cc:309] epoll_ctl failed: Bad file descriptor (9)
I0625 22:11:45.894655   11331 fork_posix.cc:71] Other threads are currently calling into gRPC, skipping fork() handlers
I0625 22:11:47.034016   11331 fork_posix.cc:71] Other threads are currently calling into gRPC, skipping fork() handlers
I0625 22:11:48.149911   11331 fork_posix.cc:71] Other threads are currently calling into gRPC, skipping fork() handlers
I0625 22:11:49.793820   11331 fork_posix.cc:71] Other threads are currently calling into gRPC, skipping fork() handlers
I0625 22:11:50.910280   11331 fork_posix.cc:71] Other threads are currently calling into gRPC, skipping fork() handlers
I0625 22:11:52.022661   11331 fork_posix.cc:71] Other threads are currently calling into gRPC, skipping fork() handlers
I0625 22:11:53.170042   11331 fork_posix.cc:71] Other threads are currently calling into gRPC, skipping fork() handlers
E0625 22:11:53.209294   15302 completion_queue.cc:800] Kick failed: UNKNOWN:eventfd_write: Bad file descriptor (9)
I0625 22:11:54.277346   11331 fork_posix.cc:71] Other threads are currently calling into gRPC, skipping fork() handlers
E0625 22:11:54.315907   15335 completion_queue.cc:800] Kick failed: UNKNOWN:eventfd_write: Bad file descriptor (9)
[92mINFO [0m:      Sent reply
[92mINFO [0m:      
[92mINFO [0m:      Received: evaluate message 0444f938-4619-4874-bcfe-50804a1f015e
I0625 22:13:14.104903   24294 fork_posix.cc:71] Other threads are currently calling into gRPC, skipping fork() handlers
I0625 22:13:14.149884   15441 fork_posix.cc:71] Other threads are currently calling into gRPC, skipping fork() handlers
I0625 22:13:14.195653   24294 fork_posix.cc:71] Other threads are currently calling into gRPC, skipping fork() handlers
[92mINFO [0m:      Sent reply
[92mINFO [0m:      
[92mINFO [0m:      Received: train message f884a3de-e917-4557-9c78-1704a763449e
I0625 22:14:06.984054   24294 fork_posix.cc:71] Other threads are currently calling into gRPC, skipping fork() handlers
I0625 22:14:07.023602   15631 fork_posix.cc:71] Other threads are currently calling into gRPC, skipping fork() handlers
E0625 22:14:07.065023   15687 ev_epoll1_linux.cc:309] epoll_ctl failed: Bad file descriptor (9)
E0625 22:14:07.065130   15687 completion_queue.cc:800] Kick failed: UNKNOWN:eventfd_write: Bad file descriptor (9)
I0625 22:14:07.082626   24294 fork_posix.cc:71] Other threads are currently calling into gRPC, skipping fork() handlers
[92mINFO [0m:      Sent reply
[92mINFO [0m:      
[92mINFO [0m:      Received: evaluate message affcd7d0-3ebe-4fcb-b15e-42a86a6ae8ea
I0625 22:19:36.551757   24294 fork_posix.cc:71] Other threads are currently calling into gRPC, skipping fork() handlers
I0625 22:19:36.596750   17286 fork_posix.cc:71] Other threads are currently calling into gRPC, skipping fork() handlers
E0625 22:19:36.641650   17343 completion_queue.cc:800] Kick failed: UNKNOWN:eventfd_write: Bad file descriptor (9)
I0625 22:19:36.641743   24294 fork_posix.cc:71] Other threads are currently calling into gRPC, skipping fork() handlers
[92mINFO [0m:      Sent reply
[92mINFO [0m:      
[92mINFO [0m:      Received: train message 7a39b8ed-a5c1-4b43-a0e3-81d94572cd7c
I0625 22:20:27.317081   24294 fork_posix.cc:71] Other threads are currently calling into gRPC, skipping fork() handlers
I0625 22:20:27.357160   17519 fork_posix.cc:71] Other threads are currently calling into gRPC, skipping fork() handlers
E0625 22:20:27.398914   17578 ev_epoll1_linux.cc:309] epoll_ctl failed: Bad file descriptor (9)
E0625 22:20:27.398970   17578 ev_epoll1_linux.cc:309] epoll_ctl failed: Bad file descriptor (9)
E0625 22:20:27.399023   17578 completion_queue.cc:800] Kick failed: UNKNOWN:eventfd_write: Bad file descriptor (9)
I0625 22:20:27.415935   24294 fork_posix.cc:71] Other threads are currently calling into gRPC, skipping fork() handlers
[92mINFO [0m:      Sent reply
[92mINFO [0m:      
[92mINFO [0m:      Received: evaluate message 3768bc2a-0f7f-4cdb-a6b8-b27ad2713c17
I0625 22:26:08.016799   24294 fork_posix.cc:71] Other threads are currently calling into gRPC, skipping fork() handlers
I0625 22:26:08.060580   18026 fork_posix.cc:71] Other threads are currently calling into gRPC, skipping fork() handlers
E0625 22:26:08.104231   18082 completion_queue.cc:800] Kick failed: UNKNOWN:eventfd_write: Bad file descriptor (9)
I0625 22:26:08.104742   24294 fork_posix.cc:71] Other threads are currently calling into gRPC, skipping fork() handlers
E0625 22:26:08.106114   18086 ev_epoll1_linux.cc:309] epoll_ctl failed: Bad file descriptor (9)
[92mINFO [0m:      Sent reply
[92mINFO [0m:      
[92mINFO [0m:      Received: train message 84b3d80e-e3e9-4642-a966-0e52f6f571e3
I0625 22:27:02.977327   24294 fork_posix.cc:71] Other threads are currently calling into gRPC, skipping fork() handlers
I0625 22:27:03.017574   18225 fork_posix.cc:71] Other threads are currently calling into gRPC, skipping fork() handlers
E0625 22:27:03.057420   18286 completion_queue.cc:800] Kick failed: UNKNOWN:eventfd_write: Bad file descriptor (9)
I0625 22:27:03.057508   24294 fork_posix.cc:71] Other threads are currently calling into gRPC, skipping fork() handlers
E0625 22:27:03.059313   18291 ev_epoll1_linux.cc:309] epoll_ctl failed: Bad file descriptor (9)
E0625 22:27:03.059338   18291 ev_epoll1_linux.cc:309] epoll_ctl failed: Bad file descriptor (9)
[92mINFO [0m:      Sent reply
[92mINFO [0m:      
[92mINFO [0m:      Received: evaluate message 47209e10-b776-418c-8cea-4c36e3d98a83
I0625 22:32:19.521724   24294 fork_posix.cc:71] Other threads are currently calling into gRPC, skipping fork() handlers
I0625 22:32:19.565437   19141 fork_posix.cc:71] Other threads are currently calling into gRPC, skipping fork() handlers
E0625 22:32:19.608990   19224 completion_queue.cc:800] Kick failed: UNKNOWN:eventfd_write: Bad file descriptor (9)
I0625 22:32:19.609555   24294 fork_posix.cc:71] Other threads are currently calling into gRPC, skipping fork() handlers
E0625 22:32:19.610808   19224 ev_epoll1_linux.cc:309] epoll_ctl failed: Bad file descriptor (9)
E0625 22:32:19.610838   19224 ev_epoll1_linux.cc:309] epoll_ctl failed: Bad file descriptor (9)
I0625 22:32:21.098078   19141 fork_posix.cc:71] Other threads are currently calling into gRPC, skipping fork() handlers
I0625 22:32:22.462029   19141 fork_posix.cc:71] Other threads are currently calling into gRPC, skipping fork() handlers
E0625 22:32:22.506540   19372 completion_queue.cc:800] Kick failed: UNKNOWN:eventfd_write: Bad file descriptor (9)
I0625 22:32:23.606138   19141 fork_posix.cc:71] Other threads are currently calling into gRPC, skipping fork() handlers
E0625 22:32:23.650532   19411 completion_queue.cc:800] Kick failed: UNKNOWN:eventfd_write: Bad file descriptor (9)
I0625 22:32:25.259904   19141 fork_posix.cc:71] Other threads are currently calling into gRPC, skipping fork() handlers
E0625 22:32:25.303608   19444 completion_queue.cc:800] Kick failed: UNKNOWN:eventfd_write: Bad file descriptor (9)
I0625 22:32:26.387916   19141 fork_posix.cc:71] Other threads are currently calling into gRPC, skipping fork() handlers
I0625 22:32:27.504099   19141 fork_posix.cc:71] Other threads are currently calling into gRPC, skipping fork() handlers
I0625 22:32:28.622929   19141 fork_posix.cc:71] Other threads are currently calling into gRPC, skipping fork() handlers
E0625 22:32:28.666682   19568 completion_queue.cc:800] Kick failed: UNKNOWN:eventfd_write: Bad file descriptor (9)
I0625 22:32:29.750115   19141 fork_posix.cc:71] Other threads are currently calling into gRPC, skipping fork() handlers
E0625 22:32:29.794093   19614 completion_queue.cc:800] Kick failed: UNKNOWN:eventfd_write: Bad file descriptor (9)
E0625 22:32:29.797086   19614 ev_epoll1_linux.cc:309] epoll_ctl failed: Bad file descriptor (9)
I0625 22:32:30.871964   19141 fork_posix.cc:71] Other threads are currently calling into gRPC, skipping fork() handlers
E0625 22:32:30.915677   19652 completion_queue.cc:800] Kick failed: UNKNOWN:eventfd_write: Bad file descriptor (9)
I0625 22:32:31.987304   19141 fork_posix.cc:71] Other threads are currently calling into gRPC, skipping fork() handlers
E0625 22:32:32.030405   19692 completion_queue.cc:800] Kick failed: UNKNOWN:eventfd_write: Bad file descriptor (9)
I0625 22:32:33.102646   19141 fork_posix.cc:71] Other threads are currently calling into gRPC, skipping fork() handlers
E0625 22:32:33.146934   19728 completion_queue.cc:800] Kick failed: UNKNOWN:eventfd_write: Bad file descriptor (9)
I0625 22:32:34.219656   19141 fork_posix.cc:71] Other threads are currently calling into gRPC, skipping fork() handlers
E0625 22:32:34.264030   19759 completion_queue.cc:800] Kick failed: UNKNOWN:eventfd_write: Bad file descriptor (9)
I0625 22:32:35.347004   19141 fork_posix.cc:71] Other threads are currently calling into gRPC, skipping fork() handlers
E0625 22:32:35.390850   19805 completion_queue.cc:800] Kick failed: UNKNOWN:eventfd_write: Bad file descriptor (9)
I0625 22:32:36.463288   19141 fork_posix.cc:71] Other threads are currently calling into gRPC, skipping fork() handlers
E0625 22:32:36.506975   19838 completion_queue.cc:800] Kick failed: UNKNOWN:eventfd_write: Bad file descriptor (9)
I0625 22:32:37.580086   19141 fork_posix.cc:71] Other threads are currently calling into gRPC, skipping fork() handlers
E0625 22:32:37.623438   19881 completion_queue.cc:800] Kick failed: UNKNOWN:eventfd_write: Bad file descriptor (9)
I0625 22:32:38.699050   19141 fork_posix.cc:71] Other threads are currently calling into gRPC, skipping fork() handlers
E0625 22:32:38.742624   19919 completion_queue.cc:800] Kick failed: UNKNOWN:eventfd_write: Bad file descriptor (9)
I0625 22:32:39.818269   19141 fork_posix.cc:71] Other threads are currently calling into gRPC, skipping fork() handlers
E0625 22:32:39.862069   19959 completion_queue.cc:800] Kick failed: UNKNOWN:eventfd_write: Bad file descriptor (9)
E0625 22:32:39.863973   19962 ev_epoll1_linux.cc:309] epoll_ctl failed: Bad file descriptor (9)
E0625 22:32:39.864001   19962 ev_epoll1_linux.cc:309] epoll_ctl failed: Bad file descriptor (9)
[mutex.cc : 2443] RAW: Check w->waitp->cond == nullptr failed: Mutex::Fer while waiting on Condition
[92mINFO [0m:      Sent reply
[92mINFO [0m:      
[92mINFO [0m:      Received: train message 1b8af400-558a-45b2-bfb8-b681278b1dfc
I0625 22:34:17.397180   24294 fork_posix.cc:71] Other threads are currently calling into gRPC, skipping fork() handlers
I0625 22:34:17.437491   20066 fork_posix.cc:71] Other threads are currently calling into gRPC, skipping fork() handlers
I0625 22:34:17.477247   24294 fork_posix.cc:71] Other threads are currently calling into gRPC, skipping fork() handlers
E0625 22:34:17.479216   20122 ev_epoll1_linux.cc:309] epoll_ctl failed: Bad file descriptor (9)
E0625 22:34:17.479272   20122 ev_epoll1_linux.cc:309] epoll_ctl failed: Bad file descriptor (9)
E0625 22:34:17.479335   20122 completion_queue.cc:800] Kick failed: UNKNOWN:eventfd_write: Bad file descriptor (9)
[92mINFO [0m:      Sent reply
[92mINFO [0m:      
[92mINFO [0m:      Received: evaluate message ff4ebe33-007b-4408-a5af-00231b810082
I0625 22:39:38.849895   24294 fork_posix.cc:71] Other threads are currently calling into gRPC, skipping fork() handlers
I0625 22:39:38.894435   20561 fork_posix.cc:71] Other threads are currently calling into gRPC, skipping fork() handlers
I0625 22:39:38.938413   24294 fork_posix.cc:71] Other threads are currently calling into gRPC, skipping fork() handlers
E0625 22:39:38.940185   20616 ev_epoll1_linux.cc:309] epoll_ctl failed: Bad file descriptor (9)
E0625 22:39:38.940242   20616 ev_epoll1_linux.cc:309] epoll_ctl failed: Bad file descriptor (9)
I0625 22:39:40.331496   20561 fork_posix.cc:71] Other threads are currently calling into gRPC, skipping fork() handlers
I0625 22:39:41.448089   20561 fork_posix.cc:71] Other threads are currently calling into gRPC, skipping fork() handlers
I0625 22:39:42.582464   20561 fork_posix.cc:71] Other threads are currently calling into gRPC, skipping fork() handlers
E0625 22:39:42.626396   20799 ev_epoll1_linux.cc:373] (event_engine) Epoll1Poller:0x55e3772dfaa0 encountered epoll_wait error: Bad file descriptor
[92mINFO [0m:      Sent reply
[92mINFO [0m:      
[92mINFO [0m:      Received: train message a7b490e4-a09f-414c-b5b5-618af6fee66f
I0625 22:41:20.573679   24294 fork_posix.cc:71] Other threads are currently calling into gRPC, skipping fork() handlers
I0625 22:41:20.632150   20922 fork_posix.cc:71] Other threads are currently calling into gRPC, skipping fork() handlers
E0625 22:41:20.673515   20978 ev_epoll1_linux.cc:309] epoll_ctl failed: Bad file descriptor (9)
E0625 22:41:20.673615   20978 completion_queue.cc:800] Kick failed: UNKNOWN:eventfd_write: Bad file descriptor (9)
I0625 22:41:20.691090   24294 fork_posix.cc:71] Other threads are currently calling into gRPC, skipping fork() handlers
[92mINFO [0m:      Sent reply
[92mINFO [0m:      
[92mINFO [0m:      Received: evaluate message f2e01b3e-8f67-4e2f-8363-0f4844133ba8
I0625 22:46:34.524730   22431 fork_posix.cc:71] Other threads are currently calling into gRPC, skipping fork() handlers
I0625 22:46:34.567317   24294 fork_posix.cc:71] Other threads are currently calling into gRPC, skipping fork() handlers
E0625 22:46:34.569523   22458 ev_epoll1_linux.cc:309] epoll_ctl failed: Bad file descriptor (9)
I0625 22:46:34.612371   24294 fork_posix.cc:71] Other threads are currently calling into gRPC, skipping fork() handlers
[92mINFO [0m:      Sent reply
[92mINFO [0m:      
[92mINFO [0m:      Received: train message d12cdcdf-45bd-4893-9d57-e1f0950e8dd0
I0625 22:47:25.699151   24294 fork_posix.cc:71] Other threads are currently calling into gRPC, skipping fork() handlers
I0625 22:47:25.739628   22626 fork_posix.cc:71] Other threads are currently calling into gRPC, skipping fork() handlers
E0625 22:47:25.781325   22681 ev_epoll1_linux.cc:309] epoll_ctl failed: Bad file descriptor (9)
E0625 22:47:25.781384   22681 ev_epoll1_linux.cc:309] epoll_ctl failed: Bad file descriptor (9)
E0625 22:47:25.781434   22681 completion_queue.cc:800] Kick failed: UNKNOWN:eventfd_write: Bad file descriptor (9)
I0625 22:47:25.798104   24294 fork_posix.cc:71] Other threads are currently calling into gRPC, skipping fork() handlers
[92mINFO [0m:      Sent reply
[92mINFO [0m:      
[92mINFO [0m:      Received: evaluate message 93a57810-ea44-406d-8348-495e28c508cb
I0625 22:52:41.023419   24294 fork_posix.cc:71] Other threads are currently calling into gRPC, skipping fork() handlers
I0625 22:52:41.067800   23130 fork_posix.cc:71] Other threads are currently calling into gRPC, skipping fork() handlers
I0625 22:52:41.110656   24294 fork_posix.cc:71] Other threads are currently calling into gRPC, skipping fork() handlers
E0625 22:52:41.111109   23186 completion_queue.cc:800] Kick failed: UNKNOWN:eventfd_write: Bad file descriptor (9)
E0625 22:52:41.113646   23186 ev_epoll1_linux.cc:309] epoll_ctl failed: Bad file descriptor (9)
[92mINFO [0m:      Sent reply
[92mINFO [0m:      
[92mINFO [0m:      Received: train message 51052510-60b4-4c73-948f-c693b0456fb5
I0625 22:54:46.961376   24294 fork_posix.cc:71] Other threads are currently calling into gRPC, skipping fork() handlers
I0625 22:54:47.001722   23430 fork_posix.cc:71] Other threads are currently calling into gRPC, skipping fork() handlers
I0625 22:54:47.041121   24294 fork_posix.cc:71] Other threads are currently calling into gRPC, skipping fork() handlers
E0625 22:54:47.043057   23489 ev_epoll1_linux.cc:309] epoll_ctl failed: Bad file descriptor (9)
E0625 22:54:47.043112   23489 ev_epoll1_linux.cc:309] epoll_ctl failed: Bad file descriptor (9)
E0625 22:54:47.043166   23489 completion_queue.cc:800] Kick failed: UNKNOWN:eventfd_write: Bad file descriptor (9)
[92mINFO [0m:      Sent reply
[92mINFO [0m:      
[92mINFO [0m:      Received: evaluate message ece12a19-70d7-4594-a2ff-f374053dbd63
I0625 23:00:32.264654   24294 fork_posix.cc:71] Other threads are currently calling into gRPC, skipping fork() handlers
I0625 23:00:32.309330   23969 fork_posix.cc:71] Other threads are currently calling into gRPC, skipping fork() handlers
E0625 23:00:32.352831   24026 completion_queue.cc:800] Kick failed: UNKNOWN:eventfd_write: Bad file descriptor (9)
I0625 23:00:32.352942   24294 fork_posix.cc:71] Other threads are currently calling into gRPC, skipping fork() handlers
E0625 23:00:32.354678   24029 ev_epoll1_linux.cc:309] epoll_ctl failed: Bad file descriptor (9)
[92mINFO [0m:      Sent reply
[92mINFO [0m:      
[92mINFO [0m:      Received: train message 0c59e8e3-c316-4bb9-9777-94bded35e9aa
I0625 23:01:23.213990   24294 fork_posix.cc:71] Other threads are currently calling into gRPC, skipping fork() handlers
I0625 23:01:23.272298   24194 fork_posix.cc:71] Other threads are currently calling into gRPC, skipping fork() handlers
E0625 23:01:23.313612   24254 ev_epoll1_linux.cc:309] epoll_ctl failed: Bad file descriptor (9)
E0625 23:01:23.313668   24254 ev_epoll1_linux.cc:309] epoll_ctl failed: Bad file descriptor (9)
E0625 23:01:23.313720   24254 completion_queue.cc:800] Kick failed: UNKNOWN:eventfd_write: Bad file descriptor (9)
I0625 23:01:23.331261   24294 fork_posix.cc:71] Other threads are currently calling into gRPC, skipping fork() handlers
[92mINFO [0m:      Sent reply
[92mINFO [0m:      
[92mINFO [0m:      Received: evaluate message b5a986af-63f4-4380-9c16-f540db0f0483
I0625 23:06:33.670524   24294 fork_posix.cc:71] Other threads are currently calling into gRPC, skipping fork() handlers
I0625 23:06:33.714893   24719 fork_posix.cc:71] Other threads are currently calling into gRPC, skipping fork() handlers
I0625 23:06:33.758300   24294 fork_posix.cc:71] Other threads are currently calling into gRPC, skipping fork() handlers
E0625 23:06:33.758428   24777 completion_queue.cc:800] Kick failed: UNKNOWN:eventfd_write: Bad file descriptor (9)
E0625 23:06:33.760269   24780 ev_epoll1_linux.cc:309] epoll_ctl failed: Bad file descriptor (9)
[92mINFO [0m:      Sent reply
[92mINFO [0m:      
[92mINFO [0m:      Received: train message bee06404-5121-4b78-a587-dc0f72ebc2a3
I0625 23:07:26.135330   24294 fork_posix.cc:71] Other threads are currently calling into gRPC, skipping fork() handlers
I0625 23:07:26.172967   24915 fork_posix.cc:71] Other threads are currently calling into gRPC, skipping fork() handlers
E0625 23:07:26.212012   24974 ev_epoll1_linux.cc:309] epoll_ctl failed: Bad file descriptor (9)
E0625 23:07:26.212068   24974 ev_epoll1_linux.cc:309] epoll_ctl failed: Bad file descriptor (9)
E0625 23:07:26.212115   24974 completion_queue.cc:800] Kick failed: UNKNOWN:eventfd_write: Bad file descriptor (9)
I0625 23:07:26.229129   24294 fork_posix.cc:71] Other threads are currently calling into gRPC, skipping fork() handlers
I0625 23:07:27.423133   24915 fork_posix.cc:71] Other threads are currently calling into gRPC, skipping fork() handlers
I0625 23:07:28.791729   24915 fork_posix.cc:71] Other threads are currently calling into gRPC, skipping fork() handlers
I0625 23:07:29.894139   24915 fork_posix.cc:71] Other threads are currently calling into gRPC, skipping fork() handlers
E0625 23:07:29.930838   25159 completion_queue.cc:800] Kick failed: UNKNOWN:eventfd_write: Bad file descriptor (9)
I0625 23:07:30.996324   24915 fork_posix.cc:71] Other threads are currently calling into gRPC, skipping fork() handlers
I0625 23:07:32.148554   24915 fork_posix.cc:71] Other threads are currently calling into gRPC, skipping fork() handlers
E0625 23:07:32.185866   25239 completion_queue.cc:800] Kick failed: UNKNOWN:eventfd_write: Bad file descriptor (9)
I0625 23:07:33.250658   24915 fork_posix.cc:71] Other threads are currently calling into gRPC, skipping fork() handlers
I0625 23:07:34.389767   24915 fork_posix.cc:71] Other threads are currently calling into gRPC, skipping fork() handlers
E0625 23:07:34.426799   25316 completion_queue.cc:800] Kick failed: UNKNOWN:eventfd_write: Bad file descriptor (9)
I0625 23:07:35.493706   24915 fork_posix.cc:71] Other threads are currently calling into gRPC, skipping fork() handlers
I0625 23:07:36.603704   24915 fork_posix.cc:71] Other threads are currently calling into gRPC, skipping fork() handlers
E0625 23:07:36.641221   25392 completion_queue.cc:800] Kick failed: UNKNOWN:eventfd_write: Bad file descriptor (9)
E0625 23:07:36.643103   25392 ev_epoll1_linux.cc:309] epoll_ctl failed: Bad file descriptor (9)
E0625 23:07:36.643127   25392 ev_epoll1_linux.cc:309] epoll_ctl failed: Bad file descriptor (9)
I0625 23:07:38.246357   24915 fork_posix.cc:71] Other threads are currently calling into gRPC, skipping fork() handlers
E0625 23:07:38.284105   25432 completion_queue.cc:800] Kick failed: UNKNOWN:eventfd_write: Bad file descriptor (9)
I0625 23:07:39.369106   24915 fork_posix.cc:71] Other threads are currently calling into gRPC, skipping fork() handlers
E0625 23:07:39.406014   25471 completion_queue.cc:800] Kick failed: UNKNOWN:eventfd_write: Bad file descriptor (9)
I0625 23:07:40.473602   24915 fork_posix.cc:71] Other threads are currently calling into gRPC, skipping fork() handlers
E0625 23:07:40.511416   25509 completion_queue.cc:800] Kick failed: UNKNOWN:eventfd_write: Bad file descriptor (9)
I0625 23:07:41.594250   24915 fork_posix.cc:71] Other threads are currently calling into gRPC, skipping fork() handlers
E0625 23:07:41.631731   25547 completion_queue.cc:800] Kick failed: UNKNOWN:eventfd_write: Bad file descriptor (9)
I0625 23:07:42.702849   24915 fork_posix.cc:71] Other threads are currently calling into gRPC, skipping fork() handlers
E0625 23:07:42.740576   25586 completion_queue.cc:800] Kick failed: UNKNOWN:eventfd_write: Bad file descriptor (9)
I0625 23:07:44.058307   24915 fork_posix.cc:71] Other threads are currently calling into gRPC, skipping fork() handlers
E0625 23:07:44.095168   25623 completion_queue.cc:800] Kick failed: UNKNOWN:eventfd_write: Bad file descriptor (9)
I0625 23:07:45.182695   24915 fork_posix.cc:71] Other threads are currently calling into gRPC, skipping fork() handlers
I0625 23:07:46.286445   24915 fork_posix.cc:71] Other threads are currently calling into gRPC, skipping fork() handlers
I0625 23:07:47.402027   24915 fork_posix.cc:71] Other threads are currently calling into gRPC, skipping fork() handlers
E0625 23:07:47.440831   25737 ev_epoll1_linux.cc:309] epoll_ctl failed: Bad file descriptor (9)
E0625 23:07:47.440891   25737 ev_epoll1_linux.cc:309] epoll_ctl failed: Bad file descriptor (9)
E0625 23:07:47.440949   25737 completion_queue.cc:800] Kick failed: UNKNOWN:eventfd_write: Bad file descriptor (9)
I0625 23:07:48.529491   24915 fork_posix.cc:71] Other threads are currently calling into gRPC, skipping fork() handlers
I0625 23:07:49.640241   24915 fork_posix.cc:71] Other threads are currently calling into gRPC, skipping fork() handlers
I0625 23:07:50.742870   24915 fork_posix.cc:71] Other threads are currently calling into gRPC, skipping fork() handlers
E0625 23:07:50.780303   25851 completion_queue.cc:800] Kick failed: UNKNOWN:eventfd_write: Bad file descriptor (9)
I0625 23:07:51.845318   24915 fork_posix.cc:71] Other threads are currently calling into gRPC, skipping fork() handlers
E0625 23:07:51.883116   25890 completion_queue.cc:800] Kick failed: UNKNOWN:eventfd_write: Bad file descriptor (9)
I0625 23:07:52.950295   24915 fork_posix.cc:71] Other threads are currently calling into gRPC, skipping fork() handlers
E0625 23:07:52.987698   25928 completion_queue.cc:800] Kick failed: UNKNOWN:eventfd_write: Bad file descriptor (9)
I0625 23:07:54.058013   24915 fork_posix.cc:71] Other threads are currently calling into gRPC, skipping fork() handlers
E0625 23:07:54.095464   25966 completion_queue.cc:800] Kick failed: UNKNOWN:eventfd_write: Bad file descriptor (9)
I0625 23:07:55.698247   24915 fork_posix.cc:71] Other threads are currently calling into gRPC, skipping fork() handlers
E0625 23:07:55.735374   25987 completion_queue.cc:800] Kick failed: UNKNOWN:eventfd_write: Bad file descriptor (9)
I0625 23:07:56.807979   24915 fork_posix.cc:71] Other threads are currently calling into gRPC, skipping fork() handlers
E0625 23:07:56.844514   26042 completion_queue.cc:800] Kick failed: UNKNOWN:eventfd_write: Bad file descriptor (9)
I0625 23:07:58.236553   24915 fork_posix.cc:71] Other threads are currently calling into gRPC, skipping fork() handlers
E0625 23:07:58.274705   26082 completion_queue.cc:800] Kick failed: UNKNOWN:eventfd_write: Bad file descriptor (9)
E0625 23:07:58.276593   26082 ev_epoll1_linux.cc:309] epoll_ctl failed: Bad file descriptor (9)
I0625 23:07:59.348876   24915 fork_posix.cc:71] Other threads are currently calling into gRPC, skipping fork() handlers
E0625 23:07:59.386237   26119 completion_queue.cc:800] Kick failed: UNKNOWN:eventfd_write: Bad file descriptor (9)
I0625 23:08:00.457219   24915 fork_posix.cc:71] Other threads are currently calling into gRPC, skipping fork() handlers
E0625 23:08:00.494442   26157 completion_queue.cc:800] Kick failed: UNKNOWN:eventfd_write: Bad file descriptor (9)
I0625 23:08:02.013725   24915 fork_posix.cc:71] Other threads are currently calling into gRPC, skipping fork() handlers
E0625 23:08:02.050385   26195 completion_queue.cc:800] Kick failed: UNKNOWN:eventfd_write: Bad file descriptor (9)
I0625 23:08:03.122011   24915 fork_posix.cc:71] Other threads are currently calling into gRPC, skipping fork() handlers
I0625 23:08:04.226842   24915 fork_posix.cc:71] Other threads are currently calling into gRPC, skipping fork() handlers
I0625 23:08:05.334529   24915 fork_posix.cc:71] Other threads are currently calling into gRPC, skipping fork() handlers
I0625 23:08:06.436585   24915 fork_posix.cc:71] Other threads are currently calling into gRPC, skipping fork() handlers
I0625 23:08:07.540110   24915 fork_posix.cc:71] Other threads are currently calling into gRPC, skipping fork() handlers
I0625 23:08:08.645254   24915 fork_posix.cc:71] Other threads are currently calling into gRPC, skipping fork() handlers
E0625 23:08:08.685702   26422 ev_epoll1_linux.cc:309] epoll_ctl failed: Bad file descriptor (9)
E0625 23:08:08.685767   26422 ev_epoll1_linux.cc:309] epoll_ctl failed: Bad file descriptor (9)
E0625 23:08:08.685816   26422 completion_queue.cc:800] Kick failed: UNKNOWN:eventfd_write: Bad file descriptor (9)
I0625 23:08:09.800487   24915 fork_posix.cc:71] Other threads are currently calling into gRPC, skipping fork() handlers
I0625 23:08:10.914524   24915 fork_posix.cc:71] Other threads are currently calling into gRPC, skipping fork() handlers
I0625 23:08:12.044147   24915 fork_posix.cc:71] Other threads are currently calling into gRPC, skipping fork() handlers
E0625 23:08:12.081476   26530 completion_queue.cc:800] Kick failed: UNKNOWN:eventfd_write: Bad file descriptor (9)
I0625 23:08:13.153597   24915 fork_posix.cc:71] Other threads are currently calling into gRPC, skipping fork() handlers
E0625 23:08:13.191103   26577 completion_queue.cc:800] Kick failed: UNKNOWN:eventfd_write: Bad file descriptor (9)
I0625 23:08:14.502830   24915 fork_posix.cc:71] Other threads are currently calling into gRPC, skipping fork() handlers
E0625 23:08:14.540342   26617 completion_queue.cc:800] Kick failed: UNKNOWN:eventfd_write: Bad file descriptor (9)
I0625 23:08:15.612715   24915 fork_posix.cc:71] Other threads are currently calling into gRPC, skipping fork() handlers
I0625 23:08:16.716796   24915 fork_posix.cc:71] Other threads are currently calling into gRPC, skipping fork() handlers
I0625 23:08:17.820097   24915 fork_posix.cc:71] Other threads are currently calling into gRPC, skipping fork() handlers
I0625 23:08:18.932661   24915 fork_posix.cc:71] Other threads are currently calling into gRPC, skipping fork() handlers
E0625 23:08:18.972582   26750 ev_epoll1_linux.cc:309] epoll_ctl failed: Bad file descriptor (9)
E0625 23:08:18.972658   26750 ev_epoll1_linux.cc:309] epoll_ctl failed: Bad file descriptor (9)
E0625 23:08:18.972724   26750 completion_queue.cc:800] Kick failed: UNKNOWN:eventfd_write: Bad file descriptor (9)
I0625 23:08:20.089244   24915 fork_posix.cc:71] Other threads are currently calling into gRPC, skipping fork() handlers
I0625 23:08:21.207033   24915 fork_posix.cc:71] Other threads are currently calling into gRPC, skipping fork() handlers
I0625 23:08:22.311704   24915 fork_posix.cc:71] Other threads are currently calling into gRPC, skipping fork() handlers
E0625 23:08:22.348922   26880 completion_queue.cc:800] Kick failed: UNKNOWN:eventfd_write: Bad file descriptor (9)
I0625 23:08:23.416219   24915 fork_posix.cc:71] Other threads are currently calling into gRPC, skipping fork() handlers
E0625 23:08:23.452930   26918 completion_queue.cc:800] Kick failed: UNKNOWN:eventfd_write: Bad file descriptor (9)
I0625 23:08:24.518621   24915 fork_posix.cc:71] Other threads are currently calling into gRPC, skipping fork() handlers
E0625 23:08:24.556458   26956 completion_queue.cc:800] Kick failed: UNKNOWN:eventfd_write: Bad file descriptor (9)
I0625 23:08:25.629936   24915 fork_posix.cc:71] Other threads are currently calling into gRPC, skipping fork() handlers
E0625 23:08:25.678795   26978 completion_queue.cc:800] Kick failed: UNKNOWN:eventfd_write: Bad file descriptor (9)
I0625 23:08:26.749607   24915 fork_posix.cc:71] Other threads are currently calling into gRPC, skipping fork() handlers
E0625 23:08:26.786834   27033 completion_queue.cc:800] Kick failed: UNKNOWN:eventfd_write: Bad file descriptor (9)
I0625 23:08:27.855212   24915 fork_posix.cc:71] Other threads are currently calling into gRPC, skipping fork() handlers
E0625 23:08:27.892534   27071 completion_queue.cc:800] Kick failed: UNKNOWN:eventfd_write: Bad file descriptor (9)
I0625 23:08:29.106697   24915 fork_posix.cc:71] Other threads are currently calling into gRPC, skipping fork() handlers
E0625 23:08:29.145442   27115 ev_epoll1_linux.cc:309] epoll_ctl failed: Bad file descriptor (9)
I0625 23:08:30.651172   24915 fork_posix.cc:71] Other threads are currently calling into gRPC, skipping fork() handlers
E0625 23:08:30.688374   27152 completion_queue.cc:800] Kick failed: UNKNOWN:eventfd_write: Bad file descriptor (9)
I0625 23:08:31.757201   24915 fork_posix.cc:71] Other threads are currently calling into gRPC, skipping fork() handlers
I0625 23:08:32.867165   24915 fork_posix.cc:71] Other threads are currently calling into gRPC, skipping fork() handlers
I0625 23:08:33.976511   24915 fork_posix.cc:71] Other threads are currently calling into gRPC, skipping fork() handlers
I0625 23:08:35.087213   24915 fork_posix.cc:71] Other threads are currently calling into gRPC, skipping fork() handlers
E0625 23:08:35.124158   27305 completion_queue.cc:800] Kick failed: UNKNOWN:eventfd_write: Bad file descriptor (9)
I0625 23:08:36.192447   24915 fork_posix.cc:71] Other threads are currently calling into gRPC, skipping fork() handlers
E0625 23:08:36.229251   27342 completion_queue.cc:800] Kick failed: UNKNOWN:eventfd_write: Bad file descriptor (9)
I0625 23:08:37.305062   24915 fork_posix.cc:71] Other threads are currently calling into gRPC, skipping fork() handlers
E0625 23:08:37.342135   27380 completion_queue.cc:800] Kick failed: UNKNOWN:eventfd_write: Bad file descriptor (9)
I0625 23:08:38.559773   24915 fork_posix.cc:71] Other threads are currently calling into gRPC, skipping fork() handlers
I0625 23:08:39.686078   24915 fork_posix.cc:71] Other threads are currently calling into gRPC, skipping fork() handlers
E0625 23:08:39.742603   27458 completion_queue.cc:800] Kick failed: UNKNOWN:eventfd_write: Bad file descriptor (9)
E0625 23:08:39.744525   27458 ev_epoll1_linux.cc:309] epoll_ctl failed: Bad file descriptor (9)
E0625 23:08:39.744553   27458 ev_epoll1_linux.cc:309] epoll_ctl failed: Bad file descriptor (9)
I0625 23:08:40.824977   24915 fork_posix.cc:71] Other threads are currently calling into gRPC, skipping fork() handlers
I0625 23:08:41.933131   24915 fork_posix.cc:71] Other threads are currently calling into gRPC, skipping fork() handlers
E0625 23:08:41.970287   27534 completion_queue.cc:800] Kick failed: UNKNOWN:eventfd_write: Bad file descriptor (9)
I0625 23:08:43.456420   24915 fork_posix.cc:71] Other threads are currently calling into gRPC, skipping fork() handlers
I0625 23:08:44.564981   24915 fork_posix.cc:71] Other threads are currently calling into gRPC, skipping fork() handlers
E0625 23:08:44.602642   27612 completion_queue.cc:800] Kick failed: UNKNOWN:eventfd_write: Bad file descriptor (9)
I0625 23:08:45.693639   24915 fork_posix.cc:71] Other threads are currently calling into gRPC, skipping fork() handlers
I0625 23:08:46.802138   24915 fork_posix.cc:71] Other threads are currently calling into gRPC, skipping fork() handlers
E0625 23:08:46.839645   27688 completion_queue.cc:800] Kick failed: UNKNOWN:eventfd_write: Bad file descriptor (9)
I0625 23:08:47.908138   24915 fork_posix.cc:71] Other threads are currently calling into gRPC, skipping fork() handlers
I0625 23:08:49.028378   24915 fork_posix.cc:71] Other threads are currently calling into gRPC, skipping fork() handlers
E0625 23:08:49.065932   27747 completion_queue.cc:800] Kick failed: UNKNOWN:eventfd_write: Bad file descriptor (9)
I0625 23:08:50.377264   24915 fork_posix.cc:71] Other threads are currently calling into gRPC, skipping fork() handlers
E0625 23:08:50.414706   27794 completion_queue.cc:800] Kick failed: UNKNOWN:eventfd_write: Bad file descriptor (9)
E0625 23:08:50.417768   27794 ev_epoll1_linux.cc:309] epoll_ctl failed: Bad file descriptor (9)
E0625 23:08:50.417803   27794 ev_epoll1_linux.cc:309] epoll_ctl failed: Bad file descriptor (9)
I0625 23:08:51.483976   24915 fork_posix.cc:71] Other threads are currently calling into gRPC, skipping fork() handlers
I0625 23:08:52.607388   24915 fork_posix.cc:71] Other threads are currently calling into gRPC, skipping fork() handlers
I0625 23:08:54.145581   24915 fork_posix.cc:71] Other threads are currently calling into gRPC, skipping fork() handlers
I0625 23:08:55.268932   24915 fork_posix.cc:71] Other threads are currently calling into gRPC, skipping fork() handlers
E0625 23:08:55.327829   27937 completion_queue.cc:800] Kick failed: UNKNOWN:eventfd_write: Bad file descriptor (9)
I0625 23:08:56.399530   24915 fork_posix.cc:71] Other threads are currently calling into gRPC, skipping fork() handlers
I0625 23:08:57.773679   24915 fork_posix.cc:71] Other threads are currently calling into gRPC, skipping fork() handlers
I0625 23:08:58.876302   24915 fork_posix.cc:71] Other threads are currently calling into gRPC, skipping fork() handlers
E0625 23:08:58.913479   28069 completion_queue.cc:800] Kick failed: UNKNOWN:eventfd_write: Bad file descriptor (9)
I0625 23:08:59.980621   24915 fork_posix.cc:71] Other threads are currently calling into gRPC, skipping fork() handlers
I0625 23:09:01.089226   24915 fork_posix.cc:71] Other threads are currently calling into gRPC, skipping fork() handlers
E0625 23:09:01.146370   28127 completion_queue.cc:800] Kick failed: UNKNOWN:eventfd_write: Bad file descriptor (9)
E0625 23:09:01.148614   28127 ev_epoll1_linux.cc:309] epoll_ctl failed: Bad file descriptor (9)
I0625 23:09:02.537865   24915 fork_posix.cc:71] Other threads are currently calling into gRPC, skipping fork() handlers
E0625 23:09:02.582811   28184 completion_queue.cc:800] Kick failed: UNKNOWN:eventfd_write: Bad file descriptor (9)
I0625 23:09:03.649175   24915 fork_posix.cc:71] Other threads are currently calling into gRPC, skipping fork() handlers
E0625 23:09:03.686784   28221 completion_queue.cc:800] Kick failed: UNKNOWN:eventfd_write: Bad file descriptor (9)
I0625 23:09:04.758023   24915 fork_posix.cc:71] Other threads are currently calling into gRPC, skipping fork() handlers
E0625 23:09:04.795135   28260 completion_queue.cc:800] Kick failed: UNKNOWN:eventfd_write: Bad file descriptor (9)
I0625 23:09:05.859589   24915 fork_posix.cc:71] Other threads are currently calling into gRPC, skipping fork() handlers
E0625 23:09:05.896995   28298 completion_queue.cc:800] Kick failed: UNKNOWN:eventfd_write: Bad file descriptor (9)
I0625 23:09:06.962155   24915 fork_posix.cc:71] Other threads are currently calling into gRPC, skipping fork() handlers
E0625 23:09:06.999459   28336 completion_queue.cc:800] Kick failed: UNKNOWN:eventfd_write: Bad file descriptor (9)
I0625 23:09:08.601435   24915 fork_posix.cc:71] Other threads are currently calling into gRPC, skipping fork() handlers
E0625 23:09:08.638927   28368 completion_queue.cc:800] Kick failed: UNKNOWN:eventfd_write: Bad file descriptor (9)
I0625 23:09:09.704924   24915 fork_posix.cc:71] Other threads are currently calling into gRPC, skipping fork() handlers
E0625 23:09:09.742514   28412 completion_queue.cc:800] Kick failed: UNKNOWN:eventfd_write: Bad file descriptor (9)
I0625 23:09:10.813803   24915 fork_posix.cc:71] Other threads are currently calling into gRPC, skipping fork() handlers
E0625 23:09:10.851016   28450 completion_queue.cc:800] Kick failed: UNKNOWN:eventfd_write: Bad file descriptor (9)
I0625 23:09:11.916185   24915 fork_posix.cc:71] Other threads are currently calling into gRPC, skipping fork() handlers
E0625 23:09:11.953980   28472 completion_queue.cc:800] Kick failed: UNKNOWN:eventfd_write: Bad file descriptor (9)
E0625 23:09:11.955879   28472 ev_epoll1_linux.cc:309] epoll_ctl failed: Bad file descriptor (9)
E0625 23:09:11.955905   28472 ev_epoll1_linux.cc:309] epoll_ctl failed: Bad file descriptor (9)
I0625 23:09:13.022166   24915 fork_posix.cc:71] Other threads are currently calling into gRPC, skipping fork() handlers
E0625 23:09:13.059252   28530 completion_queue.cc:800] Kick failed: UNKNOWN:eventfd_write: Bad file descriptor (9)
I0625 23:09:14.280624   24915 fork_posix.cc:71] Other threads are currently calling into gRPC, skipping fork() handlers
I0625 23:09:15.384477   24915 fork_posix.cc:71] Other threads are currently calling into gRPC, skipping fork() handlers
E0625 23:09:15.421890   28606 completion_queue.cc:800] Kick failed: UNKNOWN:eventfd_write: Bad file descriptor (9)
I0625 23:09:16.497489   24915 fork_posix.cc:71] Other threads are currently calling into gRPC, skipping fork() handlers
I0625 23:09:17.599928   24915 fork_posix.cc:71] Other threads are currently calling into gRPC, skipping fork() handlers
E0625 23:09:17.637341   28682 completion_queue.cc:800] Kick failed: UNKNOWN:eventfd_write: Bad file descriptor (9)
I0625 23:09:18.704539   24915 fork_posix.cc:71] Other threads are currently calling into gRPC, skipping fork() handlers
I0625 23:09:19.812441   24915 fork_posix.cc:71] Other threads are currently calling into gRPC, skipping fork() handlers
E0625 23:09:19.849859   28757 completion_queue.cc:800] Kick failed: UNKNOWN:eventfd_write: Bad file descriptor (9)
I0625 23:09:21.031018   24915 fork_posix.cc:71] Other threads are currently calling into gRPC, skipping fork() handlers
E0625 23:09:21.068626   28789 completion_queue.cc:800] Kick failed: UNKNOWN:eventfd_write: Bad file descriptor (9)
I0625 23:09:22.135204   24915 fork_posix.cc:71] Other threads are currently calling into gRPC, skipping fork() handlers
E0625 23:09:22.176677   28817 ev_epoll1_linux.cc:309] epoll_ctl failed: Bad file descriptor (9)
E0625 23:09:22.176759   28817 ev_epoll1_linux.cc:309] epoll_ctl failed: Bad file descriptor (9)
E0625 23:09:22.176829   28817 completion_queue.cc:800] Kick failed: UNKNOWN:eventfd_write: Bad file descriptor (9)
I0625 23:09:23.250598   24915 fork_posix.cc:71] Other threads are currently calling into gRPC, skipping fork() handlers
I0625 23:09:24.600484   24915 fork_posix.cc:71] Other threads are currently calling into gRPC, skipping fork() handlers
I0625 23:09:25.751735   24915 fork_posix.cc:71] Other threads are currently calling into gRPC, skipping fork() handlers
I0625 23:09:26.854221   24915 fork_posix.cc:71] Other threads are currently calling into gRPC, skipping fork() handlers
E0625 23:09:26.892023   28986 completion_queue.cc:800] Kick failed: UNKNOWN:eventfd_write: Bad file descriptor (9)
I0625 23:09:27.969049   24915 fork_posix.cc:71] Other threads are currently calling into gRPC, skipping fork() handlers
I0625 23:09:29.071592   24915 fork_posix.cc:71] Other threads are currently calling into gRPC, skipping fork() handlers
E0625 23:09:29.109089   29062 completion_queue.cc:800] Kick failed: UNKNOWN:eventfd_write: Bad file descriptor (9)
I0625 23:09:30.175330   24915 fork_posix.cc:71] Other threads are currently calling into gRPC, skipping fork() handlers
I0625 23:09:31.295522   24915 fork_posix.cc:71] Other threads are currently calling into gRPC, skipping fork() handlers
E0625 23:09:31.332202   29121 completion_queue.cc:800] Kick failed: UNKNOWN:eventfd_write: Bad file descriptor (9)
I0625 23:09:32.863284   24915 fork_posix.cc:71] Other threads are currently calling into gRPC, skipping fork() handlers
E0625 23:09:32.902314   29176 ev_epoll1_linux.cc:309] epoll_ctl failed: Bad file descriptor (9)
I0625 23:09:33.976140   24915 fork_posix.cc:71] Other threads are currently calling into gRPC, skipping fork() handlers
E0625 23:09:34.013470   29214 completion_queue.cc:800] Kick failed: UNKNOWN:eventfd_write: Bad file descriptor (9)
I0625 23:09:35.087923   24915 fork_posix.cc:71] Other threads are currently calling into gRPC, skipping fork() handlers
I0625 23:09:36.192028   24915 fork_posix.cc:71] Other threads are currently calling into gRPC, skipping fork() handlers
E0625 23:09:36.229492   29289 completion_queue.cc:800] Kick failed: UNKNOWN:eventfd_write: Bad file descriptor (9)
I0625 23:09:37.297180   24915 fork_posix.cc:71] Other threads are currently calling into gRPC, skipping fork() handlers
I0625 23:09:38.405725   24915 fork_posix.cc:71] Other threads are currently calling into gRPC, skipping fork() handlers
E0625 23:09:38.462912   29365 completion_queue.cc:800] Kick failed: UNKNOWN:eventfd_write: Bad file descriptor (9)
I0625 23:09:39.530411   24915 fork_posix.cc:71] Other threads are currently calling into gRPC, skipping fork() handlers
I0625 23:09:41.046387   24915 fork_posix.cc:71] Other threads are currently calling into gRPC, skipping fork() handlers
E0625 23:09:41.083381   29426 completion_queue.cc:800] Kick failed: UNKNOWN:eventfd_write: Bad file descriptor (9)
I0625 23:09:42.157314   24915 fork_posix.cc:71] Other threads are currently calling into gRPC, skipping fork() handlers
E0625 23:09:42.194407   29481 completion_queue.cc:800] Kick failed: UNKNOWN:eventfd_write: Bad file descriptor (9)
I0625 23:09:43.264975   24915 fork_posix.cc:71] Other threads are currently calling into gRPC, skipping fork() handlers
E0625 23:09:43.302349   29519 completion_queue.cc:800] Kick failed: UNKNOWN:eventfd_write: Bad file descriptor (9)
E0625 23:09:43.304277   29519 ev_epoll1_linux.cc:309] epoll_ctl failed: Bad file descriptor (9)
I0625 23:09:44.374111   24915 fork_posix.cc:71] Other threads are currently calling into gRPC, skipping fork() handlers
E0625 23:09:44.411402   29557 completion_queue.cc:800] Kick failed: UNKNOWN:eventfd_write: Bad file descriptor (9)
I0625 23:09:45.482728   24915 fork_posix.cc:71] Other threads are currently calling into gRPC, skipping fork() handlers
E0625 23:09:45.520165   29595 completion_queue.cc:800] Kick failed: UNKNOWN:eventfd_write: Bad file descriptor (9)
I0625 23:09:46.590988   24915 fork_posix.cc:71] Other threads are currently calling into gRPC, skipping fork() handlers
E0625 23:09:46.627959   29634 completion_queue.cc:800] Kick failed: UNKNOWN:eventfd_write: Bad file descriptor (9)
I0625 23:09:47.695492   24915 fork_posix.cc:71] Other threads are currently calling into gRPC, skipping fork() handlers
E0625 23:09:47.732895   29672 completion_queue.cc:800] Kick failed: UNKNOWN:eventfd_write: Bad file descriptor (9)
I0625 23:09:48.803892   24915 fork_posix.cc:71] Other threads are currently calling into gRPC, skipping fork() handlers
E0625 23:09:48.840831   29710 completion_queue.cc:800] Kick failed: UNKNOWN:eventfd_write: Bad file descriptor (9)
I0625 23:09:50.326155   24915 fork_posix.cc:71] Other threads are currently calling into gRPC, skipping fork() handlers
E0625 23:09:50.363704   29743 completion_queue.cc:800] Kick failed: UNKNOWN:eventfd_write: Bad file descriptor (9)
I0625 23:09:51.855330   24915 fork_posix.cc:71] Other threads are currently calling into gRPC, skipping fork() handlers
E0625 23:09:51.892627   29787 completion_queue.cc:800] Kick failed: UNKNOWN:eventfd_write: Bad file descriptor (9)
I0625 23:09:52.983212   24915 fork_posix.cc:71] Other threads are currently calling into gRPC, skipping fork() handlers
I0625 23:09:54.086657   24915 fork_posix.cc:71] Other threads are currently calling into gRPC, skipping fork() handlers
E0625 23:09:54.125684   29868 ev_epoll1_linux.cc:309] epoll_ctl failed: Bad file descriptor (9)
E0625 23:09:54.125747   29868 ev_epoll1_linux.cc:309] epoll_ctl failed: Bad file descriptor (9)
I0625 23:09:55.194609   24915 fork_posix.cc:71] Other threads are currently calling into gRPC, skipping fork() handlers
I0625 23:09:56.300950   24915 fork_posix.cc:71] Other threads are currently calling into gRPC, skipping fork() handlers
I0625 23:09:57.656168   24915 fork_posix.cc:71] Other threads are currently calling into gRPC, skipping fork() handlers
I0625 23:09:58.761316   24915 fork_posix.cc:71] Other threads are currently calling into gRPC, skipping fork() handlers
E0625 23:09:58.798576   30014 completion_queue.cc:800] Kick failed: UNKNOWN:eventfd_write: Bad file descriptor (9)
I0625 23:09:59.865165   24915 fork_posix.cc:71] Other threads are currently calling into gRPC, skipping fork() handlers
I0625 23:10:01.000038   24915 fork_posix.cc:71] Other threads are currently calling into gRPC, skipping fork() handlers
E0625 23:10:01.037380   30089 completion_queue.cc:800] Kick failed: UNKNOWN:eventfd_write: Bad file descriptor (9)
I0625 23:10:02.139217   24915 fork_posix.cc:71] Other threads are currently calling into gRPC, skipping fork() handlers
E0625 23:10:02.176253   30133 completion_queue.cc:800] Kick failed: UNKNOWN:eventfd_write: Bad file descriptor (9)
I0625 23:10:03.244008   24915 fork_posix.cc:71] Other threads are currently calling into gRPC, skipping fork() handlers
E0625 23:10:03.281387   30169 completion_queue.cc:800] Kick failed: UNKNOWN:eventfd_write: Bad file descriptor (9)
E0625 23:10:03.283253   30169 ev_epoll1_linux.cc:309] epoll_ctl failed: Bad file descriptor (9)
I0625 23:10:04.594800   24915 fork_posix.cc:71] Other threads are currently calling into gRPC, skipping fork() handlers
E0625 23:10:04.632607   30199 completion_queue.cc:800] Kick failed: UNKNOWN:eventfd_write: Bad file descriptor (9)
E0625 23:10:04.635562   30199 ev_epoll1_linux.cc:309] epoll_ctl failed: Bad file descriptor (9)
E0625 23:10:04.635598   30199 ev_epoll1_linux.cc:309] epoll_ctl failed: Bad file descriptor (9)
I0625 23:10:05.708478   24915 fork_posix.cc:71] Other threads are currently calling into gRPC, skipping fork() handlers
I0625 23:10:06.818101   24915 fork_posix.cc:71] Other threads are currently calling into gRPC, skipping fork() handlers
I0625 23:10:07.923514   24915 fork_posix.cc:71] Other threads are currently calling into gRPC, skipping fork() handlers
I0625 23:10:09.459536   24915 fork_posix.cc:71] Other threads are currently calling into gRPC, skipping fork() handlers
I0625 23:10:10.618825   24915 fork_posix.cc:71] Other threads are currently calling into gRPC, skipping fork() handlers
E0625 23:10:10.656465   30397 completion_queue.cc:800] Kick failed: UNKNOWN:eventfd_write: Bad file descriptor (9)
I0625 23:10:11.886461   24915 fork_posix.cc:71] Other threads are currently calling into gRPC, skipping fork() handlers
E0625 23:10:11.923598   30435 completion_queue.cc:800] Kick failed: UNKNOWN:eventfd_write: Bad file descriptor (9)
I0625 23:10:13.242257   24915 fork_posix.cc:71] Other threads are currently calling into gRPC, skipping fork() handlers
E0625 23:10:13.280092   30478 completion_queue.cc:800] Kick failed: UNKNOWN:eventfd_write: Bad file descriptor (9)
I0625 23:10:14.350860   24915 fork_posix.cc:71] Other threads are currently calling into gRPC, skipping fork() handlers
I0625 23:10:15.458762   24915 fork_posix.cc:71] Other threads are currently calling into gRPC, skipping fork() handlers
E0625 23:10:15.498156   30552 ev_epoll1_linux.cc:309] epoll_ctl failed: Bad file descriptor (9)
E0625 23:10:15.498217   30552 ev_epoll1_linux.cc:309] epoll_ctl failed: Bad file descriptor (9)
E0625 23:10:15.498275   30552 completion_queue.cc:800] Kick failed: UNKNOWN:eventfd_write: Bad file descriptor (9)
I0625 23:10:16.835367   24915 fork_posix.cc:71] Other threads are currently calling into gRPC, skipping fork() handlers
I0625 23:10:17.941519   24915 fork_posix.cc:71] Other threads are currently calling into gRPC, skipping fork() handlers
E0625 23:10:17.979684   30628 completion_queue.cc:800] Kick failed: UNKNOWN:eventfd_write: Bad file descriptor (9)
I0625 23:10:19.049699   24915 fork_posix.cc:71] Other threads are currently calling into gRPC, skipping fork() handlers
I0625 23:10:20.156196   24915 fork_posix.cc:71] Other threads are currently calling into gRPC, skipping fork() handlers
E0625 23:10:20.213704   30704 completion_queue.cc:800] Kick failed: UNKNOWN:eventfd_write: Bad file descriptor (9)
I0625 23:10:21.818663   24915 fork_posix.cc:71] Other threads are currently calling into gRPC, skipping fork() handlers
I0625 23:10:22.935569   24915 fork_posix.cc:71] Other threads are currently calling into gRPC, skipping fork() handlers
E0625 23:10:22.972730   30781 completion_queue.cc:800] Kick failed: UNKNOWN:eventfd_write: Bad file descriptor (9)
I0625 23:10:24.339275   24915 fork_posix.cc:71] Other threads are currently calling into gRPC, skipping fork() handlers
E0625 23:10:24.376256   30819 completion_queue.cc:800] Kick failed: UNKNOWN:eventfd_write: Bad file descriptor (9)
I0625 23:10:25.441149   24915 fork_posix.cc:71] Other threads are currently calling into gRPC, skipping fork() handlers
I0625 23:10:26.549845   24915 fork_posix.cc:71] Other threads are currently calling into gRPC, skipping fork() handlers
E0625 23:10:26.589248   30893 ev_epoll1_linux.cc:309] epoll_ctl failed: Bad file descriptor (9)
E0625 23:10:26.589308   30893 ev_epoll1_linux.cc:309] epoll_ctl failed: Bad file descriptor (9)
E0625 23:10:26.589357   30893 completion_queue.cc:800] Kick failed: UNKNOWN:eventfd_write: Bad file descriptor (9)
I0625 23:10:27.656649   24915 fork_posix.cc:71] Other threads are currently calling into gRPC, skipping fork() handlers
E0625 23:10:27.694597   30933 completion_queue.cc:800] Kick failed: UNKNOWN:eventfd_write: Bad file descriptor (9)
I0625 23:10:28.761102   24915 fork_posix.cc:71] Other threads are currently calling into gRPC, skipping fork() handlers
I0625 23:10:30.116097   24915 fork_posix.cc:71] Other threads are currently calling into gRPC, skipping fork() handlers
I0625 23:10:31.228310   24915 fork_posix.cc:71] Other threads are currently calling into gRPC, skipping fork() handlers
E0625 23:10:31.265686   31051 completion_queue.cc:800] Kick failed: UNKNOWN:eventfd_write: Bad file descriptor (9)
I0625 23:10:32.868808   24915 fork_posix.cc:71] Other threads are currently calling into gRPC, skipping fork() handlers
E0625 23:10:32.906162   31090 completion_queue.cc:800] Kick failed: UNKNOWN:eventfd_write: Bad file descriptor (9)
I0625 23:10:34.391441   24915 fork_posix.cc:71] Other threads are currently calling into gRPC, skipping fork() handlers
I0625 23:10:36.031069   24915 fork_posix.cc:71] Other threads are currently calling into gRPC, skipping fork() handlers
I0625 23:10:37.134162   24915 fork_posix.cc:71] Other threads are currently calling into gRPC, skipping fork() handlers
E0625 23:10:37.171169   31204 completion_queue.cc:800] Kick failed: UNKNOWN:eventfd_write: Bad file descriptor (9)
E0625 23:10:37.173042   31204 ev_epoll1_linux.cc:309] epoll_ctl failed: Bad file descriptor (9)
I0625 23:10:38.247302   24915 fork_posix.cc:71] Other threads are currently calling into gRPC, skipping fork() handlers
I0625 23:10:39.369637   24915 fork_posix.cc:71] Other threads are currently calling into gRPC, skipping fork() handlers
E0625 23:10:39.406215   31281 completion_queue.cc:800] Kick failed: UNKNOWN:eventfd_write: Bad file descriptor (9)
I0625 23:10:40.471283   24915 fork_posix.cc:71] Other threads are currently calling into gRPC, skipping fork() handlers
I0625 23:10:41.579023   24915 fork_posix.cc:71] Other threads are currently calling into gRPC, skipping fork() handlers
E0625 23:10:41.616197   31359 completion_queue.cc:800] Kick failed: UNKNOWN:eventfd_write: Bad file descriptor (9)
I0625 23:10:42.691397   24915 fork_posix.cc:71] Other threads are currently calling into gRPC, skipping fork() handlers
I0625 23:10:43.795022   24915 fork_posix.cc:71] Other threads are currently calling into gRPC, skipping fork() handlers
E0625 23:10:43.832477   31435 completion_queue.cc:800] Kick failed: UNKNOWN:eventfd_write: Bad file descriptor (9)
I0625 23:10:44.897772   24915 fork_posix.cc:71] Other threads are currently calling into gRPC, skipping fork() handlers
I0625 23:10:46.005199   24915 fork_posix.cc:71] Other threads are currently calling into gRPC, skipping fork() handlers
E0625 23:10:46.042369   31511 completion_queue.cc:800] Kick failed: UNKNOWN:eventfd_write: Bad file descriptor (9)
I0625 23:10:47.107958   24915 fork_posix.cc:71] Other threads are currently calling into gRPC, skipping fork() handlers
I0625 23:10:48.377246   24915 fork_posix.cc:71] Other threads are currently calling into gRPC, skipping fork() handlers
E0625 23:10:48.416599   31582 ev_epoll1_linux.cc:309] epoll_ctl failed: Bad file descriptor (9)
I0625 23:10:49.488047   24915 fork_posix.cc:71] Other threads are currently calling into gRPC, skipping fork() handlers
I0625 23:10:50.612357   24915 fork_posix.cc:71] Other threads are currently calling into gRPC, skipping fork() handlers
I0625 23:10:51.716130   24915 fork_posix.cc:71] Other threads are currently calling into gRPC, skipping fork() handlers
I0625 23:10:52.842141   24915 fork_posix.cc:71] Other threads are currently calling into gRPC, skipping fork() handlers
I0625 23:10:53.967788   24915 fork_posix.cc:71] Other threads are currently calling into gRPC, skipping fork() handlers
E0625 23:10:54.005854   31766 completion_queue.cc:800] Kick failed: UNKNOWN:eventfd_write: Bad file descriptor (9)
I0625 23:10:55.107877   24915 fork_posix.cc:71] Other threads are currently calling into gRPC, skipping fork() handlers
E0625 23:10:55.145185   31815 completion_queue.cc:800] Kick failed: UNKNOWN:eventfd_write: Bad file descriptor (9)
I0625 23:10:56.528420   24915 fork_posix.cc:71] Other threads are currently calling into gRPC, skipping fork() handlers
E0625 23:10:56.586406   31853 completion_queue.cc:800] Kick failed: UNKNOWN:eventfd_write: Bad file descriptor (9)
I0625 23:10:57.653238   24915 fork_posix.cc:71] Other threads are currently calling into gRPC, skipping fork() handlers
E0625 23:10:57.690665   31890 completion_queue.cc:800] Kick failed: UNKNOWN:eventfd_write: Bad file descriptor (9)
E0625 23:10:57.690672   31900 ev_epoll1_linux.cc:373] (event_engine) Epoll1Poller:0x55e3772dfaa0 encountered epoll_wait error: Bad file descriptor
[92mINFO [0m:      Sent reply
[92mINFO [0m:      
[92mINFO [0m:      Received: evaluate message e8e16f1f-07af-4af7-9e21-329269992512
I0625 23:12:41.615074   24294 fork_posix.cc:71] Other threads are currently calling into gRPC, skipping fork() handlers
I0625 23:12:41.655948   32056 fork_posix.cc:71] Other threads are currently calling into gRPC, skipping fork() handlers
I0625 23:12:41.696888   24294 fork_posix.cc:71] Other threads are currently calling into gRPC, skipping fork() handlers
E0625 23:12:41.698021   32112 ev_epoll1_linux.cc:309] epoll_ctl failed: Bad file descriptor (9)
[92mINFO [0m:      Sent reply
[92mINFO [0m:      
[92mINFO [0m:      Received: train message e3192f9c-0271-4d41-b485-2af88c0b444e
I0625 23:13:33.289813   24294 fork_posix.cc:71] Other threads are currently calling into gRPC, skipping fork() handlers
I0625 23:13:33.327351   32246 fork_posix.cc:71] Other threads are currently calling into gRPC, skipping fork() handlers
E0625 23:13:33.365467   32303 completion_queue.cc:800] Kick failed: UNKNOWN:eventfd_write: Bad file descriptor (9)
I0625 23:13:33.366039   24294 fork_posix.cc:71] Other threads are currently calling into gRPC, skipping fork() handlers
E0625 23:13:33.367320   32306 ev_epoll1_linux.cc:309] epoll_ctl failed: Bad file descriptor (9)
E0625 23:13:33.367344   32306 ev_epoll1_linux.cc:309] epoll_ctl failed: Bad file descriptor (9)
[92mINFO [0m:      Sent reply
[92mINFO [0m:      
[92mINFO [0m:      Received: evaluate message c0043125-ab46-4814-8c16-d91dcaf956bd
I0625 23:18:45.677661   24294 fork_posix.cc:71] Other threads are currently calling into gRPC, skipping fork() handlers
I0625 23:18:45.720423   33710 fork_posix.cc:71] Other threads are currently calling into gRPC, skipping fork() handlers
E0625 23:18:45.764580   33773 ev_epoll1_linux.cc:309] epoll_ctl failed: Bad file descriptor (9)
I0625 23:18:45.782508   24294 fork_posix.cc:71] Other threads are currently calling into gRPC, skipping fork() handlers
I0625 23:18:47.248542   33710 fork_posix.cc:71] Other threads are currently calling into gRPC, skipping fork() handlers
I0625 23:18:48.900163   33710 fork_posix.cc:71] Other threads are currently calling into gRPC, skipping fork() handlers
I0625 23:18:50.026847   33710 fork_posix.cc:71] Other threads are currently calling into gRPC, skipping fork() handlers
E0625 23:18:50.069818   33953 completion_queue.cc:800] Kick failed: UNKNOWN:eventfd_write: Bad file descriptor (9)
I0625 23:18:51.142669   33710 fork_posix.cc:71] Other threads are currently calling into gRPC, skipping fork() handlers
I0625 23:18:52.257222   33710 fork_posix.cc:71] Other threads are currently calling into gRPC, skipping fork() handlers
E0625 23:18:52.299946   34020 completion_queue.cc:800] Kick failed: UNKNOWN:eventfd_write: Bad file descriptor (9)
I0625 23:18:53.373063   33710 fork_posix.cc:71] Other threads are currently calling into gRPC, skipping fork() handlers
I0625 23:18:54.493869   33710 fork_posix.cc:71] Other threads are currently calling into gRPC, skipping fork() handlers
E0625 23:18:54.536491   34104 completion_queue.cc:800] Kick failed: UNKNOWN:eventfd_write: Bad file descriptor (9)
I0625 23:18:55.612614   33710 fork_posix.cc:71] Other threads are currently calling into gRPC, skipping fork() handlers
I0625 23:18:56.731666   33710 fork_posix.cc:71] Other threads are currently calling into gRPC, skipping fork() handlers
E0625 23:18:56.774631   34180 completion_queue.cc:800] Kick failed: UNKNOWN:eventfd_write: Bad file descriptor (9)
E0625 23:18:56.776517   34184 ev_epoll1_linux.cc:309] epoll_ctl failed: Bad file descriptor (9)
E0625 23:18:56.776546   34184 ev_epoll1_linux.cc:309] epoll_ctl failed: Bad file descriptor (9)
I0625 23:18:57.850252   33710 fork_posix.cc:71] Other threads are currently calling into gRPC, skipping fork() handlers
I0625 23:18:58.970259   33710 fork_posix.cc:71] Other threads are currently calling into gRPC, skipping fork() handlers
E0625 23:18:59.013250   34257 completion_queue.cc:800] Kick failed: UNKNOWN:eventfd_write: Bad file descriptor (9)
I0625 23:19:00.099336   33710 fork_posix.cc:71] Other threads are currently calling into gRPC, skipping fork() handlers
I0625 23:19:01.768176   33710 fork_posix.cc:71] Other threads are currently calling into gRPC, skipping fork() handlers
E0625 23:19:01.810886   34325 completion_queue.cc:800] Kick failed: UNKNOWN:eventfd_write: Bad file descriptor (9)
I0625 23:19:03.308528   33710 fork_posix.cc:71] Other threads are currently calling into gRPC, skipping fork() handlers
I0625 23:19:04.429405   33710 fork_posix.cc:71] Other threads are currently calling into gRPC, skipping fork() handlers
E0625 23:19:04.472187   34410 completion_queue.cc:800] Kick failed: UNKNOWN:eventfd_write: Bad file descriptor (9)
I0625 23:19:05.548402   33710 fork_posix.cc:71] Other threads are currently calling into gRPC, skipping fork() handlers
I0625 23:19:06.670256   33710 fork_posix.cc:71] Other threads are currently calling into gRPC, skipping fork() handlers
E0625 23:19:06.727185   34478 completion_queue.cc:800] Kick failed: UNKNOWN:eventfd_write: Bad file descriptor (9)
I0625 23:19:07.813716   33710 fork_posix.cc:71] Other threads are currently calling into gRPC, skipping fork() handlers
E0625 23:19:07.860381   34525 completion_queue.cc:800] Kick failed: UNKNOWN:eventfd_write: Bad file descriptor (9)
E0625 23:19:07.863138   34530 ev_epoll1_linux.cc:309] epoll_ctl failed: Bad file descriptor (9)
I0625 23:19:08.939067   33710 fork_posix.cc:71] Other threads are currently calling into gRPC, skipping fork() handlers
I0625 23:19:10.466585   33710 fork_posix.cc:71] Other threads are currently calling into gRPC, skipping fork() handlers
I0625 23:19:11.587212   33710 fork_posix.cc:71] Other threads are currently calling into gRPC, skipping fork() handlers
I0625 23:19:12.730800   33710 fork_posix.cc:71] Other threads are currently calling into gRPC, skipping fork() handlers
I0625 23:19:14.102305   33710 fork_posix.cc:71] Other threads are currently calling into gRPC, skipping fork() handlers
E0625 23:19:14.145487   34718 completion_queue.cc:800] Kick failed: UNKNOWN:eventfd_write: Bad file descriptor (9)
I0625 23:19:15.231950   33710 fork_posix.cc:71] Other threads are currently calling into gRPC, skipping fork() handlers
[92mINFO [0m:      Sent reply
[92mINFO [0m:      
[92mINFO [0m:      Received: train message 6e146442-613a-4a74-b00a-6af60cb6b17e
I0625 23:19:36.921682   24294 fork_posix.cc:71] Other threads are currently calling into gRPC, skipping fork() handlers
I0625 23:19:36.980182   34791 fork_posix.cc:71] Other threads are currently calling into gRPC, skipping fork() handlers
I0625 23:19:37.018943   24294 fork_posix.cc:71] Other threads are currently calling into gRPC, skipping fork() handlers
E0625 23:19:37.020907   34847 ev_epoll1_linux.cc:309] epoll_ctl failed: Bad file descriptor (9)
E0625 23:19:37.021005   34847 completion_queue.cc:800] Kick failed: UNKNOWN:eventfd_write: Bad file descriptor (9)
[92mINFO [0m:      Sent reply
[92mINFO [0m:      
[92mINFO [0m:      Received: evaluate message 8aa3b032-8857-4281-aa3e-ba1ca8449412
I0625 23:24:52.415592   24294 fork_posix.cc:71] Other threads are currently calling into gRPC, skipping fork() handlers
I0625 23:24:52.460527   35284 fork_posix.cc:71] Other threads are currently calling into gRPC, skipping fork() handlers
E0625 23:24:52.504900   35340 completion_queue.cc:800] Kick failed: UNKNOWN:eventfd_write: Bad file descriptor (9)
I0625 23:24:52.505321   24294 fork_posix.cc:71] Other threads are currently calling into gRPC, skipping fork() handlers
E0625 23:24:52.506799   35343 ev_epoll1_linux.cc:309] epoll_ctl failed: Bad file descriptor (9)
I0625 23:24:53.825542   35284 fork_posix.cc:71] Other threads are currently calling into gRPC, skipping fork() handlers
I0625 23:24:54.946171   35284 fork_posix.cc:71] Other threads are currently calling into gRPC, skipping fork() handlers
E0625 23:24:54.991461   35487 completion_queue.cc:800] Kick failed: UNKNOWN:eventfd_write: Bad file descriptor (9)
I0625 23:24:56.067136   35284 fork_posix.cc:71] Other threads are currently calling into gRPC, skipping fork() handlers
I0625 23:24:57.186345   35284 fork_posix.cc:71] Other threads are currently calling into gRPC, skipping fork() handlers
E0625 23:24:57.231166   35562 completion_queue.cc:800] Kick failed: UNKNOWN:eventfd_write: Bad file descriptor (9)
I0625 23:24:58.304040   35284 fork_posix.cc:71] Other threads are currently calling into gRPC, skipping fork() handlers
I0625 23:24:59.424374   35284 fork_posix.cc:71] Other threads are currently calling into gRPC, skipping fork() handlers
E0625 23:24:59.470912   35638 completion_queue.cc:800] Kick failed: UNKNOWN:eventfd_write: Bad file descriptor (9)
I0625 23:25:00.559067   35284 fork_posix.cc:71] Other threads are currently calling into gRPC, skipping fork() handlers
I0625 23:25:01.679831   35284 fork_posix.cc:71] Other threads are currently calling into gRPC, skipping fork() handlers
I0625 23:25:02.815778   35284 fork_posix.cc:71] Other threads are currently calling into gRPC, skipping fork() handlers
E0625 23:25:02.862461   35758 ev_epoll1_linux.cc:309] epoll_ctl failed: Bad file descriptor (9)
I0625 23:25:03.938103   35284 fork_posix.cc:71] Other threads are currently calling into gRPC, skipping fork() handlers
I0625 23:25:05.057425   35284 fork_posix.cc:71] Other threads are currently calling into gRPC, skipping fork() handlers
I0625 23:25:06.176949   35284 fork_posix.cc:71] Other threads are currently calling into gRPC, skipping fork() handlers
E0625 23:25:06.221924   35866 completion_queue.cc:800] Kick failed: UNKNOWN:eventfd_write: Bad file descriptor (9)
I0625 23:25:07.296146   35284 fork_posix.cc:71] Other threads are currently calling into gRPC, skipping fork() handlers
E0625 23:25:07.340629   35904 completion_queue.cc:800] Kick failed: UNKNOWN:eventfd_write: Bad file descriptor (9)
I0625 23:25:08.426852   35284 fork_posix.cc:71] Other threads are currently calling into gRPC, skipping fork() handlers
E0625 23:25:08.471922   35941 completion_queue.cc:800] Kick failed: UNKNOWN:eventfd_write: Bad file descriptor (9)
I0625 23:25:09.553426   35284 fork_posix.cc:71] Other threads are currently calling into gRPC, skipping fork() handlers
I0625 23:25:10.673439   35284 fork_posix.cc:71] Other threads are currently calling into gRPC, skipping fork() handlers
E0625 23:25:10.718660   36017 completion_queue.cc:800] Kick failed: UNKNOWN:eventfd_write: Bad file descriptor (9)
I0625 23:25:11.814341   35284 fork_posix.cc:71] Other threads are currently calling into gRPC, skipping fork() handlers
I0625 23:25:12.937316   35284 fork_posix.cc:71] Other threads are currently calling into gRPC, skipping fork() handlers
E0625 23:25:12.982890   36096 completion_queue.cc:800] Kick failed: UNKNOWN:eventfd_write: Bad file descriptor (9)
E0625 23:25:12.984771   36096 ev_epoll1_linux.cc:309] epoll_ctl failed: Bad file descriptor (9)
I0625 23:25:14.073782   35284 fork_posix.cc:71] Other threads are currently calling into gRPC, skipping fork() handlers
I0625 23:25:15.197518   35284 fork_posix.cc:71] Other threads are currently calling into gRPC, skipping fork() handlers
I0625 23:25:16.318047   35284 fork_posix.cc:71] Other threads are currently calling into gRPC, skipping fork() handlers
I0625 23:25:17.683486   35284 fork_posix.cc:71] Other threads are currently calling into gRPC, skipping fork() handlers
I0625 23:25:18.820112   35284 fork_posix.cc:71] Other threads are currently calling into gRPC, skipping fork() handlers
I0625 23:25:19.938406   35284 fork_posix.cc:71] Other threads are currently calling into gRPC, skipping fork() handlers
[92mINFO [0m:      Sent reply
[92mINFO [0m:      
[92mINFO [0m:      Received: train message dc16f462-dfd0-42c4-a474-227d4751c03e
I0625 23:25:44.846991   24294 fork_posix.cc:71] Other threads are currently calling into gRPC, skipping fork() handlers
I0625 23:25:44.887161   36363 fork_posix.cc:71] Other threads are currently calling into gRPC, skipping fork() handlers
E0625 23:25:44.928381   36419 ev_epoll1_linux.cc:309] epoll_ctl failed: Bad file descriptor (9)
E0625 23:25:44.928438   36419 ev_epoll1_linux.cc:309] epoll_ctl failed: Bad file descriptor (9)
E0625 23:25:44.928496   36419 completion_queue.cc:800] Kick failed: UNKNOWN:eventfd_write: Bad file descriptor (9)
I0625 23:25:44.945337   24294 fork_posix.cc:71] Other threads are currently calling into gRPC, skipping fork() handlers
I0625 23:25:46.013879   36363 fork_posix.cc:71] Other threads are currently calling into gRPC, skipping fork() handlers
I0625 23:25:47.181250   36363 fork_posix.cc:71] Other threads are currently calling into gRPC, skipping fork() handlers
I0625 23:25:48.289889   36363 fork_posix.cc:71] Other threads are currently calling into gRPC, skipping fork() handlers
E0625 23:25:48.329441   36604 completion_queue.cc:800] Kick failed: UNKNOWN:eventfd_write: Bad file descriptor (9)
I0625 23:25:49.401730   36363 fork_posix.cc:71] Other threads are currently calling into gRPC, skipping fork() handlers
I0625 23:25:50.528334   36363 fork_posix.cc:71] Other threads are currently calling into gRPC, skipping fork() handlers
E0625 23:25:50.590659   36679 completion_queue.cc:800] Kick failed: UNKNOWN:eventfd_write: Bad file descriptor (9)
I0625 23:25:52.199652   36363 fork_posix.cc:71] Other threads are currently calling into gRPC, skipping fork() handlers
I0625 23:25:53.333643   36363 fork_posix.cc:71] Other threads are currently calling into gRPC, skipping fork() handlers
E0625 23:25:53.405001   36756 completion_queue.cc:800] Kick failed: UNKNOWN:eventfd_write: Bad file descriptor (9)
I0625 23:25:55.045895   36363 fork_posix.cc:71] Other threads are currently calling into gRPC, skipping fork() handlers
E0625 23:25:55.088065   36794 ev_epoll1_linux.cc:309] epoll_ctl failed: Bad file descriptor (9)
I0625 23:25:56.166218   36363 fork_posix.cc:71] Other threads are currently calling into gRPC, skipping fork() handlers
E0625 23:25:56.206374   36832 completion_queue.cc:800] Kick failed: UNKNOWN:eventfd_write: Bad file descriptor (9)
I0625 23:25:57.280272   36363 fork_posix.cc:71] Other threads are currently calling into gRPC, skipping fork() handlers
I0625 23:25:58.389490   36363 fork_posix.cc:71] Other threads are currently calling into gRPC, skipping fork() handlers
E0625 23:25:58.428754   36908 completion_queue.cc:800] Kick failed: UNKNOWN:eventfd_write: Bad file descriptor (9)
I0625 23:25:59.745024   36363 fork_posix.cc:71] Other threads are currently calling into gRPC, skipping fork() handlers
E0625 23:25:59.785206   36947 completion_queue.cc:800] Kick failed: UNKNOWN:eventfd_write: Bad file descriptor (9)
I0625 23:26:01.104407   36363 fork_posix.cc:71] Other threads are currently calling into gRPC, skipping fork() handlers
I0625 23:26:02.633077   36363 fork_posix.cc:71] Other threads are currently calling into gRPC, skipping fork() handlers
E0625 23:26:02.673386   37015 completion_queue.cc:800] Kick failed: UNKNOWN:eventfd_write: Bad file descriptor (9)
I0625 23:26:03.759263   36363 fork_posix.cc:71] Other threads are currently calling into gRPC, skipping fork() handlers
E0625 23:26:03.799010   37060 completion_queue.cc:800] Kick failed: UNKNOWN:eventfd_write: Bad file descriptor (9)
I0625 23:26:04.867750   36363 fork_posix.cc:71] Other threads are currently calling into gRPC, skipping fork() handlers
E0625 23:26:04.908857   37100 completion_queue.cc:800] Kick failed: UNKNOWN:eventfd_write: Bad file descriptor (9)
I0625 23:26:05.980417   36363 fork_posix.cc:71] Other threads are currently calling into gRPC, skipping fork() handlers
E0625 23:26:06.020166   37136 completion_queue.cc:800] Kick failed: UNKNOWN:eventfd_write: Bad file descriptor (9)
E0625 23:26:06.022098   37136 ev_epoll1_linux.cc:309] epoll_ctl failed: Bad file descriptor (9)
E0625 23:26:06.022123   37136 ev_epoll1_linux.cc:309] epoll_ctl failed: Bad file descriptor (9)
I0625 23:26:07.511629   36363 fork_posix.cc:71] Other threads are currently calling into gRPC, skipping fork() handlers
E0625 23:26:07.551425   37175 completion_queue.cc:800] Kick failed: UNKNOWN:eventfd_write: Bad file descriptor (9)
I0625 23:26:08.621533   36363 fork_posix.cc:71] Other threads are currently calling into gRPC, skipping fork() handlers
E0625 23:26:08.685102   37213 completion_queue.cc:800] Kick failed: UNKNOWN:eventfd_write: Bad file descriptor (9)
I0625 23:26:09.758132   36363 fork_posix.cc:71] Other threads are currently calling into gRPC, skipping fork() handlers
E0625 23:26:09.811707   37251 completion_queue.cc:800] Kick failed: UNKNOWN:eventfd_write: Bad file descriptor (9)
I0625 23:26:11.141762   36363 fork_posix.cc:71] Other threads are currently calling into gRPC, skipping fork() handlers
E0625 23:26:11.181050   37291 completion_queue.cc:800] Kick failed: UNKNOWN:eventfd_write: Bad file descriptor (9)
I0625 23:26:12.258045   36363 fork_posix.cc:71] Other threads are currently calling into gRPC, skipping fork() handlers
I0625 23:26:13.385360   36363 fork_posix.cc:71] Other threads are currently calling into gRPC, skipping fork() handlers
I0625 23:26:15.054229   36363 fork_posix.cc:71] Other threads are currently calling into gRPC, skipping fork() handlers
E0625 23:26:15.094304   37402 completion_queue.cc:800] Kick failed: UNKNOWN:eventfd_write: Bad file descriptor (9)
I0625 23:26:16.165237   36363 fork_posix.cc:71] Other threads are currently calling into gRPC, skipping fork() handlers
E0625 23:26:16.205126   37445 completion_queue.cc:800] Kick failed: UNKNOWN:eventfd_write: Bad file descriptor (9)
E0625 23:26:16.206999   37445 ev_epoll1_linux.cc:309] epoll_ctl failed: Bad file descriptor (9)
I0625 23:26:17.277153   36363 fork_posix.cc:71] Other threads are currently calling into gRPC, skipping fork() handlers
I0625 23:26:18.923229   36363 fork_posix.cc:71] Other threads are currently calling into gRPC, skipping fork() handlers
I0625 23:26:20.590199   36363 fork_posix.cc:71] Other threads are currently calling into gRPC, skipping fork() handlers
E0625 23:26:20.629909   37541 completion_queue.cc:800] Kick failed: UNKNOWN:eventfd_write: Bad file descriptor (9)
I0625 23:26:21.699863   36363 fork_posix.cc:71] Other threads are currently calling into gRPC, skipping fork() handlers
I0625 23:26:22.858613   36363 fork_posix.cc:71] Other threads are currently calling into gRPC, skipping fork() handlers
E0625 23:26:22.899190   37635 completion_queue.cc:800] Kick failed: UNKNOWN:eventfd_write: Bad file descriptor (9)
I0625 23:26:23.974415   36363 fork_posix.cc:71] Other threads are currently calling into gRPC, skipping fork() handlers
I0625 23:26:25.114785   36363 fork_posix.cc:71] Other threads are currently calling into gRPC, skipping fork() handlers
I0625 23:26:26.230371   36363 fork_posix.cc:71] Other threads are currently calling into gRPC, skipping fork() handlers
E0625 23:26:26.271900   37732 ev_epoll1_linux.cc:309] epoll_ctl failed: Bad file descriptor (9)
E0625 23:26:26.271964   37732 ev_epoll1_linux.cc:309] epoll_ctl failed: Bad file descriptor (9)
E0625 23:26:26.272020   37732 completion_queue.cc:800] Kick failed: UNKNOWN:eventfd_write: Bad file descriptor (9)
I0625 23:26:27.490079   36363 fork_posix.cc:71] Other threads are currently calling into gRPC, skipping fork() handlers
I0625 23:26:28.599418   36363 fork_posix.cc:71] Other threads are currently calling into gRPC, skipping fork() handlers
E0625 23:26:28.638965   37826 completion_queue.cc:800] Kick failed: UNKNOWN:eventfd_write: Bad file descriptor (9)
I0625 23:26:29.716213   36363 fork_posix.cc:71] Other threads are currently calling into gRPC, skipping fork() handlers
E0625 23:26:29.756298   37869 completion_queue.cc:800] Kick failed: UNKNOWN:eventfd_write: Bad file descriptor (9)
I0625 23:26:31.075465   36363 fork_posix.cc:71] Other threads are currently calling into gRPC, skipping fork() handlers
E0625 23:26:31.115552   37908 completion_queue.cc:800] Kick failed: UNKNOWN:eventfd_write: Bad file descriptor (9)
I0625 23:26:32.191863   36363 fork_posix.cc:71] Other threads are currently calling into gRPC, skipping fork() handlers
I0625 23:26:33.305211   36363 fork_posix.cc:71] Other threads are currently calling into gRPC, skipping fork() handlers
I0625 23:26:34.415451   36363 fork_posix.cc:71] Other threads are currently calling into gRPC, skipping fork() handlers
I0625 23:26:35.529135   36363 fork_posix.cc:71] Other threads are currently calling into gRPC, skipping fork() handlers
I0625 23:26:36.638936   36363 fork_posix.cc:71] Other threads are currently calling into gRPC, skipping fork() handlers
E0625 23:26:36.680597   38096 ev_epoll1_linux.cc:309] epoll_ctl failed: Bad file descriptor (9)
E0625 23:26:36.680662   38096 ev_epoll1_linux.cc:309] epoll_ctl failed: Bad file descriptor (9)
E0625 23:26:36.680719   38096 completion_queue.cc:800] Kick failed: UNKNOWN:eventfd_write: Bad file descriptor (9)
I0625 23:26:37.758377   36363 fork_posix.cc:71] Other threads are currently calling into gRPC, skipping fork() handlers
I0625 23:26:38.868950   36363 fork_posix.cc:71] Other threads are currently calling into gRPC, skipping fork() handlers
E0625 23:26:38.909189   38172 completion_queue.cc:800] Kick failed: UNKNOWN:eventfd_write: Bad file descriptor (9)
I0625 23:26:39.980286   36363 fork_posix.cc:71] Other threads are currently calling into gRPC, skipping fork() handlers
E0625 23:26:40.020548   38213 completion_queue.cc:800] Kick failed: UNKNOWN:eventfd_write: Bad file descriptor (9)
I0625 23:26:41.786280   36363 fork_posix.cc:71] Other threads are currently calling into gRPC, skipping fork() handlers
I0625 23:26:42.909758   36363 fork_posix.cc:71] Other threads are currently calling into gRPC, skipping fork() handlers
E0625 23:26:42.949094   38290 completion_queue.cc:800] Kick failed: UNKNOWN:eventfd_write: Bad file descriptor (9)
I0625 23:26:44.025878   36363 fork_posix.cc:71] Other threads are currently calling into gRPC, skipping fork() handlers
E0625 23:26:44.066005   38328 completion_queue.cc:800] Kick failed: UNKNOWN:eventfd_write: Bad file descriptor (9)
I0625 23:26:45.135215   36363 fork_posix.cc:71] Other threads are currently calling into gRPC, skipping fork() handlers
E0625 23:26:45.175194   38366 completion_queue.cc:800] Kick failed: UNKNOWN:eventfd_write: Bad file descriptor (9)
I0625 23:26:46.287609   36363 fork_posix.cc:71] Other threads are currently calling into gRPC, skipping fork() handlers
E0625 23:26:46.327826   38400 completion_queue.cc:800] Kick failed: UNKNOWN:eventfd_write: Bad file descriptor (9)
I0625 23:26:47.723196   36363 fork_posix.cc:71] Other threads are currently calling into gRPC, skipping fork() handlers
E0625 23:26:47.764817   38449 ev_epoll1_linux.cc:309] epoll_ctl failed: Bad file descriptor (9)
E0625 23:26:47.764878   38449 ev_epoll1_linux.cc:309] epoll_ctl failed: Bad file descriptor (9)
I0625 23:26:48.845753   36363 fork_posix.cc:71] Other threads are currently calling into gRPC, skipping fork() handlers
E0625 23:26:48.885430   38472 completion_queue.cc:800] Kick failed: UNKNOWN:eventfd_write: Bad file descriptor (9)
I0625 23:26:49.998542   36363 fork_posix.cc:71] Other threads are currently calling into gRPC, skipping fork() handlers
E0625 23:26:50.038917   38518 completion_queue.cc:800] Kick failed: UNKNOWN:eventfd_write: Bad file descriptor (9)
I0625 23:26:51.145171   36363 fork_posix.cc:71] Other threads are currently calling into gRPC, skipping fork() handlers
I0625 23:26:52.792098   36363 fork_posix.cc:71] Other threads are currently calling into gRPC, skipping fork() handlers
I0625 23:26:54.154070   36363 fork_posix.cc:71] Other threads are currently calling into gRPC, skipping fork() handlers
I0625 23:26:55.806518   36363 fork_posix.cc:71] Other threads are currently calling into gRPC, skipping fork() handlers
E0625 23:26:55.846093   38654 completion_queue.cc:800] Kick failed: UNKNOWN:eventfd_write: Bad file descriptor (9)
I0625 23:26:57.335767   36363 fork_posix.cc:71] Other threads are currently calling into gRPC, skipping fork() handlers
I0625 23:26:58.486414   36363 fork_posix.cc:71] Other threads are currently calling into gRPC, skipping fork() handlers
E0625 23:26:58.526917   38747 completion_queue.cc:800] Kick failed: UNKNOWN:eventfd_write: Bad file descriptor (9)
E0625 23:26:58.528874   38747 ev_epoll1_linux.cc:309] epoll_ctl failed: Bad file descriptor (9)
I0625 23:26:59.601070   36363 fork_posix.cc:71] Other threads are currently calling into gRPC, skipping fork() handlers
E0625 23:26:59.642208   38785 completion_queue.cc:800] Kick failed: UNKNOWN:eventfd_write: Bad file descriptor (9)
I0625 23:27:00.712168   36363 fork_posix.cc:71] Other threads are currently calling into gRPC, skipping fork() handlers
E0625 23:27:00.752497   38822 completion_queue.cc:800] Kick failed: UNKNOWN:eventfd_write: Bad file descriptor (9)
I0625 23:27:01.831777   36363 fork_posix.cc:71] Other threads are currently calling into gRPC, skipping fork() handlers
I0625 23:27:02.946171   36363 fork_posix.cc:71] Other threads are currently calling into gRPC, skipping fork() handlers
E0625 23:27:02.987038   38881 completion_queue.cc:800] Kick failed: UNKNOWN:eventfd_write: Bad file descriptor (9)
I0625 23:27:04.059868   36363 fork_posix.cc:71] Other threads are currently calling into gRPC, skipping fork() handlers
I0625 23:27:05.200230   36363 fork_posix.cc:71] Other threads are currently calling into gRPC, skipping fork() handlers
I0625 23:27:06.313024   36363 fork_posix.cc:71] Other threads are currently calling into gRPC, skipping fork() handlers
I0625 23:27:07.431801   36363 fork_posix.cc:71] Other threads are currently calling into gRPC, skipping fork() handlers
I0625 23:27:08.551972   36363 fork_posix.cc:71] Other threads are currently calling into gRPC, skipping fork() handlers
E0625 23:27:08.594079   39088 ev_epoll1_linux.cc:309] epoll_ctl failed: Bad file descriptor (9)
I0625 23:27:09.924226   36363 fork_posix.cc:71] Other threads are currently calling into gRPC, skipping fork() handlers
I0625 23:27:11.037417   36363 fork_posix.cc:71] Other threads are currently calling into gRPC, skipping fork() handlers
I0625 23:27:12.147401   36363 fork_posix.cc:71] Other threads are currently calling into gRPC, skipping fork() handlers
I0625 23:27:13.258135   36363 fork_posix.cc:71] Other threads are currently calling into gRPC, skipping fork() handlers
I0625 23:27:14.379581   36363 fork_posix.cc:71] Other threads are currently calling into gRPC, skipping fork() handlers
I0625 23:27:15.495080   36363 fork_posix.cc:71] Other threads are currently calling into gRPC, skipping fork() handlers
I0625 23:27:16.859566   36363 fork_posix.cc:71] Other threads are currently calling into gRPC, skipping fork() handlers
I0625 23:27:17.974812   36363 fork_posix.cc:71] Other threads are currently calling into gRPC, skipping fork() handlers
E0625 23:27:18.014726   39383 completion_queue.cc:800] Kick failed: UNKNOWN:eventfd_write: Bad file descriptor (9)
I0625 23:27:19.083867   36363 fork_posix.cc:71] Other threads are currently calling into gRPC, skipping fork() handlers
E0625 23:27:19.149751   39432 completion_queue.cc:800] Kick failed: UNKNOWN:eventfd_write: Bad file descriptor (9)
E0625 23:27:19.151692   39438 ev_epoll1_linux.cc:309] epoll_ctl failed: Bad file descriptor (9)
E0625 23:27:19.151719   39438 ev_epoll1_linux.cc:309] epoll_ctl failed: Bad file descriptor (9)
I0625 23:27:20.223656   36363 fork_posix.cc:71] Other threads are currently calling into gRPC, skipping fork() handlers
E0625 23:27:20.276391   39453 completion_queue.cc:800] Kick failed: UNKNOWN:eventfd_write: Bad file descriptor (9)
I0625 23:27:21.881582   36363 fork_posix.cc:71] Other threads are currently calling into gRPC, skipping fork() handlers
E0625 23:27:21.921879   39502 completion_queue.cc:800] Kick failed: UNKNOWN:eventfd_write: Bad file descriptor (9)
I0625 23:27:22.993127   36363 fork_posix.cc:71] Other threads are currently calling into gRPC, skipping fork() handlers
I0625 23:27:24.639588   36363 fork_posix.cc:71] Other threads are currently calling into gRPC, skipping fork() handlers
I0625 23:27:25.753144   36363 fork_posix.cc:71] Other threads are currently calling into gRPC, skipping fork() handlers
E0625 23:27:25.816244   39626 completion_queue.cc:800] Kick failed: UNKNOWN:eventfd_write: Bad file descriptor (9)
I0625 23:27:26.893245   36363 fork_posix.cc:71] Other threads are currently calling into gRPC, skipping fork() handlers
I0625 23:27:28.034441   36363 fork_posix.cc:71] Other threads are currently calling into gRPC, skipping fork() handlers
I0625 23:27:29.710539   36363 fork_posix.cc:71] Other threads are currently calling into gRPC, skipping fork() handlers
E0625 23:27:29.775784   39735 ev_epoll1_linux.cc:309] epoll_ctl failed: Bad file descriptor (9)
I0625 23:27:30.996996   36363 fork_posix.cc:71] Other threads are currently calling into gRPC, skipping fork() handlers
E0625 23:27:31.063796   39783 completion_queue.cc:800] Kick failed: UNKNOWN:eventfd_write: Bad file descriptor (9)
I0625 23:27:32.133674   36363 fork_posix.cc:71] Other threads are currently calling into gRPC, skipping fork() handlers
E0625 23:27:32.194346   39820 completion_queue.cc:800] Kick failed: UNKNOWN:eventfd_write: Bad file descriptor (9)
I0625 23:27:33.270259   36363 fork_posix.cc:71] Other threads are currently calling into gRPC, skipping fork() handlers
E0625 23:27:33.333623   39859 completion_queue.cc:800] Kick failed: UNKNOWN:eventfd_write: Bad file descriptor (9)
I0625 23:27:34.410870   36363 fork_posix.cc:71] Other threads are currently calling into gRPC, skipping fork() handlers
E0625 23:27:34.475014   39895 completion_queue.cc:800] Kick failed: UNKNOWN:eventfd_write: Bad file descriptor (9)
I0625 23:27:35.573864   36363 fork_posix.cc:71] Other threads are currently calling into gRPC, skipping fork() handlers
E0625 23:27:35.614052   39933 completion_queue.cc:800] Kick failed: UNKNOWN:eventfd_write: Bad file descriptor (9)
I0625 23:27:36.758626   36363 fork_posix.cc:71] Other threads are currently calling into gRPC, skipping fork() handlers
I0625 23:27:37.876437   36363 fork_posix.cc:71] Other threads are currently calling into gRPC, skipping fork() handlers
E0625 23:27:37.917249   40003 completion_queue.cc:800] Kick failed: UNKNOWN:eventfd_write: Bad file descriptor (9)
I0625 23:27:39.401492   36363 fork_posix.cc:71] Other threads are currently calling into gRPC, skipping fork() handlers
I0625 23:27:40.516264   36363 fork_posix.cc:71] Other threads are currently calling into gRPC, skipping fork() handlers
E0625 23:27:40.556718   40087 completion_queue.cc:800] Kick failed: UNKNOWN:eventfd_write: Bad file descriptor (9)
E0625 23:27:40.558645   40087 ev_epoll1_linux.cc:309] epoll_ctl failed: Bad file descriptor (9)
E0625 23:27:40.558674   40087 ev_epoll1_linux.cc:309] epoll_ctl failed: Bad file descriptor (9)
I0625 23:27:42.046409   36363 fork_posix.cc:71] Other threads are currently calling into gRPC, skipping fork() handlers
I0625 23:27:43.157979   36363 fork_posix.cc:71] Other threads are currently calling into gRPC, skipping fork() handlers
E0625 23:27:43.197973   40163 completion_queue.cc:800] Kick failed: UNKNOWN:eventfd_write: Bad file descriptor (9)
I0625 23:27:44.268051   36363 fork_posix.cc:71] Other threads are currently calling into gRPC, skipping fork() handlers
I0625 23:27:45.383573   36363 fork_posix.cc:71] Other threads are currently calling into gRPC, skipping fork() handlers
E0625 23:27:45.423878   40240 completion_queue.cc:800] Kick failed: UNKNOWN:eventfd_write: Bad file descriptor (9)
I0625 23:27:46.491882   36363 fork_posix.cc:71] Other threads are currently calling into gRPC, skipping fork() handlers
I0625 23:27:47.607021   36363 fork_posix.cc:71] Other threads are currently calling into gRPC, skipping fork() handlers
E0625 23:27:47.649261   40317 completion_queue.cc:800] Kick failed: UNKNOWN:eventfd_write: Bad file descriptor (9)
I0625 23:27:48.725032   36363 fork_posix.cc:71] Other threads are currently calling into gRPC, skipping fork() handlers
I0625 23:27:49.837355   36363 fork_posix.cc:71] Other threads are currently calling into gRPC, skipping fork() handlers
E0625 23:27:49.877197   40393 completion_queue.cc:800] Kick failed: UNKNOWN:eventfd_write: Bad file descriptor (9)
I0625 23:27:51.484439   36363 fork_posix.cc:71] Other threads are currently calling into gRPC, skipping fork() handlers
E0625 23:27:51.524355   40431 completion_queue.cc:800] Kick failed: UNKNOWN:eventfd_write: Bad file descriptor (9)
E0625 23:27:51.526245   40437 ev_epoll1_linux.cc:309] epoll_ctl failed: Bad file descriptor (9)
I0625 23:27:53.092387   36363 fork_posix.cc:71] Other threads are currently calling into gRPC, skipping fork() handlers
E0625 23:27:53.130727   40470 completion_queue.cc:800] Kick failed: UNKNOWN:eventfd_write: Bad file descriptor (9)
I0625 23:27:54.204360   36363 fork_posix.cc:71] Other threads are currently calling into gRPC, skipping fork() handlers
E0625 23:27:54.243047   40508 completion_queue.cc:800] Kick failed: UNKNOWN:eventfd_write: Bad file descriptor (9)
I0625 23:27:55.628593   36363 fork_posix.cc:71] Other threads are currently calling into gRPC, skipping fork() handlers
E0625 23:27:55.666994   40547 completion_queue.cc:800] Kick failed: UNKNOWN:eventfd_write: Bad file descriptor (9)
I0625 23:27:56.743226   36363 fork_posix.cc:71] Other threads are currently calling into gRPC, skipping fork() handlers
E0625 23:27:56.781397   40584 completion_queue.cc:800] Kick failed: UNKNOWN:eventfd_write: Bad file descriptor (9)
I0625 23:27:57.850114   36363 fork_posix.cc:71] Other threads are currently calling into gRPC, skipping fork() handlers
I0625 23:27:59.498947   36363 fork_posix.cc:71] Other threads are currently calling into gRPC, skipping fork() handlers
E0625 23:27:59.537283   40656 completion_queue.cc:800] Kick failed: UNKNOWN:eventfd_write: Bad file descriptor (9)
I0625 23:28:00.616713   36363 fork_posix.cc:71] Other threads are currently calling into gRPC, skipping fork() handlers
I0625 23:28:01.736515   36363 fork_posix.cc:71] Other threads are currently calling into gRPC, skipping fork() handlers
E0625 23:28:01.777204   40736 ev_epoll1_linux.cc:309] epoll_ctl failed: Bad file descriptor (9)
I0625 23:28:02.848498   36363 fork_posix.cc:71] Other threads are currently calling into gRPC, skipping fork() handlers
I0625 23:28:03.955504   36363 fork_posix.cc:71] Other threads are currently calling into gRPC, skipping fork() handlers
I0625 23:28:05.101253   36363 fork_posix.cc:71] Other threads are currently calling into gRPC, skipping fork() handlers
I0625 23:28:06.206601   36363 fork_posix.cc:71] Other threads are currently calling into gRPC, skipping fork() handlers
I0625 23:28:07.312731   36363 fork_posix.cc:71] Other threads are currently calling into gRPC, skipping fork() handlers
E0625 23:28:07.351276   40926 completion_queue.cc:800] Kick failed: UNKNOWN:eventfd_write: Bad file descriptor (9)
I0625 23:28:08.420845   36363 fork_posix.cc:71] Other threads are currently calling into gRPC, skipping fork() handlers
E0625 23:28:08.459462   40964 completion_queue.cc:800] Kick failed: UNKNOWN:eventfd_write: Bad file descriptor (9)
I0625 23:28:09.529322   36363 fork_posix.cc:71] Other threads are currently calling into gRPC, skipping fork() handlers
E0625 23:28:09.567840   41002 completion_queue.cc:800] Kick failed: UNKNOWN:eventfd_write: Bad file descriptor (9)
I0625 23:28:10.638543   36363 fork_posix.cc:71] Other threads are currently calling into gRPC, skipping fork() handlers
E0625 23:28:10.677124   41040 completion_queue.cc:800] Kick failed: UNKNOWN:eventfd_write: Bad file descriptor (9)
I0625 23:28:12.061780   36363 fork_posix.cc:71] Other threads are currently calling into gRPC, skipping fork() handlers
E0625 23:28:12.099655   41072 completion_queue.cc:800] Kick failed: UNKNOWN:eventfd_write: Bad file descriptor (9)
E0625 23:28:12.101534   41072 ev_epoll1_linux.cc:309] epoll_ctl failed: Bad file descriptor (9)
I0625 23:28:13.182786   36363 fork_posix.cc:71] Other threads are currently calling into gRPC, skipping fork() handlers
E0625 23:28:13.222071   41120 completion_queue.cc:800] Kick failed: UNKNOWN:eventfd_write: Bad file descriptor (9)
I0625 23:28:14.290748   36363 fork_posix.cc:71] Other threads are currently calling into gRPC, skipping fork() handlers
E0625 23:28:14.329595   41160 completion_queue.cc:800] Kick failed: UNKNOWN:eventfd_write: Bad file descriptor (9)
I0625 23:28:15.398408   36363 fork_posix.cc:71] Other threads are currently calling into gRPC, skipping fork() handlers
E0625 23:28:15.436826   41197 completion_queue.cc:800] Kick failed: UNKNOWN:eventfd_write: Bad file descriptor (9)
I0625 23:28:16.504582   36363 fork_posix.cc:71] Other threads are currently calling into gRPC, skipping fork() handlers
E0625 23:28:16.542941   41235 completion_queue.cc:800] Kick failed: UNKNOWN:eventfd_write: Bad file descriptor (9)
I0625 23:28:17.622225   36363 fork_posix.cc:71] Other threads are currently calling into gRPC, skipping fork() handlers
E0625 23:28:17.660539   41273 completion_queue.cc:800] Kick failed: UNKNOWN:eventfd_write: Bad file descriptor (9)
I0625 23:28:18.734112   36363 fork_posix.cc:71] Other threads are currently calling into gRPC, skipping fork() handlers
E0625 23:28:18.773090   41311 completion_queue.cc:800] Kick failed: UNKNOWN:eventfd_write: Bad file descriptor (9)
I0625 23:28:19.842369   36363 fork_posix.cc:71] Other threads are currently calling into gRPC, skipping fork() handlers
E0625 23:28:19.880702   41349 completion_queue.cc:800] Kick failed: UNKNOWN:eventfd_write: Bad file descriptor (9)
I0625 23:28:20.949832   36363 fork_posix.cc:71] Other threads are currently calling into gRPC, skipping fork() handlers
E0625 23:28:20.989002   41387 completion_queue.cc:800] Kick failed: UNKNOWN:eventfd_write: Bad file descriptor (9)
I0625 23:28:22.104560   36363 fork_posix.cc:71] Other threads are currently calling into gRPC, skipping fork() handlers
E0625 23:28:22.142821   41425 completion_queue.cc:800] Kick failed: UNKNOWN:eventfd_write: Bad file descriptor (9)
E0625 23:28:22.144701   41425 ev_epoll1_linux.cc:309] epoll_ctl failed: Bad file descriptor (9)
I0625 23:28:23.537065   36363 fork_posix.cc:71] Other threads are currently calling into gRPC, skipping fork() handlers
E0625 23:28:23.575670   41457 completion_queue.cc:800] Kick failed: UNKNOWN:eventfd_write: Bad file descriptor (9)
I0625 23:28:24.645240   36363 fork_posix.cc:71] Other threads are currently calling into gRPC, skipping fork() handlers
I0625 23:28:25.778183   36363 fork_posix.cc:71] Other threads are currently calling into gRPC, skipping fork() handlers
I0625 23:28:27.186743   36363 fork_posix.cc:71] Other threads are currently calling into gRPC, skipping fork() handlers
E0625 23:28:27.250775   41559 completion_queue.cc:800] Kick failed: UNKNOWN:eventfd_write: Bad file descriptor (9)
I0625 23:28:28.320732   36363 fork_posix.cc:71] Other threads are currently calling into gRPC, skipping fork() handlers
E0625 23:28:28.381688   41615 completion_queue.cc:800] Kick failed: UNKNOWN:eventfd_write: Bad file descriptor (9)
I0625 23:28:29.458765   36363 fork_posix.cc:71] Other threads are currently calling into gRPC, skipping fork() handlers
E0625 23:28:29.496996   41660 completion_queue.cc:800] Kick failed: UNKNOWN:eventfd_write: Bad file descriptor (9)
I0625 23:28:30.574075   36363 fork_posix.cc:71] Other threads are currently calling into gRPC, skipping fork() handlers
E0625 23:28:30.612719   41696 completion_queue.cc:800] Kick failed: UNKNOWN:eventfd_write: Bad file descriptor (9)
I0625 23:28:32.218613   36363 fork_posix.cc:71] Other threads are currently calling into gRPC, skipping fork() handlers
E0625 23:28:32.257543   41729 completion_queue.cc:800] Kick failed: UNKNOWN:eventfd_write: Bad file descriptor (9)
E0625 23:28:32.259501   41741 ev_epoll1_linux.cc:309] epoll_ctl failed: Bad file descriptor (9)
I0625 23:28:33.332219   36363 fork_posix.cc:71] Other threads are currently calling into gRPC, skipping fork() handlers
I0625 23:28:34.438904   36363 fork_posix.cc:71] Other threads are currently calling into gRPC, skipping fork() handlers
I0625 23:28:35.576277   36363 fork_posix.cc:71] Other threads are currently calling into gRPC, skipping fork() handlers
I0625 23:28:36.682998   36363 fork_posix.cc:71] Other threads are currently calling into gRPC, skipping fork() handlers
I0625 23:28:38.036623   36363 fork_posix.cc:71] Other threads are currently calling into gRPC, skipping fork() handlers
I0625 23:28:39.147988   36363 fork_posix.cc:71] Other threads are currently calling into gRPC, skipping fork() handlers
I0625 23:28:40.252172   36363 fork_posix.cc:71] Other threads are currently calling into gRPC, skipping fork() handlers
I0625 23:28:41.893310   36363 fork_posix.cc:71] Other threads are currently calling into gRPC, skipping fork() handlers
I0625 23:28:43.419620   36363 fork_posix.cc:71] Other threads are currently calling into gRPC, skipping fork() handlers
E0625 23:28:43.460111   42078 ev_epoll1_linux.cc:309] epoll_ctl failed: Bad file descriptor (9)
I0625 23:28:44.532873   36363 fork_posix.cc:71] Other threads are currently calling into gRPC, skipping fork() handlers
E0625 23:28:44.571209   42116 completion_queue.cc:800] Kick failed: UNKNOWN:eventfd_write: Bad file descriptor (9)
I0625 23:28:45.637253   36363 fork_posix.cc:71] Other threads are currently calling into gRPC, skipping fork() handlers
I0625 23:28:46.746858   36363 fork_posix.cc:71] Other threads are currently calling into gRPC, skipping fork() handlers
E0625 23:28:46.785491   42230 completion_queue.cc:800] Kick failed: UNKNOWN:eventfd_write: Bad file descriptor (9)
I0625 23:28:48.388414   36363 fork_posix.cc:71] Other threads are currently calling into gRPC, skipping fork() handlers
E0625 23:28:48.426664   42269 completion_queue.cc:800] Kick failed: UNKNOWN:eventfd_write: Bad file descriptor (9)
I0625 23:28:49.494503   36363 fork_posix.cc:71] Other threads are currently calling into gRPC, skipping fork() handlers
I0625 23:28:50.599429   36363 fork_posix.cc:71] Other threads are currently calling into gRPC, skipping fork() handlers
E0625 23:28:50.638195   42344 completion_queue.cc:800] Kick failed: UNKNOWN:eventfd_write: Bad file descriptor (9)
I0625 23:28:51.707169   36363 fork_posix.cc:71] Other threads are currently calling into gRPC, skipping fork() handlers
E0625 23:28:51.766008   42382 completion_queue.cc:800] Kick failed: UNKNOWN:eventfd_write: Bad file descriptor (9)
I0625 23:28:52.834645   36363 fork_posix.cc:71] Other threads are currently calling into gRPC, skipping fork() handlers
E0625 23:28:52.873195   42422 completion_queue.cc:800] Kick failed: UNKNOWN:eventfd_write: Bad file descriptor (9)
I0625 23:28:53.946179   36363 fork_posix.cc:71] Other threads are currently calling into gRPC, skipping fork() handlers
E0625 23:28:54.001918   42458 completion_queue.cc:800] Kick failed: UNKNOWN:eventfd_write: Bad file descriptor (9)
E0625 23:28:54.003825   42458 ev_epoll1_linux.cc:309] epoll_ctl failed: Bad file descriptor (9)
E0625 23:28:54.003851   42458 ev_epoll1_linux.cc:309] epoll_ctl failed: Bad file descriptor (9)
I0625 23:28:55.619406   36363 fork_posix.cc:71] Other threads are currently calling into gRPC, skipping fork() handlers
E0625 23:28:55.657404   42496 completion_queue.cc:800] Kick failed: UNKNOWN:eventfd_write: Bad file descriptor (9)
I0625 23:28:56.723948   36363 fork_posix.cc:71] Other threads are currently calling into gRPC, skipping fork() handlers
I0625 23:28:57.852845   36363 fork_posix.cc:71] Other threads are currently calling into gRPC, skipping fork() handlers
I0625 23:28:58.992642   36363 fork_posix.cc:71] Other threads are currently calling into gRPC, skipping fork() handlers
E0625 23:28:59.055337   42610 completion_queue.cc:800] Kick failed: UNKNOWN:eventfd_write: Bad file descriptor (9)
I0625 23:29:00.126745   36363 fork_posix.cc:71] Other threads are currently calling into gRPC, skipping fork() handlers
I0625 23:29:01.267759   36363 fork_posix.cc:71] Other threads are currently calling into gRPC, skipping fork() handlers
E0625 23:29:01.306449   42686 completion_queue.cc:800] Kick failed: UNKNOWN:eventfd_write: Bad file descriptor (9)
I0625 23:29:02.374326   36363 fork_posix.cc:71] Other threads are currently calling into gRPC, skipping fork() handlers
I0625 23:29:03.534754   36363 fork_posix.cc:71] Other threads are currently calling into gRPC, skipping fork() handlers
E0625 23:29:03.596050   42832 completion_queue.cc:800] Kick failed: UNKNOWN:eventfd_write: Bad file descriptor (9)
I0625 23:29:04.672887   36363 fork_posix.cc:71] Other threads are currently calling into gRPC, skipping fork() handlers
E0625 23:29:04.733302   42870 completion_queue.cc:800] Kick failed: UNKNOWN:eventfd_write: Bad file descriptor (9)
E0625 23:29:04.735251   42870 ev_epoll1_linux.cc:309] epoll_ctl failed: Bad file descriptor (9)
I0625 23:29:05.809254   36363 fork_posix.cc:71] Other threads are currently calling into gRPC, skipping fork() handlers
I0625 23:29:07.481783   36363 fork_posix.cc:71] Other threads are currently calling into gRPC, skipping fork() handlers
I0625 23:29:08.596221   36363 fork_posix.cc:71] Other threads are currently calling into gRPC, skipping fork() handlers
E0625 23:29:08.656940   42983 completion_queue.cc:800] Kick failed: UNKNOWN:eventfd_write: Bad file descriptor (9)
I0625 23:29:10.277167   36363 fork_posix.cc:71] Other threads are currently calling into gRPC, skipping fork() handlers
I0625 23:29:11.700269   36363 fork_posix.cc:71] Other threads are currently calling into gRPC, skipping fork() handlers
I0625 23:29:12.820384   36363 fork_posix.cc:71] Other threads are currently calling into gRPC, skipping fork() handlers
E0625 23:29:12.858560   43099 completion_queue.cc:800] Kick failed: UNKNOWN:eventfd_write: Bad file descriptor (9)
I0625 23:29:13.925241   36363 fork_posix.cc:71] Other threads are currently calling into gRPC, skipping fork() handlers
I0625 23:29:15.080185   36363 fork_posix.cc:71] Other threads are currently calling into gRPC, skipping fork() handlers
E0625 23:29:15.118337   43179 completion_queue.cc:800] Kick failed: UNKNOWN:eventfd_write: Bad file descriptor (9)
E0625 23:29:15.120228   43179 ev_epoll1_linux.cc:309] epoll_ctl failed: Bad file descriptor (9)
I0625 23:29:16.198284   36363 fork_posix.cc:71] Other threads are currently calling into gRPC, skipping fork() handlers
E0625 23:29:16.236847   43216 completion_queue.cc:800] Kick failed: UNKNOWN:eventfd_write: Bad file descriptor (9)
I0625 23:29:17.305896   36363 fork_posix.cc:71] Other threads are currently calling into gRPC, skipping fork() handlers
E0625 23:29:17.344288   43254 completion_queue.cc:800] Kick failed: UNKNOWN:eventfd_write: Bad file descriptor (9)
I0625 23:29:18.563313   36363 fork_posix.cc:71] Other threads are currently calling into gRPC, skipping fork() handlers
I0625 23:29:19.668932   36363 fork_posix.cc:71] Other threads are currently calling into gRPC, skipping fork() handlers
E0625 23:29:19.707538   43330 completion_queue.cc:800] Kick failed: UNKNOWN:eventfd_write: Bad file descriptor (9)
I0625 23:29:20.779062   36363 fork_posix.cc:71] Other threads are currently calling into gRPC, skipping fork() handlers
I0625 23:29:21.897215   36363 fork_posix.cc:71] Other threads are currently calling into gRPC, skipping fork() handlers
E0625 23:29:21.957993   43401 completion_queue.cc:800] Kick failed: UNKNOWN:eventfd_write: Bad file descriptor (9)
I0625 23:29:23.564311   36363 fork_posix.cc:71] Other threads are currently calling into gRPC, skipping fork() handlers
E0625 23:29:23.613160   43446 completion_queue.cc:800] Kick failed: UNKNOWN:eventfd_write: Bad file descriptor (9)
I0625 23:29:24.679929   36363 fork_posix.cc:71] Other threads are currently calling into gRPC, skipping fork() handlers
E0625 23:29:24.740459   43482 completion_queue.cc:800] Kick failed: UNKNOWN:eventfd_write: Bad file descriptor (9)
I0625 23:29:25.815050   36363 fork_posix.cc:71] Other threads are currently calling into gRPC, skipping fork() handlers
E0625 23:29:25.876985   43519 completion_queue.cc:800] Kick failed: UNKNOWN:eventfd_write: Bad file descriptor (9)
E0625 23:29:25.878883   43519 ev_epoll1_linux.cc:309] epoll_ctl failed: Bad file descriptor (9)
E0625 23:29:25.878911   43519 ev_epoll1_linux.cc:309] epoll_ctl failed: Bad file descriptor (9)
I0625 23:29:26.954738   36363 fork_posix.cc:71] Other threads are currently calling into gRPC, skipping fork() handlers
E0625 23:29:27.016607   43552 completion_queue.cc:800] Kick failed: UNKNOWN:eventfd_write: Bad file descriptor (9)
I0625 23:29:28.497358   36363 fork_posix.cc:71] Other threads are currently calling into gRPC, skipping fork() handlers
I0625 23:29:29.613883   36363 fork_posix.cc:71] Other threads are currently calling into gRPC, skipping fork() handlers
E0625 23:29:29.673659   43633 completion_queue.cc:800] Kick failed: UNKNOWN:eventfd_write: Bad file descriptor (9)
I0625 23:29:30.742583   36363 fork_posix.cc:71] Other threads are currently calling into gRPC, skipping fork() handlers
I0625 23:29:32.390526   36363 fork_posix.cc:71] Other threads are currently calling into gRPC, skipping fork() handlers
I0625 23:29:33.503111   36363 fork_posix.cc:71] Other threads are currently calling into gRPC, skipping fork() handlers
E0625 23:29:33.540924   43748 completion_queue.cc:800] Kick failed: UNKNOWN:eventfd_write: Bad file descriptor (9)
I0625 23:29:34.613324   36363 fork_posix.cc:71] Other threads are currently calling into gRPC, skipping fork() handlers
[92mINFO [0m:      Sent reply
[92mINFO [0m:      
[92mINFO [0m:      Received: evaluate message 4669c48c-adf7-4dd4-821a-c4739751c366
I0625 23:31:05.745899   24294 fork_posix.cc:71] Other threads are currently calling into gRPC, skipping fork() handlers
I0625 23:31:05.789793   43912 fork_posix.cc:71] Other threads are currently calling into gRPC, skipping fork() handlers
E0625 23:31:05.833065   43969 completion_queue.cc:800] Kick failed: UNKNOWN:eventfd_write: Bad file descriptor (9)
E0625 23:31:05.834893   43969 ev_epoll1_linux.cc:309] epoll_ctl failed: Bad file descriptor (9)
E0625 23:31:05.834917   43969 ev_epoll1_linux.cc:309] epoll_ctl failed: Bad file descriptor (9)
I0625 23:31:05.852223   24294 fork_posix.cc:71] Other threads are currently calling into gRPC, skipping fork() handlers
[92mINFO [0m:      Sent reply
[92mINFO [0m:      
[92mINFO [0m:      Received: train message fb88b357-44ec-4cd4-9bf5-4931b20c492e
I0625 23:31:59.272240   24294 fork_posix.cc:71] Other threads are currently calling into gRPC, skipping fork() handlers
I0625 23:31:59.331290   44105 fork_posix.cc:71] Other threads are currently calling into gRPC, skipping fork() handlers
E0625 23:31:59.370911   44159 completion_queue.cc:800] Kick failed: UNKNOWN:eventfd_write: Bad file descriptor (9)
I0625 23:31:59.371395   24294 fork_posix.cc:71] Other threads are currently calling into gRPC, skipping fork() handlers
E0625 23:31:59.372751   44159 ev_epoll1_linux.cc:309] epoll_ctl failed: Bad file descriptor (9)
[92mINFO [0m:      Sent reply
[92mINFO [0m:      
[92mINFO [0m:      Received: evaluate message 8ea5ef47-32e1-41b1-bdc5-ae4e0745b682
I0625 23:37:14.188521   24294 fork_posix.cc:71] Other threads are currently calling into gRPC, skipping fork() handlers
I0625 23:37:14.250862   44593 fork_posix.cc:71] Other threads are currently calling into gRPC, skipping fork() handlers
E0625 23:37:14.295430   44653 ev_epoll1_linux.cc:309] epoll_ctl failed: Bad file descriptor (9)
E0625 23:37:14.295530   44653 completion_queue.cc:800] Kick failed: UNKNOWN:eventfd_write: Bad file descriptor (9)
I0625 23:37:14.313137   24294 fork_posix.cc:71] Other threads are currently calling into gRPC, skipping fork() handlers
[92mINFO [0m:      Sent reply
[92mINFO [0m:      
[92mINFO [0m:      Received: train message c5bf2c5b-dde1-44f2-b2fa-71b33f302ac3
I0625 23:38:05.730367   24294 fork_posix.cc:71] Other threads are currently calling into gRPC, skipping fork() handlers
I0625 23:38:05.789585   44789 fork_posix.cc:71] Other threads are currently calling into gRPC, skipping fork() handlers
I0625 23:38:05.829074   24294 fork_posix.cc:71] Other threads are currently calling into gRPC, skipping fork() handlers
E0625 23:38:05.831023   44845 ev_epoll1_linux.cc:309] epoll_ctl failed: Bad file descriptor (9)
E0625 23:38:05.831130   44845 completion_queue.cc:800] Kick failed: UNKNOWN:eventfd_write: Bad file descriptor (9)
[92mINFO [0m:      Sent reply
[92mINFO [0m:      
[92mINFO [0m:      Received: evaluate message 17161a7e-0e14-462b-ab10-3e8e477173a1
I0625 23:43:26.562612   24294 fork_posix.cc:71] Other threads are currently calling into gRPC, skipping fork() handlers
I0625 23:43:26.626943   45288 fork_posix.cc:71] Other threads are currently calling into gRPC, skipping fork() handlers
E0625 23:43:26.671319   45344 completion_queue.cc:800] Kick failed: UNKNOWN:eventfd_write: Bad file descriptor (9)
I0625 23:43:26.671819   24294 fork_posix.cc:71] Other threads are currently calling into gRPC, skipping fork() handlers
E0625 23:43:26.673152   45344 ev_epoll1_linux.cc:309] epoll_ctl failed: Bad file descriptor (9)
E0625 23:43:26.673178   45344 ev_epoll1_linux.cc:309] epoll_ctl failed: Bad file descriptor (9)
[92mINFO [0m:      Sent reply
[92mINFO [0m:      
[92mINFO [0m:      Received: train message a1cebf28-84ef-4c0a-8ebb-ba5abde867a4
I0625 23:44:19.532787   24294 fork_posix.cc:71] Other threads are currently calling into gRPC, skipping fork() handlers
I0625 23:44:19.573170   45480 fork_posix.cc:71] Other threads are currently calling into gRPC, skipping fork() handlers
I0625 23:44:19.612413   24294 fork_posix.cc:71] Other threads are currently calling into gRPC, skipping fork() handlers
E0625 23:44:19.614650   45536 ev_epoll1_linux.cc:309] epoll_ctl failed: Bad file descriptor (9)
E0625 23:44:19.614761   45536 completion_queue.cc:800] Kick failed: UNKNOWN:eventfd_write: Bad file descriptor (9)
[92mINFO [0m:      Sent reply
[92mINFO [0m:      
[92mINFO [0m:      Received: evaluate message c610ca57-60bc-4011-926e-093fc69cc492
I0625 23:49:39.204836   24294 fork_posix.cc:71] Other threads are currently calling into gRPC, skipping fork() handlers
I0625 23:49:39.248718   46946 fork_posix.cc:71] Other threads are currently calling into gRPC, skipping fork() handlers
I0625 23:49:39.292745   24294 fork_posix.cc:71] Other threads are currently calling into gRPC, skipping fork() handlers
E0625 23:49:39.293946   47003 ev_epoll1_linux.cc:309] epoll_ctl failed: Bad file descriptor (9)
E0625 23:49:39.293998   47003 ev_epoll1_linux.cc:309] epoll_ctl failed: Bad file descriptor (9)
E0625 23:49:39.294042   47003 completion_queue.cc:800] Kick failed: UNKNOWN:eventfd_write: Bad file descriptor (9)
[92mINFO [0m:      Sent reply
[92mINFO [0m:      
[92mINFO [0m:      Received: train message c2c03c93-7d5c-421a-a318-970ddd5f84f1
I0625 23:50:32.373596   24294 fork_posix.cc:71] Other threads are currently calling into gRPC, skipping fork() handlers
I0625 23:50:32.413740   47149 fork_posix.cc:71] Other threads are currently calling into gRPC, skipping fork() handlers
E0625 23:50:32.455467   47208 ev_epoll1_linux.cc:309] epoll_ctl failed: Bad file descriptor (9)
E0625 23:50:32.455525   47208 ev_epoll1_linux.cc:309] epoll_ctl failed: Bad file descriptor (9)
E0625 23:50:32.455572   47208 completion_queue.cc:800] Kick failed: UNKNOWN:eventfd_write: Bad file descriptor (9)
I0625 23:50:32.472541   24294 fork_posix.cc:71] Other threads are currently calling into gRPC, skipping fork() handlers
[92mINFO [0m:      Sent reply
[92mINFO [0m:      
[92mINFO [0m:      Received: evaluate message 81aad6f5-1e91-4b3c-bdfb-ecb28c9c963c
I0625 23:55:48.512953   24294 fork_posix.cc:71] Other threads are currently calling into gRPC, skipping fork() handlers
I0625 23:55:48.558835   47642 fork_posix.cc:71] Other threads are currently calling into gRPC, skipping fork() handlers
I0625 23:55:48.603856   24294 fork_posix.cc:71] Other threads are currently calling into gRPC, skipping fork() handlers
E0625 23:55:48.603953   47698 completion_queue.cc:800] Kick failed: UNKNOWN:eventfd_write: Bad file descriptor (9)
E0625 23:55:48.605795   47698 ev_epoll1_linux.cc:309] epoll_ctl failed: Bad file descriptor (9)
[92mINFO [0m:      Sent reply
[92mINFO [0m:      
[92mINFO [0m:      Received: train message 4f5a60a0-7c47-4ffc-b200-8b82ce4afac2
I0625 23:56:36.920224   24294 fork_posix.cc:71] Other threads are currently calling into gRPC, skipping fork() handlers
I0625 23:56:36.959730   47836 fork_posix.cc:71] Other threads are currently calling into gRPC, skipping fork() handlers
E0625 23:56:36.999318   47892 completion_queue.cc:800] Kick failed: UNKNOWN:eventfd_write: Bad file descriptor (9)
I0625 23:56:37.000033   24294 fork_posix.cc:71] Other threads are currently calling into gRPC, skipping fork() handlers
E0625 23:56:37.001162   47892 ev_epoll1_linux.cc:309] epoll_ctl failed: Bad file descriptor (9)
E0625 23:56:37.001184   47892 ev_epoll1_linux.cc:309] epoll_ctl failed: Bad file descriptor (9)
[92mINFO [0m:      Sent reply
[92mINFO [0m:      
[92mINFO [0m:      Received: evaluate message d39e1e1f-a167-4fd3-877d-631f73c61a8b
I0626 00:01:58.266310   24294 fork_posix.cc:71] Other threads are currently calling into gRPC, skipping fork() handlers
I0626 00:01:58.329469   48381 fork_posix.cc:71] Other threads are currently calling into gRPC, skipping fork() handlers
I0626 00:01:58.372610   24294 fork_posix.cc:71] Other threads are currently calling into gRPC, skipping fork() handlers
E0626 00:01:58.372704   48437 completion_queue.cc:800] Kick failed: UNKNOWN:eventfd_write: Bad file descriptor (9)
E0626 00:01:58.374539   48437 ev_epoll1_linux.cc:309] epoll_ctl failed: Bad file descriptor (9)
I0626 00:01:59.444407   48381 fork_posix.cc:71] Other threads are currently calling into gRPC, skipping fork() handlers
I0626 00:02:01.096846   48381 fork_posix.cc:71] Other threads are currently calling into gRPC, skipping fork() handlers
I0626 00:02:02.214273   48381 fork_posix.cc:71] Other threads are currently calling into gRPC, skipping fork() handlers
E0626 00:02:02.258644   48622 completion_queue.cc:800] Kick failed: UNKNOWN:eventfd_write: Bad file descriptor (9)
I0626 00:02:03.331338   48381 fork_posix.cc:71] Other threads are currently calling into gRPC, skipping fork() handlers
I0626 00:02:04.985870   48381 fork_posix.cc:71] Other threads are currently calling into gRPC, skipping fork() handlers
I0626 00:02:06.123736   48381 fork_posix.cc:71] Other threads are currently calling into gRPC, skipping fork() handlers
I0626 00:02:07.268935   48381 fork_posix.cc:71] Other threads are currently calling into gRPC, skipping fork() handlers
E0626 00:02:07.313103   48775 completion_queue.cc:800] Kick failed: UNKNOWN:eventfd_write: Bad file descriptor (9)
I0626 00:02:08.804095   48381 fork_posix.cc:71] Other threads are currently calling into gRPC, skipping fork() handlers
E0626 00:02:08.851649   48804 ev_epoll1_linux.cc:309] epoll_ctl failed: Bad file descriptor (9)
I0626 00:02:09.940227   48381 fork_posix.cc:71] Other threads are currently calling into gRPC, skipping fork() handlers
I0626 00:02:11.061538   48381 fork_posix.cc:71] Other threads are currently calling into gRPC, skipping fork() handlers
I0626 00:02:12.888917   48381 fork_posix.cc:71] Other threads are currently calling into gRPC, skipping fork() handlers
I0626 00:02:14.020225   48381 fork_posix.cc:71] Other threads are currently calling into gRPC, skipping fork() handlers
I0626 00:02:15.139546   48381 fork_posix.cc:71] Other threads are currently calling into gRPC, skipping fork() handlers
E0626 00:02:15.184183   49006 completion_queue.cc:800] Kick failed: UNKNOWN:eventfd_write: Bad file descriptor (9)
I0626 00:02:16.259646   48381 fork_posix.cc:71] Other threads are currently calling into gRPC, skipping fork() handlers
E0626 00:02:16.303773   49044 completion_queue.cc:800] Kick failed: UNKNOWN:eventfd_write: Bad file descriptor (9)
I0626 00:02:17.625684   48381 fork_posix.cc:71] Other threads are currently calling into gRPC, skipping fork() handlers
E0626 00:02:17.670127   49084 completion_queue.cc:800] Kick failed: UNKNOWN:eventfd_write: Bad file descriptor (9)
I0626 00:02:18.742921   48381 fork_posix.cc:71] Other threads are currently calling into gRPC, skipping fork() handlers
E0626 00:02:18.787204   49121 completion_queue.cc:800] Kick failed: UNKNOWN:eventfd_write: Bad file descriptor (9)
I0626 00:02:19.859992   48381 fork_posix.cc:71] Other threads are currently calling into gRPC, skipping fork() handlers
E0626 00:02:19.924089   49160 ev_epoll1_linux.cc:309] epoll_ctl failed: Bad file descriptor (9)
E0626 00:02:19.924150   49160 ev_epoll1_linux.cc:309] epoll_ctl failed: Bad file descriptor (9)
I0626 00:02:21.247666   48381 fork_posix.cc:71] Other threads are currently calling into gRPC, skipping fork() handlers
I0626 00:02:22.930040   48381 fork_posix.cc:71] Other threads are currently calling into gRPC, skipping fork() handlers
E0626 00:02:22.974055   49238 completion_queue.cc:800] Kick failed: UNKNOWN:eventfd_write: Bad file descriptor (9)
I0626 00:02:24.062113   48381 fork_posix.cc:71] Other threads are currently calling into gRPC, skipping fork() handlers
I0626 00:02:25.188982   48381 fork_posix.cc:71] Other threads are currently calling into gRPC, skipping fork() handlers
I0626 00:02:26.306209   48381 fork_posix.cc:71] Other threads are currently calling into gRPC, skipping fork() handlers
E0626 00:02:26.350295   49352 completion_queue.cc:800] Kick failed: UNKNOWN:eventfd_write: Bad file descriptor (9)
I0626 00:02:27.423254   48381 fork_posix.cc:71] Other threads are currently calling into gRPC, skipping fork() handlers
E0626 00:02:27.467285   49376 completion_queue.cc:800] Kick failed: UNKNOWN:eventfd_write: Bad file descriptor (9)
I0626 00:02:28.786769   48381 fork_posix.cc:71] Other threads are currently calling into gRPC, skipping fork() handlers
E0626 00:02:28.830384   49431 completion_queue.cc:800] Kick failed: UNKNOWN:eventfd_write: Bad file descriptor (9)
[92mINFO [0m:      Sent reply
[92mINFO [0m:      
[92mINFO [0m:      Received: train message 60f4000c-a4e9-40db-a8a4-dc532c26fc8b
I0626 00:03:50.515234   24294 fork_posix.cc:71] Other threads are currently calling into gRPC, skipping fork() handlers
I0626 00:03:50.555225   49566 fork_posix.cc:71] Other threads are currently calling into gRPC, skipping fork() handlers
I0626 00:03:50.595698   24294 fork_posix.cc:71] Other threads are currently calling into gRPC, skipping fork() handlers
E0626 00:03:50.597086   49625 ev_epoll1_linux.cc:309] epoll_ctl failed: Bad file descriptor (9)
E0626 00:03:50.597187   49625 completion_queue.cc:800] Kick failed: UNKNOWN:eventfd_write: Bad file descriptor (9)
[92mINFO [0m:      Sent reply
[92mINFO [0m:      
[92mINFO [0m:      Received: evaluate message ee209e7d-4859-4f07-b3d6-6196b3a9aa79
I0626 00:09:03.756124   24294 fork_posix.cc:71] Other threads are currently calling into gRPC, skipping fork() handlers
I0626 00:09:03.801026   50053 fork_posix.cc:71] Other threads are currently calling into gRPC, skipping fork() handlers
E0626 00:09:03.845745   50108 completion_queue.cc:800] Kick failed: UNKNOWN:eventfd_write: Bad file descriptor (9)
I0626 00:09:03.846563   24294 fork_posix.cc:71] Other threads are currently calling into gRPC, skipping fork() handlers
E0626 00:09:03.847634   50108 ev_epoll1_linux.cc:309] epoll_ctl failed: Bad file descriptor (9)
I0626 00:09:04.920401   50053 fork_posix.cc:71] Other threads are currently calling into gRPC, skipping fork() handlers
I0626 00:09:06.040896   50053 fork_posix.cc:71] Other threads are currently calling into gRPC, skipping fork() handlers
I0626 00:09:07.199896   50053 fork_posix.cc:71] Other threads are currently calling into gRPC, skipping fork() handlers
I0626 00:09:08.322153   50053 fork_posix.cc:71] Other threads are currently calling into gRPC, skipping fork() handlers
E0626 00:09:08.367776   50332 completion_queue.cc:800] Kick failed: UNKNOWN:eventfd_write: Bad file descriptor (9)
I0626 00:09:09.441917   50053 fork_posix.cc:71] Other threads are currently calling into gRPC, skipping fork() handlers
I0626 00:09:10.562758   50053 fork_posix.cc:71] Other threads are currently calling into gRPC, skipping fork() handlers
E0626 00:09:10.607843   50408 completion_queue.cc:800] Kick failed: UNKNOWN:eventfd_write: Bad file descriptor (9)
I0626 00:09:11.870685   50053 fork_posix.cc:71] Other threads are currently calling into gRPC, skipping fork() handlers
I0626 00:09:12.992747   50053 fork_posix.cc:71] Other threads are currently calling into gRPC, skipping fork() handlers
E0626 00:09:13.037766   50487 completion_queue.cc:800] Kick failed: UNKNOWN:eventfd_write: Bad file descriptor (9)
I0626 00:09:14.135087   50053 fork_posix.cc:71] Other threads are currently calling into gRPC, skipping fork() handlers
E0626 00:09:14.205087   50525 completion_queue.cc:800] Kick failed: UNKNOWN:eventfd_write: Bad file descriptor (9)
E0626 00:09:14.206993   50531 ev_epoll1_linux.cc:309] epoll_ctl failed: Bad file descriptor (9)
E0626 00:09:14.207024   50531 ev_epoll1_linux.cc:309] epoll_ctl failed: Bad file descriptor (9)
I0626 00:09:15.287208   50053 fork_posix.cc:71] Other threads are currently calling into gRPC, skipping fork() handlers
I0626 00:09:16.407539   50053 fork_posix.cc:71] Other threads are currently calling into gRPC, skipping fork() handlers
I0626 00:09:17.984308   50053 fork_posix.cc:71] Other threads are currently calling into gRPC, skipping fork() handlers
E0626 00:09:18.029719   50633 completion_queue.cc:800] Kick failed: UNKNOWN:eventfd_write: Bad file descriptor (9)
I0626 00:09:19.113032   50053 fork_posix.cc:71] Other threads are currently calling into gRPC, skipping fork() handlers
I0626 00:09:20.928428   50053 fork_posix.cc:71] Other threads are currently calling into gRPC, skipping fork() handlers
I0626 00:09:22.048468   50053 fork_posix.cc:71] Other threads are currently calling into gRPC, skipping fork() handlers
E0626 00:09:22.093845   50753 completion_queue.cc:800] Kick failed: UNKNOWN:eventfd_write: Bad file descriptor (9)
I0626 00:09:23.186276   50053 fork_posix.cc:71] Other threads are currently calling into gRPC, skipping fork() handlers
I0626 00:09:24.305860   50053 fork_posix.cc:71] Other threads are currently calling into gRPC, skipping fork() handlers
E0626 00:09:24.353129   50829 ev_epoll1_linux.cc:309] epoll_ctl failed: Bad file descriptor (9)
E0626 00:09:24.353190   50829 ev_epoll1_linux.cc:309] epoll_ctl failed: Bad file descriptor (9)
E0626 00:09:24.353249   50829 completion_queue.cc:800] Kick failed: UNKNOWN:eventfd_write: Bad file descriptor (9)
I0626 00:09:25.841894   50053 fork_posix.cc:71] Other threads are currently calling into gRPC, skipping fork() handlers
E0626 00:09:25.887186   50867 completion_queue.cc:800] Kick failed: UNKNOWN:eventfd_write: Bad file descriptor (9)
I0626 00:09:26.965107   50053 fork_posix.cc:71] Other threads are currently calling into gRPC, skipping fork() handlers
I0626 00:09:28.084268   50053 fork_posix.cc:71] Other threads are currently calling into gRPC, skipping fork() handlers
I0626 00:09:29.204653   50053 fork_posix.cc:71] Other threads are currently calling into gRPC, skipping fork() handlers
E0626 00:09:29.249895   50981 completion_queue.cc:800] Kick failed: UNKNOWN:eventfd_write: Bad file descriptor (9)
I0626 00:09:30.655674   50053 fork_posix.cc:71] Other threads are currently calling into gRPC, skipping fork() handlers
E0626 00:09:30.722960   51012 completion_queue.cc:800] Kick failed: UNKNOWN:eventfd_write: Bad file descriptor (9)
I0626 00:09:31.815192   50053 fork_posix.cc:71] Other threads are currently calling into gRPC, skipping fork() handlers
I0626 00:09:32.962379   50053 fork_posix.cc:71] Other threads are currently calling into gRPC, skipping fork() handlers
I0626 00:09:34.082338   50053 fork_posix.cc:71] Other threads are currently calling into gRPC, skipping fork() handlers
[92mINFO [0m:      Sent reply
[92mINFO [0m:      
[92mINFO [0m:      Received: train message ead53e1f-4dc3-461e-8381-77887f7dce95
I0626 00:10:01.658204   24294 fork_posix.cc:71] Other threads are currently calling into gRPC, skipping fork() handlers
I0626 00:10:01.716820   51174 fork_posix.cc:71] Other threads are currently calling into gRPC, skipping fork() handlers
E0626 00:10:01.758335   51235 ev_epoll1_linux.cc:309] epoll_ctl failed: Bad file descriptor (9)
E0626 00:10:01.758443   51235 completion_queue.cc:800] Kick failed: UNKNOWN:eventfd_write: Bad file descriptor (9)
I0626 00:10:01.776008   24294 fork_posix.cc:71] Other threads are currently calling into gRPC, skipping fork() handlers
[92mINFO [0m:      Sent reply
[92mINFO [0m:      
[92mINFO [0m:      Received: evaluate message 16a72b89-1083-469e-96f8-57ab33305cb8
I0626 00:15:18.749522   24294 fork_posix.cc:71] Other threads are currently calling into gRPC, skipping fork() handlers
I0626 00:15:18.793392   52647 fork_posix.cc:71] Other threads are currently calling into gRPC, skipping fork() handlers
E0626 00:15:18.837383   52703 completion_queue.cc:800] Kick failed: UNKNOWN:eventfd_write: Bad file descriptor (9)
E0626 00:15:18.839473   52703 ev_epoll1_linux.cc:309] epoll_ctl failed: Bad file descriptor (9)
E0626 00:15:18.839497   52703 ev_epoll1_linux.cc:309] epoll_ctl failed: Bad file descriptor (9)
I0626 00:15:18.857348   24294 fork_posix.cc:71] Other threads are currently calling into gRPC, skipping fork() handlers
[92mINFO [0m:      Sent reply
[92mINFO [0m:      
[92mINFO [0m:      Received: train message c00c7e4e-ba35-4c26-900f-4dd86463a3c0
I0626 00:16:10.166874   24294 fork_posix.cc:71] Other threads are currently calling into gRPC, skipping fork() handlers
I0626 00:16:10.208510   52834 fork_posix.cc:71] Other threads are currently calling into gRPC, skipping fork() handlers
I0626 00:16:10.250810   24294 fork_posix.cc:71] Other threads are currently calling into gRPC, skipping fork() handlers
E0626 00:16:10.252224   52890 ev_epoll1_linux.cc:309] epoll_ctl failed: Bad file descriptor (9)
E0626 00:16:10.252325   52890 completion_queue.cc:800] Kick failed: UNKNOWN:eventfd_write: Bad file descriptor (9)
[92mINFO [0m:      Sent reply
[92mINFO [0m:      
[92mINFO [0m:      Received: evaluate message 2ec472c0-0e97-4f86-9233-7bcca76b1213
I0626 00:21:18.932963   24294 fork_posix.cc:71] Other threads are currently calling into gRPC, skipping fork() handlers
I0626 00:21:18.997816   53322 fork_posix.cc:71] Other threads are currently calling into gRPC, skipping fork() handlers
I0626 00:21:19.042261   24294 fork_posix.cc:71] Other threads are currently calling into gRPC, skipping fork() handlers
E0626 00:21:19.044283   53382 ev_epoll1_linux.cc:309] epoll_ctl failed: Bad file descriptor (9)
E0626 00:21:19.044335   53382 ev_epoll1_linux.cc:309] epoll_ctl failed: Bad file descriptor (9)
E0626 00:21:19.044394   53382 completion_queue.cc:800] Kick failed: UNKNOWN:eventfd_write: Bad file descriptor (9)
I0626 00:21:20.116427   53322 fork_posix.cc:71] Other threads are currently calling into gRPC, skipping fork() handlers
I0626 00:21:21.235088   53322 fork_posix.cc:71] Other threads are currently calling into gRPC, skipping fork() handlers
E0626 00:21:21.280742   53526 completion_queue.cc:800] Kick failed: UNKNOWN:eventfd_write: Bad file descriptor (9)
I0626 00:21:22.355613   53322 fork_posix.cc:71] Other threads are currently calling into gRPC, skipping fork() handlers
I0626 00:21:23.482229   53322 fork_posix.cc:71] Other threads are currently calling into gRPC, skipping fork() handlers
E0626 00:21:23.527753   53601 completion_queue.cc:800] Kick failed: UNKNOWN:eventfd_write: Bad file descriptor (9)
I0626 00:21:24.622092   53322 fork_posix.cc:71] Other threads are currently calling into gRPC, skipping fork() handlers
I0626 00:21:25.743758   53322 fork_posix.cc:71] Other threads are currently calling into gRPC, skipping fork() handlers
I0626 00:21:27.402971   53322 fork_posix.cc:71] Other threads are currently calling into gRPC, skipping fork() handlers
I0626 00:21:28.938408   53322 fork_posix.cc:71] Other threads are currently calling into gRPC, skipping fork() handlers
E0626 00:21:28.983699   53754 completion_queue.cc:800] Kick failed: UNKNOWN:eventfd_write: Bad file descriptor (9)
I0626 00:21:30.072986   53322 fork_posix.cc:71] Other threads are currently calling into gRPC, skipping fork() handlers
E0626 00:21:30.118617   53792 completion_queue.cc:800] Kick failed: UNKNOWN:eventfd_write: Bad file descriptor (9)
E0626 00:21:30.120481   53792 ev_epoll1_linux.cc:309] epoll_ctl failed: Bad file descriptor (9)
I0626 00:21:31.734819   53322 fork_posix.cc:71] Other threads are currently calling into gRPC, skipping fork() handlers
E0626 00:21:31.780661   53830 completion_queue.cc:800] Kick failed: UNKNOWN:eventfd_write: Bad file descriptor (9)
I0626 00:21:32.875052   53322 fork_posix.cc:71] Other threads are currently calling into gRPC, skipping fork() handlers
I0626 00:21:33.998278   53322 fork_posix.cc:71] Other threads are currently calling into gRPC, skipping fork() handlers
I0626 00:21:35.365097   53322 fork_posix.cc:71] Other threads are currently calling into gRPC, skipping fork() handlers
E0626 00:21:35.411215   53938 completion_queue.cc:800] Kick failed: UNKNOWN:eventfd_write: Bad file descriptor (9)
I0626 00:21:36.502788   53322 fork_posix.cc:71] Other threads are currently calling into gRPC, skipping fork() handlers
I0626 00:21:37.623148   53322 fork_posix.cc:71] Other threads are currently calling into gRPC, skipping fork() handlers
I0626 00:21:38.744329   53322 fork_posix.cc:71] Other threads are currently calling into gRPC, skipping fork() handlers
E0626 00:21:38.790136   54058 completion_queue.cc:800] Kick failed: UNKNOWN:eventfd_write: Bad file descriptor (9)
I0626 00:21:39.895146   53322 fork_posix.cc:71] Other threads are currently calling into gRPC, skipping fork() handlers
E0626 00:21:39.940700   54097 completion_queue.cc:800] Kick failed: UNKNOWN:eventfd_write: Bad file descriptor (9)
I0626 00:21:41.056691   53322 fork_posix.cc:71] Other threads are currently calling into gRPC, skipping fork() handlers
E0626 00:21:41.109451   54129 completion_queue.cc:800] Kick failed: UNKNOWN:eventfd_write: Bad file descriptor (9)
E0626 00:21:41.111368   54141 ev_epoll1_linux.cc:309] epoll_ctl failed: Bad file descriptor (9)
I0626 00:21:42.197242   53322 fork_posix.cc:71] Other threads are currently calling into gRPC, skipping fork() handlers
E0626 00:21:42.251930   54173 completion_queue.cc:800] Kick failed: UNKNOWN:eventfd_write: Bad file descriptor (9)
I0626 00:21:43.377593   53322 fork_posix.cc:71] Other threads are currently calling into gRPC, skipping fork() handlers
E0626 00:21:43.423815   54211 completion_queue.cc:800] Kick failed: UNKNOWN:eventfd_write: Bad file descriptor (9)
I0626 00:21:44.912392   53322 fork_posix.cc:71] Other threads are currently calling into gRPC, skipping fork() handlers
E0626 00:21:44.957972   54231 completion_queue.cc:800] Kick failed: UNKNOWN:eventfd_write: Bad file descriptor (9)
I0626 00:21:46.279903   53322 fork_posix.cc:71] Other threads are currently calling into gRPC, skipping fork() handlers
E0626 00:21:46.324866   54289 completion_queue.cc:800] Kick failed: UNKNOWN:eventfd_write: Bad file descriptor (9)
[92mINFO [0m:      Sent reply
[92mINFO [0m:      
[92mINFO [0m:      Received: train message a4724457-307e-4949-9e7c-dc5220ac5d4d
I0626 00:22:12.757243   24294 fork_posix.cc:71] Other threads are currently calling into gRPC, skipping fork() handlers
I0626 00:22:12.816645   54325 fork_posix.cc:71] Other threads are currently calling into gRPC, skipping fork() handlers
I0626 00:22:12.855309   24294 fork_posix.cc:71] Other threads are currently calling into gRPC, skipping fork() handlers
E0626 00:22:12.857585   54385 ev_epoll1_linux.cc:309] epoll_ctl failed: Bad file descriptor (9)
E0626 00:22:12.857688   54385 completion_queue.cc:800] Kick failed: UNKNOWN:eventfd_write: Bad file descriptor (9)
[92mINFO [0m:      Sent reply
[92mINFO [0m:      
[92mINFO [0m:      Received: evaluate message c39fef41-66e1-46b0-9f5d-15b247312743
I0626 00:27:46.407846   24294 fork_posix.cc:71] Other threads are currently calling into gRPC, skipping fork() handlers
I0626 00:27:46.471240   54840 fork_posix.cc:71] Other threads are currently calling into gRPC, skipping fork() handlers
I0626 00:27:46.513911   24294 fork_posix.cc:71] Other threads are currently calling into gRPC, skipping fork() handlers
E0626 00:27:46.514181   54896 completion_queue.cc:800] Kick failed: UNKNOWN:eventfd_write: Bad file descriptor (9)
E0626 00:27:46.516131   54896 ev_epoll1_linux.cc:309] epoll_ctl failed: Bad file descriptor (9)
[92mINFO [0m:      Sent reply
[92mINFO [0m:      
[92mINFO [0m:      Received: train message e6607224-4083-4b82-9569-0fdc2c866b0f
I0626 00:28:37.215199   24294 fork_posix.cc:71] Other threads are currently calling into gRPC, skipping fork() handlers
I0626 00:28:37.271514   55032 fork_posix.cc:71] Other threads are currently calling into gRPC, skipping fork() handlers
I0626 00:28:37.308687   24294 fork_posix.cc:71] Other threads are currently calling into gRPC, skipping fork() handlers
E0626 00:28:37.310091   55088 ev_epoll1_linux.cc:309] epoll_ctl failed: Bad file descriptor (9)
E0626 00:28:37.310189   55088 completion_queue.cc:800] Kick failed: UNKNOWN:eventfd_write: Bad file descriptor (9)
[92mINFO [0m:      Sent reply
[92mINFO [0m:      
[92mINFO [0m:      Received: evaluate message 713a8dc0-e245-4103-9428-32a849d5d043
I0626 00:33:54.348205   24294 fork_posix.cc:71] Other threads are currently calling into gRPC, skipping fork() handlers
I0626 00:33:54.392249   55623 fork_posix.cc:71] Other threads are currently calling into gRPC, skipping fork() handlers
I0626 00:33:54.435635   24294 fork_posix.cc:71] Other threads are currently calling into gRPC, skipping fork() handlers
E0626 00:33:54.437561   55679 ev_epoll1_linux.cc:309] epoll_ctl failed: Bad file descriptor (9)
E0626 00:33:54.437668   55679 completion_queue.cc:800] Kick failed: UNKNOWN:eventfd_write: Bad file descriptor (9)
[92mINFO [0m:      Sent reply
[92mINFO [0m:      
[92mINFO [0m:      Received: train message e2dfe92c-b710-489c-806a-67877f0feda4
I0626 00:34:45.384223   24294 fork_posix.cc:71] Other threads are currently calling into gRPC, skipping fork() handlers
I0626 00:34:45.424138   55818 fork_posix.cc:71] Other threads are currently calling into gRPC, skipping fork() handlers
I0626 00:34:45.464097   24294 fork_posix.cc:71] Other threads are currently calling into gRPC, skipping fork() handlers
E0626 00:34:45.465441   55877 ev_epoll1_linux.cc:309] epoll_ctl failed: Bad file descriptor (9)
E0626 00:34:45.465542   55877 completion_queue.cc:800] Kick failed: UNKNOWN:eventfd_write: Bad file descriptor (9)
[92mINFO [0m:      Sent reply
[92mINFO [0m:      
[92mINFO [0m:      Received: evaluate message f462d4a9-4000-4fb4-bf62-7f5a0fb755f9
I0626 00:40:00.479304   24294 fork_posix.cc:71] Other threads are currently calling into gRPC, skipping fork() handlers
I0626 00:40:00.525018   56298 fork_posix.cc:71] Other threads are currently calling into gRPC, skipping fork() handlers
I0626 00:40:00.569250   24294 fork_posix.cc:71] Other threads are currently calling into gRPC, skipping fork() handlers
E0626 00:40:00.569309   56352 completion_queue.cc:800] Kick failed: UNKNOWN:eventfd_write: Bad file descriptor (9)
E0626 00:40:00.571897   56352 ev_epoll1_linux.cc:309] epoll_ctl failed: Bad file descriptor (9)
E0626 00:40:00.571926   56352 ev_epoll1_linux.cc:309] epoll_ctl failed: Bad file descriptor (9)
[92mINFO [0m:      Sent reply
[92mINFO [0m:      
[92mINFO [0m:      Received: train message 9940b3e6-b41a-4861-8529-4c905fa694f0
I0626 00:40:52.605521   24294 fork_posix.cc:71] Other threads are currently calling into gRPC, skipping fork() handlers
I0626 00:40:52.645886   56498 fork_posix.cc:71] Other threads are currently calling into gRPC, skipping fork() handlers
I0626 00:40:52.684771   24294 fork_posix.cc:71] Other threads are currently calling into gRPC, skipping fork() handlers
E0626 00:40:52.686842   56554 ev_epoll1_linux.cc:309] epoll_ctl failed: Bad file descriptor (9)
E0626 00:40:52.686938   56554 completion_queue.cc:800] Kick failed: UNKNOWN:eventfd_write: Bad file descriptor (9)
[92mINFO [0m:      Sent reply
[92mINFO [0m:      
[92mINFO [0m:      Received: evaluate message 2903aa07-0ab2-4953-b27e-314acf29653b
I0626 00:46:08.459563   24294 fork_posix.cc:71] Other threads are currently calling into gRPC, skipping fork() handlers
I0626 00:46:08.505391   57962 fork_posix.cc:71] Other threads are currently calling into gRPC, skipping fork() handlers
I0626 00:46:08.550109   24294 fork_posix.cc:71] Other threads are currently calling into gRPC, skipping fork() handlers
E0626 00:46:08.552186   58019 ev_epoll1_linux.cc:309] epoll_ctl failed: Bad file descriptor (9)
E0626 00:46:08.552283   58019 completion_queue.cc:800] Kick failed: UNKNOWN:eventfd_write: Bad file descriptor (9)
[92mINFO [0m:      Sent reply
[92mINFO [0m:      
[92mINFO [0m:      Received: train message ecca02dc-d126-46f3-b9d7-ce114d31a153
I0626 00:47:06.892637   58171 fork_posix.cc:71] Other threads are currently calling into gRPC, skipping fork() handlers
I0626 00:47:06.931483   24294 fork_posix.cc:71] Other threads are currently calling into gRPC, skipping fork() handlers
E0626 00:47:06.932007   58200 completion_queue.cc:800] Kick failed: UNKNOWN:eventfd_write: Bad file descriptor (9)
E0626 00:47:06.933912   58200 ev_epoll1_linux.cc:309] epoll_ctl failed: Bad file descriptor (9)
E0626 00:47:06.933938   58200 ev_epoll1_linux.cc:309] epoll_ctl failed: Bad file descriptor (9)
I0626 00:47:06.990677   24294 fork_posix.cc:71] Other threads are currently calling into gRPC, skipping fork() handlers
[92mINFO [0m:      Sent reply
[92mINFO [0m:      
[92mINFO [0m:      Received: evaluate message c4a39ee8-32f7-4fab-b9dd-14aad420c9a5
I0626 00:52:43.361630   24294 fork_posix.cc:71] Other threads are currently calling into gRPC, skipping fork() handlers
I0626 00:52:43.405692   58705 fork_posix.cc:71] Other threads are currently calling into gRPC, skipping fork() handlers
I0626 00:52:43.448982   24294 fork_posix.cc:71] Other threads are currently calling into gRPC, skipping fork() handlers
E0626 00:52:43.450560   58762 ev_epoll1_linux.cc:309] epoll_ctl failed: Bad file descriptor (9)
[92mINFO [0m:      Sent reply
[92mINFO [0m:      
[92mINFO [0m:      Received: train message 11cbb3b0-d21a-4075-88d6-c28543105753
I0626 00:53:35.274058   24294 fork_posix.cc:71] Other threads are currently calling into gRPC, skipping fork() handlers
I0626 00:53:35.314366   58894 fork_posix.cc:71] Other threads are currently calling into gRPC, skipping fork() handlers
I0626 00:53:35.354119   24294 fork_posix.cc:71] Other threads are currently calling into gRPC, skipping fork() handlers
E0626 00:53:35.356125   58953 ev_epoll1_linux.cc:309] epoll_ctl failed: Bad file descriptor (9)
E0626 00:53:35.356231   58953 completion_queue.cc:800] Kick failed: UNKNOWN:eventfd_write: Bad file descriptor (9)
[92mINFO [0m:      Sent reply
[92mINFO [0m:      
[92mINFO [0m:      Received: evaluate message 83380da9-08d3-4ee0-b5c1-8a34c8f4037a
I0626 00:59:29.729187   24294 fork_posix.cc:71] Other threads are currently calling into gRPC, skipping fork() handlers
I0626 00:59:29.773535   59419 fork_posix.cc:71] Other threads are currently calling into gRPC, skipping fork() handlers
I0626 00:59:29.817089   24294 fork_posix.cc:71] Other threads are currently calling into gRPC, skipping fork() handlers
E0626 00:59:29.817151   59475 completion_queue.cc:800] Kick failed: UNKNOWN:eventfd_write: Bad file descriptor (9)
E0626 00:59:29.818977   59475 ev_epoll1_linux.cc:309] epoll_ctl failed: Bad file descriptor (9)
E0626 00:59:29.819001   59475 ev_epoll1_linux.cc:309] epoll_ctl failed: Bad file descriptor (9)
[92mINFO [0m:      Sent reply
[92mINFO [0m:      
[92mINFO [0m:      Received: train message 17f43a4a-b22e-4748-8b06-14e3b3521e0d
I0626 01:00:20.141566   24294 fork_posix.cc:71] Other threads are currently calling into gRPC, skipping fork() handlers
I0626 01:00:20.181397   59633 fork_posix.cc:71] Other threads are currently calling into gRPC, skipping fork() handlers
I0626 01:00:20.221396   24294 fork_posix.cc:71] Other threads are currently calling into gRPC, skipping fork() handlers
E0626 01:00:20.222797   59690 ev_epoll1_linux.cc:309] epoll_ctl failed: Bad file descriptor (9)
E0626 01:00:20.222901   59690 completion_queue.cc:800] Kick failed: UNKNOWN:eventfd_write: Bad file descriptor (9)
[92mINFO [0m:      Sent reply
[92mINFO [0m:      
[92mINFO [0m:      Received: evaluate message 22008ef9-7f53-4a55-bc58-499e139209a4
I0626 01:05:58.559100   24294 fork_posix.cc:71] Other threads are currently calling into gRPC, skipping fork() handlers
I0626 01:05:58.623263   60166 fork_posix.cc:71] Other threads are currently calling into gRPC, skipping fork() handlers
I0626 01:05:58.667071   24294 fork_posix.cc:71] Other threads are currently calling into gRPC, skipping fork() handlers
E0626 01:05:58.667311   60223 completion_queue.cc:800] Kick failed: UNKNOWN:eventfd_write: Bad file descriptor (9)
E0626 01:05:58.669200   60223 ev_epoll1_linux.cc:309] epoll_ctl failed: Bad file descriptor (9)
[92mINFO [0m:      Sent reply
[92mINFO [0m:      
[92mINFO [0m:      Received: train message 25d38d76-fc8d-41fa-b80f-c6b84f011d2b
I0626 01:06:49.214152   24294 fork_posix.cc:71] Other threads are currently calling into gRPC, skipping fork() handlers
I0626 01:06:49.253882   60403 fork_posix.cc:71] Other threads are currently calling into gRPC, skipping fork() handlers
I0626 01:06:49.294099   24294 fork_posix.cc:71] Other threads are currently calling into gRPC, skipping fork() handlers
E0626 01:06:49.295583   60460 ev_epoll1_linux.cc:309] epoll_ctl failed: Bad file descriptor (9)
E0626 01:06:49.295696   60460 completion_queue.cc:800] Kick failed: UNKNOWN:eventfd_write: Bad file descriptor (9)
[92mINFO [0m:      Sent reply
[92mINFO [0m:      
[92mINFO [0m:      Received: evaluate message f4fa96d9-bfe9-42ba-9cfc-36b60e22b5b5
I0626 01:12:08.483159   24294 fork_posix.cc:71] Other threads are currently calling into gRPC, skipping fork() handlers
I0626 01:12:08.545950   60890 fork_posix.cc:71] Other threads are currently calling into gRPC, skipping fork() handlers
I0626 01:12:08.588226   24294 fork_posix.cc:71] Other threads are currently calling into gRPC, skipping fork() handlers
E0626 01:12:08.588653   60946 completion_queue.cc:800] Kick failed: UNKNOWN:eventfd_write: Bad file descriptor (9)
E0626 01:12:08.590586   60950 ev_epoll1_linux.cc:309] epoll_ctl failed: Bad file descriptor (9)
[92mINFO [0m:      Sent reply
[92mINFO [0m:      
[92mINFO [0m:      Received: train message fdcbfeb9-07a0-4cc9-8415-6098b8cd6011
I0626 01:12:59.456906   24294 fork_posix.cc:71] Other threads are currently calling into gRPC, skipping fork() handlers
I0626 01:12:59.496640   61093 fork_posix.cc:71] Other threads are currently calling into gRPC, skipping fork() handlers
E0626 01:12:59.538648   61149 ev_epoll1_linux.cc:309] epoll_ctl failed: Bad file descriptor (9)
E0626 01:12:59.538746   61149 completion_queue.cc:800] Kick failed: UNKNOWN:eventfd_write: Bad file descriptor (9)
I0626 01:12:59.556225   24294 fork_posix.cc:71] Other threads are currently calling into gRPC, skipping fork() handlers
[92mINFO [0m:      Sent reply
[92mINFO [0m:      
[92mINFO [0m:      Received: evaluate message c724e458-814d-44cf-934b-bbdfcbb35fc9
I0626 01:18:17.027741   24294 fork_posix.cc:71] Other threads are currently calling into gRPC, skipping fork() handlers
I0626 01:18:17.072056   62639 fork_posix.cc:71] Other threads are currently calling into gRPC, skipping fork() handlers
E0626 01:18:17.115200   62695 completion_queue.cc:800] Kick failed: UNKNOWN:eventfd_write: Bad file descriptor (9)
E0626 01:18:17.117093   62698 ev_epoll1_linux.cc:309] epoll_ctl failed: Bad file descriptor (9)
E0626 01:18:17.117119   62698 ev_epoll1_linux.cc:309] epoll_ctl failed: Bad file descriptor (9)
I0626 01:18:17.134131   24294 fork_posix.cc:71] Other threads are currently calling into gRPC, skipping fork() handlers
I0626 01:18:18.196019   62639 fork_posix.cc:71] Other threads are currently calling into gRPC, skipping fork() handlers
I0626 01:18:19.312088   62639 fork_posix.cc:71] Other threads are currently calling into gRPC, skipping fork() handlers
E0626 01:18:19.355981   62842 completion_queue.cc:800] Kick failed: UNKNOWN:eventfd_write: Bad file descriptor (9)
I0626 01:18:20.433117   62639 fork_posix.cc:71] Other threads are currently calling into gRPC, skipping fork() handlers
I0626 01:18:21.556646   62639 fork_posix.cc:71] Other threads are currently calling into gRPC, skipping fork() handlers
E0626 01:18:21.600066   62920 completion_queue.cc:800] Kick failed: UNKNOWN:eventfd_write: Bad file descriptor (9)
I0626 01:18:22.687284   62639 fork_posix.cc:71] Other threads are currently calling into gRPC, skipping fork() handlers
I0626 01:18:23.804419   62639 fork_posix.cc:71] Other threads are currently calling into gRPC, skipping fork() handlers
E0626 01:18:23.848669   62997 completion_queue.cc:800] Kick failed: UNKNOWN:eventfd_write: Bad file descriptor (9)
I0626 01:18:24.923014   62639 fork_posix.cc:71] Other threads are currently calling into gRPC, skipping fork() handlers
I0626 01:18:26.041067   62639 fork_posix.cc:71] Other threads are currently calling into gRPC, skipping fork() handlers
E0626 01:18:26.084781   63072 completion_queue.cc:800] Kick failed: UNKNOWN:eventfd_write: Bad file descriptor (9)
I0626 01:18:27.159640   62639 fork_posix.cc:71] Other threads are currently calling into gRPC, skipping fork() handlers
E0626 01:18:27.205033   63111 ev_epoll1_linux.cc:309] epoll_ctl failed: Bad file descriptor (9)
I0626 01:18:28.524632   62639 fork_posix.cc:71] Other threads are currently calling into gRPC, skipping fork() handlers
I0626 01:18:29.653302   62639 fork_posix.cc:71] Other threads are currently calling into gRPC, skipping fork() handlers
E0626 01:18:29.696774   63191 completion_queue.cc:800] Kick failed: UNKNOWN:eventfd_write: Bad file descriptor (9)
I0626 01:18:30.772854   62639 fork_posix.cc:71] Other threads are currently calling into gRPC, skipping fork() handlers
I0626 01:18:31.892978   62639 fork_posix.cc:71] Other threads are currently calling into gRPC, skipping fork() handlers
E0626 01:18:31.936299   63267 completion_queue.cc:800] Kick failed: UNKNOWN:eventfd_write: Bad file descriptor (9)
I0626 01:18:33.010270   62639 fork_posix.cc:71] Other threads are currently calling into gRPC, skipping fork() handlers
I0626 01:18:34.131841   62639 fork_posix.cc:71] Other threads are currently calling into gRPC, skipping fork() handlers
E0626 01:18:34.175548   63343 completion_queue.cc:800] Kick failed: UNKNOWN:eventfd_write: Bad file descriptor (9)
I0626 01:18:35.251181   62639 fork_posix.cc:71] Other threads are currently calling into gRPC, skipping fork() handlers
I0626 01:18:36.369211   62639 fork_posix.cc:71] Other threads are currently calling into gRPC, skipping fork() handlers
E0626 01:18:36.412994   63419 completion_queue.cc:800] Kick failed: UNKNOWN:eventfd_write: Bad file descriptor (9)
I0626 01:18:37.490285   62639 fork_posix.cc:71] Other threads are currently calling into gRPC, skipping fork() handlers
E0626 01:18:37.536117   63458 ev_epoll1_linux.cc:309] epoll_ctl failed: Bad file descriptor (9)
I0626 01:18:38.610594   62639 fork_posix.cc:71] Other threads are currently calling into gRPC, skipping fork() handlers
E0626 01:18:38.655019   63494 completion_queue.cc:800] Kick failed: UNKNOWN:eventfd_write: Bad file descriptor (9)
I0626 01:18:39.728256   62639 fork_posix.cc:71] Other threads are currently calling into gRPC, skipping fork() handlers
I0626 01:18:40.851055   62639 fork_posix.cc:71] Other threads are currently calling into gRPC, skipping fork() handlers
E0626 01:18:40.895401   63572 completion_queue.cc:800] Kick failed: UNKNOWN:eventfd_write: Bad file descriptor (9)
I0626 01:18:41.970554   62639 fork_posix.cc:71] Other threads are currently calling into gRPC, skipping fork() handlers
I0626 01:18:43.638495   62639 fork_posix.cc:71] Other threads are currently calling into gRPC, skipping fork() handlers
E0626 01:18:43.682832   63648 completion_queue.cc:800] Kick failed: UNKNOWN:eventfd_write: Bad file descriptor (9)
I0626 01:18:44.755075   62639 fork_posix.cc:71] Other threads are currently calling into gRPC, skipping fork() handlers
I0626 01:18:45.873541   62639 fork_posix.cc:71] Other threads are currently calling into gRPC, skipping fork() handlers
I0626 01:18:46.989857   62639 fork_posix.cc:71] Other threads are currently calling into gRPC, skipping fork() handlers
E0626 01:18:47.033511   63762 completion_queue.cc:800] Kick failed: UNKNOWN:eventfd_write: Bad file descriptor (9)
I0626 01:18:48.104365   62639 fork_posix.cc:71] Other threads are currently calling into gRPC, skipping fork() handlers
E0626 01:18:48.148037   63801 completion_queue.cc:800] Kick failed: UNKNOWN:eventfd_write: Bad file descriptor (9)
E0626 01:18:48.149950   63801 ev_epoll1_linux.cc:309] epoll_ctl failed: Bad file descriptor (9)
[92mINFO [0m:      Sent reply
[92mINFO [0m:      
[92mINFO [0m:      Received: train message d13a1339-a5cc-493c-a27d-b31b9869c2c8
I0626 01:19:08.931813   24294 fork_posix.cc:71] Other threads are currently calling into gRPC, skipping fork() handlers
I0626 01:19:08.971251   63833 fork_posix.cc:71] Other threads are currently calling into gRPC, skipping fork() handlers
E0626 01:19:09.010681   63888 completion_queue.cc:800] Kick failed: UNKNOWN:eventfd_write: Bad file descriptor (9)
E0626 01:19:09.012546   63888 ev_epoll1_linux.cc:309] epoll_ctl failed: Bad file descriptor (9)
E0626 01:19:09.012572   63888 ev_epoll1_linux.cc:309] epoll_ctl failed: Bad file descriptor (9)
I0626 01:19:09.030440   24294 fork_posix.cc:71] Other threads are currently calling into gRPC, skipping fork() handlers
[92mINFO [0m:      Sent reply
[92mINFO [0m:      
[92mINFO [0m:      Received: evaluate message e0c00bfc-c53c-4bd6-bc3a-8f8fe0b61be4
I0626 01:24:43.190317   24294 fork_posix.cc:71] Other threads are currently calling into gRPC, skipping fork() handlers
I0626 01:24:43.234547   64342 fork_posix.cc:71] Other threads are currently calling into gRPC, skipping fork() handlers
E0626 01:24:43.277417   64398 completion_queue.cc:800] Kick failed: UNKNOWN:eventfd_write: Bad file descriptor (9)
E0626 01:24:43.279269   64398 ev_epoll1_linux.cc:309] epoll_ctl failed: Bad file descriptor (9)
I0626 01:24:43.296336   24294 fork_posix.cc:71] Other threads are currently calling into gRPC, skipping fork() handlers
I0626 01:24:44.359192   64342 fork_posix.cc:71] Other threads are currently calling into gRPC, skipping fork() handlers
I0626 01:24:45.503083   64342 fork_posix.cc:71] Other threads are currently calling into gRPC, skipping fork() handlers
E0626 01:24:45.571927   64545 completion_queue.cc:800] Kick failed: UNKNOWN:eventfd_write: Bad file descriptor (9)
I0626 01:24:46.677526   64342 fork_posix.cc:71] Other threads are currently calling into gRPC, skipping fork() handlers
E0626 01:24:46.746706   64582 completion_queue.cc:800] Kick failed: UNKNOWN:eventfd_write: Bad file descriptor (9)
I0626 01:24:47.821568   64342 fork_posix.cc:71] Other threads are currently calling into gRPC, skipping fork() handlers
I0626 01:24:48.941630   64342 fork_posix.cc:71] Other threads are currently calling into gRPC, skipping fork() handlers
E0626 01:24:48.985600   64659 completion_queue.cc:800] Kick failed: UNKNOWN:eventfd_write: Bad file descriptor (9)
I0626 01:24:50.059140   64342 fork_posix.cc:71] Other threads are currently calling into gRPC, skipping fork() handlers
I0626 01:24:51.177490   64342 fork_posix.cc:71] Other threads are currently calling into gRPC, skipping fork() handlers
E0626 01:24:51.221671   64735 completion_queue.cc:800] Kick failed: UNKNOWN:eventfd_write: Bad file descriptor (9)
I0626 01:24:52.295902   64342 fork_posix.cc:71] Other threads are currently calling into gRPC, skipping fork() handlers
I0626 01:24:53.483722   64342 fork_posix.cc:71] Other threads are currently calling into gRPC, skipping fork() handlers
E0626 01:24:53.528847   64811 ev_epoll1_linux.cc:309] epoll_ctl failed: Bad file descriptor (9)
E0626 01:24:53.528957   64811 completion_queue.cc:800] Kick failed: UNKNOWN:eventfd_write: Bad file descriptor (9)
I0626 01:24:54.604705   64342 fork_posix.cc:71] Other threads are currently calling into gRPC, skipping fork() handlers
E0626 01:24:54.648211   64849 completion_queue.cc:800] Kick failed: UNKNOWN:eventfd_write: Bad file descriptor (9)
I0626 01:24:55.721744   64342 fork_posix.cc:71] Other threads are currently calling into gRPC, skipping fork() handlers
I0626 01:24:56.839026   64342 fork_posix.cc:71] Other threads are currently calling into gRPC, skipping fork() handlers
E0626 01:24:56.882268   64926 completion_queue.cc:800] Kick failed: UNKNOWN:eventfd_write: Bad file descriptor (9)
I0626 01:24:57.957271   64342 fork_posix.cc:71] Other threads are currently calling into gRPC, skipping fork() handlers
I0626 01:24:59.074369   64342 fork_posix.cc:71] Other threads are currently calling into gRPC, skipping fork() handlers
E0626 01:24:59.117624   65002 completion_queue.cc:800] Kick failed: UNKNOWN:eventfd_write: Bad file descriptor (9)
I0626 01:25:00.193915   64342 fork_posix.cc:71] Other threads are currently calling into gRPC, skipping fork() handlers
I0626 01:25:01.313931   64342 fork_posix.cc:71] Other threads are currently calling into gRPC, skipping fork() handlers
E0626 01:25:01.357612   65078 completion_queue.cc:800] Kick failed: UNKNOWN:eventfd_write: Bad file descriptor (9)
I0626 01:25:02.432149   64342 fork_posix.cc:71] Other threads are currently calling into gRPC, skipping fork() handlers
I0626 01:25:04.248022   64342 fork_posix.cc:71] Other threads are currently calling into gRPC, skipping fork() handlers
E0626 01:25:04.293893   65155 ev_epoll1_linux.cc:309] epoll_ctl failed: Bad file descriptor (9)
I0626 01:25:05.382892   64342 fork_posix.cc:71] Other threads are currently calling into gRPC, skipping fork() handlers
I0626 01:25:06.513834   64342 fork_posix.cc:71] Other threads are currently calling into gRPC, skipping fork() handlers
E0626 01:25:06.557329   65230 completion_queue.cc:800] Kick failed: UNKNOWN:eventfd_write: Bad file descriptor (9)
I0626 01:25:07.652581   64342 fork_posix.cc:71] Other threads are currently calling into gRPC, skipping fork() handlers
I0626 01:25:08.769649   64342 fork_posix.cc:71] Other threads are currently calling into gRPC, skipping fork() handlers
I0626 01:25:10.207423   64342 fork_posix.cc:71] Other threads are currently calling into gRPC, skipping fork() handlers
E0626 01:25:10.274574   65345 completion_queue.cc:800] Kick failed: UNKNOWN:eventfd_write: Bad file descriptor (9)
I0626 01:25:11.358693   64342 fork_posix.cc:71] Other threads are currently calling into gRPC, skipping fork() handlers
E0626 01:25:11.402553   65367 completion_queue.cc:800] Kick failed: UNKNOWN:eventfd_write: Bad file descriptor (9)
I0626 01:25:12.474425   64342 fork_posix.cc:71] Other threads are currently calling into gRPC, skipping fork() handlers
E0626 01:25:12.517582   65413 completion_queue.cc:800] Kick failed: UNKNOWN:eventfd_write: Bad file descriptor (9)
I0626 01:25:13.589425   64342 fork_posix.cc:71] Other threads are currently calling into gRPC, skipping fork() handlers
E0626 01:25:13.632767   65461 completion_queue.cc:800] Kick failed: UNKNOWN:eventfd_write: Bad file descriptor (9)
I0626 01:25:14.714708   64342 fork_posix.cc:71] Other threads are currently calling into gRPC, skipping fork() handlers
E0626 01:25:14.758056   65501 completion_queue.cc:800] Kick failed: UNKNOWN:eventfd_write: Bad file descriptor (9)
E0626 01:25:14.759939   65501 ev_epoll1_linux.cc:309] epoll_ctl failed: Bad file descriptor (9)
[92mINFO [0m:      Sent reply
[92mINFO [0m:      
[92mINFO [0m:      Received: train message 7eaf89d8-1507-4073-8c00-a7c2e4ffc076
I0626 01:25:38.321143   24294 fork_posix.cc:71] Other threads are currently calling into gRPC, skipping fork() handlers
I0626 01:25:38.360439   65535 fork_posix.cc:71] Other threads are currently calling into gRPC, skipping fork() handlers
E0626 01:25:38.402283     417 ev_epoll1_linux.cc:309] epoll_ctl failed: Bad file descriptor (9)
E0626 01:25:38.402342     417 ev_epoll1_linux.cc:309] epoll_ctl failed: Bad file descriptor (9)
E0626 01:25:38.402400     417 completion_queue.cc:800] Kick failed: UNKNOWN:eventfd_write: Bad file descriptor (9)
I0626 01:25:38.415817   24294 fork_posix.cc:71] Other threads are currently calling into gRPC, skipping fork() handlers
[92mINFO [0m:      Sent reply
[92mINFO [0m:      
[92mINFO [0m:      Received: evaluate message b032175c-c0f1-45b9-9754-67545f2c1357
I0626 01:31:10.862334   24294 fork_posix.cc:71] Other threads are currently calling into gRPC, skipping fork() handlers
I0626 01:31:10.907215     975 fork_posix.cc:71] Other threads are currently calling into gRPC, skipping fork() handlers
I0626 01:31:10.951882   24294 fork_posix.cc:71] Other threads are currently calling into gRPC, skipping fork() handlers
E0626 01:31:10.952990    1037 ev_epoll1_linux.cc:309] epoll_ctl failed: Bad file descriptor (9)
E0626 01:31:10.953045    1037 ev_epoll1_linux.cc:309] epoll_ctl failed: Bad file descriptor (9)
[92mINFO [0m:      Sent reply
[92mINFO [0m:      
[92mINFO [0m:      Received: train message 5b148251-4c7a-413c-bc47-7f87746de0b0
I0626 01:32:04.789904   24294 fork_posix.cc:71] Other threads are currently calling into gRPC, skipping fork() handlers
I0626 01:32:04.849119    1167 fork_posix.cc:71] Other threads are currently calling into gRPC, skipping fork() handlers
I0626 01:32:04.888207   24294 fork_posix.cc:71] Other threads are currently calling into gRPC, skipping fork() handlers
E0626 01:32:04.888354    1222 completion_queue.cc:800] Kick failed: UNKNOWN:eventfd_write: Bad file descriptor (9)
E0626 01:32:04.890185    1222 ev_epoll1_linux.cc:309] epoll_ctl failed: Bad file descriptor (9)
E0626 01:32:04.890207    1222 ev_epoll1_linux.cc:309] epoll_ctl failed: Bad file descriptor (9)
[92mINFO [0m:      Sent reply
[92mINFO [0m:      
[92mINFO [0m:      Received: evaluate message 1081d12d-88a2-4c4c-8104-4ccf960a1366
I0626 01:37:37.540652   24294 fork_posix.cc:71] Other threads are currently calling into gRPC, skipping fork() handlers
I0626 01:37:37.584374    1675 fork_posix.cc:71] Other threads are currently calling into gRPC, skipping fork() handlers
I0626 01:37:37.627608   24294 fork_posix.cc:71] Other threads are currently calling into gRPC, skipping fork() handlers
E0626 01:37:37.629798    1731 ev_epoll1_linux.cc:309] epoll_ctl failed: Bad file descriptor (9)
E0626 01:37:37.629899    1731 completion_queue.cc:800] Kick failed: UNKNOWN:eventfd_write: Bad file descriptor (9)
[92mINFO [0m:      Sent reply
[92mINFO [0m:      
[92mINFO [0m:      Received: reconnect message 33f99c4e-c878-426a-851e-80f8dea5cb32
[92mINFO [0m:      Disconnect and shut down
